SK_ID_BUREAU,MONTHS_BALANCE,STATUS
5005931,-91,X
5003819,-43,1
5008862,-33,0
5013621,-85,0
5010389,-20,C
5008949,-62,0
5007130,-59,C
5002834,-62,0
5014078,-49,0
5003718,-5,C
5010399,-51,1
5008948,-51,2
5013367,-75,0
5006992,-93,0
5005432,-4,C
5013772,-55,1
5010833,-63,C
5012244,-25,2
5012027,-43,C
5009582,-11,1
5011056,-9,C
5001316,-17,C
5012880,-12,0
5014168,-2,2
5005311,-87,0
5014379,-48,0
5007010,-24,C
5008393,-84,0
5009550,-61,C
5013745,-43,C
5000335,-93,C
5004597,-62,X
5009795,-5,2
5011478,-54,C
5000817,-12,0
5007838,-41,0
5013124,-68,0
5008363,-85,C
5011126,-75,C
5010341,-38,0
5005797,-30,C
5004261,-39,1
5014368,-89,0
5005363,-8,C
5001542,-92,2
5001961,0,0
5004000,-21,C
5004920,-28,C
5007678,-95,C
5006519,-2,0
5014131,-35,0
5004842,-76,C
5001261,-51,0
5006074,-68,0
5005455,-93,2
5009416,-80,0
5010660,-67,C
5010124,-10,0
5007476,-54,0
5014666,-52,2
5014112,-83,0
5012213,-59,C
5011810,-70,X
5000511,-52,C
5001938,-32,0
5010701,-81,C
5005386,-65,0
5003096,-30,0
5001623,-82,C
5013312,-26,C
5002321,-7,2
5002699,-14,0
5003579,-94,0
5014152,-88,0
5003214,-43,0
5003817,-23,C
5007987,-15,2
5006403,-55,0
5011944,-90,0
5003638,-10,C
5002443,-39,C
5002008,-38,0
5014116,-25,0
5002208,-16,0
5010914,-60,C
5012917,-78,X
5001025,-81,0
5008184,-76,1
5009391,-77,C
5005629,-9,0
5006743,-79,0
5013001,-27,0
5003116,-33,C
5002529,-43,C
5012933,-61,C
5009697,-71,0
5014966,-66,0
5012263,-57,C
5009822,-85,0
5001349,-68,C
5003365,-87,0
5009838,-72,X
5014931,-83,0
5011548,-46,C
5000281,-5,1
5010786,-11,C
5005025,-70,C
5012571,-34,C
5007576,-29,0
5009088,-27,C
5003138,-38,0
5007562,-3,0
5003717,-15,X
5007838,-80,1
5004300,-46,C
5004332,-30,2
5004497,-76,2
5007554,-37,0
5006809,-66,0
5003337,-4,0
5005102,-89,C
5004400,-47,C
5007940,-57,0
5010083,-43,C
5004604,-3,0
5000170,-39,0
5012717,-29,1
5009566,-57,0
5004746,-32,C
5011238,-86,0
5009119,-31,X
5011072,-8,1
5008426,-26,C
5014729,-72,0
5013972,-84,0
5011849,-21,C
5002953,-15,1
5006410,-33,0
5009797,-42,X
5008473,-23,0
5002845,-56,0
5007687,-53,C
5001074,-4,C
5009579,-64,1
5006599,-37,0
5008149,-9,1
5010036,-9,C
5008152,-76,C
5005620,-71,0
5007815,-93,C
5008482,-8,0
5008462,-6,C
5000065,-29,C
5000106,-37,2
5001372,-41,C
5006012,-35,1
5011623,-94,0
5009785,-6,2
5005616,-10,C
5010693,-91,0
5001055,-31,0
5011290,-51,0
5005476,-21,C
5009298,-50,0
5004227,-71,0
5014645,-42,C
5001493,-40,0
5010133,-33,0
5000206,-94,1
5004935,-75,C
5008645,-43,C
5014186,-77,0
5003410,-82,C
5012645,-14,C
5007952,-63,0
5000825,-66,0
5005645,-91,C
5009872,-86,0
5012647,-74,C
5010225,-13,0
5008610,-51,0
5004562,-6,C
5009730,-94,C
5001731,-12,1
5010228,-56,0
5006560,-31,0
5009098,-77,C
5002872,-74,C
5000140,-17,C
5004836,-88,C
5009622,-95,0
5012873,-93,1
5000371,-28,0
5012980,-64,0
5014749,-63,C
5006897,-53,0
5006173,-82,0
5000933,-64,0
5001781,-52,0
5013998,-31,0
5006766,-26,X
5004903,-53,1
5004841,-39,C
5010501,-10,2
5007725,-59,2
5004856,-88,C
5001521,-92,C
5001626,-83,0
5010389,-19,C
5012417,-19,1
5003233,-15,0
5008172,-52,C
5001777,-45,C
5008896,-94,0
5005357,-13,0
5000806,-1,0
5002132,-29,C
5012591,-4,C
5005661,-52,0
5013709,-95,0
5011858,-33,0
5011414,-44,0
5004883,-21,C
5004043,-88,C
5002910,-32,1
5009367,-57,0
5014391,-28,C
5003142,-49,2
5005479,-11,0
5008599,-88,0
5005355,-28,0
5011241,-16,0
5005316,-37,2
5014867,-42,0
5001059,-7,C
5004320,-28,C
5005340,-34,C
5014886,-12,1
5000274,-54,0
5005843,-31,1
5002148,-80,1
5007223,-73,0
5013535,-38,0
5011643,-47,0
5003592,-68,0
5001594,-18,0
5012592,-54,0
5001648,-22,C
5011989,-8,0
5003982,-41,0
5001349,-46,C
5011542,-1,0
5010345,-84,0
5009205,-89,2
5009509,-55,0
5013711,-66,0
5012940,-12,C
5007837,-13,C
5003071,-84,C
5012025,-49,0
5000289,-82,0
5002781,-5,0
5002656,-71,0
5000410,-74,C
5003566,-87,C
5011007,-30,0
5009258,-18,C
5005534,-23,1
5009634,-66,C
5005456,-68,0
5009111,-13,X
5001740,-81,0
5008141,-64,0
5002743,-22,1
5008769,-49,C
5006666,-11,C
5010749,-42,C
5000767,-23,1
5012605,-69,2
5002787,-46,0
5010052,-24,0
5006129,-94,C
5006536,-80,0
5009396,-1,0
5003345,-53,0
5006785,-43,1
5010133,-74,0
5002512,-62,2
5007042,-45,2
5003947,-28,C
5003108,-90,0
5008180,-1,C
5005662,-71,0
5002401,-26,2
5001877,-3,C
5000332,-64,0
5010239,-49,X
5009621,-74,2
5007757,-70,X
5011994,-30,C
5012852,-93,2
5012322,-43,C
5014190,-30,0
5007904,-84,0
5008409,-88,X
5011919,-81,0
5005690,-28,0
5003035,-48,X
5008014,-40,C
5006425,-89,C
5002592,-35,0
5008538,-39,0
5003000,-51,C
5000749,-73,0
5008059,-84,C
5005156,-73,C
5003882,-42,2
5004980,-19,C
5003843,-4,C
5012286,-26,1
5006992,-50,0
5007449,-23,C
5012055,-2,C
5003902,-51,1
5013986,-39,1
5000101,-30,C
5007152,-60,C
5009611,-49,C
5014207,0,C
5002280,-78,C
5014628,-28,C
5010732,-17,X
5005823,-2,0
5007372,-13,C
5005673,-9,0
5013971,-8,0
5012601,-26,0
5006539,-55,1
5010884,-34,1
5001083,-71,2
5000557,-32,C
5014204,-44,0
5006093,-47,C
5000518,-21,C
5005970,-29,1
5009979,-6,0
5009351,-13,0
5009567,-83,2
5005750,-33,0
5011159,-66,C
5007666,-15,0
5005982,-17,1
5007616,-52,C
5004420,-63,0
5009448,-9,C
5003248,-27,X
5004981,-10,C
5000606,-66,C
5014616,-10,C
5002013,-65,C
5007367,-7,C
5013584,-61,0
5000678,-34,C
5012880,-78,1
5004487,-57,C
5003851,-44,C
5001579,-93,C
5001133,-6,0
5005978,-2,C
5003924,-4,C
5006236,-5,C
5003259,-24,0
5001296,-93,0
5000993,-59,0
5010659,-64,0
5011124,0,0
5006708,-60,C
5007375,-90,0
5007044,-45,C
5006475,-7,0
5000364,-72,0
5008042,-52,1
5003875,-27,0
5003509,-19,0
5011586,-68,0
5008039,-50,0
5001630,-63,X
5011972,-26,C
5009149,-86,1
5012631,-72,X
5007476,-21,0
5007865,-28,0
5007962,-38,0
5011055,-40,C
5009435,-56,0
5001198,-67,C
5014772,-90,C
5001728,-19,X
5004554,-76,C
5013886,-69,0
5000181,-4,1
5001397,-47,0
5007597,-73,0
5013634,-74,1
5002918,-14,0
5000530,-63,0
5007716,-10,C
5014906,-22,C
5009258,-92,1
5008390,-86,C
5004760,-76,C
5013821,-9,2
5008633,-49,X
5014706,-17,0
5009342,-37,0
5010740,-84,C
5006802,-15,0
5011275,-54,C
5009793,-57,C
5000756,-62,0
5006311,-21,X
5014042,-53,C
5012886,-55,0
5005734,-12,C
5005071,-81,0
5012528,-42,C
5001555,-94,1
5005144,-49,C
5000158,-40,1
5005731,-92,C
5005893,-34,C
5010963,-30,C
5001396,-72,C
5007204,-3,0
5010322,-45,C
5001261,-54,C
5001194,-24,0
5014790,-67,C
5000738,-4,C
5001733,-37,C
5013205,-95,C
5012607,-43,0
5006401,-1,C
5001219,-24,C
5004872,-76,C
5014348,-21,X
5010276,-87,C
5007568,-56,X
5001172,-49,C
5000903,-50,0
5007609,-88,0
5011036,-69,0
5013235,-24,X
5011262,-49,C
5011678,-49,1
5010030,-8,C
5011169,-49,0
5014464,-36,0
5010171,-89,2
5001999,-68,C
5008637,-68,0
5012845,-35,0
5010879,-26,C
5002956,-27,0
5007755,-70,1
5005346,-84,0
5010059,-5,0
5010668,-10,X
5001061,-54,0
5002854,-43,C
5002776,-39,C
5008562,-13,2
5009511,-89,1
5008526,-35,C
5014629,-61,1
5008167,-83,0
5001536,-52,1
5000651,-28,1
5006065,-68,0
5011266,0,X
5013364,-56,C
5006975,-10,1
5012998,-78,0
5005307,-17,1
5011295,-52,1
5001514,-86,C
5002288,-14,1
5003027,-7,C
5007567,-95,C
5007526,-54,0
5004775,-45,C
5013950,-12,C
5006996,-79,1
5002185,-25,2
5007251,-57,0
5009636,-66,C
5002598,-20,2
5008950,-51,0
5007645,-35,0
5002780,-8,X
5012343,-80,C
5008320,-47,C
5004105,-72,C
5012466,-12,0
5007785,-12,C
5004144,-50,X
5010802,-3,C
5012439,-39,1
5010211,-85,0
5005784,-26,0
5013159,-67,X
5014400,-60,0
5013751,-89,C
5014294,-16,C
5007234,-57,0
5003626,-81,0
5013334,-82,0
5004025,-19,C
5001547,-73,1
5000917,-16,C
5012345,-43,1
5010600,-95,X
5013286,-44,0
5010136,-44,C
5005290,-69,1
5003967,-11,C
5002040,-51,C
5007855,-13,C
5010176,-49,C
5003145,-21,2
5000298,-50,C
5004699,-45,C
5013856,-39,C
5012864,-95,X
5009068,-43,C
5008403,-18,1
5001145,-79,0
5002131,-39,X
5014854,-24,0
5011346,-91,0
5003729,-64,C
5009167,-59,0
5001511,-76,0
5006859,-75,0
5004792,-11,0
5008989,-76,0
5003968,-7,0
5010300,-41,C
5003746,-55,0
5008895,-82,0
5012786,-10,C
5006681,-89,C
5002291,-26,0
5000238,-72,X
5001931,-2,C
5011239,-18,C
5009042,-64,1
5005697,-61,C
5008029,-93,0
5008156,-8,0
5010379,-77,0
5012821,-82,C
5000471,-11,0
5014403,-76,0
5014521,-29,0
5001583,-83,X
5002229,-78,C
5014235,-47,C
5004487,-3,0
5002262,-14,C
5001622,-3,C
5013793,-11,1
5001062,-10,0
5013354,-15,0
5006149,-89,0
5006132,-75,0
5012789,-38,C
5000663,-58,C
5009869,-54,1
5003859,-10,2
5003608,-33,X
5002497,-86,C
5011100,0,C
5013168,-41,C
5006564,-7,C
5011118,-21,0
5008039,-78,0
5004615,-47,C
5002500,-4,2
5013273,-51,0
5009862,-14,0
5008593,-25,C
5002488,-13,C
5000744,-52,1
5007024,-8,C
5003329,-47,1
5014556,-60,X
5005143,-4,0
5002585,-58,C
5008361,-43,0
5014474,-65,1
5006160,-77,0
5007724,-71,C
5002725,-46,2
5000724,-2,0
5007996,-85,C
5014558,-64,C
5001352,-76,C
5007052,-5,2
5014019,-25,C
5000876,-23,C
5001932,-21,0
5013490,-35,C
5010721,-25,0
5008372,-86,2
5002995,-52,C
5014571,-35,C
5002114,-28,0
5008864,-62,C
5008681,-72,1
5002938,-76,C
5013341,-86,2
5008258,-95,C
5010364,-7,C
5008954,-5,C
5001645,-9,0
5004130,-60,C
5010938,-83,0
5012364,-69,C
5001560,-72,C
5010592,-81,C
5007698,-86,X
5006520,-7,0
5014041,-25,0
5008698,-19,0
5010931,-65,1
5001371,-35,1
5013922,-33,1
5007917,-23,0
5010061,-63,0
5013087,-24,C
5003970,-41,0
5002653,-89,C
5002102,-60,0
5009854,-83,0
5004973,0,0
5001186,-31,0
5014700,-71,C
5008286,-52,1
5004759,0,C
5002104,-18,0
5000026,-8,C
5010176,-65,C
5002448,-11,C
5001077,-13,0
5014464,-57,0
5011908,-66,2
5006654,-28,C
5009416,-70,C
5010999,-78,C
5014396,-26,C
5008270,-90,C
5013012,-91,C
5005403,0,C
5014090,-44,0
5012902,-3,1
5007186,-95,C
5014185,-58,2
5010506,-65,0
5000897,-90,X
5006830,-83,C
5013955,-91,C
5004588,-92,C
5003462,-10,0
5014718,-93,0
5013960,-4,C
5008149,-93,X
5007576,-83,0
5013374,-76,1
5000218,-67,0
5004380,-29,0
5004302,-91,C
5008255,-67,0
5014341,-47,C
5013282,-5,C
5011890,-82,1
5008832,-6,C
5001962,-49,X
5013424,-51,C
5009045,-38,C
5014885,-30,0
5002254,-54,0
5007893,-47,C
5004532,-19,0
5012938,-13,C
5007618,-32,C
5008696,-33,0
5006944,-85,C
5012878,-88,C
5001638,-43,0
5002578,-50,C
5011636,-45,0
5012632,-79,1
5003328,-94,0
5005681,-14,C
5008650,-46,C
5010459,-7,2
5009289,-1,C
5006024,-5,C
5014497,-3,0
5000422,-71,C
5010169,-22,C
5000800,-14,0
5013347,-8,C
5008045,-74,C
5005899,-80,C
5005061,-30,C
5010221,-88,0
5012352,-82,0
5010580,-22,1
5006079,-72,0
5013073,-69,1
5001668,-16,1
5007892,-24,1
5003204,-42,C
5003570,-27,C
5011343,-72,0
5014837,-59,C
5012598,-95,1
5009751,-24,C
5005732,-13,1
5014410,-79,C
5012190,-92,0
5006141,-67,1
5000373,-84,0
5013678,-65,X
5012150,-16,0
5005875,-8,C
5013217,-53,2
5010609,-44,0
5003880,-20,X
5008044,-78,0
5009778,-48,C
5003401,-81,0
5013371,-3,C
5000385,-89,0
5012112,-56,0
5014316,-17,0
5003619,-63,1
5000874,-60,0
5001855,-49,0
5001963,-70,C
5012234,-82,0
5013316,-71,0
5011857,-73,0
5014414,-10,X
5005174,-88,0
5007801,-2,C
5011895,-51,0
5014619,-39,C
5003341,-64,C
5007376,-19,C
5006381,-8,C
5009812,-52,C
5009039,-56,1
5011611,-47,2
5001126,-54,C
5011674,-7,C
5011912,-91,0
5004011,-44,0
5005209,-61,0
5014408,-2,0
5008391,-88,0
5014996,-61,C
5002040,-87,0
5003126,-16,C
5014950,-83,0
5004039,-84,C
5003146,-3,C
5000659,-48,0
5004775,-46,C
5002778,-49,C
5003244,-19,C
5006265,-87,0
5004858,-21,C
5008250,-57,C
5001327,-51,0
5004809,-58,0
5000572,-20,0
5005674,-33,X
5011147,-83,0
5000033,-61,0
5008827,-88,C
5002963,-39,C
5004246,-63,1
5007086,-12,0
5004540,-65,2
5001742,-46,C
5014228,-44,0
5006289,-1,X
5001144,-90,0
5011638,-57,C
5004332,-83,C
5012394,-12,1
5011600,-33,C
5004894,-28,1
5005791,-87,C
5004232,-90,C
5007368,-12,0
5009354,-52,1
5009447,-11,1
5001100,-81,0
5007009,-82,0
5013757,-82,2
5001243,-54,C
5007390,-79,C
5012592,-77,0
5008960,-73,C
5012684,-23,C
5013562,-69,C
5004405,-29,X
5004455,-85,C
5002631,-80,C
5008818,-42,0
5005378,-27,C
5006363,-78,0
5014315,-79,C
5000713,-66,0
5000048,-4,0
5002386,-91,C
5012526,-4,C
5005147,-35,0
5009970,-49,0
5010012,-36,C
5003231,-84,C
5000766,-32,1
5008422,-4,X
5011458,-83,C
5010880,-60,C
5006860,-85,C
5001854,-73,2
5006246,-91,X
5010938,-59,0
5001635,-65,C
5006179,-76,0
5009706,-90,X
5011366,-55,0
5013675,-56,C
5003008,-75,C
5006800,-37,0
5007722,-7,0
5000295,-70,0
5005403,-11,0
5012562,-79,2
5005415,-32,C
5005214,-8,C
5011267,-34,0
5013726,-92,C
5004561,-63,C
5013255,-76,C
5009845,-56,C
5009491,-49,C
5014444,0,0
5007518,-65,0
5010472,-4,0
5006675,-12,C
5001265,-71,0
5010107,-48,0
5005256,-77,X
5010877,-60,0
5004419,-24,C
5009882,-69,0
5009675,-80,0
5013715,-29,0
5005182,-51,0
5012855,-2,C
5003179,-17,C
5002137,-60,0
5012817,-44,C
5002550,-11,X
5010476,-88,C
5007135,-7,1
5012582,-63,C
5008847,-19,0
5009340,-59,0
5014252,-16,C
5003660,-40,X
5003181,-31,0
5006273,-31,C
5001735,-76,0
5004180,-75,0
5001078,-63,1
5014643,-77,C
5012719,-31,X
5010999,-88,1
5014978,-37,C
5014327,-9,0
5001234,-68,0
5013966,-70,C
5007116,-1,0
5003745,-82,C
5000735,-26,C
5012708,-21,C
5002192,-69,1
5003647,-20,0
5002688,-8,X
5009386,-25,0
5010663,-9,0
5007493,-28,C
5000671,-86,X
5014766,-62,0
5010771,0,C
5012140,-49,0
5014111,-3,C
5007457,-32,0
5011838,-36,0
5013806,-71,1
5014174,-56,1
5006466,-17,C
5011040,-30,0
5006885,-43,2
5013914,-80,0
5003785,-12,1
5003080,-74,C
5011644,-90,C
5000173,-15,0
5014470,-95,2
5009996,-54,C
5007444,-7,0
5005007,-64,0
5004879,-46,C
5013737,-6,0
5012324,-87,C
5014853,-88,X
5002922,-27,2
5010158,-77,C
5003595,-90,0
5006315,-40,0
5006634,-33,C
5012392,-77,0
5006889,-37,2
5012672,-70,C
5011906,-78,0
5009718,-60,0
5007779,-36,0
5009528,-15,C
5005383,-86,0
5014046,-12,C
5002269,-92,C
5011737,-19,0
5010787,-83,0
5012954,-29,C
5010035,-52,0
5003503,-25,C
5008387,-53,C
5013034,-22,C
5007701,-32,0
5001307,-53,C
5010195,-36,2
5012989,-69,0
5014653,-42,0
5009684,-46,C
5007875,-8,0
5012207,-26,C
5001892,-29,0
5011342,-29,C
5009482,-15,C
5011320,-90,C
5010010,-33,C
5004046,-11,1
5009070,-35,C
5006908,-65,C
5009585,-90,C
5009371,-78,C
5001520,-52,0
5004752,-15,0
5011477,-51,1
5010911,-86,0
5014171,-82,C
5006121,-70,0
5014548,-78,1
5003620,-7,0
5004844,-8,C
5004565,-54,0
5013271,-65,C
5007872,-75,2
5003362,-76,0
5003167,-27,C
5010931,-84,X
5013213,-81,C
5000803,-55,0
5011880,-56,1
5006321,-10,C
5005915,-40,0
5004505,-18,0
5000110,-47,1
5011478,-75,C
5014935,-48,C
5003274,-82,X
5003621,-20,0
5007632,-20,0
5009504,-77,C
5002934,-3,0
5003674,-69,0
5002919,-62,0
5001319,-95,1
5004200,-68,C
5012868,-9,0
5004478,-80,0
5012397,-30,0
5001419,-31,0
5014606,-81,X
5010207,-32,C
5012552,-14,0
5011643,-29,0
5011853,-30,C
5011093,-71,C
5013272,-61,0
5007415,-82,C
5010437,-69,0
5013049,-14,0
5003915,-77,1
5012055,-10,0
5007198,0,0
5000707,-5,X
5009755,-53,0
5007391,-44,1
5008136,-59,0
5013431,-92,0
5011923,-20,1
5001430,-68,1
5013518,-48,C
5001505,-1,0
5010966,-45,0
5010096,-92,C
5005480,-36,0
5007527,-22,1
5006824,-52,C
5001876,-71,2
5001015,-71,0
5004898,-89,0
5000995,-6,C
5000908,-86,0
5005637,-12,0
5002179,-44,0
5013909,-34,0
5009244,-26,0
5010690,-50,1
5007127,-78,1
5008950,-42,X
5000687,-86,C
5008962,-37,0
5008438,-81,C
5009660,-64,C
5001672,-21,0
5012365,-36,0
5003172,-69,1
5007858,-39,0
5004457,-6,C
5008315,0,1
5008081,-94,C
5001157,-61,C
5009639,-47,0
5001121,-36,0
5002557,-71,2
5005366,-41,C
5004913,-77,0
5005803,-91,C
5014493,-15,0
5003605,-78,C
5001709,-79,1
5006701,-38,0
5007354,-18,X
5003427,-94,0
5002167,-55,C
5014410,-22,0
5009258,-43,C
5012757,-91,0
5005883,-94,2
5003786,-54,C
5008883,-14,0
5013380,-61,C
5003797,-77,1
5002320,-88,X
5003385,-89,0
5008859,-40,C
5012000,-94,C
5010747,-39,1
5001974,-57,2
5014031,-23,C
5013537,-8,0
5012133,-79,0
5008125,-45,0
5012343,-68,0
5007775,-67,1
5003520,-62,0
5010727,-77,0
5001714,-70,0
5003921,-29,C
5008883,-49,C
5012622,-63,0
5000086,-9,1
5005797,-22,C
5010857,-5,0
5006123,-25,1
5013313,-76,1
5005143,-53,1
5009301,-85,X
5000438,-5,C
5012848,-70,0
5011944,-29,C
5008716,-81,0
5004581,-37,C
5010544,-83,X
5012372,-72,1
5009006,-7,0
5012011,-20,0
5006768,-82,C
5012179,-6,1
5005461,-43,C
5005537,-88,C
5011458,-37,0
5005642,-74,C
5000428,-32,C
5005424,-93,1
5013218,-34,C
5011635,-86,0
5011084,-8,C
5002804,-15,0
5010222,-22,C
5009670,-85,0
5012121,-28,C
5003167,-73,C
5009062,-82,0
5010426,-7,1
5009292,-42,C
5009471,-91,C
5005613,-89,C
5008057,-39,2
5010482,-11,0
5003868,-12,2
5008778,-71,0
5006034,-27,C
5010839,-58,0
5004704,-92,0
5007364,-78,C
5012507,-83,C
5005336,-89,0
5005447,-13,0
5009314,-23,C
5009944,-48,2
5013718,-78,0
5003743,-94,0
5012425,-81,0
5012880,-76,C
5012344,-89,0
5000957,-78,C
5011100,-30,C
5009803,-25,C
5000498,-49,0
5007896,-3,C
5012513,-55,C
5003899,-38,2
5003406,-65,0
5014187,-63,C
5010769,-57,0
5011804,-2,C
5010683,-15,0
5005618,-66,0
5001892,-91,C
5014336,-95,0
5013572,-9,C
5003892,-60,1
5012352,-86,0
5002381,-61,0
5009744,-95,X
5008480,-71,0
5001030,-28,C
5005499,-63,0
5008015,-3,0
5009464,-75,0
5011747,-49,C
5006930,-26,X
5008993,-9,0
5008443,-34,X
5000555,-95,0
5014196,-58,1
5013791,-76,1
5006678,-51,1
5003826,-51,1
5011696,-79,0
5005173,-60,C
5009550,-11,0
5003046,-48,C
5013907,-50,C
5003568,-14,0
5014234,-29,C
5002605,-26,0
5001827,-28,X
5011137,-1,0
5010704,-44,2
5005704,-26,C
5000249,-56,1
5002859,-89,0
5005937,-46,0
5010876,-55,C
5001117,-44,1
5011226,-72,1
5005103,-25,C
5000254,-37,0
5014116,-18,0
5013468,-53,0
5009411,-60,0
5014441,-61,1
5011080,-51,C
5013850,-39,0
5006860,-48,0
5007541,-92,0
5004628,0,0
5010516,-72,C
5007314,-54,X
5011254,-30,0
5010433,-76,C
5000025,-74,0
5011795,-83,C
5002268,-72,C
5008627,-53,C
5007757,-92,C
5009565,-56,0
5000671,-14,0
5014259,-66,0
5012239,-53,C
5012154,-42,1
5004925,-16,1
5008244,-15,C
5000369,-88,C
5005246,-68,0
5005869,-18,C
5009301,-80,C
5011854,-32,0
5003143,-40,X
5013368,-60,0
5000029,-55,2
5000145,-8,1
5011971,-37,C
5011267,-40,0
5003442,-53,1
5005269,-8,0
5002803,0,X
5006666,-62,C
5007408,-74,C
5001244,-27,C
5002678,-64,C
5006361,-5,0
5011394,-37,C
5013521,-87,2
5002223,-40,C
5008368,-90,C
5002268,-53,C
5007397,-32,C
5006590,-65,1
5003057,-9,1
5000503,-71,0
5007040,-46,X
5010517,-61,C
5004720,-12,2
5014416,-4,C
5010645,-72,C
5003752,-12,0
5002743,-27,0
5010302,-64,2
5001098,-29,C
5003285,-28,C
5010993,-63,1
5009257,-33,1
5012542,-43,0
5010095,-43,1
5004372,-63,0
5000126,-39,C
5014853,-34,C
5009907,-36,C
5013840,-17,0
5010981,-72,C
5013009,-37,0
5006515,-77,0
5004550,-17,C
5011895,-58,C
5008140,-34,C
5013854,-67,1
5003637,-75,C
5004136,-31,C
5000747,-47,0
5002221,-17,C
5004061,-62,C
5008264,-21,X
5004934,-83,0
5002150,-9,C
5014929,-61,0
5006789,-41,C
5000480,-52,0
5000765,-10,C
5009806,-43,0
5013848,-9,0
5012094,-41,0
5011132,-58,C
5000196,-29,0
5009951,-41,0
5009488,-87,0
5010714,-5,C
5010421,-42,C
5008644,-91,1
5000387,-19,C
5008993,-80,0
5001226,-16,C
5000765,-80,0
5002715,-33,1
5000624,-39,C
5006250,-40,0
5009605,-73,X
5013823,-37,0
5001070,-80,C
5010946,-28,0
5002743,-9,2
5003538,-68,C
5009804,-54,C
5001175,-62,C
5014982,-14,0
5008891,-2,0
5001028,-17,0
5011058,-40,C
5001154,-79,0
5012683,-47,C
5008995,-76,C
5011147,-64,C
5010108,-86,0
5008747,-46,1
5001685,-78,C
5013898,-18,C
5004019,-49,C
5009464,-73,1
5011714,-89,1
5013445,-43,C
5011080,-85,C
5004146,-55,0
5006095,-46,0
5013003,-7,X
5012476,-76,0
5007530,-45,1
5004478,-42,C
5012935,-53,0
5013283,-2,0
5010660,-84,C
5009860,-12,0
5007661,-49,0
5013487,-27,C
5009033,-41,C
5013936,-19,0
5003088,-84,C
5003356,-36,C
5007758,-70,C
5006438,-24,0
5013478,-2,C
5002952,-12,C
5005528,-70,0
5009926,-93,C
5002912,-60,C
5003940,-26,0
5005427,-13,0
5001685,-52,X
5011955,-6,0
5011823,-37,0
5000204,-38,C
5008145,-8,2
5009818,-55,C
5007288,-95,0
5002909,-51,C
5001226,-26,0
5000722,-36,C
5008240,-41,X
5002009,-34,0
5009519,-52,C
5004791,-64,0
5006205,-66,0
5013435,-63,C
5001173,-34,0
5006001,-4,0
5003351,-40,C
5010073,-37,C
5007762,-83,0
5011994,-3,C
5002832,-11,C
5006531,-53,C
5012828,-14,0
5007189,-17,0
5003587,-38,0
5003859,-32,C
5012547,-92,0
5009982,-63,0
5000663,-21,0
5001148,-47,1
5007795,-32,0
5002582,-33,0
5009537,-50,X
5010044,-38,0
5005788,-47,C
5005018,-76,C
5009232,-91,0
5001359,-6,2
5013110,-55,C
5008594,-51,X
5007579,-59,0
5006384,-53,0
5004401,-31,1
5006068,-48,C
5003478,-32,2
5006528,-8,0
5009445,-72,C
5012533,-68,0
5009834,-63,0
5012928,-78,X
5005539,-8,0
5010287,-85,1
5005766,-65,C
5009900,-41,0
5001675,-70,0
5000529,-86,2
5008976,-40,C
5012110,-29,2
5004559,-18,C
5004669,-85,1
5010462,-34,0
5004398,-54,C
5009366,-27,C
5005030,-78,C
5001018,-59,0
5009691,-48,C
5008864,-77,0
5008003,-31,C
5002618,-70,C
5000312,-38,1
5008609,-7,0
5009861,-87,0
5007457,-24,C
5010726,-60,0
5013787,-37,2
5007341,-74,0
5009707,-80,C
5013519,-95,0
5002530,-46,C
5010943,-85,C
5000430,-22,C
5007352,-20,X
5001922,-46,0
5007142,-21,0
5008809,-14,1
5012917,-95,0
5006011,-27,C
5013033,-18,0
5008067,-49,C
5013142,-56,0
5013025,-61,1
5003903,-58,C
5002536,-7,2
5004546,-73,0
5008909,-49,C
5012159,-69,C
5013526,-56,0
5000658,-93,0
5008730,-65,0
5012589,-48,2
5008374,-53,0
5014593,-23,X
5013965,-79,0
5002378,-47,C
5005120,-27,C
5008099,-60,C
5012245,-78,0
5007858,-39,0
5008008,-24,0
5002643,-55,C
5001293,-14,0
5012938,-85,X
5013044,-84,0
5011275,-74,C
5009555,-65,C
5007586,-43,0
5010529,-19,C
5000502,-24,1
5003049,-19,C
5004037,-59,C
5004682,-87,C
5000970,-31,0
5003698,-17,C
5007547,-1,0
5003643,-24,C
5005346,-72,X
5001749,-9,1
5001095,-75,C
5006388,-30,C
5013230,-28,0
5013920,-9,C
5002446,-72,C
5014732,-63,2
5008474,-55,C
5002926,-59,C
5007356,-33,0
5010685,-60,0
5007287,-94,0
5014791,-86,C
5006429,-78,0
5006091,-45,C
5006936,-56,C
5011104,-72,C
5007056,-19,0
5007696,-52,X
5013611,-13,0
5006729,-82,0
5013230,-9,C
5003153,-35,C
5012408,-16,C
5006187,-25,C
5002031,-74,0
5008091,-94,0
5010365,-49,0
5007978,-71,C
5014002,-54,0
5001689,-74,C
5014886,-7,C
5011339,-94,0
5008355,-47,C
5005544,-43,C
5002101,-72,C
5006741,-9,C
5004131,-19,C
5001363,-11,X
5009543,-45,2
5003363,-71,0
5014503,-3,1
5013904,-44,0
5000770,-75,0
5001286,-65,C
5004631,-27,0
5013941,-59,0
5012419,-61,0
5009227,-47,C
5008970,-47,C
5007862,-69,0
5013120,-92,C
5008258,-86,0
5007870,-4,C
5008073,-59,0
5006957,-91,C
5005715,-93,C
5002143,-59,1
5009042,-75,C
5007097,-21,C
5007193,-60,C
5005460,-78,2
5000576,-42,C
5014869,-76,0
5006793,-1,1
5006904,-25,C
5006906,-84,X
5006666,-81,C
5007246,-44,2
5008032,-48,C
5009749,-61,C
5001579,0,0
5011498,-6,C
5004429,-30,0
5009578,-16,C
5013570,-82,C
5014099,-71,C
5011022,-89,C
5000433,-65,0
5002050,-76,1
5008500,-85,2
5004163,-52,C
5002377,-44,0
5011776,-69,C
5014422,-92,0
5005077,-82,C
5002363,-62,0
5010993,-47,0
5008455,-27,0
5007521,-52,C
5008439,-70,X
5006151,-43,C
5010309,-16,C
5008440,-35,C
5012030,-75,0
5008490,0,0
5004211,-6,X
5012022,-87,C
5012239,-74,X
5004622,-1,2
5011075,-40,1
5003363,-54,C
5005800,-57,C
5011935,-33,1
5013663,-17,C
5001542,-4,0
5001258,-83,C
5004423,-4,C
5014761,-61,2
5013548,-9,C
5011792,-34,0
5013887,-45,C
5008837,-36,0
5012072,-95,C
5009623,-35,0
5014546,-29,C
5007588,-54,C
5014852,-67,X
5009083,-9,C
5002859,-51,C
5004393,-24,0
5000617,-50,2
5014696,-73,0
5011261,-4,1
5001753,-85,0
5010787,-18,C
5000602,-84,0
5012291,-83,0
5003546,-94,0
5004747,-21,C
5002441,-53,C
5001861,-63,C
5003614,-27,1
5002672,-10,2
5000153,-32,0
5006357,-18,C
5007074,-54,0
5002516,-72,1
5003882,-41,0
5011704,-14,C
5003166,-73,C
5014441,-30,C
5013382,-46,0
5001198,-31,C
5007883,-82,C
5010882,-31,C
5005319,-73,C
5012914,-42,0
5006561,-61,C
5005421,-5,C
5002316,-48,2
5001113,-27,2
5002984,-32,0
5005483,-28,C
5013996,-72,C
5013417,-32,C
5006742,-72,0
5003300,-11,2
5004489,-92,C
5014581,-32,0
5010076,-63,0
5001544,-91,0
5000126,-70,X
5004656,-78,C
5002659,-77,C
5010667,-92,1
5003918,-37,0
5006414,-29,0
5000604,-48,C
5014661,-90,C
5011856,-27,X
5009189,-3,1
5004179,-48,0
5008425,-34,C
5012627,-18,0
5001265,-44,0
5012658,-75,0
5005683,-36,0
5004710,-41,C
5012764,-11,0
5011827,-38,1
5006585,-73,C
5005084,-1,0
5007440,-28,C
5011861,-25,0
5012702,-41,0
5001394,-2,0
5003941,-13,0
5002717,-85,2
5011543,-35,2
5011192,-55,0
5014739,-55,1
5013573,-3,0
5001307,-50,2
5013201,-46,2
5008984,-72,C
5001674,-14,X
5006171,-20,C
5007464,-36,C
5002776,-32,2
5002792,-16,2
5013948,-57,0
5007254,-45,0
5008174,-87,C
5012138,-31,C
5013329,-46,1
5010810,-12,C
5010046,-80,1
5007012,-18,2
5010710,-60,C
5009186,-36,2
5012200,-81,C
5002689,-31,0
5005869,-9,0
5001288,-61,0
5003251,-59,C
5007308,-71,C
5004844,-70,C
5004582,-24,C
5008733,-25,0
5010264,-83,0
5008346,-93,0
5012591,-28,C
5012128,-80,0
5007157,-41,C
5008718,-37,C
5002929,-85,0
5007697,-14,0
5003947,-42,C
5012588,-26,C
5012582,-32,0
5003845,-87,C
5000793,-21,0
5008027,-55,X
5002264,-74,0
5001721,-79,0
5013009,-21,C
5004952,-10,2
5004339,-17,C
5008985,-29,C
5009042,-42,0
5009605,-31,C
5006215,-8,C
5006004,-42,C
5001871,-71,X
5011375,-34,0
5000172,-79,C
5013465,-51,1
5004985,-17,C
5013519,-14,0
5004991,-78,C
5006429,-56,0
5005468,-11,1
5002461,-4,0
5008513,-58,C
5012345,-75,C
5005154,-6,C
5003265,-82,C
5000140,-3,C
5004278,-41,0
5001440,-16,1
5002812,-3,C
5001860,-2,0
5011131,-34,0
5010527,-38,1
5001698,-35,C
5009650,-63,X
5009656,-68,C
5002329,-36,C
5006394,-18,0
5002525,-38,X
5011660,-87,C
5005877,-14,C
5008300,-52,C
5010724,-58,C
5003095,-20,C
5002017,-42,0
5009385,-11,0
5003896,-11,C
5001962,-65,C
5012498,-62,C
5009880,-6,0
5012118,-35,C
5001952,-78,C
5009861,-60,C
5014299,-50,0
5004441,-70,C
5007362,-30,0
5010142,-40,X
5013925,-49,0
5013645,-6,1
5007449,-35,0
5013606,-82,C
5007392,-57,X
5003959,-82,0
5006389,-7,C
5005344,-29,C
5006752,-63,C
5004191,-32,0
5014076,-78,2
5009498,-46,0
5009121,-91,0
5001846,-18,C
5010393,-82,0
5014920,-34,0
5005051,-23,C
5003545,-80,0
5000232,-73,1
5014657,-67,C
5004160,-47,C
5009935,-84,0
5000891,-63,0
5009979,-45,C
5010758,0,0
5008001,-70,C
5006872,-50,0
5005429,-29,C
5010438,-14,1
5008804,-94,0
5004766,-85,0
5000862,-29,C
5001664,-59,C
5004395,-92,0
5008527,-26,0
5011400,-41,0
5010636,-70,0
5008153,-21,C
5008553,-8,2
5004576,-89,0
5014837,-77,C
5006567,-38,C
5003467,-75,0
5008479,-79,1
5014564,-83,C
5013084,-32,C
5000923,-20,0
5002665,-56,C
5001647,-57,C
5007332,-76,C
5006034,-79,X
5007042,-27,1
5009547,-94,0
5001773,-63,0
5000545,0,C
5012539,-94,C
5003250,-16,C
5007128,-52,0
5011619,-27,C
5008666,-2,0
5001514,-63,0
5013375,-88,C
5014080,-61,C
5003300,-15,2
5005014,-73,X
5007732,-24,0
5009640,-59,1
5011970,-28,2
5001767,-57,C
5002105,-66,0
5008442,-24,C
5004542,-26,C
5009419,-94,0
5005771,-38,0
5004197,-10,C
5007564,-93,C
5001669,-39,C
5009752,-57,0
5001408,-94,X
5013414,-73,C
5010380,-63,0
5001957,-21,2
5004335,-77,0
5000359,-72,0
5009681,-21,C
5002796,-87,0
5007202,-33,C
5006367,-5,0
5004032,-8,C
5013532,-33,0
5009112,-74,C
5010082,-7,C
5011788,-69,0
5000604,-10,C
5007932,-72,0
5003565,-21,C
5011659,-77,2
5000376,-89,C
5001851,-94,1
5011783,-26,X
5011435,-50,1
5011365,-21,C
5000691,-20,C
5010265,-90,C
5013511,-2,0
5010308,-86,C
5013466,-48,0
5013610,-36,0
5004744,-43,0
5010958,-73,C
5003405,-49,0
5000939,-77,C
5011324,-85,0
5005226,-20,0
5008288,-82,C
5003097,-93,0
5007570,-81,C
5010361,-52,C
5003648,-64,0
5003731,-87,C
5014640,-16,2
5007292,-64,C
5005758,-23,0
5014685,-85,C
5009514,-8,0
5006954,-67,C
5007215,-25,1
5006337,-41,0
5000059,-31,0
5013332,0,0
5007321,-89,X
5012206,-45,C
5003218,-49,C
5000832,-60,C
5005408,-44,0
5012818,-42,0
5008769,-59,0
5003676,-22,C
5006342,-17,2
5013190,-34,C
5001649,-35,1
5007193,-24,C
5010595,-17,0
5003622,-26,C
5008852,-52,C
5006300,-34,0
5007353,-32,0
5001413,-84,C
5013611,-26,0
5007558,-38,0
5002685,-87,0
5004030,-26,0
5010133,-65,0
5009085,-38,2
5001793,-9,0
5006462,-15,C
5000440,-27,0
5010092,-59,0
5007580,-43,0
5007928,-35,0
5006585,0,0
5006844,-68,0
5014204,-7,C
5012632,-49,2
5005157,-79,C
5003449,-14,C
5008354,-25,0
5005467,-86,0
5012838,-92,0
5007753,-28,C
5005651,-75,2
5007356,-53,0
5009238,-36,C
5010926,-68,C
5011560,-91,0
5000309,-93,0
5002921,-15,X
5001380,-32,C
5012021,-14,C
5010872,-64,0
5012015,-24,0
5004478,-62,C
5013138,-42,C
5014827,-24,0
5012870,-94,C
5007421,-55,2
5011605,-66,0
5013671,-84,C
5007774,-86,0
5010185,-78,C
5008906,-68,C
5005915,-20,0
5008978,-9,2
5001306,-80,C
5001713,-15,0
5003228,-23,1
5004351,-14,C
5001843,-90,X
5014224,-14,C
5011878,-78,C
5014635,0,0
5002281,-70,0
5009094,-4,C
5006748,-56,0
5014546,-20,0
5008576,-9,0
5011898,-4,C
5001483,-34,0
5011146,-25,0
5008769,-81,0
5014500,-81,C
5002637,-66,0
5008518,-11,C
5010363,-74,0
5002058,-21,0
5010398,-74,0
5010064,-45,0
5006582,-68,C
5010416,-44,0
5002910,-55,0
5012755,-61,0
5005718,-45,C
5012931,-13,C
5007965,-19,C
5001828,-10,0
5013735,-54,C
5002871,-9,C
5013958,-77,C
5012187,-3,2
5005639,-4,C
5013890,-13,C
5006064,-11,1
5010000,-13,0
5006225,-9,0
5002310,-37,C
5009909,-9,0
5000981,-63,0
5000211,-10,0
5004505,-50,0
5008418,-69,2
5008981,-1,0
5010484,-56,C
5011270,-5,C
5013378,-90,1
5012583,-1,2
5012987,-80,0
5002707,-56,C
5007985,-93,C
5011424,-39,0
5001938,-2,0
5011142,-36,C
5001534,-27,1
5007423,-88,0
5007162,-45,C
5003100,-13,0
5012453,-3,C
5012255,-51,0
5003742,-95,C
5011182,-82,0
5009642,-2,0
5011836,-78,C
5002291,-56,C
5008141,-21,2
5009276,-39,C
5005993,-15,0
5009658,-41,C
5007063,-22,X
5012930,-47,0
5003519,-35,2
5005446,-85,0
5008272,-36,C
5009125,-81,0
5000654,-2,X
5014591,-36,C
5014382,-9,C
5011264,-39,C
5002326,-8,0
5013751,-48,C
5009305,-54,C
5008381,-41,C
5011998,-57,0
5004681,-34,0
5014058,-69,0
5014093,-30,C
5005397,-65,C
5006033,-55,C
5006516,-45,1
5006443,-44,0
5008631,-39,2
5011285,-21,0
5000305,-19,0
5011003,-17,X
5014168,-42,C
5013063,-34,0
5014745,-69,C
5001748,-86,0
5004474,-94,2
5005462,-37,C
5007498,-12,0
5005323,-16,0
5011025,-78,0
5013748,-59,0
5001563,-78,0
5005243,-64,X
5012240,-76,0
5002594,-33,0
5002469,-42,0
5001508,-65,0
5002964,-53,C
5014371,-18,C
5006323,-41,2
5000773,-78,X
5007422,-71,0
5005047,-72,C
5002641,-38,0
5005396,-40,0
5003179,-43,0
5008198,-70,C
5002012,-41,C
5003283,-56,0
5014305,-61,0
5002101,-46,0
5000766,-1,C
5008517,-38,0
5003114,-24,C
5001234,-61,0
5000022,-50,2
5008120,-91,X
5005188,-64,X
5003705,-49,C
5013892,-46,1
5010513,-87,0
5001910,-47,0
5004038,-57,C
5000666,-89,0
5003584,-57,C
5007696,-5,C
5012401,-91,C
5014582,-33,0
5009564,-88,0
5003971,-94,0
5002948,-51,0
5012794,-38,C
5008234,0,0
5014166,-81,1
5000715,-39,0
5004690,-70,1
5008095,-18,X
5012276,-4,0
5002285,-26,0
5008434,-43,0
5002740,-12,0
5009541,-46,C
5014852,-95,C
5001877,-90,0
5003899,-2,2
5011664,-46,C
5010459,-62,0
5012979,-11,C
5008806,-78,0
5013734,0,0
5012053,-43,X
5010872,-44,0
5000472,-79,0
5003646,-94,2
5004869,-73,0
5000818,-38,X
5009240,-8,C
5014757,-56,0
5005139,-41,0
5014703,-44,0
5001201,-18,C
5013225,-68,C
5000766,-84,C
5007650,-14,0
5008851,-63,1
5001403,-1,C
5002006,-40,0
5002862,-65,C
5008582,-55,0
5007244,-65,0
5003883,-80,0
5003339,-3,C
5007416,-65,0
5008299,-35,C
5008917,-4,X
5003469,-38,0
5003230,-75,0
5010788,-13,C
5009724,-65,C
5010002,-47,0
5013993,-37,0
5003026,-81,2
5011116,-86,1
5011558,-9,0
5000079,-94,C
5001114,-28,C
5008587,-10,C
5002595,-21,0
5002848,-38,X
5010466,-20,0
5005999,-54,C
5008341,-81,C
5010037,-40,C
5007799,-9,2
5006130,-35,C
5007305,-30,0
5002948,-11,C
5007816,-75,C
5002771,-46,C
5007153,-23,C
5003538,-59,C
5008483,0,C
5003433,-44,0
5012828,-73,0
5007910,-67,X
5006930,-82,0
5000565,-5,0
5004219,-83,0
5013467,-57,0
5000688,-48,C
5000085,-38,0
5009459,-47,1
5005091,-28,0
5014946,-89,0
5003960,-86,C
5010875,-67,C
5006008,-53,0
5001622,-31,0
5009968,-60,C
5003542,-90,C
5010964,-6,C
5000671,-38,1
5013610,-17,0
5000350,-10,C
5014561,-27,C
5004809,-7,0
5005308,-95,C
5001152,-32,C
5001502,-11,1
5008773,-57,C
5003599,-15,1
5010646,-41,C
5006250,-19,0
5010936,-17,C
5007365,-90,0
5012501,-61,1
5008008,-28,1
5011903,-48,0
5005910,-5,C
5005936,-10,C
5009324,-9,1
5005440,-42,C
5014091,-77,0
5011643,-34,C
5005291,-31,0
5005570,-4,0
5006481,0,X
5001243,-47,0
5011452,-14,0
5002646,-23,X
5014390,-3,C
5007255,-70,C
5014401,-83,0
5005324,-53,C
5013149,-75,2
5013899,-40,C
5003144,-15,2
5008410,-8,C
5004656,-87,0
5012298,-59,0
5014795,-18,C
5010544,0,0
5004512,-60,C
5013270,-24,0
5008822,-91,0
5004185,-67,C
5014743,-57,0
5013103,-70,0
5007834,-3,C
5009149,-21,C
5009512,-71,C
5002991,-45,0
5006812,-18,0
5003949,-36,C
5009153,-82,0
5002739,-71,1
5005823,-46,C
5004969,-42,2
5000080,-26,0
5010176,-21,0
5003428,-5,0
5009555,-12,1
5003552,-7,0
5008276,-10,C
5013597,-79,C
5013646,-59,0
5011091,-62,C
5011462,-12,C
5002495,-45,C
5004715,-27,C
5008607,-84,2
5002366,-83,0
5012341,-53,0
5014986,-29,0
5000084,-5,0
5004055,-58,1
5005393,-53,C
5007766,-20,0
5014975,-36,C
5006900,-54,C
5003804,-45,0
5013065,-21,C
5014213,-7,0
5004598,-14,X
5005827,-41,0
5009816,-22,0
5002343,-70,C
5002774,-86,2
5012358,-72,C
5000181,-87,C
5012773,-37,1
5005786,-62,C
5000163,-73,C
5014335,-86,C
5006968,-19,0
5005166,-11,C
5005840,-61,0
5000370,-43,C
5011487,-4,0
5013916,-71,C
5000237,-77,0
5001103,-43,C
5002041,-4,X
5001668,-60,1
5006738,-53,X
5000523,-19,C
5002707,-29,C
5000123,-71,2
5004855,-52,X
5011779,-60,1
5006085,-60,0
5009820,-29,0
5012001,-95,0
5001188,-43,C
5000138,-93,0
5004023,-11,1
5009092,-73,C
5009839,-86,0
5011949,-11,1
5005354,-37,0
5006441,-4,2
5007906,-80,0
5008578,-38,C
5007055,-51,0
5000600,-61,2
5001900,-92,1
5009219,-53,0
5007123,-46,0
5009312,-75,0
5000942,-25,C
5008919,-92,C
5013763,-40,0
5009871,-33,C
5002578,-84,1
5004376,-69,0
5004154,-11,0
5012433,-45,0
5014016,-53,C
5011004,-7,C
5001796,-44,C
5012263,-95,C
5011856,-40,C
5014159,-43,C
5009357,-36,0
5004883,-29,0
5007322,-12,C
5010840,-79,0
5006301,-57,0
5013773,-14,C
5007526,-71,0
5003159,-33,C
5003311,-69,C
5003826,-37,0
5010340,-49,1
5012048,-51,0
5013009,-7,2
5008023,-43,C
5010699,-16,0
5013069,-5,0
5002947,-7,C
5006356,-39,0
5014258,-5,0
5008014,-91,C
5008525,-61,0
5009444,-41,C
5006347,-92,1
5001744,-61,X
5002796,-62,0
5010387,-88,C
5008624,-18,1
5000567,-49,2
5004041,-28,0
5008214,-6,X
5001083,-11,C
5009715,-15,C
5002490,-48,1
5008882,-87,1
5013947,-81,2
5008208,-13,C
5006765,-61,0
5008345,-48,0
5002722,-79,0
5003552,-57,C
5002528,-50,C
5004261,-43,0
5008461,-65,0
5006327,-66,1
5000896,-30,0
5006410,-35,0
5014848,-57,X
5014601,-62,0
5006796,-79,0
5001797,-7,0
5010087,-13,0
5003951,-85,X
5010631,-61,0
5012650,-60,C
5010778,-30,0
5001060,-22,0
5004817,-55,0
5012862,-62,0
5007504,-71,C
5001934,-43,X
5005794,-73,0
5003972,-57,C
5009537,-93,C
5002410,-55,C
5010697,-94,C
5007305,-47,2
5011117,-76,C
5014234,-34,1
5012398,-27,0
5010679,-18,C
5005337,-88,0
5003654,-49,0
5011169,-36,0
5013233,-63,2
5000809,-28,C
5007273,-57,C
5002145,-51,C
5005648,-54,1
5003683,-56,X
5006089,-37,C
5008958,-48,C
5006658,-48,C
5009103,-54,C
5011764,-57,C
5005634,-74,1
5013259,-71,0
5003621,-33,0
5013288,-90,C
5005078,-37,C
5000992,-66,C
5005003,-1,0
5007023,-22,1
5008908,-2,0
5002525,-9,0
5009204,-88,0
5001564,-3,C
5010478,-10,C
5004449,-76,C
5014781,-16,C
5007272,-58,1
5008298,-29,C
5004639,-86,C
5005347,-71,X
5014547,-69,0
5007843,-89,C
5013037,-12,C
5002543,-52,0
5005449,-25,0
5004438,-42,C
5004307,-65,C
5007113,-60,0
5009759,-57,C
5003880,-22,C
5010332,-77,C
5012010,-2,0
5009555,-36,C
5002472,-23,C
5007494,-78,C
5000740,-16,0
5003136,-23,0
5009343,-16,C
5000888,-2,X
5011586,-71,0
5009373,-68,0
5013074,-16,C
5012142,-84,0
5005931,-14,X
5005272,-9,0
5007752,-10,X
5012055,-13,1
5007428,-19,0
5000849,-11,0
5005358,-83,0
5006729,-24,C
5005685,-65,0
5005514,-41,C
5010111,-91,0
5008737,-86,C
5006023,-28,2
5009656,-45,C
5000610,-85,0
5011974,-62,1
5014956,-61,C
5011774,-52,C
5004729,-61,0
5011700,-92,1
5001946,-92,C
5004703,-88,0
5014547,-3,1
5013170,-89,0
5005439,-65,C
5004603,-12,0
5014270,-62,0
5010963,-74,C
5004157,-95,C
5006344,-51,2
5002645,-50,1
5013434,-32,C
5003736,-48,C
5011819,-40,0
5009318,-44,C
5010238,-82,2
5011717,-89,0
5006742,-45,0
5012537,-30,C
5010901,-79,0
5004867,-50,C
5012098,-51,C
5012113,-69,0
5002318,-19,C
5011198,-94,0
5007913,-14,0
5001560,-25,0
5006872,-81,0
5000197,-45,C
5014492,-44,0
5005871,-36,0
5014410,-41,C
5007503,-54,1
5012515,-43,1
5007252,-47,C
5002462,-62,0
5012102,-52,C
5011083,-61,C
5003198,-4,0
5013896,-37,0
5013894,-78,0
5009444,-75,C
5012010,-91,C
5006036,-91,C
5001943,-56,1
5007913,-8,0
5001099,-65,0
5007686,-77,2
5007683,-35,0
5014471,-74,1
5005061,-92,0
5003368,-50,0
5006677,-28,C
5009912,-14,2
5007813,-67,0
5014034,-17,X
5014932,-59,0
5005930,-76,C
5013699,-44,0
5010550,-43,C
5012161,-5,X
5014470,-66,0
5013903,-1,C
5009909,-66,0
5004931,-18,C
5001505,-88,0
5010980,-63,0
5012106,-19,C
5009924,-67,C
5008064,-71,C
5009578,-55,C
5010327,-75,C
5011914,-34,X
5007287,-81,C
5001858,-59,C
5010976,-67,C
5012698,-90,X
5003215,-88,C
5006896,-93,C
5001736,-54,C
5013246,-62,0
5006155,-33,C
5012419,0,1
5012321,-20,C
5011014,-11,0
5004427,-20,0
5003580,-87,0
5003663,-23,C
5010805,-8,0
5010186,-66,0
5003033,-32,C
5006542,-93,0
5006182,-1,0
5005324,0,C
5002509,-28,1
5012437,-12,C
5008995,-69,0
5012595,-70,0
5003305,-74,C
5001069,-26,1
5010209,-23,C
5004475,-53,X
5009614,-26,C
5010844,-73,0
5011381,-93,C
5011617,-10,C
5007443,-13,0
5000715,-44,C
5006534,-39,0
5005551,-29,0
5007553,-40,C
5013936,-67,0
5006384,-51,0
5004248,-72,0
5001080,-75,1
5000270,-63,0
5007724,-5,C
5010609,-35,0
5013482,-35,1
5000704,-6,0
5013149,-94,1
5013280,-69,X
5009437,-41,0
5008673,-8,0
5000113,-72,C
5002965,-84,1
5004850,-9,0
5004592,-65,0
5012502,-11,0
5009333,-47,1
5003661,-81,C
5008208,-32,C
5012150,-76,0
5002766,-13,C
5013635,-91,C
5008864,-24,X
5008683,-66,C
5003336,-11,1
5012650,-27,C
5006701,-28,C
5012106,-43,C
5001399,-79,1
5013062,-25,1
5000275,-60,1
5013443,-57,X
5000830,-38,C
5007422,-75,C
5014042,-95,C
5005699,-30,2
5009762,-48,X
5013393,-9,C
5000784,-15,C
5014373,-3,C
5011849,-89,C
5010880,-22,0
5002474,-63,0
5007056,-42,1
5009479,-66,2
5004693,-28,0
5009904,-35,0
5001547,-20,1
5005163,-20,C
5006383,-9,0
5010273,-55,0
5012755,-41,C
5004717,-31,C
5004444,-9,C
5011327,-13,C
5010323,-91,C
5014514,-39,1
5005701,-88,C
5014602,-88,C
5007204,-80,0
5006885,-81,C
5012166,-72,0
5010451,-45,0
5006774,-3,0
5014013,-37,C
5009076,-21,C
5000074,-19,0
5000544,-47,0
5004742,-59,C
5007723,-5,C
5007496,-64,0
5009944,-88,C
5010627,-28,0
5001938,-49,C
5002261,-20,0
5007281,-32,0
5002678,-37,0
5002045,-62,0
5003333,-91,C
5001198,-57,C
5008315,-73,C
5005789,-42,0
5004096,-20,1
5004200,-32,C
5005305,-21,2
5000718,-67,X
5008182,-77,C
5007147,-71,0
5006550,-48,C
5008139,-41,C
5002531,-35,0
5011688,-60,C
5008973,-23,0
5002739,-89,0
5012620,-18,C
5000930,-58,0
5000778,-45,0
5003077,-70,C
5010722,-93,0
5001193,-14,0
5006492,-32,0
5009051,-61,0
5001363,-53,0
5009480,-89,C
5000157,-33,C
5000580,-62,0
5007150,-3,C
5008939,-23,C
5001234,-5,0
5000053,-63,1
5008023,-13,0
5014305,-90,0
5000772,-77,0
5008029,-4,0
5001172,-86,0
5003821,-35,1
5008124,-48,C
5010975,-88,0
5000646,-34,0
5013706,-83,1
5002086,-75,C
5001096,-90,1
5001706,-6,0
5001766,-63,C
5013661,-55,0
5005974,-79,0
5014199,-91,0
5006869,-9,C
5005712,-31,C
5005423,-6,C
5005027,-76,C
5012465,-1,X
5001874,-59,0
5004036,-26,0
5014732,-64,0
5013639,-71,1
5004627,-38,2
5009526,-51,0
5009601,-40,X
5003695,-7,X
5012839,-78,0
5001949,-62,1
5014559,0,C
5002482,-29,C
5003865,-58,0
5007985,0,C
5010608,-69,C
5012407,-61,C
5003860,-23,C
5008444,-10,C
5014482,-11,1
5001653,-74,0
5010761,-50,C
5012973,-61,0
5006148,-1,0
5008320,-37,C
5007944,-30,0
5010874,-6,2
5013345,-26,0
5009639,-93,C
5005064,-76,0
5003602,-73,C
5006489,-80,0
5004572,-69,C
5007509,-51,0
5000288,-7,C
5002626,-13,0
5004442,-26,0
5001783,-25,0
5008862,-77,C
5006809,-95,X
5007524,-33,C
5007461,-37,2
5005213,-89,C
5013389,-58,C
5000702,-61,2
5012151,-2,0
5001573,-58,C
5010953,-70,0
5001571,-6,C
5000966,-3,0
5001550,-36,0
5010317,-9,C
5012906,-49,C
5000115,-29,0
5013614,-33,0
5002594,-37,C
5002875,-49,C
5003285,-76,C
5004769,0,0
5013403,-71,2
5000627,-95,0
5004808,-8,C
5008284,-37,0
5010268,-3,0
5001207,-87,C
5013007,-39,0
5013076,-49,C
5005925,-75,0
5013994,-42,0
5010934,-34,0
5003331,-37,C
5005298,-28,C
5001684,-79,1
5013430,-93,C
5007978,-44,0
5010459,-61,0
5010530,-61,0
5012393,-84,C
5005090,-24,C
5009984,-57,1
5014883,-48,C
5013602,-7,0
5014971,-1,C
5004905,-49,C
5005198,-14,0
5014624,-41,C
5013261,-36,0
5012710,-60,0
5014118,-19,0
5014103,-42,C
5009266,-92,0
5000641,-26,C
5007809,-61,2
5014864,-47,C
5013965,-58,X
5012311,-93,0
5003319,-17,0
5007534,-85,C
5009394,-83,0
5001680,-60,0
5011789,-4,C
5013140,-10,C
5007511,-39,C
5009135,-14,X
5001598,-34,0
5001635,-55,C
5008013,-95,C
5000412,-83,0
5005016,-9,1
5013684,-93,0
5011984,-52,0
5001335,-53,0
5005708,-32,2
5006224,-15,C
5012935,-11,X
5003167,-15,C
5014440,-91,0
5007862,-10,0
5008815,-95,X
5005418,-33,1
5008375,-8,C
5000377,-56,0
5003979,-19,1
5007861,-51,1
5004009,-91,0
5008147,-4,X
5004464,-1,C
5008166,-74,C
5001949,-49,0
5000019,-37,X
5011396,-22,C
5005239,-39,C
5005103,-61,0
5003090,-20,C
5005485,-86,0
5005015,-53,C
5005563,-75,0
5002235,-71,C
5009044,-75,C
5001341,-59,C
5001725,-88,C
5010808,-73,0
5006514,-12,1
5013902,-74,0
5012690,-90,0
5003302,-52,0
5014274,-95,C
5012915,-93,X
5011106,-11,0
5008186,-35,0
5007193,-59,0
5011797,-61,C
5007778,-54,C
5007309,-81,C
5001891,-26,0
5009752,-79,C
5003116,-41,C
5007672,-24,2
5012458,-8,0
5006985,-7,2
5010047,-44,0
5003978,-46,0
5007708,-54,C
5007016,-66,0
5001606,-90,0
5012295,-24,C
5014693,-77,0
5005604,-48,0
5003689,-75,C
5009931,-90,2
5010659,-85,0
5013579,-88,C
5009721,-68,0
5008029,-1,C
5002059,-4,C
5004735,-14,0
5003583,-84,0
5001509,-68,2
5004795,-85,X
5012320,-73,1
5010504,-74,C
5001080,-14,0
5000557,-91,0
5006621,-27,C
5001478,-29,C
5012165,-29,0
5004949,-90,C
5003142,-49,0
5006797,-15,0
5012987,-2,1
5001954,-61,C
5009257,-93,0
5005533,-7,X
5000225,-49,0
5013425,-32,C
5012589,-32,0
5000409,-19,0
5013043,-91,0
5014292,-81,0
5003574,0,0
5010123,-91,0
5009077,-82,1
5007026,-77,X
5008318,-49,0
5008485,-73,0
5010010,-53,0
5002909,-92,2
5009173,-65,C
5010577,-25,0
5001065,-9,0
5005597,0,1
5002744,-88,0
5008384,-10,0
5009982,-67,0
5002011,-38,C
5008759,-74,2
5010753,-40,C
5013823,-75,2
5012308,-52,C
5000353,-52,C
5001221,-39,C
5012583,-93,C
5010299,-10,X
5004386,-40,0
5012320,-86,2
5010070,-85,0
5005081,-89,0
5013023,-87,C
5008926,-18,C
5005235,-68,0
5011151,-56,C
5003925,-4,C
5004655,-47,C
5000938,-14,0
5007941,-35,2
5008597,-81,C
5008489,-16,0
5006733,-74,2
5003860,-84,0
5009177,-48,0
5009947,-65,0
5007828,-43,0
5013657,-88,0
5004602,-79,C
5012205,-38,0
5014264,-63,2
5007032,-69,C
5008049,-24,C
5014829,-20,2
5008474,-80,C
5005752,-32,C
5009692,-89,1
5014790,-67,2
5012718,-50,C
5009514,-58,C
5002941,-92,1
5001923,-46,C
5003364,-40,1
5004834,-5,C
5013908,-44,1
5003719,-81,C
5008587,-1,X
5002290,-49,C
5003599,-76,C
5000207,-51,X
5006161,-77,0
5006501,-58,C
5013431,-4,0
5014811,-68,0
5014961,-8,C
5008871,-14,C
5012558,-65,C
5009476,-39,C
5000698,-23,0
5007768,-40,0
5008175,-13,0
5011726,-61,X
5014503,-63,0
5007139,-92,0
5013250,-77,0
5003818,-46,C
5000050,-57,C
5000921,-72,C
5008460,-21,C
5004484,-30,0
5009582,-35,C
5005762,-89,2
5000047,-18,1
5013805,-31,0
5002544,-79,X
5001625,-17,C
5008759,-47,0
5007954,-64,0
5009874,-25,C
5004742,-81,C
5014936,-66,C
5001231,-38,C
5003517,-84,C
5001200,-93,2
5007632,-6,C
5003013,-47,0
5007556,-75,1
5006587,-30,1
5000085,-75,0
5008908,-17,1
5013603,-64,0
5002900,-83,C
5001418,-86,0
5005622,-36,0
5004421,-17,0
5008016,-31,0
5007086,-17,0
5007801,-80,0
5013054,-10,C
5000153,-4,0
5011228,-51,1
5002613,-43,0
5000378,-28,2
5005164,-86,0
5011922,-49,C
5013975,-68,X
5003248,-30,1
5013909,-4,1
5001654,-51,0
5013120,-28,C
5006052,-2,2
5005562,-6,C
5006788,-85,C
5003390,-10,0
5003307,-84,C
5011084,-45,C
5006178,-62,1
5003533,-8,C
5013462,-89,1
5001071,-62,C
5005276,-52,1
5010539,-71,C
5006494,-19,C
5010710,-42,0
5014757,-2,C
5013822,-69,C
5000529,-42,0
5006257,-69,C
5002635,-26,0
5004758,-85,2
5002515,-35,0
5000788,-53,1
5003135,-94,0
5010732,-92,2
5011695,-4,C
5009349,-53,0
5014579,-16,0
5007562,0,1
5001386,-52,0
5008174,-70,0
5003936,-92,0
5008531,-93,C
5002752,-70,0
5001340,-24,1
5009096,-86,C
5014574,-32,0
5002097,-41,0
5003897,-2,0
5011410,-21,C
5004833,-40,C
5007277,-40,C
5007515,-91,X
5013225,-27,C
5008068,-66,0
5011574,-89,0
5014826,-70,2
5009808,-24,C
5011639,-3,0
5014156,-84,C
5014080,-89,C
5012251,-80,0
5013769,-30,C
5014759,-47,X
5007692,-83,0
5006380,-76,C
5006775,-42,1
5006842,-64,0
5005608,-40,X
5014197,-20,2
5002223,-44,0
5012466,-94,0
5010129,0,C
5005033,-61,0
5011297,-21,0
5006093,-21,0
5009896,-13,C
5009425,-47,0
5005132,-34,C
5014981,-55,2
5006782,-54,0
5008795,-75,C
5007755,-39,C
5006354,-17,C
5001609,-41,C
5000347,-92,0
5010396,-86,0
5003080,-53,C
5001063,-45,C
5013339,-34,C
5006947,0,C
5010019,-12,0
5014595,-69,C
5014536,-34,0
5013215,-62,C
5000389,-5,C
5014798,-59,0
5008327,-53,0
5001580,-33,0
5011608,-14,0
5014907,-40,2
5008097,-31,C
5011985,-18,X
5001306,-67,C
5013813,-35,1
5010179,-60,C
5009367,-58,0
5002371,-4,C
5010926,-90,C
5010870,-52,C
5010266,-94,1
5008361,-9,C
5013954,-63,1
5008252,-14,C
5004754,-31,0
5000355,-13,0
5010423,-63,0
5011282,-47,1
5007717,-69,X
5009800,-84,0
5001767,-18,0
5004715,-82,1
5014788,-1,C
5010358,-32,C
5010904,-57,C
5000165,-92,C
5014169,-87,C
5005483,-20,C
5002865,-87,1
5002458,-44,C
5008327,-44,C
5010496,-17,0
5014931,-7,C
5014344,-84,C
5001579,-6,0
5006079,-45,C
5011655,-59,0
5013641,-80,0
5011646,-53,C
5001938,-2,C
5000112,-24,C
5000051,-43,C
5007719,-88,0
5003950,-27,0
5004232,-90,0
5012490,-83,0
5005569,0,0
5000124,-16,0
5003129,-31,0
5011399,-28,1
5006183,-30,C
5007341,-78,C
5004534,-46,0
5009013,-35,0
5011850,-84,X
5003054,-37,0
5006260,-58,0
5005387,-57,0
5013964,-54,X
5001529,-95,0
5013881,-71,C
5011658,-63,C
5003350,-1,0
5003123,-13,0
5008538,-61,2
5008158,-63,1
5004309,-9,C
5012350,-47,0
5010776,-68,X
5006589,-93,0
5001372,-87,X
5002338,-2,0
5006691,-19,C
5013797,-81,C
5004155,-1,0
5010359,-95,0
5014550,-29,0
5013803,-86,C
5011741,-24,0
5014893,-79,0
5003074,-44,0
5009462,-43,0
5011988,-19,C
5000034,-47,C
5000844,-46,0
5014619,-50,C
5005408,-53,0
5009478,-67,1
5013162,-46,C
5001243,-88,1
5008907,-94,C
5009760,-14,C
5003187,-28,X
5005172,-4,0
5004085,-44,C
5008041,-1,C
5005228,-63,0
5007453,-52,C
5014081,-95,0
5011907,-93,C
5004150,-21,C
5001009,-22,C
5004343,-42,0
5001306,-60,C
5006574,-74,0
5009163,-73,0
5011564,-49,2
5011757,-80,1
5001477,-82,1
5006373,-28,C
5009761,-25,2
5002851,-86,C
5012676,-36,0
5014081,-12,C
5001969,-80,C
5011927,-84,0
5005228,-72,0
5007711,-72,C
5011860,-95,1
5004944,-53,C
5012449,-51,C
5004868,-41,0
5006946,-49,C
5007223,-43,C
5002503,-93,0
5002452,-58,C
5003187,-13,C
5012582,-57,X
5003641,-93,C
5007513,-22,C
5008752,-17,C
5013898,-39,0
5004074,-31,1
5008137,-47,C
5012790,-60,0
5010544,-7,0
5008085,-95,0
5003101,-46,C
5005794,-83,C
5005697,-63,0
5010499,-41,0
5004779,-23,1
5011589,-29,C
5004660,-39,0
5001976,-32,0
5001315,-16,C
5013310,0,0
5005411,-62,C
5009909,-81,0
5003097,-70,C
5011231,-92,0
5010115,-88,0
5013205,0,C
5005153,-20,0
5003584,-49,0
5007011,-3,C
5010582,-41,C
5008760,-26,0
5010034,-79,C
5007695,-58,1
5010787,-5,1
5011566,-1,C
5012634,-2,C
5010918,-54,0
5014340,-31,C
5010482,-58,C
5007192,-29,0
5009260,-19,C
5011452,-77,C
5010232,-20,0
5005252,-14,C
5009338,-2,C
5002468,-94,C
5009906,-87,0
5004396,-4,2
5010465,-31,0
5007337,-86,0
5005687,-84,0
5006101,-3,0
5012431,-74,0
5000586,-61,0
5014600,-38,C
5005733,-95,0
5010655,-88,0
5003085,-19,0
5012379,-6,C
5001703,-1,0
5014360,-95,C
5000407,-18,0
5000028,-64,C
5001796,-95,C
5014976,-72,0
5010058,-65,C
5009996,-58,0
5009192,-15,0
5014978,-43,C
5008569,-95,1
5009845,-49,0
5004359,-69,C
5005830,-86,C
5006734,-31,X
5002413,-46,C
5000095,-93,C
5012704,-47,0
5011541,-15,0
5004364,-75,C
5009885,-88,1
5001299,-55,C
5005544,-38,C
5006995,-73,C
5003642,-34,C
5011770,-6,0
5001515,-26,C
5009073,-68,0
5001481,-7,0
5009486,-38,0
5000524,-77,C
5003738,-95,0
5011397,-34,0
5003190,-32,0
5001238,-41,2
5013150,-8,C
5014077,-40,C
5000073,-86,C
5006097,-79,C
5009606,-69,X
5014643,-87,0
5014492,-22,1
5013121,-3,1
5013611,-35,0
5008536,-1,1
5003017,-53,C
5002404,-79,C
5004500,-63,C
5009528,-30,1
5014974,-18,0
5005013,-29,X
5002463,-41,1
5010636,-57,0
5002291,-75,1
5005517,-63,C
5013353,-84,2
5011147,-21,C
5012386,-24,0
5013832,-72,0
5011663,-83,C
5001380,-41,1
5012125,-21,C
5001692,-72,C
5005567,-70,C
5005550,-84,1
5007055,-75,0
5007525,-32,C
5002124,-92,0
5008102,-33,C
5007901,-24,C
5004209,-81,X
5001844,-67,C
5009920,-76,0
5001216,-59,2
5014799,-90,0
5011019,-91,0
5000408,-39,C
5014733,-6,C
5001669,-72,C
5002039,-63,1
5001740,-16,0
5009995,-10,X
5012196,-29,C
5008510,-18,0
5014029,-9,C
5005392,-86,2
5000543,-14,C
5001894,-18,0
5011663,-86,C
5009493,-43,0
5010982,-14,0
5009350,-47,C
5003111,-20,2
5003480,-84,1
5012698,-89,0
5014566,-29,1
5011679,-87,0
5004918,-94,0
5009591,-47,C
5014589,-91,2
5012570,-28,1
5010803,-51,C
5004283,-45,1
5011589,-45,1
5003977,-6,2
5009075,-22,C
5000051,-95,0
5002540,-42,0
5012301,-30,C
5001595,-72,0
5012194,-45,0
5011642,-66,2
5002846,-28,C
5007287,0,0
5007322,-87,0
5007857,-31,0
5005577,-47,C
5011423,-40,C
5003199,-76,C
5012827,-26,C
5004406,-1,0
5014950,-78,1
5012897,-32,0
5014600,-72,0
5001223,-48,0
5011311,-69,0
5012212,-17,0
5014758,-41,C
5009202,-85,0
5001343,-92,C
5013395,-43,0
5001087,-85,C
5001017,-72,0
5000890,-48,C
5012078,-45,C
5008838,-88,0
5005500,-31,C
5005572,-33,C
5000533,-30,0
5004167,-70,C
5005614,-2,C
5013400,-52,2
5012917,-78,C
5004444,-18,0
5000811,-9,0
5000256,-50,2
5014731,-2,0
5005217,-55,1
5013631,-84,C
5000448,-74,0
5009067,-39,0
5009312,-71,0
5013603,-2,C
5013034,-47,0
5004099,-18,C
5000102,-9,0
5005331,-10,X
5002990,-10,C
5009392,-90,0
5008268,-54,0
5010218,-18,C
5014672,-17,0
5011146,-83,X
5003229,-52,1
5009458,-7,C
5005506,-38,C
5005348,-6,2
5011460,-23,C
5009443,-85,0
5010056,-14,0
5006557,-62,X
5008950,-85,C
5008003,-26,C
5012535,-67,C
5003272,-95,1
5002953,-46,C
5000223,-30,0
5014119,-22,0
5002758,-35,C
5010227,-70,C
5009400,-42,C
5014338,-3,C
5004048,-8,C
5002221,-62,C
5001958,-5,C
5012102,-43,0
5004190,-35,1
5006487,-71,0
5013205,-82,C
5012610,-67,C
5004967,-6,C
5008216,-18,C
5000440,-39,0
5002996,-46,1
5012821,-78,C
5009720,-52,C
5010465,-85,C
5003196,-17,0
5013891,-55,C
5013074,-77,2
5004635,-74,C
5001545,-52,C
5003957,-49,C
5014798,-84,2
5008844,-14,C
5013617,-72,0
5004353,-7,0
5011657,-17,0
5001333,-51,0
5012971,-87,C
5001125,-63,0
5006980,-45,0
5014816,-61,C
5010999,-87,0
5000202,-81,C
5010014,-18,2
5009842,-32,C
5006801,-52,C
5004556,-92,C
5001296,-26,C
5001557,-2,1
5010676,-19,0
5008148,-70,1
5000144,-45,0
5009703,-15,C
5005462,-68,0
5009294,-84,1
5000023,-48,1
5003096,-64,C
5012080,-19,C
5007820,-87,C
5007566,-86,0
5013967,-14,C
5013603,-31,0
5001900,-35,C
5006184,-35,C
5013005,-4,X
5000614,-71,0
5010828,-91,C
5013016,-1,2
5002846,-81,C
5002650,-58,1
5013715,-39,X
5001876,-49,C
5000690,-13,C
5004508,-70,0
5003894,-56,0
5005725,-19,X
5010180,-7,0
5013327,-89,0
5011220,-68,2
5012410,-14,C
5000858,-61,0
5012902,-44,X
5009682,-13,C
5002184,-64,C
5013249,-19,C
5012649,-47,0
5003807,-8,1
5002063,-91,C
5007746,-46,0
5014023,-57,C
5013166,-31,1
5009900,-58,0
5005206,-47,C
5002705,-7,1
5003294,-73,1
5012209,-83,0
5012700,-85,0
5007748,-82,C
5014415,-13,0
5000682,-42,0
5005453,-9,0
5010676,-89,0
5000483,-58,1
5011078,-50,C
5007106,-23,1
5014060,-75,2
5009896,-6,C
5005519,-50,0
5007233,-17,C
5012876,-23,0
5010090,-45,C
5005060,-9,0
5010825,-25,C
5001034,-76,0
5010788,-6,C
5007503,-31,C
5003180,0,C
5013316,-41,0
5004027,0,0
5007812,-70,0
5013623,-90,0
5008788,-9,1
5002312,-66,0
5011632,-57,0
5014581,0,C
5003035,-29,0
5014811,-51,0
5010876,-71,2
5014755,-32,0
5002744,-59,2
5008212,-19,C
5006447,-52,0
5006940,-14,1
5008652,-22,C
5005810,-58,C
5009523,-35,2
5002121,-16,C
5014147,-4,0
5004580,-39,C
5003315,-19,0
5000785,-17,X
5008763,-37,0
5004293,-91,C
5014638,-48,0
5003297,-33,C
5009418,-63,1
5014077,-22,C
5010064,-71,C
5002960,-1,0
5002889,-75,0
5006323,-93,0
5002609,-59,0
5012820,-21,C
5002589,-48,0
5008471,-36,0
5014820,-46,C
5003984,-51,C
5014519,-17,X
5008700,-57,C
5007360,-10,0
5005137,-40,0
5010430,-25,C
5003630,-84,0
5007700,-43,C
5011131,-48,C
5005531,-19,0
5007861,-46,C
5014758,-62,C
5011817,-58,0
5001821,-3,C
5010170,-77,0
5003785,-63,0
5007783,-36,C
5012936,-35,C
5001549,-46,0
5013055,-69,0
5004908,-72,0
5006810,-68,0
5007595,-79,2
5009258,-57,X
5006514,-3,0
5002939,-25,C
5002657,-36,1
5004667,-58,0
5008632,-61,0
5014464,-24,1
5012224,-56,0
5010274,-55,C
5001170,-66,0
5007458,-59,X
5010472,-25,0
5008633,-94,2
5012058,-13,0
5006012,-20,0
5007533,-69,X
5005797,-23,C
5010321,-17,C
5008543,-6,0
5011103,-3,C
5014108,-77,1
5001343,-18,C
5000262,-69,0
5014326,-55,1
5005768,-53,0
5004001,-68,X
5007119,-14,0
5004343,-87,C
5010560,-19,C
5014508,-39,2
5011175,-12,0
5001847,-18,C
5000222,-55,0
5001158,-61,C
5008419,-25,0
5002719,-6,0
5012040,-95,0
5006597,-20,0
5005842,-39,C
5003571,-67,X
5010824,-13,C
5007899,-16,C
5014024,-89,C
5001043,-47,0
5001398,-1,C
5009152,-74,0
5005974,-5,C
5008804,-25,0
5002095,-41,C
5010438,-89,C
5000147,-61,0
5014730,-25,0
5004976,-5,C
5006128,-15,0
5000623,-83,0
5012792,-80,C
5003961,-20,1
5009254,-46,C
5000418,-95,C
5010876,-76,1
5008302,-46,C
5004901,-66,1
5005476,-13,0
5011250,-27,1
5001963,-80,0
5001988,-37,0
5005567,-25,0
5001326,-28,C
5005580,-34,C
5004355,-82,2
5000638,-12,C
5006867,-87,0
5008058,-47,C
5012648,-95,1
5012977,-4,X
5005557,-37,C
5001274,-25,0
5009927,-45,X
5000061,-59,0
5013048,-65,1
5011168,-4,C
5001950,-28,1
5010811,-46,0
5001859,-5,0
5005412,-13,1
5013007,-70,C
5009789,-82,0
5010233,-18,C
5005321,-90,X
5002527,-47,0
5004340,-53,X
5004588,-55,0
5006525,-38,0
5003856,-90,C
5001727,-77,0
5000394,-22,1
5000114,-95,C
5000858,-28,0
5013908,-64,C
5006011,-40,0
5006079,-56,C
5004707,-46,C
5011564,-16,0
5008799,-66,C
5012839,-57,0
5004355,-7,C
5014180,-2,C
5009268,-73,0
5004570,-25,0
5009034,-75,2
5004303,-19,C
5000692,-3,C
5014727,-41,1
5008220,-80,C
5000511,-22,C
5010340,-55,0
5000393,-7,0
5001802,-45,0
5002735,-69,X
5007694,-30,C
5001503,-1,1
5012030,-35,1
5007052,0,0
5003118,-22,0
5012438,-64,C
5005910,-28,1
5005928,-8,0
5013242,-54,C
5009243,-28,X
5009764,-80,1
5014058,-46,C
5003973,-93,C
5013027,-44,C
5005263,-85,0
5008749,-52,0
5001712,-79,0
5009432,-26,0
5002560,-44,0
5004456,0,0
5004922,-84,C
5005940,-90,0
5002816,-92,0
5013347,-91,0
5004805,-42,C
5002321,-74,0
5013913,-85,0
5003717,-80,X
5006135,-47,C
5006929,-20,1
5002958,-33,C
5008009,-4,C
5006254,-9,C
5003566,-87,2
5006278,-41,X
5014181,-6,C
5000312,-14,X
5013014,-95,2
5004917,-84,C
5014043,-61,0
5013564,-85,C
5006791,-51,C
5005800,-36,0
5013742,-48,C
5007099,-6,0
5000827,-62,C
5007057,-6,0
5009548,-30,C
5012154,-74,C
5001540,-81,0
5012878,-60,0
5010731,-28,1
5006702,-9,C
5003282,-81,C
5012936,-14,X
5007977,-25,C
5014774,-58,C
5003244,-11,C
5014101,-12,0
5003509,-9,C
5006304,-75,0
5010622,-13,C
5012501,-52,1
5009069,-17,0
5013909,-39,C
5005377,-70,C
5001715,-77,C
5003361,-47,0
5000713,-20,0
5009872,-40,C
5005415,-90,1
5006733,-16,C
5008068,-34,C
5000204,-77,C
5005895,-79,1
5006028,-48,X
5000791,-72,0
5009706,-68,0
5005751,-85,C
5002586,-21,C
5002144,-84,0
5003208,-5,C
5012039,-7,0
5012827,-28,0
5001644,-45,C
5010714,-73,0
5011081,-47,C
5006113,-33,0
5005383,-24,0
5004197,-37,0
5001553,-35,0
5011403,-50,0
5011476,-62,C
5001322,-85,0
5004035,-81,C
5004846,-51,0
5007376,-31,0
5011526,-39,C
5007881,-95,0
5007125,-68,C
5000652,-15,0
5013002,-64,C
5007597,-57,X
5011614,-8,0
5005309,-14,X
5011942,-70,C
5008936,-35,0
5010229,-49,C
5008289,-55,1
5008036,-72,1
5000405,-30,0
5001254,-46,X
5004067,-94,1
5007730,-23,C
5005044,-62,2
5005037,-41,C
5011453,-29,0
5009979,-95,0
5014961,-43,C
5000693,-52,0
5012292,-6,0
5007142,-19,0
5007212,-76,C
5000614,-91,C
5003102,0,X
5003923,-5,0
5006878,-74,0
5006718,-68,0
5007946,-35,0
5010266,-37,C
5010241,-71,C
5000298,-71,0
5011971,-60,1
5008710,-44,0
5012400,-37,0
5007104,-21,1
5014995,-59,0
5009008,-78,0
5007823,-87,0
5001978,-1,0
5004006,-4,C
5002371,0,C
5006547,-25,C
5006442,-6,0
5009729,-29,0
5012068,-41,0
5010918,-81,C
5008589,-87,0
5007407,-82,C
5006259,-44,0
5006766,-46,0
5008281,-54,0
5004780,-92,C
5007418,-49,0
5003293,-71,2
5013982,-61,C
5004291,-9,C
5004061,-23,2
5006119,-66,C
5006743,-74,C
5004348,-1,1
5011975,-46,0
5013693,-37,2
5005711,-41,C
5008414,0,0
5008151,-2,0
5004982,-94,X
5014738,-92,C
5014075,-89,C
5001372,-28,C
5007060,-18,C
5002630,-52,0
5008218,-70,1
5011176,-38,0
5009666,-79,0
5007526,0,0
5013026,-63,0
5000983,-58,0
5010841,-68,C
5010371,-50,C
5013342,-61,C
5014389,-70,0
5008981,-37,C
5006939,-82,0
5009216,-58,C
5013082,-39,X
5011053,-33,C
5007389,-69,1
5006308,-24,C
5003604,-52,0
5013866,-57,1
5008340,-65,C
5002091,-37,C
5006729,-42,X
5005191,-71,1
5010032,-28,C
5007974,-29,C
5011193,-54,0
5008574,-16,C
5004442,-18,0
5005579,-54,C
5013862,-17,0
5002757,-59,0
5011178,-94,2
5000494,-47,0
5005654,-91,X
5001389,-92,2
5008086,-33,0
5001696,-68,1
5010727,-6,0
5000597,-6,C
5010308,-20,0
5013048,-71,2
5013837,-78,C
5010351,-46,1
5005680,-57,0
5014680,-65,0
5013952,-91,0
5008735,-44,C
5005184,-43,C
5004162,-23,0
5008057,-82,C
5010301,-23,C
5014654,-84,X
5011919,-14,0
5008901,-20,C
5005690,-48,0
5000659,-53,1
5003444,-4,0
5011316,-71,0
5002865,-92,C
5007687,-65,C
5011364,-39,1
5010460,-36,C
5000359,-24,C
5004730,-26,1
5012723,-11,0
5011338,-12,C
5005196,-55,0
5008723,-95,1
5007672,-47,0
5004239,-53,1
5009100,-60,0
5012763,-86,C
5008975,-17,1
5000145,-6,0
5013664,-95,C
5012674,-19,0
5014519,-16,0
5000607,-69,C
5008307,-86,0
5001448,-25,0
5003007,-48,C
5012933,-53,0
5007518,-22,1
5014312,-81,0
5001115,-9,0
5009822,-34,1
5006429,-79,C
5013326,-16,C
5010496,-40,1
5007669,-20,0
5014566,-83,0
5003980,-46,X
5001519,-76,0
5011971,-4,0
5000238,-20,0
5005591,-95,C
5006774,-65,1
5013182,-20,C
5011911,-59,0
5007906,-46,0
5001846,-94,1
5011495,-33,0
5005000,-25,0
5004438,-2,2
5010232,-2,0
5007853,-83,0
5008284,-52,1
5009170,-11,0
5013749,0,2
5000690,-46,C
5012831,-28,0
5000435,-23,0
5011453,-9,0
5002613,-61,0
5010152,-13,C
5006224,-75,0
5010252,-25,0
5005351,-91,1
5002242,-56,0
5007136,-24,C
5003783,-33,0
5006648,-65,0
5006823,-49,C
5008624,-86,1
5009814,-20,1
5010723,-28,C
5009611,-68,C
5009879,-34,C
5006387,-2,2
5008923,-90,0
5004013,-2,C
5007212,-75,C
5007333,-71,0
5010718,-22,C
5009666,-34,C
5013310,-82,0
5001202,-89,0
5012030,-58,0
5002482,-1,C
5005887,-44,0
5005207,-32,0
5003005,-26,C
5008006,-51,0
5008257,-84,2
5000415,-90,0
5001976,-73,0
5003708,-50,0
5014868,-25,C
5014732,-40,C
5008115,-87,0
5010343,-18,0
5010501,-56,C
5008026,-31,0
5008866,-5,X
5004360,-6,0
5002377,-11,C
5012342,-69,0
5013382,-59,0
5002813,-32,0
5014662,-37,C
5000155,-23,0
5014782,-40,0
5012224,-75,C
5004780,-22,X
5008601,-47,1
5008878,-88,0
5011583,-14,C
5005749,-86,0
5011162,-81,0
5003561,-12,0
5005874,-15,C
5010327,-46,0
5005225,-21,C
5007561,-82,1
5013353,-15,0
5009516,-4,X
5000781,-49,C
5009498,-11,0
5002591,-53,C
5007653,-29,X
5001756,-64,X
5008798,-39,0
5008803,-2,0
5003519,-39,C
5001623,-32,2
5011572,-68,C
5005533,-37,X
5007144,-43,0
5013096,-88,0
5005859,-95,0
5014134,-4,C
5009010,-4,C
5006872,-59,0
5001286,-83,C
5002084,-90,C
5008611,-73,C
5007384,-47,C
5007850,-8,0
5012185,-33,0
5001357,-19,0
5001440,-21,0
5003092,-78,C
5004445,-53,C
5013815,-48,C
5013113,-28,0
5013095,-18,0
5012894,-78,0
5003245,-12,C
5014448,-22,C
5006889,-17,0
5000195,-88,C
5004824,-28,0
5006181,-42,0
5005834,-21,0
5003175,0,1
5002400,-61,0
5002233,-61,0
5014797,-82,0
5007157,-86,2
5008331,-56,C
5001660,-94,0
5001285,-48,C
5005944,-81,C
5002537,-31,1
5003857,-84,0
5000386,-87,0
5013279,-39,0
5013628,-43,1
5010896,-10,0
5008062,-58,C
5011901,-46,0
5012215,-71,C
5011927,-33,C
5004916,-4,0
5012194,-52,C
5012481,-80,C
5012441,-19,1
5010492,-79,0
5007453,-89,C
5002148,-43,0
5004086,-12,C
5009147,-11,X
5011034,-87,0
5005816,-69,0
5011729,-36,0
5004429,-2,0
5003411,-39,0
5014675,-71,0
5004331,-39,0
5003048,-95,X
5003293,-8,X
5008094,-55,C
5009007,-2,0
5006330,-39,C
5012704,-20,0
5013338,-72,1
5004149,-88,X
5007676,-25,0
5002935,-58,1
5009338,-74,1
5000416,-85,C
5011155,-50,0
5014530,-3,C
5012562,-15,C
5009670,-14,C
5014810,-29,1
5001989,-46,0
5011932,-73,C
5009192,-46,X
5002713,-27,C
5007679,-17,C
5013554,-29,C
5014992,-61,X
5006511,-69,C
5006209,-9,0
5000340,-26,C
5013231,-49,C
5000497,-14,C
5006743,-64,1
5011296,-86,1
5013773,-4,C
5013793,-36,1
5005828,-82,C
5006130,-43,0
5005890,-73,1
5003024,-14,0
5010053,-44,C
5002639,-53,0
5001345,-62,0
5011859,-48,C
5004469,-66,C
5003260,-18,C
5012207,-82,C
5001799,-78,0
5008856,-84,0
5010247,-74,C
5012316,-64,C
5006865,-67,C
5007994,-31,C
5002925,-24,0
5007296,-62,C
5008958,-28,1
5005446,-69,C
5003913,-4,C
5012885,-51,C
5004487,-49,1
5001373,-54,0
5014094,-64,1
5012693,-74,C
5008782,-27,X
5009087,-87,C
5010225,-26,0
5014440,-51,0
5001652,-34,0
5006698,-65,0
5004255,-90,0
5003384,-18,0
5010576,-52,0
5005088,-30,0
5003474,-61,0
5004547,-20,0
5006809,-19,0
5000276,-7,C
5003851,-47,0
5004363,-75,C
5007595,-38,C
5006281,-56,0
5007531,-79,0
5005968,-29,C
5014505,-8,0
5008559,-83,0
5005547,-37,C
5005433,-44,C
5014857,-18,0
5002954,-10,C
5013441,-4,1
5008452,-23,2
5013600,-79,0
5000749,-80,2
5004864,-22,0
5004217,-3,C
5002861,-64,0
5008432,-72,0
5008788,-17,C
5003724,-90,0
5002703,-94,C
5013429,-62,0
5013483,-23,C
5013253,-12,C
5014973,-41,0
5013609,-91,0
5012315,-84,0
5012192,-5,0
5014041,-8,C
5008861,-47,2
5008554,-14,0
5007915,-17,C
5008365,-48,C
5005137,-8,1
5001920,-92,C
5014302,-33,C
5014314,-32,0
5006728,-22,0
5005838,-34,0
5005245,-15,0
5000759,-48,0
5013398,-19,C
5009615,-41,2
5012758,-75,C
5003163,-16,0
5009625,-82,0
5005356,-12,C
5011732,-28,C
5006898,-84,0
5003703,-9,C
5011850,-68,0
5005801,-69,C
5002942,-67,1
5004535,-39,0
5014730,-46,C
5007629,-22,0
5000613,-70,0
5001898,-83,0
5007985,-61,C
5013189,-56,0
5007884,-83,C
5014966,-62,0
5011053,-38,C
5012492,-62,0
5007852,-77,C
5014964,-62,0
5008738,-49,C
5002514,-4,C
5001046,-11,C
5006051,-35,C
5010409,-84,C
5007216,-88,0
5008881,-22,1
5003815,-74,C
5013143,-41,1
5001248,-50,C
5009906,-74,C
5007275,-69,X
5014702,-73,C
5014583,-66,C
5009987,-88,0
5000455,-21,0
5009354,-72,0
5005996,-42,0
5011004,-42,0
5013500,-62,X
5013079,-53,C
5011696,-52,X
5000495,-50,0
5007882,-12,0
5013468,0,1
5001935,-65,C
5005514,-50,1
5011200,-11,0
5007564,-55,C
5009749,-57,0
5001514,-24,1
5005734,-86,C
5014988,-38,C
5007702,-74,0
5008531,-49,C
5003094,-19,0
5010942,-30,C
5013162,-74,0
5014242,-18,C
5005579,-13,X
5012949,-86,C
5012117,-89,C
5012023,-3,0
5007465,-12,C
5006190,-21,0
5012771,-12,C
5008560,-47,C
5012852,-15,0
5013010,-43,C
5012097,-64,C
5009227,-87,0
5008664,-37,X
5000652,-3,X
5011413,-82,0
5002331,-34,C
5007309,-18,0
5007375,-62,0
5006439,-16,0
5009314,-31,C
5010295,-69,0
5014564,-52,C
5000589,-38,C
5013944,-59,0
5014279,-37,1
5000016,-90,X
5013237,-79,2
5005859,-51,0
5006592,-90,0
5004104,-47,C
5004285,-16,0
5006242,-64,C
5006211,-39,0
5011253,-94,2
5000415,-59,0
5004600,-43,0
5011883,-4,1
5000284,-75,C
5008206,-17,X
5012046,-40,C
5011553,-1,C
5005528,-56,C
5007204,-89,C
5007355,-25,0
5001591,-89,C
5007882,-39,0
5013589,-19,C
5002312,-29,1
5007262,-62,0
5013455,-93,1
5010536,-45,0
5013268,-75,C
5008634,-54,0
5001191,-58,0
5012318,-81,0
5010199,-73,C
5004219,-65,C
5002621,-14,0
5009446,-19,X
5014276,-87,0
5014032,-84,C
5011417,-75,C
5001274,-30,C
5011203,-1,0
5008672,-14,0
5011429,-2,0
5009108,-77,1
5002072,-83,X
5005368,-79,C
5012308,-89,0
5012456,-17,C
5001375,-48,C
5005212,-50,0
5005324,-85,0
5009134,-4,2
5009391,-34,2
5004966,-33,0
5007586,-36,0
5006471,-70,0
5004590,-5,0
5003153,-20,2
5007299,-46,C
5003706,-11,0
5001884,-2,1
5013530,0,0
5012555,-38,0
5014820,-3,C
5011968,-86,1
5010791,-54,0
5008482,-87,C
5004263,-27,X
5009646,-67,C
5012363,-45,1
5006205,-57,1
5000624,-20,0
5010461,-77,0
5008876,-58,C
5013890,-92,0
5001718,-53,0
5011679,-29,0
5003567,-34,C
5014300,-32,0
5001822,-10,0
5014240,-37,0
5010168,-2,0
5009961,-25,0
5012248,-52,0
5001144,-60,C
5009052,-91,0
5012518,-67,0
5001838,-5,0
5009534,-51,C
5006365,-42,0
5009614,-83,0
5011517,-28,C
5010610,-56,C
5005468,-37,0
5004633,-41,C
5008554,-9,C
5010930,-81,0
5002922,-55,0
5011496,-29,0
5005292,-85,0
5008229,-14,0
5002694,-52,0
5001544,-62,0
5012910,-11,C
5000473,-61,C
5011829,0,1
5000280,-61,C
5014434,-46,C
5011901,-41,X
5001138,-45,0
5009971,-36,0
5011836,-41,C
5011410,-12,0
5012043,-38,0
5000243,-49,0
5009382,-26,C
5011118,-60,2
5011475,-90,0
5009496,-19,C
5000477,-66,0
5003340,-85,C
5005824,-35,C
5012560,-33,0
5001817,-87,0
5013177,-60,0
5011534,-34,C
5009074,-25,X
5010012,-79,X
5010381,-12,C
5011609,-25,1
5004733,-72,1
5011708,-51,0
5007177,-67,0
5005376,-55,C
5003878,-1,1
5013900,-9,C
5001973,-73,0
5009028,-83,C
5011582,-19,0
5002814,-91,0
5010712,-2,1
5009590,-62,0
5012862,-2,X
5004896,0,0
5010498,-77,X
5014734,-68,C
5006619,-24,C
5004146,-38,C
5008182,-38,0
5009743,-56,0
5009911,-20,0
5005717,-19,0
5013133,-86,1
5008254,-10,C
5004174,-85,C
5014134,-74,0
5014816,-11,1
5003591,-35,C
5008441,-94,0
5011118,-7,C
5002442,-36,C
5004222,-13,C
5008484,-33,0
5002545,-10,0
5012107,-77,0
5007385,-71,0
5009283,-29,0
5008354,-71,C
5005237,-41,C
5002074,-9,C
5002219,-41,0
5010312,-87,2
5014503,-8,C
5009250,-28,C
5005792,-62,C
5013775,-26,C
5011257,-66,0
5004173,-23,C
5004820,-83,X
5014809,-69,C
5007644,-29,C
5007496,-20,0
5002218,-78,C
5004006,-62,0
5008868,-80,0
5011517,-91,C
5011617,-88,0
5001737,-17,0
5002631,-38,0
5013081,-27,0
5000286,-7,0
5006664,-34,0
5002844,-11,0
5009919,-74,2
5013037,-22,C
5011143,-53,C
5007668,-6,C
5002726,-73,C
5000836,-34,0
5011295,-84,C
5005835,-87,0
5014158,-34,0
5004637,-81,0
5004313,-41,2
5009956,-28,C
5002658,-11,0
5013044,-78,2
5009738,-12,C
5003728,-48,C
5010909,-94,0
5004371,-71,0
5009091,-48,C
5013405,-31,0
5001966,-56,0
5002627,-58,0
5002532,-42,2
5000146,-81,C
5012886,-53,0
5014370,-42,C
5008655,-51,C
5014237,-12,C
5002659,-75,X
5001850,-89,C
5001315,-83,C
5011021,-72,0
5012800,-67,0
5004313,-65,0
5013140,-32,0
5012174,-68,0
5003052,-95,C
5003521,-4,0
5014995,-31,X
5004327,-39,1
5007578,-35,C
5012285,-36,C
5005070,-45,C
5009706,-20,C
5005609,-63,0
5007606,-30,0
5010379,-21,C
5006679,-60,0
5010287,-40,0
5014549,-72,2
5002656,-85,C
5014445,-73,2
5004852,-94,0
5012012,-52,C
5012209,-65,C
5008728,-78,0
5000946,-37,0
5002981,-77,0
5012430,-46,C
5006711,-56,C
5014617,-71,C
5007196,-6,0
5001702,-22,0
5008803,-9,0
5004573,-77,0
5000570,-52,C
5001699,-87,C
5001890,-29,0
5001935,-40,1
5013425,-53,C
5009596,-90,C
5013205,-48,C
5008329,-34,C
5010129,-49,C
5013442,-85,C
5001934,-28,C
5013846,-57,0
5004797,-32,C
5004778,-63,C
5010178,-25,1
5011987,-70,C
5008574,-91,1
5001735,-3,0
5008340,-24,C
5000263,-89,C
5010744,-44,2
5008360,-74,0
5012173,-23,X
5002514,-83,0
5011705,-7,C
5002214,-1,2
5012012,-43,2
5006748,-77,0
5012905,-29,C
5009799,-65,C
5001793,-63,C
5000957,-74,0
5003024,-49,C
5000856,-9,0
5007014,-19,C
5005139,-11,X
5009409,-73,2
5004369,-17,0
5003713,-35,0
5005574,-1,0
5007060,-54,0
5007105,-25,X
5008953,-78,0
5009043,-74,C
5011589,-76,1
5003003,-60,0
5004026,-55,0
5003318,-44,0
5012374,-82,C
5001159,-42,C
5001955,-64,C
5000446,-11,0
5008142,-50,1
5012113,-71,C
5002767,-50,C
5012011,-16,0
5009704,-16,1
5005628,-5,0
5007309,-81,2
5013000,-41,C
5013456,-8,C
5010604,-7,X
5010579,-5,C
5007942,-8,C
5011334,-13,0
5012062,-35,0
5010043,-95,C
5011822,-67,0
5001550,-11,0
5003908,-75,0
5005757,-73,1
5002608,-66,C
5006461,-32,0
5002617,-20,C
5012603,-85,0
5013790,-76,0
5003699,-72,X
5004430,-44,0
5011560,-7,0
5009151,-58,0
5011807,-82,0
5002368,-86,C
5008801,-13,X
5002386,-83,0
5012521,-4,C
5000166,-62,C
5013853,-68,C
5002691,-7,0
5006912,-35,1
5004064,-69,2
5006861,-85,0
5000558,-46,0
5008600,-49,1
5012361,-5,0
5011329,-7,0
5012409,-3,0
5003035,-14,C
5013253,-37,0
5005554,-47,0
5007837,-19,C
5008185,-17,0
5002246,-38,C
5005797,-25,C
5008864,-85,C
5010150,-92,0
5001524,-84,C
5000978,-29,1
5013494,-53,0
5013525,-62,0
5005144,-50,X
5003644,-72,0
5000697,-31,C
5007060,-93,2
5009080,-10,0
5010743,-92,0
5004463,-71,0
5008754,-66,2
5001871,-73,C
5000830,-18,0
5009754,-13,C
5014870,-9,0
5006093,-54,1
5013040,-55,C
5005716,-4,0
5010595,-52,2
5006525,-62,C
5014940,0,2
5011383,-62,C
5009164,-90,0
5000730,-73,0
5008043,-33,0
5008297,-86,1
5004861,-78,0
5006994,-25,0
5007568,-46,1
5009225,-5,1
5005938,-9,0
5013566,-9,0
5005680,-40,C
5010935,-41,1
5002969,-33,1
5010766,-77,C
5006205,-87,C
5011166,-92,0
5004271,-67,0
5008616,-15,0
5013507,-53,C
5003023,-50,C
5000976,-54,0
5012414,-29,C
5004180,-72,0
5005675,-37,C
5013789,-14,2
5012468,-29,C
5007571,-74,C
5004468,-67,C
5000456,-80,X
5013866,-1,C
5002929,-61,C
5011953,-68,C
5001672,-9,0
5008365,-87,1
5006262,-26,X
5009562,-40,C
5006780,-21,C
5000953,-6,X
5002052,-1,C
5009042,-63,0
5001076,-67,C
5005283,-82,1
5012268,-37,C
5014591,-76,C
5006571,-59,C
5008250,-46,0
5004795,-21,0
5002908,-91,1
5014218,-43,C
5010728,-66,0
5009856,-73,0
5001199,-57,X
5011634,-30,0
5004975,-75,C
5011130,-2,C
5009263,-2,0
5010836,-23,0
5012683,-50,0
5007556,-61,0
5005315,-23,C
5007638,-3,0
5001821,-91,C
5006124,-23,0
5005028,-32,0
5006477,-64,0
5003850,-87,1
5008767,-59,1
5009064,-47,0
5001451,-48,0
5007747,-42,C
5012355,-89,0
5011725,-25,1
5004262,-69,C
5000128,-21,0
5008828,-92,1
5010896,-26,X
5007422,-16,0
5003861,-87,1
5013370,-47,C
5011413,-64,0
5003140,-55,1
5013859,-18,C
5005037,-4,C
5008726,-55,0
5006781,0,C
5006994,-19,X
5001008,-84,2
5011413,-56,0
5011245,-33,C
5011852,-68,0
5009039,-24,0
5007257,-82,0
5013223,-49,C
5012924,-78,0
5008197,-77,C
5004343,-22,C
5013909,-71,C
5000074,-77,C
5000982,-46,0
5014280,-8,0
5014180,-8,0
5014513,-70,0
5002242,-20,0
5000390,-61,C
5006954,-78,C
5011432,-79,0
5014631,-28,2
5006682,-54,2
5014824,-33,0
5014522,-75,0
5002195,-59,0
5003334,-31,C
5004308,-56,C
5014160,-43,C
5008302,-7,X
5002229,-49,0
5002275,-44,C
5002035,-19,1
5009912,-86,C
5005848,-5,1
5008595,-84,0
5006279,-61,1
5002274,-45,0
5008584,-55,0
5014255,-42,C
5002051,-55,0
5008447,-95,C
5013387,-85,0
5000344,-65,C
5000540,-80,C
5011238,-85,0
5003854,-16,X
5012820,-81,C
5006132,-25,0
5006128,-69,0
5001371,-62,0
5010523,-88,C
5011093,-31,2
5007853,-38,0
5011111,-88,0
5007762,-55,C
5001723,-49,0
5013013,-46,0
5005664,-26,C
5012344,-78,0
5004468,-63,C
5008610,0,0
5011573,-4,C
5005621,-14,C
5003432,-35,C
5013578,-41,X
5014468,-41,2
5005587,-94,C
5013921,-71,0
5005336,-22,0
5009576,-33,C
5006400,-12,0
5012248,-5,1
5000545,-9,1
5009281,-46,0
5004027,-49,2
5013684,-21,0
5011024,-24,1
5003067,-66,0
5003128,-85,0
5001703,-66,0
5012325,-71,C
5014148,-62,1
5002155,-22,C
5001485,-42,2
5001101,-18,C
5009918,-22,0
5009671,-55,C
5004127,-55,C
5005075,-76,0
5005252,-67,1
5001622,-47,C
5000189,-12,C
5014378,0,0
5002577,-53,C
5005000,-6,C
5001461,-5,0
5010164,-51,X
5005415,-30,C
5007160,-11,C
5000182,-81,0
5007975,-27,0
5008238,-87,0
5002453,-51,0
5000664,-75,C
5011284,-67,C
5007176,-45,C
5014243,-68,X
5014792,-42,C
5008494,-8,C
5011969,-92,C
5004433,-73,1
5014651,-94,0
5005129,-72,C
5006440,-52,C
5003401,-78,1
5003679,-85,0
5001577,-27,C
5002273,-81,2
5013573,-42,C
5006695,-57,C
5012530,-40,C
5010908,-49,C
5000816,-31,2
5010308,-13,0
5002156,-49,0
5009070,-41,C
5002535,-17,0
5008655,-7,C
5001497,-78,C
5004957,-87,0
5009999,-55,0
5002319,-64,0
5002326,-65,C
5013810,-18,C
5002945,-91,2
5008965,-73,0
5002608,-16,0
5008880,-48,C
5013335,-58,1
5008205,-32,1
5012631,-95,2
5002733,-57,1
5000373,-21,1
5014964,-90,C
5006929,-62,1
5003881,0,2
5003806,-82,2
5003428,-66,0
5000231,-64,0
5007989,-29,X
5006105,-9,C
5004020,-28,0
5007020,-90,C
5010854,-54,0
5008917,-61,C
5007282,-77,0
5006269,-77,C
5014031,-58,2
5002814,-29,X
5004643,-16,C
5009716,-77,0
5012885,-80,X
5000967,-13,C
5006080,-68,0
5003956,-56,C
5008057,-23,C
5007591,-26,0
5009439,-35,0
5013518,-51,0
5002518,-30,C
5001602,-30,C
5001527,-37,C
5003611,-81,C
5011991,-37,0
5002596,-70,C
5009829,-22,C
5004580,-58,1
5000493,-22,0
5013366,-54,C
5004122,-52,C
5006314,-74,C
5007822,-18,0
5012186,-34,0
5009741,-42,1
5012174,-73,C
5006755,-35,C
5008299,-28,0
5001267,-64,0
5008864,-53,0
5004674,-69,0
5014733,-50,0
5010207,-62,C
5005579,-79,0
5001580,-50,0
5002804,-19,C
5010034,-92,0
5005762,-83,0
5012015,-89,1
5000864,0,0
5010526,-34,2
5006467,-57,C
5011875,-43,0
5006048,-63,C
5007546,-15,C
5006367,-71,0
5003479,-63,0
5002281,-72,0
5011125,-76,C
5008766,-28,0
5009611,-85,0
5006536,-28,C
5011959,-5,C
5000384,-60,C
5013339,-33,0
5008670,-38,C
5014192,-85,C
5008384,-19,0
5011550,-37,C
5001153,-17,C
5012750,-32,0
5005465,-2,C
5000274,-41,0
5010361,-51,C
5010906,-78,0
5002479,-65,C
5004514,-42,0
5005639,-75,0
5009676,-2,C
5001474,-55,C
5012513,-65,0
5002605,-15,C
5012020,-80,0
5002659,-95,1
5009909,-51,C
5000667,-54,0
5008554,-2,C
5001841,-45,1
5013899,-67,2
5014549,-71,C
5014671,-84,C
5000158,-78,C
5001252,-78,C
5013990,-87,C
5000584,-49,C
5014464,-76,0
5014700,-27,C
5009629,-40,0
5003533,-56,0
5012987,-46,C
5009160,-85,0
5001854,-17,C
5008368,-84,C
5001649,-10,0
5014002,-92,0
5014217,-19,C
5005974,-55,0
5009810,-50,C
5001624,-38,0
5012211,-77,0
5012801,-48,C
5001331,-55,0
5000258,-78,0
5012802,-58,C
5007368,-52,0
5011434,-68,C
5006079,-43,C
5004584,-30,2
5009721,-55,0
5006073,-66,0
5009296,-92,0
5002885,-2,0
5008092,-37,0
5013800,-94,0
5002223,-24,0
5011118,-12,1
5002877,-14,2
5001392,-16,C
5003545,-13,C
5006078,-39,0
5001895,-20,C
5006374,-47,0
5014879,-76,0
5005137,-50,1
5005351,-4,C
5007651,-64,0
5005655,-1,0
5011670,-6,2
5012726,-46,C
5003081,-95,C
5000630,-61,0
5010901,-67,0
5000297,-39,C
5003109,-78,0
5012779,-76,C
5014193,-67,0
5012513,-47,0
5013922,-23,0
5013159,-28,1
5005456,-65,C
5001215,-10,C
5013464,-77,1
5000477,-93,C
5012209,-71,C
5010290,-81,0
5008686,-50,C
5005631,-24,C
5010062,-34,1
5001951,-56,C
5008088,-82,1
5004385,-36,0
5012828,-6,0
5012109,-83,2
5010468,-53,X
5001052,-27,0
5007837,-4,0
5011344,-16,2
5002316,-61,0
5006275,-91,0
5002496,-66,0
5001161,-6,C
5008393,-16,0
5012343,-66,0
5007683,-5,0
5009314,-94,C
5008470,-25,X
5000317,-73,0
5010651,-92,2
5007594,-46,C
5003798,-50,0
5013907,-20,1
5009272,-30,2
5008363,-84,0
5006455,-41,1
5000987,-92,C
5010856,-58,0
5008798,-79,0
5010303,-61,C
5002839,-78,C
5012684,-44,2
5004164,-60,C
5003638,-40,0
5003841,-90,C
5008755,-91,C
5001955,-25,2
5012162,-89,0
5000453,-23,0
5003024,-42,0
5000660,-37,X
5010912,-57,C
5005666,-39,C
5005979,-88,1
5004487,-64,C
5004622,-62,C
5008782,-32,1
5004552,-3,0
5003877,-16,0
5004489,-36,0
5013402,-20,0
5004695,-17,0
5001842,-69,C
5014299,-53,0
5000416,-42,X
5001027,-7,0
5006101,-28,C
5000725,-4,0
5011483,-82,0
5001800,-75,C
5002457,-51,0
5013744,-74,C
5007218,-63,0
5012869,0,C
5013458,-19,C
5005604,-91,C
5004246,-8,C
5006772,-56,C
5010037,-43,2
5006535,-55,0
5009389,-19,0
5001317,-36,C
5012870,-72,C
5007551,-5,X
5008487,-33,0
5003960,-71,0
5012636,-66,0
5003584,-49,C
5000154,-89,0
5006174,-72,0
5011722,-54,0
5013080,-83,C
5012189,-89,C
5002836,-63,0
5001386,-61,0
5011051,-81,C
5014652,-72,0
5002412,-6,2
5004960,-83,0
5009899,-51,0
5005557,-66,0
5000074,-71,C
5011046,-74,C
5014133,-34,1
5004148,-89,C
5002298,-19,C
5002655,-11,C
5006672,-42,0
5011873,-36,C
5004774,-22,C
5008587,-59,C
5013838,-48,C
5009802,-63,0
5014195,-1,0
5003409,-8,C
5013843,-69,C
5003733,-76,0
5001994,-29,0
5007008,-8,C
5010392,-82,C
5011937,-79,0
5011751,-16,C
5001214,-27,1
5014099,-69,0
5006580,-59,0
5010335,-33,C
5002440,-75,C
5001140,-55,0
5014560,-88,0
5001628,-66,C
5007631,-45,0
5002386,-60,0
5001810,-67,0
5009632,-37,0
5013714,-58,0
5002282,-39,C
5004427,-36,C
5006510,-89,C
5013815,-79,0
5012359,-25,C
5010834,-20,0
5003567,-36,0
5002628,-92,X
5014308,-40,0
5010346,-58,0
5002993,-66,2
5010235,-82,C
5014713,-45,C
5000721,-30,0
5003018,-3,0
5014211,-48,C
5008173,-71,0
5001313,-42,2
5001370,-91,C
5005726,-21,C
5011742,-67,0
5006035,-33,0
5011368,-20,1
5004207,-47,0
5002939,-46,1
5009341,-5,C
5010662,-19,0
5005910,-89,0
5013114,-60,0
5010512,-15,C
5009618,-72,C
5000266,-26,C
5010175,-40,1
5007728,-47,0
5012192,-21,0
5002602,-15,C
5005407,-93,C
5005985,-73,0
5000422,-55,0
5011243,-25,C
5009025,-83,0
5013690,0,0
5002153,-66,C
5006008,-70,C
5006200,-82,0
5009740,-74,C
5013385,-84,0
5004637,-75,0
5009803,-24,C
5003116,-7,2
5000096,-53,0
5006446,-94,C
5010771,-73,0
5007735,-36,0
5000636,-55,1
5003752,-56,C
5000448,-35,0
5007362,-68,1
5000643,-29,C
5002486,-91,1
5003019,-87,0
5014186,-27,0
5010136,-4,0
5001313,-78,1
5012429,-51,0
5009543,-49,C
5011889,-20,0
5002782,-58,0
5008732,-45,1
5001894,-76,0
5008750,-87,0
5010048,-28,C
5014659,-49,C
5006264,-83,0
5009443,-64,0
5011629,-59,0
5006120,-30,C
5014419,-83,1
5005969,-52,0
5002465,-40,C
5008212,-81,0
5000454,-85,C
5013666,-17,C
5005432,-93,C
5014275,-79,0
5001167,0,2
5013530,-82,C
5003846,-32,X
5006757,-41,C
5014212,-24,0
5006273,-6,0
5008306,-77,1
5001036,-24,0
5013730,-48,2
5011162,-90,C
5002992,-50,0
5000684,-54,1
5012043,-89,C
5003780,-77,C
5001374,-25,C
5003872,-62,0
5012334,-53,C
5010723,-39,0
5001687,-85,0
5005776,-35,C
5004610,-47,0
5009403,-3,0
5010345,-75,0
5010570,-41,1
5011149,-62,2
5002602,-23,0
5000645,-40,0
5014020,-82,C
5009563,-72,1
5006507,-64,C
5010545,-73,0
5003096,-69,0
5010389,-80,X
5005848,-26,1
5010111,-17,C
5006989,-37,0
5002075,-38,0
5000631,-5,C
5006153,-37,C
5000127,-82,0
5007531,-16,C
5001801,-38,1
5008318,-83,C
5014141,-81,0
5003991,-95,C
5007207,-19,C
5006004,-57,C
5001549,-13,0
5007098,-19,C
5011909,-73,C
5014224,-20,C
5004038,-8,0
5014128,-25,X
5006948,-76,0
5011298,-19,0
5014236,-55,0
5003608,-64,0
5014270,-35,X
5004494,-38,0
5005691,-59,C
5005256,-94,0
5004875,-41,0
5007572,-93,C
5010584,-78,0
5013468,-11,C
5002018,-31,C
5013584,-78,0
5005671,-34,X
5004178,-69,X
5013167,-34,C
5002017,-6,C
5009686,-84,1
5009687,-63,C
5005527,-83,C
5002743,-1,0
5013124,-6,0
5013813,-50,1
5001152,-60,0
5004129,-74,X
5004163,-59,0
5000348,-53,1
5008407,-85,0
5008856,-27,1
5013093,-20,0
5003488,-65,C
5007219,-79,0
5009996,-79,C
5012964,-7,0
5003048,-84,C
5004408,-3,2
5014555,-9,0
5001488,-67,0
5014569,-1,C
5013489,-9,1
5009710,-54,0
5011218,-93,0
5012762,-92,0
5010251,-9,0
5006517,-80,1
5008410,-50,0
5009854,-16,C
5013536,-86,0
5012853,-62,C
5007121,-11,0
5002709,-4,0
5003019,-67,2
5005330,-55,0
5003016,-35,2
5009064,-4,C
5009048,-30,0
5003358,-25,0
5009111,-27,C
5009225,-77,2
5000332,-39,C
5008764,-65,0
5009769,-79,C
5005791,-50,C
5012985,-82,C
5013744,-20,0
5012515,-29,X
5002331,-5,0
5004515,-94,C
5007611,-59,C
5003785,-49,0
5007170,-71,0
5001992,-5,1
5006763,-1,2
5008897,-13,X
5005720,-35,1
5005122,-53,0
5004181,-90,C
5000796,-80,1
5014722,-68,1
5011097,-60,C
5003343,-19,0
5001866,-58,C
5007142,-28,0
5006976,-94,0
5003645,-64,2
5000884,-16,1
5003354,-87,C
5004195,-61,0
5010774,-56,C
5013002,-66,2
5013060,-85,0
5008662,-77,0
5010880,-91,0
5009560,-30,C
5011854,-79,X
5010112,-56,0
5014430,-71,2
5001380,-2,C
5001804,-44,C
5010706,-43,C
5000403,-54,0
5004814,-29,C
5013142,-34,2
5005349,-88,0
5007254,-41,1
5004178,-2,C
5010746,-58,C
5006736,-77,1
5013972,-15,0
5005065,-71,0
5007053,-74,0
5005448,-71,0
5004747,-62,X
5011307,-43,C
5008664,-52,C
5011685,-58,C
5005144,-86,C
5011250,-72,C
5012038,-77,0
5006316,-93,0
5003164,-18,C
5004959,-24,X
5010145,-11,0
5004237,-49,X
5002093,-87,C
5014974,-85,0
5005955,-31,0
5011020,-81,C
5009307,-92,0
5007918,-25,C
5013066,-80,C
5008315,-3,C
5000639,-24,C
5007733,-92,0
5009205,-55,0
5013477,-30,X
5011311,-73,2
5004211,-93,0
5010608,-22,C
5014463,-61,X
5003763,-52,C
5008212,-76,0
5004185,-91,C
5001737,-59,C
5008161,-85,0
5007049,-23,2
5001987,-4,0
5009570,-77,C
5011309,-83,C
5013650,-47,1
5013301,-90,0
5012888,-91,1
5006640,-75,0
5002258,-55,0
5014250,-21,C
5014948,-6,C
5010709,-31,1
5010985,-58,0
5003630,-85,0
5009357,-6,C
5010412,-68,0
5001385,-49,C
5002596,-83,C
5007676,-2,0
5002677,-7,0
5008826,-29,2
5013587,-7,C
5003568,-78,C
5001522,-58,C
5010828,-12,0
5007804,-34,C
5009897,-41,0
5008832,-30,1
5003640,-93,C
5004634,-64,0
5002552,-79,X
5005935,-29,2
5004535,-61,0
5003101,-38,C
5010814,-64,C
5013201,-89,C
5013611,-77,0
5003026,-94,0
5012889,-1,2
5003818,-75,C
5010178,-75,C
5001490,-91,0
5010879,-24,C
5003255,-80,C
5014497,-64,1
5006240,-28,C
5000210,-62,0
5002713,-53,0
5012140,-30,C
5013128,-63,C
5011518,-77,X
5008420,-32,1
5004098,-48,1
5014234,-51,1
5013893,-78,0
5012627,-67,0
5006858,-37,1
5008178,-65,C
5010485,-81,C
5010273,-24,C
5005827,-42,1
5000380,-66,C
5004880,-17,1
5007661,-3,1
5013359,-73,C
5011055,-83,1
5011125,-83,0
5004015,-39,C
5001226,-1,X
5003540,-2,C
5009828,-19,X
5000143,-43,1
5011260,-44,C
5009603,-8,0
5001039,-42,2
5007425,-30,0
5003090,-26,0
5001630,-70,0
5005322,-5,C
5006970,-20,X
5005746,-50,1
5007971,-93,1
5008997,-62,C
5006481,-87,C
5011594,-79,0
5012741,-71,1
5010059,-84,0
5004025,-71,0
5003809,-28,0
5005909,-63,0
5004922,-5,2
5003398,-91,0
5010956,-86,0
5010177,-80,C
5004936,-82,C
5003729,-45,C
5009486,-94,C
5006384,-76,C
5000623,-47,C
5003378,-21,0
5011519,-77,2
5008058,-68,0
5006040,-42,2
5010100,-69,0
5011042,-26,1
5014093,-3,C
5004238,-39,0
5004693,-18,0
5004675,-79,0
5005825,-67,0
5010354,-18,0
5010758,-94,0
5010355,-50,C
5003260,-5,C
5005851,-13,C
5006324,-40,C
5001781,-53,C
5014202,-74,C
5014204,-86,C
5009491,-70,0
5011849,-88,0
5010337,-56,0
5004656,-60,0
5000648,-59,0
5008699,-94,C
5006690,-58,X
5004683,-37,C
5000352,-95,X
5004920,-49,C
5000359,-90,0
5003046,-36,0
5014914,-22,0
5007715,-57,0
5005793,-35,1
5000820,-15,0
5012121,-31,C
5011322,-40,0
5013774,-10,0
5001966,-49,0
5011111,-7,C
5008287,-87,0
5011904,-82,0
5012518,-50,C
5007558,-68,0
5001217,-7,C
5010678,-13,2
5000516,-36,C
5014938,-54,C
5006611,-86,C
5008375,-55,1
5008893,-30,C
5011520,-87,0
5003379,-42,C
5013599,-20,C
5010388,-57,1
5005979,-77,1
5009386,-86,X
5002329,-11,0
5014993,-37,C
5004938,-16,C
5006758,-37,1
5009561,-84,C
5011519,-57,0
5014306,-14,C
5005596,-92,0
5000126,-43,C
5010093,-9,C
5009622,-21,C
5011379,-30,C
5013652,-40,1
5014249,-93,1
5007250,-69,C
5011688,-39,0
5011606,-19,C
5013501,-31,X
5013923,-78,1
5010979,-47,0
5006128,-89,1
5008606,-46,C
5009621,-29,0
5013062,-50,C
5006245,-14,0
5014894,-66,C
5003322,-13,0
5014675,-49,C
5009031,-61,C
5007106,-24,C
5000359,-56,1
5008175,-42,C
5014352,-33,C
5014327,-34,1
5003743,-46,C
5007436,-15,C
5007302,-93,0
5000594,-50,0
5002994,-31,1
5005502,-34,1
5011526,-23,0
5002954,-34,C
5001158,-24,C
5006791,-48,C
5014589,-40,C
5000133,-88,C
5002780,-88,C
5008954,-10,C
5001099,-16,0
5006273,-75,0
5011661,-53,C
5006322,-30,C
5002592,-8,0
5013341,-26,C
5013710,-89,C
5004076,-35,C
5002115,-80,1
5006538,-66,C
5011392,-20,C
5007591,-26,C
5004878,-67,0
5014499,-23,C
5009081,-45,C
5008050,-68,C
5012772,-79,C
5003740,-38,C
5000842,-61,1
5010758,-88,0
5006673,-24,0
5011624,-34,0
5008718,-83,C
5004792,-76,C
5002989,-36,0
5013120,-80,C
5002043,-29,C
5006541,-21,0
5001237,-54,0
5004802,-80,0
5005533,-54,0
5013151,-27,0
5005454,-12,0
5000880,-70,0
5000534,-73,1
5011110,-10,1
5003729,-68,0
5006213,-56,1
5000091,-91,C
5004964,-21,C
5002590,-82,0
5003471,-30,C
5007473,-95,0
5011566,-27,1
5005271,-51,C
5000699,-1,C
5013702,-56,C
5009469,-3,C
5000123,-36,C
5011470,-45,0
5009544,-4,C
5013740,-90,C
5006224,-55,C
5012564,-11,1
5003738,-62,0
5000187,-66,0
5000712,-70,0
5007746,-24,C
5006458,-45,0
5005652,-22,0
5010556,-23,0
5012474,-47,C
5008147,-38,C
5006394,-58,0
5010126,-78,2
5013710,-7,2
5006934,-47,0
5002501,-89,0
5014195,-15,C
5013581,-72,C
5002361,-93,C
5006157,-78,C
5004761,-51,C
5012180,-21,C
5009251,-76,C
5006966,-93,C
5001793,-20,0
5007507,-2,C
5014962,-81,0
5005802,-92,C
5007599,-83,C
5002770,-50,C
5003036,-37,C
5012914,-34,0
5009019,-41,0
5011246,-41,0
5009431,-53,0
5014741,-1,C
5000271,-54,0
5003419,-33,C
5011218,-57,C
5005348,-16,0
5008007,-35,C
5007763,-91,0
5011275,-24,0
5002949,-38,C
5010973,-90,C
5009661,-40,0
5004070,-91,0
5001579,-53,C
5013920,-79,0
5009582,-64,C
5000733,-32,0
5014354,-54,0
5010677,-27,X
5013624,-21,0
5003738,-63,C
5014786,-32,1
5009605,-29,0
5005677,-53,0
5012351,-54,C
5012380,-15,C
5003336,-93,C
5013513,-6,0
5003225,-40,C
5007411,-8,C
5014066,-58,0
5004612,-61,0
5014313,-76,0
5002283,-45,0
5010270,-56,1
5005926,-39,0
5012018,-64,2
5001800,-14,C
5007539,-5,C
5006879,-7,C
5005030,-17,0
5001449,-74,C
5000339,-18,C
5014798,-73,0
5012055,-47,2
5002062,-10,C
5000091,-60,X
5013313,-49,C
5012126,-29,0
5000070,-24,2
5006187,-74,0
5009708,-36,1
5012342,-91,X
5010893,-6,C
5001537,-93,2
5008916,-35,C
5003863,-65,0
5014977,-42,0
5007576,-73,X
5001410,-91,0
5000178,-39,C
5010986,-87,X
5010084,-68,0
5004061,-51,C
5005056,-83,0
5014064,-71,C
5007409,-50,X
5001330,-36,C
5013956,-2,0
5014299,-50,C
5014402,-65,C
5012792,-43,C
5012471,-79,1
5003973,-38,0
5012758,-66,0
5000854,-76,0
5014486,-11,0
5009279,-52,0
5001431,-88,C
5005104,-4,0
5010093,-63,C
5013773,-69,0
5007687,-86,0
5000476,-90,2
5014895,-3,0
5002892,-87,C
5001638,-2,0
5011019,-23,1
5002897,-70,0
5007494,-77,2
5005040,-82,C
5010964,-54,0
5014447,-66,0
5012389,-34,0
5014109,-73,0
5011998,-72,2
5004641,-25,C
5003534,-51,C
5003519,-17,C
5000897,-4,0
5004267,-59,0
5009320,-86,C
5004957,-59,0
5009262,-48,C
5007740,-6,1
5008504,-7,0
5011527,-55,1
5014173,-95,C
5005333,-51,0
5013674,-73,C
5007079,-11,C
5007700,-63,0
5014920,-28,C
5014311,-21,2
5010751,-43,C
5004051,-29,0
5000535,-44,0
5007664,-65,1
5010120,-2,0
5011883,-14,0
5008628,-69,C
5014883,-7,0
5007785,-52,2
5012054,-14,X
5010964,-18,C
5005732,-71,2
5001060,-86,1
5006579,-57,2
5008875,-46,1
5009447,-84,0
5000443,-70,C
5011784,-80,2
5011539,-58,0
5008943,-17,0
5008881,-90,X
5001951,-72,0
5009170,-49,C
5005370,-79,1
5003432,-25,0
5002769,-19,C
5011093,-57,0
5005265,-50,C
5001424,-70,0
5011087,-23,C
5000230,-9,0
5011317,-24,1
5006231,-73,0
5003735,-32,0
5003622,-65,C
5002643,-70,X
5003152,-62,0
5001948,-78,2
5012492,-21,0
5000468,-27,X
5004432,-72,0
5006914,-48,C
5003604,-60,0
5010088,-47,C
5005482,-95,2
5002808,-92,C
5014370,-63,C
5004521,-88,1
5006365,-9,0
5001245,-87,0
5009917,-68,C
5006815,-54,C
5006100,-94,C
5013379,-69,0
5005138,-73,C
5000537,-47,0
5004546,-1,0
5005204,-41,C
5007203,-15,0
5000537,-75,0
5011515,-55,0
5011263,-7,C
5004313,-49,0
5000063,-10,C
5009397,-22,2
5001679,-88,0
5009908,-9,C
5002026,-76,0
5002054,-2,C
5006702,-58,0
5003210,-56,0
5004031,-20,C
5000517,-66,0
5013459,-54,2
5001057,-29,0
5004370,-40,0
5014468,-52,0
5003750,-55,C
5014084,-16,1
5003193,-53,C
5010102,-62,0
5010303,-62,X
5009410,-47,0
5003248,-20,0
5009688,-92,0
5001402,-20,0
5009978,-67,1
5005302,-56,X
5007122,-19,0
5004387,-73,C
5011704,-13,0
5002436,-73,0
5001996,-61,C
5014663,-50,1
5007402,-29,C
5006781,-18,0
5004915,-12,C
5009685,-56,0
5010245,-66,0
5007446,-58,C
5010571,-5,1
5001868,-49,C
5004886,-40,0
5001191,-68,C
5008681,-30,C
5008812,-51,C
5000347,-61,C
5007109,-22,0
5008334,-74,0
5008333,-39,C
5002025,-93,C
5007519,-55,C
5010105,-25,C
5002132,-6,0
5011855,-27,1
5008772,-21,0
5013229,-39,C
5009379,-38,C
5012285,-31,C
5001154,-17,0
5010448,-50,C
5008648,-74,2
5012978,-59,0
5000756,-30,C
5000109,-31,C
5005612,-92,2
5006600,-12,C
5003423,-49,0
5007092,-54,0
5014791,-26,C
5011723,-19,0
5010366,-29,C
5002380,-26,0
5002812,-53,0
5000043,-5,C
5003226,-7,0
5010225,-90,0
5011283,-34,C
5005188,-68,0
5001770,-49,C
5011903,-16,X
5003076,-39,C
5014055,-42,1
5009241,-57,0
5004384,-33,C
5012353,-18,C
5001729,-68,X
5003384,-23,C
5001302,-30,0
5001046,-84,0
5004221,-88,2
5001031,-46,0
5011266,-48,C
5014731,-5,C
5014607,-6,C
5003693,-56,C
5005775,-46,0
5002458,-16,0
5009166,-21,1
5010332,-44,1
5014115,-13,C
5006602,-49,1
5010276,-37,0
5010677,-5,C
5000483,-63,C
5007089,-45,C
5004545,-54,X
5014568,-28,0
5003340,-50,0
5014804,-36,0
5013122,-10,C
5001412,-85,2
5003600,-79,C
5014483,-3,C
5014174,-45,1
5013135,-52,C
5007496,-59,C
5009616,-15,C
5009502,-67,C
5008889,-13,0
5004501,-18,C
5006664,-7,0
5012336,-89,C
5001278,-89,0
5011117,-23,X
5007971,-24,0
5002451,-59,0
5005440,-35,0
5007571,-8,1
5007755,-72,0
5002571,-46,0
5007771,-28,C
5009718,-66,0
5013609,-44,1
5011589,-4,C
5012378,-31,0
5014323,-58,0
5005800,-76,0
5004108,-52,0
5003049,-33,0
5009273,-35,0
5007392,-78,C
5014707,-14,C
5001279,-47,0
5003964,-84,C
5009744,-71,0
5008248,-38,C
5009658,-65,0
5013442,-85,0
5012412,-10,1
5011651,-54,0
5006422,-76,C
5009524,-68,1
5000768,-80,1
5011377,-44,0
5001757,-31,0
5006697,-58,0
5008128,-63,0
5012322,-3,X
5003202,-55,0
5005992,-1,0
5012363,-59,X
5004469,-15,1
5008175,-77,C
5010727,-69,C
5002351,-10,C
5004239,-82,0
5000394,-91,C
5005740,-76,1
5007076,-42,1
5014999,-2,0
5004145,-46,2
5012039,-10,1
5006377,-38,C
5013814,-92,C
5001997,-86,0
5005583,-61,0
5005970,-49,0
5001126,-89,C
5007653,-68,0
5005779,-77,C
5001255,-2,0
5000402,-1,C
5013023,-12,0
5001574,-68,C
5014625,-56,0
5009924,-54,1
5009298,-73,C
5008632,-55,0
5008618,-58,C
5009345,-78,C
5010449,-5,C
5005626,-54,0
5000032,-73,C
5009518,-8,C
5011114,-54,C
5000588,-39,C
5012216,-22,C
5003318,-20,1
5002715,-3,C
5004845,-62,C
5008492,-46,C
5009775,-4,C
5006533,-17,0
5003951,-67,0
5010088,-15,C
5003143,-58,0
5012209,-4,C
5005826,-91,0
5003977,-29,0
5014753,-48,0
5000177,-32,0
5014796,-41,X
5013131,-39,0
5010468,-67,0
5007306,-54,0
5014573,-39,C
5003338,-14,C
5005198,-33,C
5011107,-67,0
5011833,-91,C
5005047,-4,0
5009058,-7,0
5011426,-50,C
5014781,-2,1
5011844,-29,2
5004759,-19,C
5000660,-86,C
5010612,-86,0
5007080,-16,0
5008526,-50,C
5014425,-36,0
5014920,-33,0
5004342,-58,0
5013633,-22,0
5005226,-65,0
5003384,-52,C
5014780,-25,C
5014857,-33,0
5001619,-70,C
5001587,-89,C
5007317,-33,1
5001886,-43,1
5002722,-49,C
5002821,-73,0
5007948,-50,0
5005371,-37,0
5000658,-28,0
5001882,-23,1
5008847,-83,C
5012169,-20,0
5010528,-25,1
5010844,-8,0
5009250,-33,C
5005589,-59,C
5005952,-62,2
5013638,-85,0
5001170,-3,1
5002317,-71,0
5010445,-69,0
5005053,-47,0
5013554,-91,C
5011940,-89,0
5009728,-9,X
5002574,-69,0
5008831,-66,1
5007650,-14,C
5001176,-20,2
5004790,-33,C
5000353,-5,C
5012263,-72,0
5010862,-43,C
5012621,-90,1
5002193,-70,X
5014150,-67,0
5005914,-47,0
5006589,-10,C
5005623,-41,0
5002528,-6,C
5009914,-71,C
5005903,-7,C
5004883,-31,C
5003703,-42,1
5012742,-93,1
5000772,-32,C
5007037,-33,C
5002883,-43,C
5004611,-82,0
5011876,-82,C
5000001,-44,0
5006886,-37,1
5008005,-58,C
5003244,-16,2
5005705,-48,0
5003464,-79,0
5005312,-63,1
5002631,-9,0
5007876,-33,1
5012608,-73,0
5013819,-91,C
5002824,-71,1
5011016,-95,C
5014167,-27,0
5000664,-30,C
5004898,-93,0
5002223,-63,X
5011697,-28,0
5013044,-86,0
5008427,-81,C
5001641,-27,1
5006124,-34,C
5006317,-22,C
5003524,-49,0
5012509,-61,X
5006107,-25,0
5004745,-47,1
5014781,-35,C
5007556,-57,0
5007357,-37,0
5002301,-66,C
5012457,-65,0
5008068,-49,0
5006772,-65,C
5010443,-71,0
5006900,-30,C
5003807,-1,0
5004427,-6,C
5011634,-93,C
5001068,-2,C
5009421,-84,1
5006498,-75,C
5007538,-75,C
5001667,-41,1
5006831,-13,2
5014097,-32,2
5006971,-28,0
5009827,-95,C
5001916,-43,0
5001753,-80,0
5012153,-86,0
5012051,-75,C
5000957,-46,0
5002870,-78,0
5007531,-7,X
5014650,-64,0
5010408,-60,C
5002112,-15,C
5014089,-8,1
5014274,-5,C
5006046,-28,2
5008205,-94,1
5005101,-77,C
5010218,-44,0
5000885,-79,0
5008663,-37,C
5001941,-13,0
5002017,-4,C
5001369,-9,0
5005909,-48,0
5002988,-95,0
5010112,-32,0
5010731,-74,1
5012878,-67,1
5009489,-18,1
5014300,-20,C
5007495,-92,0
5000764,-3,0
5000965,-35,0
5000099,-66,C
5000008,-23,C
5010253,-80,C
5013292,-47,0
5011850,-90,0
5005365,-93,C
5012280,-79,C
5009424,-49,0
5007612,-44,C
5013341,-73,C
5005543,-57,0
5014269,-85,0
5007005,-40,C
5001771,-77,0
5010647,-44,0
5008567,-11,0
5010158,-2,X
5003537,-95,0
5010765,-52,0
5007358,-89,0
5014164,-73,C
5014997,-87,0
5002728,-45,0
5006159,-15,C
5003182,-27,C
5013092,-63,C
5010811,-9,0
5009365,-89,0
5002841,-46,C
5003017,-20,C
5007495,-69,0
5004406,-7,0
5002367,-80,C
5001023,-48,C
5002840,-15,1
5007895,-48,1
5011886,-65,0
5012353,-18,C
5003241,-66,0
5009470,-75,C
5013485,-49,0
5004976,-31,C
5007275,-43,0
5000052,-86,C
5009038,-19,0
5010097,-66,1
5008103,-11,2
5006762,-47,0
5008296,-52,C
5013675,-75,0
5012440,-47,C
5008044,-77,C
5014137,-91,C
5006522,-63,2
5001749,-41,C
5009106,-10,0
5011589,-60,C
5012487,-53,1
5010204,-77,C
5004270,-83,C
5012639,-50,C
5010843,-14,C
5005366,0,C
5000098,-43,C
5006914,-88,C
5005567,-16,0
5014645,-85,0
5005942,-17,C
5013457,-57,C
5010824,-50,C
5014173,-35,0
5005261,0,0
5009473,-8,C
5003734,-30,C
5002630,-88,0
5010267,-95,1
5011128,-6,C
5004879,-93,0
5006790,-60,C
5006510,-49,C
5010504,-26,1
5007791,-47,C
5013420,-61,C
5004560,-31,C
5012513,-12,C
5008264,-14,0
5009342,-18,2
5000916,-48,0
5013135,-37,X
5006585,-49,C
5001160,-36,0
5005988,-77,C
5007954,-35,0
5007303,-28,1
5010268,-82,C
5010443,-67,C
5006845,-64,C
5005802,-80,C
5003468,-47,0
5009967,-76,0
5008524,-22,C
5007600,-25,C
5007690,-88,0
5010883,-60,1
5007134,-18,0
5014210,-81,2
5002384,-33,0
5010561,-81,X
5014465,-89,1
5008046,-49,C
5002670,-14,0
5013817,-37,C
5002086,-20,1
5006384,-42,1
5002844,-52,C
5010854,-59,C
5006148,-92,2
5013018,-53,C
5005435,-60,C
5010031,-4,0
5007664,-13,1
5012458,-43,0
5002172,-46,0
5002511,-22,0
5009444,-63,0
5004482,-4,C
5009979,-43,0
5002855,-36,0
5006767,-82,C
5006477,-29,1
5009194,-58,C
5013801,-2,C
5008261,-78,2
5001350,-41,0
5006908,-66,C
5003211,-27,X
5014740,-9,0
5014177,-40,C
5010701,-27,C
5006774,-30,C
5000387,-70,1
5009858,-36,C
5006668,-31,0
5002068,-88,1
5011464,-41,0
5011742,-82,1
5011754,-89,0
5007156,-64,0
5012058,-15,2
5009974,-8,0
5010384,-21,0
5000832,-59,1
5005153,0,C
5012191,-32,2
5002478,-6,1
5009536,-85,1
5000480,-20,C
5012834,-94,C
5012068,-40,0
5013923,-70,C
5009044,-95,0
5003222,-16,C
5014208,-24,C
5004673,-41,C
5006039,-78,0
5004592,-61,1
5007238,-71,C
5008742,-92,0
5006502,-19,C
5013108,-78,C
5006719,-32,C
5001985,-46,C
5008206,-13,C
5004965,-31,C
5014621,-32,0
5006615,-77,X
5011168,-87,0
5001894,-46,C
5007937,0,1
5012514,-31,C
5000456,-48,C
5009837,-1,0
5010881,-75,C
5012610,-63,C
5001060,-77,X
5009459,-30,0
5010594,-5,C
5013644,-62,0
5007023,-11,C
5010976,-74,0
5000751,-45,C
5014435,-61,1
5000373,-62,0
5010222,-1,0
5009838,-57,2
5002675,-14,C
5003352,-47,0
5010596,-64,1
5004107,-33,0
5007574,-50,C
5013223,-37,0
5008251,-52,C
5004962,-76,0
5011735,-93,C
5003188,-52,0
5014900,-41,0
5000764,-71,C
5014096,-26,0
5008799,-63,0
5009278,-65,0
5000534,-59,0
5001421,-93,0
5007060,-38,0
5008162,-7,C
5001659,-82,0
5009779,-5,2
5006497,-54,1
5004847,-74,C
5008037,-87,C
5006559,-69,0
5012912,-52,C
5013286,-93,C
5000824,-29,0
5009992,-92,C
5001977,-35,0
5008710,-94,0
5008974,-77,0
5001375,-19,0
5003681,-42,C
5002752,-54,C
5011068,-69,1
5014830,-46,C
5011425,-95,0
5000813,-26,C
5007392,-40,1
5008493,-83,C
5008236,-42,X
5006034,-24,C
5003765,-67,0
5007844,-14,C
5009179,-7,0
5012858,-62,C
5001837,-42,0
5012073,-32,X
5013153,-92,0
5001422,-92,0
5004261,-7,0
5013882,-54,0
5010958,-90,C
5002838,-65,0
5003937,-19,0
5001924,-7,C
5008612,-38,0
5002986,-49,0
5000035,-46,X
5008651,-6,X
5013738,-82,0
5010825,-92,2
5010482,-79,0
5010662,-53,C
5005345,-75,1
5014055,-46,0
5004833,-10,X
5010183,-4,0
5005671,-2,0
5000588,-34,C
5003154,-49,C
5002808,-2,0
5009982,-50,C
5012646,-75,2
5012146,-13,2
5012166,-11,0
5014007,-55,C
5012431,-65,C
5010916,-89,C
5010173,-56,C
5009194,-69,1
5003413,-77,X
5006499,-82,0
5008749,-51,C
5005023,-46,C
5006645,-79,1
5004881,-30,C
5003693,-27,X
5008720,-50,C
5001626,-92,0
5000961,-84,X
5006998,-28,C
5003272,-57,0
5007456,-67,C
5008630,-94,0
5011775,-66,C
5010907,-62,0
5006011,-54,0
5001373,-85,C
5007288,-7,0
5003382,-41,C
5011937,-4,C
5011415,-86,0
5014176,-10,C
5006867,-84,2
5012141,-56,0
5007916,-77,C
5005057,-63,C
5002528,0,1
5009612,-3,0
5003422,-58,2
5004514,-42,C
5000340,-23,C
5005049,-42,C
5000254,-95,C
5010203,-91,C
5003659,-73,0
5014065,-6,C
5010513,-87,0
5012001,-72,X
5001576,-67,C
5005993,-59,0
5011373,-16,0
5003234,-41,C
5009675,-27,C
5007282,-19,0
5012533,-12,C
5001639,-72,C
5005367,-95,C
5006160,-72,C
5006952,-10,C
5012262,-21,0
5013137,-31,C
5011134,-76,C
5003033,-82,C
5012792,-43,X
5011128,-24,1
5001801,-21,0
5003518,-71,0
5000336,-1,1
5011581,-92,C
5009710,-91,C
5014634,-64,0
5003210,-88,C
5006892,-33,C
5008875,-93,0
5014090,-50,2
5010938,-19,C
5011889,-43,X
5013708,-75,C
5009161,-58,0
5001742,-55,C
5002970,-74,C
5008701,-30,0
5001736,-50,0
5012408,-48,C
5014774,-28,C
5013769,-71,0
5013886,-89,C
5009523,-59,C
5000699,-85,0
5005386,0,1
5004251,-67,0
5014744,-13,1
5010211,-54,0
5002792,-93,0
5012769,-55,0
5005738,-28,C
5001736,-94,C
5011067,-58,0
5002974,-58,1
5006512,-2,C
5013175,-17,0
5010909,-12,0
5010628,-74,1
5014653,-33,C
5012826,-59,X
5004227,-24,0
5008118,-20,X
5002678,-9,0
5010912,-45,1
5014774,-2,C
5011361,-95,C
5010657,-86,0
5012643,-86,C
5009982,-58,1
5013500,-58,C
5003669,-44,C
5000024,-20,1
5002209,-48,0
5007094,0,2
5013028,-78,C
5008161,-79,C
5001214,-59,0
5005652,-31,0
5008913,-34,0
5002729,-83,C
5002929,-4,C
5005123,-92,1
5007680,-28,C
5013451,-44,C
5010344,-69,C
5011519,-92,2
5006601,0,C
5013031,-87,0
5001566,-81,0
5006818,-80,C
5004308,-3,0
5008555,-82,1
5006233,-25,C
5009814,-69,0
5000160,-74,0
5004504,-35,0
5004505,-60,0
5006359,-68,C
5008449,-27,0
5002291,-89,X
5005908,-71,0
5002217,-22,0
5010412,-9,0
5011969,-19,2
5003078,-20,1
5009639,-3,C
5014419,-17,2
5009602,-11,C
5014558,-68,0
5010388,-17,C
5002016,-8,2
5003189,-80,0
5007176,-15,1
5010295,-67,C
5004817,-81,0
5004717,-12,2
5001119,-30,C
5004674,-38,0
5009183,-9,0
5008967,-41,0
5004469,-76,C
5011013,-19,C
5004015,-86,0
5009545,-16,0
5002159,-32,0
5011450,-46,C
5008159,-81,0
5002763,-57,1
5010771,-85,C
5013656,-48,0
5007723,-31,0
5005922,-1,C
5012356,-7,C
5002821,-16,1
5006369,-10,C
5002094,-86,C
5007515,-2,C
5014783,-94,C
5014196,-29,0
5012253,-11,C
5006199,-12,C
5006375,-53,C
5001087,-77,2
5008304,-52,C
5010834,-77,1
5014060,-55,0
5009887,-62,C
5014424,-84,C
5012181,-74,C
5011033,-41,0
5013806,-50,0
5000568,-19,1
5001590,-23,C
5004311,-8,0
5004303,-70,C
5012174,-87,0
5003321,-16,C
5011096,-88,C
5010537,-81,C
5013037,-29,0
5007766,-17,2
5007407,-23,1
5002122,-36,0
5011735,-33,C
5005570,-58,X
5014482,-75,0
5000594,-87,C
5007758,-55,0
5010301,-16,2
5012341,-69,C
5006548,-37,0
5003865,-17,C
5002955,-41,0
5002687,-88,0
5009014,-50,C
5014376,-52,0
5013573,-43,C
5008007,-75,0
5012764,-1,C
5006608,-27,C
5012329,-4,C
5012929,-41,0
5014238,-17,X
5006696,-74,C
5008840,-77,C
5007195,-75,0
5000745,-95,C
5001175,-67,1
5010875,-32,0
5000687,-28,X
5012851,-63,0
5013248,-88,1
5008882,-67,2
5003074,-26,C
5001263,-28,2
5011961,-60,C
5006886,-60,C
5005248,-40,C
5006818,-61,0
5013207,-72,X
5012618,-25,0
5001828,-15,0
5005559,-2,C
5005977,-3,0
5007162,-69,0
5013442,-14,C
5012116,-85,0
5013875,-19,0
5008316,-78,0
5013202,-26,0
5000898,-45,0
5007609,-12,0
5000451,-44,C
5001657,-13,C
5004246,-85,C
5009616,-25,C
5004987,-8,0
5010773,-12,2
5004151,-22,1
5011594,-73,0
5001858,-7,C
5009738,-65,1
5013595,-51,0
5014575,0,C
5002385,-91,X
5011387,-14,C
5009570,-23,C
5007332,-3,C
5001084,-16,C
5012486,-39,C
5000772,-5,C
5003904,-69,C
5012422,-44,2
5003448,-77,0
5014941,-23,0
5014388,-63,X
5011964,-39,C
5004620,-33,1
5007146,-73,C
5001266,-10,0
5013624,-12,C
5014388,-25,C
5003699,-70,1
5008980,-80,0
5004047,-13,0
5000943,-28,0
5008837,-28,0
5003876,-12,0
5009896,-4,C
5007983,-25,C
5011489,-39,2
5013229,-49,C
5009735,-12,1
5002005,-33,0
5008830,-57,C
5010004,-29,1
5012749,-10,C
5005992,-93,0
5012340,-93,C
5003317,-23,1
5011870,-76,C
5009040,-85,1
5004912,-67,C
5014503,-82,C
5001872,-57,C
5009693,-58,1
5007982,-20,1
5009196,-81,2
5000942,-67,0
5004062,-16,0
5014381,-28,C
5004848,-28,C
5008731,-1,C
5012761,-37,0
5012984,-27,1
5005559,-26,C
5006089,-24,1
5012928,-18,0
5013403,-60,0
5005574,-13,C
5000001,-58,C
5012143,-41,C
5000919,-11,C
5008928,-83,C
5004525,-81,X
5001986,-66,0
5003201,-2,C
5013314,-35,C
5014001,-72,X
5014201,-55,0
5005047,-65,X
5011285,-48,C
5001570,-64,0
5004693,-47,0
5014294,-15,2
5006694,-1,C
5005393,-90,C
5014687,-44,0
5013336,-35,0
5007717,-89,C
5013417,-31,C
5009999,-4,1
5008777,-39,1
5010213,-56,2
5007153,-15,0
5006604,-23,C
5008250,-31,0
5002228,-53,0
5008573,-4,C
5012580,-8,C
5009994,-89,0
5014290,-57,0
5004488,-66,X
5007350,-86,C
5004434,-32,0
5010667,-36,X
5006939,-46,X
5003292,-30,C
5004547,-2,C
5008622,-26,0
5012319,-60,C
5005185,-15,C
5004180,-9,C
5000796,-75,1
5011346,-93,C
5009137,-27,0
5005461,-45,1
5001173,-77,1
5014743,-58,0
5008018,-35,0
5000326,-65,C
5008150,-9,C
5010308,-28,C
5007920,-26,X
5008462,-11,0
5006572,-19,C
5014895,0,C
5012497,-18,C
5004868,-60,C
5009206,-89,0
5002904,-4,C
5007698,-24,C
5013901,-11,C
5001867,-68,1
5010779,-37,0
5006088,-34,1
5000140,-35,0
5005810,-95,C
5006928,-62,C
5010756,-25,1
5008802,-21,0
5003124,-25,0
5007061,-83,2
5000615,0,2
5010490,-31,C
5004490,0,0
5000081,-57,C
5014078,-33,0
5013366,-6,C
5012625,-69,C
5014756,-82,C
5003109,-39,C
5007567,-29,0
5002089,-47,0
5014733,-27,C
5001766,-36,C
5011130,-46,C
5014133,-84,0
5004332,-45,0
5002909,-37,C
5010392,-56,0
5006035,-90,0
5006326,-19,2
5006883,-29,C
5002146,-91,1
5000257,-79,C
5009952,-10,0
5004238,-47,1
5005345,-37,C
5001142,-35,C
5003902,-34,0
5007919,-77,C
5007485,-37,0
5006424,-51,0
5000171,-17,0
5013481,-50,0
5008919,-9,1
5004613,-31,2
5001710,-79,0
5012092,-70,0
5008533,-83,0
5001772,-93,0
5001210,-69,C
5002453,-80,0
5014491,-8,C
5002272,-22,C
5011255,-60,0
5007976,-57,0
5012575,-17,0
5007295,-18,C
5011578,-40,0
5004331,-18,0
5002620,-5,1
5004764,-81,0
5013167,-8,0
5005572,-32,C
5012976,-20,C
5010037,-32,C
5008948,-54,X
5011284,-95,0
5000498,-12,C
5013162,-86,0
5009390,-81,C
5009766,-50,C
5000862,-92,C
5000089,-25,0
5005397,-39,0
5000362,-5,C
5008203,-87,0
5003181,-61,C
5001730,-88,0
5002473,-84,C
5013425,-61,C
5004753,-59,X
5007963,-48,0
5007551,-83,2
5006933,-58,0
5007750,-75,C
5003988,-16,0
5007946,-20,C
5008142,-6,0
5014344,-29,0
5012298,-36,C
5007554,-48,0
5004279,-85,0
5004706,-68,C
5013493,-26,C
5001379,-43,0
5012123,-50,C
5004969,-2,0
5012529,-81,X
5011987,-21,0
5011038,-11,C
5013050,-7,X
5014521,-20,1
5012202,-88,C
5011955,-19,X
5009367,-71,X
5003068,-61,X
5008675,-80,C
5009594,-75,C
5014439,-35,1
5001735,-35,0
5009817,-46,C
5013054,-88,C
5004306,-77,C
5014520,-1,0
5007255,-84,X
5006815,-47,C
5012154,-85,C
5003792,-87,C
5013369,-94,C
5006354,-34,0
5007384,-95,1
5007232,-57,0
5012177,-59,C
5007494,-78,C
5007932,-76,C
5005290,-24,0
5012781,-92,C
5002355,-78,C
5002027,-28,C
5005510,-55,1
5010092,-88,0
5013067,-90,C
5005121,-25,C
5003432,-19,1
5014119,-3,0
5002566,-1,C
5001079,-67,C
5011891,-42,C
5009977,-31,C
5002732,-51,1
5000672,-39,0
5001513,-1,1
5005100,-90,0
5008829,-52,0
5012122,-58,0
5010630,-27,C
5006008,-60,0
5007230,-50,C
5007609,-10,C
5014509,-54,C
5005643,-66,0
5007332,-83,1
5004487,-58,0
5003332,-63,0
5006903,-70,1
5004513,-35,2
5006249,-57,C
5014360,-51,2
5005833,-32,C
5014583,-55,C
5014852,-76,0
5003012,-30,X
5003175,-43,0
5012281,-18,X
5004269,-58,2
5007900,-89,C
5009769,-72,2
5014719,-76,0
5004845,-56,0
5005577,-87,C
5000210,-10,2
5006077,-53,0
5002897,-87,0
5010808,-30,0
5009774,-79,0
5003031,-69,0
5000468,-93,1
5008023,-48,0
5012998,-4,C
5008693,-52,0
5002967,-71,C
5007649,-35,0
5003292,-76,2
5004365,-45,0
5012172,-8,2
5003137,-31,C
5008717,-35,C
5012026,-26,0
5010446,-19,C
5001659,-43,C
5000354,-84,1
5009808,-51,0
5001124,-48,X
5003136,-77,C
5000184,-50,0
5007658,-93,0
5000800,-10,C
5005966,-27,0
5012415,-16,0
5011877,-14,C
5008661,-42,C
5008520,-54,0
5006474,-47,0
5003359,-40,0
5006784,-61,X
5003493,-37,C
5005878,-77,C
5009436,-19,0
5006898,-20,0
5010013,-13,0
5010429,-4,0
5013933,-73,0
5007704,-5,0
5000578,-4,0
5001345,-94,C
5003772,-1,C
5013706,-16,1
5004841,-9,0
5006335,-11,0
5013987,-94,C
5000378,-64,0
5002777,-14,C
5002889,-45,C
5006574,-55,0
5008042,-65,0
5002670,-90,0
5012994,-75,C
5001016,-34,C
5001805,-15,0
5013186,-6,C
5014636,-53,C
5001282,-36,C
5003646,-6,2
5005676,-85,0
5013685,-26,0
5013857,-82,0
5001123,-44,C
5000976,-2,1
5006986,-72,C
5013307,-63,0
5005732,-11,0
5004824,-79,0
5002010,-31,C
5007732,-72,C
5009362,-65,0
5012332,-94,C
5006120,-90,C
5002914,-37,0
5010512,-48,X
5002980,-46,0
5005731,-42,C
5012141,-46,0
5004439,-16,0
5007534,-52,0
5009307,-44,C
5001800,-34,1
5005076,-50,C
5012151,-4,0
5005601,-86,C
5006738,-93,0
5006204,-20,0
5011026,-11,0
5003307,-57,0
5004896,-52,C
5013265,-20,C
5003952,-50,0
5000350,-44,C
5011306,-75,C
5013403,-19,1
5000819,-24,2
5011813,-8,C
5006394,-21,C
5007762,-7,C
5004919,-64,0
5007186,-9,1
5012602,-27,1
5007862,-78,2
5009394,-1,0
5013240,-77,C
5006745,-38,C
5009694,-6,C
5006683,-35,C
5012863,-34,C
5004905,-62,C
5006312,-92,0
5003899,-28,C
5006730,-40,C
5002217,-1,C
5003583,-9,C
5003805,-5,2
5013071,-2,C
5004307,0,1
5002096,-29,2
5012034,-31,0
5001326,-10,C
5012611,-24,0
5003556,-5,C
5001369,-85,0
5011999,-9,C
5006387,-27,0
5002532,-88,0
5004289,-94,0
5013227,-78,C
5009708,-80,C
5001546,-11,0
5006013,-47,1
5013746,-7,0
5000581,-48,C
5007720,-53,C
5008742,-6,C
5006433,0,2
5009712,-25,0
5005838,-49,0
5005635,-44,0
5012363,-94,0
5000213,-28,C
5013518,-41,C
5007372,-50,C
5013073,-40,0
5013741,-33,0
5011716,-91,X
5006314,-45,C
5005590,-29,C
5012258,-92,C
5005763,-50,C
5007379,-25,X
5000209,-72,C
5001210,-7,0
5007626,-59,C
5004668,-5,1
5013052,-6,C
5002432,-3,C
5008369,-95,C
5011381,-51,0
5005847,-76,C
5007885,-74,0
5008912,-20,C
5012885,-85,0
5006170,-36,C
5014451,-82,C
5012376,-40,0
5012943,-37,0
5014690,-55,C
5000062,-14,1
5007147,-47,1
5011226,-49,C
5002535,-21,C
5013362,-82,0
5006122,-28,2
5001906,-37,0
5000662,-59,0
5014853,-15,C
5008225,-52,C
5012307,-32,C
5001829,-3,C
5005966,-92,C
5006812,0,C
5006509,-42,1
5001638,-3,X
5012588,-6,0
5003557,-74,C
5008068,-27,0
5011277,-89,C
5012377,-83,0
5002310,-87,0
5007496,-86,X
5007600,-32,0
5006297,-1,0
5008423,-23,C
5006474,-43,C
5000521,-14,0
5000691,-35,0
5010006,-76,0
5013040,-24,C
5014664,-73,C
5001200,-95,C
5000402,-68,C
5011297,-50,X
5001013,-13,C
5009454,-78,C
5009907,-44,0
5011676,-24,1
5003108,-30,C
5000427,-6,C
5013373,-59,0
5013432,-48,1
5006173,-88,0
5003585,-94,C
5012797,-85,C
5009784,-54,C
5014741,-93,C
5014530,-72,0
5013543,-9,0
5012400,-70,C
5006274,-80,0
5012126,-21,C
5007363,-95,C
5003375,-12,1
5014451,-67,C
5009750,-34,C
5009855,-48,2
5007997,0,0
5013973,-67,2
5007332,-93,C
5006381,-77,C
5008721,-28,0
5004501,-92,1
5002537,-14,0
5004414,-25,0
5000605,-76,0
5006886,-11,0
5003912,-67,0
5012272,-17,C
5011103,-57,1
5002107,-73,1
5010601,-67,C
5010481,-48,0
5000586,-41,1
5011487,-27,0
5009258,-35,C
5014438,-34,C
5010542,-86,0
5010270,-6,C
5014150,-49,0
5008230,-8,1
5003133,-79,C
5007091,-68,0
5000426,-22,2
5000365,-47,0
5000672,-93,C
5012364,-59,0
5001096,-91,C
5007014,-82,C
5013574,-25,1
5000299,-66,0
5002887,-10,X
5013978,-78,C
5012138,-36,0
5001074,-41,0
5011019,-14,2
5004237,-78,0
5008248,-50,C
5012908,-36,C
5001519,-21,0
5014023,-45,C
5005600,-74,1
5014380,-27,0
5014573,-90,0
5012443,-47,C
5004413,-15,C
5013801,-4,C
5013987,-60,0
5012037,-80,0
5005862,-27,2
5006795,-22,C
5007085,-56,0
5007467,-48,0
5014910,-10,1
5007342,-9,2
5007690,-24,C
5008157,-75,0
5005687,-71,0
5005082,-50,C
5001742,-25,0
5006438,-88,0
5010015,-18,0
5006243,-33,C
5003388,-40,0
5003888,-53,0
5003184,-6,2
5000611,-81,0
5010418,-56,0
5001143,-31,0
5008809,-60,X
5001199,-83,0
5002469,-35,C
5010356,-93,0
5005673,-44,C
5014718,-13,C
5005211,-14,0
5014225,-8,C
5001718,-23,C
5011728,-60,C
5005706,-75,C
5006861,-67,0
5008441,-44,C
5006257,-31,0
5007227,-76,1
5011688,-63,2
5004405,-11,0
5010209,-60,C
5007675,-54,1
5011089,-91,1
5005062,-73,0
5011578,-4,0
5001407,-53,0
5011492,-12,1
5004771,-58,1
5012412,-56,0
5012569,-71,C
5008064,-36,0
5007036,-50,2
5006002,-12,1
5010625,-82,0
5009626,-71,0
5011520,-58,0
5010314,-4,0
5007121,-77,C
5005843,-45,C
5014506,-11,C
5014001,-2,C
5003302,-20,1
5001112,-24,C
5008251,-52,1
5001777,-89,1
5006048,-77,X
5008797,-81,C
5008603,-39,0
5010672,-56,C
5007710,-52,0
5000094,-33,C
5004836,-81,C
5006099,-80,0
5013144,-42,0
5007489,-3,0
5002963,0,0
5002797,-30,X
5003859,-83,0
5007973,-53,C
5009095,-60,0
5004139,-7,0
5009691,-12,C
5004889,-9,C
5003395,-48,2
5009730,-3,0
5014704,-21,0
5013141,-4,C
5001888,-14,X
5010115,-85,C
5014034,-23,X
5013219,-36,0
5002321,0,C
5006416,-55,C
5003546,-23,X
5013448,-47,1
5004452,-72,C
5000177,-7,0
5006283,-21,0
5012284,-62,C
5010548,-57,C
5012291,-86,C
5013119,-70,1
5014925,-40,C
5012918,-57,1
5005591,-17,0
5006197,-63,1
5010144,-37,2
5002242,-59,2
5005606,-35,1
5003357,-25,C
5009551,-24,0
5011874,-17,C
5006208,-43,1
5013449,-29,2
5011567,-33,0
5004638,-84,0
5012454,-58,C
5012784,-91,0
5008993,-24,C
5005714,-22,0
5000238,-64,C
5009358,-57,0
5008559,-36,1
5014095,-11,0
5002320,-27,X
5001490,-20,1
5014562,-47,C
5011321,-58,C
5010265,-63,0
5004423,-3,2
5004266,-60,0
5005439,-6,0
5002190,-77,C
5005641,-73,C
5008270,-14,C
5011235,-11,0
5012028,-18,0
5013093,-79,C
5007811,-45,0
5006006,-70,2
5007641,-36,0
5002063,-84,C
5009675,-70,C
5011014,-50,C
5003539,-44,0
5003046,-3,C
5003837,-6,0
5012037,-89,1
5014776,-25,0
5012233,-91,0
5013820,-8,0
5004590,-71,0
5000625,-20,C
5013235,-31,X
5012757,-10,0
5013301,-28,0
5011812,-86,1
5012568,-40,C
5000700,-28,0
5008776,-6,C
5006117,-94,0
5007672,-71,C
5002388,-91,C
5005565,-18,C
5009768,-16,2
5005166,-56,0
5011887,-54,0
5007144,-38,C
5001665,-33,0
5004558,-78,0
5010119,-77,C
5006484,-40,0
5003030,-90,0
5012885,-91,C
5000285,-64,C
5013910,-54,C
5000763,-17,X
5005370,-31,X
5006215,-73,0
5002374,-65,1
5007130,-52,0
5013523,-79,0
5000165,-94,1
5013977,-25,0
5004015,-71,C
5006911,-84,1
5006207,-26,1
5001279,-63,C
5007680,-92,0
5002031,-48,1
5006825,-28,C
5008977,-73,X
5005017,-66,0
5014420,-76,C
5001387,-88,2
5010276,-22,0
5011853,-44,2
5012859,-39,1
5003059,-64,0
5010615,-62,0
5009298,-51,X
5001814,-89,0
5007227,-19,C
5012341,-40,0
5009977,-12,0
5008224,-19,C
5000369,-13,C
5010399,-77,0
5013091,-49,C
5012191,-43,0
5002711,-26,0
5010995,-92,1
5012248,0,0
5005258,-33,X
5002705,-29,C
5000715,-65,C
5001323,-9,1
5000691,-64,0
5010696,-19,X
5013107,-20,0
5011449,-55,C
5013979,-34,0
5005868,-84,0
5007235,-82,C
5014652,-75,1
5007065,-16,1
5000143,-82,C
5003020,-79,0
5004387,-6,0
5014266,-69,0
5012488,-90,0
5002695,-36,0
5014564,-52,C
5007112,-41,X
5010586,-33,2
5004882,-16,C
5000685,-22,C
5002593,-31,C
5000374,-8,0
5014474,0,C
5010174,-7,C
5006322,-33,0
5006003,-87,0
5004064,-23,C
5006497,-12,0
5012003,-27,0
5004638,-3,0
5008777,-11,0
5011802,-61,0
5009063,-36,0
5013722,-41,C
5010672,-45,C
5003373,-50,0
5002720,-11,1
5012692,-45,0
5005586,-29,C
5006785,-40,0
5013911,-87,0
5003091,-90,0
5014047,-79,C
5012527,-37,X
5009104,-71,C
5009358,-14,0
5007291,-48,C
5007736,-71,C
5002975,-22,0
5010842,-32,C
5012653,-52,X
5008343,-59,C
5000330,-92,C
5007252,-44,0
5001844,-94,C
5008982,-56,0
5003329,-45,1
5005611,-79,C
5004432,-85,0
5001741,-86,0
5003290,-8,0
5007177,-62,C
5004716,-91,C
5010427,-40,0
5002467,-53,C
5004281,-65,1
5000939,-94,0
5010589,-7,0
5003529,-43,2
5000815,-57,C
5009599,-9,0
5003556,-79,2
5000239,-40,0
5012446,-81,C
5011460,-17,X
5009364,-57,0
5009341,-88,C
5013374,-3,C
5004157,-71,C
5009147,-67,0
5006698,-91,0
5004136,-90,C
5011717,-80,C
5005972,-3,C
5013426,-71,C
5001329,-48,2
5002352,-27,2
5009540,-74,C
5014029,-82,C
5014681,-91,X
5012506,-63,C
5003872,-29,C
5014455,-4,0
5013878,-84,1
5007903,-27,0
5014272,-62,0
5012050,-44,0
5013586,-92,X
5009792,-87,C
5001446,-32,0
5001336,-57,C
5006455,-35,C
5006039,-70,0
5013191,-22,C
5011224,-47,C
5004018,-90,0
5011101,-12,C
5013755,-24,0
5008202,-6,C
5004861,-29,2
5003432,-55,C
5014937,-87,0
5010636,-52,0
5014537,-39,1
5004575,-43,2
5002240,-69,0
5014591,-52,C
5005430,-26,0
5010371,-89,C
5011004,-64,C
5011800,-15,0
5003864,-95,C
5012658,-77,C
5003806,-11,0
5014335,-5,0
5010022,-33,C
5005929,-1,0
5007545,-77,C
5006556,-23,0
5012902,-4,C
5009883,-44,0
5006288,-55,C
5012041,-20,C
5008229,-38,C
5012992,-17,1
5013714,-64,0
5012555,-4,0
5009416,-23,C
5002329,-21,0
5002964,-13,0
5012035,-48,0
5001150,-67,C
5000576,-30,0
5001257,-66,2
5001200,-10,0
5008412,-91,C
5013885,-31,C
5005697,-95,0
5009938,-3,1
5000428,-69,C
5012317,-48,0
5013485,-55,C
5009197,-69,C
5003388,-19,0
5013806,-28,C
5014775,-18,0
5013936,-87,X
5006074,-35,0
5002004,-79,0
5013090,-13,C
5002368,-81,0
5007716,-85,2
5009016,-92,0
5007574,-73,0
5004136,-1,2
5010614,-2,C
5010604,-15,1
5011694,-94,C
5004652,-32,C
5011831,-44,1
5014665,-45,0
5007793,-26,0
5014454,-20,0
5011055,-6,0
5011022,-6,C
5007897,-44,1
5008361,-41,C
5012888,-70,C
5005921,-38,0
5002033,-22,2
5012089,-17,C
5002229,-32,0
5012158,-41,0
5010537,-26,2
5011517,-20,C
5005889,-43,0
5014845,-13,0
5009321,-30,C
5008214,-90,C
5003007,-74,0
5003581,-33,C
5012601,-76,C
5000045,-55,0
5007315,-84,C
5011130,-83,0
5012622,-68,C
5014435,-19,C
5012447,-93,C
5007211,-51,0
5011633,-48,C
5001736,-29,0
5002646,-7,C
5005137,-67,C
5011820,-42,0
5009697,-32,C
5008765,-81,C
5012757,-37,C
5003769,-3,1
5003818,-80,C
5013744,-38,1
5014310,-7,C
5013622,-29,C
5001946,-12,C
5006362,-72,C
5009215,-88,C
5014727,-94,0
5011867,-77,0
5011543,-26,0
5012748,-18,0
5012664,-44,0
5002045,-91,C
5012188,-52,0
5011870,-87,C
5006377,-6,C
5013176,0,0
5008962,-21,0
5003419,-6,C
5014593,-71,0
5008469,-91,0
5001307,-81,C
5007340,-49,C
5012261,-48,0
5008867,-22,2
5003367,-17,C
5010932,-69,C
5001823,-19,C
5002649,-24,C
5007078,-66,0
5006995,-95,C
5007834,0,0
5013915,-35,C
5006789,-11,1
5011767,-61,C
5003868,-47,X
5005346,-71,0
5010188,-30,0
5003899,-49,C
5002117,-77,C
5005816,-21,C
5012732,-82,0
5014117,-41,X
5000844,-12,C
5014051,-2,C
5012834,-30,C
5001656,-30,C
5001524,-28,0
5011880,-73,0
5003462,-50,0
5009454,-3,2
5014988,-11,0
5000253,-40,0
5013012,-12,0
5004114,-58,X
5009312,-7,0
5002069,-8,0
5001495,-53,C
5001551,-64,X
5012945,-89,1
5001509,-29,0
5011033,-27,2
5005089,0,C
5005295,-29,0
5004757,-31,0
5002451,-50,0
5010796,-1,0
5003668,-76,0
5012510,-24,0
5012450,-43,0
5003087,-7,0
5010103,-2,C
5000033,-33,0
5010156,-11,0
5008149,-1,C
5009844,-73,C
5008081,-57,1
5014993,-67,0
5001650,-16,1
5011617,-41,2
5000977,-54,1
5008990,-39,0
5013120,-31,C
5011075,-66,C
5012941,-23,1
5004537,-11,1
5010392,-92,C
5005889,-39,0
5005317,-47,2
5010852,-50,0
5012605,-74,C
5008560,-9,1
5012880,-71,0
5007511,-46,2
5014173,-5,C
5008586,-80,C
5005601,-9,2
5008106,-21,C
5014403,-19,C
5014843,-78,0
5010152,-73,0
5007468,-85,0
5001558,-63,0
5010984,-20,C
5002004,-87,2
5000893,-90,C
5011488,-4,1
5005584,-71,C
5009062,-15,C
5001232,-84,1
5001103,-57,0
5001766,-79,0
5006508,-5,1
5001483,-29,C
5007743,-67,C
5013584,-91,2
5000244,-75,2
5010529,-21,C
5005234,-87,C
5000130,-34,C
5000700,-62,C
5004431,-69,C
5014002,-71,C
5004476,-87,C
5002652,-60,C
5010718,-3,0
5005635,-82,0
5011122,-27,2
5003026,-17,X
5008900,-17,0
5005903,-15,0
5011484,-52,C
5003497,-86,C
5011108,-30,0
5005732,-64,0
5003893,-14,0
5005512,-90,C
5004019,-47,C
5013232,-48,C
5009227,0,X
5007919,-64,1
5004855,-75,0
5003851,-67,C
5007259,-31,C
5013223,-17,C
5006525,-43,2
5012988,-69,X
5013349,-44,C
5007940,-47,C
5004147,-33,C
5000280,-35,X
5012959,-28,0
5000293,-49,0
5014937,-36,C
5006232,-92,0
5004926,-47,C
5001707,-1,C
5010965,-63,0
5002717,-76,1
5013175,-14,0
5009519,-47,0
5009660,-76,C
5005335,-69,C
5005225,-34,0
5002121,-53,C
5005241,-54,0
5012424,-23,0
5012726,-61,0
5008437,-86,1
5003691,-24,C
5013881,0,2
5003479,-51,C
5005103,-38,0
5007844,-64,C
5003262,-79,0
5005935,-28,C
5005747,-28,1
5007598,-42,0
5003657,-91,X
5007776,-31,0
5000246,-48,0
5008910,-88,0
5004433,-39,1
5012727,-69,0
5014072,-41,0
5008220,-68,X
5005451,-17,0
5003570,-59,0
5008792,-42,C
5004194,-21,C
5010146,-79,0
5013794,-36,2
5012786,-45,1
5004571,-45,0
5001112,-93,0
5013993,-46,C
5010740,-79,C
5004246,-70,2
5004861,-80,C
5014016,-75,C
5006849,-57,0
5003983,-81,1
5011506,-23,0
5013630,-8,X
5004149,-33,0
5004010,-61,2
5008150,-11,C
5002111,-8,C
5010127,-10,0
5002321,-89,C
5008737,-4,C
5012160,-35,0
5008747,-21,0
5006985,-21,C
5003289,-94,0
5014876,-17,C
5006539,-24,C
5007520,-72,0
5006513,-54,0
5004701,-19,X
5013807,-40,0
5010294,-48,0
5005848,-12,X
5010474,-57,0
5003906,-94,C
5013438,-5,C
5007844,-37,C
5004799,-87,C
5008705,-18,C
5004331,-20,C
5003963,-64,C
5012503,-92,0
5003123,-21,0
5011381,-46,0
5007541,-46,0
5011888,-80,0
5002224,-54,0
5012278,-1,0
5007131,-28,1
5005065,-23,C
5000487,-62,C
5006286,-22,0
5014479,-38,0
5005858,-15,C
5004861,-39,0
5008607,-62,1
5011980,-46,0
5009059,-10,C
5005470,-47,0
5011970,-40,0
5012581,-50,C
5000792,-57,0
5000577,-24,C
5010569,-7,C
5003020,-58,2
5009455,-31,C
5008826,-91,2
5009467,-64,C
5002498,-86,C
5006117,-54,0
5012927,-79,C
5009601,-83,C
5011525,-79,C
5014700,-94,1
5000526,-25,0
5009904,-70,X
5007566,-6,0
5013190,-86,C
5014512,-3,0
5014143,-63,C
5007189,-11,1
5005528,-38,0
5007811,-95,0
5002885,-73,0
5000305,-85,0
5001252,-49,C
5007971,-90,0
5003599,-73,0
5004008,-64,C
5005223,-52,C
5000719,-72,C
5005701,-34,C
5005046,-15,C
5002585,-52,C
5005845,-60,C
5014688,-47,C
5005620,-63,C
5008787,-72,0
5013507,-64,2
5008643,-31,0
5000317,-78,C
5011136,-37,C
5011624,-83,X
5001273,-69,C
5000669,-14,C
5013720,-78,0
5002059,-27,0
5010010,-44,0
5010927,-19,0
5011116,-12,0
5002050,-54,C
5006401,-57,C
5001916,-84,0
5005940,-6,C
5001387,-76,0
5003181,-21,0
5011650,-39,C
5004054,-68,1
5006067,-70,1
5012829,-53,0
5006646,-43,0
5005144,-11,0
5012585,-81,C
5014001,-68,0
5006583,-62,C
5011629,-40,0
5005868,-36,C
5009713,-83,0
5001711,-2,0
5012166,-18,C
5005232,-6,C
5007951,-73,0
5002175,-38,0
5010317,-85,0
5012726,-5,0
5006347,-45,C
5010647,-28,0
5007357,-19,C
5012454,-61,C
5011238,-7,0
5001832,-1,0
5012690,-62,C
5014099,-86,0
5000727,-32,C
5001348,-82,0
5001044,-79,0
5001441,-72,0
5005494,-93,C
5008988,-46,C
5003552,-33,C
5002357,-40,0
5008441,-69,0
5008472,-85,1
5005136,-5,0
5004182,-9,C
5000819,-27,0
5001417,-46,0
5005980,-25,1
5005340,-30,0
5006704,-94,0
5011997,-67,1
5007774,-73,C
5005782,-50,C
5001801,-51,0
5004542,-77,C
5014883,-93,X
5011687,-24,C
5005912,-16,0
5012348,-78,C
5002272,-44,C
5002274,-92,C
5008020,-91,0
5011065,-89,0
5009026,-19,C
5001373,-76,0
5005966,-6,X
5014009,-23,0
5003811,-42,C
5007257,-28,0
5013408,-17,C
5014024,-62,C
5011106,-70,0
5001384,-1,0
5004272,-4,0
5006007,-95,0
5004851,-12,0
5009869,-62,0
5001831,-37,0
5001047,-57,0
5012170,-8,0
5005460,-15,0
5009785,-80,0
5013370,-44,0
5010934,-37,0
5006409,-31,C
5010236,-84,0
5006670,-69,0
5006036,-45,1
5008208,-55,0
5009421,-25,0
5004426,-65,1
5012318,-5,C
5011757,-64,0
5010469,-63,0
5008752,-81,0
5005310,-92,1
5000306,-36,0
5005624,-95,C
5011676,-88,0
5009784,-46,C
5012309,-19,0
5010777,-53,C
5003807,-16,C
5001741,-75,2
5008958,-92,X
5006291,-12,0
5000316,-26,2
5009866,-57,0
5014919,-59,0
5012660,-18,C
5006985,-55,C
5008697,-65,0
5001032,-38,C
5004322,-23,0
5004588,-2,C
5004170,-32,C
5010351,-47,1
5007674,-77,C
5006245,-27,1
5000796,-70,0
5001064,-83,0
5010432,-82,C
5000266,-54,0
5004162,-7,C
5012318,-48,C
5003670,-8,C
5013702,-48,C
5013149,-80,X
5007636,-58,C
5009479,-55,0
5005641,-71,0
5007348,-89,C
5014711,-24,C
5003266,-60,C
5005108,-45,C
5013727,-48,C
5006048,-62,C
5014184,-23,C
5002384,-90,0
5009532,-27,1
5000635,-85,1
5002774,-47,C
5008137,-54,1
5009024,-77,2
5004070,-78,C
5001631,-75,0
5011563,-71,C
5003240,-69,C
5006329,-91,C
5005114,-83,2
5013005,-24,0
5013969,-93,0
5001108,-75,C
5000144,-63,C
5007047,-32,C
5014230,-36,C
5010140,-85,C
5014803,-92,C
5002742,-45,1
5007437,-77,1
5012831,-32,C
5014364,-76,C
5009619,-51,0
5003485,-41,C
5013970,0,0
5013768,0,0
5000140,-87,C
5006737,-10,0
5012456,-92,C
5014827,-4,C
5004434,-53,0
5013171,-54,C
5003449,-26,0
5003574,-20,0
5010804,-57,C
5003487,-19,1
5005068,-37,C
5012465,-12,C
5014386,-1,C
5011400,-27,C
5008374,-89,C
5009831,-4,0
5006551,-45,0
5007978,-14,C
5008444,-15,C
5004796,-5,X
5009334,-62,2
5013953,-3,C
5002383,-66,0
5004543,-56,0
5002491,-37,0
5010680,-18,C
5005239,-89,C
5007515,-27,2
5002120,-55,0
5003205,-89,0
5006157,-42,C
5000509,-5,C
5000565,-74,C
5002271,-32,C
5011368,-63,0
5001323,-23,1
5011949,-76,0
5002779,-58,0
5006940,-28,C
5003162,-6,0
5007976,-6,0
5010903,-51,C
5013233,-30,X
5005949,-39,C
5010514,-21,C
5008170,-16,C
5001089,-57,C
5008889,-3,C
5001790,-84,X
5013091,-75,2
5009830,-70,0
5003871,-4,C
5007788,-79,C
5012925,0,C
5010281,-60,0
5004131,-85,C
5011537,-28,C
5001680,-56,C
5004242,-72,C
5011385,-64,0
5011710,-92,C
5006687,-4,0
5009343,-46,0
5004307,-91,X
5010127,-63,C
5006521,-83,0
5004428,-38,0
5014660,-25,C
5007682,0,C
5009362,-36,0
5005578,-90,0
5001164,-2,0
5009054,-55,0
5003425,-23,C
5014397,-16,1
5013439,-75,C
5007375,-17,C
5010319,-29,0
5005008,-43,1
5013558,-58,C
5001606,-53,0
5000760,-89,C
5014231,-19,0
5009870,-56,0
5012967,-13,C
5014983,-94,0
5000303,-8,1
5011373,-68,2
5009724,-44,1
5012456,-47,C
5009437,-65,C
5011286,-43,0
5011792,-7,0
5011327,-61,C
5004870,-91,C
5011970,-34,C
5013222,-87,1
5005519,-13,C
5007777,-56,C
5014586,-22,0
5001405,-25,X
5013887,-88,0
5004519,-13,C
5010714,-86,0
5013784,-60,C
5007180,-14,0
5000916,-64,0
5012138,-90,C
5002757,-76,C
5008345,-14,X
5012362,-80,C
5003276,-82,0
5006471,-2,0
5013448,-4,C
5009694,-76,C
5003609,-57,0
5006814,-44,0
5005616,-83,C
5007226,-16,0
5013769,-31,0
5003843,-69,2
5004319,-48,0
5012193,-68,0
5001999,-21,C
5010030,-79,1
5001310,-26,1
5006503,-38,C
5010171,-57,0
5013666,-67,X
5005199,-60,1
5007877,-3,0
5002703,-60,C
5000425,-80,C
5002705,-7,C
5007676,-16,0
5011408,-91,0
5000149,-23,0
5007981,-10,0
5014232,-47,1
5001718,-89,0
5012330,-64,C
5006865,-31,C
5002287,-15,C
5007661,-93,C
5012935,-63,C
5007410,-6,X
5004660,-36,1
5013115,-68,C
5007767,-91,X
5006153,-89,C
5006921,-89,1
5013308,-70,2
5012633,-82,C
5004386,-13,2
5002606,-78,0
5014342,-94,0
5006803,-14,0
5011701,-74,2
5007189,-70,C
5009963,-7,2
5010045,-65,C
5004796,-55,0
5007305,-82,1
5010051,-9,C
5012352,-90,1
5002585,-35,0
5004090,-82,0
5007685,-60,C
5002166,-82,C
5005172,-72,C
5001563,-74,0
5004516,-35,0
5014748,-83,C
5002387,-61,0
5013597,-95,X
5004256,-6,C
5007179,-40,1
5011725,-65,0
5012919,-72,0
5006292,-8,0
5006818,-65,C
5002311,-80,0
5001859,-24,C
5007981,-59,C
5009935,-35,C
5011545,-22,X
5010628,-81,1
5008946,-57,C
5005779,-1,0
5014522,-21,C
5002640,-47,C
5003252,-7,0
5014151,-14,C
5007487,-80,0
5014252,-10,C
5010249,-42,0
5012996,-54,C
5013548,-89,0
5009082,-27,C
5002218,-37,0
5002280,-46,C
5005824,-33,C
5007689,-21,0
5003140,-84,1
5006082,-70,C
5002314,-56,C
5005353,-71,C
5003996,-78,0
5008971,-56,C
5001333,-69,1
5011514,-22,0
5014330,-71,C
5005156,-16,C
5011432,-81,0
5007126,-41,C
5009850,-63,0
5009890,-23,0
5013684,-49,0
5004124,-42,C
5011441,-50,0
5011713,-59,2
5000687,-17,0
5012994,-39,0
5007278,-79,C
5001096,-49,C
5001588,-81,0
5000504,-88,C
5000467,-29,C
5008869,0,0
5010918,-64,C
5003743,-69,C
5007345,-12,0
5003337,-87,C
5013854,-59,0
5005168,-74,X
5001525,-70,C
5000318,-64,C
5009897,-73,C
5000275,-47,1
5007703,-46,0
5000794,-47,C
5011594,-28,0
5009218,-36,0
5010696,-75,C
5002560,-90,C
5004510,-49,0
5008783,-91,C
5005670,-94,C
5008675,-8,C
5008441,-76,1
5014424,-19,C
5008178,-27,0
5001796,-54,0
5005100,-14,C
5013133,-57,0
5011739,-6,0
5002471,-48,C
5006353,-45,0
5011610,-14,1
5011922,-38,C
5009358,-77,1
5014411,-21,0
5006985,-45,C
5012982,-10,0
5011144,-28,0
5010069,-94,2
5003963,-76,C
5001502,-56,C
5008909,-37,0
5014744,-58,0
5004633,-81,2
5012630,-25,X
5011270,-80,C
5005777,-46,C
5006531,-87,C
5003553,-2,0
5011052,-65,0
5009588,-50,C
5012563,-58,C
5006886,-52,C
5012038,-55,C
5007833,-53,0
5006333,-42,1
5009208,-10,0
5004225,-62,C
5002348,-85,0
5008877,-47,1
5008578,-26,0
5001695,-20,C
5007477,-38,0
5001720,-35,C
5007745,-6,2
5002842,-84,C
5011962,-89,C
5001030,-62,C
5003299,-16,0
5009803,-95,0
5012511,-24,C
5006315,-15,C
5003951,-74,C
5006380,-59,C
5010331,-48,0
5008067,-87,0
5011569,-40,C
5005010,-49,C
5011613,-84,2
5004646,-41,C
5004677,-20,X
5007641,-16,C
5008192,-94,0
5004612,-71,C
5010324,-53,0
5007588,-5,0
5009713,-86,1
5003835,-41,0
5000220,-77,2
5012703,-74,C
5001566,-10,C
5010898,-69,0
5001253,-46,1
5010175,-57,C
5006932,-78,0
5004964,-84,C
5007775,-14,X
5010877,-60,C
5008038,-65,1
5007302,-15,0
5011634,-29,C
5013542,-45,X
5014542,-76,0
5011588,-3,C
5013467,-2,0
5007852,-92,C
5003107,-94,0
5004721,-52,C
5000375,-84,C
5005717,-24,0
5006510,-56,0
5008501,-44,C
5002821,-90,0
5014278,-90,C
5004004,-65,1
5005020,-57,0
5000802,-62,C
5002890,-77,C
5008672,-25,1
5003929,-20,0
5011833,-46,C
5001718,-4,0
5008841,-64,C
5003753,-92,2
5009183,-89,C
5003852,-23,X
5014672,-92,X
5011403,-32,C
5014097,-49,0
5004192,-31,C
5009978,-57,2
5005249,-75,C
5008261,-77,0
5005763,-81,0
5008676,-53,1
5014231,-64,0
5003109,-71,0
5004466,-57,2
5011204,-81,C
5008179,-91,C
5005341,-52,0
5008226,-77,2
5010432,-62,0
5013817,-9,0
5012410,-10,0
5010506,-39,1
5013569,-41,0
5002935,-33,C
5006414,-69,C
5011770,-34,C
5004952,-87,0
5014576,-17,0
5012648,-6,C
5010526,-34,0
5014449,-50,1
5013163,-56,0
5007102,-77,0
5008348,-46,C
5003783,-33,0
5008677,-50,C
5011012,-36,0
5009816,-2,0
5004735,-36,2
5002035,-23,C
5012840,-93,0
5003228,-65,0
5010279,0,C
5014488,-28,X
5001999,-71,1
5014403,-61,1
5000224,-37,0
5008378,-12,C
5007928,-19,C
5011693,-33,0
5004751,-70,0
5008947,-88,C
5010708,-15,0
5003092,-78,0
5004351,-56,2
5006483,-89,0
5000754,-66,C
5005389,-3,C
5011069,-50,0
5000544,-51,0
5012495,-20,C
5009627,-56,0
5009313,-28,0
5001487,-53,0
5001613,0,C
5006628,-95,0
5000863,-49,C
5009594,-40,C
5001315,-9,2
5007723,-88,X
5002946,-77,C
5007805,-41,C
5014630,-62,C
5008217,-93,C
5000373,-79,C
5008613,-74,C
5011855,-38,0
5000027,-80,C
5003756,-53,0
5013265,-81,C
5010602,-72,0
5004451,-16,0
5007985,-33,1
5002051,-80,C
5005952,-71,0
5009308,-53,0
5001974,-56,0
5010203,-69,0
5014613,-60,0
5009849,-60,0
5014042,-59,C
5007239,-88,C
5014349,-78,C
5014217,-23,0
5012745,-92,0
5012498,-5,1
5000302,-53,0
5004965,-74,0
5003215,-59,C
5000862,-41,1
5007507,-13,0
5004553,-80,C
5004601,-56,C
5003646,-64,X
5004148,-83,C
5002450,-77,C
5003271,-85,2
5000546,-77,0
5005453,-37,X
5005343,-8,C
5005275,-86,0
5010973,-6,0
5005305,-37,C
5005888,-14,2
5009880,-94,C
5007766,-58,0
5005083,-2,C
5011916,-85,C
5007106,-47,X
5003292,-86,C
5000022,-61,C
5006910,-42,C
5012772,-56,0
5008756,-21,C
5002447,-95,0
5002031,-46,0
5008472,-37,1
5008571,0,X
5006168,-76,C
5011342,-80,1
5004451,-56,C
5008570,-6,0
5000289,-52,C
5001140,-89,2
5012483,-51,0
5000498,-4,X
5012303,-11,C
5010466,-8,0
5002182,-9,1
5006744,-40,0
5012134,-75,0
5002987,-95,C
5013727,-88,C
5004491,-51,X
5000017,-34,0
5005933,-34,C
5009998,-71,C
5006452,-89,0
5001639,-92,C
5012381,-18,1
5012918,-29,0
5003119,-42,2
5012282,-33,1
5006474,-71,C
5001111,-40,0
5006853,-44,0
5002597,-48,0
5007375,-3,0
5013534,-67,C
5007213,-17,0
5001433,-60,C
5014154,-47,X
5010961,-57,0
5004770,0,0
5005356,-77,C
5000750,-63,C
5012882,-24,1
5005310,-82,C
5008990,-76,0
5010726,-44,0
5009995,-17,C
5012881,-89,X
5014513,-72,0
5003541,-74,0
5003240,-80,C
5013441,-30,C
5013457,-21,0
5006025,-88,0
5009939,-36,C
5007945,-19,0
5000202,-28,2
5006945,-95,C
5001985,-77,0
5009261,-73,C
5013427,-44,C
5010782,-40,0
5001559,-85,0
5005707,-86,0
5006694,-7,C
5011383,-15,X
5007096,-58,C
5010883,-53,2
5013793,-16,C
5010010,-45,C
5006330,-88,0
5004081,-10,C
5008973,-17,C
5000246,-28,2
5010798,-28,C
5002185,-63,C
5007148,-61,C
5010153,-3,0
5001675,-3,C
5004974,-82,0
5005492,-47,C
5008397,-2,1
5013356,-82,0
5014567,-95,0
5010146,-19,C
5011666,-68,C
5001304,-20,0
5000091,-41,C
5011589,-17,C
5013392,-42,0
5005051,-27,0
5014036,-19,0
5004156,-40,0
5009570,-1,0
5011252,-69,0
5010057,-20,X
5000876,-1,0
5006394,-24,0
5001372,-91,0
5008515,-5,1
5001555,-77,C
5000660,-65,0
5013329,-40,0
5005583,-46,0
5014840,-35,0
5004582,-50,0
5011381,-92,C
5007800,-87,C
5006325,-92,C
5009364,-33,C
5001317,-86,0
5012407,-40,2
5010837,-34,C
5000655,-51,C
5008678,-78,0
5004436,-91,X
5002738,-19,0
5009284,-20,C
5008496,-21,C
5001353,-81,C
5003132,-10,0
5004265,-38,C
5006867,-82,C
5005751,-8,C
5009806,-21,C
5010316,-8,C
5013031,-18,C
5008786,-49,C
5002740,-35,1
5009364,-41,C
5008378,-13,C
5003479,-31,1
5003928,-41,C
5003368,-94,0
5002728,-25,0
5007729,-51,0
5008492,-69,C
5000688,-3,C
5006262,-2,1
5008416,-71,C
5006699,-1,C
5003665,-81,0
5005665,-22,C
5014338,-60,0
5004590,-43,C
5010205,-94,2
5006592,-66,C
5004005,-66,0
5010427,-87,0
5000571,-53,0
5012651,-94,1
5009241,-27,0
5001800,-94,C
5009203,-71,0
5010979,-10,C
5013822,-59,0
5012601,-39,0
5004459,-51,0
5001992,-29,C
5005414,-30,C
5011554,-13,1
5012125,-18,2
5002568,-53,C
5009303,-7,0
5004147,-17,C
5014859,-80,C
5011440,-45,0
5004972,-68,0
5009331,-12,X
5003571,-84,C
5002095,-39,0
5009288,-44,0
5012158,-17,0
5005071,-15,0
5014572,-53,2
5014785,0,0
5001367,-72,0
5010443,-14,C
5014595,-90,C
5003216,-10,1
5012065,-87,C
5005502,-91,C
5001497,-8,C
5003322,-86,C
5001026,-70,C
5010724,-1,0
5012735,-64,C
5001125,-75,0
5006196,-4,1
5013217,-70,C
5005038,-38,C
5006100,-13,0
5003492,-3,C
5003712,-85,0
5008931,-49,2
5009135,-59,0
5005986,-42,0
5010227,-61,C
5012801,-74,0
5009867,-58,C
5000685,-63,C
5005324,-27,C
5012082,-89,C
5014821,-10,C
5003824,-70,C
5004214,-80,C
5011539,-47,C
5008325,-85,X
5014422,-25,C
5011926,-74,0
5004240,-36,C
5011465,-89,C
5011474,-56,C
5004602,-48,0
5007615,-35,C
5001410,-40,C
5005763,-12,C
5007778,-27,C
5002384,-41,C
5007415,-46,0
5014211,-41,0
5006316,-23,1
5014406,-59,0
5010383,-93,0
5003619,-27,X
5010631,-26,X
5003165,-95,0
5006730,-20,0
5003997,-54,C
5003223,-9,C
5014413,-41,C
5007263,-2,C
5013389,-45,0
5005066,-12,0
5008661,-21,0
5007722,-44,0
5001862,-93,0
5010707,-68,0
5008906,-68,C
5011700,0,0
5007998,-67,0
5012182,-37,C
5003116,-7,0
5004009,-76,C
5005940,-83,C
5006265,-76,C
5002271,-40,0
5011720,-79,0
5010079,-2,C
5007734,-42,1
5009839,-64,0
5005514,-39,0
5002438,-93,C
5003129,-16,C
5006978,-46,C
5001358,-72,0
5005414,-71,C
5004881,-53,0
5002030,-52,C
5012152,-93,C
5003713,-76,C
5007333,-43,0
5007095,-85,C
5008152,-72,C
5009625,-59,C
5007682,-54,0
5012603,-35,1
5014654,-38,1
5014983,-76,C
5001908,-25,C
5007752,-84,C
5002459,-58,2
5002059,-61,C
5000532,-28,C
5003330,-90,0
5000143,-87,C
5012239,-50,C
5014010,-14,0
5007890,-13,C
5001168,-52,0
5004756,-2,X
5006019,-89,0
5007893,-85,0
5007869,-91,C
5012151,-31,C
5013330,-93,X
5000265,-5,0
5004284,-5,C
5004033,-20,1
5011829,-77,0
5012088,-19,C
5001395,-63,X
5000075,-32,0
5005092,-21,C
5009348,-80,C
5008258,-79,0
5004981,-6,0
5012349,-49,C
5008023,-25,2
5013128,-90,0
5000385,-61,1
5001948,-51,0
5001560,-14,0
5014131,-82,0
5006777,-28,0
5007263,-48,C
5003375,-25,0
5003298,-89,C
5010171,-6,0
5001846,-68,0
5004353,-79,2
5004404,-32,0
5010477,-62,C
5006717,-69,C
5005298,-85,C
5000815,-15,1
5013856,-30,C
5010619,-27,0
5011950,-7,1
5010527,-37,0
5002382,-2,0
5014576,-57,0
5013796,-78,0
5004221,-85,0
5011042,-53,0
5009203,-95,0
5010039,-32,1
5012219,-92,C
5000461,-78,1
5009895,-61,0
5008583,-41,0
5013963,-27,C
5005422,-8,X
5009906,-87,1
5014506,-6,C
5014955,-75,X
5013856,-87,C
5012884,-59,C
5010943,-82,0
5013383,-42,C
5011704,-44,C
5005453,-12,X
5005174,-43,C
5002059,-89,C
5014808,-2,C
5005952,-8,0
5003848,-37,0
5014444,0,2
5004978,-93,0
5012275,-6,X
5012290,-80,0
5014211,-29,0
5009230,-73,C
5012015,-74,0
5007851,-91,0
5004275,-30,2
5001924,-90,C
5000219,-6,C
5013868,-74,1
5013443,-17,0
5012549,-29,1
5006186,-6,C
5013902,-46,C
5012132,-51,C
5001812,-54,C
5002394,-86,2
5011913,-3,1
5000860,-67,C
5011692,-82,1
5008875,-63,1
5012102,-73,C
5012325,-46,2
5013768,-76,1
5011254,-61,C
5012569,-19,1
5008847,-63,0
5006520,-85,C
5012684,-39,C
5013358,-71,0
5005240,-56,0
5004026,-94,C
5011237,-53,0
5007087,-25,C
5009103,-19,C
5003995,-57,1
5007385,-73,0
5011239,-22,0
5001978,-72,C
5012603,-44,0
5013469,-79,0
5002481,-95,C
5010234,-89,0
5005390,-90,1
5005702,-28,C
5011335,-1,1
5010172,-9,C
5014820,-81,2
5000120,-55,0
5000722,-1,C
5011031,-19,1
5000203,-7,0
5009918,-41,0
5005286,-30,C
5000377,-9,C
5009507,-81,0
5000115,-74,0
5004940,-56,C
5008895,-15,2
5008299,-48,0
5014411,-67,0
5005143,-55,1
5014649,-91,C
5010371,-49,0
5005732,-65,0
5000419,-66,0
5004082,-82,0
5007813,-1,0
5005096,-70,C
5001930,-91,0
5008801,-92,C
5001733,-8,C
5014298,-30,C
5002238,-84,C
5000802,-53,X
5006037,-55,C
5006480,-40,0
5008185,-39,1
5011865,-79,1
5009782,-39,0
5000882,-16,C
5005475,-45,1
5014456,-76,0
5004383,-80,0
5000891,-64,0
5004744,-62,C
5014548,-14,C
5008834,-9,1
5010078,-75,1
5008528,0,1
5006084,-15,0
5003865,-18,0
5012137,-66,C
5005863,-95,0
5009711,-69,0
5001958,-29,C
5007831,-3,C
5004870,-12,0
5009894,-47,X
5007190,-91,2
5006318,-30,C
5011911,-94,0
5013984,-89,0
5013934,-60,C
5004393,-3,X
5011657,-75,0
5009736,-15,C
5005366,-48,C
5011035,-87,2
5006114,-27,C
5002838,-67,X
5013217,-88,C
5012677,-34,C
5012102,-27,0
5005835,-11,2
5011125,-67,1
5005114,-45,0
5011972,-60,0
5013095,-26,C
5012771,-11,0
5006687,-66,C
5009615,-20,0
5006705,-85,C
5002198,-95,C
5012681,-71,X
5008743,-50,2
5006586,-19,C
5011714,-89,C
5014941,-82,C
5002571,-77,C
5002026,-95,C
5013459,-89,C
5001567,-80,2
5006342,-77,C
5008670,-60,0
5014317,-37,0
5005643,0,0
5013300,-54,1
5010911,-54,1
5003333,-72,0
5003102,-65,C
5009094,-53,C
5008987,-47,C
5009819,-9,C
5008093,-18,2
5007060,-67,0
5007936,-82,C
5000654,-69,0
5004322,-40,2
5003790,-44,0
5006224,-59,1
5013187,-54,0
5007598,-2,0
5001407,-9,C
5000032,-29,0
5003685,-7,C
5013785,-46,0
5014696,-9,0
5002802,-45,C
5011123,-41,1
5010377,-47,C
5002301,-13,C
5014733,-18,0
5010593,-87,C
5001499,-7,2
5001265,-40,0
5010391,-50,C
5007106,-92,0
5011616,-92,0
5007933,-56,C
5013892,-80,C
5007413,-54,1
5008143,-62,C
5011616,-6,0
5009859,-41,0
5006410,-5,C
5007853,-81,0
5010832,-62,C
5007191,-10,C
5004127,0,0
5001256,-52,C
5013971,-43,C
5010071,-5,X
5011427,-56,C
5011094,-86,C
5004429,-86,C
5013881,-91,C
5000945,-40,1
5012056,-92,X
5001444,-2,C
5009275,-70,0
5011572,-55,C
5011064,-33,C
5007468,-45,C
5001096,-67,C
5006245,-4,0
5013945,-22,C
5011213,-28,C
5009606,-76,0
5014654,-30,C
5012875,-16,1
5006209,-42,2
5008197,-60,C
5002714,-5,0
5014981,-19,C
5005333,-50,0
5009145,-2,C
5008016,-87,C
5011090,-33,0
5011021,-69,0
5001642,-15,1
5013874,-35,C
5004835,-88,X
5001519,-17,1
5010123,-62,C
5011890,-56,C
5007610,-4,X
5007991,-70,0
5006650,-47,0
5012846,-35,1
5004602,-57,C
5009283,-10,C
5010917,-32,2
5002945,-42,C
5008699,-71,0
5005691,-49,C
5003972,-34,C
5000394,-93,0
5012249,-85,C
5000396,-67,C
5005846,-15,0
5002390,-85,C
5001176,-75,1
5009393,-2,0
5000548,-11,X
5010762,-1,0
5012699,-64,C
5003351,-21,0
5006839,-71,0
5013640,-54,C
5012508,-70,C
5001976,-88,X
5007691,-29,C
5004603,-92,C
5006098,-73,0
5009071,-38,2
5006366,-16,X
5000567,-9,C
5009442,-68,0
5005326,-55,0
5005264,-29,C
5001083,-15,0
5007718,-44,C
5012698,-14,C
5001882,-44,1
5008840,-93,1
5008464,-34,C
5002339,-30,0
5000666,-49,0
5006570,-83,0
5002121,-23,C
5001049,-36,2
5005190,-47,C
5006035,-84,0
5012522,-25,C
5005628,-44,0
5001886,-18,0
5006354,-29,C
5003803,-60,0
5013041,-57,C
5005154,-89,0
5011082,-66,C
5006145,-32,C
5005004,-33,C
5005961,-58,0
5005996,-12,0
5012127,-80,C
5006515,-81,0
5013357,-1,C
5005181,-85,C
5009469,-61,C
5008718,-46,0
5009473,-89,X
5007875,-69,C
5008444,-63,0
5004670,-10,C
5001705,-34,0
5000696,-56,1
5005677,-77,0
5002340,-49,C
5014706,-25,2
5007837,-14,1
5002176,-2,2
5013618,-81,1
5013048,-16,1
5003502,-2,2
5006779,-2,0
5000305,-17,C
5005655,-36,C
5011634,-26,C
5002743,-27,C
5004452,-94,0
5005874,-40,1
5005596,-24,1
5009096,-52,C
5012721,-69,0
5009678,-28,C
5007097,-77,2
5010313,-67,C
5007504,-68,1
5008304,-25,C
5001855,-73,C
5009077,-27,1
5014014,-36,C
5010364,-12,1
5013243,-44,2
5000048,-89,C
5013079,-15,0
5007085,-46,C
5001078,0,C
5012120,-63,C
5003567,-76,0
5004233,-29,0
5002864,-1,0
5007213,-64,0
5007312,-5,C
5004210,-29,2
5013013,-89,0
5004402,-16,0
5000452,-14,0
5003476,-14,X
5006031,-37,C
5000608,-92,C
5009665,-80,C
5000106,-37,C
5013965,-66,C
5002526,-51,0
5010842,-7,0
5008924,-78,C
5007813,-3,1
5001983,-18,0
5012009,-92,C
5012595,-12,0
5002304,-12,C
5004124,-49,0
5002252,-35,0
5007849,-52,0
5000015,-92,0
5011467,-80,0
5004775,-74,1
5003053,-20,0
5000413,-31,C
5005116,-13,1
5014879,-31,C
5007285,-38,C
5008950,-58,1
5001798,-1,0
5003302,-60,0
5013603,-42,C
5003399,-15,0
5012288,-59,0
5007389,-28,C
5010891,-61,0
5000792,-25,C
5014986,-13,C
5012490,-40,0
5013747,-63,C
5006622,-44,0
5005183,-91,X
5006019,0,0
5005045,-71,1
5001357,-43,C
5011586,-22,C
5010995,-72,C
5014584,-6,C
5008667,-41,0
5012164,-41,1
5011376,-73,C
5006134,-85,C
5011561,-30,C
5011968,-94,0
5001117,-40,0
5000954,-7,0
5000907,-48,0
5000418,-18,C
5009546,-58,0
5011345,-51,0
5004178,-80,0
5011591,-90,C
5009134,-38,2
5000196,-86,0
5012767,-75,0
5011297,-93,X
5013963,-4,0
5009223,-45,0
5004378,-55,1
5001593,-88,C
5008675,-55,0
5007216,-5,2
5003255,-50,C
5011792,-95,1
5002969,-1,1
5011094,-15,0
5012672,-94,0
5010850,-79,1
5000500,-70,C
5007087,-88,0
5011599,-92,0
5006808,-6,0
5008759,-84,2
5009639,-11,C
5006762,-58,X
5003177,-32,C
5013353,-92,1
5007998,-89,X
5007515,-72,C
5014234,-25,0
5007371,-80,C
5010806,-40,C
5007566,-11,0
5007809,-17,C
5000498,-78,0
5012957,-82,C
5001232,-43,0
5014670,-33,0
5001667,-58,0
5007054,-19,0
5002227,-25,C
5007645,-53,0
5006607,-67,C
5012785,-56,1
5009754,-15,0
5000732,-11,0
5012715,-30,C
5009363,-27,2
5010668,-21,C
5001441,-69,X
5012689,-9,0
5013742,-91,C
5007728,-81,0
5004808,-18,0
5003316,-64,0
5003090,-8,C
5012467,-3,X
5014612,-33,X
5014115,-18,C
5012914,-32,C
5000026,-9,0
5004225,-50,0
5003414,-87,2
5001314,-47,C
5006805,-74,C
5009619,-64,X
5010336,-85,C
5003035,-65,C
5009540,-64,C
5011660,-74,0
5004366,-12,0
5008688,-28,C
5010846,-33,0
5000079,-38,0
5013241,-56,C
5008147,-25,C
5012915,-14,0
5003393,-55,0
5009783,-10,C
5013963,-19,C
5000568,-48,C
5005539,-39,0
5008301,-62,0
5003033,-95,C
5008600,-43,X
5010893,-47,0
5011562,-51,2
5001066,-19,C
5006391,-48,0
5004175,-50,C
5003964,-80,C
5012033,-73,C
5005556,-14,0
5006697,-89,0
5000751,-75,C
5013760,-62,1
5011510,-12,1
5012281,-44,C
5003251,-30,C
5005862,-78,0
5003497,-45,0
5003332,-60,X
5000368,-2,0
5011439,-25,0
5003668,-27,C
5006183,-49,0
5008882,-46,C
5002564,-55,X
5001288,-41,C
5008390,-91,X
5014927,-60,0
5006385,-40,1
5010597,-13,C
5010181,-95,0
5009345,-55,C
5008443,-48,1
5011763,-59,C
5006007,-67,C
5014993,-19,0
5000726,-24,C
5013347,-27,0
5008314,-79,C
5004685,-43,C
5004792,-2,0
5001339,-42,X
5004634,-22,0
5000731,-53,0
5002318,-86,1
5013119,-85,C
5009262,-59,0
5006124,-48,C
5014333,-13,1
5009237,-77,1
5007138,-24,C
5013284,-19,1
5006068,-4,C
5011376,-2,0
5013142,-1,1
5012699,-65,C
5008558,-6,C
5007136,-25,0
5008157,-79,0
5007421,-85,C
5000667,-38,C
5000722,-89,0
5003775,-75,0
5002185,-23,0
5007153,-33,0
5008865,-30,C
5007405,-91,0
5003101,-56,C
5004825,-27,0
5002832,-78,1
5007382,-83,1
5009246,-91,C
5007302,-18,0
5012956,-30,0
5013379,-70,C
5005532,-90,C
5000708,-45,2
5014766,-59,0
5007330,-78,0
5010126,-81,C
5008607,-3,C
5003027,-69,0
5010504,-81,0
5004140,-40,0
5014853,-78,0
5011556,-79,0
5009716,-28,0
5010098,-25,1
5010080,-75,C
5013036,-91,C
5001018,-17,0
5011403,-93,0
5008132,-54,C
5009458,-45,C
5001498,-68,C
5004726,-66,C
5004396,-59,C
5009766,-84,0
5012217,-24,0
5002224,-10,0
5002423,-57,0
5007508,-68,1
5014411,-13,C
5000996,-54,0
5001637,-5,C
5014073,-68,1
5006017,-80,0
5005167,-59,0
5004294,-37,0
5011504,-51,2
5008811,-80,C
5012624,-79,C
5000855,0,C
5000143,-46,2
5006011,-41,1
5005958,-81,C
5001456,-1,2
5006815,-69,0
5000707,-67,C
5012277,-70,0
5014333,-49,0
5002692,-83,0
5006934,0,1
5013504,-44,X
5014300,-23,2
5002647,-48,0
5005050,-32,C
5009386,-55,0
5006698,-3,C
5001187,-59,0
5000186,-41,0
5012595,-13,0
5002636,-44,0
5012160,-12,C
5011376,-27,1
5012440,-91,0
5002047,-90,C
5009123,-70,0
5000469,-74,0
5002422,-29,0
5004836,-8,C
5007577,-75,C
5004009,-93,C
5014758,-54,0
5007182,-83,0
5005057,-75,1
5014860,-37,0
5009579,-31,0
5011292,-6,C
5007411,-72,0
5014825,-48,C
5014089,-36,C
5001123,-75,0
5012418,-40,1
5006292,-2,0
5000192,-88,C
5010280,-55,C
5012280,-70,C
5011375,-70,0
5013387,-24,C
5012625,-93,0
5008255,-36,0
5014774,-42,C
5000234,-8,2
5005054,-88,0
5003223,-54,0
5000989,-54,0
5011943,-76,C
5004298,-30,C
5007575,-93,0
5004499,-13,0
5002154,-1,C
5011777,-87,0
5006229,-63,0
5009177,-70,C
5010608,-56,C
5009842,-17,1
5002174,-80,0
5012006,-50,C
5003351,-65,1
5011700,-81,X
5001900,-15,0
5005701,-45,C
5009920,-14,0
5007129,-27,C
5011692,-47,1
5008062,-53,0
5005445,-48,0
5011131,-33,C
5011999,-79,C
5008673,-11,2
5008899,-25,0
5011752,-63,C
5010555,-40,C
5007307,-45,0
5001530,-31,C
5012958,-86,0
5002202,-17,X
5010046,-11,0
5008848,-37,0
5008654,-27,0
5006329,-87,0
5005236,-83,C
5002947,-92,0
5008038,-85,C
5008446,-9,0
5000804,-91,C
5009721,-88,X
5010161,-61,X
5011504,-64,0
5007751,-32,C
5005958,-65,0
5003268,-91,C
5008021,-51,C
5001653,-27,2
5013720,-48,1
5005985,-36,C
5000186,-48,C
5013164,-90,0
5002238,-41,C
5000382,-63,C
5001807,-42,C
5008814,-11,0
5000396,-82,0
5003680,-60,C
5002548,-50,2
5005057,-10,0
5012423,-79,X
5004108,-34,X
5001539,-27,0
5013621,-49,0
5009339,-34,C
5006751,0,C
5013696,-30,X
5007119,-80,0
5009218,-76,0
5007586,-21,C
5004622,-29,X
5013885,-42,C
5013680,-75,C
5011667,-36,C
5010697,-58,0
5003185,-47,C
5014444,-81,C
5009017,-39,0
5011983,-1,0
5002900,-65,0
5009963,-57,C
5009073,-6,0
5008228,-12,0
5006504,-37,0
5010569,-72,0
5009221,-13,0
5011374,-27,C
5010214,-54,C
5014044,-51,1
5014568,-27,0
5009628,-9,C
5004459,-92,X
5011657,-26,0
5002450,0,2
5010959,-49,X
5011196,-79,0
5010420,-82,0
5013434,-10,C
5010603,-81,C
5008506,-79,C
5014998,-6,C
5006291,-37,C
5013044,-53,0
5002291,-29,C
5005651,-49,C
5007104,-30,C
5014608,-56,0
5007494,-1,0
5001832,-72,C
5006321,-55,C
5013860,-23,C
5008301,-34,0
5002901,-84,0
5010954,-27,2
5013629,-50,0
5011796,-82,C
5007472,-85,C
5010298,-81,1
5009249,-29,2
5011063,-71,0
5013917,-39,C
5011560,-80,0
5013638,-14,C
5002757,-4,C
5006749,-17,0
5000171,-75,1
5008325,-61,0
5003864,-4,C
5002066,-49,C
5000548,-36,1
5000898,-45,1
5006540,-30,X
5007718,-15,0
5013269,-65,0
5012385,-51,1
5007149,-61,X
5004222,-91,C
5011026,-36,C
5010269,-28,0
5001130,-65,0
5005555,-65,C
5011801,0,C
5002027,-55,0
5012194,-59,0
5006552,-84,0
5009152,-42,C
5000378,-45,0
5010953,-33,1
5001251,-20,C
5006792,-70,X
5005188,-27,0
5005501,-83,1
5010894,-91,1
5002139,-92,0
5002963,-57,0
5001624,-78,2
5002850,-2,C
5006005,-36,C
5010489,-75,C
5008625,-13,0
5004083,-62,C
5014180,-32,C
5009887,-45,0
5010607,-7,0
5000272,-1,0
5010753,-55,0
5010516,-30,X
5008255,-69,1
5014155,-68,C
5010009,-42,1
5006664,-25,0
5008112,-57,C
5000792,-79,C
5004414,-59,0
5007568,-27,0
5010112,-23,C
5001632,-78,0
5011522,-41,0
5002075,-79,C
5005199,-15,2
5014474,-51,0
5003032,-16,0
5002454,-92,0
5009462,-24,C
5003925,-15,0
5004104,-76,0
5003098,-34,0
5003460,-38,0
5000435,-15,0
5002590,-76,X
5013501,-18,1
5005196,-44,C
5003826,-26,0
5001470,-95,2
5014549,-43,1
5010408,-29,0
5009234,-87,1
5007195,-75,0
5005965,-5,C
5014597,-17,C
5001982,-1,0
5011083,-32,C
5010080,0,0
5006655,-5,2
5009410,-27,0
5003913,-48,C
5002448,-24,0
5013580,-24,0
5007774,-13,C
5006715,-30,C
5011919,-4,2
5001854,-59,C
5001110,-77,0
5011102,-44,C
5014163,-19,2
5005057,-87,C
5012241,-8,1
5000237,-79,C
5014799,-71,C
5010027,-45,C
5001333,-74,C
5000543,-89,C
5006556,-25,1
5009636,-10,0
5010490,-24,C
5002606,-76,X
5007544,-21,2
5013501,-38,2
5005581,-82,C
5010318,-64,0
5010351,-94,1
5009097,-63,C
5014142,-77,C
5009599,-85,C
5012170,-22,1
5006931,-47,0
5014060,-19,0
5011882,-4,1
5006964,-38,C
5009950,-61,0
5008135,-56,0
5000551,-86,2
5000586,-51,0
5013528,-67,0
5007120,-31,C
5001664,-89,0
5003364,-66,1
5004238,-80,C
5013012,-93,C
5011740,-95,0
5005331,-14,0
5000904,-43,X
5014700,-12,0
5005307,-16,X
5014407,-46,0
5010318,-34,0
5005019,-83,0
5007431,-13,2
5005481,-22,2
5011311,-68,0
5000627,-4,0
5002123,-95,C
5006394,-41,C
5011736,-41,0
5012883,-64,1
5012717,-59,0
5000681,-9,C
5013138,-9,0
5007872,-87,C
5009817,-3,C
5002246,-90,X
5002268,-14,0
5004415,-31,0
5006705,-38,0
5006838,-39,C
5001388,-38,C
5013399,-25,C
5004161,-24,0
5002588,-25,0
5006900,-34,2
5004357,-21,0
5003823,-4,0
5014966,-45,X
5013174,-71,0
5009733,-26,0
5010670,-43,0
5003683,-22,C
5009456,-48,0
5006908,-66,1
5005218,-8,C
5014453,-16,1
5010044,-63,C
5013921,-73,C
5006039,-67,C
5008248,-83,C
5001786,-93,0
5005763,-75,C
5010578,-21,C
5005880,-21,0
5009015,-29,1
5003325,-28,C
5005363,-25,0
5002615,-62,0
5006189,-50,0
5009236,-9,C
5014578,-52,C
5014055,-31,0
5010016,-6,C
5006004,-38,1
5003021,-73,1
5002004,-90,C
5013198,-84,C
5001179,-78,0
5014287,-46,2
5000288,-46,1
5002804,-10,0
5010800,-53,C
5009223,-50,0
5005169,-42,C
5008866,-74,C
5002191,-18,1
5005623,-73,0
5003444,-32,C
5004139,-26,1
5014997,-14,0
5007247,-28,C
5006505,-95,C
5007795,-95,X
5003037,-86,C
5013157,-82,0
5014569,-61,2
5014383,-31,C
5003084,-78,C
5004077,-61,C
5003626,-42,1
5003406,-61,C
5003355,-86,C
5000451,-15,0
5000526,-10,C
5012017,-14,C
5002024,-5,C
5014562,-55,C
5002436,-58,C
5010394,-39,1
5002621,-12,1
5007654,-52,X
5006718,-47,2
5010750,-45,C
5014058,-15,C
5004089,-58,1
5001258,-57,1
5011604,-20,0
5006209,-56,C
5010678,-88,0
5012541,-62,0
5010734,-66,0
5004382,-49,0
5008569,-70,C
5004399,-9,0
5010312,-48,0
5000368,-77,0
5005561,-38,0
5010566,-4,C
5006382,-63,C
5014257,-8,C
5012509,-6,C
5002325,-59,0
5003730,-85,0
5008014,-82,C
5014860,-93,0
5013024,-8,C
5001767,-63,C
5001946,-63,2
5006746,-79,0
5013970,-69,C
5009262,0,C
5006155,-76,0
5003580,-14,1
5002043,-63,2
5004915,-68,0
5003914,-42,0
5001988,-39,C
5007222,-55,0
5009868,-81,0
5011407,-27,C
5011558,-14,0
5004358,-91,0
5005969,-39,0
5014491,-37,1
5001397,-60,1
5002163,-73,C
5008012,-31,C
5004836,0,C
5006483,-94,C
5002017,-29,C
5000276,-4,1
5012901,-42,C
5005290,0,C
5008684,-7,0
5014247,-56,2
5014711,-4,0
5008667,-4,C
5014417,-53,0
5002139,-78,0
5012192,-57,0
5009069,-94,C
5008813,-21,0
5014557,-59,C
5008450,-86,0
5012308,-34,0
5002555,-13,C
5010025,-57,1
5006446,-58,C
5006744,-85,0
5005287,-88,C
5012090,-56,0
5006733,-32,C
5013817,0,C
5005644,-70,0
5010464,-15,X
5013629,-47,C
5006367,-76,0
5014409,-68,0
5011972,-5,C
5009822,-73,X
5012232,-95,C
5001113,-78,C
5009482,-64,C
5011113,-85,0
5014530,-31,X
5013321,-44,C
5013181,-60,0
5001583,-48,C
5012078,-35,C
5003876,-18,C
5000122,-36,C
5011368,-44,1
5004884,-26,C
5008915,-47,0
5000133,-20,2
5012019,-82,C
5003994,-81,0
5000778,-95,2
5009769,-84,1
5012772,-82,C
5012561,-53,0
5001853,-36,C
5004537,-21,0
5012752,-37,0
5010476,-42,C
5010374,-44,0
5011144,-27,0
5007238,-83,2
5007756,-90,0
5001701,-37,0
5013252,-15,0
5004619,-57,C
5007055,-45,0
5006517,-47,1
5007228,-19,C
5012801,-60,0
5000939,-7,0
5000116,-89,X
5011984,-65,0
5004934,-41,1
5001537,-46,0
5002274,-64,C
5003477,-59,0
5004261,-14,0
5006173,-47,0
5010930,-18,C
5006694,-72,2
5009226,-33,2
5013117,-63,2
5014326,-85,C
5005064,-85,C
5003294,-3,C
5007369,-49,0
5008844,-80,2
5010737,-66,C
5003616,-13,C
5008976,-27,0
5011527,-48,1
5006266,-82,C
5000997,-55,0
5010201,-23,0
5011692,-37,0
5012451,-83,0
5006600,-38,C
5013263,-81,0
5009997,0,C
5009636,-13,0
5008783,-6,0
5007656,-31,0
5009930,-89,0
5011045,-6,C
5012484,-6,0
5009496,-46,C
5007258,-84,0
5014968,-54,0
5008135,-95,C
5008845,-86,C
5006786,-82,0
5001955,-69,0
5002422,-67,0
5004576,-58,C
5010204,-17,C
5006076,-71,0
5008979,-94,C
5004854,-6,1
5013671,-61,0
5007061,-52,C
5004488,-21,0
5004977,-81,1
5011864,-63,0
5003620,-71,C
5007266,-2,C
5010376,-23,X
5011185,-51,0
5010620,-25,C
5014650,-40,C
5012126,-29,0
5001645,-18,0
5001730,-46,1
5013336,-54,0
5001455,-12,C
5007157,-9,C
5008183,-68,0
5004837,-53,C
5004417,-92,0
5000758,-41,1
5007983,-43,0
5003900,-48,0
5002630,-71,0
5009100,-17,0
5003761,-28,0
5009141,-69,C
5008172,-84,1
5007164,-95,C
5001074,-39,C
5008825,-93,C
5007580,-48,0
5001977,-86,1
5010083,-59,0
5010671,-25,X
5011248,-22,C
5005055,-85,0
5011327,-17,0
5013664,-71,0
5001306,-89,C
5003590,-31,C
5006581,-10,C
5000507,-47,1
5007587,-46,0
5004408,-93,0
5003958,-95,C
5007447,-58,C
5007633,-10,0
5014980,-18,1
5001362,-26,C
5007216,-48,C
5012749,-61,0
5002024,-28,0
5004950,-22,1
5010582,-21,C
5008156,0,C
5012741,-87,C
5010813,-53,0
5001521,-40,1
5003064,-38,C
5009795,-75,C
5000921,-43,C
5002215,-44,0
5003966,-43,X
5001235,-66,0
5002641,-4,2
5002251,-79,0
5008803,-35,C
5004833,-32,1
5009626,-88,0
5006056,-51,C
5000247,-1,C
5012663,-48,0
5012742,-73,C
5000638,-35,0
5012438,-6,C
5009271,-13,1
5013058,-56,1
5013524,-66,0
5006897,-61,0
5007416,-21,0
5008870,-91,0
5005693,-43,C
5013531,-1,C
5008392,-64,C
5001097,-66,0
5003918,-57,0
5007149,-90,C
5014119,-55,C
5014743,-83,C
5009598,-52,0
5012131,-48,0
5007130,-10,C
5009534,-12,1
5012503,-23,0
5003612,-68,0
5014758,-80,0
5007511,-59,0
5013582,-51,C
5005111,-33,C
5001005,-71,0
5007083,-32,0
5009851,-55,C
5001703,-27,C
5005313,-16,C
5008898,-2,C
5002312,-61,2
5007228,-6,0
5009495,-77,C
5014534,-39,C
5001159,-18,C
5000695,-94,0
5010786,-41,C
5012541,-48,2
5004422,-76,0
5001931,-89,0
5001735,-41,0
5002997,-21,X
5006425,0,0
5010067,-59,C
5005048,-91,C
5010041,-64,C
5002477,-27,C
5009563,-10,C
5014999,-82,0
5003347,-18,C
5003187,-58,C
5000186,-51,C
5007621,-44,C
5011347,-25,X
5000509,-22,C
5014350,-16,0
5005611,-20,2
5014305,-53,1
5011119,-30,C
5008498,-31,1
5002204,-80,0
5009102,-14,C
5007881,-12,0
5004069,-64,C
5007814,-61,C
5004754,-15,0
5007615,-20,0
5000781,-69,0
5014253,-5,C
5000079,-83,X
5008787,-4,0
5011956,-90,C
5006456,-36,C
5008702,-19,0
5014838,-88,C
5000799,-72,0
5006038,-2,C
5012719,-64,0
5007794,-85,C
5005666,-23,0
5010322,-26,C
5009726,-10,X
5000009,-91,1
5002676,-53,C
5008370,-22,1
5002399,-8,0
5006078,0,C
5009171,-89,0
5014609,-52,0
5012388,-66,2
5008709,-13,1
5011560,-41,C
5000943,-51,X
5001742,-54,C
5010305,-51,0
5004880,-85,X
5012688,-42,C
5008876,-73,X
5000178,-47,0
5011901,-70,0
5008838,-54,0
5005454,-84,0
5004764,-86,1
5012193,-72,C
5010843,-40,0
5011664,-54,0
5006307,-51,2
5003969,-82,C
5003777,-66,1
5002920,-77,0
5002845,-13,0
5000515,-14,C
5011830,-26,C
5009660,-82,0
5008086,-27,0
5009892,-64,0
5008644,-34,1
5010803,-44,0
5010328,-32,0
5005965,-58,2
5009590,-12,0
5001318,-33,C
5005840,-28,0
5002283,-3,C
5003952,-16,2
5001514,-81,C
5011485,-10,0
5002299,-17,1
5012732,-94,C
5005792,-70,0
5010603,-9,1
5014474,-33,0
5009773,-78,C
5006305,-42,0
5003482,-44,X
5014242,-57,C
5011770,-8,1
5011830,-25,C
5010368,-83,0
5002837,-8,C
5003938,-48,C
5007514,-5,C
5000023,-62,0
5002615,-40,0
5009115,-42,C
5012229,-74,0
5012119,-34,0
5002941,-53,0
5007702,-54,C
5004911,-17,0
5008427,-80,1
5013260,-54,0
5010040,-1,0
5011064,-52,C
5004679,0,2
5014331,-66,1
5014788,-86,C
5005869,-2,1
5007902,-17,C
5009124,-55,1
5008259,-32,0
5013031,-19,0
5009104,-89,C
5002625,-37,C
5010890,-79,0
5009553,-82,C
5006112,-79,0
5006803,-17,X
5010903,-93,0
5000173,-10,0
5000843,-42,0
5008011,-59,2
5013326,-84,C
5009861,-29,C
5004960,-1,0
5000405,-88,C
5002942,-84,1
5001502,-31,1
5010066,-34,2
5013685,-61,C
5007671,-31,0
5014387,-92,2
5012100,-70,C
5008250,-61,1
5005008,-92,0
5003351,-23,0
5013028,-32,0
5008817,-85,C
5010580,-20,C
5001851,-31,C
5005544,-37,X
5014849,-44,C
5003539,-15,X
5010182,-39,0
5013287,-17,0
5005707,-66,0
5005574,-70,0
5007322,-48,0
5004643,-45,X
5013749,-63,C
5002894,-82,0
5002150,-34,X
5012400,-77,0
5001055,-39,0
5007361,-85,C
5014016,-27,C
5002202,-65,0
5013966,-76,0
5009254,-23,1
5013725,-30,X
5013093,-9,X
5012857,-81,2
5000133,0,2
5008297,-30,0
5010561,-8,0
5014024,-46,C
5007284,-38,0
5013598,-83,C
5001224,-50,0
5006345,0,0
5009456,-5,0
5002239,-31,1
5009650,-3,C
5010310,-62,0
5013220,-84,1
5013567,-47,0
5005962,-63,0
5009149,-10,0
5001244,-28,0
5007895,-76,2
5000310,-58,2
5013388,0,0
5007445,-16,0
5001589,-16,C
5002242,-37,X
5008303,-48,1
5012833,-77,0
5004913,-81,1
5012760,-49,X
5014785,-86,0
5006604,-74,C
5004607,-17,0
5005264,-74,0
5000234,-72,0
5010037,-16,C
5000110,-26,C
5012918,-50,C
5001783,-3,C
5001408,-95,0
5013236,-5,0
5012911,-73,0
5002258,-4,1
5002690,-46,0
5010569,-51,1
5012528,-46,C
5010360,-74,C
5014884,-35,C
5010852,-67,C
5013605,-15,0
5010031,-37,1
5002982,-83,0
5004971,-44,0
5000024,-70,0
5005421,-70,0
5007140,-35,0
5012487,-2,0
5002876,-68,0
5008557,-14,0
5007621,-47,0
5010188,-76,C
5004486,-5,1
5002873,-3,1
5003716,-32,0
5012492,-35,C
5014139,-66,C
5001118,-64,C
5013931,-51,0
5010495,-54,0
5004629,-36,C
5011216,-34,0
5008950,-75,C
5006391,-68,C
5005495,-83,0
5014059,-61,0
5003453,-4,0
5001588,-79,0
5006029,-14,0
5003431,-35,1
5011443,-66,C
5007294,-83,C
5006168,-37,0
5000740,-43,X
5008526,-4,C
5006035,-65,C
5001679,-57,1
5000167,-56,0
5009264,-66,0
5003222,-74,0
5003025,-60,C
5014647,-65,1
5009916,-59,0
5010407,-1,0
5005220,-65,C
5007896,-49,1
5003426,-5,1
5001081,-82,2
5009945,-90,C
5002832,-85,0
5004373,-66,C
5005011,0,C
5001152,-31,0
5005636,-70,1
5003298,-90,1
5006263,-51,1
5001313,-28,C
5002238,-50,C
5014662,-72,C
5010758,-22,C
5012594,-31,X
5014903,-3,0
5003463,-74,0
5003688,-24,0
5001287,-23,C
5005286,-93,0
5009516,-49,C
5002280,-59,0
5013785,-27,C
5013795,-72,C
5004704,0,0
5011121,-9,C
5000791,-36,C
5001964,-53,C
5001657,-95,1
5013436,-55,0
5011954,-45,0
5005816,-18,C
5007395,-8,0
5012328,-56,0
5006714,-77,2
5004654,-18,0
5012046,-69,C
5001121,-75,C
5006916,-24,2
5007310,-13,C
5011478,-86,0
5011756,-12,C
5013365,-21,0
5008467,-62,C
5010753,-72,C
5010839,-2,C
5003016,-18,0
5012257,-38,C
5009305,-15,0
5001411,-35,X
5007374,-21,0
5004061,-91,C
5010313,-40,C
5000386,-47,C
5003290,-67,0
5008384,-29,C
5014079,-71,1
5009755,0,0
5001304,-75,C
5004828,-57,C
5000700,-56,0
5013886,-60,C
5004482,-31,2
5010208,-10,1
5014990,-57,0
5002727,-28,0
5003309,-79,C
5003840,-85,0
5010062,-21,X
5003415,-93,0
5010822,-49,C
5008974,-65,C
5012664,-77,X
5010550,-21,0
5000477,-90,1
5013433,-55,0
5003804,-90,0
5014885,-81,0
5007157,-60,0
5000439,-66,C
5001417,-11,0
5009768,-17,C
5002426,-45,0
5006467,-68,C
5005531,-48,C
5010068,-63,C
5008009,-34,2
5004934,-54,C
5004370,-66,0
5001178,-77,C
5004407,-10,C
5005272,-70,C
5008981,-11,0
5009909,-9,0
5006473,-8,0
5010523,-81,X
5013127,-34,C
5003764,-60,C
5004847,-39,0
5001938,-28,0
5007361,-9,C
5014896,-82,C
5006135,-10,C
5006576,-62,0
5013751,-15,C
5002269,-95,0
5003638,-90,0
5006423,-29,C
5000181,-20,0
5010177,-90,C
5002432,-31,0
5001286,-60,1
5008100,-26,C
5014636,-32,C
5007856,-34,0
5014438,-28,2
5007380,-57,C
5007285,-87,2
5000929,-22,0
5010802,-95,0
5008410,-93,0
5003273,0,C
5014655,-54,C
5003158,-78,C
5005968,-29,C
5002214,-86,C
5005417,-82,1
5007516,-4,1
5014779,-69,C
5000938,-24,X
5002697,-61,X
5007819,-13,C
5009478,-66,C
5005053,-28,C
5002799,-21,C
5014152,-83,C
5003506,-1,C
5011785,-24,0
5002166,-74,0
5011461,-10,C
5012399,-56,C
5014701,-88,1
5006722,-64,C
5000305,-79,X
5011338,-81,0
5009252,-35,C
5007227,-27,C
5012204,-44,C
5014238,-43,C
5012472,-3,0
5006749,-69,1
5004018,-93,X
5002930,-48,C
5014614,-12,C
5011135,-25,0
5001993,-23,C
5000143,-41,0
5007374,-23,0
5009549,-57,0
5014910,-82,X
5011097,-40,0
5011803,-5,1
5003095,-49,1
5010093,-77,0
5004286,-21,C
5010728,-11,0
5012517,-20,0
5001777,-83,C
5004100,-69,0
5010428,-27,0
5011512,-43,1
5007553,-50,0
5001766,-77,X
5000787,-74,0
5012629,-8,1
5009070,-69,C
5006122,-36,C
5012344,-22,C
5006445,-59,0
5004265,-24,C
5001668,-67,C
5011809,-48,0
5014279,-16,C
5008866,-26,C
5014403,-5,C
5003825,-85,C
5002437,-21,0
5013415,-48,0
5000402,-26,0
5004581,0,C
5009614,-68,1
5007983,-47,C
5013532,-43,2
5008133,-17,2
5006570,-88,C
5004540,-35,C
5002847,-92,C
5002124,-9,1
5007908,-66,0
5007928,-17,C
5001965,-6,0
5009849,-61,C
5000622,-54,C
5008174,-2,1
5006410,-83,2
5012257,-75,C
5000961,-48,0
5004293,-56,1
5007595,-58,0
5008136,-5,0
5012541,-36,C
5004274,-1,0
5000564,-32,C
5008374,-15,1
5004676,-19,C
5014517,-59,C
5013303,-68,C
5011003,-91,1
5008706,-1,C
5012736,-69,C
5011544,-11,0
5013258,-56,0
5012324,-31,0
5004782,-91,C
5012516,-63,C
5003827,-91,C
5012587,-67,0
5008013,-61,0
5006349,-40,2
5012774,-88,C
5010721,-69,0
5000968,-68,C
5000492,-61,0
5005574,-87,C
5008993,-51,0
5000949,-22,2
5003955,-7,0
5003663,-36,C
5011972,-76,0
5013715,-86,0
5012800,-53,0
5012058,-43,C
5010729,-86,C
5000553,-31,C
5009361,-52,1
5003548,-28,2
5008031,-37,0
5006459,-79,C
5011751,-67,C
5009608,-31,1
5010831,-62,0
5007608,-76,0
5000890,-81,0
5013681,-6,C
5012929,-55,X
5004988,-1,0
5012190,-67,0
5004553,-43,C
5000705,-51,0
5002901,-39,X
5010554,-7,C
5012446,-70,C
5000379,-49,1
5012025,-25,C
5003495,-61,C
5009334,-17,C
5007606,-60,C
5008533,-11,0
5000590,-19,0
5013769,0,0
5002578,-75,0
5011505,-43,C
5012882,-46,0
5009113,-85,C
5008983,-66,0
5013595,-52,2
5004238,-26,0
5007329,-79,2
5004897,-56,C
5005147,-52,2
5001653,-73,C
5010600,-6,C
5008513,-10,C
5012995,-85,2
5008676,-57,0
5002653,-6,1
5007638,-54,0
5004078,-29,0
5000658,-56,0
5013121,-22,0
5002626,-37,C
5009135,-32,0
5007333,-47,0
5003622,-83,1
5006466,-8,0
5003914,-76,0
5012694,-59,0
5014107,-52,0
5006422,-40,C
5011118,-14,2
5012352,-29,1
5013770,-89,0
5008086,-35,C
5013819,-88,C
5000980,-63,0
5005302,-77,C
5009434,-62,C
5010645,-50,1
5001207,-50,0
5006872,-21,C
5012320,-16,1
5010518,-71,0
5005255,-49,2
5003152,-13,X
5013367,-55,X
5009056,-76,0
5009089,-29,C
5003705,-58,0
5001495,-63,C
5011357,-25,0
5014117,-21,C
5006716,-85,C
5009223,-91,0
5000876,-79,C
5003255,-87,C
5006996,-62,C
5013507,-45,0
5003102,-80,2
5014052,-2,C
5000098,-80,0
5001949,-63,0
5008266,-13,C
5008892,-71,C
5003990,-13,0
5007235,-76,C
5010505,-35,C
5008244,-47,C
5008120,-58,C
5010678,-33,C
5010995,-63,C
5009129,-10,C
5003247,-23,C
5014070,-40,C
5008307,-29,C
5013810,-36,0
5005216,-65,C
5004519,-32,C
5013283,-59,0
5005730,-26,2
5010605,-75,0
5000618,-89,C
5007837,-47,2
5008373,-9,1
5014061,-89,C
5000357,-40,1
5007313,-75,1
5003777,-53,0
5007122,-3,C
5002105,-85,1
5014725,-39,C
5010530,-30,0
5001965,-84,0
5005459,-50,C
5001374,-37,C
5004194,-71,C
5005755,-27,C
5002019,-11,0
5002110,-34,C
5004239,-77,C
5005005,-11,0
5011916,-12,1
5003382,-48,X
5008786,-33,C
5005737,-32,0
5004717,-20,0
5003845,-82,C
5003148,-36,C
5002508,-14,C
5008941,-60,C
5007591,-51,0
5014464,-16,0
5001748,-80,1
5000692,-89,0
5003597,-43,0
5010945,-15,C
5014893,-12,0
5004706,-1,C
5000194,-91,C
5002473,-87,C
5010678,-83,0
5008047,-17,X
5002570,-9,2
5005914,-70,C
5007207,-81,C
5002981,-32,0
5010293,-74,C
5004815,-43,0
5010882,-39,0
5003379,-48,0
5002636,-87,C
5014852,-10,C
5014485,-66,0
5007370,-51,0
5014513,-38,C
5001913,-1,C
5014430,-91,X
5000181,-48,0
5013809,-51,0
5010071,-30,2
5009585,-76,C
5014464,-50,C
5008532,-30,C
5005125,-65,X
5012603,-65,0
5012709,-36,0
5010271,-24,1
5011444,-61,C
5008901,-8,0
5012912,-5,0
5010219,-65,1
5002828,-14,2
5012486,-60,0
5004843,-14,0
5013103,-57,0
5009830,-32,0
5000275,-61,C
5002340,-79,C
5008357,-64,2
5006168,-58,C
5010390,0,0
5003689,-78,C
5000107,-53,0
5007225,-77,C
5013404,-50,C
5011937,-18,X
5007489,-82,C
5007854,-58,C
5012486,-2,0
5001585,-75,C
5004799,-86,0
5002314,-46,0
5000187,-70,C
5010356,-65,0
5001383,-85,2
5007468,-17,0
5003376,-78,0
5000408,-61,0
5012073,-43,0
5011466,-66,0
5006861,-4,1
5003808,-81,0
5003614,-93,C
5008274,-26,0
5014139,-47,X
5001460,-1,C
5008164,-87,2
5010951,-33,1
5014188,-54,C
5001900,-45,0
5001196,-37,C
5010822,-65,C
5002090,-47,0
5007502,-92,C
5003200,-39,C
5013776,-6,0
5008455,-5,C
5000573,-13,0
5013094,-81,C
5008948,-55,C
5006527,-82,1
5004404,-1,0
5012522,-7,0
5010375,-57,C
5008380,-20,C
5004725,-25,1
5004225,-89,0
5011855,-9,0
5002867,-84,C
5004293,-2,C
5001800,-7,X
5014126,-77,C
5009494,-53,0
5013014,-42,0
5014562,-92,C
5008872,-85,C
5013804,-41,C
5008408,-40,0
5013923,-86,1
5003478,-69,C
5009208,-66,0
5000693,-59,C
5004996,-89,C
5007145,-77,C
5004529,-65,0
5006321,-41,1
5011743,-29,C
5011058,-56,C
5004637,-75,2
5013430,-1,C
5006696,-29,0
5000732,-23,1
5004825,-11,1
5007884,-48,C
5013981,-11,C
5001923,-4,0
5002932,-74,C
5014387,-54,C
5012376,-16,C
5012061,-61,C
5009031,-86,0
5002549,-20,C
5005343,-90,0
5012650,-87,C
5006730,-9,0
5014262,-19,0
5003145,-48,0
5009355,-45,C
5014450,-78,C
5004162,-50,0
5000630,-32,0
5005053,-93,C
5009346,-58,C
5002341,-47,C
5008304,-69,C
5001460,-48,0
5009789,-74,C
5001527,-20,C
5013007,-52,1
5006133,-1,0
5012623,-91,0
5003067,-13,0
5000489,-79,0
5010839,-91,0
5002880,-39,0
5004530,-83,C
5007337,-66,0
5012527,-38,C
5012442,-47,0
5002331,-52,C
5002650,-48,C
5001683,-67,0
5009863,-56,C
5014567,-13,0
5000913,-57,X
5012717,-8,0
5012963,-44,C
5002794,-22,C
5006136,-1,0
5010251,-42,C
5006184,-88,C
5003100,-61,0
5006391,-27,0
5006673,-45,1
5005914,-73,C
5002771,-37,0
5008659,-69,C
5005202,-83,0
5013036,-66,C
5009439,-21,0
5004197,-61,X
5010437,-85,C
5006516,-71,0
5013057,-23,C
5008066,-38,0
5010535,-4,C
5011444,-63,0
5004736,-42,C
5005148,-27,X
5007047,-92,0
5011670,-43,1
5014662,-60,C
5009560,-46,0
5013398,-22,0
5011611,-51,2
5010706,-61,0
5011519,-30,C
5004050,0,C
5006072,-62,C
5000002,-6,C
5007101,-85,C
5007807,-45,C
5000634,-65,C
5012363,-60,0
5014757,-23,0
5000539,-13,C
5009489,-14,1
5012212,-61,C
5014937,-59,2
5014062,-57,C
5003631,-16,0
5004230,-59,X
5008393,-18,0
5004485,-90,0
5000616,-77,C
5011529,-21,0
5011420,-55,C
5011386,-83,2
5014514,-90,0
5014443,-41,C
5000570,-54,0
5001311,-29,0
5002592,-82,C
5008001,-83,C
5005891,-41,C
5003673,-85,C
5012454,-72,0
5013448,-75,C
5009561,-52,C
5013260,-94,0
5004216,-92,C
5002594,-91,0
5009903,-52,C
5000156,-55,X
5002044,-71,1
5003513,-30,0
5011042,-66,C
5003597,-3,0
5003271,-60,C
5001496,-38,0
5002960,-87,1
5007370,-63,C
5002668,-93,C
5014310,-47,X
5001196,-87,0
5014215,-22,C
5001717,-53,C
5009785,-36,C
5007232,-9,C
5007301,-17,C
5011865,-66,C
5005934,-69,C
5005596,-8,1
5006302,-42,C
5008779,-33,0
5009080,-93,1
5010149,-42,C
5000324,-70,C
5012306,-12,C
5002421,-80,0
5001251,-55,C
5004907,-72,2
5006811,-84,0
5005300,-53,C
5010334,-34,0
5010596,-88,C
5005183,-44,X
5009062,-17,C
5014602,-7,C
5001767,-53,0
5012058,-69,0
5011455,-35,0
5008140,-23,C
5000630,-79,0
5011537,-53,0
5011636,-61,C
5004631,-18,0
5011772,-7,1
5012032,-60,0
5003173,-81,C
5000557,-53,0
5007687,-68,C
5006732,-90,C
5001654,-13,0
5000967,-55,C
5002351,-77,C
5004723,-21,C
5008060,-80,C
5009707,-37,C
5007020,-46,C
5009869,-21,0
5006117,-24,0
5004566,-32,C
5003316,-84,0
5014565,-88,0
5005403,-77,0
5014207,-6,C
5003509,-41,C
5013542,-23,0
5002056,-23,0
5014782,-23,C
5003454,-73,0
5013123,-88,C
5014949,-82,0
5000834,-22,1
5001210,0,0
5001267,-78,0
5013950,-8,C
5010660,-50,2
5014099,-66,C
5008441,-70,0
5002960,-48,0
5006473,-86,C
5007173,-44,C
5000413,-80,1
5014512,-1,C
5007360,-3,1
5013617,-49,C
5003279,-15,C
5007242,-70,C
5009932,-90,0
5009547,-43,C
5012455,-76,C
5000456,-84,1
5003910,-39,0
5006676,-89,C
5003334,-44,C
5008711,-2,0
5006693,-53,C
5009787,-38,C
5003075,-68,C
5012967,-39,C
5011507,-87,0
5002591,-80,2
5013559,-40,C
5014993,-83,C
5002467,-23,2
5003578,-83,C
5008017,-23,0
5007070,-41,0
5002460,-17,C
5003017,-50,C
5012104,-44,C
5007058,-15,C
5003173,-63,C
5010621,-55,C
5000306,-34,C
5003710,-8,C
5012513,-32,C
5005677,-36,0
5002505,-60,0
5014689,-54,C
5000497,-52,0
5009908,-20,C
5012055,-4,C
5005057,0,C
5011398,-70,C
5009596,-22,0
5004038,-86,0
5013051,-70,C
5008045,-58,0
5001237,-82,0
5003003,-26,C
5003597,-76,0
5010447,-8,C
5007323,-8,C
5010785,-59,0
5011281,-41,0
5000229,-93,0
5013667,-9,C
5009392,-68,1
5002115,-94,C
5001271,-37,0
5011979,-53,C
5000182,-63,0
5006087,-16,C
5001658,-70,C
5002113,-82,0
5012549,-37,C
5003566,-59,X
5011695,-37,C
5009649,-1,0
5003686,-44,X
5012221,-32,0
5014881,-59,C
5003465,-91,1
5012968,-30,0
5000013,-54,X
5002396,-47,0
5012603,-30,C
5006457,-18,C
5002284,-78,C
5005861,-8,0
5006407,-80,1
5011383,-46,C
5005682,-3,0
5002392,-37,0
5002857,-67,0
5013122,-15,C
5002154,-9,0
5009756,-36,0
5010698,-42,0
5009441,-44,C
5003641,-9,C
5004984,-92,0
5004950,-46,C
5003665,-73,0
5012410,-87,0
5005020,-78,C
5002341,-84,0
5008294,-1,1
5002828,-26,1
5013028,-68,C
5009285,-71,0
5008707,-65,C
5011431,-73,0
5005149,-31,C
5008528,-59,C
5009884,-89,X
5010680,-69,0
5004602,-87,0
5013500,-67,C
5000755,-14,2
5003289,-71,C
5012681,-64,0
5011345,-34,1
5012963,-86,0
5002184,-74,C
5012447,-48,0
5007980,-35,C
5009174,-72,0
5008267,-87,C
5010041,-80,1
5014870,-7,C
5012377,-77,0
5010345,-64,C
5014928,-34,0
5012544,-4,C
5002607,-4,C
5004720,-45,0
5013929,-52,0
5003107,-38,0
5003417,-91,C
5002296,-4,0
5004002,-38,C
5003363,-15,0
5001618,-94,0
5008082,-33,C
5009093,-58,0
5012048,-35,0
5011909,-18,1
5005593,-79,C
5005463,-4,2
5006681,-68,C
5013835,-38,C
5005998,-25,C
5000891,-44,0
5006755,-14,C
5003380,-10,C
5003172,-13,2
5007856,-94,0
5005492,-51,0
5014451,-73,0
5009878,-89,0
5008972,-60,X
5001075,-74,C
5012688,-18,0
5013085,-70,0
5001115,-68,0
5002581,-36,C
5005970,-44,C
5005695,-7,C
5002176,-70,0
5011857,-48,0
5008039,-25,0
5014662,-70,C
5009330,-94,C
5003778,-21,0
5001437,-94,C
5008501,-94,C
5012866,-47,0
5011839,-52,0
5011356,-74,C
5012252,-95,C
5011015,-67,C
5007212,-81,C
5001222,-8,C
5010944,-14,C
5000164,-3,1
5007212,-53,C
5010024,-25,C
5004538,-93,0
5005013,-93,C
5014573,-80,C
5004407,-46,X
5009244,-3,0
5002965,-21,1
5012427,-73,0
5005675,-40,0
5001975,-10,0
5011246,-88,C
5012899,-76,0
5013958,-6,0
5014955,-64,X
5002504,-46,0
5008534,-36,C
5004449,-48,1
5005000,-51,X
5006631,-67,0
5008997,-82,X
5007613,-50,C
5011585,-69,C
5003892,-31,C
5011711,-46,C
5001864,-59,C
5001532,-92,0
5002156,-60,C
5014969,-9,0
5011861,-20,C
5014471,-41,X
5010771,-52,C
5002055,-60,C
5014850,-20,2
5013298,-38,1
5012658,-78,C
5001069,-40,0
5000178,-67,1
5014322,-90,0
5000266,-30,1
5005940,-86,2
5003505,-46,0
5006712,-15,C
5006520,-91,C
5012313,-41,C
5012925,-67,0
5009180,-78,0
5004815,-58,1
5007910,-16,0
5011688,-44,C
5008097,-67,C
5012648,-77,C
5002245,-18,C
5005201,-50,C
5002129,-42,C
5009676,-45,C
5005120,-80,0
5000819,-75,0
5001480,-17,0
5008641,-19,C
5009914,-61,0
5005727,-53,C
5008369,-41,0
5003003,-51,0
5013246,-7,0
5008997,-65,C
5010997,-2,0
5011307,-78,1
5011289,-59,C
5009182,-11,1
5014141,-49,C
5005602,-86,0
5005156,-87,1
5010017,-69,0
5006407,-10,C
5011435,-48,1
5008862,-1,C
5006665,-90,C
5004471,-50,0
5002385,-73,C
5008010,-46,2
5006097,-71,C
5011483,-31,0
5007221,-41,0
5014396,-91,C
5000357,-51,0
5014826,-88,0
5010370,-8,1
5008499,-90,0
5002102,-85,0
5009200,-37,0
5007942,-77,C
5005679,-88,C
5005013,-41,X
5006698,-44,0
5013254,-75,0
5003045,-86,0
5005809,-44,C
5013427,-2,C
5008415,-87,0
5001050,-55,C
5009131,-15,C
5001128,-15,2
5006977,-58,0
5005679,-77,0
5004504,-39,0
5004122,-8,0
5006532,-6,0
5010965,-54,2
5012610,-68,2
5010693,-57,C
5009005,-38,X
5003323,-63,C
5002566,-1,0
5008746,-31,0
5002027,-64,0
5013491,-44,C
5011014,-39,C
5009844,-80,C
5004498,-12,0
5002004,-70,C
5014960,-32,0
5002458,-45,C
5001524,-26,0
5006886,-46,C
5003126,-91,0
5004608,-4,2
5000892,-8,C
5003855,-74,X
5011944,-79,2
5000257,-1,0
5007086,-89,C
5005092,-49,0
5012986,-39,0
5011668,-3,0
5000146,0,2
5008911,-4,0
5011087,-43,0
5009991,-16,C
5013480,-64,C
5004274,-26,C
5009290,-26,0
5013232,-4,1
5006965,0,C
5000047,-86,1
5008136,-94,0
5003140,-77,C
5012823,-26,0
5005855,-3,0
5013430,-39,0
5002578,-56,1
5007904,-78,0
5013590,-81,C
5010651,-45,C
5011892,-32,C
5004598,-2,2
5014829,-5,C
5008025,-48,C
5007227,-51,C
5012465,-23,0
5000459,-65,C
5001472,-90,0
5006624,-65,C
5005624,-83,0
5003688,-91,C
5004107,-95,0
5005047,-47,C
5010334,-23,X
5004176,-80,C
5001946,-68,C
5001492,-45,0
5000813,-57,C
5011305,-15,C
5009015,-48,0
5008652,-82,0
5010457,-1,0
5000054,-41,1
5013814,-94,0
5003589,-2,X
5013402,-16,C
5002216,-62,0
5003408,-44,0
5001500,-81,0
5013556,-68,C
5014397,-9,0
5003794,-85,C
5013111,-43,C
5011028,-63,0
5008350,-54,0
5012155,-1,0
5009115,-43,C
5013577,-92,C
5011291,-15,0
5011310,-2,2
5009563,-40,X
5010268,-26,C
5001748,-1,X
5006792,-94,0
5008861,-30,1
5009949,-57,C
5008893,-63,C
5006871,-20,0
5003925,-13,C
5005775,-89,C
5007453,-13,C
5000049,-85,X
5011950,-41,0
5007539,-83,2
5001792,-46,2
5008694,-3,C
5007818,-81,C
5009170,-69,C
5003941,-46,C
5001759,0,0
5008072,-48,C
5003002,-58,0
5000232,-73,C
5014675,-18,2
5000765,-6,1
5008925,-2,X
5006916,-88,X
5009619,-76,C
5008156,-71,1
5010553,-51,C
5000738,-56,C
5011462,-85,2
5002677,-30,1
5009480,-69,C
5000362,-54,0
5003199,-88,0
5004996,-24,0
5011725,-42,C
5010789,-51,2
5008800,-23,0
5002656,-49,0
5010545,-29,0
5011698,-88,C
5007963,-56,1
5010047,-8,0
5004473,-44,C
5010271,-88,1
5003221,-73,X
5006263,-75,1
5004497,-88,C
5010808,-22,0
5009099,-89,1
5007484,-56,C
5006485,-76,C
5012103,-37,1
5011682,-24,0
5014516,-48,0
5000063,-2,C
5004086,-84,0
5014249,-89,C
5006745,-89,0
5013215,-25,0
5002412,-46,0
5002221,-54,0
5013684,-38,C
5012883,0,1
5004817,-52,C
5010816,-30,0
5002715,-9,0
5002530,-75,0
5001935,-46,0
5003726,-76,0
5010157,-32,C
5009334,-5,C
5006926,-21,1
5002488,-28,2
5002591,-94,C
5004945,-28,C
5014706,-13,0
5012761,-31,0
5000897,-27,0
5002164,-26,C
5003740,-10,0
5003837,-92,0
5008311,-94,0
5004379,-74,0
5006521,-55,0
5011886,-22,C
5009095,-20,0
5006952,-29,C
5010528,-75,C
5005193,-24,C
5006204,-78,0
5006765,-40,C
5004438,-2,0
5008639,-62,C
5010758,-86,C
5012850,-95,C
5008221,-52,0
5013415,-91,C
5000639,-39,0
5006469,-73,0
5006254,-21,0
5009760,-7,C
5012887,-90,C
5005484,-34,C
5001175,-87,0
5012294,-58,X
5001510,-73,C
5006293,-91,X
5003844,-4,1
5010635,-5,0
5001828,-55,C
5007661,-41,C
5002194,-79,1
5006265,-13,1
5000346,-44,C
5014757,-11,0
5010355,-60,C
5014614,-62,0
5010805,-78,C
5011197,-72,C
5006865,-51,0
5008967,-80,1
5005035,-72,2
5001352,-85,C
5004253,-3,X
5006732,-13,2
5012272,-10,0
5011211,0,0
5006914,-46,0
5002984,-34,C
5000855,-11,C
5006750,-36,C
5009635,-30,0
5009419,-60,C
5001184,-85,C
5000725,-59,C
5008373,-16,C
5012581,-27,0
5010075,-81,0
5006563,-2,2
5014656,-17,X
5003298,-19,C
5006594,-45,0
5008839,-84,C
5011079,-57,0
5014624,-66,0
5007238,-2,0
5009209,-31,0
5008407,-52,C
5004743,-12,2
5001726,-85,0
5010794,-6,0
5005226,-77,0
5012797,-11,C
5009560,-28,0
5002104,-47,C
5005637,-57,0
5011111,-36,C
5004460,-76,0
5014483,-42,0
5001146,-74,C
5003145,-13,0
5014131,-41,X
5011057,-37,C
5006081,-92,0
5007141,-43,C
5010291,-21,0
5013426,-93,0
5014722,-75,0
5012475,-28,C
5013467,-62,0
5013829,-19,0
5009305,-18,C
5013618,-50,X
5008251,-56,0
5010510,-52,C
5006303,-10,C
5003029,-8,C
5009053,-62,0
5006829,-23,0
5012502,-42,0
5009767,-50,0
5011795,-10,C
5008138,-36,0
5008130,-18,C
5008533,-70,C
5008638,-52,0
5007287,-60,0
5000958,-90,0
5000175,-90,C
5010793,-19,X
5009168,-6,C
5011332,-80,0
5010909,-87,2
5002442,-36,0
5007980,-28,C
5014609,-8,0
5006329,-22,C
5012099,-9,0
5007481,-21,2
5013774,-37,2
5003038,-54,0
5004018,-88,X
5004816,-28,0
5003308,-61,C
5003310,-32,0
5010880,-80,C
5006231,-8,0
5004345,-78,0
5011577,-79,0
5014830,-49,1
5014922,-62,C
5000507,-66,1
5008536,-63,2
5006075,-94,0
5012211,-68,C
5007319,-83,C
5012367,-21,C
5005606,-3,0
5013509,-70,C
5008750,0,C
5009488,-80,0
5006060,-76,0
5008285,0,C
5003709,-27,0
5010948,-51,0
5007952,-19,0
5013438,-15,0
5013691,-44,X
5008547,-30,1
5003570,-68,C
5004746,-8,C
5008416,-59,X
5001958,-54,0
5001054,-4,0
5000817,-2,2
5006844,-94,0
5011461,-76,C
5009447,-64,0
5008552,-53,C
5012528,-31,C
5013354,-70,C
5001132,-29,0
5013228,-67,C
5005713,-73,C
5009551,-6,C
5002028,-14,0
5004456,-61,0
5012452,-38,0
5001390,-19,2
5002911,-54,0
5005021,-29,1
5002798,-21,0
5013481,-19,0
5002897,-30,X
5009695,-53,0
5003485,-30,0
5010009,-92,C
5003753,-9,X
5011351,-79,0
5002555,-59,0
5008120,-51,C
5014987,-87,1
5002490,-47,0
5001977,-18,C
5001746,-65,C
5013247,-14,0
5005569,-7,1
5000769,-53,0
5007972,-7,C
5003450,-65,1
5008635,-21,1
5013828,-71,C
5014283,-92,C
5010515,-32,2
5011728,-95,C
5004617,-25,0
5014136,-88,2
5008176,-56,C
5008517,-85,0
5006473,-15,0
5013120,-74,0
5012615,-8,C
5002830,-19,0
5000339,-35,0
5004267,-25,1
5011810,-66,C
5005993,-59,1
5007832,-71,1
5005958,-34,C
5004770,-67,C
5006181,-25,0
5004497,-17,C
5011749,-52,0
5013448,-53,0
5004982,-81,0
5011468,-22,C
5006764,-14,0
5009676,-88,1
5005016,-42,C
5006323,-81,0
5009127,0,C
5002996,-32,X
5012343,-45,0
5014123,-60,C
5006497,-86,1
5013998,-92,C
5010219,-26,C
5006370,-32,C
5007138,-20,1
5011933,-6,0
5006018,-77,C
5014862,-67,C
5006909,-43,0
5014317,-48,C
5009103,-94,0
5004706,0,C
5000098,-15,C
5000399,-15,0
5007989,-6,C
5010484,0,0
5013952,-91,1
5000547,-2,X
5004192,-43,1
5013570,-46,1
5001626,-51,0
5001627,-30,0
5014101,-60,C
5006034,-40,0
5013025,-27,C
5001969,-94,C
5007171,-27,C
5006643,-50,1
5012216,-45,0
5006054,-89,C
5004361,-92,1
5014769,-44,0
5011305,-9,C
5013440,-1,X
5014636,-87,C
5004775,-19,0
5002192,0,1
5000316,-66,2
5001220,-1,0
5006166,-74,X
5002045,-26,0
5003005,-30,C
5001150,-67,0
5004738,-58,2
5001533,-10,C
5010070,-49,0
5010126,-3,C
5005505,-39,0
5012246,-4,C
5002750,-60,0
5002109,-33,2
5010062,-23,0
5010420,-40,0
5002092,-36,0
5007290,-19,C
5002181,-58,0
5001447,-31,0
5005569,-12,C
5006965,-83,0
5002536,-26,X
5011679,-57,C
5009778,-16,C
5012523,-39,0
5007330,-53,C
5004481,-42,1
5007326,-6,C
5002998,-29,0
5005953,-89,0
5005333,-5,0
5001981,-39,C
5005299,-67,C
5010737,-94,0
5014968,-1,0
5001925,-80,0
5006782,-82,C
5003860,-49,0
5003878,-26,0
5008290,-88,1
5003060,-93,C
5012817,-38,C
5007661,-34,C
5000350,-8,C
5013975,-44,C
5002513,-44,C
5014377,-8,0
5013726,-19,0
5013969,-24,0
5000586,-11,0
5013465,-35,C
5009912,-17,0
5013170,-73,0
5013392,-74,C
5014074,-68,1
5003437,-65,0
5005239,-36,0
5002249,-81,C
5009773,-15,1
5012709,-24,0
5004146,-83,0
5004073,-19,0
5007855,-7,0
5010373,-11,C
5012279,-14,1
5006669,-78,C
5006430,-40,C
5010121,-12,0
5011674,-80,C
5002650,-38,1
5002627,-47,0
5011597,-75,0
5013986,-64,C
5007990,-88,0
5000696,-69,C
5014911,-84,0
5003965,-92,0
5003725,-47,X
5009421,-50,0
5001055,-15,0
5007642,-86,C
5009761,-36,0
5010057,-29,C
5007539,-95,C
5009008,-28,0
5006397,-44,2
5007730,-14,0
5013903,-53,C
5002685,-14,0
5014240,-53,0
5001479,-3,2
5002329,-35,0
5008268,-8,C
5004101,-80,2
5010943,-21,0
5009634,-73,C
5011461,-24,C
5010600,-16,2
5009583,-60,C
5000461,-79,1
5007026,-77,0
5005196,-69,0
5005674,-38,0
5012649,-45,0
5012544,-13,C
5006943,-15,0
5004307,-68,2
5011559,-42,0
5011623,-31,C
5011834,-80,0
5008377,-23,0
5003224,-2,0
5004434,-18,C
5000738,-55,0
5004279,-36,1
5008368,-1,1
5014735,-41,C
5003061,-1,0
5009074,-86,C
5011250,-89,0
5002225,-13,0
5014625,-40,0
5014942,-49,C
5003613,-65,0
5011140,-4,0
5006068,-31,0
5014764,-82,C
5004005,-71,C
5013383,-61,C
5010562,-15,2
5006887,-86,C
5002438,-45,0
5003752,-16,0
5011353,-6,0
5009103,-37,0
5004965,-45,C
5003314,-71,C
5001170,-8,0
5009704,-16,1
5000105,-31,C
5011853,-79,C
5014405,-46,C
5014522,-14,0
5010686,-19,C
5005748,-20,C
5008853,-60,X
5004206,-27,0
5014742,-10,C
5006713,-11,0
5002661,-33,0
5004091,-85,C
5006774,-10,0
5012828,-49,0
5009951,-65,C
5002542,-31,0
5000605,-51,0
5014274,-5,C
5000854,-15,0
5006976,-30,1
5006426,-71,1
5011246,-57,0
5009492,-63,C
5013371,-20,C
5000176,-9,0
5005064,-32,C
5003156,-36,0
5009096,-33,0
5013584,-31,0
5012926,-33,2
5002631,-20,C
5006274,-43,0
5012488,-81,0
5012996,-81,C
5011512,-65,0
5005598,-69,C
5008962,-49,C
5005533,-5,0
5001367,-89,C
5006526,-83,0
5012853,-80,1
5002687,-73,C
5010717,-85,0
5004323,-23,C
5011901,-33,0
5014247,-65,C
5003891,-15,C
5014249,-88,C
5013381,-57,0
5000865,-91,C
5010783,-11,C
5011645,-70,0
5013765,-73,2
5008363,-5,0
5006989,-8,C
5013505,-34,C
5003609,-40,0
5013399,-31,X
5007435,-77,1
5005494,0,0
5000467,-41,0
5012200,0,C
5008722,-23,0
5004557,-26,C
5008326,-68,C
5009416,-78,C
5014312,-51,C
5008376,-10,1
5003574,-84,C
5014661,-6,0
5007820,-65,0
5003014,-10,2
5000107,-23,1
5003822,-89,2
5012323,-71,0
5008118,-14,C
5003273,-36,1
5008544,-32,C
5005595,-35,X
5010024,-67,0
5008490,-15,C
5000038,-68,C
5009825,-65,X
5014741,-61,1
5008013,-24,C
5011816,-58,C
5006973,-92,0
5002275,-93,2
5008624,-1,X
5013993,-45,0
5001476,-60,C
5008638,-59,C
5014683,-23,1
5005019,-18,C
5009667,-20,0
5014070,-6,2
5007722,-90,0
5010661,-92,0
5005131,-18,1
5005188,0,C
5007598,-83,0
5014675,-69,C
5004181,-45,0
5001465,-18,1
5013356,-35,C
5000612,-43,C
5009764,-30,0
5009406,-66,C
5002495,-1,C
5011868,-87,0
5001426,0,0
5001728,-14,0
5012839,-74,C
5009503,-34,0
5010632,-47,0
5013581,-68,0
5007590,-71,0
5012703,-52,0
5004367,-89,0
5001234,-74,C
5005404,-73,0
5007409,-58,C
5002659,-7,1
5011233,-52,X
5008711,-38,0
5003890,-28,1
5002948,-3,0
5013992,-43,0
5013216,-91,0
5006990,-23,0
5008079,-86,C
5006936,-83,0
5001959,-37,C
5007532,-80,0
5002364,-80,C
5010078,-70,0
5001500,-31,2
5011827,-86,0
5008911,-71,0
5000773,-22,1
5008314,-33,0
5004442,-5,0
5007471,-87,C
5013462,-32,C
5002243,-55,0
5014702,-24,2
5002459,-30,C
5001775,-27,2
5005212,-88,1
5008486,-49,C
5008711,-13,0
5006013,-54,1
5010731,0,C
5002606,-6,1
5012283,-84,0
5000669,-63,X
5006296,-79,0
5013674,-65,X
5007500,-70,0
5010134,-61,C
5006267,-52,C
5000980,-86,2
5002751,-70,C
5011032,-85,0
5002751,-58,0
5004909,-73,C
5005282,-84,1
5012663,-67,C
5011934,-30,0
5011436,-37,C
5014812,-33,C
5013155,-35,C
5011728,-13,0
5007216,-12,C
5002464,-94,C
5012127,-80,X
5007087,-46,1
5005796,-24,C
5012364,-69,C
5003129,-60,C
5007860,-77,0
5002055,-67,1
5000170,-25,0
5013710,-22,0
5009444,-56,1
5008589,-83,C
5008870,-60,0
5003559,-13,C
5006635,-21,1
5002444,-39,C
5010598,-82,0
5014469,-67,C
5004670,-28,0
5004692,-74,0
5003229,-20,1
5007448,-53,0
5012547,-91,2
5014063,-46,C
5006356,-28,1
5001535,-46,C
5004423,-63,0
5014244,-42,0
5010816,-11,C
5011550,-7,1
5011539,-15,C
5011355,-11,C
5002747,-79,0
5008400,-75,0
5006342,-30,0
5001323,-21,C
5005656,-95,C
5010562,-73,0
5007636,-63,C
5006824,-29,1
5000157,-53,0
5003808,-38,X
5011149,-59,2
5005876,-12,C
5004310,-7,0
5003109,-43,X
5014463,-79,0
5004170,-55,C
5012342,-44,0
5011325,-57,0
5002558,-27,C
5009127,-53,2
5000827,-11,0
5013165,-29,X
5005687,-67,C
5008076,-78,0
5012360,-23,C
5013650,-77,0
5012439,-78,0
5003550,-63,2
5014971,-32,C
5009126,-39,0
5000933,-43,C
5005144,-73,C
5007612,-49,X
5009209,-30,C
5009081,-93,0
5009332,-43,C
5002199,-41,C
5003145,-56,0
5007985,-3,C
5014537,-81,C
5008852,-65,1
5009666,-26,C
5012270,-76,1
5006624,-79,C
5008582,-1,0
5009148,-91,0
5008066,-91,0
5005685,-17,C
5010767,-54,0
5005671,-72,0
5014905,-33,C
5008253,-25,0
5009884,0,X
5008989,-10,0
5005797,-2,0
5010781,-2,0
5011221,-50,C
5014167,-12,0
5002557,-48,C
5009513,-64,1
5005527,-69,C
5010589,-7,0
5003782,-32,0
5012573,-87,C
5010843,-92,0
5014724,-33,C
5003339,-95,C
5012374,-93,0
5007493,-7,C
5008495,-27,0
5011424,-57,0
5003339,-21,C
5003764,-7,0
5011252,-59,0
5009573,-56,2
5002400,-85,C
5011230,-15,X
5014771,-83,1
5013148,-62,C
5006883,-20,0
5004682,-83,1
5010794,-58,C
5009038,-82,0
5013137,-74,C
5010949,-45,C
5005936,-94,C
5006017,-53,0
5008929,-51,0
5012946,-15,0
5010084,-80,1
5003360,-17,0
5014180,-76,X
5002805,-19,C
5009806,-13,2
5012470,-12,C
5012731,-17,0
5005794,-1,0
5013320,-85,C
5004383,-45,C
5009470,-47,C
5007830,-48,C
5010194,-25,0
5001619,-68,C
5001987,-53,C
5013662,-62,C
5013555,-75,0
5008992,-10,0
5014312,-38,0
5008140,-57,0
5013986,-74,C
5007611,-86,C
5008710,-35,0
5000234,-47,C
5008383,-93,0
5006827,-95,0
5007290,-38,X
5007915,-33,0
5014640,-89,C
5012688,-16,C
5000299,-47,0
5012919,-71,C
5008019,-38,1
5006676,-84,C
5009812,-39,C
5003176,-62,0
5005864,-84,C
5008900,-40,1
5006293,-54,C
5013327,-22,C
5011206,-75,1
5009281,-38,0
5013548,-20,C
5004475,-51,C
5005210,-26,0
5001447,-56,1
5003636,-94,0
5004273,-54,C
5001296,-88,1
5000216,-44,C
5009260,-41,C
5008497,-9,0
5008521,-69,C
5005852,-40,0
5002454,-88,C
5001709,-21,0
5003609,-50,1
5003525,-38,0
5000794,-45,0
5012625,-24,C
5002890,-15,1
5009613,-52,X
5010174,-78,0
5002795,-39,C
5010689,-93,1
5010226,-31,0
5006131,-41,0
5009504,-35,0
5002969,-71,C
5011879,-37,0
5002262,-22,0
5013566,-86,C
5013692,-8,X
5012510,-23,0
5002662,-75,1
5011630,-20,C
5007094,-3,2
5009272,-74,1
5004772,-30,X
5008556,-68,2
5010775,-56,0
5002898,-37,C
5006225,-24,0
5007112,-77,0
5008552,-50,C
5001649,-36,0
5009378,-18,C
5009547,-28,C
5008944,-72,C
5012156,-56,C
5006163,-80,1
5008614,-82,0
5013152,-81,0
5001163,-18,C
5009595,-24,C
5001712,-92,1
5010007,-79,C
5000881,-71,0
5013279,-8,C
5002868,-90,1
5001966,-67,C
5007768,-95,0
5006928,-52,1
5013440,-67,C
5001215,-29,0
5011903,-51,C
5005549,-69,C
5014734,-79,C
5000265,-59,0
5013079,-60,1
5008963,-52,C
5005719,-24,C
5007359,-29,C
5008436,-9,C
5012851,-35,0
5001216,-91,0
5011487,-14,0
5006056,-18,C
5014086,-74,C
5010988,-82,1
5011964,-53,C
5011578,-56,1
5012511,-5,C
5006414,-30,C
5009651,-20,0
5005131,-11,0
5013530,-19,C
5004400,-52,C
5009553,-79,0
5008394,-75,X
5002167,-40,0
5013381,-41,0
5009340,0,0
5011750,-8,C
5008256,-88,0
5006133,-34,0
5011514,-2,0
5001843,-67,0
5011593,-28,0
5013485,-19,C
5002202,-28,C
5006196,-17,2
5013653,-85,1
5012589,-66,C
5007635,-20,0
5014647,-82,1
5000749,-44,C
5006854,-45,0
5004638,-52,X
5001325,-2,2
5014529,-54,0
5012487,-31,0
5012111,-39,0
5007200,-50,0
5000895,-39,0
5011687,-53,C
5003501,-88,C
5005756,-92,C
5011682,-80,0
5006808,-4,0
5000440,-92,0
5001900,-27,C
5014878,-6,0
5007052,-18,0
5009235,-83,C
5001679,-61,0
5001199,-20,0
5001609,-52,0
5010808,-54,0
5010565,-15,2
5011734,-24,0
5009456,-54,0
5005670,-36,0
5005159,-69,C
5011118,-57,0
5000630,-25,0
5003574,-70,0
5002711,-88,0
5013023,-80,0
5003946,-10,C
5000843,-28,C
5007885,-65,1
5011290,-81,0
5006264,-1,2
5001419,-85,0
5011196,-90,2
5010819,-46,C
5013076,-89,C
5001466,-29,0
5001955,-44,C
5006942,-69,0
5002664,-61,0
5000953,-9,C
5002069,-12,0
5013460,-76,C
5003966,-47,X
5014056,-67,1
5010491,-67,1
5000343,-42,C
5014885,-68,X
5003384,-26,1
5001565,-79,X
5012419,-38,0
5010191,-87,C
5014921,-27,2
5013215,-69,0
5011772,-35,C
5013055,-18,C
5014033,-78,2
5004316,-85,2
5010566,-10,0
5000424,-52,1
5006231,-73,X
5009822,-76,1
5010615,-36,0
5002512,-87,0
5002254,-65,0
5004378,-6,2
5000729,-57,C
5009427,-68,0
5011391,-75,C
5004662,-75,0
5008348,-49,C
5013666,-28,C
5014870,-39,0
5006861,-46,0
5001050,-1,0
5006882,-66,2
5003280,-11,0
5004910,-41,0
5002961,-26,X
5006009,-26,0
5008852,-56,0
5002023,-47,0
5008159,-76,C
5001637,-48,C
5003017,-92,C
5010634,-23,C
5009099,-82,C
5000787,-26,0
5000285,-80,0
5012074,0,1
5011250,-57,2
5007855,-77,X
5009451,-81,0
5008528,-50,1
5009347,-57,C
5010186,-66,0
5006380,-52,1
5001453,-93,0
5010559,-76,C
5013013,-32,0
5003275,-17,0
5012312,-65,0
5013341,-86,C
5010828,-95,C
5012338,-49,0
5013276,-76,X
5011743,-7,C
5014139,-61,C
5011793,-20,C
5000204,-70,C
5008832,-86,C
5004716,-82,1
5009518,-55,C
5007467,-53,X
5005277,-94,C
5013109,-44,0
5000726,-28,1
5001177,-18,0
5003823,-51,X
5004525,-64,0
5008234,-11,C
5011283,-57,C
5002284,-37,C
5003802,-49,2
5012761,-79,0
5002520,-26,1
5008366,-79,1
5014166,-30,C
5010127,-65,0
5002921,-34,0
5007760,-67,C
5004530,-50,0
5009689,-46,0
5005784,-95,0
5001867,-61,0
5001346,-93,0
5001025,-21,C
5005333,-65,0
5003281,-20,C
5011451,-22,0
5001941,-28,C
5001678,-37,X
5009021,-26,X
5010807,-66,0
5009431,-29,1
5009535,-51,C
5008522,-14,C
5008540,-89,C
5009458,-84,2
5006497,-24,0
5006618,-66,0
5006380,-50,X
5008312,-90,C
5014115,-91,C
5010033,-70,C
5006147,-80,C
5008270,-16,C
5011822,-78,0
5007315,-49,0
5001842,-22,2
5000815,-79,X
5004310,-28,C
5004118,-63,C
5004176,-73,C
5012546,-6,0
5001493,-78,X
5013802,-93,0
5011848,-84,0
5009148,-5,X
5000684,-81,C
5003642,-68,C
5003545,-36,C
5014645,-92,0
5002778,-81,1
5014325,-92,2
5005875,-75,0
5010190,-93,C
5011428,-86,C
5000882,-92,X
5010389,-83,X
5013470,-6,C
5008097,-66,C
5003245,-17,1
5010335,-26,0
5000016,-69,0
5010577,-24,0
5000969,-61,0
5008086,-63,0
5001444,-30,0
5014785,-64,C
5006065,-85,1
5011937,-14,2
5013048,-7,2
5004997,-12,0
5011616,-22,C
5012517,-34,C
5003497,-53,X
5009257,-56,0
5002773,-61,0
5014789,-44,0
5011573,-49,C
5013024,-19,C
5009386,-80,0
5002737,-57,0
5003056,-33,C
5008807,-68,0
5007282,-34,1
5007758,-93,1
5010838,-12,X
5012945,-43,C
5007236,-77,C
5005907,-47,0
5004933,-24,0
5000176,-25,C
5002792,-88,0
5002087,-52,0
5005339,-88,2
5008681,-19,X
5014770,-19,0
5003322,-50,C
5007915,-53,0
5008288,-75,0
5000245,-27,0
5002198,-54,1
5012792,-44,0
5005169,-74,C
5007335,-85,2
5014460,-89,C
5004759,-28,C
5013131,-40,0
5014390,-18,C
5004140,0,C
5012864,-62,0
5012888,-16,0
5014198,-50,0
5001392,-4,C
5005218,-25,0
5004279,-67,1
5008039,-54,C
5011375,-35,1
5007848,-32,0
5010723,-14,0
5013531,-91,1
5014632,-62,0
5009315,-8,C
5001270,-52,C
5011538,-62,0
5010325,-8,1
5012610,-62,C
5001676,-94,C
5012407,-7,0
5002882,-27,1
5004657,-73,0
5006280,-57,X
5000048,-56,C
5002800,-34,0
5012068,-65,2
5001521,-55,0
5013397,-16,1
5008522,-39,C
5000003,-39,2
5006902,-72,C
5006984,-82,C
5014667,-77,C
5004797,-4,C
5008992,-27,0
5012622,-70,C
5012209,-65,0
5001938,-83,0
5008610,-46,C
5004161,-46,C
5000483,-12,2
5003653,-91,C
5002742,-70,0
5001928,-14,C
5001010,-16,C
5014417,-85,0
5009939,-18,C
5004698,-73,1
5000318,-32,0
5011882,-16,C
5001408,-62,0
5011157,-19,C
5014060,-58,0
5010124,-13,1
5006837,-64,0
5014234,-16,0
5009791,-38,0
5012127,-58,C
5005538,-60,1
5008759,-94,2
5000335,-61,C
5002870,-31,0
5008395,-32,C
5007678,-38,0
5007536,-87,C
5000557,-48,2
5006193,-86,1
5002092,-10,2
5007410,-16,0
5013543,-31,0
5003487,-18,C
5001024,-10,1
5003115,-60,C
5003090,-94,C
5008046,-74,2
5012430,-49,C
5013289,-4,0
5005801,-80,0
5004315,-33,0
5005269,-41,0
5001279,-38,C
5001754,-27,C
5009996,-10,C
5010075,-19,0
5009637,-59,X
5007054,-25,C
5009823,-1,0
5007502,-7,0
5004663,-63,1
5004950,-9,1
5002211,-54,C
5004590,-93,C
5000096,-23,C
5001990,-65,C
5008438,-87,X
5008277,-12,X
5005699,-80,0
5006568,-36,1
5008349,-82,0
5014777,-82,C
5006204,-91,C
5008692,-17,C
5000054,-40,C
5003462,-51,0
5006769,-82,C
5007589,-77,C
5014278,-52,1
5009351,-86,C
5010975,-25,C
5000715,-46,C
5002696,-13,0
5013448,-90,C
5014783,-44,C
5006920,-76,1
5003220,-36,1
5011604,-38,1
5013100,-21,0
5002778,0,0
5010275,-45,C
5001198,-51,C
5010878,-41,1
5006239,-7,C
5006848,-16,0
5007267,-29,C
5008952,-39,1
5006560,-14,0
5006989,-65,0
5000621,-31,1
5009328,-79,C
5012202,-34,C
5007243,-4,0
5002617,-89,C
5011756,-5,0
5012245,-55,C
5012706,-29,C
5007698,-50,2
5012006,-32,C
5014362,-47,C
5004602,-73,C
5002398,-8,C
5014320,-50,0
5011200,-57,0
5008015,-45,C
5005191,-31,C
5014316,-46,0
5008429,-58,C
5010999,-32,1
5005855,-59,C
5006657,-13,C
5010909,-18,C
5003754,-4,0
5004233,-48,1
5000704,-3,C
5013976,-93,0
5000203,-65,C
5010206,-58,0
5013109,-43,C
5000344,-27,0
5004795,-34,C
5003854,-59,0
5005895,-11,C
5008578,-79,0
5001181,-79,C
5008249,-5,1
5013054,-41,C
5009670,-6,0
5005682,-34,C
5002456,-71,C
5001247,-75,C
5009513,-59,C
5002766,-72,X
5000017,-82,1
5003921,-79,2
5003968,-66,C
5002721,-92,0
5006393,-70,X
5005673,-51,X
5013435,-1,X
5009506,-90,C
5008445,-87,C
5005645,-29,0
5005217,-11,0
5004503,-69,0
5009036,-73,C
5014139,-87,2
5004523,-3,0
5000223,-20,C
5011199,-64,0
5011075,-11,C
5004471,-78,0
5005969,-47,C
5009098,-24,1
5006931,-7,C
5010434,-84,0
5000605,-81,C
5010989,-19,C
5005329,-74,0
5006490,-61,0
5010627,-19,C
5004670,-9,C
5009391,-70,0
5002909,-59,0
5014392,-51,0
5011656,-33,0
5001181,-16,0
5014384,-57,0
5011097,-87,C
5011244,-63,C
5001698,-2,2
5013438,-36,C
5000096,-51,0
5010305,-34,0
5013838,-19,C
5007806,-8,C
5005200,-19,C
5011360,-79,0
5003814,-35,C
5008202,-14,C
5012713,-93,C
5004224,-87,C
5007465,-18,C
5011386,-46,0
5004718,-93,0
5006804,-20,1
5011644,-4,0
5006288,-36,C
5000843,-12,C
5012757,-39,0
5010648,-73,0
5013914,-86,1
5011803,-16,2
5005596,-47,C
5002374,-8,C
5000558,-64,X
5013821,-95,C
5002406,-32,0
5010028,-67,0
5013989,-24,C
5005374,-71,0
5010416,-42,0
5001485,-84,C
5008854,-49,C
5001582,-69,C
5014231,-81,0
5011532,-79,0
5010674,-20,C
5005564,-87,C
5006971,-57,1
5001184,-47,C
5005108,-83,C
5009286,-37,0
5000370,-36,C
5000106,-32,0
5000866,-91,0
5009841,-55,1
5001750,-15,C
5000163,-70,0
5009454,-8,0
5006904,-49,0
5013464,-44,X
5001968,-65,0
5004439,-60,0
5004607,-60,C
5000254,-92,C
5005085,-36,0
5012605,-35,1
5007983,-37,1
5013495,-2,1
5013028,-1,1
5007290,-28,0
5004522,-51,C
5009561,-43,X
5012695,-66,0
5000013,-60,C
5002582,-31,X
5007485,-21,C
5003513,-30,0
5003943,-42,0
5010066,-24,0
5010252,-62,C
5011604,-2,0
5005707,-91,C
5010655,-9,C
5004398,-13,C
5001179,-63,0
5013544,-22,1
5006515,-60,X
5010702,-57,0
5002442,-66,C
5014096,-18,0
5008634,-24,C
5011301,-70,C
5012085,-40,C
5009037,-22,C
5005501,-16,0
5011928,-62,0
5014677,-19,C
5010568,-16,0
5010398,-58,0
5009638,-88,0
5014463,-91,C
5013666,-19,0
5009441,-27,C
5010689,-93,0
5004717,-37,C
5004669,-40,X
5013946,-19,C
5002630,-62,0
5004831,-66,C
5001294,-87,1
5001639,-67,C
5000374,-89,0
5006405,-49,C
5013548,-63,C
5010536,-63,0
5006343,-47,2
5008911,-45,C
5011354,-94,C
5013978,-49,0
5009968,-41,C
5010119,-24,0
5013808,-49,0
5001474,-76,0
5008711,-29,C
5006418,-2,0
5005769,-61,C
5000885,-80,C
5011167,-30,1
5014055,-10,C
5004917,-51,0
5008222,-23,C
5005512,-69,C
5008659,-85,C
5001602,-26,C
5013152,-52,0
5010755,-70,0
5003617,-23,0
5007185,-83,0
5000970,0,0
5010258,-33,C
5009174,-69,0
5001593,-50,C
5013312,-74,C
5001260,-56,0
5013512,-36,0
5002497,-13,0
5009011,-82,C
5012578,-20,0
5003695,-81,0
5010213,-87,0
5008400,-3,C
5011020,-55,C
5002904,-87,0
5005716,-65,C
5008425,-30,0
5010263,-87,C
5003274,-47,0
5011872,-67,C
5011171,-57,0
5002153,-57,C
5003042,-6,0
5014865,-22,C
5005262,-43,0
5009380,-48,C
5002986,-83,1
5005314,-86,C
5011900,-88,2
5000892,-21,0
5012145,-41,0
5004562,-3,1
5010848,-56,2
5010804,-59,0
5014860,-35,C
5009573,-53,0
5007505,-68,1
5011867,-2,C
5003582,-60,0
5001026,-81,0
5000103,-13,0
5004225,-40,0
5000481,-36,C
5008999,-68,1
5006029,-75,C
5009050,-29,C
5002069,-77,C
5006391,-73,0
5004742,-92,0
5008734,-78,C
5005025,-81,C
5011026,-43,C
5000917,-5,C
5012542,-65,X
5005132,-36,0
5001347,-79,C
5004460,-19,C
5006373,-31,C
5012662,-12,C
5007579,-72,C
5002589,-57,C
5008536,-85,C
5014954,-90,0
5002246,-79,0
5009981,-3,C
5009592,-34,0
5006136,-45,2
5009354,-26,0
5009660,-78,0
5007034,-86,C
5009769,-93,C
5002890,-33,0
5008669,-23,0
5002078,-21,0
5010960,-20,C
5011903,-93,C
5005730,-15,0
5013868,-71,C
5000653,-90,0
5002013,-69,C
5002103,-52,X
5010857,-65,C
5001186,-63,C
5000679,-41,C
5003560,-70,0
5011496,-30,0
5006383,-35,C
5008212,-76,C
5001300,-69,C
5005177,-64,C
5014075,-38,C
5003682,-21,0
5007759,-42,C
5005359,-40,C
5004007,-22,1
5006897,-84,0
5012346,-19,0
5008025,-31,1
5004812,-76,2
5001276,-8,0
5002411,-15,0
5003826,-10,0
5009244,-87,0
5003014,-70,0
5010526,-5,0
5007049,-32,0
5000651,-84,0
5000342,-1,C
5008518,-72,0
5002333,-7,C
5010687,-2,0
5005539,-2,C
5010060,-47,0
5009764,-44,2
5006593,-20,C
5008486,-62,X
5007499,-76,X
5008665,-45,0
5005317,-70,C
5003812,-46,0
5007338,-53,0
5009254,-92,C
5004226,-39,1
5013505,-55,C
5004441,-94,0
5006562,-76,C
5000112,-12,0
5014413,-50,C
5002971,-42,0
5010515,-57,1
5005793,-17,2
5011837,-25,C
5004106,-95,C
5002313,-62,0
5013757,-61,0
5001730,-68,0
5011994,-59,0
5011816,-71,C
5002104,-46,2
5008426,-73,C
5000499,-43,C
5004234,-76,2
5008593,-16,0
5012386,-8,0
5008891,-6,0
5010966,-68,0
5003245,-4,0
5004617,-89,0
5001985,-24,0
5012253,-48,0
5008196,-71,C
5008539,-9,0
5009032,-58,0
5012368,-3,0
5010619,-10,0
5002676,-42,2
5009065,-78,C
5011991,-14,0
5010902,-65,1
5013624,-49,2
5006723,-58,1
5003444,-41,0
5008368,-71,0
5010402,-56,0
5001898,-12,0
5002199,-64,0
5002635,-73,C
5000156,-92,C
5013825,-89,0
5002469,-51,0
5013302,-33,2
5011375,-25,C
5003000,-11,C
5005025,-42,C
5013334,-33,C
5000773,-5,C
5006871,-62,C
5012529,-26,C
5000682,-46,C
5009854,-44,0
5001680,-3,1
5012373,-95,C
5012429,-50,0
5010862,-20,C
5002032,-73,C
5000612,-90,0
5010209,-11,C
5009575,-20,C
5002525,-33,0
5007375,-93,1
5001022,-54,C
5008705,-74,0
5000090,-71,C
5005270,-44,C
5002996,-42,1
5004687,-53,C
5010436,-8,1
5000727,-92,0
5010776,-56,0
5007689,-12,C
5004453,-58,0
5009065,-89,C
5009288,-46,1
5008548,-15,C
5011794,-77,1
5000983,-81,X
5011223,-93,C
5001862,-6,C
5002154,-39,0
5014499,-69,C
5011540,-56,0
5012638,-82,0
5006758,-41,0
5013062,-5,C
5009019,-35,0
5004906,-59,1
5010329,-95,C
5001874,-10,0
5012253,-37,X
5004145,-35,C
5001108,-78,X
5009417,-4,2
5005770,-23,C
5003010,-83,0
5005013,-34,0
5009938,-69,0
5011809,-60,C
5000650,-2,X
5014765,-53,C
5001244,-63,0
5004428,-57,X
5006419,-64,0
5011920,-53,C
5012659,-79,X
5007537,-90,0
5013537,-60,X
5008110,-85,C
5003063,-80,0
5007862,-17,0
5012919,-8,1
5004995,-65,0
5008119,-57,C
5008067,-54,0
5008174,-72,C
5004435,-85,C
5004642,-12,0
5003379,-94,0
5003363,-9,1
5013244,-48,0
5013174,-11,0
5000685,-84,X
5008191,-46,0
5009163,-36,0
5001991,-66,0
5008940,-61,1
5014620,-11,0
5000809,-24,2
5001036,-50,0
5010425,-68,C
5007947,-76,0
5005153,-46,0
5000018,-90,0
5013060,-65,X
5005132,-84,1
5003291,-73,0
5005333,-68,0
5004485,-9,C
5007629,-95,0
5005056,-65,0
5000784,-40,C
5008711,-29,1
5000634,-94,0
5001507,-42,C
5013248,-65,C
5010409,-30,1
5004472,-56,C
5004935,-49,C
5004948,-95,0
5010799,-39,0
5010883,-95,C
5000091,-7,C
5001468,-24,C
5010248,-9,X
5011743,-87,C
5007293,-46,0
5014365,-53,C
5005784,-53,C
5000988,-54,1
5003693,-71,1
5008546,-76,0
5012466,-59,0
5000172,-86,C
5012150,-4,C
5012180,-29,C
5013141,-23,2
5011128,0,0
5003041,-95,X
5006048,-94,0
5004297,-80,0
5007677,-88,0
5005984,-41,0
5003269,-64,X
5003625,-68,C
5007394,-33,C
5000050,-87,C
5014293,-36,C
5013618,-3,C
5014304,-47,0
5009963,-9,0
5007371,-73,1
5000399,-43,C
5011553,-54,0
5003288,-83,0
5008346,-75,X
5008922,-71,C
5003627,-16,1
5004194,-37,X
5006276,-92,C
5001415,-51,0
5010125,-94,0
5010433,-80,0
5008800,-53,1
5001252,-73,X
5001420,-6,C
5003235,-39,0
5009690,-78,0
5012597,-38,C
5009353,-13,C
5012839,-57,0
5004641,-71,0
5009067,-8,0
5001800,-65,C
5005059,-10,0
5014112,-66,0
5005756,-76,0
5006445,-73,C
5013450,-82,0
5000047,-74,0
5006324,-30,X
5010501,-81,0
5001165,-66,2
5008942,-79,C
5007141,-79,0
5002692,-17,0
5001203,-25,C
5011268,-83,C
5014368,-60,C
5014264,-35,0
5006058,-2,C
5011508,-12,C
5002479,-21,0
5013682,-15,C
5000428,-86,C
5011013,-54,C
5012434,-12,C
5012978,-41,C
5009881,-18,X
5001763,-94,C
5008434,-2,0
5005937,-82,0
5004043,-9,0
5010787,-51,C
5003529,-83,C
5009935,-71,0
5011976,-52,C
5012370,-17,0
5003598,-84,C
5010223,-9,X
5005469,0,C
5008036,-52,0
5005485,-95,0
5014755,-6,0
5010056,-56,1
5011618,-13,C
5004403,-26,C
5002885,-76,C
5011909,-14,C
5014412,-85,C
5006523,-11,2
5013037,-45,C
5002272,-58,C
5014710,-22,C
5003905,-29,C
5011885,-57,0
5013891,-62,C
5001436,-67,2
5014304,-18,0
5000566,-93,C
5011050,-3,0
5003767,-56,C
5006564,-24,0
5004781,-32,0
5002266,-16,C
5014412,-87,1
5004851,-79,0
5005572,-9,1
5014153,-23,0
5005802,-12,0
5002011,-54,0
5004744,-70,C
5001196,-5,X
5000999,-6,0
5003569,-57,0
5000635,-87,0
5008207,-37,0
5009202,-51,0
5007704,-31,0
5000288,-11,C
5008633,-92,0
5002901,-49,1
5011259,-57,0
5003256,-23,1
5002613,-84,0
5010012,-76,X
5004612,-90,C
5010484,-51,C
5001051,-9,0
5007355,-55,0
5005387,-17,1
5006114,-60,C
5007340,-84,C
5002097,-57,0
5005064,-6,0
5014287,-6,0
5001249,-63,0
5004690,-21,0
5002194,-80,2
5012718,-93,0
5004182,-59,C
5002958,-41,C
5001240,-67,2
5012604,-83,C
5002114,-75,0
5011772,-82,C
5008973,-49,1
5002950,-27,1
5013473,-81,C
5012646,-88,C
5007087,-26,X
5005294,-95,0
5004846,-42,0
5004487,-27,C
5005644,-38,0
5010272,-85,0
5004655,-2,0
5010722,-87,C
5010704,-1,C
5007677,-32,C
5002161,-7,C
5001250,-14,0
5001373,-39,0
5005535,-93,0
5013590,-83,C
5000079,-8,0
5007759,-61,0
5002745,-5,C
5005856,-38,C
5012743,-46,0
5012904,-8,C
5012134,-9,C
5012773,-28,0
5013637,-5,C
5012325,-51,0
5006681,-77,C
5006209,-86,0
5008759,-3,C
5009035,-63,C
5001816,-19,0
5013470,-84,1
5001357,-6,0
5006074,-88,C
5004207,-7,1
5000556,-49,1
5001499,-82,X
5002507,-3,C
5000071,-48,0
5000463,-71,1
5005874,-43,0
5009196,-23,0
5003910,-48,C
5006817,-20,0
5003670,-71,C
5004852,-63,C
5007809,-83,0
5012967,-38,C
5014293,-50,0
5008917,-87,C
5008480,-79,C
5006099,-75,C
5005858,-93,C
5001877,-46,C
5007194,-12,1
5006112,-28,C
5011869,-29,0
5005405,-84,0
5014178,-19,0
5005394,-84,0
5001553,-91,0
5005120,-77,0
5012769,-1,0
5004030,-58,C
5005815,-6,X
5004462,-86,C
5008298,-23,C
5000563,-85,0
5011533,-82,0
5011428,-24,C
5003218,-7,C
5003407,-25,0
5013723,-21,0
5003204,-92,C
5014948,-55,0
5014431,-73,0
5009961,-18,0
5011045,-8,C
5011546,-6,0
5014544,-70,0
5012154,-64,C
5007666,-78,0
5009654,-24,1
5009017,-75,0
5011649,-62,C
5011529,-86,0
5007296,-92,C
5001977,-43,C
5003030,-15,0
5008923,-75,C
5006615,-91,0
5010828,-84,C
5010996,-66,C
5004753,-41,0
5001918,-80,0
5007370,-10,C
5007644,-29,0
5008455,-31,0
5000047,-63,0
5001310,-66,C
5013304,-29,X
5006051,-7,0
5014305,-21,1
5007097,-69,1
5007701,-34,C
5013063,-46,0
5014003,-4,0
5000260,-34,0
5008466,-88,0
5000576,-81,X
5012764,-30,0
5014880,-41,C
5003493,-49,X
5011555,-86,X
5014141,-17,0
5002162,-23,1
5009078,-34,1
5007138,-80,0
5013698,-39,2
5005022,-10,C
5004549,-82,C
5010805,-51,2
5002241,-15,C
5006272,-68,C
5009295,-52,C
5009440,-72,C
5014778,-15,C
5013544,-36,0
5008821,-1,C
5009518,-31,0
5009839,-59,1
5000829,-85,0
5007528,-88,C
5005097,-38,C
5002345,-46,0
5002984,-26,0
5003556,-26,0
5002267,-80,C
5011322,-66,X
5005021,-64,X
5006397,-75,1
5002699,-7,C
5009740,-74,C
5011806,-26,0
5005025,-20,2
5003942,-43,0
5013050,-47,0
5013177,-60,X
5014599,-93,2
5011838,-41,C
5009689,-21,C
5008555,-45,0
5000234,-14,0
5005280,-94,X
5009027,-56,X
5003289,-8,0
5003488,-60,0
5009309,-77,C
5001878,-73,C
5009500,-12,X
5001285,-47,0
5004967,-47,C
5011717,-88,C
5007312,-90,0
5000762,-36,C
5013770,-1,0
5000590,-7,1
5005507,-84,C
5003882,-18,C
5011649,-55,C
5000497,-26,C
5008608,-21,0
5004036,-25,0
5009812,-18,1
5010969,-48,X
5010223,-93,X
5010043,-86,0
5012325,-66,0
5004961,-36,1
5002777,-45,C
5007758,-61,0
5005673,-39,X
5001771,-84,C
5003773,-21,0
5003827,-72,1
5003670,-50,C
5009851,-35,C
5009080,-46,0
5001560,-42,C
5004534,-12,0
5003792,-36,C
5013752,-90,0
5010298,-57,0
5010320,-70,C
5005648,-89,0
5012059,-92,0
5000631,-72,C
5001109,-14,0
5011976,-91,C
5012242,-83,C
5002442,0,C
5001682,-58,0
5004801,-2,0
5002268,-83,C
5009191,-35,0
5014928,-65,0
5005652,-7,1
5014920,-22,0
5010798,-15,0
5004320,-87,2
5000739,-78,2
5006466,-42,C
5012393,-51,C
5009076,-9,0
5002441,-14,C
5005102,-68,C
5008890,-23,1
5003559,-22,X
5005187,-18,C
5005325,-46,0
5005627,-91,C
5006273,-45,C
5009391,-23,C
5012773,-52,C
5002953,-90,C
5008554,-57,0
5005993,-14,C
5006033,-29,0
5003309,-45,0
5003702,-81,C
5008770,-42,0
5002400,-64,0
5002552,-87,1
5002846,-67,0
5011766,-17,1
5009287,-89,0
5009995,-23,0
5002840,-34,C
5005158,-40,0
5007474,-68,0
5010012,-47,0
5010669,-52,0
5012353,-47,C
5008691,-85,0
5001563,-64,C
5010140,-74,C
5005991,-1,0
5003669,-86,C
5012128,-88,X
5011962,-39,0
5010630,-25,0
5014557,-2,0
5007414,-94,1
5010104,-1,C
5000959,-23,1
5006284,-31,0
5009513,-36,0
5001507,-56,C
5001583,-84,C
5002200,-93,0
5008864,-76,C
5000393,-80,C
5012544,-23,0
5010628,-25,0
5006943,-1,C
5006029,-35,C
5012826,-31,X
5001328,-9,2
5007162,-43,1
5011798,-76,0
5010773,-58,0
5010637,-10,C
5002255,-14,C
5010433,-11,C
5010625,-46,C
5014317,-69,C
5004253,-43,C
5001152,-17,C
5006289,-6,1
5004347,-5,C
5004184,-15,C
5012211,-66,X
5008811,-22,X
5000502,-2,C
5002748,-50,0
5003915,-50,0
5012346,-81,0
5007338,-85,C
5008594,-5,C
5000381,-17,X
5005853,-52,0
5011274,-48,0
5001248,-24,0
5008223,-21,0
5006317,-41,C
5004686,-82,1
5001271,-89,C
5013208,-84,0
5013750,-65,0
5006056,-21,1
5003091,-21,C
5011155,-25,0
5009006,-14,0
5011930,-23,C
5001648,-83,0
5003355,-23,0
5008828,-10,C
5013399,-2,0
5010510,-87,C
5002162,-46,0
5011072,-5,0
5010234,-59,0
5013738,-24,0
5012547,-91,0
5009840,-83,C
5013318,-10,C
5010956,-41,0
5000147,-24,0
5006654,-80,C
5013769,-17,1
5009567,-80,0
5003320,-42,0
5009972,-7,C
5005584,-84,C
5007614,-78,X
5000770,-26,C
5009990,-4,0
5003176,-15,C
5001928,-65,X
5001130,-78,C
5004750,-13,C
5001305,-72,C
5013126,-77,C
5011744,-28,1
5013287,-73,0
5008676,-14,2
5004845,-94,0
5009273,-12,0
5011956,-78,0
5014500,-38,1
5001859,-35,0
5008256,-78,0
5010839,-59,0
5003634,-5,C
5001166,-84,0
5008750,-35,C
5013541,-80,0
5006469,-5,C
5002940,-19,C
5004430,-8,C
5010228,-6,X
5002957,-84,C
5006732,-82,0
5014716,-49,0
5008472,-30,C
5009240,-89,C
5002459,-90,1
5006469,-6,C
5001182,-37,C
5004603,-19,C
5012987,-25,C
5001351,-14,0
5012649,-13,C
5014149,-52,C
5010257,-48,C
5009746,-6,0
5010796,-8,X
5000841,-14,C
5008469,-16,1
5002516,-93,1
5014483,-17,0
5009164,-87,0
5009390,-62,0
5013782,-21,0
5002605,-33,1
5005270,-25,0
5012711,-65,C
5006007,-53,0
5003224,-29,2
5010821,-8,0
5000934,-18,C
5000278,-52,X
5006403,-10,C
5004107,-12,C
5000963,-4,C
5011449,-31,2
5005966,-50,X
5000524,-34,C
5009092,-47,C
5014183,-81,C
5008726,-62,1
5004894,-79,0
5001432,-95,C
5003158,-46,C
5009662,-58,0
5008779,0,C
5013508,-90,C
5005309,-83,C
5004769,-74,0
5010467,-94,C
5009837,-30,1
5012632,-42,0
5010195,-31,2
5002413,-69,0
5014426,-33,0
5012019,-94,0
5002371,-53,0
5003025,-12,2
5014322,-48,C
5013916,-26,C
5013731,-72,0
5001892,-49,X
5013339,-68,X
5003529,-28,C
5005725,-74,0
5008812,-16,0
5005683,-49,0
5007942,-87,C
5003692,-41,0
5006800,-75,0
5002915,-94,C
5008207,-50,0
5002783,-18,0
5013619,-86,0
5000591,-33,0
5014257,-90,0
5014095,-19,0
5014038,-89,C
5010572,-4,0
5014923,-63,X
5010112,-1,C
5004666,-33,X
5008718,-53,0
5012264,-75,C
5009953,-45,C
5013555,-84,0
5000189,-69,0
5006250,-54,C
5010454,-6,0
5012403,-38,C
5001850,-23,C
5000908,-40,C
5006193,-59,C
5005433,-88,1
5009481,-73,C
5013401,-1,C
5002049,-17,C
5014051,-49,2
5014227,-74,X
5014018,-95,C
5014776,-83,0
5010448,0,C
5003862,-17,2
5010908,0,C
5008486,-41,X
5004889,-22,C
5006762,-16,0
5006380,-58,C
5004775,-43,0
5011074,-48,C
5014488,-82,0
5006566,-49,0
5008226,-49,0
5001026,-76,0
5003792,-36,1
5001532,-11,0
5007973,-55,0
5009172,-31,C
5004088,-66,1
5002966,-71,0
5014494,-5,0
5003931,-31,C
5009484,-64,0
5000444,-6,C
5005155,-75,C
5009173,-51,C
5002629,-53,0
5000649,-45,0
5013163,-44,0
5000256,-13,0
5001389,-48,0
5006412,-64,C
5006809,-21,C
5003665,-3,C
5003926,-2,C
5003576,-27,1
5001891,-20,C
5009941,-42,C
5002633,-18,1
5005303,0,C
5001792,-34,C
5013858,-30,0
5012584,-49,C
5004731,-66,2
5001383,-45,0
5001798,-64,X
5007881,-43,0
5005602,-73,1
5012653,-2,C
5003500,-75,0
5009686,-26,C
5002590,-83,C
5002882,-73,0
5006708,-65,0
5014846,-13,0
5003260,-20,2
5003731,-31,1
5002951,-92,C
5010594,-44,0
5005009,-26,1
5011076,-56,C
5009781,-50,C
5008162,-8,C
5012991,-71,0
5010233,-26,0
5010402,-49,2
5007030,-43,0
5012503,-44,0
5001534,-10,0
5004436,-68,C
5008177,-24,C
5002505,-23,C
5013753,-87,0
5010716,-32,1
5000832,-89,0
5003997,-88,C
5013919,-55,C
5005379,-48,0
5000716,-68,X
5013563,-68,X
5005015,-1,0
5007093,-84,C
5010725,-94,0
5005975,-77,2
5011690,-78,2
5000211,-50,C
5003818,-45,C
5009917,-25,0
5003745,-19,0
5014428,-2,0
5007531,-1,2
5004868,-26,2
5011427,-81,C
5007152,-58,2
5011066,-23,2
5002350,-56,0
5014462,-67,0
5011106,-93,0
5001990,-16,1
5011680,-25,0
5013018,-9,2
5000766,-18,X
5014606,-85,0
5005899,-23,C
5002446,-49,0
5006054,-43,0
5009604,-27,0
5001567,-4,X
5007181,-68,1
5004497,-22,0
5004125,-67,C
5008448,-8,C
5006565,-28,1
5001377,-4,0
5012714,-30,0
5010032,-56,C
5005038,-46,C
5006932,-88,C
5001040,-64,0
5002481,-36,0
5002489,-31,C
5012115,-53,0
5012564,-63,1
5003260,-69,C
5005384,-47,0
5011778,-18,0
5013997,-49,2
5010606,-87,C
5012841,-87,0
5014345,-83,C
5010555,-32,0
5004349,-83,2
5013265,0,X
5010077,-41,0
5000435,-42,C
5011013,-82,0
5008882,-89,0
5005900,-63,0
5008681,-71,0
5005544,-7,C
5006931,-57,0
5002140,-79,C
5012253,-32,1
5002224,-95,C
5014822,-3,C
5000301,-52,0
5000332,-83,1
5005757,-57,0
5009479,-28,X
5009903,-69,0
5014566,-23,C
5010095,-95,X
5004289,-35,1
5008763,-36,2
5011064,-57,0
5007845,-72,0
5009804,-46,C
5008800,-37,0
5013826,-21,0
5007337,-76,C
5010279,-36,0
5012227,-37,C
5007096,-21,0
5004417,-2,2
5002676,-56,0
5007074,-13,C
5008900,-26,1
5010461,-58,C
5005964,-23,C
5004287,-67,0
5001202,-67,0
5013676,-86,C
5009384,-93,1
5011232,-4,C
5007962,-31,1
5010275,-25,C
5012026,-51,C
5008018,-89,0
5000320,-45,X
5008656,-64,C
5002607,-68,2
5002806,-13,0
5008526,-32,C
5005927,-65,X
5011379,-62,X
5010317,-69,0
5007547,-56,C
5011668,-79,1
5005702,-81,0
5013622,-88,1
5011601,-76,C
5013356,-14,C
5006384,-78,0
5004052,-90,0
5012751,-74,C
5007731,-66,C
5000264,-3,1
5002103,-52,C
5012867,-87,2
5003524,-2,0
5009647,-44,2
5000807,-70,0
5003775,-70,1
5010696,-1,0
5013809,-26,1
5003371,-67,0
5009969,-21,2
5002540,-58,0
5004867,-57,0
5011360,-46,0
5005651,-88,2
5012696,-81,2
5008686,-73,C
5011457,-9,C
5003373,-31,0
5011327,-23,X
5004679,-73,0
5012366,-67,0
5008215,-35,C
5008805,-19,0
5011256,-82,C
5005371,-33,2
5013285,-5,0
5006244,-74,1
5012604,-35,C
5001967,-25,0
5012512,-6,0
5010932,-73,C
5005785,-18,0
5001058,-60,0
5003459,-85,C
5009546,-15,2
5010513,-85,0
5000496,-50,C
5004321,-45,C
5008202,-45,2
5002127,-80,2
5003432,-58,C
5000073,-38,1
5005609,-78,C
5004197,-83,1
5006348,-10,0
5002724,-49,0
5001708,-51,C
5003826,-58,C
5010503,-40,0
5007475,-61,1
5010541,-2,C
5014391,-22,X
5002524,-90,C
5010758,-14,C
5000098,-82,2
5007331,-3,X
5014715,-36,C
5010034,-35,C
5009300,-76,C
5008716,-65,C
5006758,-18,C
5014381,-36,0
5009086,-91,C
5010834,-78,1
5010618,-31,C
5004099,-17,0
5012134,-49,C
5003030,-52,C
5006015,0,0
5008301,-70,C
5011518,-27,0
5014894,-94,2
5009817,-6,C
5000597,-11,2
5011153,-10,0
5004209,-79,0
5005217,-77,1
5009432,-80,0
5006041,-10,2
5005031,-91,C
5011054,-27,0
5013902,-4,0
5005616,-22,C
5003154,-48,0
5004195,-36,2
5003413,-56,0
5011254,-13,0
5010419,-92,0
5009305,-48,X
5005501,-65,2
5014952,-34,C
5010062,-62,C
5012964,-82,X
5008941,-83,0
5009608,-18,0
5002581,-19,0
5007255,-16,0
5012219,-15,0
5005850,-82,0
5012058,-20,1
5000604,-27,1
5014020,-28,0
5006991,-6,0
5004242,-9,C
5001305,-69,C
5010238,-54,C
5000087,-53,1
5003125,-23,C
5010512,-85,1
5010878,-84,2
5000243,-7,C
5007414,-82,0
5001764,-26,0
5005679,-86,C
5008064,-62,C
5003713,-45,0
5006551,-44,0
5002150,-38,0
5000991,-7,C
5012505,-17,C
5003830,-77,X
5009072,-74,1
5005510,-5,C
5008536,-1,X
5000562,-66,2
5008710,-32,0
5013081,-1,0
5011892,-57,0
5000532,-8,C
5004602,-51,2
5003766,-25,C
5012145,-94,0
5006926,-56,C
5014684,-3,C
5000853,-48,0
5001468,-79,C
5000519,-59,C
5005142,-89,C
5000496,-38,0
5011688,-82,C
5003252,-13,C
5003915,-48,C
5008285,-21,C
5012343,-6,0
5001805,-71,C
5003064,-61,0
5008796,-10,C
5003687,-75,0
5003137,-32,C
5010835,-92,C
5004449,-89,0
5006221,-52,2
5012765,-19,C
5014435,-46,1
5005161,-22,C
5013117,-88,0
5010962,-4,X
5006534,-21,0
5002107,-15,C
5008669,-88,0
5007695,-39,1
5009499,-88,0
5012721,-53,0
5004366,-21,C
5009213,-73,0
5001809,-50,C
5001862,-10,1
5014193,-20,0
5002005,-78,0
5005934,-79,C
5005437,-65,C
5008152,-11,C
5000526,-84,0
5008479,-74,C
5010893,-40,2
5002289,-1,1
5005366,-22,1
5000398,-45,C
5000063,-56,2
5003736,-89,0
5005440,-44,C
5014197,-31,C
5001691,-76,1
5010694,-73,0
5010733,-89,0
5011901,-72,0
5009999,-74,1
5008537,-21,0
5007640,-2,0
5014190,-12,C
5012626,-93,C
5010995,-88,C
5007701,-1,0
5007475,-11,C
5001984,-63,C
5008386,-3,C
5011252,-44,C
5005416,-20,C
5008629,-34,0
5004293,-44,0
5006346,-32,0
5009674,-43,1
5008201,-85,0
5002435,-85,0
5002844,-43,0
5005734,-39,C
5011391,-50,C
5014841,-29,C
5013695,-45,0
5001237,-75,0
5009359,-19,C
5004960,-75,C
5003210,-4,1
5000361,-34,0
5012943,-14,C
5010209,-53,0
5009607,-21,1
5003035,-50,C
5003604,-22,C
5003383,-41,0
5009817,-36,X
5005609,-46,0
5011068,-89,C
5004178,-33,0
5011106,-10,0
5000349,-49,C
5009433,-31,1
5012425,-77,C
5002586,-41,1
5005996,-53,2
5007542,-27,0
5009358,-27,1
5006621,-35,0
5007622,-4,C
5011236,-50,0
5005877,-44,1
5005989,-43,1
5005203,-46,C
5001765,-82,C
5003699,-47,0
5010385,-4,0
5001412,-37,0
5010367,-72,0
5010226,-71,0
5012919,-80,0
5008223,-44,0
5005824,-39,0
5005751,-93,0
5012878,-50,C
5002215,0,2
5002861,-34,0
5000012,-62,C
5007094,-68,0
5010190,-47,C
5000579,-52,0
5005988,-68,0
5013884,-63,0
5011231,-23,0
5008590,-49,0
5014540,-7,0
5002307,-76,0
5005950,-79,0
5010267,-53,2
5014648,-14,C
5003757,-51,C
5005996,-4,C
5014791,-16,C
5014062,-54,C
5006392,-79,0
5006950,-34,0
5014000,-6,C
5004698,-79,0
5014258,-13,0
5003468,-90,X
5001198,-33,1
5013605,-29,C
5002508,-60,0
5014988,-58,0
5004076,-38,0
5005888,-31,0
5011957,-17,0
5011384,-38,1
5011778,0,2
5014827,-25,1
5009363,-74,0
5008990,-1,C
5014321,-7,0
5003139,-45,X
5014622,-62,C
5004387,-23,C
5010987,-22,C
5007328,-85,1
5010452,-57,0
5008880,-76,0
5008587,-60,0
5006703,-78,C
5013233,-14,C
5009903,-10,C
5009831,-7,0
5014694,-30,C
5006615,-30,0
5010313,-20,0
5007545,-36,C
5009248,-11,1
5011300,-63,0
5005913,-23,C
5011387,-37,C
5002836,-22,C
5005988,-38,C
5014972,-90,C
5005275,-47,C
5001723,-22,0
5002086,-66,0
5013672,-54,C
5000856,-61,C
5006732,-55,X
5003589,-9,1
5002787,-61,C
5005181,-2,0
5011742,-95,X
5013261,-59,C
5006671,-53,1
5008349,-41,C
5008528,-62,X
5014186,-17,0
5008136,-4,0
5008172,-73,1
5005892,-31,C
5007833,-18,0
5003729,-48,0
5006687,-6,0
5014428,-46,C
5008384,-12,C
5006618,-8,0
5000270,-65,0
5014575,-49,C
5012134,-88,0
5005001,-48,C
5006074,-16,C
5003032,-8,0
5012400,-13,0
5007804,-43,C
5013575,-10,2
5012783,-26,C
5000970,-84,C
5014768,-40,C
5013494,-70,C
5005551,-75,C
5006797,-59,1
5001027,-28,C
5002106,-14,0
5001032,-81,1
5014950,-34,C
5013077,-90,C
5001241,-53,C
5009883,-30,0
5001606,-25,0
5001135,-33,0
5014916,-46,C
5012844,-7,0
5005339,-45,C
5005054,-84,0
5013127,-60,0
5013033,-49,0
5006475,-14,C
5004963,-24,1
5005678,-65,C
5001827,-6,2
5009402,-15,C
5003159,-68,2
5009195,-10,2
5002430,-71,0
5002093,-89,C
5001179,-16,0
5012178,-5,C
5007601,-93,0
5011710,-11,0
5014732,-33,C
5012221,-46,0
5010084,-61,0
5008608,-87,0
5010681,-95,C
5012033,-6,C
5009255,-40,0
5006247,-80,0
5007869,-65,0
5000249,-9,C
5001120,-10,C
5003840,-71,1
5010090,-77,1
5007201,-93,C
5009193,-3,0
5001077,-10,C
5014434,-44,2
5002642,-72,2
5009323,-24,0
5012761,-87,C
5014424,-37,C
5005956,-24,X
5012365,-49,C
5013292,-1,C
5005373,-13,C
5002127,-85,C
5011290,-2,C
5001596,-83,1
5002037,-6,C
5005765,-83,C
5009237,-28,C
5006936,-6,0
5011085,-6,1
5003572,-14,C
5009554,-22,1
5010076,-69,C
5014999,-9,0
5013438,-18,0
5013776,-13,C
5010981,-24,C
5002730,-95,C
5002488,-63,0
5003179,-63,0
5001163,-32,C
5000195,-7,C
5009264,-14,0
5013675,-30,0
5011853,-89,C
5012341,-81,1
5013222,-64,C
5008437,-18,C
5002335,-89,C
5002282,-89,C
5001944,-6,0
5007607,0,X
5012361,-19,2
5005431,-18,1
5011421,-38,0
5012868,-38,0
5008077,-55,0
5007209,-29,0
5011525,-93,X
5008089,-64,0
5014092,-42,0
5011024,-73,X
5009677,-11,C
5002028,-88,0
5001662,-80,C
5003727,-27,X
5006472,-15,C
5013546,-87,0
5009997,-53,C
5004108,-73,C
5007179,-30,0
5006858,-90,C
5008291,-43,C
5002026,-51,C
5009541,-79,C
5007028,-12,C
5012343,-94,1
5003363,-61,0
5003693,-9,2
5004495,-9,0
5011635,-78,0
5006831,-90,X
5002276,-70,0
5012318,-30,2
5009530,-65,X
5013410,-91,0
5011159,-86,C
5011217,-1,C
5014609,-16,C
5002343,-27,0
5003037,-70,0
5008296,-6,0
5011721,-16,1
5002647,-36,C
5012989,-36,0
5003970,-71,C
5003481,-1,2
5000814,-24,C
5007352,-24,1
5008940,-34,0
5013231,-63,X
5008644,-94,0
5000220,-65,0
5007744,-68,X
5000747,-89,C
5009459,-62,C
5010778,-33,1
5006723,-15,0
5011280,-79,X
5003338,-76,0
5012593,-40,2
5009766,-77,0
5010067,-24,1
5000772,-8,C
5002645,-2,0
5004118,-61,C
5005904,-16,0
5000422,-1,C
5005552,-78,C
5006351,-15,1
5004754,-81,C
5013788,-82,0
5013800,-66,C
5000344,-48,0
5014140,-75,C
5009415,-31,C
5001737,-24,0
5011426,-31,X
5013432,-21,0
5003374,-52,C
5000002,-5,0
5010289,-70,X
5001065,-48,C
5000342,-37,C
5002766,-43,C
5011069,-42,0
5004295,-76,0
5007759,-94,0
5012652,-27,2
5009673,-18,0
5012903,-75,0
5011467,-11,1
5006228,-81,X
5004153,-47,C
5003235,-90,0
5010162,-24,C
5012511,-65,1
5012458,-49,0
5008920,-77,C
5002796,-27,C
5010156,-43,C
5013466,-68,0
5013077,-25,X
5006128,-82,0
5007524,-24,0
5002463,-14,C
5010754,-95,0
5012731,-19,0
5001876,-76,0
5003529,0,0
5012761,-32,C
5006996,-87,0
5001495,-7,C
5010755,-37,C
5012272,-27,0
5002301,-78,0
5011741,-33,X
5006067,-33,1
5006303,-28,0
5009441,-77,1
5008224,-8,0
5004688,-51,C
5001648,-43,C
5011038,-9,C
5001741,-42,C
5003728,-21,0
5002570,-18,C
5005242,-23,0
5003599,-33,C
5013649,-2,C
5012760,-13,C
5011319,-36,0
5005337,-36,0
5005102,-29,C
5001458,-86,1
5009726,-47,C
5004076,-74,C
5006266,-83,0
5010774,-17,C
5014195,-64,0
5009743,-51,C
5011549,-92,C
5000666,-63,C
5000883,-89,1
5010370,-72,1
5008673,-90,0
5008229,-10,0
5007283,-22,0
5003702,-39,1
5002752,-71,0
5003582,-6,0
5006170,-60,0
5010565,-10,0
5002742,-7,2
5004208,-41,0
5003361,-31,C
5003551,-85,0
5009951,-39,C
5001255,-20,0
5000092,-18,C
5007321,-89,C
5014740,-94,0
5003645,-51,0
5014559,-11,C
5014599,-50,C
5000137,-81,1
5007372,-50,X
5008942,-3,0
5004732,-85,C
5006734,-39,C
5008007,-73,0
5013958,0,C
5002071,-81,2
5011772,-25,0
5002525,-55,C
5014454,-53,0
5012620,-88,C
5009986,-80,C
5002861,-37,C
5003462,-72,C
5005479,-24,1
5009269,-17,2
5009714,-2,0
5007302,-94,C
5014660,-7,C
5011550,-85,1
5008211,-37,2
5012538,-5,C
5002553,-54,C
5014289,-55,C
5005294,-64,0
5002584,-39,0
5007720,-87,0
5011370,-39,0
5001019,-67,0
5006472,-40,2
5009180,-83,0
5013455,-39,C
5013839,-92,C
5012786,-6,C
5005545,-15,X
5001702,-78,C
5014577,-4,0
5003459,-51,0
5005145,-19,2
5012275,-70,C
5007273,-55,0
5009710,-33,0
5007216,-11,0
5013408,-71,C
5001002,-31,C
5010705,-48,C
5010452,-61,C
5002059,-56,1
5008705,-24,C
5011788,-68,0
5010379,-15,0
5007219,-50,0
5008861,-75,C
5014037,-22,0
5012529,-39,0
5014546,-40,C
5010195,-14,C
5004130,-38,C
5007651,-76,C
5009350,-62,C
5000771,-62,X
5007310,-21,C
5000189,-94,C
5006232,-85,C
5000953,-72,C
5013175,-25,C
5009710,-27,0
5001413,-43,X
5004834,-34,0
5011960,-91,C
5005611,-41,0
5002764,-51,0
5000221,-6,C
5005842,-22,0
5012597,-70,0
5013991,-87,C
5012976,-91,0
5006616,-43,0
5007795,-3,C
5006463,-80,1
5009370,-77,C
5008691,-50,C
5009689,-68,C
5008835,-28,C
5009961,-16,0
5007378,-81,0
5003124,-36,C
5010707,-9,C
5013756,-14,0
5004070,-24,C
5007620,-53,2
5011058,-36,C
5007716,-29,0
5008013,-59,0
5014733,-72,2
5014606,-15,C
5000253,-84,C
5004863,-55,C
5013652,-41,2
5005090,-13,0
5010446,-45,0
5014758,-77,2
5001466,-49,0
5012887,-71,1
5003102,-60,0
5008821,-71,C
5006682,-3,C
5007052,-38,1
5011572,-70,0
5000188,-54,0
5013160,-49,0
5008248,-45,C
5010553,-79,C
5013609,-20,1
5013529,-95,C
5010552,-48,2
5014212,-46,0
5013590,-9,C
5004196,-69,0
5000726,-28,1
5014212,-59,C
5011861,-15,C
5013183,-23,0
5004306,-59,0
5003687,-8,C
5007860,-61,1
5008302,-78,C
5004141,-83,0
5009412,-9,0
5010130,-66,0
5001677,-52,1
5000182,-57,0
5006934,-72,0
5008984,-23,2
5005134,-61,C
5011348,-88,C
5005436,-35,C
5014328,-83,1
5004586,-53,0
5011498,-59,0
5014068,-45,0
5000178,-95,0
5011816,-95,0
5005747,-91,1
5008023,-25,0
5011163,-81,C
5002532,-62,C
5013642,-47,0
5006619,-40,0
5002899,0,0
5006995,-85,0
5013588,-52,0
5006156,-42,C
5014814,-17,0
5005520,-89,C
5008550,-35,0
5001808,-95,0
5009334,-14,0
5007277,-28,0
5001552,-94,C
5010472,-84,0
5011241,-69,0
5007344,-24,0
5008725,-85,0
5001938,-24,C
5009682,-25,2
5005072,-75,2
5003519,-61,C
5008146,-69,1
5011252,-28,C
5014109,-36,C
5010142,-25,C
5001669,-51,0
5001500,-65,1
5011700,-36,2
5003102,-63,C
5009158,-29,1
5005589,-54,2
5013034,-89,C
5002652,-76,X
5010564,-25,C
5007696,0,0
5006973,-90,C
5000696,-72,0
5011388,-36,0
5008783,-74,C
5013907,-9,0
5000037,-36,0
5013364,-24,C
5001144,-55,X
5004396,-26,0
5004072,-76,0
5003189,-67,0
5004292,-11,1
5013776,-11,1
5011740,-30,2
5009092,-8,0
5008402,-53,2
5000914,-7,C
5005122,-5,C
5009313,-37,C
5012459,-7,2
5013188,-58,C
5010172,-79,C
5000065,-16,1
5005951,-34,0
5009762,-9,1
5014966,-83,0
5011410,-62,0
5001112,-28,0
5001622,-20,C
5006693,-62,0
5002964,-57,0
5009295,-5,0
5003772,-75,0
5005162,-13,0
5014994,-42,C
5014570,-19,C
5007493,-87,0
5012661,-94,C
5009870,-81,0
5001159,-80,1
5011222,-29,1
5009740,-35,C
5012577,-52,0
5001510,-40,0
5010138,-34,C
5002771,-11,C
5005251,-19,0
5011687,-51,1
5006411,-80,1
5011017,-62,2
5000206,-56,0
5006022,-15,C
5004866,-90,0
5004981,-88,0
5004677,-18,C
5014141,-61,C
5011909,-94,0
5012399,-55,C
5003697,-53,C
5005685,-12,0
5003449,-5,C
5009654,-60,1
5011770,-66,C
5007342,-85,0
5009025,-87,X
5007238,-76,X
5005566,-54,0
5012523,-4,C
5005366,-56,0
5014496,-18,0
5002205,-13,0
5001205,-93,C
5011856,-45,C
5006975,-1,C
5013780,-64,C
5002382,-48,X
5004175,-63,C
5008760,-85,C
5000373,-44,C
5002150,-53,C
5010703,-88,0
5000039,-66,C
5004036,-2,0
5013785,-89,2
5002587,-45,C
5014761,-17,0
5011698,-39,0
5014530,-15,0
5000381,-52,C
5009862,-94,C
5007854,-60,1
5009927,-89,2
5006306,-33,0
5003095,-17,C
5006819,-85,C
5010193,-5,0
5010755,-3,0
5009344,-41,C
5007327,-19,C
5004289,-32,C
5003207,-86,0
5003384,-50,0
5000035,-80,C
5013544,-90,C
5001269,-93,C
5014297,-22,C
5004477,-18,C
5001283,-59,0
5013543,-93,C
5007304,-93,C
5012771,-15,0
5007435,-42,1
5008604,-44,0
5009248,-93,0
5008970,-77,2
5005981,-22,0
5013544,-78,2
5002473,-85,C
5008813,-81,0
5012893,-69,C
5002759,-14,C
5001735,-78,0
5003070,-59,X
5014254,-42,C
5000464,-53,1
5000262,-92,2
5008164,-44,0
5008885,-55,C
5000499,-70,C
5006533,-74,0
5012851,-21,C
5003658,-34,0
5011743,-75,C
5013655,-47,X
5014469,-66,C
5014494,-28,C
5007654,-11,C
5004690,-36,1
5008277,-76,0
5003853,-32,C
5014751,-62,0
5011424,-57,C
5011293,-42,0
5009928,-7,C
5012369,-93,C
5001706,-27,0
5013397,-17,C
5009918,-3,C
5004952,-10,X
5002974,-79,0
5001870,-37,0
5012008,-34,0
5005056,-66,0
5010159,-47,1
5014070,-40,0
5011041,-3,1
5012758,-20,0
5014344,-61,0
5001362,-16,X
5006671,-47,C
5013151,-22,C
5010058,-49,0
5009522,-35,C
5008391,-83,C
5000935,-40,0
5009549,-77,C
5006673,-90,0
5010572,-77,2
5011901,-37,C
5009594,-71,1
5008531,-51,0
5003202,-40,0
5005139,-20,1
5012977,-13,0
5005668,-52,C
5010079,-31,C
5003489,-42,0
5003410,0,1
5002668,-64,1
5010667,-21,0
5011966,-4,0
5000326,-4,0
5006835,-10,0
5014643,-54,0
5009099,-79,C
5008745,-63,0
5005164,-48,1
5000853,-40,X
5005046,-76,1
5009514,-60,X
5004120,-74,C
5011454,-47,C
5004532,-64,1
5000827,-50,C
5004532,-3,0
5002845,-1,2
5011148,-53,0
5000685,-54,C
5009937,-35,X
5002484,-32,C
5012332,-46,0
5000195,-38,X
5004861,-17,0
5007788,-22,C
5010017,-10,C
5012062,-92,0
5014892,-46,1
5011024,-57,C
5008909,-75,0
5009739,-32,C
5004026,-75,C
5013990,-17,C
5005194,-20,C
5002666,-21,X
5010794,-52,0
5002081,-86,2
5007866,-71,X
5007049,-76,C
5000533,-8,2
5007287,-30,X
5004272,-42,0
5014479,-60,C
5014372,-77,1
5000485,-91,C
5012115,-73,C
5008817,-93,1
5009912,-65,0
5014220,-62,C
5006498,-53,0
5006654,-93,0
5002726,-38,0
5000108,-4,C
5007139,-90,0
5014508,-4,C
5009721,-35,0
5005650,-6,C
5008673,-86,C
5008775,-9,0
5008663,-49,C
5005287,-15,0
5013743,-12,C
5006934,-93,0
5000812,-92,0
5014136,-25,0
5006163,-47,C
5014747,-79,C
5013658,-22,0
5014193,-55,0
5009572,-92,C
5003490,-84,C
5014266,-45,0
5007909,-15,0
5008011,-36,0
5005237,-72,C
5002399,-85,0
5010185,-49,C
5000725,-40,0
5009594,0,C
5011469,-48,1
5004504,-46,0
5012589,-7,1
5005045,-52,0
5010619,-11,0
5011478,-7,2
5000465,-61,0
5003234,-89,0
5009305,-59,0
5010354,-28,C
5001515,-60,C
5002771,-86,C
5014738,-80,0
5006126,-86,0
5000862,-75,C
5014191,-58,1
5014820,-43,0
5014461,-71,0
5009572,-78,C
5007633,-8,C
5005068,-62,C
5002754,-34,0
5006343,-77,0
5010436,-25,0
5013819,-56,0
5008857,-3,0
5006205,-36,C
5000853,-94,C
5002543,-92,2
5013303,-12,0
5009587,-51,2
5008547,-39,C
5003088,-75,C
5005735,-27,1
5010824,-8,X
5003987,-93,X
5009370,-79,C
5003315,-75,C
5000425,-95,1
5012271,-47,0
5013999,-38,0
5000222,-61,0
5002635,-35,C
5005004,-10,C
5014581,-8,0
5008109,-58,C
5012795,-78,1
5014300,-22,C
5012897,-72,0
5003307,-61,0
5010228,-63,0
5003713,-4,C
5013025,-76,1
5012777,-8,C
5003485,0,C
5001071,-50,C
5004321,-65,C
5008636,-90,C
5003494,-52,C
5007907,-37,C
5003940,-83,C
5001607,-92,0
5000792,-18,X
5012529,-78,C
5007133,-33,0
5011052,-76,2
5004430,-86,0
5010800,-13,0
5005559,-82,C
5011385,-85,C
5013419,-9,X
5012029,-35,0
5005649,-64,0
5004680,-4,0
5012704,-77,C
5003870,-14,0
5001769,-65,1
5005837,-86,C
5007307,-69,X
5004664,-84,0
5003259,-17,C
5002367,-76,C
5012572,-55,C
5001101,-20,1
5008673,-15,1
5003603,-2,C
5011759,-3,C
5010766,-65,0
5001686,-71,0
5001992,-93,0
5009524,-33,C
5008161,-32,2
5003314,-75,C
5001332,-10,C
5005909,-84,C
5011043,-88,C
5009007,-8,0
5012155,-73,0
5012589,-18,0
5012603,-30,C
5011009,-22,X
5003239,-10,C
5005603,-30,0
5009116,-51,1
5012731,-52,C
5004455,-55,C
5008557,-5,C
5000662,-27,0
5004212,-3,0
5014490,-67,C
5003141,-73,C
5010355,-91,0
5001282,-13,0
5007945,-89,X
5005546,-63,C
5009568,-60,C
5013002,-78,C
5013123,-81,0
5014730,-3,0
5008155,-62,C
5009848,-16,C
5000824,-34,0
5012079,-21,C
5008442,-52,C
5005884,-83,0
5002835,-17,0
5004786,-48,C
5002887,-56,2
5008871,-76,0
5001273,-66,2
5000905,-51,0
5014565,-62,C
5011197,-49,0
5000443,-14,C
5003388,-13,C
5001934,-5,C
5007323,-58,1
5010523,0,0
5009376,-20,C
5003077,-4,1
5010171,-45,0
5009867,-42,0
5013879,-69,0
5004130,-53,0
5001348,-50,C
5010328,-89,C
5001214,-93,0
5007826,-91,0
5014581,-90,C
5005121,-52,C
5005898,-90,1
5002866,-41,C
5006425,-69,0
5009742,-94,0
5012376,-15,0
5005213,-15,0
5011659,-28,C
5006501,-88,C
5002263,-51,0
5001496,-59,0
5001097,0,1
5013475,-59,C
5000029,-38,C
5011668,-53,C
5005933,-47,C
5009701,-70,1
5008739,-93,C
5006754,-68,C
5008298,-3,C
5005372,-85,0
5002198,-35,0
5009036,-44,0
5002519,-14,X
5005189,-73,0
5006708,-85,0
5010727,-34,C
5008278,-4,1
5009472,-54,0
5011598,-13,C
5002459,-50,C
5000644,-80,0
5014353,-75,0
5006531,-75,0
5004033,-66,C
5003596,-31,C
5006768,0,1
5006901,-78,0
5001768,0,C
5007467,-93,0
5013838,-82,C
5002498,-5,0
5001404,-90,0
5010762,-25,0
5010121,-31,0
5005444,-54,C
5001359,-76,0
5010265,-16,0
5006022,-89,0
5014398,-36,C
5010618,-67,0
5002168,-39,0
5014736,-43,0
5000298,-86,C
5001774,-62,0
5012613,-56,0
5009217,-14,C
5004097,-1,C
5009058,-25,0
5007848,-34,0
5007303,-91,0
5012511,-14,C
5014591,-15,X
5003357,-52,0
5000320,-13,C
5003903,-3,0
5007334,-48,0
5010840,-17,2
5003397,-46,C
5012848,-34,C
5013757,-84,0
5004832,-71,0
5009977,-51,0
5010187,-10,C
5014989,-93,0
5014867,-53,X
5003521,-44,1
5013866,-38,2
5012240,-93,C
5007439,-3,C
5002483,-67,0
5011523,-71,0
5004358,-5,2
5008587,-17,0
5007178,-93,C
5005973,-32,0
5010920,-60,0
5000687,-21,C
5004720,-19,2
5008167,-61,C
5003810,-46,C
5003348,-72,C
5004521,-40,1
5011507,-87,0
5006126,-82,1
5008681,-87,1
5005065,-95,0
5012591,-72,C
5000242,-3,0
5013107,-66,X
5000942,-27,0
5003281,-90,0
5014051,-10,0
5000955,-55,0
5010862,-94,C
5011384,-14,C
5014772,-31,0
5011937,-28,C
5007551,-43,C
5006030,-45,0
5008192,-60,0
5014766,-47,C
5010349,-50,C
5003993,-63,0
5003260,-58,C
5014827,-46,C
5012530,-48,C
5011382,-16,C
5007730,-29,C
5009407,-74,C
5013404,-29,1
5000598,-9,0
5009068,-57,0
5002531,-75,X
5007631,-95,C
5010089,-45,0
5014957,-68,0
5012946,-12,0
5005346,-87,0
5003085,-43,C
5004033,-81,1
5009964,-57,0
5007445,-92,C
5007861,-95,1
5002140,-42,0
5013827,-50,0
5004254,-90,C
5010369,-85,0
5007387,-67,C
5005711,-71,0
5004027,-5,X
5006615,-82,C
5012619,-83,0
5012483,-39,0
5000366,-54,X
5012958,-57,C
5004359,-56,C
5007891,-31,0
5001815,-4,0
5004960,-29,0
5005475,-82,0
5012963,-29,1
5001587,-26,1
5005304,-49,C
5003164,-41,0
5011505,-55,0
5013702,-10,C
5002517,-17,C
5011525,-87,2
5010412,-2,0
5014818,-93,0
5001802,-45,1
5012314,-13,C
5005528,-37,0
5006615,-90,0
5012014,-35,C
5012659,-61,0
5001682,-79,C
5007202,-53,0
5006744,-61,C
5006654,-59,0
5010936,-82,C
5007901,-92,1
5003837,-3,C
5008833,-37,C
5003056,-35,C
5003720,-69,0
5001274,-83,C
5004994,-85,0
5006499,-56,1
5014976,-42,C
5007926,-22,0
5014846,-6,C
5010567,-58,0
5002845,-4,0
5004361,-23,C
5008773,-11,2
5008949,-36,C
5004768,-48,C
5013425,-9,1
5006583,-81,0
5011245,-82,C
5009137,-44,X
5007946,-70,X
5004132,-24,0
5005982,-74,0
5004055,-54,1
5000648,-78,C
5011742,-30,C
5010049,-95,C
5006344,-46,C
5010502,-60,C
5001516,-24,C
5008142,0,C
5006643,-65,0
5014639,-11,X
5012209,-15,1
5012475,-45,0
5009715,-83,0
5001355,-51,C
5011477,-56,C
5002183,-49,C
5004273,-85,1
5008053,-53,0
5007261,-7,0
5011201,-34,1
5010542,-5,C
5005123,-84,0
5011551,-57,C
5000394,-47,0
5013771,-48,C
5007926,-75,0
5009271,-28,0
5001767,-35,C
5005837,-81,0
5002660,-76,0
5008069,-71,0
5011512,-67,C
5010500,-94,C
5013466,-52,0
5000686,-86,0
5008375,-50,0
5014212,-40,C
5007136,-29,0
5008825,-55,C
5004736,-15,C
5013695,-30,C
5009314,-32,2
5003498,-47,C
5006861,-90,C
5001384,-16,0
5005539,-89,0
5006446,-46,0
5013487,-58,0
5014425,-74,C
5010414,-6,C
5000590,-71,2
5010559,-9,0
5005367,-65,0
5012967,-47,0
5005262,-33,1
5014539,0,0
5004572,-54,1
5006994,-59,C
5011307,-17,1
5008741,-67,0
5001748,-90,1
5003354,-5,C
5013406,-93,C
5012421,-25,0
5014421,-73,0
5006289,-58,C
5006382,-3,C
5002111,-57,X
5012124,-38,0
5005600,-75,0
5006563,-48,0
5014917,-80,C
5011075,-15,0
5010402,-5,0
5005749,-75,C
5006229,-3,C
5011620,-88,0
5011184,-23,0
5012682,-74,0
5009665,-13,C
5001043,-41,C
5013187,-57,C
5005496,-49,0
5007954,-12,1
5005938,-36,0
5002325,-16,0
5001033,-11,C
5002059,-48,C
5006140,-86,C
5001355,-65,C
5008268,-40,0
5000612,-34,1
5007363,-7,0
5006806,-91,X
5000449,-75,0
5003513,-75,0
5006621,-86,0
5006224,-33,X
5013071,-30,0
5012416,-89,0
5010115,-59,0
5000713,-30,C
5011111,-74,C
5004797,-58,C
5005810,-61,C
5002393,-77,C
5001548,-31,C
5009736,-63,0
5006831,-13,C
5012715,-12,C
5013922,-53,C
5010694,-61,C
5005395,-65,C
5008540,-70,0
5005325,-89,C
5007307,-7,C
5009665,-13,1
5010706,-78,1
5004386,-18,C
5011374,-21,C
5002049,-88,X
5014518,-54,C
5006984,-56,0
5006286,-13,X
5000546,-63,0
5010801,-89,C
5003095,-47,0
5008546,-25,0
5011480,-48,0
5009368,-4,0
5005049,0,0
5000735,-91,X
5005182,-1,1
5003041,-24,C
5009904,-58,0
5014030,-48,0
5013983,-61,0
5005814,-55,C
5008943,-23,C
5010089,-78,C
5005111,-59,C
5008153,-69,C
5000869,-17,0
5005844,-92,C
5011784,-10,C
5007326,-26,C
5007715,-44,0
5009363,-52,1
5005454,-93,C
5007561,-74,C
5009174,-26,C
5011991,-39,0
5010155,-41,0
5003003,-86,1
5000276,-54,1
5009998,-72,0
5009360,-74,2
5003991,-85,C
5007823,-12,C
5005612,-76,C
5014969,-15,0
5014352,-40,0
5007795,-7,C
5002367,-29,1
5006021,-70,C
5014132,-33,0
5008572,-10,0
5008761,-69,0
5001163,-89,C
5008649,-58,0
5003759,-3,C
5005333,-85,0
5001747,-37,X
5008130,-8,0
5000887,-16,1
5007259,-4,C
5013244,-43,0
5001324,-38,C
5004929,-48,C
5006999,-46,0
5006070,-15,1
5006921,-79,C
5004189,-4,1
5007453,-83,0
5007716,-76,0
5007462,-72,0
5006225,-64,2
5002964,-32,0
5000029,-66,X
5001246,-89,0
5001855,-9,0
5011398,-5,0
5004542,-90,0
5002294,-85,C
5013015,-23,0
5000147,-5,0
5014447,-57,0
5001694,-21,0
5014774,-52,X
5009357,-13,C
5011546,-5,C
5000931,-37,C
5014038,-4,0
5002198,-93,C
5001217,-57,C
5004337,-76,0
5004207,-95,C
5005782,-51,1
5012820,-87,C
5001844,-56,C
5011448,-75,0
5000844,-18,C
5012455,-79,0
5010725,-51,C
5007447,-60,0
5001462,-40,0
5006690,-24,0
5010686,-5,0
5009165,-41,C
5010920,-33,0
5010878,-24,0
5003995,-76,C
5012933,-57,0
5004936,-11,0
5007180,0,C
5010057,-44,X
5003861,-41,0
5004080,-66,0
5014455,-8,0
5013450,-7,C
5002993,-52,0
5013072,-78,C
5012531,-52,C
5008982,-53,1
5013676,-33,0
5014154,-68,C
5001855,-20,0
5005468,-67,1
5006437,-48,C
5011139,-85,0
5007340,-8,0
5012696,-70,1
5008252,-10,C
5003951,-82,2
5006222,-89,C
5007152,-38,C
5011885,-30,0
5011733,-55,C
5009661,-63,0
5004174,-68,2
5003324,-39,C
5004925,-90,0
5008657,-56,C
5003687,-58,0
5005484,-3,C
5003277,-69,0
5000980,-26,1
5006268,-32,C
5013842,-84,C
5006712,-20,0
5014761,-16,C
5000701,-81,C
5012774,-9,0
5008765,-15,C
5000678,-11,1
5008539,-88,C
5006633,-81,0
5014505,-33,0
5005822,-39,0
5009587,-69,X
5006333,-52,1
5011239,-87,0
5011631,-76,0
5011313,-17,C
5004884,-14,0
5002107,-92,0
5012602,-61,0
5013210,-24,0
5009428,-2,X
5007798,-8,C
5001189,-42,0
5013362,-45,C
5000682,-15,C
5011354,-15,0
5002245,-87,C
5010553,-42,C
5004365,-70,0
5012345,-9,C
5003498,-80,0
5006197,-75,1
5006628,-34,C
5013607,-36,C
5006730,-16,0
5013198,-58,0
5001555,-6,0
5002140,-85,0
5014923,-33,0
5002227,-52,0
5001612,-26,0
5006283,-3,2
5007941,-48,0
5006312,-60,C
5007226,-88,1
5001076,-72,0
5009778,-13,0
5005984,-37,C
5006118,-6,X
5008531,-62,C
5012138,-72,0
5010846,-7,1
5006662,-77,0
5001515,-28,0
5014426,-27,C
5002262,-61,C
5004637,-71,C
5002442,-24,C
5009259,-53,C
5011248,-88,0
5003886,-85,0
5010023,-14,C
5008797,-58,0
5008571,-28,1
5014148,-56,0
5012356,-66,C
5011510,-66,C
5010679,-17,0
5003039,-71,0
5009902,-84,C
5014645,-50,0
5007385,-75,C
5007163,-68,0
5009682,-42,0
5006293,-18,C
5011670,-56,0
5013452,-49,C
5005187,-25,0
5008372,-94,C
5010315,-64,0
5013699,-88,C
5013273,-19,X
5007133,-47,C
5009701,-73,C
5011702,-56,2
5014882,-28,C
5005697,-78,1
5014801,-65,0
5013182,-3,C
5013937,-41,X
5013882,-66,0
5011214,-72,C
5002352,-54,0
5014824,-89,1
5009721,-57,1
5014950,-45,1
5014973,-33,0
5010442,-43,0
5014495,-77,0
5012076,-5,C
5002792,-27,C
5013191,-67,1
5013864,-60,1
5006904,-75,0
5011662,-21,C
5010237,0,C
5003485,-24,0
5000968,-8,0
5009830,-80,C
5013900,-16,C
5012766,-78,0
5000675,-53,0
5001931,-82,0
5000888,-79,0
5010478,-42,C
5000809,-38,1
5007045,-12,C
5014043,-30,C
5014191,-74,C
5000940,-51,0
5007293,-45,C
5006669,-20,C
5011583,-42,1
5009743,-56,0
5011788,-19,C
5005048,-53,0
5014092,-25,0
5000450,-29,0
5001039,-87,X
5001296,-14,C
5002991,-64,X
5006066,-16,X
5014513,-36,C
5007774,-48,1
5003533,-51,C
5010092,-83,C
5004523,-80,0
5003092,-56,0
5007692,-71,2
5014815,-88,2
5008344,-45,C
5000410,-78,0
5014220,-88,0
5011244,-41,C
5009890,-19,C
5008993,-7,C
5013949,-75,C
5000594,-44,0
5006021,-33,0
5007490,-17,1
5002094,-89,0
5013213,-23,0
5014278,-35,0
5010068,-69,0
5014453,-79,0
5013315,-17,1
5003102,-21,0
5000549,-57,0
5000708,-92,C
5013832,-91,C
5011854,-94,0
5011717,-71,C
5008238,-94,C
5006924,-45,0
5000579,-35,C
5007145,-64,0
5011852,-4,C
5013930,-15,0
5002975,-6,0
5010368,-95,2
5008494,-68,0
5003814,-9,2
5003839,-41,1
5004629,-75,1
5003969,-22,C
5001991,-24,0
5013605,-72,X
5014914,-92,0
5013766,-60,C
5007762,-71,1
5013807,-84,1
5010378,-69,C
5008708,-33,0
5005039,-76,0
5012848,-35,C
5013266,-82,C
5007426,-87,C
5003156,-74,0
5008353,-22,C
5012772,-32,X
5010463,-70,1
5010402,-62,C
5009244,-68,C
5003998,-59,0
5004058,-53,0
5001747,-88,1
5000186,-67,0
5009142,-55,0
5003667,-29,C
5007441,-46,2
5001349,-21,0
5003394,-16,C
5009582,-94,0
5002715,-67,0
5008558,-41,C
5003072,-66,C
5010610,-95,0
5005269,-38,2
5004263,-89,0
5000441,-2,C
5005054,-70,0
5011009,-74,0
5011077,-4,C
5012037,-18,0
5006805,-42,0
5014246,-22,C
5001490,-90,0
5009229,-34,2
5014491,-59,0
5002359,-59,0
5010777,-77,2
5005030,-48,0
5014886,-79,0
5002122,-77,C
5010186,-41,0
5007729,-85,0
5013367,-41,C
5002469,-2,2
5002062,-1,0
5001424,-6,C
5003583,-44,C
5012819,-56,C
5011225,-83,0
5007611,-48,0
5014245,-34,C
5005768,-90,1
5013889,-15,C
5007170,-38,1
5009797,-50,C
5007361,-33,X
5010525,0,C
5002634,-56,0
5005000,-35,C
5009673,-17,X
5014730,-33,0
5007096,-43,1
5004486,-61,0
5001987,-83,C
5000059,-40,C
5005652,-14,2
5007682,-77,C
5006868,-77,C
5006518,-45,0
5002968,-32,X
5005258,-38,C
5003554,-1,X
5003160,-74,C
5014751,-78,0
5003532,-6,C
5011366,-89,2
5005697,-33,C
5000515,-69,0
5005752,-60,C
5007762,-63,0
5003842,-65,0
5013507,-91,C
5009730,-85,2
5007334,-10,C
5006068,-84,C
5008413,-25,C
5009254,-10,C
5013394,-9,C
5012365,-31,2
5006014,-71,C
5010635,-2,0
5013120,-51,C
5013627,-20,C
5006127,-1,1
5012027,-51,0
5003967,-24,C
5012793,-16,C
5010087,-68,0
5002252,-21,1
5000543,-8,1
5000358,-64,C
5012744,-78,C
5006435,-89,1
5011718,-92,0
5004570,-45,C
5007233,-83,C
5004506,-32,C
5004554,-32,0
5014835,-83,1
5001706,-2,C
5011026,-51,X
5009360,-69,0
5008319,-17,C
5009201,-14,C
5004841,-2,0
5002750,-89,X
5011666,-69,0
5008895,-6,C
5004714,-76,C
5008464,-77,0
5002050,-89,0
5008681,-40,C
5000565,-94,C
5010464,-19,C
5011382,-61,0
5002045,-10,0
5003144,-11,0
5012492,-15,0
5007397,-65,C
5004042,-63,C
5014490,-44,0
5008540,-9,C
5012140,-32,0
5013829,-78,C
5009933,-51,0
5008685,-33,0
5004034,-16,C
5006361,-56,0
5004245,-46,0
5008996,-23,0
5011729,-36,C
5005962,-56,C
5009574,-88,0
5011087,-73,C
5011030,-62,0
5005544,-37,0
5014851,-58,0
5004489,-49,C
5011999,-89,0
5010978,-26,C
5014476,-59,0
5010417,-62,0
5008576,-71,C
5002856,-88,0
5012793,-23,C
5000914,-75,1
5002523,-41,2
5008490,-81,X
5014405,-29,C
5012960,-68,0
5011255,-29,X
5010135,-21,0
5004686,-48,0
5001062,-82,C
5003189,-28,X
5001663,-25,2
5004692,-69,0
5012013,-56,1
5007093,-47,0
5003246,-53,0
5008548,-39,C
5011197,-80,0
5003134,-49,C
5006631,-52,0
5001648,-61,2
5003498,-10,0
5006150,-43,0
5009492,-95,C
5011007,-76,2
5002726,-6,0
5006579,-22,0
5008514,-21,C
5001125,-14,0
5009670,-76,1
5014559,-76,0
5000191,-45,0
5004953,-21,0
5007966,-85,C
5010356,-61,C
5000294,-43,C
5007283,-29,C
5012774,-2,0
5000569,-54,0
5013327,-63,0
5002233,-91,C
5006532,-17,C
5011562,-21,0
5010807,-77,0
5002372,0,0
5007636,-63,X
5007255,-38,X
5008565,-44,2
5001594,-24,C
5006398,-90,C
5002555,-22,0
5000434,-91,0
5009148,-36,C
5007706,-46,C
5001783,-65,0
5003232,-53,0
5009794,-42,0
5001592,-67,0
5007471,-3,C
5010132,-60,C
5007061,-20,C
5014375,-20,0
5004732,-2,0
5002578,-72,1
5013750,-93,C
5004155,-87,C
5000876,-18,0
5010960,-87,C
5002019,-93,C
5002963,-41,1
5014293,-37,0
5008846,-59,C
5011773,-82,C
5006462,-35,0
5014345,-91,C
5008768,-51,C
5001573,-71,0
5011080,-88,C
5000566,-52,0
5002611,-51,0
5007894,-24,0
5014349,-27,0
5013661,-48,0
5001299,-76,C
5001139,-41,1
5005908,-74,C
5003923,-79,1
5010524,-45,0
5002768,-14,C
5011483,-79,0
5001560,-39,0
5001383,-50,0
5008105,-57,0
5000579,-88,C
5002771,-3,2
5005784,-18,C
5007067,-53,C
5011722,-65,0
5008220,-38,0
5004386,-39,0
5006751,-11,0
5012826,-12,0
5006369,-4,C
5010634,-91,2
5007192,-85,C
5001368,-36,C
5011260,-84,C
5009563,-71,C
5012311,-5,C
5001134,-59,0
5013848,-54,0
5000033,-35,1
5006084,-17,C
5002188,-27,C
5009519,-82,0
5011685,-82,1
5008490,-51,2
5004248,-62,X
5009121,-60,0
5006484,-27,0
5010237,-17,C
5004224,-13,0
5013389,-52,1
5012132,-75,1
5012109,-7,C
5010235,-3,C
5010406,-32,C
5001623,-28,0
5013066,-60,C
5002312,-11,C
5008740,-28,0
5000004,-50,0
5010737,-30,C
5012287,0,0
5010489,-73,0
5003338,-13,0
5002944,-36,0
5010346,-21,2
5005274,-76,0
5000725,-68,0
5006704,-40,C
5009331,-76,C
5005936,-86,C
5007708,-7,2
5005087,-45,2
5006563,-24,C
5013188,-19,0
5013771,-59,0
5010020,-7,C
5006844,-53,0
5010798,-68,C
5007326,-87,0
5008916,-51,0
5012798,-69,1
5004209,-88,0
5014576,-44,C
5009636,-68,C
5004142,-50,0
5002346,-92,C
5011484,-90,C
5007030,-41,C
5006732,-32,C
5005417,-86,C
5013028,-61,C
5005620,0,0
5005490,-30,C
5002733,-4,0
5002899,-11,0
5007720,-36,0
5007929,-86,C
5010442,-28,C
5013121,-39,1
5004306,-58,X
5003031,-10,C
5000211,0,C
5014914,-45,0
5000402,-77,0
5005284,-81,0
5001889,-89,C
5002583,-5,X
5005109,-22,0
5013054,-89,C
5009295,-78,0
5010119,-35,0
5010567,-86,0
5014854,-82,0
5013853,-24,C
5010888,-60,C
5008602,-88,0
5007399,-10,C
5001554,-62,0
5012666,-2,C
5014801,-10,0
5003010,-95,1
5001510,-22,0
5010397,-80,1
5003011,-61,1
5007962,-82,C
5000131,-78,1
5008605,-3,C
5012026,-42,X
5013161,-53,1
5000743,-60,0
5002913,-25,C
5002669,-31,1
5008794,-68,0
5011850,-68,C
5002362,-61,C
5009458,-94,1
5004483,-35,C
5006952,-40,X
5002876,-45,C
5003083,-31,2
5000143,-61,0
5000454,-42,0
5009277,-48,0
5001756,-21,0
5009991,-32,C
5014079,-87,C
5012593,-35,0
5002699,-28,X
5012698,-14,C
5010631,-8,0
5005965,-29,0
5001703,-73,C
5003222,-95,0
5001957,-76,0
5001680,-40,0
5002313,-12,C
5004384,-85,0
5000967,-42,C
5011347,-95,1
5005313,-49,C
5003112,-90,C
5007793,-45,0
5002033,-28,C
5007489,-25,C
5014392,-83,C
5003128,-88,C
5002858,-48,0
5002540,-51,C
5011972,-9,0
5004974,-26,C
5005179,-7,C
5009102,-56,2
5013817,-54,0
5003032,-35,C
5012105,-53,1
5013105,-81,0
5012623,-88,C
5007948,-5,0
5009005,-52,1
5008113,-45,X
5006095,-50,C
5001955,-49,0
5007337,-48,C
5004792,-68,C
5002752,-6,0
5002653,-37,C
5005964,-52,0
5003875,-95,C
5002192,-83,1
5000626,-22,C
5008070,-12,C
5012296,-61,C
5003128,-39,C
5005302,-34,2
5008103,-11,C
5007032,-40,C
5009872,-37,C
5001487,-71,C
5001149,-71,C
5012173,-39,1
5007271,-82,2
5006601,-56,C
5008561,-1,C
5008376,-57,C
5013929,-17,C
5012703,-41,0
5003587,-19,C
5003628,-50,C
5006230,-70,0
5006595,-10,1
5014891,-70,0
5001936,-92,C
5011927,-52,C
5004979,-15,0
5011815,-34,C
5006135,-16,2
5004053,-7,C
5007961,-56,1
5003639,-38,X
5008323,-13,C
5006949,-21,1
5007585,-6,1
5014962,-10,X
5007521,-24,X
5002590,-46,0
5013127,-35,0
5014282,-79,0
5002861,-95,2
5011538,-76,0
5013212,-92,C
5001380,-83,0
5007879,-51,C
5002677,-24,0
5000261,-13,C
5010001,-18,0
5004026,-12,0
5013744,-74,X
5010228,-69,0
5008571,-93,0
5012649,-26,0
5006760,-86,1
5009416,-52,C
5010717,-7,1
5008700,-30,C
5003992,0,C
5002261,-40,1
5013106,-30,0
5004784,-74,C
5002293,-50,C
5006151,-35,0
5004159,-68,C
5007553,-42,0
5004943,-1,0
5003598,-11,0
5012570,-18,2
5008523,-76,2
5004282,-6,C
5006653,-88,1
5004463,-60,0
5001265,-95,C
5012017,-4,0
5012605,-9,C
5006666,-77,C
5006013,-66,0
5013952,-93,0
5009713,-60,0
5011092,-47,0
5000117,-22,0
5011762,-55,X
5008935,-85,0
5006426,-86,C
5008170,-31,C
5000158,-86,2
5005153,-38,C
5009712,-92,0
5014163,-85,C
5009017,-40,0
5008278,-47,C
5006418,-31,0
5008978,-7,C
5013998,-79,X
5002713,-30,X
5013487,-53,0
5012771,-76,0
5010469,-47,C
5006798,-7,C
5004640,-27,C
5001922,-30,1
5002670,-72,0
5010651,-47,C
5008912,-83,0
5011625,-31,C
5005195,-3,0
5014409,-44,0
5002569,-6,0
5012191,-18,0
5000177,-33,1
5003463,-90,C
5007687,-35,C
5006212,-12,C
5012009,-8,0
5001628,-49,0
5007007,-82,0
5012983,-8,1
5002653,-49,C
5006808,-89,C
5008625,-78,C
5009590,-77,0
5009446,-14,X
5010896,-36,2
5008623,-79,C
5004294,-51,C
5004285,-26,1
5010365,-4,0
5008790,-63,0
5010599,-46,0
5007487,-72,C
5012758,-87,C
5006246,-28,C
5006152,-60,1
5003532,-87,1
5009746,-90,C
5002844,-43,C
5008110,-24,1
5013687,-92,0
5007902,-76,C
5011058,-79,C
5013530,-75,1
5011632,-94,C
5012329,-26,0
5010963,-58,C
5007421,-68,C
5003782,-4,2
5001089,-57,X
5006477,-6,C
5009205,-15,0
5012103,-73,C
5010014,-42,1
5001418,-47,C
5010947,-58,X
5005245,-3,0
5010217,-32,1
5012226,-35,X
5007588,-74,X
5005480,-9,C
5003804,-72,C
5007202,-59,X
5014850,-47,0
5007581,-84,C
5004551,-34,2
5005080,-76,0
5012369,-60,0
5014729,-25,1
5002313,-60,C
5009568,-64,0
5000557,-29,0
5009329,-38,2
5006832,-83,0
5005639,-57,1
5003624,-46,C
5014098,-3,0
5001926,-36,1
5002494,-52,0
5003425,-40,0
5011707,-53,C
5009997,-74,0
5000073,-49,0
5014931,-35,0
5013172,-15,0
5006053,-94,X
5013583,-84,0
5006475,-31,0
5013532,-62,0
5000787,-44,C
5011342,-69,0
5012719,-39,0
5003764,-91,0
5003391,-80,C
5008954,-29,0
5014708,-75,C
5012692,-40,C
5012295,-20,1
5008524,-85,C
5000015,-70,C
5006759,-12,0
5008719,-55,C
5014350,-47,C
5004119,-12,C
5009778,-35,C
5001178,-4,0
5010197,-38,1
5012847,-4,C
5011893,-20,0
5011518,-43,2
5002070,-86,C
5006283,-30,0
5012929,-25,0
5013262,-27,0
5014455,-33,0
5011677,-64,0
5012062,-74,1
5004097,-7,C
5005438,-7,C
5000447,-88,0
5001876,-80,1
5008149,-50,0
5004417,-89,0
5013392,-58,X
5013699,-74,0
5008033,-95,0
5001407,-22,0
5001661,-48,0
5003994,-28,0
5006692,-62,0
5002170,-14,0
5002254,-85,C
5007055,-49,C
5006932,-25,0
5001586,-50,1
5003035,-54,C
5002763,-44,C
5006272,-88,0
5005777,-87,1
5013746,-48,C
5008077,-61,0
5008064,-91,C
5004136,-51,0
5012300,-77,0
5001365,-57,1
5005274,-52,0
5014045,-62,C
5003788,-83,1
5010244,-44,0
5012349,-42,0
5012598,-51,0
5011660,-2,C
5004305,-11,0
5005900,-41,0
5010292,-3,C
5002714,-86,C
5012444,-80,2
5011514,-31,0
5010911,-51,2
5004078,-43,0
5007824,-78,C
5008027,0,C
5001220,-61,1
5008811,-62,X
5008695,-76,C
5005946,-10,0
5008961,-43,1
5002011,-1,C
5007645,-1,0
5000399,-80,0
5002208,-30,X
5001899,-14,C
5009021,-14,X
5005559,-57,1
5008862,-5,C
5013346,-89,C
5013083,-83,C
5012400,-94,0
5010171,-63,C
5003007,-66,0
5004796,-20,C
5010576,-91,C
5003201,-21,C
5012409,-34,0
5011540,-12,C
5011050,-76,0
5003773,-36,0
5010869,-45,C
5002317,-8,1
5012716,-91,C
5001484,-9,0
5004821,-25,C
5009605,-89,0
5013198,-93,0
5012956,-24,C
5010902,-56,0
5001302,-3,0
5014459,-35,2
5014813,-60,C
5013321,0,C
5005422,-17,C
5007525,-85,1
5010290,-31,0
5013842,-7,X
5003824,-66,C
5006613,-80,0
5013566,-69,0
5000737,-47,0
5005332,-89,C
5009463,-16,0
5012931,-68,C
5001895,-6,C
5003480,-38,0
5008834,-48,C
5008671,-59,0
5004690,-40,0
5006247,-57,0
5002570,-74,C
5011811,-84,0
5005800,-88,0
5005032,-61,0
5008917,-10,0
5004616,-54,0
5001685,-84,0
5008157,-36,2
5007756,-19,C
5000660,-23,0
5003310,-79,C
5013520,-35,C
5004531,-67,0
5004664,-74,0
5009596,-93,C
5001423,-2,C
5014991,-10,0
5009042,-41,0
5013068,-4,C
5007982,-42,0
5004286,-74,X
5011522,-75,X
5008643,-15,2
5005989,-77,0
5011730,-78,1
5003330,-60,0
5012803,-66,1
5006357,-77,0
5006850,-78,1
5001059,-60,C
5011321,-7,2
5008660,-23,1
5000584,-65,C
5013582,-30,0
5008175,-34,C
5007841,-90,C
5011507,-32,0
5014597,-30,0
5013713,-59,X
5013775,-24,0
5012174,-41,0
5005325,-48,C
5000518,-76,1
5002401,-51,0
5007942,-2,0
5001632,-52,X
5013732,-61,0
5003365,-33,C
5009047,-90,C
5001982,-20,C
5008003,-84,2
5012341,-23,0
5010110,-72,0
5007423,-59,0
5001456,-9,0
5009370,-54,C
5007752,-6,2
5002463,-72,0
5010399,-40,C
5010146,-38,0
5000933,-85,C
5008098,-39,0
5014128,-57,0
5004619,-75,0
5012684,-8,0
5005931,-11,C
5008821,-6,1
5009632,-90,1
5006371,-31,C
5004367,-42,C
5013857,-47,0
5003915,-94,0
5011718,-54,C
5008896,-70,0
5011384,-38,C
5013778,-40,C
5007929,-25,0
5000815,-60,0
5006192,-29,C
5005946,-88,2
5005153,-38,C
5014300,-13,0
5002578,-39,C
5010127,-5,2
5008436,-75,0
5014263,-63,C
5008062,-33,C
5006839,-92,C
5001824,-25,C
5009080,-88,0
5008597,-71,C
5007786,0,C
5003232,-30,C
5009592,-67,0
5003380,-92,C
5010174,-45,0
5006144,-43,0
5001327,-95,C
5008013,-87,0
5009441,-91,0
5005317,-5,C
5002842,-69,C
5007776,-67,1
5007250,-32,C
5006124,-82,0
5004647,-38,X
5012658,-14,C
5003347,-41,2
5009681,-69,C
5004455,-85,C
5003166,-52,2
5012415,-77,0
5013000,-22,C
5002963,-8,1
5013896,-14,0
5011440,-9,0
5006944,-16,X
5012691,-70,C
5012527,-95,X
5012238,-21,0
5010374,-7,C
5011627,-39,C
5006783,-89,X
5012385,-93,1
5006528,-31,C
5008255,-94,0
5004789,-89,0
5010070,-6,0
5011270,-12,C
5006590,-48,C
5007025,-3,C
5005256,-52,0
5005782,-16,0
5009042,-22,1
5003536,-65,1
5014048,-80,X
5000898,-11,C
5013926,-47,C
5007131,-27,1
5011181,-47,0
5007132,-70,0
5002316,-53,2
5013166,-34,2
5014252,-92,C
5014541,-20,C
5001163,-86,C
5009961,-33,0
5002064,-49,C
5010492,-16,C
5014930,-16,C
5013108,0,C
5014487,-13,C
5008858,-26,C
5002807,-14,0
5008223,-34,0
5005006,-22,0
5013044,-31,0
5012227,-20,0
5009280,-55,X
5001743,-51,C
5002258,-42,X
5013395,-44,0
5011205,-37,2
5002530,-73,C
5007235,-51,1
5008379,-27,X
5010116,-39,0
5013729,-50,C
5012380,-71,C
5007792,-46,C
5003669,-81,0
5009208,-77,C
5009182,-8,C
5003043,-15,C
5011383,-43,0
5006153,-93,C
5002637,-37,C
5000261,-89,X
5005524,-51,1
5006039,-47,C
5011725,-11,0
5012225,-75,2
5006889,-54,1
5010967,-88,0
5008870,-93,C
5010704,-51,2
5009551,0,2
5011152,-28,C
5006752,-40,0
5004493,0,X
5005525,-77,C
5009621,-42,C
5006797,-85,C
5007153,-15,C
5001568,-92,0
5009686,-28,0
5006346,-24,0
5006722,-82,0
5001834,-82,C
5005630,-77,C
5009108,-70,C
5005472,-56,C
5012535,-18,0
5014036,-18,0
5002370,-24,2
5002899,-12,1
5014779,-54,0
5013875,-51,1
5000032,-94,0
5001414,-74,C
5011112,-13,1
5001586,-27,C
5005277,-37,X
5007871,-92,C
5006400,-87,X
5014684,-68,X
5010489,-52,0
5007254,-19,C
5009811,-43,C
5010499,-66,C
5001804,-56,1
5000426,-93,C
5002213,-6,C
5012610,-33,C
5014901,-45,0
5003030,-55,1
5014048,-13,X
5003076,-18,0
5001871,-40,X
5013970,-72,C
5010730,-17,C
5013942,-95,C
5001315,-44,0
5012518,-81,C
5010688,0,C
5014159,-92,0
5007807,-50,C
5011868,-79,0
5008326,-4,1
5008292,-19,0
5006938,-13,C
5010904,-28,X
5000027,-95,1
5003699,-15,C
5011004,-91,2
5006523,-17,C
5003035,-16,X
5003726,-11,2
5011743,-86,C
5002345,-76,1
5004567,-64,0
5005905,-69,1
5007118,-45,0
5007747,-89,0
5008683,-31,0
5010977,-52,C
5004950,-55,0
5000478,-68,C
5007848,-49,C
5014539,-49,0
5010316,-91,2
5001840,-51,0
5011190,-83,C
5014541,-41,2
5006235,-57,0
5010931,-10,0
5005331,-89,0
5014621,-79,C
5000929,-54,1
5014165,-65,C
5005590,-1,1
5008568,-34,2
5012490,-26,0
5007419,-3,0
5014613,-12,X
5014513,-84,1
5001139,-67,0
5012860,0,0
5004790,-20,0
5011976,-61,C
5012008,0,0
5012756,-94,0
5014456,-15,0
5011622,-31,C
5002893,-18,0
5010737,-79,0
5008515,-36,2
5008311,-80,C
5013651,-5,C
5014364,-43,0
5004462,-94,0
5003146,-54,1
5012770,-87,0
5000821,-34,C
5009901,-15,1
5009348,-74,C
5002642,-34,C
5002334,-56,C
5010195,-80,C
5002688,-88,0
5013653,-8,C
5004736,-40,C
5003068,-67,C
5002016,-52,C
5014203,-57,X
5007216,-79,C
5008251,-85,C
5012717,-83,0
5008954,-42,0
5013316,-64,X
5012889,-68,1
5004877,-22,C
5014037,-31,C
5002912,-12,X
5010912,-35,C
5006205,-51,1
5008065,-4,C
5002088,-10,C
5010701,-73,X
5009156,-56,C
5012443,-14,0
5012307,-91,C
5014950,-65,C
5001783,-9,X
5007545,-82,0
5002914,-57,C
5014241,-31,1
5008344,-94,0
5007992,-12,0
5009747,-65,C
5014142,-38,0
5004405,-32,C
5007334,-22,C
5010188,-17,C
5010184,-85,0
5005256,-89,0
5010763,-84,C
5002023,-4,0
5005328,-95,C
5003813,-1,1
5013942,-39,C
5000915,-16,C
5005828,-18,X
5000808,-6,C
5001921,-38,C
5013861,-31,C
5009373,-69,0
5002056,-89,0
5004314,-38,C
5006123,-1,1
5006439,-68,0
5013706,-56,0
5011957,-19,2
5013361,-46,1
5013761,-80,0
5009750,-19,C
5011868,-51,C
5007161,-80,0
5000609,-16,C
5002199,-90,C
5011960,-71,0
5013111,-16,C
5009059,-19,1
5003106,-95,C
5003749,-36,0
5014392,-12,C
5003896,-8,0
5002939,-79,C
5000175,-59,0
5007307,-57,1
5012000,-45,0
5007565,-61,C
5012304,-78,C
5009790,-35,C
5003459,-47,0
5011577,-33,0
5007838,-5,C
5013159,-43,0
5013289,-29,0
5006896,-55,C
5007465,-93,C
5008579,-33,0
5008106,-78,0
5009683,-75,C
5014513,-88,X
5001712,-59,C
5005707,-2,0
5003986,-17,C
5001188,-7,0
5014505,-44,0
5014209,-94,C
5005523,-67,X
5007784,-4,0
5001446,-8,C
5011351,-81,C
5009117,-7,0
5006520,-33,C
5007951,-19,C
5007101,-26,C
5007634,-33,1
5006837,-33,C
5002331,-11,X
5012440,-14,0
5014660,-57,X
5012315,-58,0
5002322,-79,C
5006190,-75,1
5012686,-9,0
5005061,-64,0
5009494,-35,0
5010545,-38,0
5013522,-19,0
5000028,-9,C
5004348,-38,0
5009205,-69,0
5014422,-20,C
5014819,-20,2
5001394,-79,0
5002425,-88,0
5001907,-41,0
5009445,-39,C
5014811,-66,0
5004176,-72,C
5011802,-17,C
5003290,-15,C
5012575,-73,C
5014059,-32,C
5008514,-91,0
5002493,-21,C
5013123,-27,0
5011452,-12,0
5002400,-18,C
5009879,-80,0
5006439,-37,C
5001016,-51,C
5002209,-69,0
5013502,-40,C
5010331,-38,0
5011871,-12,0
5000980,-86,C
5009910,-52,C
5004003,-60,C
5012839,-47,0
5009364,-42,0
5011717,-30,0
5004930,-13,0
5002242,-21,0
5004493,-18,C
5008923,-38,0
5006231,-94,0
5005915,-60,0
5001115,-48,0
5009455,-5,C
5005486,-35,1
5002300,-60,C
5001763,-14,1
5002531,-80,0
5000162,-52,0
5005672,-67,0
5007053,-25,0
5013323,-45,C
5013589,-52,0
5000855,-95,X
5004451,-86,1
5002416,-72,0
5002355,-6,2
5009768,-34,0
5000200,-55,C
5005074,-88,C
5013562,-40,0
5002887,-57,C
5007504,-23,C
5005253,-13,C
5001276,-3,0
5012769,-23,0
5011835,-76,C
5000392,-75,C
5007451,-46,2
5012989,-18,0
5003648,-59,0
5009798,-84,C
5010056,0,C
5007472,-86,C
5004813,-59,0
5013683,-88,C
5013813,-87,0
5005702,-19,0
5002531,-59,0
5007091,-56,C
5014333,-55,C
5012771,-10,C
5006419,-53,0
5006910,-89,1
5004187,-84,1
5000306,-78,0
5012899,-62,1
5007756,-36,0
5000946,-32,0
5002308,-10,0
5011151,-5,C
5014800,-11,0
5013191,-8,C
5013017,-15,C
5012761,-40,0
5012067,-67,0
5009126,-51,1
5003995,-43,C
5006632,-19,C
5005180,-65,C
5007072,-29,0
5013813,-15,C
5000933,-71,1
5009482,-14,C
5010122,-2,0
5004291,-30,0
5003975,-31,C
5000026,-68,C
5013308,-92,0
5002591,-76,0
5000279,-42,C
5004187,-49,X
5011192,-62,C
5001252,-71,C
5000864,-41,0
5014679,-27,C
5014787,-48,C
5009999,-8,C
5013306,-33,X
5004274,-48,C
5010467,-64,0
5014718,-88,0
5013305,-79,0
5001158,-30,C
5011335,-66,0
5001563,-11,C
5009801,-74,X
5007715,-26,0
5005183,-59,C
5010389,-64,0
5005553,-35,C
5000848,-95,0
5014207,-85,0
5013554,-69,C
5006793,-1,C
5011810,-38,0
5002288,-62,2
5013581,-45,0
5005686,-94,1
5013432,-39,C
5001152,-9,0
5011528,-26,C
5008436,-21,2
5008105,-66,C
5013455,-1,0
5001508,-93,0
5013347,-5,0
5009609,-86,X
5009209,-52,X
5009229,-7,0
5000519,-86,2
5002777,-35,C
5014965,-38,C
5005259,-71,2
5013697,-58,C
5004129,-84,0
5002910,-59,0
5006501,-18,2
5008821,-35,0
5000205,-70,0
5014494,-70,0
5012505,-15,C
5007555,-47,0
5001257,-67,0
5007294,-34,C
5003892,-2,2
5002478,-80,0
5001168,-30,1
5005050,-39,C
5011522,-44,C
5003244,-48,C
5006239,-32,0
5005702,-53,0
5010454,-68,C
5005593,-74,C
5013151,-77,2
5011079,-6,0
5009838,-59,1
5010544,-4,C
5000574,-4,C
5004448,-41,0
5008863,-56,C
5012889,-93,C
5000158,-74,2
5007890,-8,1
5007304,-31,C
5007400,-82,C
5003107,0,C
5000801,-48,C
5001049,-14,0
5011533,-22,0
5013872,-30,C
5014408,-15,C
5011579,-77,C
5005053,-67,C
5010673,-19,C
5012803,-20,C
5013951,-54,C
5012705,-58,C
5014990,-70,1
5007360,-89,0
5010053,-71,1
5011971,-42,C
5001655,-1,1
5000809,-78,C
5002993,-10,0
5010368,-92,C
5001370,-63,0
5009686,-18,1
5009211,-20,1
5013904,-83,1
5004233,-88,0
5002875,-92,0
5009166,0,C
5011698,-19,C
5009285,-4,C
5003574,-38,C
5013605,-76,1
5003940,-80,0
5006944,-81,0
5013698,-18,1
5013641,-43,C
5013974,-58,C
5012561,-70,1
5006939,-6,0
5009821,-62,0
5009022,-78,X
5009049,-93,0
5010526,-36,C
5004291,-62,0
5008479,-88,1
5013435,-51,C
5012029,-51,X
5001561,-29,0
5001624,-60,0
5014787,-21,0
5003289,-32,0
5006793,-2,0
5006489,-43,C
5006661,-45,C
5002545,-74,C
5005234,-1,C
5008225,-86,1
5011674,-78,1
5013730,-38,C
5005249,-84,0
5009378,-79,0
5013044,-75,1
5013493,-20,C
5010735,-21,0
5011650,-66,1
5007450,-45,C
5000822,-87,C
5011988,-93,C
5008524,-31,0
5002053,-42,X
5010367,-26,0
5011209,-40,X
5005056,-30,0
5014151,-14,0
5007680,-24,0
5011909,-65,0
5011945,-54,0
5007443,-91,0
5001024,-10,C
5004538,-17,C
5005733,-13,X
5003035,-35,0
5003077,-42,C
5000170,-11,0
5011579,-8,C
5010272,-49,0
5012250,-42,C
5007555,-24,0
5013166,-59,C
5006604,-8,2
5011189,-69,0
5007442,-11,0
5005592,-42,X
5001004,-94,0
5000123,-86,C
5004682,-50,0
5013897,-60,0
5011860,-9,1
5011360,-31,C
5006770,-39,0
5011817,-17,0
5010480,-13,C
5005641,-89,C
5011819,-38,0
5002551,0,0
5013434,-56,C
5000301,-61,0
5008954,-51,2
5009031,-50,2
5010028,-34,C
5002827,-93,C
5006937,-47,C
5009542,-62,X
5002268,-71,0
5005296,-15,0
5009921,-84,C
5001329,-23,0
5004790,0,C
5013130,-65,C
5009831,-60,C
5011077,-6,0
5008701,-16,0
5010477,-49,0
5001758,-81,C
5010848,-30,C
5003705,-71,C
5006079,-82,0
5006325,-94,C
5001828,-14,C
5003919,-56,0
5009334,-64,C
5012560,-50,C
5002614,-17,X
5011959,-72,C
5014612,-75,C
5005104,-93,2
5009474,-34,0
5009148,-72,1
5002649,-35,0
5002801,-83,0
5002693,-21,C
5012173,-72,C
5007458,-80,C
5012946,-79,C
5008730,-42,0
5012469,-72,0
5012022,-94,0
5014551,-2,C
5000949,-23,2
5012748,-4,C
5010907,-41,0
5010926,-30,0
5010086,-48,0
5012847,-53,0
5006721,-52,2
5006088,-68,C
5007587,-24,0
5010564,-47,1
5000800,-66,0
5010024,-38,0
5009883,-82,X
5001699,-82,0
5003240,-54,C
5009559,-73,C
5009004,-44,X
5013234,-82,0
5014540,-77,0
5006732,-14,C
5000859,-94,1
5011241,-55,X
5009538,-93,0
5010800,-79,0
5000368,-41,0
5009201,-37,2
5006280,-94,C
5000632,-70,0
5014049,-48,0
5002558,-93,C
5010936,-6,C
5001806,-6,0
5011778,-46,C
5001244,-12,1
5005600,-44,0
5007971,-24,0
5000633,-49,C
5002097,-63,C
5002847,-87,X
5000477,-79,C
5011394,-67,0
5013762,-94,2
5012783,-55,0
5013466,-43,2
5009282,-58,0
5014704,-1,1
5014058,-29,0
5008257,-61,C
5002611,-53,C
5006470,-46,0
5005700,-1,X
5001673,-55,C
5004157,-67,C
5010054,-21,C
5005554,-86,0
5007221,-80,0
5007630,-70,2
5001034,-72,C
5005268,-79,0
5006828,-63,0
5001371,-86,C
5007596,-33,0
5005619,-28,C
5012522,-70,C
5004422,-21,C
5013042,-63,C
5002470,-77,0
5009294,-28,0
5001471,-89,C
5001153,-14,0
5001081,-24,0
5013818,-65,C
5010809,-38,C
5008082,-91,C
5009266,-90,0
5014817,-74,0
5010452,-78,0
5010797,-10,0
5004728,-34,C
5009025,-56,0
5003927,-94,0
5008975,-73,0
5002794,-12,X
5003499,-26,0
5012725,-22,C
5004416,-13,0
5001686,-61,C
5000513,-51,C
5011695,-32,0
5010230,-57,0
5008995,-61,C
5012886,-12,0
5012010,-76,C
5014115,-20,C
5014473,-33,0
5001776,-35,C
5006167,-80,C
5003326,-39,1
5010746,0,0
5004292,0,0
5006758,-70,0
5005358,-58,C
5002018,-1,C
5009106,-84,0
5009313,-34,C
5003835,-49,0
5007535,-47,C
5007174,-61,1
5000671,-23,0
5002943,-23,C
5009331,-78,C
5012108,-25,X
5006997,-13,2
5004008,-51,0
5008539,-92,0
5001139,-75,0
5002761,-87,0
5001431,-9,0
5008468,-33,0
5004062,-44,1
5011657,-72,0
5001372,-50,C
5008534,-30,1
5008412,-21,0
5000453,-18,C
5009247,-63,0
5014776,-94,C
5014492,-5,0
5004766,-7,0
5012410,-19,0
5000580,-87,0
5004120,-72,C
5013359,-45,C
5007112,-26,C
5006485,-34,1
5004999,-75,1
5012744,-9,C
5006621,-37,0
5001078,-79,0
5006620,-57,0
5008438,-25,C
5014408,-2,0
5009299,-71,0
5010974,-28,1
5012887,-44,0
5002781,-45,0
5014578,-11,C
5005913,-90,0
5001859,-22,C
5003797,-8,0
5009226,-14,C
5000018,-32,C
5000471,-14,0
5009450,-23,C
5007256,-13,X
5012628,-39,1
5011107,-72,C
5014276,-13,0
5013626,-3,0
5011788,-88,0
5001883,-77,C
5004946,-39,C
5002676,-10,C
5014198,-58,C
5008124,-75,C
5011024,-76,0
5012133,-79,0
5007409,-32,0
5006052,-2,0
5009141,-60,X
5007723,0,C
5006745,-53,0
5013777,-64,C
5010450,-88,0
5001960,-52,0
5010173,-53,2
5010950,-37,1
5009396,-21,X
5010239,-72,0
5002151,-55,0
5000856,-44,C
5014829,-74,C
5013750,-1,2
5009025,-9,0
5002850,-4,2
5001508,-87,1
5005739,-71,0
5011823,-41,0
5007359,-33,C
5012273,-23,0
5013836,-11,0
5004578,-51,C
5011904,-22,C
5014830,-47,C
5011264,-68,C
5002190,-18,C
5010831,-76,C
5004248,-34,C
5009347,-7,0
5010314,-75,1
5004708,-84,0
5003353,-48,0
5004751,-91,1
5002398,-75,C
5002384,-4,C
5002222,-12,0
5009815,-53,0
5008607,-48,0
5010173,-57,0
5010958,-14,C
5000064,-44,C
5006296,-95,0
5009307,-71,C
5012079,-80,0
5004143,-63,0
5006200,-53,0
5010929,-81,X
5002303,-86,0
5007937,-3,0
5004542,-59,0
5003455,-22,0
5004373,-7,0
5001480,-94,C
5012170,-39,0
5004722,-12,0
5009012,-94,0
5000295,-48,0
5000287,-44,0
5006419,-38,0
5005062,-81,0
5001081,-35,0
5013076,-90,0
5009266,-65,0
5002901,-25,C
5007168,-1,0
5005588,-32,C
5011154,-79,0
5012788,-3,C
5008798,-54,C
5012285,-31,C
5010415,-80,C
5003540,-60,C
5013658,-6,0
5009816,-78,C
5004700,-82,0
5009880,-55,0
5006412,-66,0
5012862,-66,2
5011425,-4,0
5000510,-48,C
5010360,-19,C
5008481,-2,0
5010838,-60,C
5010008,-22,C
5009645,-15,0
5004246,-9,C
5012965,-63,C
5005742,-61,C
5010123,-35,C
5009766,-78,C
5013870,-73,0
5007865,-48,0
5011362,-66,C
5008656,-63,1
5006672,-13,0
5007407,-83,0
5001929,-28,0
5000937,-67,0
5010418,-51,C
5014531,-61,0
5001275,-38,0
5013553,-53,2
5013318,-49,C
5010839,-74,1
5014619,-70,C
5008122,-25,C
5004636,-54,1
5007911,-44,0
5010419,-53,C
5011935,-25,1
5010440,-93,C
5006853,-9,C
5002825,-43,0
5004174,-67,0
5008419,-29,C
5012107,-11,0
5010307,-86,C
5012888,-46,C
5002616,-71,0
5010239,-91,C
5000946,-84,C
5004777,-24,0
5014480,-77,C
5011560,-32,C
5006562,-41,C
5013004,-89,0
5009901,-32,C
5014259,-44,0
5002071,-49,C
5008209,-60,C
5007036,-13,C
5008488,-81,0
5005602,-60,0
5004439,-25,C
5011718,-80,C
5011530,-57,C
5000436,-3,0
5011493,-87,0
5000803,-68,C
5010179,-4,0
5004638,-90,0
5012850,-2,0
5012771,-23,0
5010973,-89,0
5001867,-87,1
5005467,-41,2
5000300,-51,0
5004916,-95,C
5003175,-53,C
5007585,-5,1
5003732,-48,C
5014147,-55,0
5012479,-16,C
5014639,-61,2
5004161,-39,C
5004980,-6,C
5006040,-93,C
5009522,-95,C
5012288,-81,C
5000736,-91,C
5012034,-14,C
5008821,-67,C
5004281,-70,0
5006588,-55,C
5002739,-46,C
5013169,-4,C
5001186,-6,0
5001933,-62,C
5008844,-27,C
5008834,-75,0
5006260,-92,C
5007978,-24,1
5013139,-70,1
5013757,-46,C
5010994,-19,C
5007245,-76,C
5008658,-47,0
5012311,-94,C
5004185,-2,0
5000425,-68,C
5004418,-76,0
5006474,-76,C
5007541,-49,0
5009194,-59,0
5013378,-65,0
5003573,-90,C
5012271,-74,0
5003634,0,0
5002138,-10,0
5010109,-12,C
5012452,-38,0
5010801,-29,C
5006532,-6,2
5010391,-88,C
5010843,-18,C
5004507,-79,C
5007365,-21,0
5003899,-74,0
5009780,-67,X
5011554,-43,0
5004528,-39,0
5012917,-92,C
5014046,-75,0
5014757,-38,0
5004517,-82,0
5006350,-82,0
5000532,-23,0
5008017,-10,C
5003525,-6,0
5008662,-80,C
5014073,-51,C
5010893,-6,0
5006412,-80,0
5014218,-67,0
5006400,-24,0
5008439,-13,2
5009722,-53,C
5007540,-68,C
5003265,-11,X
5006346,-52,C
5005766,-37,0
5005518,-93,C
5008341,-76,0
5004681,-74,2
5013713,-27,C
5000520,-37,0
5008336,-91,0
5011518,-46,C
5001799,-45,C
5001384,-85,0
5001837,-62,0
5005627,-94,C
5003587,-95,0
5006685,-13,X
5006790,-81,0
5008247,-74,C
5009265,-4,C
5012394,-71,X
5013926,-26,0
5001318,-70,1
5011982,-61,1
5013493,-14,C
5002107,-54,X
5008419,-62,C
5014232,-36,C
5002597,-9,0
5005286,-1,0
5001416,-67,1
5013638,-14,0
5010714,-20,C
5005574,-24,0
5010667,-82,C
5009820,-83,0
5006400,-45,C
5008874,-92,0
5004065,-22,C
5013393,-86,C
5011109,-46,1
5004076,-22,C
5007973,-48,0
5003082,-52,C
5006522,-25,1
5002438,-13,0
5004896,-49,C
5011128,-49,X
5013784,-4,C
5007940,-2,C
5006469,-1,C
5001809,-27,0
5008214,-68,C
5002397,-13,0
5001770,-46,0
5012633,-81,C
5001835,-77,0
5014644,-47,0
5014518,-88,C
5011892,-83,C
5003923,-31,C
5006394,-27,C
5003449,-70,C
5013713,-19,0
5009171,-65,C
5007830,-3,0
5014405,-53,2
5006927,-22,X
5012258,-42,0
5000463,-36,1
5008203,-13,0
5001687,-19,X
5013751,-35,C
5012261,-18,C
5007288,-3,0
5003872,-52,0
5008659,-41,1
5007528,-11,C
5013440,-68,0
5012443,-47,0
5006084,-59,C
5009087,-30,1
5006358,-28,C
5007010,-85,C
5011025,-20,C
5009662,-68,0
5011395,-77,0
5010842,-60,C
5003109,-22,0
5009640,-19,C
5007461,-50,C
5007400,-50,2
5005399,-37,2
5012047,-71,C
5000245,-91,0
5005039,-39,C
5007699,-86,0
5014792,-22,0
5003910,-24,0
5000771,-83,C
5003324,-78,0
5002966,-93,X
5003874,-7,C
5003393,-32,1
5008218,-85,0
5003802,-20,2
5002128,-29,0
5003801,-51,0
5011583,-50,C
5014975,-52,C
5001185,-37,0
5004862,-71,X
5008427,-37,C
5008309,-78,0
5000222,-53,0
5003672,-4,1
5014755,-34,0
5010575,-44,0
5006910,-80,C
5005023,-60,C
5003819,-91,C
5014365,-48,2
5013252,-91,C
5007785,-93,0
5010418,-42,X
5000816,0,0
5008533,-27,0
5011435,-42,C
5006723,-38,0
5011196,-49,C
5006708,-95,0
5013464,-27,0
5012543,-31,C
5010249,-34,X
5002598,-46,C
5009632,-5,X
5005996,-19,0
5004370,-89,1
5005342,-37,0
5014817,-91,0
5003703,-10,0
5000099,-35,C
5010410,-50,1
5012865,-71,C
5000722,-6,C
5004988,-62,0
5008393,-91,1
5013114,-19,C
5002500,-9,0
5009941,-30,0
5001707,-25,0
5000758,-57,0
5008945,-15,C
5003034,-42,1
5011381,-78,C
5000907,-87,1
5013942,-46,C
5008979,-22,0
5010550,0,0
5000449,-62,0
5003300,-47,0
5002610,-53,C
5013003,-50,C
5014183,0,1
5001724,-20,0
5008866,-73,1
5006814,-93,0
5013307,-7,0
5012138,-73,0
5005133,-79,C
5005411,-85,0
5000319,-95,1
5003258,-54,2
5007258,-35,2
5004444,-72,0
5005658,-61,0
5002311,-67,0
5007265,-31,1
5009608,-69,C
5004716,-23,0
5014386,-21,C
5013521,-90,C
5004111,-35,C
5014653,-66,0
5003765,-11,0
5001411,-16,0
5012429,-22,2
5011350,-44,C
5014069,-56,C
5000588,-50,0
5008153,-46,0
5005907,-2,0
5012786,-51,C
5003525,-43,0
5014212,-38,0
5012038,-55,C
5009359,-86,0
5003766,-34,0
5000924,-47,0
5006030,-25,C
5006052,-35,C
5006219,-90,C
5012374,-7,1
5002298,-66,0
5000452,-85,C
5012776,-24,0
5008869,-26,0
5002683,-79,C
5000658,-8,0
5013669,-10,0
5012576,-41,0
5007861,-6,C
5002478,-76,2
5009495,-82,X
5014490,-94,C
5013290,-91,1
5010263,-35,C
5007560,-22,C
5002964,-27,0
5005781,-2,0
5010731,-31,0
5004958,-74,0
5000730,-36,0
5009466,-87,0
5007677,-77,0
5004494,-52,C
5004353,-37,0
5002876,-11,0
5009224,-28,2
5003118,-24,C
5000277,-62,1
5006930,-2,X
5010174,-82,C
5008966,-84,C
5002194,-39,0
5002837,-14,C
5005621,-13,C
5008559,-10,0
5002013,-2,1
5012244,0,1
5006227,-49,0
5006954,-69,0
5009010,-71,C
5003260,-84,C
5001823,-65,2
5001781,-74,C
5004456,-40,0
5007822,-1,C
5009520,-73,0
5008473,-4,C
5000028,-52,C
5013540,-76,2
5000209,-68,1
5010616,-21,C
5001598,-68,C
5004753,-92,0
5002383,-23,0
5013789,-21,C
5013106,-82,0
5014193,-2,0
5010150,-58,2
5003734,-93,1
5010679,-53,0
5008305,-91,1
5009214,-21,C
5013098,-13,C
5006489,-70,C
5002518,-91,0
5013150,-17,0
5000003,-51,0
5011611,-74,C
5000726,-65,C
5014810,-31,0
5012928,-22,1
5011409,-83,0
5006517,-85,C
5011008,-45,C
5013002,-15,X
5006644,-14,0
5011713,-59,0
5008982,-26,0
5010328,-65,0
5001927,-13,0
5013806,-76,C
5007303,0,0
5012320,-15,C
5001493,-92,0
5006250,-67,0
5013106,-8,0
5013528,-74,C
5010321,-71,0
5014203,-90,C
5008398,-26,C
5013008,-72,C
5006463,-32,C
5002454,-28,C
5008896,-77,0
5005127,-39,0
5001289,-82,C
5005794,-74,1
5011817,-55,0
5000275,-73,0
5004978,-47,X
5000635,-39,0
5014288,-91,0
5012586,-93,C
5012540,-71,C
5014902,-61,0
5009141,-56,C
5000349,-58,C
5004763,-69,C
5000552,-1,0
5009828,-17,2
5012105,-70,0
5004339,-27,C
5007872,-52,1
5002134,-14,C
5008449,-86,C
5000279,-21,0
5000434,-82,0
5010246,-75,C
5000160,-74,C
5002531,-54,C
5009698,-2,0
5010476,-51,C
5009403,-28,0
5010100,-63,0
5013370,-8,C
5013738,-84,C
5013651,-88,C
5003035,-12,C
5002902,-61,C
5011588,-81,C
5011541,-62,C
5007803,-56,0
5012913,-24,X
5012541,-58,0
5003398,-5,0
5005894,-17,0
5007855,-5,0
5003787,-66,X
5006680,-21,C
5008748,-1,0
5006530,-23,1
5007628,-41,C
5007955,-51,C
5005202,-4,0
5001864,-17,C
5004772,-71,0
5007135,-94,0
5014382,-57,0
5009374,-65,2
5011570,-68,0
5012970,-94,C
5002636,-22,C
5003787,-12,2
5004457,-76,1
5000751,-85,C
5004143,-33,1
5010470,-73,0
5006017,-74,2
5004002,-89,0
5000001,-9,0
5010278,-46,1
5011426,-53,1
5013638,-22,C
5000475,-36,0
5005801,-45,1
5009616,-84,0
5014784,-80,C
5002639,-38,C
5013723,-81,0
5004478,-10,1
5012771,-5,2
5002087,-10,C
5003970,-94,C
5000998,-57,C
5009044,-34,0
5007168,-91,C
5000027,-79,0
5009640,-57,C
5002042,-57,C
5005345,-81,C
5012399,-22,C
5007338,-28,C
5006545,-42,0
5003826,-19,C
5004394,-26,0
5014348,-54,X
5014128,-40,1
5010692,-51,0
5004233,-34,0
5000182,-28,0
5005383,-39,C
5009949,-12,0
5006365,-33,C
5002294,-51,0
5012052,-10,C
5004327,-20,2
5000838,-38,C
5008134,-55,C
5005871,-8,2
5007280,-66,0
5005420,-38,0
5000950,-4,0
5006874,-7,C
5011376,-26,0
5009459,-87,0
5010482,-79,0
5012298,-31,C
5007958,-93,C
5009534,-81,C
5013560,-24,0
5011111,-42,2
5005823,-34,0
5005962,-61,0
5004260,-25,0
5013825,-92,0
5014198,-69,0
5001861,-17,1
5007743,-21,0
5005043,-53,C
5003595,-70,0
5004627,-37,C
5002287,-84,0
5002202,-60,C
5014479,-94,C
5010064,-66,1
5007556,-57,0
5012634,-52,C
5013713,-10,C
5009807,-33,0
5007935,-64,0
5000242,-71,C
5013934,-83,0
5012759,-80,C
5005447,-41,2
5012810,-41,C
5000037,-73,C
5014237,-17,0
5012299,-92,C
5012065,-38,X
5010301,-47,0
5014040,-87,C
5010733,-28,1
5007954,-81,C
5008957,-94,2
5011609,-12,C
5010787,-8,0
5009971,-62,2
5010379,-16,C
5013658,-53,0
5003263,-46,C
5011584,-9,0
5011486,-7,0
5008459,-46,0
5006060,-33,0
5003069,-86,C
5013322,-64,0
5002355,-31,0
5002510,-14,0
5000017,-11,C
5007184,-35,1
5003060,-63,C
5006038,-87,C
5006071,-76,C
5002769,0,0
5009897,-69,X
5003165,-86,C
5006651,-32,0
5011842,-45,1
5010553,-29,C
5007616,-36,0
5003309,-88,0
5014641,-59,C
5008430,-27,2
5010999,-56,C
5004818,-73,0
5001698,-10,0
5004539,-79,C
5010222,-56,1
5004268,-65,1
5005451,-50,X
5008892,-24,C
5005566,-6,C
5004850,-92,X
5013996,-89,0
5001427,-36,X
5004327,-79,0
5013417,-87,C
5005366,-25,1
5009869,-87,0
5012611,-79,C
5008966,-60,C
5004755,-41,1
5013601,0,X
5006855,-90,C
5014750,-1,0
5013445,-6,1
5010644,-67,0
5002357,0,1
5011054,-3,1
5004628,-47,0
5004472,-1,0
5011050,-60,0
5013583,-6,C
5009912,-68,C
5012200,-69,C
5003533,-14,C
5008594,-75,C
5009796,-71,1
5004917,-21,C
5012140,-82,C
5005123,-15,1
5005054,-41,C
5005125,-46,0
5014915,-5,0
5011025,-70,C
5013156,-28,1
5002591,-59,1
5001155,-13,0
5002791,-17,1
5012709,-73,0
5009279,-47,1
5005890,-84,C
5002258,-13,C
5000759,-54,0
5014336,-33,0
5010017,-62,0
5010171,-44,0
5013275,-23,0
5013027,-6,0
5000411,-54,C
5014132,-68,1
5005106,-44,2
5008317,-71,C
5004580,-75,C
5012206,-53,1
5007109,-45,0
5009233,-88,1
5003233,-26,1
5013852,-34,C
5009573,-20,C
5007473,-80,C
5006492,-94,X
5005731,-79,C
5010827,-68,0
5014497,-91,2
5001819,-73,0
5012843,-93,2
5001441,-1,C
5011029,-69,2
5002011,-69,C
5012418,-26,0
5006263,-60,0
5008304,-45,C
5010743,0,0
5009343,-76,C
5002750,-5,0
5003200,-94,0
5010032,-71,X
5008382,-17,C
5004656,-24,X
5001951,-46,0
5008989,-47,C
5011084,-48,0
5012151,-42,C
5014212,-88,0
5008752,-9,1
5013937,-53,0
5012730,-73,0
5001791,-53,C
5000053,-93,0
5014459,-66,X
5001565,-22,C
5003331,-92,1
5013382,-86,1
5014710,-72,0
5012308,-67,C
5009772,-37,1
5008800,-42,0
5004040,-63,C
5009425,-34,C
5012705,-71,0
5010616,-71,1
5011296,-33,C
5012831,-29,0
5014601,-80,0
5012265,-11,C
5009583,-31,0
5011003,-7,C
5000789,-19,C
5007622,-61,1
5013431,-35,0
5004860,-62,C
5001228,-87,C
5005806,-12,C
5009324,-6,C
5002484,-56,0
5013046,-65,0
5005514,-39,X
5003316,-19,0
5010101,-91,C
5012097,-47,C
5012254,-42,1
5009422,-18,0
5014418,-35,C
5003822,-77,X
5005842,-86,0
5012174,-16,0
5012101,-44,2
5000729,-34,0
5005427,-6,X
5014938,-35,C
5001998,-26,0
5014651,-37,0
5000496,-82,0
5006164,-32,C
5012762,-63,0
5001767,-40,0
5010436,-49,0
5014441,-36,C
5002414,-61,C
5007667,-38,1
5007759,-73,0
5002407,-73,C
5012440,-72,C
5001780,-13,C
5000375,-93,1
5000394,-3,0
5006088,-65,0
5009463,-56,0
5003598,-65,C
5009209,-41,0
5003101,-5,0
5011859,-31,0
5005448,-63,C
5014367,-43,C
5006355,0,1
5008985,-33,0
5002104,-40,C
5005078,-85,C
5006822,-2,0
5012596,-77,C
5013121,-42,1
5008871,-6,1
5000750,-18,C
5004458,-67,0
5005132,-2,C
5011081,-30,0
5001764,-82,C
5002853,-49,C
5002820,-46,C
5014508,-85,0
5008323,-15,C
5010781,-86,0
5006445,-60,X
5002842,-17,C
5007852,-40,C
5008957,-9,X
5003311,-32,1
5010723,-55,0
5000730,-89,0
5004834,-61,0
5006241,-31,0
5009778,-51,0
5010067,-65,C
5002480,-55,C
5000425,-15,C
5010457,-11,0
5001039,-14,0
5014354,-4,2
5004914,-78,0
5013657,-46,X
5010005,-32,0
5007917,-43,C
5009782,-91,0
5005237,-1,1
5002290,-22,0
5000455,-62,0
5010962,-56,0
5006344,-4,C
5002948,-84,C
5012709,-22,1
5010731,-86,1
5013162,-40,0
5014845,-80,1
5002629,-23,X
5008630,-63,0
5014243,0,0
5009013,-59,0
5014144,-9,0
5002441,-49,C
5002594,-75,C
5010212,-3,C
5003465,-23,C
5008238,-44,1
5002891,-62,C
5003452,-63,C
5003014,-24,C
5010173,-13,0
5013104,-3,X
5001870,-3,1
5004381,-34,C
5000625,-19,0
5005160,-60,0
5003193,-10,C
5003238,-7,0
5011818,-44,C
5006182,-29,C
5007489,-32,0
5010810,-31,0
5010713,-55,C
5014662,-10,0
5005782,-81,0
5011467,-92,C
5011931,-71,0
5007513,-30,0
5000381,-21,C
5008961,-61,0
5013854,-62,0
5004449,-60,C
5002297,-92,1
5008709,-61,1
5010472,-6,2
5005041,-16,1
5011010,-42,0
5002760,-38,1
5011929,-8,X
5001226,-67,C
5006721,-75,0
5003348,-14,C
5008217,-91,0
5011664,-59,0
5001131,-3,C
5007609,-15,1
5013009,-48,C
5009734,-67,C
5013898,-37,0
5004037,-60,X
5002625,-17,1
5012685,-44,C
5008766,0,C
5012914,-2,0
5004753,-43,0
5000762,-77,0
5005634,-73,0
5003734,-32,0
5010626,-36,0
5002622,-72,0
5002950,-9,C
5004206,-20,0
5003889,-67,0
5009536,-83,C
5001828,-76,1
5008505,-41,C
5014536,-43,C
5012655,-41,0
5004903,-17,C
5000253,-94,C
5010612,-31,2
5008148,-15,0
5002437,-55,2
5000828,-82,C
5010588,-18,C
5002226,-14,C
5013758,-60,C
5011471,-71,0
5011808,-54,X
5006987,-79,0
5004762,-8,0
5002817,-3,C
5004502,-60,0
5011589,-30,C
5007116,-72,1
5000656,-78,X
5002715,-36,0
5013707,-59,0
5013469,-12,0
5008262,-35,C
5005649,-91,0
5011003,-61,1
5002444,-19,0
5000893,-5,C
5003864,-78,C
5009190,-81,C
5013184,-58,1
5009836,-66,0
5010157,-11,0
5012105,-42,1
5008762,-69,C
5007127,-64,C
5008833,-32,C
5008477,-15,0
5004881,-69,C
5004888,-35,0
5002369,-50,C
5003961,-37,C
5008066,-60,0
5014056,-13,2
5001055,-61,C
5000139,-65,2
5006586,-16,C
5003179,-55,0
5014115,-67,1
5009610,-33,C
5000839,-35,C
5000791,-62,X
5006452,-20,0
5010658,-23,0
5006884,-75,0
5010435,-6,C
5008287,-93,C
5013849,-20,0
5001650,-22,C
5003753,-38,0
5009943,-44,1
5005904,-22,0
5014600,-1,0
5014976,-15,C
5005128,-41,1
5003157,-22,C
5010032,-5,0
5012589,-14,C
5012887,-36,2
5002347,-46,0
5005087,-63,C
5005012,-17,C
5010262,-54,C
5012675,-4,C
5001619,-73,C
5012787,-65,1
5013059,-8,C
5005200,-81,2
5011479,-39,C
5002849,-12,0
5005660,-1,0
5004770,-13,C
5009615,-33,0
5009376,-10,C
5011630,-46,C
5008440,-55,1
5010401,-19,0
5003464,-29,1
5010242,-33,0
5004532,-52,0
5001719,-48,C
5013748,-36,0
5004513,-10,1
5009934,-28,0
5009991,-57,C
5009482,-84,1
5002325,-93,1
5008301,-80,X
5000356,-87,C
5004262,-49,2
5011966,-60,1
5008046,-4,X
5008411,-71,C
5006953,-4,0
5006975,-57,X
5007376,-85,C
5002163,-76,C
5009881,-71,C
5010701,-34,0
5004481,-1,C
5013729,-52,1
5001219,-10,0
5004037,-28,C
5002907,-83,0
5000383,-26,0
5013361,-24,0
5007018,-39,0
5000606,-89,0
5003161,-51,C
5004576,-68,X
5014462,-89,C
5014606,-9,C
5011670,-23,X
5006078,-95,C
5010655,-54,C
5014039,-25,0
5002975,-54,X
5006641,-46,2
5007632,-6,C
5003485,-74,0
5012309,-41,C
5004329,-42,C
5002282,-28,0
5013920,-45,X
5008436,-77,2
5013173,-73,C
5014409,-31,0
5010076,-15,0
5011502,-81,0
5012614,-41,1
5009742,-41,C
5005331,-58,X
5004311,-77,2
5002931,-67,0
5001699,-81,0
5002732,-31,0
5001291,-30,C
5004988,-7,0
5005256,-26,0
5001574,-17,0
5006057,-6,0
5001508,-21,X
5006517,-69,0
5000307,-26,C
5001851,-8,C
5012839,-85,0
5013318,-82,C
5008473,-90,0
5006764,-88,C
5004645,-30,0
5003775,-10,0
5011520,-32,C
5002297,-33,0
5014787,-46,1
5001072,-33,C
5013001,-17,C
5007895,-38,C
5004687,-81,0
5001461,-3,0
5004767,-91,C
5003624,-88,0
5000190,-7,C
5007254,-88,C
5005721,-82,C
5003708,-23,C
5008937,-55,0
5002565,-45,C
5012796,-91,1
5001642,-49,0
5008014,-75,C
5001198,-19,X
5010735,-57,C
5012237,-68,1
5006596,-16,C
5011438,-36,C
5001154,-37,C
5010590,-75,1
5005755,0,X
5008135,-86,C
5014672,-1,C
5014503,-63,1
5009740,-34,0
5010777,-16,0
5010361,-28,C
5011611,-95,C
5014666,-11,0
5007747,-56,0
5007024,-7,C
5008902,-11,0
5001456,-46,0
5012398,-64,X
5013797,-47,0
5007780,-9,0
5008873,-25,0
5004959,-3,2
5005627,-69,0
5001496,-27,C
5005148,-9,C
5008571,-78,C
5014710,-80,1
5012960,-81,0
5000824,-59,C
5010222,-69,0
5010635,-43,X
5013454,-58,0
5002522,-82,1
5006563,-74,C
5005630,-28,1
5002357,-18,C
5004003,-26,C
5008928,-73,0
5008917,-3,C
5010568,-5,C
5009642,-66,C
5012326,-66,C
5008248,-53,C
5001121,-40,0
5003105,-9,0
5004821,-14,0
5012281,-56,0
5009560,-79,C
5011343,-49,0
5014845,-85,0
5006516,-24,0
5008829,-1,0
5013526,-44,C
5009148,-6,C
5002856,-36,X
5001118,-76,0
5009705,-54,C
5008794,-71,C
5007923,-36,C
5006403,-93,1
5002777,-92,0
5014590,-68,0
5012370,-5,C
5012870,-78,1
5014581,-94,1
5006147,-72,C
5001924,-67,0
5014236,-76,0
5004752,-46,2
5010189,-79,0
5003645,-76,C
5004799,-54,1
5005077,-37,C
5013421,-79,0
5005380,-6,0
5000212,-89,0
5012162,-59,0
5002032,-91,2
5003473,-55,C
5013799,-84,0
5013183,-52,0
5001834,-31,0
5008820,-15,0
5003806,-25,C
5005047,-42,0
5007458,-23,1
5014166,-23,0
5008556,-6,C
5003713,-46,1
5008462,-51,C
5010085,-89,C
5012219,-75,0
5011170,-34,0
5007331,-62,0
5002010,-1,C
5005542,-47,X
5005500,-35,1
5002661,-62,C
5005716,-22,0
5012702,-13,C
5002272,-68,1
5002807,-64,X
5009502,-21,C
5004731,-89,0
5011250,-86,0
5005995,-4,X
5012305,-21,0
5004288,-34,C
5000876,-85,0
5000201,-18,2
5004937,-71,0
5000116,-5,0
5013081,-29,0
5014319,-67,1
5007871,-45,C
5011170,-50,0
5008828,-92,C
5006687,-73,C
5012389,-57,0
5005572,-5,C
5007615,-78,0
5006359,-92,C
5012884,-30,1
5000106,-5,X
5012511,-80,C
5007615,-15,C
5004392,-28,0
5010072,-30,0
5006509,0,C
5014069,-25,C
5013104,-81,0
5004915,0,0
5013918,-50,0
5009468,-70,C
5011689,-88,C
5014108,-84,C
5006013,-38,C
5004380,-92,C
5014499,-5,1
5003306,-3,1
5001961,-21,C
5013247,-95,0
5008885,-93,C
5002186,-60,C
5006207,-57,C
5002064,-3,0
5007796,-39,0
5009157,-88,C
5002923,-56,2
5012286,-38,C
5006560,-34,2
5006295,-95,1
5010681,-85,X
5005519,-54,0
5010800,-54,C
5009018,-44,0
5006531,-50,C
5000767,-19,0
5014843,-66,0
5005825,-49,1
5007532,-38,C
5003359,-72,0
5002481,-72,0
5010134,-63,2
5013059,-91,C
5002431,-48,0
5006593,-88,C
5003613,-72,0
5008831,-44,0
5004979,-86,C
5006623,-45,0
5012837,-72,0
5007349,-44,0
5010798,-26,0
5009616,-22,1
5009352,-90,C
5004941,-48,2
5014772,-20,C
5006492,-1,0
5011061,-15,0
5011259,-75,0
5003250,-13,0
5006011,-7,C
5014444,-25,C
5004849,-55,C
5011334,-58,0
5006327,-25,0
5001381,-74,C
5010230,-6,0
5009802,-85,1
5008124,-46,0
5005177,-7,C
5010550,-89,0
5005884,-7,C
5010915,-35,C
5013184,-51,C
5013714,-75,0
5008594,-61,C
5011417,-20,C
5008440,-38,C
5001183,-11,C
5014111,-7,0
5001145,-8,X
5009128,-62,0
5014062,-28,C
5011642,-40,C
5002913,-6,X
5003126,-76,1
5007314,-27,0
5006127,-92,0
5004376,-50,C
5004780,-10,0
5011788,-86,C
5005478,-59,0
5011351,-64,0
5013109,-3,1
5001570,-27,C
5009872,-64,C
5001612,-81,1
5008049,-46,1
5013756,-43,C
5006146,-18,C
5012133,-26,C
5014872,-70,C
5002674,-35,X
5008934,-8,2
5001047,-12,1
5008781,-47,C
5002635,-4,0
5000383,-86,0
5003297,-28,0
5005804,-73,C
5002319,-87,0
5011932,-63,0
5006370,-76,C
5005607,-93,1
5003829,-81,0
5014314,-53,C
5011481,-13,X
5007388,-41,X
5010445,-92,0
5009521,-62,2
5008976,-8,0
5002119,-75,0
5004619,-69,C
5007467,-62,2
5004178,-18,C
5008598,-80,C
5000550,-18,0
5003031,-77,C
5013875,-93,0
5008666,-40,C
5009298,-51,0
5013558,-17,1
5010890,-24,C
5010603,-54,C
5003916,0,0
5005805,-49,1
5000545,-75,C
5000800,-41,C
5009585,-88,1
5005096,-34,C
5003133,-2,0
5001959,-54,C
5001875,-34,C
5012012,-25,X
5011684,-46,C
5014360,-49,1
5003958,-73,0
5010414,-89,C
5008434,-60,C
5008485,-60,0
5009201,-11,C
5011683,-48,0
5011004,-86,X
5013841,-80,0
5014810,-43,0
5006162,-45,C
5004680,-76,0
5006661,-12,C
5010633,-76,C
5013490,-74,0
5002475,-72,0
5005555,-18,0
5013605,-35,0
5012741,-13,0
5013476,-52,0
5009923,-76,C
5000701,-72,C
5005993,0,0
5001735,-48,C
5004047,-65,C
5014346,-55,C
5006518,-53,0
5002392,-45,1
5001761,-5,1
5004068,-61,0
5012575,-66,0
5007109,-93,0
5008840,-82,C
5008448,-40,0
5010698,-64,1
5001094,-65,0
5006198,-21,0
5012993,-66,1
5001285,-65,X
5004299,-29,C
5009764,-56,C
5001915,-70,C
5004992,-18,0
5002718,-64,0
5009318,-32,C
5006988,-28,2
5008378,-71,C
5007744,-71,2
5007263,-89,0
5000479,-18,0
5010732,-81,1
5005757,-49,0
5002958,-88,0
5002931,-74,C
5001686,-80,1
5011608,-8,0
5007095,-49,C
5002401,-60,C
5001125,-35,C
5001065,-62,0
5005785,-81,0
5005000,-73,0
5011943,-1,0
5008959,-11,C
5009960,-78,0
5009563,-87,C
5007200,-24,0
5007267,-20,2
5010660,-74,0
5010520,-80,0
5012623,-24,0
5000492,-73,X
5001606,-67,0
5000123,-80,C
5005313,-23,0
5008976,-48,C
5011134,-34,C
5000774,-1,0
5014454,-68,C
5009974,-33,0
5000874,-56,0
5006347,-34,C
5005479,-84,C
5007941,-34,C
5007445,0,C
5010225,-82,C
5006988,-51,C
5006393,-31,0
5012845,-57,0
5000405,-18,C
5011676,-69,1
5007204,-52,C
5000690,-74,0
5002885,-92,0
5010198,-18,C
5005395,-62,0
5008040,-28,0
5001674,-72,C
5014110,-68,1
5012478,-62,2
5004444,-29,0
5013157,-83,C
5003464,-55,C
5008142,-6,0
5014184,-47,0
5014518,-44,0
5014617,-40,0
5014656,-52,C
5010631,-19,0
5008811,-43,0
5005534,-52,0
5001529,-84,C
5001671,-5,0
5004746,-34,C
5012553,-92,0
5007934,-73,C
5014179,-80,C
5005354,-57,0
5004623,-92,2
5014926,-30,0
5014669,-6,2
5002383,-29,0
5004605,-34,1
5006039,-58,1
5010363,-62,0
5013230,-39,0
5005518,-36,C
5006351,-1,0
5009500,-78,0
5012293,-34,0
5010862,-69,C
5000998,-49,0
5013025,-28,2
5003309,-77,0
5010491,-4,X
5009698,-14,C
5005256,-33,0
5008166,-49,C
5005755,-75,X
5011328,-59,C
5010073,-38,0
5007998,-22,0
5004907,-66,C
5011934,-79,0
5006348,-61,0
5005654,-25,0
5011047,-50,1
5010336,-63,C
5001679,-82,0
5000174,-58,0
5013592,-77,C
5011630,-55,0
5011283,-51,C
5002973,-44,C
5007141,-4,C
5010268,-84,C
5014996,-55,C
5009257,-61,C
5008295,-17,C
5013456,-80,C
5012542,-29,C
5002423,-56,C
5008866,-25,1
5006686,-63,C
5010301,-51,0
5005796,-51,C
5000606,-20,C
5006147,-17,0
5013519,-66,C
5003797,-48,C
5008810,-68,C
5014073,-39,C
5005442,-4,C
5013490,-24,C
5007750,-95,1
5005051,-18,0
5002931,-66,0
5010895,-14,C
5004365,-30,C
5009213,-51,C
5010595,-34,0
5007229,-42,0
5004376,-73,0
5009103,-59,X
5001458,-84,0
5004406,-53,C
5013544,-57,C
5009177,-90,0
5002240,-12,0
5012691,-2,C
5005084,-1,0
5008641,-68,0
5014480,-78,0
5008215,-22,2
5009202,-12,0
5002333,-10,C
5012595,-50,0
5004321,-53,C
5004119,-52,C
5003318,-4,C
5013668,-36,C
5003403,-74,C
5013121,-80,1
5013163,-13,C
5011961,-12,C
5008207,-37,0
5002651,-92,0
5005955,-39,0
5010594,-41,C
5000040,-22,1
5004806,-80,C
5004333,-48,C
5000516,-82,0
5014411,-85,0
5009235,-95,1
5001028,-95,C
5007545,-22,X
5009838,-67,0
5012784,-59,C
5009590,-90,C
5004952,-47,C
5013627,-6,0
5007625,-23,C
5010397,-57,C
5007645,-2,0
5014755,-53,0
5008724,-79,C
5012721,-79,C
5000360,-92,0
5005995,-36,X
5004433,-65,0
5011501,-74,C
5008514,-95,0
5000389,-95,2
5009920,-7,X
5002932,-16,0
5012661,-63,0
5013539,-39,C
5006361,-73,C
5002723,-40,0
5005107,-43,0
5011230,-40,X
5014522,-92,2
5012825,-37,C
5014680,-37,C
5013452,-76,1
5001960,-30,C
5006114,-48,0
5003357,-75,0
5002662,-22,X
5013844,-89,0
5010741,0,2
5004819,-79,0
5014632,-69,0
5009220,-29,0
5007026,-12,0
5008411,-80,0
5007322,-43,C
5003245,-30,0
5003686,-70,X
5004426,-74,0
5006399,-32,0
5007135,-82,C
5005856,-8,0
5004171,-6,C
5000094,-90,0
5014269,-41,0
5012756,-84,C
5011863,-38,C
5007180,-94,C
5005024,-23,0
5001904,-77,0
5004169,-51,C
5011540,-36,0
5008846,-75,0
5012034,-63,1
5008928,-74,X
5006378,-64,C
5013592,-22,2
5010225,-90,0
5008904,-46,0
5005744,-54,0
5010881,-65,0
5011861,-71,C
5000977,-13,0
5010493,-51,2
5008651,-11,0
5013760,-79,C
5002517,-53,0
5005190,-7,0
5014181,-86,C
5014514,-55,2
5001625,-59,C
5012443,-38,C
5014337,-79,0
5002079,-1,0
5005233,-78,1
5003912,-63,C
5002585,-10,C
5008521,-69,C
5012968,-64,0
5004918,-35,0
5002821,-62,0
5001511,-88,0
5005071,-62,C
5002856,-14,C
5004591,-61,C
5010661,-55,C
5010893,-22,X
5000172,-42,C
5006783,-30,2
5012725,-2,0
5013813,-78,1
5009657,-35,C
5013862,-74,C
5007938,-68,C
5013623,-91,C
5011565,-63,0
5009810,-66,0
5014774,-47,C
5013492,-43,0
5007476,-71,C
5003147,-63,0
5006062,-83,0
5014760,-73,C
5012130,-47,C
5005959,-52,0
5012489,-83,0
5003870,-82,C
5010913,-37,C
5001031,-42,0
5007573,-50,0
5011365,-49,0
5014819,-13,1
5007959,-7,C
5001144,-81,X
5002451,-82,C
5004720,-79,C
5007342,-13,0
5011276,-2,0
5000790,-36,0
5006231,-23,C
5005772,-74,0
5006175,-33,C
5003355,-28,1
5012768,-35,0
5005655,-86,C
5014806,-15,0
5005048,-75,C
5012209,-78,C
5003883,-63,C
5008973,-34,0
5011510,-49,C
5002152,-38,C
5011583,-87,X
5013325,-12,0
5005108,-71,0
5012791,-90,0
5004635,-59,C
5005569,-27,C
5011043,-70,C
5008849,-94,0
5012441,-67,C
5011733,-49,C
5008076,-75,0
5013543,-54,0
5000684,-67,C
5012395,-2,0
5009654,-53,C
5001002,-54,C
5008219,-21,0
5002368,-5,0
5004523,-75,0
5000932,-2,1
5003870,-8,0
5006442,-28,0
5004053,-32,C
5000412,-53,0
5014803,-67,0
5009022,-88,0
5005848,-34,0
5009774,-35,X
5004756,-71,2
5008206,-33,C
5001878,-42,0
5007869,-28,0
5004495,-33,C
5002598,-55,0
5012233,-22,0
5007352,-64,0
5003036,-1,C
5008362,-85,2
5006478,-79,0
5007959,-77,C
5011209,-68,C
5006594,-11,0
5004405,-65,C
5010721,-51,C
5013862,-46,C
5000696,-33,1
5001305,-60,C
5008150,-53,0
5001896,-81,1
5010574,-69,C
5006512,-75,0
5005902,-27,0
5007330,-62,0
5002589,-70,C
5000109,-55,0
5009131,-42,0
5010805,-37,C
5005376,-8,0
5006805,-45,X
5003791,-19,0
5009160,-11,0
5001604,-80,C
5012777,-35,C
5009864,0,1
5012481,-47,2
5009125,-76,C
5008079,-21,0
5004470,-56,C
5010115,-50,C
5004821,-73,0
5010546,-62,C
5005761,-17,C
5003201,-74,0
5001652,-49,0
5008533,-58,0
5009796,-7,0
5008900,-62,2
5014263,-34,C
5013608,-26,C
5010230,-78,C
5002207,-65,1
5001922,-68,1
5005647,-80,C
5014241,-10,0
5003148,-32,0
5002723,-37,C
5005299,-23,1
5010214,-36,1
5004583,-48,0
5011015,-69,C
5005775,-30,0
5003349,-10,C
5001939,-1,C
5008050,-29,C
5009643,-33,2
5000474,-85,0
5013558,0,C
5009650,-2,C
5007992,-47,0
5000944,-70,2
5000758,-40,C
5010576,-22,1
5003782,-10,0
5006595,-3,0
5013645,-64,C
5009071,-15,C
5012834,-41,0
5008205,-47,0
5004622,-37,C
5000737,-8,C
5008583,-11,C
5009469,-49,0
5012443,-8,0
5011263,-16,0
5008550,-59,C
5003665,-57,0
5003956,-81,C
5000690,-89,C
5004052,-87,C
5000138,-81,X
5013586,-71,0
5011033,-60,C
5009213,-88,C
5004738,-14,C
5013690,-39,0
5011977,-60,C
5000593,-84,C
5012719,-25,C
5007513,-8,0
5014752,-66,C
5012134,-61,C
5011560,-72,0
5013721,-27,1
5005022,-6,0
5007793,-75,0
5012643,-12,1
5005371,-88,0
5008369,-27,0
5002921,-42,C
5008514,-40,1
5008511,-35,0
5008025,-94,1
5004127,-16,1
5000431,-24,1
5001995,-25,C
5006918,-58,0
5011627,-65,2
5000987,-82,X
5006599,-34,1
5008633,-7,X
5000099,-45,2
5014274,-85,0
5005045,-19,C
5000158,-48,2
5013193,-28,0
5009327,-72,0
5010386,-73,2
5011530,-10,0
5011472,-41,0
5001098,-43,C
5005620,-8,C
5002287,-23,1
5006917,-15,0
5011771,-57,X
5006301,-42,0
5012536,-27,C
5001808,-67,C
5011431,-56,C
5010106,-43,0
5005753,-93,0
5012960,-49,C
5004743,-36,C
5001993,-30,2
5012135,-43,C
5003578,-17,0
5008995,-49,C
5008495,-26,0
5002551,-49,0
5003575,-9,1
5009644,-24,0
5000889,-53,1
5009922,-42,C
5006188,-30,C
5009419,-37,0
5008596,-83,X
5003331,-19,0
5007706,-20,X
5014575,-90,2
5009990,-29,C
5013266,-62,C
5001396,-88,C
5007981,-70,0
5007701,-26,C
5009325,-82,1
5011473,0,2
5004616,-74,C
5008376,-70,0
5013843,-76,C
5011567,-28,2
5014881,-68,0
5012150,-11,C
5013207,-44,C
5004494,-58,C
5006864,-81,C
5014541,-4,0
5000404,-29,C
5000114,-39,0
5007588,-73,C
5012705,-15,X
5011519,-68,0
5009053,-50,C
5013759,-92,0
5001952,-29,C
5009621,-60,C
5004663,-2,C
5010189,-22,1
5007372,0,0
5004447,-83,C
5002031,-30,C
5006276,-68,C
5007477,-26,1
5007396,-26,0
5013275,-78,1
5009911,-65,0
5004293,-45,X
5005897,-45,0
5006781,-14,0
5005113,-22,C
5011366,-87,0
5010917,-70,2
5014034,-26,1
5005414,-76,0
5005347,-23,C
5008819,-68,0
5012202,-22,C
5013527,-35,0
5012314,-94,C
5009846,-66,0
5008488,-68,0
5012214,-14,0
5000166,-37,1
5009248,-26,X
5008707,-7,1
5013332,-68,0
5006702,-17,C
5005924,-81,C
5006974,-60,C
5005824,-27,0
5004739,-13,0
5011866,-42,1
5008375,-72,1
5012307,-45,0
5014739,-40,C
5007101,-3,C
5003174,-65,C
5009944,-31,0
5011018,-87,C
5004938,-26,0
5010166,-20,2
5003873,-66,0
5004071,-58,0
5013996,-41,1
5000558,-74,0
5004437,-61,1
5007428,-1,C
5008342,-88,C
5010529,-76,C
5008197,-87,C
5014315,-7,2
5013376,-38,0
5002772,-41,0
5004399,-62,X
5014330,-88,C
5013531,-51,2
5013341,-40,0
5002801,-68,C
5007575,-37,C
5003905,-53,0
5013722,-63,X
5005879,-10,C
5000643,-7,0
5014888,-81,1
5014595,-9,1
5005929,-15,C
5008831,-71,0
5010506,-87,1
5009521,-15,0
5009549,-24,0
5006378,-74,C
5011123,-80,0
5006700,-7,X
5007736,-17,C
5011089,-49,X
5009563,-62,1
5014510,-77,0
5003105,-31,0
5003990,-93,0
5000198,-63,0
5007718,-53,C
5001982,-47,0
5002148,-63,X
5009474,-91,2
5006081,-79,C
5001405,-18,1
5003361,-46,0
5009787,-74,1
5011403,-24,0
5007476,-47,0
5001807,-78,0
5002804,-8,0
5008333,-83,0
5006253,-58,0
5008854,-3,0
5001985,-8,1
5001764,-22,C
5004920,-89,C
5014065,-3,0
5008607,-41,C
5010928,-54,1
5003596,-40,C
5005207,-4,0
5004543,-8,0
5002537,-18,1
5007968,-18,C
5011195,-69,C
5004699,-7,0
5008141,-40,C
5001399,-20,C
5002835,-31,0
5011235,-35,1
5004654,-33,0
5010048,-5,0
5012285,-10,0
5007983,-50,X
5005699,-6,C
5008140,-71,C
5006110,-52,0
5005529,-84,0
5005286,-48,C
5006587,-54,2
5000574,-95,0
5000329,-95,C
5006929,-41,C
5009309,-21,C
5013805,-68,0
5014315,-43,0
5012091,-31,C
5005192,-29,0
5001158,0,1
5009859,-30,1
5009010,-89,C
5009135,-50,0
5006905,-6,C
5008627,-53,0
5007797,-42,C
5012191,-79,1
5010411,-65,C
5006302,-42,C
5012295,-52,C
5006601,-67,0
5005497,-4,0
5004968,0,1
5000922,-87,0
5006946,-13,C
5003027,-86,0
5004002,-12,0
5012716,-20,0
5012655,-40,X
5003504,-35,0
5009553,-78,X
5014965,-43,0
5006191,-54,0
5005026,-93,0
5012901,-64,0
5003965,-1,C
5001458,-34,C
5000993,-27,0
5012649,-87,C
5005755,-13,C
5010635,-41,C
5009583,-27,0
5011757,-14,0
5012836,-26,C
5009972,-61,C
5007096,-71,0
5004203,-78,0
5007298,-58,0
5005340,-57,0
5001411,-33,0
5002025,-63,C
5005776,-52,0
5003882,-17,C
5010720,-35,C
5014322,-58,1
5005635,-22,0
5005743,-75,0
5003451,-65,1
5010928,-76,2
5009280,-15,0
5003885,-16,C
5000605,-8,0
5005826,-26,0
5003863,-66,0
5008399,-42,0
5010234,-77,0
5011630,-56,X
5004908,-37,C
5007848,-49,C
5003691,-26,0
5009535,-3,1
5005938,-29,0
5006880,-7,2
5007595,-67,C
5011344,-17,0
5000502,-35,2
5005350,-3,0
5011417,-56,0
5002496,-89,2
5003492,-28,C
5000373,-36,2
5007653,-55,0
5001390,-2,0
5013140,-94,C
5000647,-7,1
5003375,-74,0
5013402,-74,C
5000284,-48,0
5012609,-62,0
5000720,-9,C
5001472,-33,C
5005221,-19,0
5014870,-66,C
5005593,-10,0
5011424,-75,1
5000833,-90,0
5010370,-50,0
5002033,-57,0
5004222,-72,0
5011633,-41,0
5011309,-92,C
5004765,-2,C
5008611,-64,C
5002369,-78,0
5009595,-50,1
5006051,-50,0
5014142,-66,C
5001202,-89,C
5007644,-61,0
5005132,-44,0
5012469,-49,2
5005022,-66,0
5008283,-60,C
5014766,-16,C
5006586,-89,X
5010782,-84,0
5001097,-21,C
5006133,-84,C
5002707,-2,0
5003604,-2,0
5009143,-16,C
5007563,-64,C
5006736,-79,2
5005162,-88,0
5007151,-67,X
5009384,-58,0
5012172,-77,0
5001257,-15,0
5002809,-81,C
5008725,-7,0
5004393,-65,0
5009801,-56,0
5008934,-90,C
5013270,-65,C
5014874,-67,0
5010167,-16,X
5000284,-14,0
5001192,-32,X
5008784,-35,0
5014522,-36,C
5008802,-61,X
5003209,-35,0
5012675,-38,0
5006076,-56,C
5000649,-14,0
5013452,-45,C
5013494,-14,1
5013317,-46,0
5004080,-19,0
5014519,-86,C
5010188,-62,C
5014025,-87,C
5006607,-85,0
5007617,-65,C
5014796,0,0
5002250,-45,X
5003393,-3,C
5010654,-77,X
5007393,-79,0
5012219,-33,C
5011733,-90,C
5011863,-16,C
5000546,-92,C
5006881,-52,C
5004430,-67,C
5006576,-95,C
5004677,-90,C
5014391,-60,C
5001400,-54,1
5008533,-59,1
5008318,-17,0
5011360,-47,C
5001754,-24,0
5001364,-93,0
5000254,-71,0
5004310,-83,0
5008964,-53,2
5009352,-9,0
5013044,-61,C
5013620,-22,0
5002482,-78,0
5002216,-13,0
5003616,0,2
5004628,-77,C
5001296,-67,C
5013623,-60,0
5006762,-11,1
5006741,-6,C
5003191,-48,C
5014291,-64,C
5010251,-56,C
5002588,-31,0
5013231,-56,C
5004755,-94,0
5009634,-63,C
5004465,-16,C
5003540,-76,X
5011846,-58,2
5014053,-37,C
5010647,-6,0
5006781,-46,C
5000051,-20,0
5012353,-68,C
5008763,-35,2
5004343,-78,0
5002845,-81,1
5004093,-22,C
5014496,-26,C
5004030,-75,C
5002956,-36,C
5004723,-42,0
5001902,-51,1
5008489,-36,C
5007919,-94,1
5003121,-7,0
5001081,-87,0
5000912,-56,C
5009779,-72,X
5000922,-3,C
5001302,-51,C
5011800,-74,0
5000252,-6,C
5012171,-54,C
5004683,-77,C
5003247,-22,0
5010497,-44,C
5002383,0,0
5002578,-4,C
5007002,-88,C
5004533,-88,0
5006762,-70,C
5000205,-95,0
5001876,-26,C
5009978,-85,0
5001729,-74,C
5007835,-48,C
5005007,-29,2
5006957,-90,C
5006316,-77,C
5014492,-89,0
5010311,-63,C
5010331,-32,0
5007597,-87,C
5014944,-18,0
5014434,-94,C
5009463,-20,1
5004824,-4,0
5012484,-73,C
5010677,-89,1
5001980,-64,1
5008622,-85,2
5004961,-7,X
5001915,-52,0
5013741,-95,C
5004837,-13,0
5003529,-82,C
5014585,-28,C
5009662,-22,C
5006182,-38,1
5002487,-47,0
5002783,-67,0
5007385,-67,0
5006327,-59,0
5005228,-18,0
5013264,-65,0
5007603,-91,0
5005721,-84,0
5009895,-39,C
5013113,-35,1
5011683,-17,1
5004948,-93,C
5009733,-52,C
5000711,-74,0
5000636,-5,0
5007379,-71,0
5004668,-62,2
5008757,0,C
5003124,-86,0
5004699,-30,0
5001762,-49,C
5000819,-23,X
5007567,-37,X
5005807,-45,X
5004192,-1,C
5011461,-23,C
5002756,-75,1
5003521,-33,C
5013017,-75,C
5003358,-44,0
5005048,-58,1
5003436,-89,0
5003999,-89,2
5009857,-64,0
5010687,-94,C
5006278,-64,X
5009247,-3,0
5014492,-81,C
5014652,-84,X
5000697,-57,C
5001980,0,C
5008131,-67,C
5002213,-68,0
5008353,-72,C
5014552,-2,1
5004419,-9,0
5003639,-38,2
5011820,-43,0
5005656,-92,0
5006325,-63,C
5005197,-18,C
5014092,-20,0
5010371,-51,C
5012689,-69,0
5008332,-72,C
5010588,-18,0
5012273,-84,C
5001343,-82,0
5008772,-95,C
5014025,-48,C
5001723,-47,C
5013402,-53,C
5005967,-76,X
5013484,-36,C
5010177,-81,0
5012947,-63,C
5007502,-92,2
5013298,-12,C
5005758,-75,0
5009140,-13,C
5013754,-3,0
5007595,-13,C
5012297,-56,C
5013852,-66,C
5011307,-84,1
5002462,-11,C
5004281,-22,X
5010850,-32,C
5001769,-65,0
5011502,-18,0
5005684,-40,0
5000453,-18,C
5011112,-1,1
5005598,-29,0
5014423,-94,C
5001888,-83,C
5002079,-6,0
5002646,-34,2
5008423,-37,X
5013924,-52,0
5008054,-60,0
5011441,-24,0
5006935,-79,0
5013591,-93,0
5000957,-76,0
5007089,-48,0
5014296,-85,1
5010823,-5,2
5007420,-11,0
5010930,-70,0
5000386,-38,C
5009045,-31,2
5008296,-6,C
5012625,-18,0
5014364,-12,C
5011371,-23,C
5012464,-25,0
5002441,-47,0
5002891,-78,1
5005382,-46,0
5006222,-12,2
5014989,-1,1
5008108,-47,C
5000176,-6,0
5009571,-78,1
5002334,-78,0
5004207,-73,C
5010610,-51,C
5012540,-23,1
5005453,-46,C
5010301,-91,0
5001735,-55,0
5011594,-77,C
5012110,-12,C
5005653,-63,0
5004856,-20,0
5005985,-57,C
5014449,-5,0
5002405,-74,C
5003585,-13,C
5004813,-87,0
5011149,-67,C
5014573,-6,0
5011625,-22,C
5012499,-38,C
5009934,-49,C
5003617,-16,C
5001225,-66,0
5008893,-51,0
5014735,-77,X
5013968,-73,0
5007121,-62,0
5010033,-60,C
5002952,-46,C
5012714,-64,C
5012657,-65,0
5004928,-44,0
5001203,-46,C
5001837,-93,0
5002160,-49,0
5014837,-81,C
5001453,-15,1
5000700,-10,0
5010654,-93,C
5002479,-82,0
5001546,-60,2
5009462,-90,C
5009566,-80,0
5000628,-2,0
5007437,-51,0
5003376,-61,0
5008675,-84,0
5014864,-26,0
5005834,-81,C
5002579,-82,2
5014508,-57,0
5012486,-89,0
5010262,-4,C
5001910,-39,0
5009690,-90,0
5012327,-75,0
5013633,-15,C
5013364,-87,0
5012564,-64,C
5014416,-93,0
5001106,-46,0
5002788,-62,0
5012460,-82,C
5014129,-37,0
5009201,-71,C
5004568,-4,0
5000810,-17,0
5014418,-88,C
5013964,-41,0
5011204,-38,1
5005916,-13,2
5002608,-22,1
5012956,-17,X
5002064,-88,0
5003223,-7,C
5005662,-79,C
5000836,-66,0
5012737,-22,C
5005929,-34,C
5003825,-68,0
5003446,-13,0
5006122,-82,2
5004963,-82,0
5003160,-44,0
5004953,-72,1
5002245,-39,2
5009088,-7,1
5008832,-25,C
5014226,-89,C
5002591,-26,C
5003770,-37,C
5009781,-35,1
5008119,-10,0
5000039,-81,C
5002016,-86,C
5006403,-49,X
5014580,0,0
5014025,-23,X
5006921,-89,0
5012119,-51,0
5006431,-77,C
5002910,-19,0
5000180,-25,0
5010146,-74,0
5000038,-17,0
5014703,-91,C
5007606,-71,X
5011054,-80,0
5010310,-28,1
5009239,-52,2
5011365,-44,1
5006875,-27,0
5000262,-5,X
5002859,-36,X
5013955,-38,C
5007053,-2,C
5004600,-29,C
5001624,-16,1
5002157,-76,C
5004799,-28,C
5005997,-55,1
5002304,-42,1
5008132,-5,C
5006873,-34,0
5003046,-88,C
5014039,-21,0
5001594,-23,C
5003193,-52,C
5009297,-28,C
5011474,-82,C
5002093,-33,0
5013230,-62,0
5012176,-59,0
5014851,-10,0
5008796,-34,C
5013860,-83,C
5001152,-26,0
5012037,-49,C
5014577,-20,C
5011131,-51,2
5007670,-62,C
5011518,-45,0
5014672,-46,C
5014938,-42,0
5013485,-5,0
5003872,-42,0
5008721,-36,1
5009287,-55,2
5003748,-88,C
5009635,-43,C
5002143,-48,X
5009480,-77,C
5010399,-81,C
5007973,-38,X
5009236,-1,0
5002113,-46,0
5000242,-27,1
5012359,-16,0
5001934,-16,1
5014577,-91,C
5006578,-69,2
5008333,-7,C
5005580,-26,C
5007825,-33,0
5003790,-57,C
5003039,-40,C
5005418,-6,C
5008306,-53,0
5005158,-94,C
5008334,-64,0
5014508,-85,0
5004359,-73,0
5012250,-36,C
5011485,-58,C
5008616,-40,0
5014269,-37,0
5009000,-35,0
5012903,-9,0
5005234,-16,C
5009510,-52,0
5013747,-8,0
5006101,-94,0
5011583,-27,0
5010728,-33,0
5000666,-18,0
5001353,-31,0
5001066,-18,C
5009695,-69,C
5000317,-78,C
5011912,-44,1
5006981,-65,0
5001825,-15,0
5010003,-65,C
5006817,-20,C
5008277,-18,0
5011746,-56,C
5014209,-74,0
5007874,-67,C
5001027,-46,1
5009391,-67,0
5010775,-37,C
5014103,-15,C
5007994,-41,C
5010851,-9,1
5007967,-79,C
5013600,-1,0
5006438,-2,1
5003619,-12,0
5006389,-80,0
5003413,-69,1
5012748,-70,C
5004903,-93,C
5008092,-51,C
5008657,-43,0
5010604,-15,C
5002609,-79,X
5009406,-54,0
5008514,-95,C
5011054,-15,0
5013193,-87,C
5000025,-6,C
5000060,-66,C
5008340,-83,C
5005554,-8,0
5007118,-48,C
5004272,-72,1
5007712,-92,2
5009567,-58,C
5012704,-13,0
5005313,-58,0
5011717,-26,C
5010708,-10,0
5003083,-20,C
5014998,-29,C
5009099,-53,1
5010573,-73,X
5001802,-51,X
5012486,-71,0
5004490,-37,1
5008349,-54,1
5006071,-13,C
5006523,-76,C
5006986,-8,0
5010440,-5,C
5013129,-60,2
5005931,-51,0
5002941,-63,0
5003792,-17,0
5013082,-42,C
5007215,-93,2
5000658,-81,0
5004581,-53,C
5011837,-67,C
5010412,-72,1
5011340,-62,0
5007511,-83,0
5000444,-15,0
5005427,-68,0
5002023,-53,1
5009150,-40,1
5013281,-91,X
5011016,-64,1
5003461,-22,2
5006141,-92,0
5012923,-52,C
5008717,-94,C
5008944,-59,C
5007369,-46,C
5011688,-16,C
5006130,-41,1
5012729,-2,C
5011046,-21,C
5011977,-56,0
5007089,-55,C
5001185,-95,2
5014551,-60,C
5003193,-86,C
5012769,-76,C
5000521,-62,C
5009987,-20,C
5002744,-27,1
5001458,-75,C
5013571,-20,C
5012240,-50,0
5005997,-77,0
5011618,-18,0
5006560,-18,C
5010914,-12,2
5003617,-88,0
5003029,-43,1
5007792,-88,0
5012971,-24,0
5002219,-75,0
5002496,-72,0
5012325,-70,C
5012811,-22,C
5012436,-47,1
5000933,-6,0
5012553,-35,2
5008559,-25,1
5002761,-47,2
5008742,-37,C
5014924,-79,C
5012041,-57,2
5013521,-80,1
5013286,-15,0
5003588,-45,1
5008356,-91,0
5003789,-28,X
5004075,-55,2
5010522,-52,2
5008334,-78,0
5012513,-76,0
5006876,-94,0
5005331,-12,1
5007181,-54,0
5004683,-32,1
5005439,-64,0
5008301,-15,0
5004454,-72,0
5012032,-77,X
5008988,-37,1
5001191,-9,1
5012944,-1,0
5008303,-85,0
5009855,-30,0
5004192,-34,0
5001918,-23,1
5003771,-54,0
5008573,-13,X
5000184,-3,C
5004861,-75,X
5009864,-12,0
5010336,-88,0
5008911,-58,0
5000991,-79,0
5001352,-73,0
5014982,-12,X
5003514,-93,0
5003044,-37,0
5007195,-78,0
5000454,-58,1
5007137,-92,C
5008574,-41,C
5008261,-4,C
5010334,-11,C
5007937,-68,0
5014508,-24,C
5014839,-48,0
5000071,-85,2
5012054,-77,C
5004760,-2,0
5007734,-49,C
5008857,-53,1
5009304,-23,0
5010109,-62,C
5000850,-1,C
5005906,-28,0
5009542,-73,C
5010117,-79,1
5011796,-36,X
5011241,-34,0
5006374,-1,0
5013032,-27,0
5007657,-53,2
5001533,-38,X
5010329,-60,0
5007619,-6,0
5010151,-87,0
5009067,-65,C
5010708,-90,C
5011738,-3,C
5008491,-28,1
5011396,-36,C
5007992,-32,1
5013314,-24,C
5004835,-16,C
5013749,-65,1
5011486,-44,C
5013294,-50,C
5004805,-46,0
5000844,-53,C
5005810,-94,0
5005603,-79,0
5002670,-1,0
5000823,-11,2
5000640,-34,0
5012929,-22,1
5007369,-76,C
5005676,-36,C
5003601,-56,0
5002175,-60,0
5006825,-65,0
5006204,-11,0
5002684,-67,C
5007778,-22,X
5010112,-9,C
5005591,-77,C
5004963,-47,C
5014883,-66,C
5000343,-85,C
5003538,-8,C
5012493,-81,X
5011436,-38,0
5004640,-77,C
5012615,-25,1
5009528,-74,C
5010716,-35,2
5004192,-18,C
5013642,-33,C
5010215,-53,0
5002088,-69,1
5007819,-35,C
5000154,-25,0
5011840,-86,C
5005626,-61,2
5002144,-2,0
5004038,-41,C
5002062,-17,0
5001037,-70,C
5008857,-52,C
5013951,-59,0
5001481,-38,C
5014469,-31,C
5006368,-71,C
5007912,-7,0
5011722,-27,1
5003547,-78,C
5013201,-8,0
5013178,-83,0
5006845,-25,1
5014122,-5,C
5000001,-64,C
5002528,-23,1
5011645,-63,0
5000633,-85,X
5003557,-48,C
5001661,-77,C
5003808,-91,0
5008267,-52,C
5004430,-42,C
5014570,-11,C
5014710,-20,C
5003152,-73,0
5012360,-30,0
5014883,0,C
5001893,-7,1
5012943,-15,1
5007913,0,1
5013950,-83,C
5009926,-25,C
5011017,-35,X
5005076,-57,0
5014107,-25,1
5012034,-45,0
5002064,-61,C
5005324,-95,C
5001555,-11,1
5003583,-66,0
5010644,-57,0
5006464,-41,0
5011077,-69,0
5006818,-73,0
5002776,-30,C
5014833,-69,0
5003595,-78,1
5002973,-95,C
5007485,-71,0
5013410,-21,0
5013295,-91,C
5013294,-3,C
5012524,-69,0
5000180,-15,C
5012775,-17,C
5004508,-85,2
5001123,-94,0
5006125,-72,C
5009045,-35,C
5004342,-20,0
5010555,-19,C
5012113,-46,C
5013052,-73,0
5008821,-63,2
5004002,-25,C
5008283,-17,C
5001440,-41,C
5008489,-3,C
5000235,-40,C
5000902,-71,X
5001620,-80,X
5012711,-26,0
5009232,-95,C
5007262,-78,C
5013800,-44,0
5008625,-25,0
5007246,-38,C
5007083,-21,C
5011178,-35,0
5001534,-86,C
5007168,-14,1
5008079,-53,1
5003371,-63,0
5009562,-2,X
5007217,-73,1
5010703,-21,0
5009312,-39,1
5001324,-42,0
5009829,0,0
5011873,-11,C
5003325,-51,0
5004304,-14,0
5007952,-35,C
5012838,-79,C
5007643,-79,C
5009067,-74,0
5007573,-47,C
5008851,-4,C
5008947,-75,C
5009442,-61,0
5006312,-11,0
5008545,-17,C
5004790,0,0
5012233,-2,C
5004969,-20,0
5009035,-6,0
5006929,-36,C
5013966,-34,X
5009269,-8,X
5001285,-71,1
5010279,-22,0
5006808,-62,0
5006518,-68,0
5000717,-62,C
5012332,-70,C
5008533,-75,C
5004770,-15,C
5012943,-81,0
5004257,-2,C
5006098,-76,0
5014426,-41,C
5002466,-64,0
5007934,-34,1
5009661,-16,C
5009806,-14,0
5009649,-19,X
5014857,-59,C
5000513,-2,0
5011962,-28,0
5014619,-45,X
5014042,-74,C
5007895,-35,0
5001892,-14,0
5013356,-53,C
5006210,-39,0
5011764,-85,0
5012388,-80,0
5005920,-20,C
5008516,-11,C
5001186,-27,C
5006917,-31,0
5008975,-58,1
5013291,-64,C
5005554,-74,1
5008696,-39,C
5002105,-19,C
5005171,-81,C
5007590,-39,0
5005502,-72,0
5008515,-43,0
5003278,-77,0
5003826,-25,0
5002197,-8,0
5002004,-24,0
5011336,-91,1
5008425,-92,C
5009789,-31,0
5013675,-83,1
5013062,-7,C
5013314,-75,0
5012722,-33,0
5000052,-6,C
5000526,-48,C
5002575,-4,C
5001661,-41,C
5004104,-9,C
5007079,-22,C
5003839,-66,1
5006336,-11,C
5000997,-61,C
5008135,-80,0
5013918,-86,C
5009186,-62,X
5003296,-38,2
5001312,-1,C
5013650,-40,2
5005721,-26,C
5013056,-48,0
5006209,-18,1
5000804,-42,C
5011745,-15,2
5008960,-43,C
5012856,-23,0
5011964,-94,0
5008790,-68,C
5013330,-48,2
5001389,-33,0
5003453,-22,C
5005911,-72,C
5012487,-51,0
5011538,-17,0
5001384,-39,0
5011694,-89,C
5000885,-89,X
5004798,-55,C
5002157,-39,X
5014940,-53,0
5010536,-30,0
5004061,-91,C
5007079,-31,0
5005171,-49,0
5003797,-24,X
5007468,-88,0
5010035,-7,C
5000322,-37,0
5009449,-87,C
5010035,-89,2
5006260,-80,0
5010527,-51,2
5005259,-55,0
5004277,-86,0
5000511,-37,0
5014169,-86,0
5005895,-77,0
5011032,-68,0
5014439,-90,0
5003582,-53,X
5005230,-4,0
5013368,-14,1
5009925,-39,0
5009441,-8,C
5010916,-84,C
5011578,-31,C
5010664,-80,0
5010744,-36,0
5014727,-1,C
5013612,-12,C
5007544,-77,0
5000868,-54,0
5009372,-78,C
5006202,-72,0
5004019,-63,0
5004286,-15,C
5007857,-13,0
5001748,-54,0
5002682,-38,0
5005255,-31,0
5012507,-20,X
5003855,-78,1
5000460,-81,1
5006569,-16,0
5009120,-78,1
5011642,-91,2
5006849,-78,0
5001059,-2,0
5012252,-51,0
5011693,-67,0
5009029,-57,C
5005470,-50,X
5000259,-7,1
5000650,-27,0
5003897,-41,2
5000091,-76,0
5011437,-41,0
5013859,-18,C
5014891,-37,0
5005275,-62,0
5002102,-30,2
5007084,-68,X
5002928,-52,0
5011548,-92,C
5009954,-80,C
5005973,-35,1
5008531,-88,0
5006575,-72,0
5000104,-89,0
5000083,-88,C
5014803,-33,0
5002258,-62,C
5012235,-27,C
5000660,-68,0
5000951,-63,1
5002284,-86,0
5007986,-81,1
5007826,-62,C
5013649,-49,C
5009718,-49,0
5012957,-53,0
5011590,-46,0
5008945,-72,C
5010765,-93,0
5008743,-4,C
5014312,-92,0
5003316,-29,0
5004890,-33,C
5008306,-6,X
5001608,-83,C
5009061,-55,X
5007264,-86,C
5014913,-73,0
5000141,-48,0
5001923,-30,0
5000533,-65,0
5006272,-23,0
5005393,-67,C
5009810,-49,C
5008334,-24,C
5002588,-35,X
5002971,-22,C
5002949,-37,X
5004611,-20,1
5009834,-38,1
5009252,-43,1
5014493,-39,C
5012024,-59,0
5008590,-42,C
5009341,-46,0
5006107,-87,C
5013204,-95,C
5012891,0,C
5007453,-55,0
5006825,-13,C
5007565,-72,C
5011958,-50,1
5014628,-75,0
5000087,-56,C
5007540,-44,X
5001549,-66,C
5008362,-83,0
5012490,-4,C
5011961,-51,0
5013876,-42,0
5000692,-39,1
5003501,-80,0
5011528,-41,0
5003937,-82,0
5004233,-38,C
5014478,-2,0
5011592,-78,2
5004434,-42,1
5002032,-63,C
5000794,-51,C
5014561,-26,0
5001770,-20,0
5009468,-66,1
5013431,-15,0
5014360,-10,0
5013132,-80,C
5010867,-32,C
5013678,-53,C
5000372,-66,1
5013235,-79,C
5010785,-44,X
5002369,-37,C
5006004,-42,C
5007888,-10,0
5005754,-1,C
5002441,-76,C
5001859,-2,0
5009053,-58,C
5001501,-57,0
5005078,-21,0
5014951,-5,0
5007540,-64,C
5004390,-12,0
5011401,-42,C
5013493,-51,C
5002914,-14,2
5003024,-68,C
5010396,-15,C
5007806,-24,C
5002045,-43,C
5002378,-57,0
5007311,-93,1
5002650,-53,C
5002420,-32,1
5014755,-95,0
5007637,-26,0
5009866,-85,C
5005210,-40,1
5007943,-24,0
5006105,-85,0
5013360,-65,0
5010242,-94,0
5003866,-58,C
5001657,-29,0
5005863,-23,C
5008617,-87,1
5007097,-57,1
5000401,-2,1
5008619,-78,0
5003230,-71,0
5006140,-43,X
5003207,-78,2
5008546,-73,1
5011535,-37,0
5000489,-87,C
5008716,-49,0
5004024,-66,0
5007148,-62,C
5008541,-76,0
5003728,-65,0
5005272,-58,C
5006371,-15,0
5004430,-28,C
5010470,-17,1
5008814,-23,0
5010466,-80,C
5002644,-5,0
5000928,-77,C
5012463,-39,X
5003548,-13,0
5004671,-22,2
5014415,-19,0
5008224,-85,C
5003223,-89,1
5005926,-53,C
5011447,-61,0
5006085,-49,0
5004194,-47,C
5008691,-34,C
5008390,-33,2
5013266,-90,C
5011998,-84,C
5001556,-63,0
5006640,-71,0
5004392,-49,0
5014990,-40,C
5005547,-26,0
5005894,-82,2
5008626,-69,C
5014782,-29,C
5003284,-77,C
5003323,-36,0
5007179,-22,C
5001625,-80,0
5011219,-89,0
5012132,-52,C
5000418,-10,C
5011538,-36,C
5008368,-79,C
5012149,-29,C
5003633,-44,0
5000477,-85,C
5009371,-8,C
5013687,-6,0
5006747,-5,C
5002497,-13,C
5005055,-74,0
5008092,-65,1
5012889,-59,C
5005977,-74,C
5007694,-2,C
5009522,-94,C
5008025,-95,C
5000214,-16,1
5002527,-48,1
5000341,-69,0
5000589,-84,1
5002090,-93,0
5007359,-89,2
5000747,-16,C
5006935,-47,C
5002805,-12,0
5013091,-7,C
5006632,-49,1
5005144,-35,C
5002225,-12,0
5005015,-17,0
5010650,-83,C
5005874,-70,0
5013540,-18,C
5002880,-76,0
5003124,-2,0
5004012,-75,0
5014935,-34,X
5005967,0,C
5010272,-8,0
5013982,-4,0
5009574,-6,C
5003570,-6,C
5001428,-25,0
5008119,-73,C
5000974,-16,0
5008344,-89,2
5006362,-15,C
5003101,-83,2
5008233,-95,C
5011902,-48,1
5014520,-24,C
5014816,-44,C
5010587,-32,C
5001318,-64,C
5001695,-72,0
5010556,-18,0
5007864,-84,0
5008923,-23,0
5012702,-38,C
5002000,-7,0
5008020,-22,C
5007200,-15,0
5000881,-30,0
5013346,-83,0
5009000,-42,C
5013934,-15,0
5004730,-91,C
5010632,-72,C
5010351,-1,C
5000097,-71,X
5005418,-68,0
5004244,-57,C
5000569,-6,C
5014945,-71,0
5008843,0,C
5005267,-47,1
5005834,-81,C
5010982,-41,C
5000851,-83,0
5003414,-65,0
5006386,-10,C
5003254,-34,C
5010219,-69,0
5003128,-71,0
5000146,-79,0
5008974,-46,0
5012550,-70,C
5003615,-45,C
5009694,-91,0
5003655,-18,0
5001451,0,0
5003926,-41,C
5008111,-3,C
5004896,-54,0
5002985,-30,C
5013147,-92,C
5010896,-37,0
5011815,-91,2
5013660,-21,C
5013643,-86,0
5012146,-39,0
5000436,-34,0
5004730,-9,0
5005585,-57,0
5012495,-27,0
5010291,-29,C
5006763,-43,0
5009004,-34,C
5010357,-38,C
5005636,-14,C
5004093,-78,X
5013721,-1,0
5001498,-51,0
5013799,-66,1
5002340,-95,X
5007224,-40,2
5006211,-33,C
5014491,-67,C
5007108,-87,0
5007618,-40,0
5007558,-83,C
5005234,-67,0
5006537,-58,C
5002270,-70,C
5009063,-63,0
5002485,-78,0
5009230,-75,2
5013203,-51,0
5000637,-25,C
5000589,-15,C
5004630,-24,0
5003766,-88,X
5008184,-10,C
5001544,-38,0
5002514,-75,C
5005304,-73,0
5006825,-92,C
5013594,-50,C
5008432,-8,C
5000389,-18,C
5013025,-65,0
5009108,-30,C
5009011,-37,C
5007791,-43,0
5013910,-40,C
5014785,-76,C
5011964,-60,C
5005319,-84,C
5009334,-71,C
5009599,-59,C
5002912,-17,C
5009855,-92,0
5006473,-69,0
5009985,-17,1
5001548,-7,0
5004912,-54,0
5002692,-91,0
5008257,-62,2
5013392,-44,C
5011459,-18,0
5012109,-52,C
5000629,-77,C
5009388,-36,C
5002486,-75,C
5009563,-31,0
5004044,-51,0
5009071,-92,X
5003361,-87,0
5006556,-44,2
5009923,-18,0
5002593,-3,C
5006373,-21,0
5010749,-58,C
5008830,-10,0
5004152,-84,1
5002822,-87,X
5011387,-2,C
5011008,-45,C
5009910,-19,0
5002530,-26,0
5000873,-13,0
5014820,-91,1
5007570,-23,0
5013911,-44,0
5003582,-88,C
5012786,-6,C
5003230,-83,C
5005624,-54,C
5011491,-53,0
5003779,-64,C
5014572,-94,C
5010427,-91,0
5010197,-9,2
5001064,-40,C
5007346,-49,C
5011432,-91,C
5004334,-18,C
5013584,-59,C
5014009,-77,1
5010128,-37,0
5005238,-89,0
5012095,-53,0
5008821,-68,C
5003373,-34,1
5002715,-94,0
5013154,-77,0
5000299,-26,X
5000055,-6,C
5013892,-18,0
5014660,-30,0
5005934,-15,C
5009757,-25,0
5008786,-22,0
5009087,-38,X
5005115,-20,0
5002336,-38,0
5013036,-3,0
5005433,-68,C
5008321,-2,C
5005523,-94,1
5011197,-3,X
5010481,-47,0
5000024,-49,X
5006504,-95,0
5013972,-7,0
5008868,-78,X
5002518,-91,0
5013849,-69,0
5011349,-67,0
5010916,-50,C
5004984,-28,C
5008943,-2,C
5004766,-55,0
5000191,-8,0
5005722,-1,0
5011119,-23,X
5002835,-78,C
5003901,-36,1
5013452,-26,X
5004565,-85,C
5005615,-33,0
5005948,-30,C
5009549,-73,C
5001941,-22,0
5005932,-47,0
5007004,-77,C
5007955,-8,0
5013772,-69,C
5003971,-61,0
5014650,-92,1
5000997,-52,C
5004931,-47,X
5010020,-88,2
5011391,-16,1
5003538,-46,C
5009512,-16,2
5007628,-45,2
5001354,-30,0
5002702,-62,0
5013293,-62,C
5000059,-1,1
5005295,-24,C
5000497,-58,0
5003307,-58,C
5010414,-29,C
5014496,-54,C
5011481,-94,C
5010635,-31,0
5010668,-72,0
5009175,-53,0
5013453,-30,0
5003630,-6,C
5007067,-58,C
5005265,-41,0
5002292,-6,C
5001245,-44,0
5007526,-12,0
5008920,-63,0
5006445,-7,C
5012964,-34,0
5009650,-70,C
5008483,-48,1
5013673,-37,0
5014592,-82,0
5002840,-46,1
5001973,-6,0
5001961,-69,C
5011512,-52,0
5001593,-15,C
5001870,-95,C
5010291,-32,0
5001140,-61,0
5009919,-86,C
5013112,-4,0
5004183,-15,C
5000249,-95,0
5002017,-25,2
5009933,-65,0
5014285,-72,C
5006662,-23,0
5012856,-45,2
5006768,-76,2
5009493,-70,1
5005590,-42,X
5014755,-79,C
5003744,-42,C
5001088,-35,0
5009065,-53,C
5000982,-64,0
5000511,-84,0
5001521,-8,C
5009792,-87,0
5000853,-42,0
5012218,-52,C
5008006,-5,0
5014993,-26,C
5013309,-74,C
5000898,-31,0
5000204,-50,C
5003057,-35,C
5013354,-87,X
5007769,-78,C
5004421,-1,0
5008706,-44,1
5014111,-45,C
5014064,-58,0
5006561,-72,C
5003455,-77,C
5008718,-11,0
5012602,-65,0
5001956,-83,0
5011868,-63,0
5014399,-53,C
5006836,-60,1
5006152,-4,0
5001716,-43,C
5008169,-79,C
5002864,-51,C
5010532,-37,C
5001507,-84,X
5001460,-40,C
5001296,-90,0
5006055,-63,C
5003636,-2,C
5006836,-58,C
5002900,-11,0
5002919,-9,C
5009011,-82,0
5001862,-5,0
5010256,-90,C
5000795,-3,0
5001052,-16,C
5008254,-62,C
5003127,-77,1
5011799,-85,0
5008550,-60,0
5001646,-79,1
5012510,-59,0
5008140,-80,C
5000264,-15,X
5010402,-90,C
5003908,-55,C
5013798,-57,1
5002961,-24,C
5013065,-50,1
5010382,-20,0
5003139,-68,0
5012969,-31,X
5006683,-67,C
5013705,-4,1
5000539,-92,C
5004235,-91,0
5008928,-78,C
5008872,-16,C
5008941,-82,C
5008670,-59,C
5012074,-20,C
5012793,-10,1
5013034,-5,C
5001526,-59,C
5008690,-41,1
5014032,-12,2
5007532,-74,0
5014480,-58,C
5001753,-59,0
5011921,-69,C
5005344,-7,C
5001796,-91,0
5014628,-57,C
5005941,-11,C
5005836,-62,0
5007088,-55,C
5007068,-41,2
5004081,-59,C
5000281,-2,C
5004095,0,0
5003969,-2,X
5007550,-20,0
5006420,-65,1
5004004,-10,0
5012745,-13,X
5002723,-76,C
5004724,-76,2
5002236,-75,C
5014831,-42,0
5003488,-63,C
5005633,-13,C
5004693,-70,C
5006077,-53,C
5013537,-8,0
5013393,-51,C
5002055,-91,C
5002789,-83,C
5004400,-20,0
5001220,-91,C
5011828,-34,0
5005126,-17,C
5014326,-3,C
5004799,-16,1
5008292,-45,0
5010133,-27,C
5008063,-47,C
5013723,-44,C
5003988,-49,1
5000130,-84,0
5004208,-1,1
5005966,-72,C
5000797,0,C
5006554,-25,0
5014528,-7,0
5008129,-94,C
5000954,-41,C
5005802,-52,2
5014190,-39,1
5009950,-44,X
5007879,-93,0
5010370,-29,1
5010030,-36,0
5000709,-60,C
5008283,-15,X
5001528,-43,0
5004637,-24,0
5011226,-35,2
5014875,-8,0
5014224,-55,1
5004816,-35,0
5002873,-89,0
5001673,-89,0
5002990,-31,C
5011634,-50,X
5002733,-9,C
5013690,-21,C
5014571,-16,0
5004313,-52,C
5012766,-21,X
5006164,-36,1
5005972,-31,0
5013985,-42,C
5007236,-39,C
5000831,-25,C
5012698,-41,C
5007903,-28,C
5011096,-44,C
5004990,-69,C
5004784,-52,1
5010018,-55,C
5008447,-27,C
5006729,-57,C
5014555,-5,C
5000065,-82,C
5012329,-69,C
5013218,-39,C
5002424,-89,0
5007949,-74,1
5009455,-80,C
5014504,-27,2
5006627,-19,1
5011361,-69,C
5011515,-16,0
5003694,-5,2
5000828,-62,2
5003008,-58,0
5005959,-86,C
5011062,-2,0
5008155,-21,0
5014693,-16,C
5003698,-87,2
5006069,-44,C
5006288,-11,X
5009370,-85,C
5000409,-41,C
5006937,-50,1
5009065,-51,0
5008021,-34,0
5011967,-2,C
5002478,-46,C
5003937,-92,C
5007962,-4,0
5012576,-45,0
5013512,-58,0
5002539,-36,X
5000007,-92,0
5002009,-35,0
5006100,-74,1
5003664,-75,0
5013493,-65,C
5006881,-32,C
5005413,-19,1
5011145,-52,C
5002356,-43,0
5001493,-80,0
5002231,-4,0
5012959,-11,0
5009898,-12,0
5012056,-77,2
5003741,-26,0
5000960,-81,X
5007874,-93,0
5007407,-5,0
5014768,-1,C
5010868,-59,0
5009527,-12,0
5003748,-26,0
5013270,-50,C
5010867,-58,0
5014944,-33,X
5013525,-21,X
5014628,-59,0
5006342,-34,C
5014522,-15,C
5006593,-54,0
5013277,-65,0
5007983,-78,0
5012173,-88,0
5014570,-27,C
5014245,-5,C
5002808,-34,C
5011199,-22,C
5009041,-54,0
5009968,-26,C
5011231,-70,C
5008005,-88,0
5001925,-6,0
5002462,-19,2
5002277,-40,C
5014036,-47,C
5008501,-22,C
5008565,-82,C
5002962,-16,0
5001316,-8,C
5007447,-58,X
5014981,-33,1
5001067,-48,1
5014420,-65,0
5013775,-62,0
5014818,-46,0
5010100,-27,C
5012559,-58,C
5001812,-23,0
5000691,-47,0
5006298,-62,C
5005026,-79,2
5012956,-28,2
5002723,-80,C
5000431,-59,0
5010972,-75,0
5004668,-21,0
5011905,-45,0
5011003,-70,0
5013320,-17,0
5003502,-43,C
5007615,-13,0
5009756,-89,0
5008618,-11,0
5006059,-53,0
5013329,-28,C
5003044,-26,C
5010111,-22,C
5010008,-1,X
5008509,-87,C
5007306,-64,2
5013050,-74,C
5012445,-75,C
5000347,-68,C
5002871,-21,0
5006696,-33,C
5012828,-18,2
5014416,-76,0
5009546,-50,0
5003886,-44,0
5001750,-42,C
5012008,-38,0
5004593,-80,0
5008825,-8,0
5000730,-81,C
5000507,-37,C
5012034,-42,C
5002872,-38,1
5002510,-61,C
5006739,-82,0
5012263,-93,0
5003209,-65,1
5013504,-3,2
5002340,-68,0
5005534,-13,0
5013940,-83,X
5011454,-12,0
5009988,-95,0
5006607,-70,0
5000219,-17,1
5009640,-6,0
5007165,-90,C
5011207,-1,0
5014394,-24,X
5006140,-48,0
5004681,-41,1
5006484,-77,1
5009955,-8,C
5011658,-51,1
5009722,-80,C
5000313,-42,C
5009204,-28,0
5010787,-95,2
5005494,-55,0
5013337,-70,1
5001169,-94,C
5008556,-51,C
5008276,-62,2
5008509,-69,2
5005341,-22,0
5014886,-57,C
5003420,-7,0
5004924,-49,C
5007550,-90,X
5013177,-73,X
5008378,-18,0
5005671,-53,0
5008307,-88,C
5013006,-27,0
5012174,-85,2
5009871,-7,C
5006520,-70,0
5002191,-25,0
5010614,-8,C
5009987,-41,C
5010545,-85,1
5010798,-61,0
5005841,-15,C
5005487,-54,C
5002623,-88,C
5010508,-69,C
5005733,-36,C
5000844,-3,C
5000786,-72,C
5003761,-47,C
5013270,-24,0
5000133,-74,C
5001758,-23,C
5006627,-54,0
5002193,-31,0
5004344,-83,C
5004700,-2,2
5012533,-26,2
5002278,-45,0
5012465,-62,C
5008159,-78,0
5010035,-60,0
5000087,-1,C
5005156,-87,0
5007250,-25,C
5011221,-63,C
5014720,-45,0
5012359,-13,C
5012287,-22,0
5005086,-35,X
5002276,-87,0
5004157,-36,C
5010471,-25,C
5009652,-52,0
5000591,-95,0
5011263,-90,C
5011227,-9,C
5005507,-61,C
5001262,-33,2
5012806,-4,C
5008434,-44,C
5011674,-4,1
5013726,-24,0
5011471,-11,C
5007026,-16,C
5002206,-41,0
5013643,-46,C
5002970,-63,C
5014738,-62,C
5014837,-27,C
5011949,-69,C
5014501,-25,1
5011103,-66,0
5009481,-11,C
5011397,-15,0
5008558,-53,1
5012000,-93,0
5002239,-31,C
5013051,-16,0
5014674,-5,C
5008129,-34,C
5009200,-72,C
5008270,-49,C
5010307,-73,C
5008750,-38,0
5013341,-44,C
5009534,-30,0
5003327,-29,0
5000727,-6,0
5001032,-12,0
5009998,-43,C
5000032,-55,0
5011408,-29,1
5012738,-32,0
5002959,-39,C
5014345,-81,C
5013491,-84,X
5013073,-51,0
5002852,-45,0
5002089,-28,C
5009993,-80,1
5006538,-30,0
5000150,-68,0
5008713,-61,1
5012903,-60,1
5004043,-39,0
5013244,-62,C
5001381,-95,1
5003077,-51,C
5013450,-94,C
5005094,-15,0
5014292,-73,C
5014204,-73,0
5011472,-2,0
5012327,-48,0
5006398,-75,C
5010100,-87,0
5011222,-89,0
5009133,-75,2
5007794,-25,C
5006658,-32,0
5010456,-39,C
5002361,-74,1
5005688,-82,C
5010438,-10,0
5011676,-37,1
5006628,-6,0
5002036,-65,0
5007322,-56,X
5010327,-44,0
5003857,-32,C
5002846,-61,1
5006789,-47,C
5007453,-7,0
5012517,-9,C
5004661,-27,0
5001122,-78,C
5005419,-59,0
5002981,-77,0
5011630,-25,C
5009779,-81,1
5003278,-12,0
5013537,-15,C
5014063,-51,C
5011290,-14,0
5013212,-66,0
5002595,-52,0
5007474,-14,0
5002771,-80,0
5002128,-11,1
5014362,-76,C
5002949,-82,0
5006916,-83,0
5012227,-60,C
5004059,-43,2
5007350,-39,0
5008158,-93,C
5008339,-65,0
5010030,-23,0
5003455,-50,C
5000015,-75,C
5004158,-55,C
5010620,-41,X
5014403,-19,0
5006188,-95,0
5000888,-36,C
5002312,-31,C
5006577,-40,0
5011065,-27,2
5006577,-54,0
5000376,-64,C
5002025,-42,C
5008435,-23,C
5012887,-27,X
5004779,-25,0
5006968,-63,2
5005057,-68,0
5014513,-47,C
5000392,-23,0
5000947,-2,C
5013694,-73,0
5001023,-67,2
5012638,-47,X
5010003,-7,C
5011017,-23,0
5014980,-6,C
5013138,-47,2
5009416,-83,0
5008973,-57,1
5013521,-82,0
5005797,-44,0
5008286,-83,0
5003315,-80,C
5012887,-26,0
5006032,-8,C
5011405,-36,0
5005517,-35,0
5002152,-79,0
5000564,-92,X
5007942,-89,C
5000933,-1,0
5004339,-42,0
5010138,-27,0
5005962,-53,1
5004909,-33,C
5005681,-4,0
5011370,-63,C
5004219,-32,0
5006229,-55,C
5013369,-19,C
5014238,-48,X
5005917,-28,0
5002781,-68,0
5014389,-18,0
5011428,-79,X
5002302,-59,1
5010833,-21,C
5006773,0,2
5009847,-41,C
5012511,-34,2
5000853,-36,0
5001835,-13,0
5006325,-45,C
5011508,-86,C
5000887,-11,0
5012738,-69,0
5009747,-24,0
5013348,-53,0
5006608,-79,2
5003782,-12,0
5003673,-5,C
5003413,-14,0
5004983,-23,0
5009565,-76,0
5006681,-79,1
5008128,-19,0
5011951,-53,X
5009946,-3,C
5009659,-21,C
5002126,-73,C
5003474,-4,1
5001505,-79,C
5003880,-2,0
5013909,-19,0
5005538,-92,X
5004603,-8,0
5013996,-87,0
5009384,-5,0
5007554,-71,2
5006133,-5,1
5002279,-92,0
5010061,-68,C
5009888,-26,0
5011726,-89,0
5009901,-61,0
5012303,-40,C
5014092,-37,0
5000510,-3,1
5014282,-20,0
5002393,-20,C
5009408,-32,C
5009961,-56,0
5009745,-90,C
5009629,-95,C
5005544,-9,0
5014256,-39,0
5006200,-7,0
5006033,-22,0
5001306,-55,1
5013661,-43,0
5004839,-67,2
5006564,-35,C
5013588,-32,0
5004950,-57,C
5008426,-78,0
5002625,-24,0
5008583,-12,0
5001320,-71,C
5011342,-50,0
5007996,-36,C
5003823,-91,X
5012383,-29,0
5010248,-61,0
5011277,-22,0
5013109,-12,C
5006945,-56,C
5001901,-86,C
5007428,-48,C
5011140,-2,0
5001312,-48,0
5012655,-94,1
5005071,-67,1
5007958,-35,0
5012545,-5,0
5001338,-77,0
5007525,-20,0
5013041,-57,0
5010911,-59,C
5004920,-8,0
5014571,-6,C
5014236,-18,0
5005623,-47,X
5001498,-61,0
5007042,-7,0
5005207,-42,0
5006036,-70,0
5007675,-82,0
5007836,-34,0
5014189,-50,1
5008306,-78,0
5009656,-3,1
5004763,-58,C
5004956,-78,0
5010680,-38,1
5013054,-4,C
5007347,-90,0
5004154,-34,1
5006190,-76,0
5001143,-50,0
5003134,-29,1
5013236,-83,C
5010001,-91,C
5012704,-71,2
5010337,-15,X
5014332,-26,C
5014265,-21,C
5014026,-57,0
5009748,-61,0
5003250,-2,0
5011170,-41,0
5010146,-87,0
5005545,-85,0
5009498,-41,0
5013723,-54,X
5000069,-8,0
5010972,-54,1
5009045,-60,1
5004268,-35,2
5005080,-10,C
5012420,-46,X
5012938,-18,0
5007601,-20,2
5011346,-81,1
5001160,-81,2
5007944,-34,C
5014374,-65,C
5007818,-69,C
5008510,-27,C
5013097,-58,C
5009453,-26,C
5003833,-74,C
5012052,-35,1
5012501,-4,C
5005161,-66,C
5003849,-33,0
5004170,-8,1
5007250,-6,X
5004141,-24,C
5009040,-15,C
5014644,-33,C
5014154,-77,0
5007539,-17,C
5001404,-19,C
5002155,-42,0
5009698,-66,C
5014942,-72,C
5010136,-44,0
5005419,-19,C
5011146,-72,0
5008280,-50,C
5014976,-61,C
5011727,-61,0
5001844,-19,C
5005805,-31,C
5009909,-54,0
5005165,-71,0
5000363,-59,C
5002757,-14,C
5005834,-47,C
5004907,-48,0
5013946,-37,0
5010101,-82,C
5006915,-24,X
5003465,-86,C
5008133,-11,0
5013025,-92,C
5008071,-51,C
5000541,-40,C
5007495,-89,C
5000773,-37,X
5013546,-56,0
5003302,-13,0
5010196,-9,C
5013439,-63,0
5002133,-42,0
5002631,-71,C
5006013,-63,0
5012669,-95,C
5014559,-43,2
5010818,-31,C
5006182,-54,C
5000044,-78,C
5007537,-33,0
5003006,-44,0
5011907,-73,0
5000539,-75,C
5010166,-95,C
5012624,-76,1
5000841,-62,C
5008070,-1,0
5014327,-62,C
5000771,-37,0
5012971,-95,1
5013620,-21,0
5002393,-75,0
5003819,-8,C
5008920,-42,0
5011042,-3,C
5003160,-22,C
5006431,-55,0
5010975,-42,0
5005097,-2,C
5010907,-66,0
5008875,-52,0
5011391,-93,0
5013940,-91,0
5006217,-92,0
5014732,-80,C
5012271,-14,0
5002056,-33,0
5006517,-5,C
5005074,-19,0
5013695,-65,C
5010975,-43,0
5010664,-11,0
5001572,-12,C
5001801,-42,0
5005544,-14,C
5014361,-47,C
5006764,-15,2
5009492,-69,X
5011321,-82,C
5006201,-53,0
5000455,-57,C
5005250,-46,1
5006856,-2,C
5007269,-70,C
5011897,-43,0
5005546,-70,C
5012436,-9,C
5009852,-62,X
5013230,-48,0
5002077,-82,0
5010808,-3,0
5008226,-80,0
5002275,-62,C
5002191,-63,C
5004132,-36,1
5007057,-35,0
5006678,-58,C
5000918,-46,C
5000543,-48,0
5011894,-29,0
5011534,-45,C
5011026,-74,C
5009852,-66,C
5013596,-60,0
5006466,-90,C
5012224,-62,C
5008079,-45,C
5013413,-19,C
5006080,-1,C
5011228,-84,2
5007175,-60,1
5014763,-39,1
5000685,-73,C
5008185,-59,0
5010004,-33,C
5004247,-39,0
5001565,-55,C
5000630,-20,2
5014397,-10,C
5008695,-25,1
5013875,-65,0
5008641,-4,C
5000727,-20,0
5013103,-20,C
5003056,-63,2
5012596,-36,2
5004092,-28,1
5008923,-83,0
5011042,-36,1
5009306,-19,1
5014811,-32,C
5008109,-62,0
5003383,-34,C
5007974,-84,C
5013981,-35,C
5004382,-85,C
5008513,-13,X
5011743,-54,X
5008629,-55,0
5014208,-16,0
5011353,-51,0
5012190,-4,C
5000302,-72,0
5001507,-32,C
5009011,-91,0
5004338,-23,1
5003628,-38,C
5003061,-93,C
5014917,-10,C
5013137,-43,0
5014960,-23,C
5001690,-44,C
5012437,-84,C
5010852,-38,1
5004290,-64,0
5007958,-18,1
5009041,-75,C
5002337,-67,C
5009395,-81,0
5012887,-50,0
5002694,-17,0
5012195,-66,0
5014854,-45,1
5007284,-50,C
5009332,-72,X
5012947,-34,0
5004022,-34,0
5000987,-12,0
5002917,-66,0
5012843,-59,0
5014794,-45,0
5001245,-87,0
5014948,-84,X
5008544,-90,C
5007444,-10,C
5013553,-53,C
5011556,-14,X
5014124,-65,0
5002549,-38,C
5011078,-25,C
5008052,-11,2
5009840,-84,C
5007359,-94,1
5011451,-78,X
5005810,-62,C
5002931,-93,C
5013781,-35,C
5014414,-19,1
5011756,-86,0
5010740,-53,C
5011865,-50,0
5012596,-25,C
5008562,-9,C
5005357,-34,0
5009820,-5,0
5007287,-6,0
5002302,-44,0
5012382,-33,0
5014258,-14,C
5002459,-71,1
5006244,-76,C
5001167,-91,1
5001649,-76,0
5014707,-6,1
5009993,-43,0
5002433,-48,1
5004324,-48,2
5006868,-92,0
5004733,-3,C
5008911,-19,0
5005796,-26,C
5011083,-45,X
5008352,-6,0
5007652,-43,0
5000754,-28,C
5012245,-3,X
5010653,-3,C
5003717,-11,0
5014397,-88,1
5014596,-59,0
5014380,-53,C
5009641,-62,0
5000747,-69,C
5014126,-31,C
5002250,-77,0
5004444,-43,0
5010146,-23,C
5007259,-67,0
5001786,-95,C
5010700,-57,0
5000646,-46,0
5000894,-59,C
5014936,-70,C
5003275,-68,C
5001578,-8,X
5005128,-87,C
5006917,-28,C
5000492,-84,C
5003327,-86,0
5006223,-54,1
5005281,-80,C
5004375,-23,0
5010875,-92,C
5006673,-92,0
5000157,-94,C
5006895,-82,C
5000313,-87,0
5005971,-64,C
5012483,-63,0
5011518,-54,0
5004422,-67,0
5006108,-64,C
5002153,-18,0
5007993,-52,C
5003880,-15,C
5008755,-54,0
5010651,-61,2
5001866,-94,0
5002389,-1,0
5012373,-78,0
5011983,-48,0
5007635,-88,0
5007377,-28,1
5003121,-47,1
5008182,-59,1
5005732,-5,0
5005976,-8,C
5011106,-19,2
5009274,-63,1
5011691,-80,0
5011474,-53,2
5013912,-75,C
5013184,-45,C
5006055,-21,1
5008825,-61,0
5002407,-51,C
5011937,-81,C
5005316,-30,1
5008599,-51,0
5004194,-75,0
5004085,-44,C
5013468,-65,1
5013987,-21,C
5014346,-55,C
5004301,-87,2
5000975,-31,0
5011994,-65,0
5011334,-79,0
5009923,-34,1
5000196,-53,0
5010716,-6,C
5009633,-14,0
5009020,-70,C
5010156,-88,1
5008224,-76,0
5010799,-76,0
5010269,-37,0
5008047,-88,0
5007902,-47,1
5012387,-21,1
5014775,-29,C
5009570,-65,C
5007812,-21,C
5004332,-50,C
5008286,-18,0
5014349,-59,0
5013410,-7,0
5009796,-26,C
5012079,-61,2
5013789,-65,0
5008074,-34,1
5004836,-93,0
5007194,-86,C
5004456,-13,C
5003035,-91,0
5005685,-44,C
5002629,-6,C
5003986,-77,0
5000419,-25,0
5005650,-81,0
5010270,-22,X
5009421,-79,0
5002701,-10,0
5007474,-94,0
5005758,-22,C
5002923,-80,C
5003260,-10,0
5010601,-19,0
5010523,-63,0
5000519,-9,C
5008585,-12,X
5002590,-50,X
5001665,-63,0
5002840,-93,C
5003695,-21,C
5009971,-75,C
5005933,-48,1
5005237,-77,C
5002870,-71,0
5014187,-65,X
5011468,-76,0
5002580,-68,0
5002169,-14,0
5002856,-16,0
5001284,-30,C
5001695,-63,C
5014614,-88,1
5003171,-13,C
5008674,-27,C
5013766,-4,1
5013741,-71,0
5005579,-46,0
5011377,-45,C
5009921,-10,2
5011902,-59,C
5005156,-61,1
5012417,-16,0
5008212,-66,C
5010944,-35,C
5007664,-32,X
5008355,-80,0
5006447,-13,C
5013491,-73,C
5006745,-89,C
5002648,-35,C
5014070,-87,1
5011971,-13,2
5013079,-89,0
5007932,-76,X
5001962,-52,C
5013735,-60,C
5003135,-17,C
5002446,-37,1
5006661,-47,0
5010643,-54,1
5007663,-34,1
5001084,-40,1
5004932,-69,0
5005735,-11,X
5004274,-69,1
5003541,-47,0
5004318,-92,0
5011249,-42,0
5000347,-67,1
5004677,-49,C
5003456,-10,2
5006431,-54,0
5008596,-77,0
5013007,-94,0
5010046,-20,0
5007069,-24,C
5008789,-39,X
5008067,-15,X
5004142,-85,1
5010400,-90,0
5013249,-25,C
5010113,-69,0
5002403,-68,C
5010826,-88,0
5004871,-52,C
5010573,-60,X
5008978,-6,0
5000050,-21,0
5006895,-90,0
5009131,-93,C
5000577,-51,X
5006155,-72,C
5014649,-86,C
5008936,-69,0
5011533,-23,C
5004458,-62,C
5003859,-85,2
5010662,-8,0
5001985,-36,C
5007261,-45,0
5014599,-16,C
5009240,-27,1
5000072,-26,C
5014850,-19,X
5008370,-46,0
5002809,-92,C
5000325,-55,C
5014258,-80,0
5007203,-6,0
5009377,-83,0
5008365,-80,0
5004111,-67,C
5001819,0,C
5002323,-13,C
5000970,-48,C
5004625,-26,2
5005410,-88,0
5010471,-41,0
5002118,-15,X
5002045,-26,0
5004894,-66,2
5001999,-82,0
5011031,-95,2
5014336,-72,C
5009183,-83,0
5010013,-23,C
5002576,-53,C
5006847,-46,C
5010436,-62,0
5006003,-21,C
5001718,-41,0
5007703,-37,C
5001327,-3,0
5006097,-65,C
5001876,-51,0
5014829,-17,1
5011845,-28,C
5001773,-93,2
5010126,-14,C
5009181,-87,C
5001136,-68,1
5007820,-21,0
5006424,-90,0
5004723,-82,0
5013504,-50,0
5002720,-54,1
5005593,-5,2
5006454,-3,C
5001058,-36,C
5002821,-37,C
5012957,-71,1
5013230,-4,0
5014475,-54,0
5006913,-11,0
5003259,-74,C
5013263,-33,1
5014287,-67,0
5001639,-7,C
5008837,-67,C
5005059,-29,C
5006900,-46,0
5010993,-73,1
5005542,-36,C
5003813,-47,C
5003429,-79,0
5004898,-44,C
5003681,-50,C
5014968,-18,0
5013580,-53,C
5008809,-93,0
5001707,-79,C
5009565,-27,0
5011759,-94,C
5000019,-19,0
5003596,-61,C
5000910,-36,0
5005553,-42,C
5002054,-3,0
5002099,0,0
5014320,-79,0
5011143,-45,C
5000407,-2,C
5011281,-92,C
5009042,-61,1
5011644,-31,C
5008900,-24,X
5011636,-15,C
5011879,-32,0
5011549,-82,0
5014695,-37,C
5003403,-12,C
5005791,0,1
5004952,-87,0
5012726,-47,C
5000363,0,C
5005752,-88,2
5000531,-57,C
5000613,-75,2
5005305,-94,C
5005844,-71,2
5009807,-65,0
5013155,-43,C
5003889,-23,0
5003178,-15,0
5011952,-50,C
5010959,-71,C
5014884,-65,1
5011323,-35,C
5002935,-14,0
5007791,-87,0
5006068,-32,C
5011252,-68,1
5003429,-83,C
5002469,-75,1
5006669,-15,0
5010811,-92,2
5001680,-79,1
5009431,-55,C
5013454,-10,C
5000792,-12,0
5014422,-6,C
5005634,-62,1
5010479,-11,C
5008535,-37,C
5010083,-55,1
5007615,-5,0
5006404,-91,1
5008491,-10,C
5001326,-41,1
5007820,-47,0
5000740,-5,C
5013774,-7,C
5010239,-63,C
5006120,-3,0
5002433,-13,C
5009729,-58,1
5004169,-31,1
5011124,-1,2
5001530,-51,C
5003828,-17,1
5008761,-27,C
5003839,-31,1
5006951,-53,C
5010752,-55,C
5006223,-53,C
5005577,-63,0
5005377,-58,0
5006738,-18,1
5007337,-50,0
5004633,-26,1
5007768,-21,C
5014017,-62,0
5009619,-14,0
5000332,-94,C
5010532,-33,C
5013068,-72,C
5011817,-24,0
5012180,-34,C
5011270,-67,C
5012569,-31,C
5009451,-51,C
5005926,-48,0
5002787,-92,C
5009869,-59,C
5007018,-92,0
5006329,-52,0
5006155,-87,X
5006240,-69,C
5001836,-6,0
5014156,-69,X
5006168,-91,C
5014334,-71,0
5005953,-15,1
5001081,-58,0
5001821,-71,C
5007727,-85,C
5002746,-44,0
5003117,-8,1
5013017,-42,C
5004516,-51,1
5008029,-73,C
5008450,-57,0
5010317,-92,2
5010945,-75,0
5014149,-33,1
5007725,-93,C
5004215,-46,C
5002969,-82,0
5007984,-36,1
5010231,-14,C
5011095,-1,0
5013174,-35,C
5005383,-13,C
5000857,-58,0
5014988,-51,X
5006358,-8,1
5013742,-44,0
5011352,-93,0
5009920,-59,C
5011496,-74,2
5010212,-25,0
5007249,-27,C
5002870,-25,2
5006901,-3,C
5010388,-13,C
5011185,-73,C
5008767,-58,0
5002407,-72,X
5008331,-20,C
5008063,-48,2
5002663,-63,C
5007972,-63,X
5005743,-52,C
5009206,-19,C
5006042,-1,C
5010194,-25,C
5009651,-38,C
5001308,-23,C
5007250,-57,0
5008696,-32,1
5006058,-9,1
5013429,-16,X
5001079,-20,X
5013837,-4,C
5010598,-75,C
5003515,-94,X
5004451,-60,C
5013080,-22,1
5000828,-76,C
5014895,-21,C
5007991,-33,0
5004218,-74,C
5000517,-50,0
5002063,-43,C
5001582,-90,C
5000183,-18,C
5008518,-36,C
5003069,-43,X
5013637,-77,C
5008487,-42,0
5008592,-75,0
5008440,-53,C
5010708,-23,C
5007804,-79,C
5009664,-71,C
5014983,-52,0
5010263,-93,2
5010363,-65,C
5011166,-81,X
5008965,-31,0
5014723,-79,2
5006358,-88,C
5002787,-19,0
5005015,-63,C
5011469,-39,C
5012413,-21,C
5003284,-92,C
5009380,-93,C
5009266,-94,C
5002989,-19,0
5010080,-7,C
5001231,-61,C
5000328,-35,0
5006445,-69,C
5014636,0,C
5007644,-74,1
5010627,-56,X
5006314,-76,0
5007932,-22,C
5005855,-19,0
5007910,-68,0
5010335,-69,C
5006191,-57,C
5000383,-26,C
5008576,-58,C
5003901,0,C
5009602,-89,C
5014789,-88,0
5001724,-22,C
5014160,-35,0
5002686,-84,0
5013555,-91,1
5002596,-44,0
5002220,-1,0
5008007,-92,0
5013602,-64,C
5010341,-9,C
5007538,-9,C
5012365,-82,C
5004363,-12,0
5002424,-84,0
5007863,-90,C
5014291,-32,0
5008908,-3,C
5004319,-79,C
5012374,-62,0
5011689,-75,C
5004961,-16,C
5006368,-79,1
5012314,-9,0
5001437,-5,2
5002171,-5,0
5001513,-6,0
5011642,-60,C
5002668,-62,C
5001068,-47,0
5007251,-42,0
5010920,-13,C
5009256,-14,C
5005127,-85,1
5000119,-45,0
5003717,-43,1
5003355,-36,C
5011192,-55,0
5001559,-35,C
5007610,-33,0
5004828,-11,0
5004902,-31,0
5007059,-29,0
5003090,-31,0
5014522,-34,0
5003705,-27,C
5002183,-67,C
5013275,-50,2
5000906,-71,1
5013929,-61,X
5013442,-14,0
5014362,-52,C
5009565,-57,0
5004684,-89,C
5008641,-21,2
5000431,-86,C
5014353,-33,C
5009706,-35,1
5006213,-23,0
5003259,-94,C
5011811,-65,0
5013850,-13,C
5000711,-37,C
5012758,-71,C
5003511,-42,0
5012522,-38,0
5008879,-43,0
5009735,-34,C
5001029,-35,C
5000546,-38,C
5009125,-33,C
5003696,-35,C
5002212,-18,X
5009639,-17,X
5005169,-45,C
5003559,-70,0
5008906,-89,C
5005013,-11,0
5010886,-86,C
5011603,-17,0
5014409,-94,0
5008311,-6,C
5003229,-52,0
5010017,-88,C
5007143,-19,C
5007182,-6,C
5009259,-49,0
5008559,-23,X
5005149,-36,C
5006955,-9,0
5011328,-24,0
5009422,-44,0
5004339,0,0
5013276,-94,1
5005310,-86,0
5009909,-87,0
5002631,-21,0
5014424,-3,C
5009316,-91,C
5003001,-55,1
5000796,-33,0
5008238,-37,C
5007884,-83,C
5014891,-91,0
5011619,-21,0
5002042,-75,0
5010087,-70,C
5007731,-15,C
5010475,-57,C
5009132,-48,0
5009761,-38,X
5011517,-91,C
5006783,-59,1
5000414,-30,0
5010137,-31,0
5006245,-93,0
5003996,-47,C
5004149,-37,C
5011179,-41,C
5004956,-87,C
5004901,-14,0
5010276,0,1
5002682,-93,C
5010036,-12,0
5002129,-31,C
5002186,-16,X
5007165,-74,C
5014842,-18,1
5010742,-72,C
5001365,-41,2
5004697,-30,C
5007696,-67,C
5002937,-33,X
5000939,-15,C
5010952,-9,0
5001717,-27,0
5013369,-56,0
5007060,-75,2
5011634,-11,X
5000794,-76,1
5010726,-27,C
5012181,-87,C
5003418,-30,C
5007705,-35,C
5003827,-10,C
5008897,-39,0
5008393,-77,0
5005953,-3,0
5006146,-15,C
5010237,-56,0
5000562,-40,C
5001644,-60,0
5004114,-87,0
5006105,-69,C
5003065,-51,C
5000262,-56,0
5005873,-58,C
5003454,-56,C
5003573,-78,X
5004402,-77,1
5006108,-82,C
5011922,-52,C
5012524,-86,C
5006550,-79,0
5001389,-73,C
5003585,-44,C
5011170,-1,0
5012906,-79,0
5008092,-64,0
5010467,-77,0
5012671,-79,X
5006063,-46,0
5011990,-69,C
5012235,-67,C
5007105,-65,1
5013581,-92,0
5005346,-32,0
5003297,-72,C
5007602,-42,0
5007073,-5,C
5004902,-63,0
5011391,-35,0
5007136,-18,0
5002146,-80,0
5011886,-72,X
5006253,0,C
5009330,-54,C
5000851,-38,C
5012406,-47,2
5005383,-12,C
5001000,-29,C
5004643,-79,1
5008573,-40,1
5013564,-7,C
5012287,-39,0
5008772,-13,0
5010168,-47,C
5006894,-6,0
5003805,-48,C
5012355,-18,X
5002650,-30,1
5007101,-94,0
5003063,-63,C
5000423,-56,0
5000254,-87,0
5011487,-46,X
5001018,-70,0
5000649,-53,0
5006344,-33,0
5012649,-94,0
5003648,-20,C
5006562,-30,0
5006391,-84,0
5005990,-66,C
5010973,-93,0
5001370,-52,1
5003407,-27,1
5008642,-78,C
5000932,-50,C
5004062,-17,C
5006277,-18,1
5003844,-88,0
5008982,-20,C
5011716,0,0
5005269,-40,0
5010576,-64,C
5004079,-62,C
5009621,-84,2
5012857,-70,C
5005458,-17,0
5001932,-89,0
5002712,-12,1
5013434,-54,0
5014085,-29,1
5011941,-11,1
5010907,-54,C
5010299,-30,1
5010057,-5,0
5002601,-5,0
5011627,-90,0
5006003,-42,0
5010857,-18,0
5003238,-30,2
5009580,-92,C
5003969,-53,1
5008457,-81,C
5009656,-23,0
5001338,-20,X
5004317,-42,C
5014030,-76,C
5007131,-95,0
5013990,-17,0
5004026,-59,C
5007582,-67,C
5009771,-36,C
5014074,-6,C
5001263,-57,0
5004880,-9,X
5012386,-52,C
5004482,-79,C
5002358,-82,C
5003414,-35,0
5003560,-85,C
5007526,-75,X
5002654,-40,X
5000985,-11,2
5001892,-3,C
5010926,-50,C
5008251,-44,1
5013255,-6,C
5000016,-31,0
5004624,-1,0
5006306,-32,C
5001318,-47,C
5007358,-66,1
5012613,-64,X
5000073,-11,0
5004683,-9,1
5013976,-60,1
5003638,-56,0
5012103,-42,0
5009356,-47,0
5014621,-46,C
5012953,-8,C
5001050,-28,1
5014762,-41,C
5001188,-20,0
5000876,-66,C
5009876,-85,C
5014617,-55,X
5009607,-2,C
5010304,-60,0
5012737,-82,C
5001952,-4,0
5013326,-83,0
5010705,-76,0
5001450,-40,C
5011815,-11,C
5005646,-55,C
5001859,-78,0
5014665,-91,C
5000512,-32,C
5009077,-9,0
5009776,-34,0
5000050,-10,0
5006792,-59,C
5014510,-28,1
5006292,-72,1
5010190,-57,C
5008258,-77,2
5002964,-23,1
5010122,-10,C
5003355,-25,2
5001224,-75,0
5011644,-17,0
5005894,-73,1
5000607,-86,0
5010912,-73,0
5014635,0,C
5005052,-60,0
5014493,-23,C
5011850,-36,1
5007910,-26,0
5004596,-85,0
5003417,-47,2
5003310,-90,0
5001962,-61,0
5004671,-90,0
5008152,-28,2
5005978,-7,2
5006540,-71,1
5010866,-25,X
5006357,-47,1
5008296,-8,0
5001787,-48,C
5010132,-53,0
5010219,-92,C
5006044,-16,C
5010903,-32,X
5005153,0,0
5009539,-56,C
5002455,0,C
5013186,-60,C
5012091,-20,C
5013275,-29,0
5013659,-40,0
5004943,-32,0
5002513,-36,C
5012979,-16,2
5001630,-50,0
5007436,-63,0
5008331,-65,C
5000570,-68,C
5003107,-4,0
5005965,-26,1
5008325,-16,C
5010760,-29,C
5009728,-71,0
5006402,-50,1
5004668,-87,0
5000371,-41,C
5005852,-65,0
5002517,-60,1
5010063,-57,1
5001694,-76,1
5011535,-86,C
5007226,-42,0
5011786,-63,C
5007813,-83,2
5010134,-63,0
5011782,-26,2
5006524,-18,0
5005385,-57,C
5012928,-10,C
5012447,-16,0
5012957,-13,0
5001145,-66,0
5014341,-20,C
5005396,-28,0
5002314,-44,0
5004686,-41,0
5005890,-62,C
5005485,-47,X
5014028,-53,0
5014583,-25,C
5006040,-77,C
5011315,-78,0
5003103,-61,0
5012789,-85,C
5004902,-2,2
5001499,-11,0
5013049,-44,C
5003006,-83,1
5010882,-15,0
5002719,-54,0
5004881,-92,0
5010126,-23,1
5003569,-92,C
5000229,-58,0
5005867,-11,C
5003009,-91,C
5005556,-1,0
5006367,-60,C
5011484,-8,0
5005449,-91,0
5001998,-30,0
5005918,-14,2
5008611,-47,C
5010191,-32,C
5004506,-50,0
5000011,-48,C
5010797,-54,C
5001178,-47,C
5008289,0,C
5009081,-8,0
5000594,-65,0
5003755,-82,C
5000532,-23,C
5002467,-53,C
5004622,-22,2
5005550,-55,0
5010152,-62,0
5001937,-56,0
5001887,-4,C
5013786,-88,0
5005179,-36,C
5008826,-3,C
5010426,-45,C
5013281,-25,1
5004361,-69,C
5011004,-74,C
5001572,-84,C
5002149,-38,0
5000999,-55,0
5002955,-5,0
5011877,-38,C
5001242,-42,C
5005679,-54,C
5004556,-92,2
5013325,-86,0
5000826,-14,0
5011659,-76,0
5002453,-60,0
5008410,-24,0
5010136,-14,0
5010915,-51,0
5008048,-57,C
5008786,-85,0
5006814,-65,1
5003075,-56,C
5002334,-21,0
5002692,-65,0
5005731,-53,C
5003237,-45,0
5005784,-8,C
5014914,-35,C
5012336,-82,C
5012314,-64,0
5013038,-44,2
5001030,-1,1
5001819,-9,C
5004339,-80,C
5000530,-86,C
5002129,-30,C
5007655,-75,C
5013090,-57,C
5005226,-49,C
5002060,-56,0
5012854,-17,C
5008436,-88,C
5010053,-92,0
5006448,-29,2
5004655,-77,C
5010696,-34,1
5010957,-87,0
5000547,-74,0
5002145,-76,X
5013545,-25,C
5012384,-74,C
5002033,-52,0
5009470,-67,0
5006865,-42,0
5013065,-48,C
5013398,-87,0
5012958,-12,0
5010317,-11,0
5010405,-92,C
5012557,-8,C
5002658,-58,1
5005712,-14,C
5000086,-72,0
5001072,-28,0
5009019,-51,C
5013943,-77,1
5001332,-10,C
5008804,-29,C
5012728,-12,C
5009809,0,X
5007257,-56,C
5008186,-68,0
5005836,-52,C
5008913,-52,C
5010725,-33,0
5003618,-32,C
5014319,-89,0
5013905,-84,0
5004436,-59,0
5003084,-75,0
5000194,-41,1
5001900,-72,0
5007109,-94,0
5001836,-63,0
5001623,-27,0
5010508,-77,1
5012552,-38,0
5011348,-90,0
5004323,-93,C
5000699,-26,C
5008126,-48,C
5005937,-47,C
5003377,-21,1
5002598,-57,C
5010539,-23,0
5001403,-51,0
5004895,-9,C
5007602,-1,0
5002147,-93,C
5001480,-12,C
5008692,-5,0
5005577,-26,C
5008662,-88,C
5007524,-81,1
5001131,-27,C
5005671,-29,1
5009377,-19,0
5007532,-33,C
5000331,-11,C
5004828,-57,0
5008915,-95,C
5002305,-49,0
5001096,-50,0
5013022,-33,C
5013481,-84,C
5007321,-88,C
5010587,-71,1
5000237,-27,0
5011760,-76,0
5005847,-49,C
5009875,-22,C
5005041,-25,0
5001549,-26,X
5005833,-95,C
5006056,-54,0
5008481,-71,C
5005194,-65,C
5002441,-37,C
5006446,-76,0
5012760,-71,C
5003050,-24,0
5007336,-82,0
5003854,-56,2
5006815,-32,C
5008777,-29,0
5012241,-46,C
5007175,-58,C
5010773,-66,0
5009722,-77,0
5009338,-27,0
5002117,-58,X
5011809,-56,C
5013202,-42,C
5008254,-20,C
5008654,-71,0
5001739,-93,C
5000750,0,0
5003025,-16,0
5011241,-45,C
5010254,-15,C
5005882,-52,1
5013434,-84,1
5003553,-62,0
5001844,-58,0
5004890,-36,X
5003602,-25,X
5001526,-56,0
5012957,-69,C
5012985,-7,C
5009294,-81,C
5011020,-7,X
5003772,-49,C
5012923,-12,1
5002378,-24,C
5012786,-84,C
5001568,-13,1
5008245,-33,C
5004872,-30,0
5009880,-18,C
5000996,-5,0
5000001,-21,0
5007063,-61,2
5000063,-89,0
5012481,-3,0
5009026,-9,1
5008136,-64,0
5006586,-31,C
5007069,-22,0
5002091,-50,0
5003416,-53,C
5006178,-86,C
5013433,-20,0
5013110,-44,C
5006897,-12,C
5002649,-12,C
5009281,-68,C
5001451,-79,0
5010459,-41,0
5003052,-53,C
5012295,-87,X
5008947,-41,C
5011542,-25,C
5006098,-35,C
5002762,-29,0
5010640,-73,1
5006822,-73,2
5001503,-27,C
5002122,-29,X
5003662,-84,X
5003564,-57,C
5011872,-80,2
5005204,-76,2
5006957,-89,C
5009334,-61,C
5003505,-22,C
5002344,-16,0
5000002,-23,0
5001336,-51,C
5013487,-49,0
5003508,-74,0
5010809,-77,1
5011446,-73,C
5007337,-39,C
5002455,-18,0
5005280,-92,1
5008149,-28,C
5011418,-77,0
5006611,-18,C
5014747,-47,C
5010496,-43,0
5010345,-23,C
5014509,-78,0
5002855,-88,0
5002760,-63,C
5008781,-46,C
5001960,-13,0
5005920,-63,C
5007522,-95,C
5011881,-26,C
5002027,-14,C
5009288,-76,C
5011448,-60,C
5004369,-6,C
5004036,-73,0
5007839,-18,C
5008441,-23,0
5000123,-7,1
5010926,-10,X
5000218,-7,0
5007426,-39,2
5013649,-18,0
5001615,-75,0
5011656,-90,0
5013994,-86,C
5014096,-92,0
5012091,-86,C
5005449,-29,0
5009108,-23,2
5001084,-40,C
5008665,-40,C
5007751,-83,2
5009471,-14,0
5006161,-26,0
5014508,-21,C
5009577,-2,0
5004471,-67,0
5007637,-71,0
5000071,-77,0
5013005,-77,X
5005005,-31,0
5005089,-2,1
5014331,-12,1
5007722,-55,1
5012736,-16,C
5005891,-49,C
5001301,-63,C
5002593,-83,X
5004241,-65,2
5013428,-51,C
5004780,-91,X
5012709,-87,0
5006610,-75,1
5005925,-94,C
5008369,-53,C
5012327,-80,0
5002589,-63,C
5012475,-89,1
5012095,-24,C
5001019,-36,0
5004760,-27,0
5006980,-10,C
5013809,-74,0
5012421,-48,C
5013880,-15,1
5007817,-14,1
5002099,-78,C
5008558,-4,0
5000637,-66,C
5002874,-36,0
5006084,-39,1
5014352,-32,C
5010319,-34,C
5004573,-10,C
5004083,-94,1
5009056,-73,1
5007534,-94,0
5010532,-31,0
5014112,-86,C
5004656,-73,2
5002614,-75,0
5013543,-3,C
5001618,-46,0
5008579,-90,C
5004089,-72,1
5007374,-52,1
5000663,-29,C
5005008,-88,0
5000047,-91,0
5011449,-23,X
5010160,-39,C
5012587,-2,C
5007186,-42,X
5003983,-42,X
5004584,-56,C
5013739,-88,C
5004450,-43,0
5006635,-47,0
5006405,-63,C
5010796,-17,2
5007117,-43,0
5010172,-37,C
5000340,-40,0
5014039,-50,0
5008203,-75,0
5013971,-33,1
5008861,-6,0
5012142,-81,1
5008100,-36,C
5002670,-1,X
5003321,-76,0
5002515,-57,C
5006371,-4,0
5007534,-3,0
5002990,-9,C
5004320,-36,0
5006129,-38,0
5003685,-30,0
5005929,-9,C
5013257,-9,C
5000289,-29,C
5005632,-36,C
5010401,-42,C
5012571,-74,C
5005777,-3,2
5000153,-8,C
5003950,-35,C
5011163,-66,0
5006789,-70,0
5006170,-30,1
5003709,-39,C
5007680,-26,1
5004466,-29,C
5001133,-48,2
5005737,-53,1
5008223,-20,C
5010962,-70,C
5001528,-31,C
5005411,-46,0
5011171,-49,0
5000527,-63,C
5011041,-24,0
5011261,-46,1
5014431,-50,0
5000743,-36,C
5001818,-44,0
5011441,-76,1
5000262,-74,2
5011946,-20,C
5009045,-10,C
5008233,-15,1
5005395,-69,2
5008996,-23,C
5005701,-57,C
5003414,-74,0
5003744,-43,0
5000263,-93,0
5009975,-25,C
5002268,-3,2
5010364,-15,0
5009551,-65,C
5012157,-86,2
5010883,-60,C
5002497,-24,0
5014536,-1,0
5009038,-11,1
5006141,-61,C
5010210,-94,0
5008451,-83,C
5012012,-4,C
5004715,-73,C
5009837,-7,C
5009319,-64,2
5002345,-69,0
5005648,-77,0
5005961,-17,C
5000651,-82,0
5003745,-95,C
5007743,-37,1
5000732,-33,C
5001607,-15,0
5009022,-38,C
5006137,-73,1
5010723,-57,1
5006370,-70,0
5005088,-77,0
5009570,-8,C
5000028,-19,0
5008492,-78,0
5003562,-69,C
5009532,-86,C
5012457,-86,0
5006110,-93,C
5009613,-76,C
5013806,-39,C
5000814,-86,0
5000567,-3,C
5002901,-81,C
5005633,-89,C
5009552,-34,1
5004990,-39,0
5002395,-64,C
5000531,-47,C
5014470,-42,C
5001119,-45,C
5006845,-72,0
5005994,-56,C
5006222,-76,C
5003795,-42,0
5006944,-55,0
5002339,-78,C
5001114,-66,0
5005666,-45,C
5014249,-71,0
5000255,-66,1
5009601,-31,1
5003282,-73,C
5005796,-16,0
5013153,-73,0
5010459,-69,C
5000294,-60,0
5002136,-37,C
5002445,-51,C
5009045,-54,C
5013388,-9,0
5008856,-27,0
5014513,-28,0
5000525,-4,0
5014236,0,C
5003487,-9,2
5004309,-83,C
5007992,-65,C
5014086,-39,2
5014663,-41,C
5005167,-61,0
5010556,-57,C
5000531,-1,0
5000844,-23,1
5005121,-82,X
5004733,-93,C
5007816,-24,0
5008714,-68,0
5014868,-33,C
5011711,-86,0
5009213,-29,0
5002600,-94,0
5007615,-90,0
5003333,-28,0
5003647,-54,C
5006326,-41,C
5002802,-37,C
5003841,-88,C
5006873,-39,0
5013612,-52,C
5010390,-31,1
5011054,-93,1
5014516,-21,X
5007176,-53,1
5000872,-15,1
5013510,-58,C
5001874,-72,C
5002851,-40,0
5010946,-22,0
5001582,-43,C
5013632,-14,C
5003991,-53,C
5012433,0,0
5001377,-61,C
5009167,-27,C
5002956,-15,2
5004670,-43,C
5006515,-51,C
5007511,-95,C
5010674,-74,C
5010091,-43,C
5011438,-78,X
5013255,-40,0
5014731,-40,C
5006069,-26,C
5005335,-33,0
5009164,-92,C
5009072,-40,C
5001932,-45,C
5011084,-33,0
5014457,-3,0
5000439,-4,0
5001791,-62,C
5013776,-2,1
5012952,-20,C
5006461,-56,1
5006699,-36,1
5007594,-49,C
5006500,-73,0
5010684,-43,C
5001668,-61,0
5014754,-12,X
5007060,-12,C
5003565,-47,C
5002981,-26,C
5011412,-56,C
5000947,-7,C
5012840,-20,C
5012790,-55,0
5010197,-8,0
5001528,-62,0
5014809,-62,2
5010255,-58,C
5003353,-95,0
5009430,-92,C
5001767,-69,0
5006351,-69,0
5013288,-23,0
5013071,-84,C
5005035,-52,0
5014892,-71,X
5003493,-38,0
5002867,-58,1
5006754,-4,0
5010942,-3,2
5014349,-21,C
5011609,-9,X
5004051,-90,C
5001496,-77,1
5005073,-88,X
5001201,-67,C
5008067,-32,0
5003037,-94,0
5012571,-4,C
5013721,-26,0
5010882,-58,0
5003893,-68,0
5007481,-37,2
5002642,-75,0
5007838,-24,C
5010491,-82,X
5011937,-15,C
5010387,-28,0
5008079,-48,C
5001631,-6,2
5013688,-69,C
5007840,-28,0
5000748,-53,C
5003873,-72,1
5010504,-2,C
5012726,-70,C
5002904,-65,C
5011177,-68,0
5003983,-92,X
5002811,-17,C
5009105,-47,0
5012502,-82,C
5001676,-93,0
5008404,-45,0
5012100,-45,0
5001011,-91,0
5009596,-18,X
5005439,-23,C
5010667,-88,C
5002502,-12,C
5005154,-31,C
5009153,-60,2
5000131,-82,1
5014708,-47,X
5011395,-24,0
5003056,-55,C
5005242,-46,C
5010346,-24,0
5008348,-6,0
5001203,-30,0
5002786,-8,0
5003396,-13,C
5011701,-32,0
5007668,-94,1
5009156,-44,C
5008164,-43,0
5014501,-21,1
5006063,-28,C
5013191,-87,0
5010365,-54,0
5014173,-17,1
5009334,-37,2
5000414,-93,0
5009228,-37,0
5010736,-54,0
5009090,-54,0
5002687,-90,C
5006287,-12,C
5005511,-26,0
5002795,-92,0
5014691,-65,C
5014261,-25,0
5002078,-56,0
5005983,-19,0
5007440,-19,X
5006670,-37,C
5000794,-50,C
5001167,-4,0
5011157,-21,0
5010349,-55,C
5001591,-94,0
5007034,-64,C
5005429,-19,0
5003610,-59,0
5009354,-76,1
5010407,-31,C
5014084,-24,0
5005177,-58,0
5010349,-85,C
5006492,-23,0
5007577,-36,0
5008421,-58,1
5013640,-94,0
5009703,-16,0
5000949,-72,C
5006549,-46,1
5011935,-4,X
5000162,-19,X
5008311,-63,0
5000594,-92,0
5005419,-75,C
5000369,-63,0
5013713,-95,C
5013261,-86,1
5002832,-47,0
5014521,-88,0
5002553,-13,C
5001775,-82,X
5004507,-39,C
5014198,-41,C
5009134,-94,0
5014693,0,0
5003122,-83,C
5011466,-69,0
5012071,-67,C
5005496,-64,C
5008716,-83,0
5008531,-28,0
5002833,-80,X
5013882,-10,0
5012977,-2,C
5011177,-65,0
5011593,-50,C
5006839,-42,C
5005329,-9,0
5000204,-21,1
5005034,-4,C
5003823,-44,C
5002315,-3,0
5008312,-59,1
5009954,-85,C
5011217,-10,0
5009036,-70,C
5000508,-22,X
5002953,-69,C
5002049,-86,C
5001645,-43,X
5012056,-62,1
5006330,-48,2
5002225,-12,2
5013731,-86,2
5002167,-79,C
5004818,-92,0
5011670,-95,C
5001343,-74,1
5013806,-41,0
5006235,-19,C
5008676,-23,C
5000492,-81,0
5011452,-95,2
5006190,-67,C
5011306,-68,C
5013827,-58,0
5012866,-46,C
5003419,-18,0
5010769,-89,C
5009489,-18,1
5003125,-82,C
5009657,-88,2
5005041,-49,0
5014180,-74,X
5014465,-19,0
5004053,-36,2
5000708,-16,C
5010542,-93,C
5008034,-64,0
5004742,-1,C
5006961,-59,1
5010543,-29,0
5013100,-43,C
5010146,-5,0
5011411,-35,C
5004727,-11,0
5003366,-27,2
5011772,-37,C
5003774,-48,C
5001564,-61,0
5000648,-38,C
5004452,-27,0
5005843,-18,0
5006676,-71,C
5013892,-53,C
5008091,-17,C
5010970,-31,0
5000268,-4,0
5011587,-12,0
5004220,-83,1
5003290,-86,C
5014452,-42,0
5000368,-78,C
5001324,-32,C
5009572,-23,0
5003394,-12,0
5013420,-50,2
5006443,-67,C
5003737,-5,0
5014590,-7,C
5014305,-21,0
5011998,-69,0
5011143,-59,C
5000938,-52,C
5010367,-18,2
5003686,-68,C
5002326,-95,C
5008755,-80,0
5011900,-92,0
5009261,-70,2
5009761,-15,0
5014791,-80,0
5009911,-11,C
5009330,-19,C
5004681,-37,0
5000826,-52,1
5011084,-25,X
5000989,-33,0
5008818,-75,C
5011498,-74,C
5007806,-62,2
5008198,-54,0
5001841,-49,2
5008191,-39,C
5002333,-16,0
5006763,-65,0
5013969,-19,C
5003680,-18,C
5001395,-43,C
5008233,-53,C
5007969,-32,0
5009133,-37,C
5002660,-69,0
5008371,-88,2
5006788,-67,C
5006906,-2,0
5007519,-64,0
5000891,-81,C
5007269,-85,0
5004775,-47,C
5002313,-70,2
5005694,-25,0
5012466,-87,2
5012380,-78,0
5003599,-2,0
5009229,-37,C
5012864,-6,0
5008638,-28,0
5007279,-31,X
5013900,-34,0
5006423,-44,X
5006535,-3,C
5007531,-84,C
5002269,-39,1
5011950,-38,C
5008808,0,C
5002441,-10,1
5010108,-6,C
5013669,-83,C
5009491,-40,C
5009614,-36,1
5003878,-28,X
5012336,-16,0
5011590,-9,C
5008667,-40,C
5008062,-63,C
5002420,-26,C
5012145,-1,0
5008523,-66,0
5011137,-57,0
5000454,-17,C
5000852,-82,C
5003244,-25,0
5004822,-69,2
5006824,-79,0
5008095,-2,0
5011813,-68,C
5012869,-42,0
5007630,-14,C
5009580,-21,0
5013195,-93,0
5004893,-29,1
5006376,-2,0
5004907,-12,C
5007957,-89,C
5014437,-26,2
5009950,-9,0
5007768,-33,0
5010473,-28,C
5007444,-47,C
5006322,-29,C
5009303,-83,0
5013427,-86,C
5012539,-65,1
5010786,-72,C
5013728,-67,1
5001509,-25,C
5009537,-16,C
5000008,-39,C
5013632,-68,0
5006975,-82,C
5012057,-8,1
5012743,-64,0
5004498,-85,0
5011886,-65,0
5007202,-46,C
5001137,-58,C
5008680,-22,0
5005291,-84,2
5012714,-5,2
5010642,-84,C
5011432,-7,X
5003500,-92,0
5002004,-2,1
5009609,-82,0
5008885,-8,0
5003022,-72,0
5011924,-81,0
5009333,-27,C
5003984,-11,C
5012815,-25,0
5002716,-13,X
5006715,-62,0
5001603,-47,C
5011092,-39,C
5002009,-90,C
5011511,-92,C
5003416,0,0
5007747,-95,0
5003803,-93,C
5013299,-20,C
5003199,-20,0
5002748,-60,0
5007905,-63,0
5009069,-76,C
5002651,-41,1
5010222,-58,0
5003604,-65,0
5005552,-59,1
5003967,-4,C
5012268,-8,C
5013162,-63,C
5013833,-89,1
5010642,-6,C
5006790,-23,0
5002076,-41,0
5012466,-78,0
5011886,-8,C
5014622,-13,1
5002488,-57,C
5003454,-45,0
5009328,-23,X
5003131,-92,X
5005717,-79,0
5008555,-44,0
5011412,-62,0
5000613,-33,0
5006103,-30,0
5007174,-28,C
5001123,-93,C
5007093,-5,C
5009742,-20,0
5008320,-20,C
5002529,-13,1
5004873,-75,2
5002867,-8,1
5006972,-35,1
5003737,-13,0
5002008,-28,2
5009900,-77,0
5009353,-34,0
5003477,-21,X
5009379,-78,C
5007852,-44,0
5010822,-32,0
5006809,-93,0
5005176,-8,0
5008232,-44,0
5003593,-22,C
5004065,-79,0
5013586,-11,C
5003991,-14,0
5005643,-77,0
5000561,-10,C
5014718,-40,0
5005963,-73,X
5012482,-29,C
5002171,-30,0
5003842,-2,X
5009309,-34,C
5011462,-72,0
5011891,-41,2
5002857,-48,C
5011917,-17,C
5003151,-65,C
5009367,-6,1
5011977,-30,X
5014576,-18,0
5000928,-44,C
5002994,-76,C
5007160,-50,0
5009902,-54,C
5009014,-64,0
5001634,-58,C
5011456,-82,X
5010347,-21,C
5008230,-35,0
5005745,-30,0
5006165,-60,C
5006314,-23,1
5008679,-27,0
5004187,-80,C
5010702,-54,C
5012666,-45,1
5007436,-51,C
5008167,-18,C
5009673,-11,C
5013515,-85,C
5011561,-87,0
5013445,-81,0
5010414,-21,0
5000352,-35,C
5010406,-8,0
5005373,-56,1
5003822,-33,C
5000565,-45,0
5008400,-33,C
5005604,-13,C
5000089,-48,0
5001097,-88,C
5005726,-7,0
5000059,-34,0
5013742,-84,C
5014561,-43,X
5001504,-57,0
5008474,-92,0
5004933,-29,C
5010290,-74,C
5010783,-77,0
5011944,-90,2
5004021,-82,2
5006929,-60,0
5000982,-75,C
5012928,-92,0
5004570,-41,C
5012368,-27,C
5012405,-91,X
5009083,-59,0
5002106,-1,0
5011256,-15,0
5008477,-87,X
5013183,-34,0
5010711,-23,1
5004553,-34,2
5004840,-16,C
5002467,-38,C
5002282,-88,X
5004663,-34,0
5002942,-86,2
5008038,-2,0
5003849,-11,0
5003977,-84,0
5012330,-79,C
5014599,-57,0
5013344,-67,C
5003029,-36,1
5006871,-87,C
5012889,-16,C
5000469,-92,C
5003559,-10,0
5005558,-41,C
5006235,-17,C
5002179,-55,C
5006499,-70,0
5010417,-28,C
5014102,-55,2
5002759,-77,0
5006242,0,1
5010067,-26,2
5009359,-76,C
5010836,-77,0
5008176,-4,2
5005346,-88,C
5000172,-32,C
5010708,-21,0
5008605,-68,2
5014404,-17,0
5010356,-87,C
5004963,-33,C
5004808,-1,X
5001543,-41,0
5001661,-32,0
5002672,-22,C
5006079,-23,0
5011496,-57,0
5014268,-7,C
5014242,-92,0
5001251,-73,C
5001258,-95,0
5012408,-17,0
5014766,-10,C
5006966,-60,0
5008272,-63,X
5011880,-74,C
5008811,-18,0
5014054,-28,0
5012343,-16,1
5006465,-49,0
5009113,-31,1
5010690,-59,0
5002769,-70,C
5007244,-84,0
5013961,-77,0
5002537,-77,C
5000713,-32,C
5013734,-87,C
5007387,0,0
5003569,-36,C
5000727,-38,C
5011722,-67,1
5006826,-57,C
5002666,-1,2
5003208,-48,0
5012991,-58,C
5003548,-17,0
5003304,-67,0
5007320,-79,C
5009245,-9,X
5005046,-72,0
5010057,-40,0
5011963,-4,0
5014361,-67,0
5011527,-19,0
5013457,-89,0
5011801,-13,C
5001185,-51,C
5012551,-27,0
5001185,-3,0
5013802,-3,2
5006838,-38,C
5014150,-74,2
5004652,-38,0
5005007,-75,0
5011500,-93,0
5007721,-78,C
5008450,-85,0
5000907,-68,C
5012998,-3,0
5012673,-44,C
5002233,-34,C
5003919,-47,C
5007989,-75,1
5014853,-47,C
5007954,-10,C
5005869,-22,C
5010473,-91,C
5013814,-4,C
5007898,-87,X
5014885,-43,C
5003321,-37,0
5011717,0,C
5009146,-4,0
5000730,-88,C
5007136,-6,0
5002242,-76,C
5012215,-79,0
5011066,-69,C
5009487,-3,C
5002616,-39,0
5005801,-43,0
5005026,-93,0
5007081,-3,0
5014388,-43,0
5009558,-32,C
5011863,-23,C
5001931,-44,0
5007627,-70,C
5002465,-25,1
5011166,-50,C
5008920,-4,0
5008657,-82,C
5002835,-16,C
5008938,-31,1
5006810,-45,C
5012634,-9,2
5006035,-79,0
5007784,-88,1
5013538,-80,C
5000654,-17,2
5006295,0,0
5000001,-49,0
5000558,-18,0
5011931,-41,1
5013138,-64,0
5000272,-67,0
5014396,-81,0
5008947,-41,0
5005788,-23,1
5005392,-75,0
5009011,-12,0
5000760,0,C
5001968,-87,C
5010521,-22,C
5012418,-20,C
5002901,-56,0
5008013,-88,C
5013149,-10,C
5011785,-43,0
5011510,-27,0
5004483,-46,0
5008570,-42,C
5007240,-1,C
5000556,-62,C
5008714,-91,0
5010969,0,0
5008345,-82,C
5008342,-81,C
5007424,-43,0
5008930,-46,0
5005961,-73,C
5004031,-83,C
5007260,-81,1
5006087,-70,C
5000074,-91,C
5009062,-70,0
5008568,-52,0
5000455,-16,C
5012890,-66,0
5012129,-83,0
5013496,-31,C
5014393,-27,0
5006743,-58,C
5004482,-94,1
5003669,-77,0
5007029,-60,2
5003840,-4,0
5011258,-30,C
5010573,-32,2
5000969,-1,C
5006199,-3,C
5007861,-12,0
5008376,-7,C
5007554,-4,C
5013285,-90,0
5004957,-92,0
5002807,-78,C
5003853,-43,X
5002079,-5,C
5000450,-15,C
5010813,-52,0
5004992,-2,C
5014925,-64,C
5004446,0,C
5002215,-3,C
5011400,-82,C
5005425,-86,C
5006805,-27,C
5013883,-26,2
5009251,-80,0
5002221,-26,C
5003787,-38,C
5011695,-88,C
5000089,-93,C
5014143,-77,X
5006287,-3,C
5002929,-54,C
5014615,-1,C
5009128,-81,C
5006411,-25,C
5007203,-83,C
5004259,-74,C
5003804,-56,0
5002029,-58,0
5007410,-91,0
5002355,-91,C
5000921,-92,0
5003825,-76,C
5014117,-54,0
5003204,-77,C
5006454,-88,C
5011794,-93,C
5002466,-48,0
5004740,-60,0
5008582,-50,2
5010079,-65,0
5000962,-41,0
5004415,-30,C
5010647,-3,0
5013012,0,0
5010629,-85,X
5012576,-23,1
5010118,-71,1
5005562,-65,C
5008517,-63,C
5006758,-68,C
5013093,-19,1
5014304,-83,0
5006018,-68,C
5011781,-56,0
5004559,-39,C
5011503,-81,0
5003085,-41,1
5012078,-26,0
5013577,-14,0
5010149,-33,0
5001308,-28,C
5007699,-87,0
5012513,-32,1
5007708,-6,C
5003768,-55,2
5013606,-70,C
5000960,-71,0
5001728,-52,C
5009583,-79,2
5010054,-42,C
5006774,-38,1
5005123,-26,1
5005750,-25,1
5002916,-12,X
5003822,-14,0
5002400,-29,C
5008353,-28,C
5005775,-52,X
5004476,-33,0
5007872,-6,0
5012872,-51,C
5009728,-2,C
5009478,-56,0
5003707,-27,C
5001534,-25,0
5007443,-28,0
5010775,-84,0
5008783,-29,C
5013477,-20,0
5007756,-48,C
5010326,-45,0
5013795,-64,1
5008300,-34,0
5013262,-11,0
5004517,-84,2
5005671,-49,X
5007905,-80,C
5003558,-10,0
5005248,-46,1
5010058,-54,0
5006679,-48,0
5000709,-90,C
5004119,-67,1
5009724,-49,C
5003780,-73,C
5004200,-56,C
5007050,-86,1
5009701,-94,C
5009121,-63,X
5003486,-53,0
5011129,-64,2
5012721,-65,1
5009136,-80,C
5011453,-90,X
5004517,-91,1
5000331,-23,C
5011989,-90,C
5002273,-92,0
5002220,0,C
5005352,-39,1
5012759,-41,C
5010870,-29,0
5013323,-55,C
5000061,-64,1
5013935,-16,0
5013894,-57,0
5014244,-71,C
5005741,-87,C
5008488,-31,0
5014005,-13,C
5007682,-78,C
5013258,-16,C
5000671,-33,C
5006686,-6,0
5014992,-32,0
5003553,-71,C
5005344,-21,1
5004758,-26,2
5011602,-9,X
5001208,-86,C
5014470,-32,0
5002885,-19,C
5006046,-57,C
5014206,-73,0
5008462,-31,C
5011453,-79,C
5014651,-51,C
5005449,-78,0
5007999,-15,1
5002162,-8,2
5012859,-47,C
5012937,-89,C
5003218,-87,C
5012608,-78,1
5004107,-20,0
5006218,-13,C
5000907,-67,0
5007570,-52,0
5011432,-14,C
5014875,-14,0
5014345,-11,1
5012210,-88,0
5014605,-25,0
5008846,-84,C
5012728,-4,0
5003951,-53,C
5006298,-53,0
5009908,-52,0
5005681,-14,C
5000770,-27,0
5004344,-83,C
5005226,-10,C
5006938,-79,C
5012258,-15,C
5012918,-39,1
5011943,-72,C
5007827,-66,0
5004248,-48,C
5000474,-84,0
5005488,-2,0
5010800,-90,C
5004926,-6,0
5007543,-63,C
5002806,-26,0
5001249,-73,0
5008169,-72,1
5013710,-50,C
5013535,-89,C
5001420,-75,C
5008350,-15,1
5007976,-44,C
5013635,-43,0
5011368,-67,C
5001773,-32,2
5000711,-8,C
5014764,-53,X
5007076,-20,0
5011582,-7,0
5007525,-76,C
5001574,-75,C
5013460,-60,C
5005336,-2,0
5012892,-12,1
5011196,-8,0
5006871,-36,0
5013130,-72,X
5009181,-20,C
5001519,-54,0
5005623,-29,0
5012038,-67,C
5001801,-92,0
5005745,-59,2
5001567,-8,0
5004889,-86,C
5006494,-40,C
5013984,-54,1
5004716,-7,X
5007376,-33,0
5004680,-33,C
5013205,-16,C
5010913,-18,1
5000087,0,1
5005425,-73,2
5006579,-63,0
5005889,-86,C
5010405,-5,C
5010648,-26,C
5012438,-54,1
5014526,-7,2
5012717,-6,C
5010744,-16,C
5007966,-6,C
5003738,-64,1
5008006,-64,X
5014232,-84,0
5003513,-34,C
5012848,-57,C
5006830,-62,0
5012261,-71,0
5009906,0,C
5012717,-81,C
5009677,-84,1
5006737,-20,C
5008065,-8,0
5004530,-95,0
5005502,-10,1
5001425,-35,C
5003856,-8,C
5009453,-73,C
5002424,-13,X
5007398,-25,C
5009642,-12,1
5011598,-39,1
5006027,-61,2
5012836,-41,0
5005505,-93,1
5000705,-75,0
5009578,-38,0
5008163,-81,C
5002353,-54,1
5011039,-82,C
5003910,-22,1
5012399,-16,0
5011897,-33,X
5000555,-48,C
5004618,-72,0
5013927,-19,1
5003890,-27,C
5012718,-92,X
5009855,-43,C
5005845,-53,0
5004407,-37,C
5014742,-83,0
5003024,-12,0
5013888,-62,C
5006915,-15,C
5002723,-60,1
5013109,-13,C
5013862,-94,0
5008261,-38,1
5013350,-78,C
5007104,-82,X
5010779,-81,0
5001863,-22,C
5008840,-40,2
5003806,-36,0
5009859,-8,0
5012860,-46,2
5011339,-73,1
5004943,-77,C
5010010,-75,0
5004278,-58,0
5013461,-93,C
5009373,-45,0
5006218,-92,C
5005087,-21,0
5009807,-44,1
5003199,-84,C
5013424,-34,0
5004092,-37,1
5002357,-64,C
5004184,-3,2
5009855,-31,X
5013720,-1,0
5010818,-9,C
5005781,-87,0
5003399,-13,1
5014233,-4,C
5010236,-50,X
5003073,-81,C
5001455,0,1
5014095,-38,0
5012405,-74,C
5009681,-36,0
5002835,-15,X
5012609,-60,2
5009879,-86,C
5011936,-53,0
5005134,-39,0
5004718,-53,2
5006268,-52,2
5009960,-84,C
5008307,-76,X
5008369,-3,2
5000998,-7,C
5000553,-85,0
5002310,-38,0
5009763,-81,0
5004343,-94,C
5003728,-12,C
5014504,-48,1
5005057,-59,0
5005261,-60,C
5010167,-34,C
5010514,-76,C
5000296,-58,0
5004309,-48,0
5007453,-67,0
5004438,-92,0
5001634,-95,1
5011271,-23,0
5000768,-70,0
5005911,-41,C
5000941,-43,C
5001396,-72,0
5003979,-14,0
5013844,-22,0
5014250,-62,1
5003016,-34,0
5010011,-50,C
5003312,-63,X
5014626,-47,X
5013709,-93,0
5008042,-12,C
5004516,-53,1
5009067,-79,0
5010558,-8,0
5010432,-40,C
5010232,-11,0
5004970,-52,1
5003952,-55,0
5003370,-36,C
5012539,-66,C
5010069,-32,0
5014276,-54,C
5007421,-55,C
5011707,-39,C
5005804,-91,0
5007383,-59,0
5004598,-10,0
5013592,-45,0
5009723,-37,1
5009994,-66,C
5010225,-2,0
5000752,-39,C
5009096,-6,C
5012117,-26,C
5000251,-58,C
5001401,-78,C
5000072,-46,0
5003111,-63,C
5011589,-65,C
5007028,-36,0
5008368,-57,0
5004145,-14,2
5013176,-50,0
5008798,-4,C
5008388,-16,0
5011357,0,C
5000538,-6,0
5003521,-46,C
5009853,-54,0
5007884,-33,0
5014881,-41,0
5007521,-52,0
5010826,0,1
5008874,-79,0
5000287,-14,X
5009653,-54,1
5007847,-15,0
5002716,-46,C
5012773,-81,0
5000363,-78,C
5011438,-7,C
5012222,-86,2
5004238,-42,C
5007958,-22,X
5013984,-33,C
5009658,-81,C
5010315,-83,C
5002714,-4,1
5009118,-50,X
5003163,-56,0
5013354,-66,0
5010387,-21,0
5007136,-32,0
5010562,-12,0
5004362,-42,0
5003339,-74,C
5005970,-52,0
5000334,-46,1
5005555,-56,0
5013671,-88,C
5009389,-94,C
5003378,-12,0
5010659,-58,0
5008808,-23,1
5014422,-76,1
5010207,-83,0
5013926,-80,C
5010099,-48,2
5013310,-7,0
5000089,-15,1
5009733,-19,C
5009021,-7,0
5005710,-89,2
5003674,-2,0
5005594,-10,C
5010015,-94,1
5000170,-66,C
5009878,-22,0
5005718,-47,1
5004840,-4,C
5008113,-5,0
5011420,0,C
5007353,-44,0
5009118,-92,1
5006752,-88,0
5007227,-87,C
5006808,-20,C
5014389,-80,2
5007273,-16,C
