SK_ID_CURR,SK_ID_BUREAU,CREDIT_ACTIVE,DAYS_CREDIT,CREDIT_DAY_OVERDUE,AMT_CREDIT_MAX_OVERDUE,AMT_CREDIT_SUM,AMT_CREDIT_SUM_DEBT
109011,5000000,Active,-460,0,14039.54,303797.73,131129.11
103249,5000001,Active,-1387,0,1292.05,111128.69,9893.64
200640,5000002,Closed,-2181,0,1701.78,417633.38,370455.77
108747,5000003,Active,-2286,0,12716.53,1284.14,58238.93
100965,5000004,Closed,-27,0,10459.78,70590.0,76340.93
105834,5000005,Closed,-2862,0,542.44,199776.76,199157.11
107328,5000006,Active,-1206,0,1992.81,12841.1,56492.52
200109,5000007,Closed,-1924,0,6702.77,760226.58,34376.83
101404,5000008,Active,-2905,10,1657.75,45691.61,38530.91
100434,5000009,Active,-2409,0,46.54,81075.34,34943.05
107970,5000010,Closed,-2265,0,8833.66,257395.36,119554.07
104688,5000011,Active,-1349,0,5062.11,165978.38,44488.33
107200,5000012,Closed,-2058,0,4280.06,92262.06,630.39
200708,5000013,Active,-820,0,56.22,114652.14,31484.95
105875,5000014,Active,-1628,0,3222.19,95435.14,6169.31
100092,5000015,Active,-2780,0,3955.11,382989.94,101807.76
109967,5000016,Closed,-1632,0,2625.49,98395.73,36261.37
108304,5000017,Closed,-147,0,905.51,187513.4,37229.66
105193,5000018,Closed,-2404,0,2528.25,113661.2,10691.92
103234,5000019,Closed,-366,0,4522.85,222413.09,42085.77
103897,5000020,Closed,-2596,0,9496.37,902488.87,2924.03
103038,5000021,Active,-2298,0,233.76,196102.54,75304.16
106854,5000022,Active,-1326,0,2438.2,95124.65,70029.4
100933,5000023,Active,-1930,0,1042.98,222271.87,38587.51
108876,5000024,Active,-797,0,32.75,137504.63,142338.16
201018,5000025,Closed,-1600,0,2188.24,168868.57,76907.37
106464,5000026,Closed,-2956,0,1786.76,134674.65,39560.67
109074,5000027,Active,-1315,30,7163.82,87638.0,86147.04
104486,5000028,Closed,-1294,0,3979.29,333179.94,70247.48
102424,5000029,Closed,-2682,0,17497.58,295937.82,18763.99
102006,5000030,Closed,-494,0,9757.51,249953.35,158167.2
200870,5000031,Closed,-2299,30,4096.28,18862.42,73973.47
107197,5000032,Closed,-542,0,6611.61,87771.19,78478.41
105590,5000033,Closed,-1173,0,4084.79,58276.8,57186.72
103080,5000034,Active,-416,0,2685.91,606899.22,113187.73
107622,5000035,Closed,-1327,30,6577.87,55730.28,42838.91
102531,5000036,Closed,-2182,0,46.76,232892.59,50392.1
107867,5000037,Closed,-1329,0,690.13,440342.89,4271.87
101650,5000038,Closed,-2189,0,555.41,46078.76,84338.03
108293,5000039,Closed,-1413,0,11961.9,63675.33,64147.81
101404,5000040,Active,-1563,0,19994.65,512686.84,15597.68
105637,5000041,Closed,-1874,0,10542.94,8316.39,118084.88
103492,5000042,Closed,-495,0,1636.37,461918.13,2435.56
200858,5000043,Closed,-873,0,5123.98,192321.32,72091.86
101108,5000044,Active,-418,0,2635.42,3051.15,20112.54
200581,5000045,Closed,-1885,0,103.4,70564.12,27564.78
104258,5000046,Closed,-821,0,1947.73,42794.9,81828.09
104446,5000047,Closed,-617,0,1866.23,400573.42,250906.85
103767,5000048,Active,-2586,10,639.59,13668.92,1280.55
109944,5000049,Closed,-2925,0,1702.44,701669.53,3062.57
104631,5000050,Closed,-536,0,3791.13,245942.42,22563.18
109298,5000051,Closed,-801,0,3581.33,75521.68,19570.05
106513,5000052,Active,-1240,0,20217.89,104619.61,429.35
107345,5000053,Closed,-1118,0,9805.02,152255.55,173045.86
100364,5000054,Closed,-1004,0,5959.15,9021.98,65300.85
108931,5000055,Closed,-2829,0,2840.1,335526.43,3452.25
105269,5000056,Active,-518,0,4194.04,198222.2,24818.62
104774,5000057,Closed,-262,0,583.39,90542.49,153570.07
104323,5000058,Closed,-2969,0,4088.19,420515.8,62472.15
101884,5000059,Active,-1316,0,195.56,150802.11,245788.68
108403,5000060,Active,-1017,0,586.68,46267.21,36021.55
103884,5000061,Closed,-1150,0,273.68,76847.94,256016.03
101525,5000062,Closed,-440,0,10537.02,236005.51,40197.64
106824,5000063,Closed,-1173,0,192.86,119115.53,114804.98
108678,5000064,Closed,-58,0,1117.46,19724.02,44218.52
102989,5000065,Active,-1549,0,5176.75,79525.47,113379.7
200663,5000066,Closed,-133,0,3654.68,66485.67,94942.82
101518,5000067,Closed,-1874,0,481.44,31132.57,74560.04
103810,5000068,Closed,-1052,0,617.09,26111.54,53656.37
201880,5000069,Active,-382,0,5908.44,175043.69,114912.99
100140,5000070,Active,-2331,0,16155.61,15745.29,60232.33
105406,5000071,Closed,-2493,0,4267.52,187229.38,194151.24
105620,5000072,Closed,-1016,0,4969.72,157523.18,42231.26
107599,5000073,Closed,-1027,0,231.25,184511.9,258979.12
107417,5000074,Closed,-161,0,3405.56,504252.8,27018.1
201648,5000075,Closed,-2673,0,316.27,629272.3,22512.98
101012,5000076,Active,-91,0,3428.92,48675.15,94155.24
105281,5000077,Closed,-2860,0,5089.23,127053.73,163551.87
105048,5000078,Closed,-1374,0,8569.88,245269.02,42850.04
100050,5000079,Closed,-2756,0,11583.63,131834.74,59290.04
103746,5000080,Closed,-902,0,3141.92,155998.59,119372.54
106949,5000081,Closed,-269,0,4351.94,200692.42,57239.17
106785,5000082,Closed,-2249,0,5026.78,394521.48,76112.31
201173,5000083,Closed,-861,0,13731.24,72818.27,76687.06
108964,5000084,Closed,-1325,0,4111.53,251511.06,78906.44
100201,5000085,Closed,-595,0,6318.85,67332.56,134888.83
200890,5000086,Active,-2809,0,4478.48,106577.9,39044.87
104105,5000087,Active,-236,0,3727.6,417516.82,83175.25
106029,5000088,Closed,-2917,30,667.35,331159.48,52100.31
100633,5000089,Closed,-142,0,6479.53,32427.62,305148.01
102680,5000090,Closed,-1229,0,360.65,247133.87,123982.81
200087,5000091,Closed,-2043,0,12994.34,293010.41,72810.16
102916,5000092,Closed,-1005,0,8980.02,72615.79,99234.99
108111,5000093,Active,-2487,0,13631.25,410797.38,177419.11
103589,5000094,Closed,-1306,0,1494.28,9693.16,107996.8
104079,5000095,Active,-2325,0,3015.83,835733.37,33420.5
201091,5000096,Closed,-1795,0,3507.18,157216.94,80579.51
106851,5000097,Closed,-2733,0,12417.86,20758.1,32422.69
109523,5000098,Closed,-2624,0,8717.52,172568.92,27193.89
101006,5000099,Active,-481,0,3988.84,40514.22,191291.4
103498,5000100,Closed,-265,0,3184.83,207659.38,16147.83
100896,5000101,Active,-2056,0,908.39,30172.33,94985.55
108967,5000102,Closed,-427,0,720.63,207458.27,46359.04
102369,5000103,Active,-1805,0,1188.25,170583.71,4429.02
101182,5000104,Closed,-351,0,622.42,338116.68,4918.7
200539,5000105,Active,-1994,0,3168.68,73107.26,73790.27
200470,5000106,Closed,-795,0,7488.08,54130.02,93407.9
109479,5000107,Active,-186,0,858.11,295529.23,159760.0
101956,5000108,Closed,-2545,0,5984.58,327426.17,1239.64
200574,5000109,Active,-397,0,3387.8,72420.4,23274.46
103152,5000110,Active,-491,0,5603.47,86031.1,91489.62
102432,5000111,Closed,-541,0,5332.58,77381.73,53870.61
103207,5000112,Closed,-150,0,4052.53,406905.79,62969.08
103241,5000113,Closed,-592,30,7096.41,73904.43,20581.07
107863,5000114,Closed,-901,0,5785.34,199000.48,267102.02
104935,5000115,Active,-438,0,6289.87,197993.09,2347.43
106990,5000116,Closed,-693,0,7626.01,99100.06,85115.87
100683,5000117,Active,-400,0,1652.18,174487.98,87048.94
101695,5000118,Active,-620,0,12096.02,26676.41,38218.56
107503,5000119,Closed,-2635,30,30317.68,130000.73,54030.45
108053,5000120,Closed,-1107,0,7750.31,78455.26,47436.7
109882,5000121,Active,-37,0,1568.34,440510.29,109614.74
103802,5000122,Closed,-2119,0,646.89,23113.21,179397.78
108992,5000123,Active,-332,0,3734.02,26101.51,134426.83
105512,5000124,Closed,-264,0,28014.58,76779.81,6986.27
105846,5000125,Closed,-40,0,22042.3,125702.91,15968.36
100839,5000126,Closed,-2892,0,1501.65,145580.05,23894.39
108214,5000127,Active,-2564,0,2134.68,42771.83,295071.5
107842,5000128,Closed,-646,0,208.91,326139.19,121094.45
102525,5000129,Closed,-787,0,6267.06,717946.05,152867.67
101313,5000130,Closed,-1417,0,8570.22,74192.35,110524.36
100477,5000131,Closed,-2819,0,402.4,95343.61,152407.16
100486,5000132,Closed,-1782,0,2347.69,339864.09,90343.6
200416,5000133,Active,-15,10,14496.87,74599.65,309008.12
201538,5000134,Closed,-1923,0,8488.1,48833.38,10706.03
106566,5000135,Closed,-2152,0,6499.96,121132.91,16757.77
107624,5000136,Closed,-2057,0,5710.23,85966.58,99607.42
201317,5000137,Active,-991,30,791.34,132397.43,18650.43
103471,5000138,Active,-2038,0,1526.26,255234.55,371.28
108425,5000139,Closed,-996,0,28100.75,47227.59,49983.89
104788,5000140,Closed,-790,0,2201.06,134927.0,59795.88
108832,5000141,Active,-2323,0,3718.38,102068.14,12690.69
106068,5000142,Closed,-906,0,3552.71,98262.72,27414.9
105683,5000143,Closed,-2804,0,601.74,21472.38,45810.95
101651,5000144,Closed,-158,0,10219.37,103523.42,2636.93
109420,5000145,Closed,-415,0,3449.55,236580.71,85779.13
200054,5000146,Closed,-1195,0,12344.66,161661.56,27053.01
201449,5000147,Closed,-2859,0,13036.64,13428.72,100043.67
200534,5000148,Closed,-2740,0,19375.52,232584.82,5999.94
104503,5000149,Closed,-2156,0,13717.98,350970.52,176214.94
109851,5000150,Closed,-65,0,9042.27,149723.98,27503.99
107590,5000151,Closed,-2660,0,1631.67,310643.52,99113.89
102019,5000152,Active,-2299,10,602.15,26319.54,79469.91
105872,5000153,Active,-934,0,9821.22,38147.74,28465.87
108118,5000154,Active,-2811,0,1490.08,10722.59,22597.19
103852,5000155,Closed,-2738,10,393.09,378081.38,11832.8
107223,5000156,Closed,-949,0,3877.74,138000.75,320415.88
101475,5000157,Closed,-2379,0,311.93,159747.01,10314.31
100069,5000158,Closed,-1742,0,13375.39,280472.46,38745.91
105575,5000159,Closed,-1869,30,570.08,66681.57,938.66
104760,5000160,Closed,-1855,0,12169.17,114905.45,10282.45
103651,5000161,Closed,-179,0,5208.08,153825.46,81832.91
109290,5000162,Closed,-376,0,5512.0,329036.23,122303.02
200954,5000163,Active,-177,0,2862.89,363394.12,41520.28
105008,5000164,Closed,-110,0,1220.76,126714.04,23231.06
108591,5000165,Active,-1487,0,2750.87,274518.06,73558.91
104291,5000166,Closed,-2200,0,1010.67,140353.02,82172.11
104182,5000167,Active,-1663,0,9120.17,404979.21,11314.64
201641,5000168,Closed,-2880,0,4055.1,60201.39,80054.3
101235,5000169,Closed,-2652,0,464.08,46186.53,9452.22
201631,5000170,Active,-1832,0,6027.95,67328.62,59320.43
107007,5000171,Closed,-777,0,5605.91,512262.1,25029.94
103736,5000172,Active,-2691,0,18634.71,354079.19,163342.43
103021,5000173,Active,-2238,0,428.86,253306.64,55922.8
104309,5000174,Active,-1718,0,2170.03,92808.84,106058.23
101262,5000175,Closed,-1875,0,20793.72,8066.29,141262.66
102047,5000176,Active,-67,30,587.77,434608.66,73281.19
104419,5000177,Active,-2865,30,6812.46,150260.71,229090.98
106394,5000178,Closed,-2424,0,11672.07,76085.3,68291.69
105960,5000179,Closed,-222,0,3820.17,54914.59,13868.52
101282,5000180,Closed,-382,0,6162.85,6010.23,43130.99
105462,5000181,Closed,-2431,0,7449.06,16007.07,1472.5
106497,5000182,Closed,-1674,0,2082.99,39337.9,139858.03
106292,5000183,Closed,-1108,0,5709.36,55831.13,76463.28
201056,5000184,Closed,-1201,0,4530.12,171346.44,73589.03
100554,5000185,Closed,-2975,0,4734.32,103202.68,59873.94
103247,5000186,Active,-1747,0,4544.76,24982.82,43824.6
106179,5000187,Closed,-2480,0,568.45,80596.58,31207.01
108763,5000188,Active,-807,0,10140.85,34851.62,30625.85
102427,5000189,Active,-1627,0,7439.25,25676.98,59545.47
105573,5000190,Active,-1931,0,5997.8,66131.28,37950.17
108101,5000191,Closed,-1112,0,2332.11,72782.04,129845.24
100259,5000192,Closed,-1229,0,2056.03,166239.67,11121.41
101514,5000193,Closed,-1814,0,1226.87,119740.75,108256.86
108094,5000194,Closed,-2447,0,10522.91,61417.91,63437.19
200329,5000195,Active,-836,0,47.36,116469.37,16209.97
108280,5000196,Active,-1742,0,13554.3,110005.98,33011.01
108035,5000197,Closed,-1422,0,4048.31,205658.18,44871.13
107513,5000198,Closed,-2102,0,12692.29,57328.54,10571.65
100228,5000199,Active,-2027,0,7145.7,4813.22,107657.0
105934,5000200,Closed,-2591,0,18301.68,172531.8,64636.57
106004,5000201,Active,-2830,0,15441.94,151666.75,10287.31
102170,5000202,Closed,-1279,0,4153.72,156010.11,4973.67
104994,5000203,Closed,-1290,0,355.34,177546.45,6228.68
200241,5000204,Active,-1908,0,1255.56,3161.75,11890.04
108297,5000205,Closed,-2699,30,3989.05,815064.79,52247.48
104884,5000206,Closed,-2881,0,830.79,44485.98,4640.54
201191,5000207,Closed,-1942,0,2155.54,2488.29,98766.43
108386,5000208,Closed,-6,0,12666.78,304498.1,11990.06
201953,5000209,Closed,-48,0,5149.97,117689.43,32860.15
100911,5000210,Closed,-2207,0,4746.25,32886.77,32664.08
103941,5000211,Active,-274,0,7846.14,361167.06,79563.64
102510,5000212,Closed,-110,0,1599.71,233048.25,51718.14
105987,5000213,Closed,-735,0,2897.58,321680.64,273829.62
109144,5000214,Closed,-1957,0,3519.05,8200.85,83470.55
101916,5000215,Closed,-1581,0,727.33,30486.6,100601.05
106698,5000216,Closed,-2910,0,1722.22,154948.75,82984.75
107248,5000217,Closed,-600,0,191.59,854697.98,93971.52
200379,5000218,Active,-2033,0,16139.96,145315.0,41668.26
104088,5000219,Closed,-1199,0,8582.61,55095.34,74186.09
100012,5000220,Closed,-1310,0,5684.7,12162.65,73258.18
101235,5000221,Active,-2686,0,234.77,60482.95,206004.8
100152,5000222,Active,-2708,0,4076.08,66569.43,172279.17
104971,5000223,Closed,-714,0,14139.69,218294.07,20041.73
104588,5000224,Closed,-1787,0,17089.13,110093.0,118771.49
106618,5000225,Active,-521,0,1202.51,246891.17,31348.02
100034,5000226,Closed,-2301,0,4371.82,107489.17,41327.0
200000,5000227,Closed,-1726,0,138.65,94156.1,34782.66
107487,5000228,Active,-1890,0,891.72,82280.78,19807.77
106629,5000229,Closed,-823,0,2517.96,147087.81,92686.23
106313,5000230,Closed,-593,0,801.12,412416.56,63440.35
107608,5000231,Closed,-2644,0,4672.87,197153.14,38632.47
104929,5000232,Closed,-2101,0,1400.5,209890.45,19466.25
101049,5000233,Active,-47,0,1268.35,192985.98,48217.08
201637,5000234,Closed,-679,0,5995.13,550244.02,44786.13
104185,5000235,Closed,-2832,0,3077.4,173815.23,51883.71
102562,5000236,Active,-2171,0,2351.52,61175.17,31421.93
104331,5000237,Active,-229,0,6163.57,274837.87,93824.5
101187,5000238,Closed,-2977,0,14579.5,28109.51,129699.13
201793,5000239,Active,-2629,0,1892.85,269591.1,155507.03
100854,5000240,Closed,-2395,0,755.22,67360.51,48586.16
105177,5000241,Closed,-50,0,3663.03,202485.03,143017.61
102036,5000242,Closed,-1938,0,1636.78,202494.08,23206.61
107581,5000243,Closed,-135,0,590.56,276273.34,27641.74
102381,5000244,Closed,-1328,0,2548.73,82555.08,54516.46
201749,5000245,Active,-194,0,2931.09,315424.53,79839.26
105125,5000246,Active,-2489,0,3630.5,309769.89,19143.93
200392,5000247,Active,-1141,0,1994.2,103336.88,263252.74
103445,5000248,Closed,-2689,0,1957.0,137115.35,141578.49
104188,5000249,Closed,-76,0,13531.45,283747.39,128106.8
104622,5000250,Closed,-2218,0,11034.32,84614.0,75681.52
108006,5000251,Closed,-1023,0,1403.79,462119.75,99484.26
100789,5000252,Closed,-134,0,7922.01,203999.82,71767.25
105070,5000253,Closed,-2117,0,4601.84,84883.59,183202.62
107451,5000254,Active,-1179,0,4390.96,22719.26,136058.77
102628,5000255,Closed,-1509,0,2252.68,210056.63,66955.08
104909,5000256,Closed,-2478,0,4760.27,244481.71,71198.12
107496,5000257,Closed,-2425,0,2111.87,34397.2,65257.72
103626,5000258,Active,-1380,0,3950.67,238807.01,60220.27
108421,5000259,Active,-1082,0,6811.51,1238.01,110272.93
108192,5000260,Active,-695,0,2621.32,119221.92,245.25
100085,5000261,Closed,-2194,0,9331.65,141114.15,55566.95
100057,5000262,Closed,-558,0,26174.8,312904.0,50138.41
106706,5000263,Closed,-496,0,1970.07,596370.41,50269.29
103567,5000264,Closed,-2873,0,5845.29,204271.75,89152.55
104531,5000265,Closed,-793,0,10204.68,282318.03,6612.6
107931,5000266,Closed,-1779,0,3728.05,627891.9,5161.23
103256,5000267,Closed,-728,0,3467.09,20168.82,129173.69
107496,5000268,Active,-1916,0,6229.32,135894.63,18852.66
104614,5000269,Closed,-2901,0,1265.85,977556.29,3575.02
101513,5000270,Closed,-1275,0,3037.24,35006.87,325528.65
100317,5000271,Active,-911,0,4874.61,14808.55,81256.33
109205,5000272,Closed,-1101,0,5366.08,54572.97,11136.32
107677,5000273,Closed,-2364,0,3010.4,78332.22,2921.07
200237,5000274,Closed,-2572,0,6223.81,44034.94,288769.12
108636,5000275,Closed,-1667,0,1638.7,250225.99,124360.19
100039,5000276,Closed,-495,0,2111.55,148036.22,27651.21
106531,5000277,Closed,-2568,0,5889.29,72705.74,383093.42
201407,5000278,Closed,-2403,0,3358.09,363818.36,165957.22
104191,5000279,Closed,-591,0,3041.27,28271.37,5793.98
104425,5000280,Closed,-1741,0,4031.32,107090.53,171807.46
101606,5000281,Active,-628,0,1438.88,272487.0,24979.5
107807,5000282,Closed,-194,0,321.89,4397.38,317412.06
109403,5000283,Closed,-1295,0,315.99,359961.26,67091.56
103961,5000284,Active,-2044,0,7232.45,219188.02,34703.23
100893,5000285,Closed,-868,0,6107.87,150516.8,287598.67
105726,5000286,Closed,-2064,0,3124.84,13821.5,3817.19
200937,5000287,Active,-442,0,1921.28,353455.55,29447.25
101646,5000288,Closed,-2477,0,161.34,251829.49,68007.32
100154,5000289,Closed,-2949,0,1749.4,1051761.23,295.34
107572,5000290,Closed,-2289,0,5201.35,1369586.36,25296.7
201870,5000291,Active,-86,0,187.57,40628.26,73854.37
100024,5000292,Active,-2733,0,4131.51,348.62,6588.88
102098,5000293,Closed,-2646,0,332.74,22661.1,20953.13
200632,5000294,Closed,-1627,0,3652.47,16126.85,686.81
107715,5000295,Active,-875,0,526.17,12024.75,38392.88
107731,5000296,Active,-1159,0,8580.9,222153.91,10621.59
107491,5000297,Active,-2463,0,1293.66,47555.9,95086.45
109378,5000298,Active,-1274,0,10091.22,82411.69,139038.97
103208,5000299,Active,-315,0,12839.93,69179.17,57299.39
104579,5000300,Closed,-2768,0,12992.81,24624.99,5840.94
109042,5000301,Closed,-818,0,1869.54,179007.63,55136.25
105153,5000302,Active,-1775,0,6209.68,371458.33,192293.29
105156,5000303,Closed,-552,0,1422.6,134240.59,69391.24
106777,5000304,Active,-2141,0,1135.71,21712.52,114929.22
108085,5000305,Closed,-2427,30,3775.44,1207631.9,83837.29
107633,5000306,Closed,-342,0,3817.61,173933.4,129047.42
104864,5000307,Closed,-1503,0,15460.09,40099.68,34187.17
102790,5000308,Active,-175,0,2884.85,149485.75,973.49
109391,5000309,Closed,-1476,0,13913.01,113464.48,44176.84
102249,5000310,Active,-490,0,13390.31,539336.51,149852.98
102955,5000311,Closed,-1797,0,8416.67,128184.7,116653.17
108635,5000312,Active,-1688,0,12065.32,30541.44,103530.45
109950,5000313,Closed,-2562,0,1948.63,120741.97,14569.67
102994,5000314,Closed,-2666,10,21146.3,36220.46,52725.0
100115,5000315,Closed,-1931,0,503.07,222500.14,126683.23
101783,5000316,Closed,-1554,0,5302.29,740773.68,61665.82
103990,5000317,Active,-984,0,786.45,742903.74,24875.59
109709,5000318,Closed,-877,0,4364.66,140383.65,22027.65
105758,5000319,Closed,-599,0,737.93,378519.82,293552.5
200188,5000320,Closed,-1103,0,884.96,81758.95,36384.97
102037,5000321,Active,-735,0,14438.63,22949.46,37632.35
102903,5000322,Active,-13,0,643.73,204775.58,223118.12
106154,5000323,Closed,-1907,0,688.22,113757.01,135756.07
103314,5000324,Active,-2791,0,1508.37,102381.34,123654.68
102313,5000325,Closed,-2756,0,2006.83,263595.68,91935.04
200170,5000326,Closed,-2649,0,15.63,165721.56,49235.74
108830,5000327,Active,-2544,0,2859.68,63991.12,116665.07
106308,5000328,Closed,-427,0,3497.56,501982.92,1041.31
106905,5000329,Closed,-577,0,6234.66,16339.25,10940.1
103093,5000330,Closed,-2631,0,3609.37,568387.34,21390.13
100532,5000331,Closed,-1128,0,7494.62,29244.76,99715.38
102621,5000332,Active,-548,0,12642.44,8116.37,140184.79
102946,5000333,Active,-1247,0,328.04,20028.43,129209.13
100458,5000334,Closed,-2744,0,16483.64,363388.49,32340.98
109601,5000335,Closed,-2396,0,686.29,33811.36,99001.83
101448,5000336,Closed,-2034,0,2875.49,306708.95,128232.94
100947,5000337,Active,-1249,0,962.04,298910.23,50720.45
101675,5000338,Closed,-1804,0,12854.3,460714.33,444.27
105435,5000339,Closed,-106,0,294.67,613996.8,115127.7
200370,5000340,Active,-1132,0,12922.22,790802.49,19511.35
104110,5000341,Active,-371,0,2830.07,10261.07,44842.52
200707,5000342,Active,-2750,0,383.84,242960.52,220620.57
102519,5000343,Closed,-2560,0,5119.78,357066.22,126421.13
106476,5000344,Active,-1247,0,5332.51,162048.02,1720.3
109369,5000345,Closed,-1850,0,3825.25,141801.3,28762.0
200669,5000346,Closed,-2994,0,5839.56,52427.06,71725.98
107376,5000347,Closed,-660,0,5623.45,231681.33,146851.32
109606,5000348,Closed,-1851,0,6702.99,184388.1,15428.42
106961,5000349,Closed,-2487,0,631.55,524692.64,110287.27
103054,5000350,Closed,-1752,0,6006.29,40863.85,52220.7
109730,5000351,Active,-1851,0,5659.61,243467.79,166175.34
102455,5000352,Closed,-1351,0,1598.99,788064.2,21298.62
108017,5000353,Closed,-449,0,6353.54,18411.18,71112.89
104066,5000354,Active,-884,0,220.49,75484.8,94539.66
109282,5000355,Active,-397,0,16132.44,34363.07,251201.1
104836,5000356,Active,-2662,0,1248.43,170312.92,34712.4
101538,5000357,Closed,-2607,0,1406.15,261029.32,217289.33
104070,5000358,Active,-1409,0,3625.21,263702.5,122685.49
200591,5000359,Closed,-960,0,816.52,6559.32,242843.35
103156,5000360,Closed,-2640,0,3930.48,94730.33,19595.55
200826,5000361,Closed,-537,0,3597.57,221755.88,115583.05
102881,5000362,Active,-2895,0,2303.27,69441.43,42395.75
103502,5000363,Active,-671,0,1768.86,102692.52,157465.37
200292,5000364,Active,-2905,0,687.05,209901.99,144481.44
100013,5000365,Active,-1894,0,9789.2,886672.15,23232.98
201884,5000366,Closed,-1508,0,5796.24,86078.3,318011.13
103810,5000367,Closed,-1576,0,1265.55,271673.47,377697.21
100217,5000368,Closed,-1529,0,5598.4,126569.88,43466.46
201947,5000369,Closed,-2892,0,3861.5,139656.01,8973.75
106281,5000370,Active,-1455,0,1045.81,5604.71,274015.88
200923,5000371,Closed,-369,0,7763.81,243366.87,5631.48
106032,5000372,Active,-2894,0,18915.13,263235.64,33621.09
106976,5000373,Closed,-1194,0,5677.62,431179.66,202805.33
106196,5000374,Closed,-200,0,706.94,190103.98,37388.1
100120,5000375,Closed,-520,0,464.49,172161.94,37635.67
108152,5000376,Closed,-1566,0,3524.47,73772.06,131337.85
200969,5000377,Closed,-618,0,15975.18,186910.52,88382.22
108728,5000378,Closed,-1252,0,2639.66,235036.39,207011.24
100700,5000379,Closed,-1909,0,10563.82,294354.48,109584.04
200922,5000380,Closed,-61,0,12974.04,184873.14,65100.72
200578,5000381,Closed,-1469,10,7919.86,757514.44,99807.15
105087,5000382,Closed,-2007,0,2532.16,264263.95,83800.33
108599,5000383,Closed,-341,0,2418.57,152169.34,26791.71
200331,5000384,Closed,-771,0,6144.65,53393.44,28764.88
105881,5000385,Closed,-2786,0,3531.7,47326.9,15662.41
104012,5000386,Closed,-578,0,1047.48,654688.5,82169.95
105216,5000387,Closed,-1899,10,466.96,749312.14,35206.97
108893,5000388,Closed,-2894,0,4616.27,189054.59,15050.25
104930,5000389,Closed,-2247,0,5419.75,415579.07,9507.74
109563,5000390,Closed,-2941,0,2888.49,207129.96,20310.27
108071,5000391,Closed,-1903,0,20177.39,419283.87,96840.88
200918,5000392,Closed,-2427,0,1559.02,107454.31,56650.63
103081,5000393,Closed,-1663,0,1188.88,130737.54,40722.32
109213,5000394,Closed,-2981,0,2620.72,401996.13,80680.6
101499,5000395,Closed,-1108,10,1325.19,243789.52,358541.37
101521,5000396,Active,-606,0,1189.71,50556.5,124721.16
101130,5000397,Closed,-1513,0,4538.86,98906.04,211711.86
102765,5000398,Closed,-2147,0,474.34,211094.2,118635.5
200584,5000399,Closed,-805,0,10039.61,167367.89,244114.12
102861,5000400,Active,-1396,0,9706.08,349962.45,34903.69
201776,5000401,Active,-1673,0,1334.25,71513.21,30148.24
101103,5000402,Closed,-694,0,2567.54,162777.05,121400.63
100984,5000403,Closed,-2746,30,19529.44,377640.44,142095.82
200797,5000404,Closed,-19,0,4333.56,1226019.82,140854.06
103316,5000405,Closed,-38,0,3998.89,125145.32,107866.42
107513,5000406,Closed,-218,0,2280.65,57354.62,122848.93
102966,5000407,Closed,-2747,0,14297.92,142245.18,97836.48
101527,5000408,Closed,-2181,0,6261.99,405799.85,20958.62
200680,5000409,Active,-2457,0,15815.27,82719.09,265339.06
107730,5000410,Closed,-278,0,8204.37,549939.74,27284.25
200708,5000411,Active,-319,0,5283.49,300264.69,21087.99
105012,5000412,Closed,-1195,0,3142.7,822249.5,40459.36
200640,5000413,Closed,-2963,0,1479.73,42951.65,175420.68
106766,5000414,Closed,-233,0,10971.93,35407.57,135629.03
108651,5000415,Closed,-1007,0,3104.02,550577.68,47808.34
107599,5000416,Active,-2664,0,10164.51,179307.32,146478.86
108588,5000417,Active,-2851,0,5152.34,457969.03,64515.05
102137,5000418,Closed,-1335,0,1017.67,271397.46,5228.71
105905,5000419,Closed,-1344,0,2254.63,642171.64,199839.97
201907,5000420,Closed,-634,0,11533.62,35120.36,22964.63
105271,5000421,Closed,-2745,0,6559.05,150226.76,249722.85
107358,5000422,Closed,-2153,0,2704.68,73008.55,85542.15
102175,5000423,Closed,-2368,30,7649.94,126396.06,85610.15
100299,5000424,Closed,-2004,0,1539.33,38215.42,57703.95
107647,5000425,Closed,-2102,0,9012.13,62633.37,133785.05
103781,5000426,Closed,-1197,0,866.55,196623.42,4511.62
104141,5000427,Closed,-716,0,2103.72,106257.83,2131.77
105834,5000428,Closed,-2302,0,4990.95,224068.84,101683.13
109402,5000429,Closed,-2700,0,10094.52,136778.18,44574.53
108001,5000430,Closed,-466,0,11386.65,187389.85,98059.7
100948,5000431,Closed,-21,0,6101.54,6860.99,204.78
101095,5000432,Closed,-160,0,4062.04,151498.5,115858.33
201278,5000433,Closed,-951,0,1119.88,424106.02,3274.9
108559,5000434,Closed,-562,0,4157.99,26687.76,39142.01
102193,5000435,Active,-2248,0,243.16,462272.3,14140.25
107832,5000436,Closed,-565,0,864.9,164364.34,17378.02
100377,5000437,Closed,-2047,0,2491.29,538661.87,13323.23
107435,5000438,Closed,-789,0,191.06,58191.69,34657.91
105436,5000439,Closed,-1192,0,2028.31,9594.3,106712.32
105812,5000440,Closed,-1886,0,2648.75,19354.88,121016.38
103867,5000441,Active,-894,0,1515.19,210152.72,78674.74
105850,5000442,Active,-2617,0,11627.22,192499.31,168706.27
104776,5000443,Active,-681,0,1246.06,210646.11,26682.08
106495,5000444,Active,-2221,0,2681.07,85957.7,54393.05
102214,5000445,Closed,-519,0,1316.64,110875.04,13182.2
105754,5000446,Closed,-466,0,2049.28,66001.94,43851.68
108590,5000447,Closed,-1527,0,3584.16,707849.02,25178.1
104221,5000448,Closed,-2655,0,2014.0,33923.77,87733.43
108501,5000449,Closed,-1783,0,801.25,9485.31,34444.13
106806,5000450,Closed,-57,0,5119.43,96912.8,62516.55
103362,5000451,Closed,-1623,0,5207.37,727493.03,36917.53
105922,5000452,Closed,-1994,0,9430.55,649710.69,37532.85
101328,5000453,Closed,-1346,0,1974.29,626751.47,142663.66
103865,5000454,Closed,-1381,0,40.91,161951.77,89573.24
104449,5000455,Closed,-2122,0,3593.45,331761.91,65010.58
200233,5000456,Closed,-384,0,856.5,165022.6,32497.52
108707,5000457,Closed,-957,0,3336.24,139492.67,12961.73
108358,5000458,Closed,-2440,0,10737.99,243126.8,29389.22
109924,5000459,Closed,-2194,0,1037.3,522587.28,24173.67
106578,5000460,Closed,-2293,0,9902.47,76924.97,289640.69
109390,5000461,Closed,-1607,0,6678.83,20896.29,64248.65
101491,5000462,Closed,-845,0,1802.37,268586.27,75766.11
200084,5000463,Closed,-928,0,3768.44,106040.56,171401.33
103038,5000464,Closed,-2420,0,8920.24,147651.6,139792.16
109840,5000465,Closed,-738,0,4676.2,236558.79,21411.92
201354,5000466,Active,-2632,0,1584.4,93117.98,35375.77
107766,5000467,Closed,-2057,0,2528.86,58519.14,64939.01
103333,5000468,Closed,-792,10,9035.5,165373.92,43577.03
107493,5000469,Active,-1062,0,964.84,3182.12,375.35
105798,5000470,Closed,-82,0,12428.37,182310.08,53640.15
200327,5000471,Closed,-2860,0,5010.52,42767.14,5832.09
107567,5000472,Closed,-2519,0,615.39,234132.7,79720.97
107927,5000473,Closed,-1977,0,6811.5,228315.74,17760.28
200793,5000474,Closed,-325,0,444.3,459649.79,35810.34
201568,5000475,Active,-1396,0,14068.13,187687.4,3474.55
102950,5000476,Closed,-1616,0,214.85,39762.99,22779.4
103376,5000477,Active,-935,30,12984.0,12484.31,9583.39
108857,5000478,Closed,-2257,0,30670.37,32243.81,43639.68
201009,5000479,Closed,-1027,0,6291.81,16830.41,5052.34
100354,5000480,Active,-2458,0,1250.47,3175.96,69942.36
201465,5000481,Closed,-42,0,2234.34,85659.9,99921.68
103000,5000482,Closed,-2562,0,1483.4,338766.8,228338.03
200909,5000483,Closed,-2051,0,4070.38,178512.08,40071.05
106845,5000484,Active,-728,0,5646.62,235941.07,70478.49
107093,5000485,Active,-2342,0,1531.33,486212.66,55225.79
102250,5000486,Closed,-1608,0,413.3,27242.73,1792.66
103217,5000487,Closed,-2664,0,5993.76,175219.15,12031.91
100265,5000488,Active,-1623,0,9268.05,185866.83,267496.07
200884,5000489,Closed,-1808,0,7820.45,261424.09,43254.14
103814,5000490,Closed,-991,0,6728.92,317215.9,35249.33
106391,5000491,Closed,-1965,10,3264.13,143111.89,98052.79
109182,5000492,Closed,-794,0,2227.58,174831.55,49640.38
101126,5000493,Active,-1988,0,6198.46,50451.28,26246.08
109576,5000494,Closed,-1724,0,9295.56,23385.0,177254.51
102177,5000495,Closed,-661,0,6350.22,737955.13,24544.86
107613,5000496,Closed,-1080,0,8405.26,77988.56,131364.2
201009,5000497,Active,-2241,0,7042.61,198547.33,87427.85
109303,5000498,Active,-1997,0,8070.26,56937.6,1059.26
104605,5000499,Active,-199,0,10682.6,111938.51,23289.75
103001,5000500,Closed,-1285,0,3410.6,78328.79,156315.67
105059,5000501,Closed,-678,0,3514.94,61836.52,55414.32
200017,5000502,Active,-1658,0,1900.43,463958.94,123864.29
104962,5000503,Closed,-2457,0,7472.21,565243.65,200622.12
100187,5000504,Closed,-391,0,8175.01,150237.48,49297.65
108765,5000505,Active,-1124,0,2139.76,176836.05,59544.27
100607,5000506,Closed,-2780,30,3004.52,105430.02,503019.71
200789,5000507,Closed,-2707,0,1454.53,714563.78,18027.83
108670,5000508,Active,-1145,0,40464.56,545772.47,31201.11
200082,5000509,Closed,-832,0,1532.7,500690.36,9761.55
107889,5000510,Closed,-175,0,5265.11,8906.71,58441.29
108554,5000511,Active,-1977,0,866.35,619973.02,102324.32
104049,5000512,Closed,-2457,0,4944.71,1910.51,16124.65
100838,5000513,Closed,-259,0,9103.3,21972.63,32079.67
107117,5000514,Closed,-1472,0,2131.91,28680.28,93489.78
200381,5000515,Active,-846,0,1274.1,446707.79,62001.78
201423,5000516,Closed,-2648,0,1960.33,265104.06,15493.26
101114,5000517,Closed,-1682,0,4580.79,7378.41,157802.55
107982,5000518,Closed,-2235,0,7160.34,182881.33,58126.41
101165,5000519,Closed,-2492,0,1892.89,271328.58,227925.96
109674,5000520,Active,-340,0,240.52,669948.0,8027.5
109311,5000521,Closed,-1221,0,15715.81,210149.38,143811.65
103241,5000522,Closed,-1149,0,2131.26,282713.49,4071.52
102860,5000523,Active,-131,0,217.09,254201.06,286108.69
107853,5000524,Closed,-2784,0,1445.33,213650.97,121154.79
201395,5000525,Closed,-1188,0,5378.48,94471.45,69268.22
109449,5000526,Active,-1837,0,2065.16,130505.25,4100.39
109425,5000527,Closed,-1525,0,3054.22,148054.59,67326.25
104499,5000528,Closed,-330,0,150.3,380521.08,45421.6
100058,5000529,Active,-1245,0,6649.42,57885.01,153224.07
201725,5000530,Closed,-1347,0,1199.82,45271.22,8183.98
100591,5000531,Closed,-654,0,7150.79,101137.98,22279.06
109256,5000532,Active,-2853,0,3292.05,76901.91,121216.39
102162,5000533,Active,-1321,0,11726.38,33113.89,63950.06
100141,5000534,Closed,-534,0,5356.04,52780.17,12956.89
105833,5000535,Closed,-2485,0,4635.05,360731.86,1628.94
107566,5000536,Closed,-1215,0,3627.81,23743.64,71667.39
201511,5000537,Closed,-1758,0,4759.45,146010.47,105560.49
101163,5000538,Closed,-931,0,165.13,241883.91,19834.96
108007,5000539,Closed,-124,0,10815.08,1708.77,75088.04
104378,5000540,Closed,-2684,0,3866.16,205654.01,24704.31
109499,5000541,Closed,-2854,0,7285.73,12142.68,49494.16
201721,5000542,Closed,-2867,0,10123.23,20449.97,1413.72
101643,5000543,Closed,-1404,0,5427.49,160087.44,54981.25
201826,5000544,Active,-868,0,3382.68,122518.79,40012.66
102340,5000545,Closed,-2832,0,340.4,130384.6,57778.51
104740,5000546,Closed,-2609,10,5482.07,158732.65,17012.87
102999,5000547,Closed,-274,0,1042.19,263769.99,17715.79
104006,5000548,Active,-2231,0,1111.99,144651.39,39261.76
104324,5000549,Closed,-1255,0,1526.13,860100.46,43227.14
102354,5000550,Closed,-2161,0,1246.94,97230.45,85300.04
105032,5000551,Closed,-1535,0,837.77,13098.59,15305.14
106422,5000552,Closed,-1298,0,1909.0,460366.04,31214.49
106187,5000553,Active,-2683,0,12507.51,281755.62,42176.66
104189,5000554,Closed,-676,0,2892.96,162793.63,34938.9
102689,5000555,Closed,-1847,0,9036.83,59578.82,25562.08
100286,5000556,Closed,-96,0,8722.35,306966.61,14458.06
104012,5000557,Closed,-192,0,890.58,694259.48,94102.66
106680,5000558,Closed,-293,0,1231.38,76769.28,117557.21
107623,5000559,Closed,-351,10,2421.28,8223.78,45747.58
105491,5000560,Active,-192,0,537.05,411655.75,79296.87
201952,5000561,Closed,-1399,0,564.0,381512.72,96642.77
201150,5000562,Closed,-2264,0,2722.24,62367.65,124225.7
105047,5000563,Closed,-1561,0,1936.76,499810.69,141594.7
104105,5000564,Closed,-1904,0,2117.26,78765.69,326970.88
105935,5000565,Active,-1042,0,4179.02,109307.56,65280.6
201268,5000566,Closed,-2681,0,10043.7,31140.67,11055.76
107531,5000567,Closed,-2682,0,10925.19,516002.97,329833.98
103801,5000568,Closed,-774,0,10052.07,299336.82,14846.15
102459,5000569,Closed,-1131,0,4217.47,166724.25,11269.46
104388,5000570,Closed,-322,0,250.98,247617.53,53568.84
106338,5000571,Closed,-209,0,7976.54,116767.03,110581.89
109090,5000572,Active,-1588,30,900.31,27649.01,128128.55
106536,5000573,Closed,-2095,0,20.67,69913.99,17858.28
200377,5000574,Closed,-645,0,17282.81,21108.63,68740.59
107765,5000575,Closed,-937,0,527.06,356555.28,60337.62
105934,5000576,Closed,-2336,0,1929.37,49738.92,70916.17
109160,5000577,Active,-2174,30,774.84,17141.83,3346.0
102320,5000578,Closed,-1787,0,3261.64,323763.76,56586.2
109543,5000579,Closed,-1079,0,1905.02,146336.76,11845.22
104576,5000580,Closed,-1227,0,4857.99,14708.16,7236.68
109932,5000581,Closed,-1662,0,1594.48,78300.63,163366.43
108907,5000582,Closed,-2807,0,7868.16,145746.1,143090.55
107725,5000583,Active,-588,0,1887.94,185698.46,29495.86
107216,5000584,Closed,-1688,0,7908.78,497453.65,50331.75
100575,5000585,Closed,-643,0,6.37,193622.53,86470.0
109922,5000586,Closed,-880,0,5733.76,422616.57,275025.48
105199,5000587,Active,-727,0,3417.03,64798.17,180111.89
101394,5000588,Closed,-1901,0,1515.5,62093.99,29453.31
101180,5000589,Closed,-1620,0,3902.84,318862.47,104588.46
201104,5000590,Closed,-2675,0,4204.62,112329.82,107035.69
200050,5000591,Active,-599,10,8598.62,180208.91,7677.48
109176,5000592,Active,-104,0,11881.42,52619.62,259198.13
105760,5000593,Closed,-1587,0,13613.47,376488.22,82732.04
105275,5000594,Active,-510,0,24.35,252657.21,45932.28
200166,5000595,Closed,-1056,0,5209.48,337985.37,30287.23
102442,5000596,Closed,-385,0,5697.56,101228.93,15355.83
101286,5000597,Closed,-1883,0,2908.01,56633.21,92881.86
103417,5000598,Active,-1954,0,1394.9,4551.51,4919.97
101978,5000599,Closed,-1734,0,829.22,662683.16,292309.04
106713,5000600,Closed,-2760,0,5001.24,9169.5,352758.92
103559,5000601,Active,-2460,0,3628.65,311691.47,17111.84
105620,5000602,Active,-941,0,11346.33,26027.2,58275.71
101688,5000603,Closed,-2684,10,7533.27,160069.19,12973.02
100847,5000604,Active,-1988,0,5273.64,33162.85,16118.52
200163,5000605,Closed,-415,0,993.88,258187.8,101581.54
100663,5000606,Closed,-14,0,4978.72,2136.4,98920.35
106910,5000607,Closed,-2978,0,2318.97,36679.06,40579.79
200486,5000608,Closed,-2660,0,1833.98,441708.37,175954.81
107440,5000609,Active,-2943,0,3274.18,237142.77,28364.7
106114,5000610,Active,-1156,0,716.89,118138.01,62700.53
101870,5000611,Closed,-2892,0,1910.15,3655.62,147044.02
109583,5000612,Closed,-2768,0,2037.7,1161919.83,12773.59
104399,5000613,Closed,-122,0,1616.19,135420.27,2842.39
106924,5000614,Closed,-2813,0,5888.72,110.14,467777.87
105118,5000615,Closed,-2617,0,18433.86,158564.69,42374.2
200083,5000616,Closed,-1864,0,13642.39,461520.56,99640.87
105559,5000617,Active,-2223,0,2340.21,184547.97,171730.61
106426,5000618,Closed,-2887,0,273.49,127239.37,70291.18
103698,5000619,Closed,-2639,0,16631.75,273048.68,162380.93
200825,5000620,Closed,-1095,0,4327.64,323485.38,216356.84
108647,5000621,Closed,-1476,0,2189.22,321062.68,189300.86
100062,5000622,Closed,-2154,0,3042.26,130411.54,6287.81
200015,5000623,Closed,-2222,0,505.26,223191.48,29823.45
108550,5000624,Closed,-987,0,2564.14,236077.37,154385.85
108647,5000625,Active,-1673,0,3722.95,130108.06,111034.02
106374,5000626,Closed,-1129,0,3615.62,608462.04,60208.41
107476,5000627,Closed,-783,0,9996.39,76696.16,86045.49
100168,5000628,Closed,-1510,0,609.38,270784.08,9361.04
108905,5000629,Closed,-2879,0,3400.78,82745.38,95400.0
201871,5000630,Closed,-2978,0,949.73,165084.44,99979.17
109221,5000631,Closed,-2185,0,998.51,230892.89,281955.83
200216,5000632,Active,-2690,0,1632.16,37504.82,107417.33
105694,5000633,Closed,-1363,0,9743.37,64131.17,61381.78
106656,5000634,Closed,-536,0,12207.45,434279.66,51050.11
106071,5000635,Closed,-29,0,8308.28,372920.05,113045.47
109215,5000636,Closed,-2220,0,6116.29,115599.05,3774.93
105648,5000637,Active,-1137,0,7423.82,383466.45,117440.66
201671,5000638,Closed,-1810,0,6092.0,44253.03,60730.25
105755,5000639,Closed,-2066,0,684.68,23703.32,120140.79
201254,5000640,Active,-453,0,4190.41,24059.84,122039.97
104817,5000641,Active,-1491,0,2355.11,113684.3,305626.28
109606,5000642,Active,-947,0,11142.09,136455.43,41790.78
108192,5000643,Closed,-2684,0,10235.41,128031.83,35037.8
106643,5000644,Active,-253,0,3496.57,270488.24,81762.89
102837,5000645,Active,-960,10,5284.38,204390.14,73056.57
101228,5000646,Closed,-1267,10,1680.72,7172.23,27801.98
101652,5000647,Active,-2447,0,6670.84,225713.4,53401.59
109922,5000648,Active,-694,0,2821.5,200584.67,9858.98
201725,5000649,Closed,-1466,0,466.53,643756.64,449.94
201467,5000650,Closed,-2601,0,11389.85,555266.05,18256.14
201630,5000651,Closed,-603,0,11629.24,39305.97,4450.02
108235,5000652,Active,-613,0,5941.75,3506.51,38356.3
109115,5000653,Closed,-2400,0,1127.33,50861.1,19970.9
105996,5000654,Active,-338,0,1777.07,371538.26,76437.37
109305,5000655,Closed,-2421,0,3314.08,275088.72,125725.94
100850,5000656,Active,-963,0,3685.2,30376.52,79955.64
201304,5000657,Closed,-1686,0,2842.11,107148.72,8670.88
107437,5000658,Closed,-2629,0,558.71,150740.66,5286.65
201094,5000659,Closed,-144,0,2296.1,17904.63,54972.2
107631,5000660,Closed,-1846,0,12405.35,318831.18,577372.07
109665,5000661,Closed,-1612,0,2184.04,212026.11,12393.36
104099,5000662,Active,-2009,0,605.35,597333.26,4442.31
100501,5000663,Closed,-1913,0,5036.48,9928.72,31436.22
108648,5000664,Closed,-2577,0,3701.18,67837.25,41643.31
103701,5000665,Closed,-2073,0,7880.72,92644.36,15098.25
105032,5000666,Closed,-276,0,3594.33,67365.29,73329.64
101299,5000667,Active,-1549,0,172.68,24055.8,160295.29
109261,5000668,Closed,-519,0,6758.17,81258.09,17910.62
201628,5000669,Closed,-1452,0,19563.3,74698.65,4310.92
105081,5000670,Closed,-2079,0,7182.97,276971.97,15099.31
101920,5000671,Closed,-883,0,4447.98,34467.41,83592.78
108699,5000672,Closed,-1762,0,855.56,22015.95,7916.74
200744,5000673,Closed,-2576,0,6574.76,338083.2,17832.42
105651,5000674,Active,-2747,0,10245.09,525183.26,46385.83
102028,5000675,Closed,-820,0,9506.19,160838.36,30990.85
104491,5000676,Closed,-2820,0,3194.22,263662.75,32936.48
104145,5000677,Closed,-2970,0,219.79,54844.52,76907.27
106459,5000678,Active,-2251,0,4245.96,314562.16,11381.8
102663,5000679,Active,-2704,0,10432.58,188524.8,59739.12
104900,5000680,Closed,-1946,0,13162.02,53974.09,69478.06
200916,5000681,Closed,-2903,0,796.87,61036.29,92389.56
103869,5000682,Closed,-2585,0,629.99,227171.09,117759.38
104596,5000683,Active,-607,0,4782.34,455084.84,59761.6
105247,5000684,Closed,-2037,0,1555.38,841716.6,48335.61
105746,5000685,Closed,-30,0,2109.14,4789.16,48271.65
105148,5000686,Closed,-918,0,365.07,215070.75,49441.7
201382,5000687,Closed,-2832,0,5790.4,171662.2,116797.56
105083,5000688,Closed,-2203,0,1840.38,1451.19,45795.19
103270,5000689,Active,-1624,0,806.95,51039.97,28919.65
100332,5000690,Closed,-334,0,7024.78,216538.73,19277.92
102104,5000691,Closed,-841,0,71.84,99264.52,52032.93
103441,5000692,Active,-1940,0,7165.52,12932.55,35544.45
106293,5000693,Closed,-2268,0,3025.44,208440.92,124231.28
100510,5000694,Active,-463,0,26849.94,122437.85,236888.31
102842,5000695,Closed,-2192,0,2033.23,11611.09,173618.9
108809,5000696,Closed,-401,0,9878.77,56835.3,50539.25
102653,5000697,Closed,-1472,0,4488.9,1156.49,30155.71
107093,5000698,Closed,-1579,0,537.32,283068.39,6178.7
102397,5000699,Closed,-1864,0,545.37,259607.87,145415.59
200695,5000700,Closed,-1099,0,1420.24,90420.08,47832.8
104056,5000701,Active,-793,0,22014.97,103895.17,152036.86
201406,5000702,Closed,-2418,0,2551.36,132329.09,6160.4
103726,5000703,Closed,-1278,0,1721.9,500383.97,66851.22
107862,5000704,Closed,-935,0,3024.58,25596.69,11842.29
101142,5000705,Closed,-2864,0,8554.07,3310.57,61647.47
101152,5000706,Active,-1648,0,3628.27,181754.51,9935.74
104433,5000707,Closed,-2315,0,3880.24,354230.78,6057.54
109380,5000708,Closed,-1938,0,10805.03,109979.84,35036.98
106854,5000709,Closed,-1880,0,931.78,405021.84,214195.48
107906,5000710,Closed,-2022,0,1267.33,73122.37,82877.59
106064,5000711,Closed,-2367,0,10957.79,283.68,162422.61
106697,5000712,Closed,-283,0,5978.81,52286.48,33049.56
106274,5000713,Active,-405,0,7023.15,43358.46,98668.69
102946,5000714,Closed,-1611,0,1061.78,412675.66,31735.81
106137,5000715,Active,-689,0,412.71,54996.32,138430.85
107147,5000716,Closed,-464,0,23056.27,223139.04,32719.19
103347,5000717,Active,-2410,0,439.62,53374.94,10064.86
201728,5000718,Closed,-1066,0,68.06,337.87,241505.65
200309,5000719,Closed,-937,0,5612.73,88327.49,166348.27
103524,5000720,Active,-2621,0,6244.93,225447.01,73058.0
101013,5000721,Closed,-2068,0,6488.72,708858.79,39237.93
101242,5000722,Closed,-858,0,15472.94,289998.51,83623.57
106066,5000723,Closed,-1026,0,1160.08,102083.88,113398.51
100882,5000724,Closed,-613,0,3554.38,144540.1,11538.52
105524,5000725,Active,-2128,0,1242.71,40309.37,51899.37
106190,5000726,Closed,-2115,0,2640.47,54781.87,189785.83
100603,5000727,Closed,-2842,0,1034.24,143342.51,28157.41
104530,5000728,Closed,-2141,0,2851.89,89216.92,272461.52
105148,5000729,Active,-2565,0,1377.27,665301.79,100721.39
101071,5000730,Closed,-2133,0,3366.23,346435.3,42167.83
106881,5000731,Active,-983,0,982.85,6299.8,111584.46
200036,5000732,Closed,-237,0,10543.95,563208.45,186967.44
109794,5000733,Closed,-2539,0,2616.03,40937.02,65496.94
101875,5000734,Closed,-1501,0,7504.4,495531.28,166863.55
109967,5000735,Closed,-1923,0,3765.42,22850.18,128266.81
201197,5000736,Closed,-1442,0,1937.75,145099.33,106486.8
101778,5000737,Closed,-1546,0,13683.57,80133.31,30439.59
201385,5000738,Closed,-1349,0,2585.74,70674.57,88345.05
103469,5000739,Closed,-2173,0,4335.01,329288.28,11295.2
105986,5000740,Closed,-381,0,915.43,91873.09,106422.53
200161,5000741,Closed,-492,0,3811.38,18991.81,74406.13
105327,5000742,Closed,-2426,0,15.98,79142.26,80476.29
100060,5000743,Active,-1916,0,4660.1,134753.44,73923.06
201654,5000744,Closed,-879,0,3700.97,450250.08,10746.01
101428,5000745,Closed,-506,0,8988.86,323379.8,79880.72
103943,5000746,Active,-2836,0,6645.24,268676.98,414828.53
100333,5000747,Closed,-2255,0,9387.23,41538.62,29219.07
200514,5000748,Active,-2622,0,11071.17,439055.8,16108.7
106556,5000749,Active,-2563,0,7921.41,198984.0,4202.74
107050,5000750,Active,-1140,0,3030.38,27534.13,36016.32
105464,5000751,Active,-125,0,2497.44,72405.39,32923.02
103388,5000752,Active,-1264,0,2193.0,219769.09,74099.6
105055,5000753,Active,-246,0,3729.07,140258.31,75000.07
200750,5000754,Closed,-1432,0,1147.94,60406.47,90464.37
200785,5000755,Closed,-372,0,12486.64,54980.7,32648.57
200562,5000756,Active,-1853,0,14452.55,100292.29,101374.86
200796,5000757,Closed,-1358,0,4155.72,127714.32,32403.9
103010,5000758,Closed,-1378,0,7002.53,1603.0,45783.07
107556,5000759,Closed,-1448,0,10252.15,10943.31,127461.27
109264,5000760,Active,-2087,0,4950.09,150095.88,56574.07
201316,5000761,Closed,-946,0,911.9,85859.97,116132.45
105555,5000762,Closed,-2520,0,1516.76,52736.91,85919.9
200295,5000763,Closed,-657,0,3720.29,120950.3,82596.97
201578,5000764,Closed,-51,0,3509.77,308116.95,220864.24
201909,5000765,Closed,-2772,0,962.24,118073.08,90530.84
102412,5000766,Closed,-1048,0,11268.57,7012.98,39100.81
101119,5000767,Active,-369,0,3054.7,374965.87,31413.05
104635,5000768,Closed,-2082,0,72.66,73448.24,99314.34
107730,5000769,Closed,-1767,0,5657.63,493516.35,140869.42
109218,5000770,Closed,-434,0,2875.84,764329.12,61729.17
100924,5000771,Active,-1094,0,8927.34,159420.37,6358.47
104047,5000772,Closed,-1091,0,13412.63,3153.73,59033.54
200141,5000773,Closed,-1753,0,103.78,334739.23,40996.36
106838,5000774,Closed,-813,30,12957.1,126093.96,7195.02
108210,5000775,Closed,-1716,0,1025.33,117211.59,60182.56
100231,5000776,Closed,-2165,0,4502.77,19989.9,98777.15
108851,5000777,Active,-1023,0,1523.13,211238.65,18722.49
100880,5000778,Closed,-964,0,1073.04,136497.7,4507.48
102491,5000779,Closed,-677,0,6227.88,25406.94,9299.92
109576,5000780,Active,-1787,0,2407.01,35684.44,47977.03
107325,5000781,Closed,-1523,0,2590.3,42975.43,14348.08
105864,5000782,Active,-1849,0,6137.56,382206.88,136779.23
103935,5000783,Closed,-1414,0,10359.74,52917.47,13556.65
103663,5000784,Closed,-2384,0,1324.82,366875.66,22967.64
201303,5000785,Closed,-803,0,3447.87,210056.82,4801.61
102869,5000786,Closed,-2380,0,4866.25,591177.42,145525.35
103442,5000787,Closed,-1874,0,7228.92,177453.24,40639.37
103222,5000788,Closed,-1764,0,3153.67,171211.44,35311.18
100395,5000789,Closed,-1915,0,7045.32,263069.75,41855.49
200089,5000790,Closed,-1218,0,1516.53,4289.64,2170.47
100810,5000791,Closed,-944,0,314.92,161360.75,315195.61
103988,5000792,Closed,-746,0,7082.36,62983.07,96454.21
100739,5000793,Closed,-231,0,7234.98,455746.9,140919.03
108996,5000794,Closed,-2172,0,1188.95,22310.71,101207.49
100521,5000795,Active,-2655,0,1879.94,112225.47,116574.63
109747,5000796,Closed,-973,0,5477.93,24283.47,128201.42
105302,5000797,Closed,-1962,0,1061.17,291156.76,262203.82
106460,5000798,Closed,-1739,0,9676.69,657518.72,167368.76
200802,5000799,Active,-2556,0,2179.08,404563.37,9142.24
101884,5000800,Closed,-1188,0,5368.91,117289.87,80168.22
109873,5000801,Closed,-127,0,34.09,63047.47,13695.53
108480,5000802,Active,-854,0,6355.87,349635.61,173247.41
103465,5000803,Closed,-958,0,4538.1,10077.13,35126.63
109520,5000804,Closed,-2782,0,1181.98,344086.58,47082.3
105219,5000805,Active,-1138,0,3597.66,209148.03,34639.76
107093,5000806,Closed,-1938,0,1851.65,126781.15,48185.42
108612,5000807,Closed,-781,30,815.41,250367.01,181897.16
101722,5000808,Closed,-175,0,2498.2,84188.81,82513.85
100050,5000809,Closed,-844,0,2435.34,64680.02,53202.06
100471,5000810,Active,-2973,0,1139.61,74898.12,215775.35
104409,5000811,Closed,-745,10,7031.77,172350.22,23400.75
200183,5000812,Active,-2693,0,3484.86,25530.12,173184.5
101307,5000813,Active,-1637,0,5283.51,139877.81,51151.32
108019,5000814,Closed,-2213,0,69.69,247072.0,1228.27
102516,5000815,Closed,-1678,0,2654.02,175537.04,35829.72
105728,5000816,Closed,-1643,0,12762.14,541904.91,213167.65
107827,5000817,Closed,-2696,0,4793.89,39393.07,1993.92
102434,5000818,Closed,-1388,0,4950.6,93681.75,214685.67
106096,5000819,Closed,-71,0,5665.46,49749.24,30653.68
103195,5000820,Closed,-2940,0,549.73,30898.86,128066.17
103178,5000821,Active,-668,0,1173.18,27628.12,94100.5
101567,5000822,Active,-23,10,7403.21,318567.24,90274.94
105015,5000823,Closed,-2041,0,4002.0,185986.27,156834.87
100035,5000824,Closed,-154,0,6.4,51132.23,339679.36
109517,5000825,Closed,-2377,0,7566.23,21494.56,78729.59
101294,5000826,Active,-2500,0,14799.31,149112.66,46659.67
105675,5000827,Active,-2143,0,3676.87,170131.39,138703.35
106667,5000828,Closed,-30,0,8360.21,148748.3,44266.02
101736,5000829,Closed,-191,0,6120.62,28345.32,89797.03
109822,5000830,Closed,-2225,0,3411.0,140329.62,117315.25
105115,5000831,Active,-2718,0,9068.72,283860.79,135949.6
107298,5000832,Active,-2632,0,1087.98,387134.36,45802.01
102423,5000833,Closed,-2207,0,1102.96,85097.8,56570.45
100780,5000834,Active,-137,0,2013.53,26064.23,65851.97
201924,5000835,Closed,-1714,0,5489.76,169341.53,193924.93
107391,5000836,Closed,-797,0,3202.58,80034.74,101268.16
102117,5000837,Active,-57,0,2831.17,54307.81,72650.53
102526,5000838,Active,-489,0,3613.86,151273.11,8495.35
106380,5000839,Closed,-1095,0,3037.1,57117.53,80777.82
106684,5000840,Closed,-2540,0,1566.28,168942.43,9834.73
107854,5000841,Closed,-2566,0,6187.09,157999.05,14887.64
104027,5000842,Closed,-1678,0,468.13,280150.99,90969.37
109964,5000843,Active,-1742,0,6412.11,34092.79,22458.18
104352,5000844,Active,-654,0,893.21,54435.76,153090.16
108427,5000845,Closed,-2764,0,11241.36,87077.51,118566.05
109988,5000846,Closed,-2070,0,1933.52,15888.01,8532.93
201074,5000847,Closed,-2126,0,5039.54,32568.09,45322.45
108373,5000848,Closed,-2202,0,14285.86,119274.09,108484.08
106406,5000849,Closed,-1428,0,7084.59,162231.1,144658.47
106959,5000850,Active,-956,0,1632.48,656644.1,72072.06
104841,5000851,Active,-1709,0,1712.71,99799.46,1886.05
104733,5000852,Closed,-1573,0,4914.93,381716.96,11233.75
103014,5000853,Closed,-861,0,8434.34,298457.02,14144.53
107741,5000854,Closed,-1339,0,10054.28,1113804.18,27707.43
105625,5000855,Closed,-1094,0,3746.92,214028.3,100809.74
106965,5000856,Closed,-2567,0,505.97,107116.11,165991.52
102030,5000857,Closed,-243,0,3848.87,120682.94,55830.63
109843,5000858,Closed,-2590,0,11386.17,2704.13,137223.42
105271,5000859,Active,-781,0,6221.3,8729.73,70710.72
102884,5000860,Active,-1431,0,9679.9,33795.82,17789.52
201656,5000861,Closed,-1325,0,1986.86,29960.19,160366.98
105805,5000862,Closed,-1573,0,1955.65,36810.54,319713.95
200318,5000863,Closed,-369,0,6460.89,148509.45,18958.15
102586,5000864,Closed,-2735,0,5.77,322262.22,84658.75
106741,5000865,Closed,-49,0,984.04,426655.04,26030.11
109583,5000866,Closed,-430,0,4838.54,125318.47,62162.08
100675,5000867,Closed,-2027,0,2831.12,60652.04,240485.85
103748,5000868,Closed,-449,0,1287.89,174549.06,170202.52
102515,5000869,Closed,-2936,0,3649.91,291957.86,127072.12
103739,5000870,Closed,-2811,0,3646.34,298814.32,6719.91
103313,5000871,Closed,-1428,0,1319.25,241296.46,45110.24
102653,5000872,Closed,-2386,0,11313.17,961.83,54149.14
108611,5000873,Closed,-2350,30,3579.22,184617.06,60497.73
200865,5000874,Active,-2688,0,4757.36,274897.46,75275.62
108425,5000875,Closed,-2877,0,5762.38,61770.81,40138.46
103405,5000876,Closed,-609,0,790.44,105382.25,15563.93
100487,5000877,Closed,-822,0,6335.15,877501.46,4512.99
109018,5000878,Closed,-2464,0,1409.91,43884.87,5843.06
108194,5000879,Closed,-386,0,3214.17,451191.31,94211.83
101995,5000880,Closed,-527,0,1698.04,200008.31,49713.41
100113,5000881,Closed,-2443,0,9806.85,297827.1,166895.9
105148,5000882,Closed,-373,0,6470.69,145697.7,56602.59
107576,5000883,Closed,-887,0,7003.83,272992.42,3511.97
101284,5000884,Closed,-1843,0,5222.5,563534.69,82037.69
102077,5000885,Closed,-270,0,451.14,217839.59,34583.65
109849,5000886,Closed,-1847,0,3433.85,25736.7,10802.72
102231,5000887,Active,-526,0,8103.77,126599.67,62278.13
105729,5000888,Active,-1611,0,59.98,128779.61,198328.28
104951,5000889,Closed,-301,0,3486.07,205532.42,21814.07
105435,5000890,Active,-2374,0,336.48,158535.27,36890.34
106717,5000891,Closed,-132,0,10799.37,146471.28,28871.31
106767,5000892,Closed,-116,0,3543.76,99120.25,7440.17
104781,5000893,Closed,-1695,0,7693.22,30838.73,185401.61
106160,5000894,Closed,-2638,0,1220.03,81101.79,28518.05
107168,5000895,Active,-225,0,23263.08,13671.45,96694.35
108219,5000896,Closed,-1343,0,5350.92,566832.02,94379.83
106030,5000897,Closed,-476,0,3047.31,812286.94,69521.87
104508,5000898,Active,-1394,0,4529.67,75395.62,28700.07
105779,5000899,Closed,-2914,0,251.34,301150.29,17406.78
101119,5000900,Closed,-632,0,721.37,6739.84,96965.09
102376,5000901,Closed,-2919,0,983.26,341794.44,25900.0
102531,5000902,Closed,-255,0,4845.35,209786.69,14684.46
105801,5000903,Closed,-452,0,37.2,550458.2,77252.38
100257,5000904,Closed,-2388,0,4130.2,242933.73,63488.68
106954,5000905,Closed,-2618,0,2918.35,150657.56,45466.02
104644,5000906,Active,-452,0,2438.77,96158.98,2506.05
101549,5000907,Active,-2759,0,7285.6,188153.89,146903.22
108929,5000908,Active,-443,0,4253.59,257245.27,26086.03
109844,5000909,Closed,-2871,0,10127.62,213913.31,18511.24
107427,5000910,Active,-225,30,2503.56,243505.11,28592.95
105529,5000911,Active,-1800,0,3432.16,78641.39,37966.62
201608,5000912,Active,-2893,0,2381.69,23065.86,157500.82
102474,5000913,Closed,-2215,0,5492.94,1583.81,191417.86
105871,5000914,Closed,-2236,0,5140.28,270335.99,2518.74
105167,5000915,Active,-2035,0,1527.61,290110.42,26165.16
109136,5000916,Closed,-654,0,1099.42,266030.34,55797.74
101348,5000917,Active,-2792,0,1045.48,17716.35,65893.49
100686,5000918,Closed,-2692,0,1974.15,184699.2,29239.17
106629,5000919,Closed,-2617,0,67.08,63164.32,352.38
104757,5000920,Closed,-1048,0,3376.65,335433.26,47472.68
104423,5000921,Closed,-1367,10,4106.86,151603.23,49193.46
109606,5000922,Active,-406,0,498.8,380093.53,61860.49
201052,5000923,Closed,-2154,0,1041.56,251367.83,6908.26
107259,5000924,Active,-1461,0,6393.46,459078.6,9896.46
104315,5000925,Closed,-2303,0,7207.87,112847.27,1405.17
201031,5000926,Closed,-1814,0,7878.46,50642.96,95862.72
103718,5000927,Active,-2789,0,9783.61,203990.5,84728.73
106733,5000928,Closed,-1293,0,1577.74,91207.7,347221.84
108280,5000929,Closed,-626,0,15092.27,102889.61,74431.62
104203,5000930,Closed,-2255,0,765.36,72951.84,149041.93
109610,5000931,Closed,-2069,0,4127.08,154530.07,78954.88
104482,5000932,Closed,-2983,0,10371.64,45426.44,113955.83
108482,5000933,Active,-554,0,237.21,140173.1,11527.48
201244,5000934,Active,-610,0,793.9,51200.01,113828.64
200392,5000935,Closed,-2113,0,130.41,97656.73,89568.05
106707,5000936,Active,-538,0,4892.44,242778.88,181506.02
104867,5000937,Closed,-441,0,3164.26,384764.29,30923.26
108628,5000938,Closed,-2208,0,2777.35,266462.21,106366.72
108960,5000939,Active,-1524,0,9583.32,137638.98,61922.19
103622,5000940,Closed,-754,0,802.47,199786.16,28059.6
103040,5000941,Active,-1038,0,2075.0,346859.31,44018.4
103464,5000942,Closed,-422,0,15665.14,173511.63,78874.81
200138,5000943,Closed,-2469,0,2021.15,170639.12,51845.98
201217,5000944,Active,-1933,0,5564.4,96910.67,133646.22
104439,5000945,Active,-1772,0,22908.01,156905.48,27733.8
102355,5000946,Closed,-2767,0,5730.02,50093.17,176793.58
103516,5000947,Active,-2318,0,12108.15,193682.7,63083.39
105272,5000948,Closed,-599,0,1584.86,32449.28,57752.75
200602,5000949,Closed,-958,0,10743.1,67605.03,81766.2
102996,5000950,Active,-2153,0,2463.05,135735.25,38783.67
100469,5000951,Closed,-2097,0,2980.98,246630.3,59898.92
102595,5000952,Active,-1426,0,7357.64,21832.99,66490.93
103001,5000953,Active,-895,0,9777.76,74554.19,13246.55
107562,5000954,Active,-2845,0,213.43,808212.38,64382.71
106265,5000955,Active,-2858,0,6402.77,3517.02,913.08
100582,5000956,Active,-1299,0,4347.72,249287.06,27138.73
100976,5000957,Active,-885,0,6329.43,168473.52,223007.85
200369,5000958,Active,-389,0,226.51,63413.9,18987.3
106995,5000959,Closed,-444,10,960.89,8851.73,3657.34
200693,5000960,Closed,-1346,0,9173.61,517983.08,280389.76
101135,5000961,Active,-1239,0,381.82,196290.28,41345.18
105462,5000962,Closed,-90,0,2804.38,49731.9,231232.44
100959,5000963,Closed,-2819,0,6527.05,425658.22,25017.06
102526,5000964,Closed,-2298,0,8810.99,189707.53,90591.42
108649,5000965,Closed,-2915,0,14141.1,108970.49,103813.51
108105,5000966,Active,-142,0,10005.54,184347.8,22920.66
104812,5000967,Closed,-487,0,2181.31,71184.58,55766.26
200614,5000968,Closed,-2859,0,2443.09,13837.97,7391.75
102259,5000969,Closed,-1482,0,16433.95,41459.7,46007.58
101679,5000970,Closed,-806,0,8406.44,68244.74,10068.37
107651,5000971,Closed,-2154,0,1287.97,48140.91,115698.49
107795,5000972,Active,-1093,0,9655.65,193028.31,32272.02
100394,5000973,Closed,-2782,0,5275.04,141556.27,145795.89
108385,5000974,Active,-1971,0,765.63,16240.28,79851.74
108986,5000975,Active,-1976,30,1581.24,50397.19,211958.95
108558,5000976,Active,-2054,0,533.68,46358.19,25403.81
102603,5000977,Active,-465,0,33.87,69326.21,17450.77
109046,5000978,Closed,-2913,0,5427.48,306657.05,145657.89
102661,5000979,Closed,-1943,0,2909.43,365662.6,9131.52
101200,5000980,Active,-1679,0,6910.72,286333.4,2597.43
108723,5000981,Closed,-1778,0,1945.34,440161.81,57669.77
100546,5000982,Closed,-2646,0,3091.1,87564.35,203087.39
107540,5000983,Closed,-2443,0,3400.83,11653.12,21694.54
103313,5000984,Active,-1582,0,1741.86,246095.34,171600.56
106419,5000985,Active,-886,0,9980.3,25233.58,293742.81
108116,5000986,Closed,-824,0,11529.83,57353.15,17920.59
107373,5000987,Closed,-2531,0,1220.31,69899.8,19420.88
200375,5000988,Closed,-2645,0,9111.69,12714.19,7488.91
108245,5000989,Active,-52,0,462.86,681478.03,32778.28
103834,5000990,Active,-97,0,5242.69,146093.02,177474.06
102485,5000991,Closed,-1931,30,11616.93,59154.79,150474.6
100947,5000992,Closed,-2726,0,1130.59,209988.9,90787.46
106278,5000993,Closed,-2514,0,7104.14,132207.07,44019.67
104860,5000994,Closed,-2146,0,1680.34,169305.75,69272.57
107436,5000995,Closed,-116,0,2926.28,49260.87,80164.32
100746,5000996,Closed,-383,0,323.2,13357.22,1549.2
106085,5000997,Closed,-152,0,6657.31,11497.03,46366.43
101232,5000998,Active,-2752,0,3112.24,493141.58,60978.63
100441,5000999,Active,-1962,0,10033.88,585020.22,26187.54
102446,5001000,Active,-2279,0,7659.58,110205.61,211949.91
106500,5001001,Active,-606,0,4106.76,518661.72,17263.39
109769,5001002,Active,-95,0,1339.83,270280.57,107190.56
109659,5001003,Closed,-899,0,2582.79,50954.45,108542.23
100107,5001004,Closed,-1822,0,6272.66,81892.4,135284.5
103055,5001005,Active,-866,0,2934.7,45927.56,2846.28
106063,5001006,Closed,-848,10,778.26,142284.36,26571.9
101305,5001007,Closed,-469,10,1108.33,310916.89,11882.98
103130,5001008,Closed,-1463,0,6624.23,26199.07,5076.25
101260,5001009,Closed,-225,0,2098.91,43850.09,54620.29
200018,5001010,Closed,-920,0,41583.93,408138.39,234016.08
201027,5001011,Closed,-797,0,3645.92,114261.45,166398.73
103027,5001012,Closed,-701,0,8881.57,88457.39,34551.66
104863,5001013,Active,-1818,0,5713.95,113360.44,20081.07
105978,5001014,Closed,-1520,0,7351.95,301806.41,215734.1
200775,5001015,Closed,-2066,10,6535.81,394243.96,364540.12
107531,5001016,Closed,-2210,0,2955.85,63797.35,60938.76
201822,5001017,Active,-2247,0,107.0,126993.86,14181.14
101598,5001018,Active,-2565,0,2445.38,422602.12,7155.92
107077,5001019,Active,-2489,0,4187.93,413158.97,32983.07
108121,5001020,Closed,-448,0,12902.9,123384.17,105535.92
106996,5001021,Closed,-147,0,2050.93,66722.13,34941.44
105152,5001022,Active,-1363,10,2281.87,281948.96,116656.58
104991,5001023,Closed,-818,0,5176.81,304914.52,187901.85
107585,5001024,Active,-2265,0,2414.62,934798.86,111.54
100046,5001025,Closed,-1922,0,4636.01,380898.11,37621.37
107800,5001026,Active,-188,0,944.74,180727.17,105683.41
100228,5001027,Active,-162,0,472.67,11657.26,40222.22
108317,5001028,Active,-2732,0,637.92,499782.78,116256.74
103856,5001029,Active,-1527,0,336.32,203753.21,104573.13
105665,5001030,Closed,-2493,0,14435.42,187205.26,31397.86
108588,5001031,Active,-2163,0,1463.48,132803.64,29712.39
200047,5001032,Closed,-2618,0,1290.79,244015.76,52399.04
105500,5001033,Active,-192,0,1315.28,195649.6,275658.46
103192,5001034,Closed,-1429,0,4290.11,185716.03,8145.29
101631,5001035,Active,-498,0,5616.81,33785.23,58337.77
107153,5001036,Closed,-2076,0,9412.54,128896.98,33899.84
101299,5001037,Closed,-1101,0,7281.44,160716.87,8517.41
200283,5001038,Closed,-444,0,519.74,11012.84,27626.72
105745,5001039,Active,-1898,0,5039.94,1051280.14,94301.22
108286,5001040,Closed,-2908,0,421.65,262592.96,40173.29
101460,5001041,Closed,-1438,0,1012.69,17043.53,46021.1
109948,5001042,Closed,-777,0,5510.58,104172.9,33598.45
107689,5001043,Closed,-1860,0,978.15,523269.89,249443.27
101224,5001044,Closed,-2831,0,8770.02,241890.62,13791.64
103865,5001045,Closed,-2989,0,3309.15,353029.23,254622.18
201623,5001046,Closed,-1145,0,10672.9,24136.43,184525.54
200370,5001047,Closed,-582,0,3542.97,86556.36,55263.26
103124,5001048,Active,-1556,0,2024.89,1298865.8,8243.39
200068,5001049,Closed,-1374,30,16519.13,621907.02,41487.3
200527,5001050,Active,-1140,0,3224.33,59755.18,43011.76
103848,5001051,Closed,-1060,0,5553.51,393590.93,94545.81
201849,5001052,Closed,-6,0,6919.34,207331.66,57705.55
200773,5001053,Closed,-657,0,2432.92,13854.16,20575.48
105826,5001054,Closed,-2613,0,8555.42,243925.64,144696.15
106806,5001055,Closed,-1453,0,3065.64,59483.21,52554.43
101617,5001056,Closed,-2044,0,15116.87,48423.83,175582.41
107982,5001057,Active,-1944,0,3296.25,617352.86,127797.31
104381,5001058,Closed,-326,0,3861.28,754216.17,105466.99
108089,5001059,Active,-2826,0,51.14,34956.56,27971.81
200269,5001060,Closed,-1636,0,662.64,778226.04,64744.93
105129,5001061,Active,-809,0,9860.79,148844.32,97192.18
201185,5001062,Active,-2601,0,9357.56,135735.19,22357.04
103698,5001063,Closed,-1533,0,2809.67,47662.26,17206.81
106182,5001064,Closed,-2114,0,13749.22,521068.1,409303.05
200498,5001065,Closed,-1688,0,4072.17,83187.68,1794.08
106564,5001066,Active,-371,0,7945.98,74724.33,137654.16
109262,5001067,Closed,-1237,0,2441.93,48916.49,51791.89
200350,5001068,Closed,-1793,0,10622.82,94238.19,4890.02
108148,5001069,Closed,-1219,0,5409.83,70809.07,39269.05
102666,5001070,Closed,-1716,0,5945.68,191381.98,1442.54
102826,5001071,Active,-2983,0,9932.08,15551.67,202030.35
102535,5001072,Active,-2893,0,5658.87,205842.45,10766.12
103057,5001073,Closed,-803,0,3952.29,59076.56,169426.74
108931,5001074,Closed,-975,0,8611.85,90391.34,18020.87
106328,5001075,Closed,-69,0,564.59,23775.0,73371.38
103129,5001076,Closed,-511,0,8586.05,47342.23,61526.94
108490,5001077,Closed,-2916,0,859.65,1312.41,10173.0
106866,5001078,Closed,-551,0,2226.0,15405.35,6666.01
109986,5001079,Closed,-1376,0,3652.19,180941.83,96156.31
109143,5001080,Closed,-393,0,794.86,93980.39,85257.43
107891,5001081,Closed,-2864,0,1613.29,121848.33,33048.47
101163,5001082,Closed,-1412,0,878.0,577600.24,839.37
101236,5001083,Closed,-93,0,966.66,184595.02,263077.25
100445,5001084,Closed,-985,10,557.43,35280.03,61913.99
105379,5001085,Closed,-541,0,4204.32,183688.56,171165.47
200295,5001086,Closed,-1768,0,4012.47,257072.27,33412.35
109101,5001087,Closed,-2671,0,8414.39,4989.81,9130.21
104613,5001088,Closed,-1963,30,6307.23,467365.73,199829.6
108130,5001089,Active,-1234,0,3390.4,29952.92,49557.15
103077,5001090,Closed,-2813,0,901.09,30011.69,153909.5
104434,5001091,Closed,-1436,0,17122.23,14345.03,226285.59
109772,5001092,Closed,-2657,0,4273.11,21625.85,80134.17
201174,5001093,Closed,-1511,0,492.4,177451.53,73383.06
105724,5001094,Closed,-332,0,2662.31,35347.91,117359.89
101647,5001095,Active,-63,0,2786.7,102771.73,62419.41
109000,5001096,Closed,-33,0,2911.37,243795.01,1487.54
106663,5001097,Closed,-231,0,22163.1,132483.51,283457.31
105973,5001098,Closed,-2559,0,1159.42,290226.09,30401.75
104908,5001099,Closed,-1262,0,1126.08,86032.54,20901.72
106821,5001100,Closed,-377,0,2062.57,212405.19,96874.51
106081,5001101,Active,-2278,0,5897.65,9320.04,175537.89
104381,5001102,Closed,-39,0,2330.07,94225.06,29424.88
100557,5001103,Closed,-2937,0,1212.14,492958.32,41436.54
107073,5001104,Closed,-1736,0,13852.24,2370.2,80158.25
101795,5001105,Closed,-2702,0,13216.56,347851.41,31464.32
201399,5001106,Closed,-1684,0,2238.77,146835.43,89087.22
105648,5001107,Closed,-2005,0,4268.89,15354.42,11745.56
106554,5001108,Closed,-1674,0,2717.15,174693.31,156255.5
109327,5001109,Active,-489,0,2916.72,457459.74,31457.57
105455,5001110,Closed,-839,0,8513.21,77368.31,113121.01
106105,5001111,Active,-317,10,5342.83,196855.03,7793.48
104207,5001112,Active,-2724,0,1510.0,339836.32,15798.52
108929,5001113,Closed,-238,0,9220.67,177936.04,174125.46
101573,5001114,Closed,-2059,0,2988.61,45918.94,87780.99
106515,5001115,Closed,-428,0,312.29,118315.62,299618.71
104439,5001116,Active,-2838,0,5661.99,191863.51,33587.22
103884,5001117,Active,-824,10,13632.37,572168.16,533998.8
201607,5001118,Closed,-1729,0,19888.11,181863.43,3599.18
108616,5001119,Closed,-1977,0,2293.65,8758.44,3326.17
100156,5001120,Closed,-715,0,15044.35,70431.45,117919.09
106666,5001121,Active,-1950,0,770.25,355896.95,19752.61
101283,5001122,Closed,-1510,0,945.87,177728.45,24178.73
109905,5001123,Active,-2119,0,2843.19,131003.69,149789.49
109931,5001124,Closed,-70,0,7295.68,174581.72,103313.33
106138,5001125,Closed,-1551,0,2990.91,234452.4,114037.54
100781,5001126,Closed,-2629,0,1786.49,4072.02,51894.16
100644,5001127,Closed,-492,0,3144.85,36489.72,142347.34
108141,5001128,Active,-1359,0,1163.96,364728.66,114298.61
109155,5001129,Active,-2908,0,8871.83,138185.74,108130.63
107464,5001130,Closed,-17,0,1328.74,166109.29,245144.46
100829,5001131,Active,-2845,0,1013.25,326688.49,12417.15
105661,5001132,Active,-941,0,2212.69,43472.41,49317.08
104560,5001133,Closed,-1952,0,2195.78,169110.97,17245.84
104012,5001134,Closed,-2773,0,8844.6,259141.31,16873.69
106596,5001135,Active,-2013,0,273.6,28485.41,68592.67
100283,5001136,Closed,-553,0,3726.35,90011.63,66094.01
106747,5001137,Active,-1627,0,686.95,719027.6,57592.26
200619,5001138,Closed,-1758,10,1016.26,18444.48,18399.02
103593,5001139,Closed,-937,0,3234.46,147662.56,132987.88
106647,5001140,Active,-855,0,6549.76,57520.19,100685.05
105568,5001141,Active,-1658,0,6618.57,37080.2,38255.78
201079,5001142,Closed,-2323,0,13948.96,127603.21,36377.04
105317,5001143,Closed,-729,0,3122.96,171524.18,11594.36
105052,5001144,Closed,-2798,0,2523.16,58453.85,37304.73
200004,5001145,Closed,-2298,0,2059.75,221617.63,12816.72
102159,5001146,Closed,-1240,30,1970.95,69309.09,62560.66
100138,5001147,Active,-1036,0,16884.52,62917.43,12386.51
103205,5001148,Active,-757,0,5051.85,335948.41,58064.2
107325,5001149,Closed,-532,0,500.68,29143.76,90538.66
109168,5001150,Active,-1016,0,4012.43,73940.01,155696.49
109894,5001151,Closed,-1445,0,109.59,308969.62,190109.03
101275,5001152,Active,-2479,0,176.05,224074.85,118562.65
107177,5001153,Active,-886,0,1604.9,397129.12,53134.08
102824,5001154,Closed,-2235,0,7338.77,132529.85,118122.17
105056,5001155,Closed,-1179,0,1639.76,138033.41,98158.66
108086,5001156,Closed,-2393,0,863.68,218615.59,42709.36
108111,5001157,Active,-1095,0,1967.97,22887.13,220310.75
105964,5001158,Active,-1552,0,3306.99,90969.74,190255.94
103735,5001159,Closed,-960,0,4648.33,296618.41,27377.32
105649,5001160,Active,-2078,0,883.98,783045.12,13504.65
109902,5001161,Closed,-341,0,1467.36,12097.86,27310.43
108404,5001162,Closed,-861,0,8939.66,183451.84,100112.96
101525,5001163,Active,-855,0,4676.53,109176.89,30117.18
104046,5001164,Closed,-1696,0,10284.65,253092.74,11762.66
107676,5001165,Closed,-1917,0,3675.59,887968.95,78854.52
105052,5001166,Active,-2191,0,6331.95,21511.03,62653.76
201696,5001167,Closed,-2438,0,1815.8,177393.94,14908.92
106691,5001168,Closed,-1890,0,5060.18,31659.56,50475.28
201410,5001169,Closed,-200,0,1126.73,324286.6,103818.71
109065,5001170,Closed,-22,0,5752.23,555651.38,99424.09
100651,5001171,Closed,-2185,0,1642.63,12649.38,156103.95
102911,5001172,Closed,-1565,0,118.43,678244.37,80124.71
108772,5001173,Closed,-230,0,3042.84,88625.69,93923.04
102729,5001174,Closed,-2884,0,7427.68,10967.7,140686.45
108697,5001175,Closed,-510,0,1314.94,56361.77,44693.09
108325,5001176,Closed,-820,0,6751.18,264055.17,25927.71
108173,5001177,Closed,-226,0,4895.58,12292.98,185170.09
104831,5001178,Closed,-1961,0,23420.78,165331.27,16216.74
101857,5001179,Closed,-2956,0,6969.64,27204.39,45866.33
200926,5001180,Closed,-628,10,3861.31,153317.39,33127.78
107615,5001181,Closed,-889,0,3328.08,16624.18,15088.93
107748,5001182,Closed,-1329,0,2471.75,3398.6,18548.45
108163,5001183,Active,-859,0,3360.45,304693.95,1864.28
107419,5001184,Closed,-44,0,1882.03,91579.17,26895.88
201206,5001185,Closed,-1651,0,237.67,102999.74,78092.79
104692,5001186,Closed,-1248,0,7910.34,401931.3,99438.34
105732,5001187,Active,-1481,0,8039.99,186059.38,162566.09
104497,5001188,Closed,-1886,0,2182.15,248123.72,55679.41
108907,5001189,Closed,-1338,0,1235.45,470200.86,55525.94
100530,5001190,Closed,-1659,0,544.69,212620.99,119828.63
100550,5001191,Active,-2248,0,5896.95,132048.32,49885.53
105419,5001192,Active,-909,0,194.59,423553.64,50146.03
106521,5001193,Closed,-1075,0,5803.68,22176.06,25096.57
107316,5001194,Closed,-2387,0,813.61,336895.32,96747.99
200840,5001195,Active,-213,0,7651.28,154208.16,163980.21
103647,5001196,Closed,-280,0,15793.94,132668.44,28138.15
108820,5001197,Active,-506,0,4500.14,319905.42,8837.37
101190,5001198,Active,-246,0,5054.02,384090.29,57029.71
105788,5001199,Active,-158,0,1922.65,216769.89,12530.52
105636,5001200,Closed,-2911,0,1366.95,101629.51,103181.24
101586,5001201,Closed,-2014,0,146.61,579000.07,138492.62
107283,5001202,Closed,-1789,30,3798.82,369287.16,8913.42
200141,5001203,Closed,-2469,10,70.39,112173.37,63290.03
102597,5001204,Closed,-1845,0,1640.84,327912.85,73479.4
105205,5001205,Closed,-1392,0,2702.47,530555.23,16078.52
100305,5001206,Closed,-891,0,259.58,42482.88,90428.99
107928,5001207,Active,-1796,0,6006.98,88078.94,84299.2
109329,5001208,Closed,-2382,0,2077.88,69195.7,118046.33
108822,5001209,Closed,-1143,10,7531.77,240731.93,148651.89
201974,5001210,Closed,-2534,0,6055.06,64208.93,18085.1
107602,5001211,Closed,-2718,30,13115.78,40986.12,185008.59
100000,5001212,Closed,-2062,0,1090.82,255052.85,58621.72
109722,5001213,Active,-1007,0,1183.78,919819.77,12298.52
108369,5001214,Active,-861,0,6210.15,255850.49,62260.87
109050,5001215,Closed,-514,0,8951.03,158656.21,97811.64
104019,5001216,Closed,-2442,10,1940.73,83655.49,6165.75
106711,5001217,Closed,-2835,0,1550.36,93827.21,49048.87
200186,5001218,Closed,-148,0,6004.55,623579.76,24451.29
106608,5001219,Closed,-2238,0,8407.19,177053.62,40133.11
101210,5001220,Closed,-670,0,9287.66,531188.72,98177.5
201483,5001221,Closed,-2612,0,6210.06,547463.11,39831.99
200076,5001222,Closed,-2097,30,8903.06,68153.88,33323.85
107138,5001223,Closed,-1855,0,7375.92,647185.5,242877.96
102263,5001224,Closed,-2611,0,337.36,22670.16,8990.64
102551,5001225,Closed,-89,0,2705.53,335160.93,149523.42
103196,5001226,Closed,-1363,0,6284.75,12251.19,30220.3
106149,5001227,Closed,-2056,0,1591.51,168902.96,117823.62
108159,5001228,Closed,-1426,0,8316.86,37280.75,59728.51
105458,5001229,Closed,-1612,0,2214.45,69596.55,136826.85
105016,5001230,Closed,-975,0,2434.54,176074.59,263082.31
200204,5001231,Closed,-2032,0,20966.6,6583.83,53131.95
106777,5001232,Closed,-364,0,5203.07,30289.44,48805.41
108253,5001233,Closed,-1612,0,7249.15,82385.24,66853.54
106706,5001234,Active,-2555,0,6141.65,129687.06,21281.52
102451,5001235,Closed,-35,0,1356.98,43130.44,46419.17
106135,5001236,Closed,-1835,0,3660.41,122977.62,5745.41
101944,5001237,Closed,-2626,0,3366.73,132285.12,74923.94
105947,5001238,Active,-1778,0,475.13,82882.96,76436.06
201683,5001239,Closed,-2222,0,401.32,17999.77,200336.97
200641,5001240,Closed,-2080,0,7554.8,541384.18,16879.6
101599,5001241,Active,-1149,30,3193.98,394482.04,121702.31
104925,5001242,Closed,-2106,0,6468.57,54235.54,145604.08
102431,5001243,Active,-342,0,8136.61,690134.39,120836.23
103027,5001244,Closed,-1395,0,707.16,113276.89,36082.49
105692,5001245,Active,-2725,0,10249.18,289735.44,62887.23
104815,5001246,Active,-148,0,2334.97,337506.49,229607.71
105596,5001247,Active,-1739,0,3527.78,394307.85,149623.1
100431,5001248,Closed,-2468,0,1750.27,189035.33,65915.04
103315,5001249,Active,-1349,0,5552.36,116551.63,46154.6
105106,5001250,Closed,-2434,0,4908.54,215281.46,17081.72
102850,5001251,Closed,-2464,0,3920.08,78897.75,63281.99
101373,5001252,Closed,-553,0,18381.89,211548.76,44264.04
100015,5001253,Active,-2828,0,5418.89,91574.3,34773.92
200254,5001254,Active,-430,10,2337.94,73428.26,40719.43
106335,5001255,Closed,-2578,0,12188.61,53602.18,67757.79
103678,5001256,Closed,-1283,0,1201.49,104645.95,42750.1
100490,5001257,Closed,-2242,10,1959.56,190593.0,95655.76
108359,5001258,Closed,-784,0,3846.31,365146.61,9463.79
103166,5001259,Closed,-1154,0,1304.77,112218.15,84473.83
200463,5001260,Closed,-931,0,7083.89,469994.97,56310.57
106753,5001261,Active,-2715,0,947.83,341639.87,257221.79
200506,5001262,Closed,-712,0,4242.22,37309.41,61253.39
107651,5001263,Active,-1538,0,10192.66,321177.72,21131.4
108944,5001264,Active,-1067,0,3108.99,3269.23,68115.05
109139,5001265,Closed,-409,0,7125.6,73954.96,35720.88
101241,5001266,Closed,-2295,0,2564.44,60049.49,178368.42
100669,5001267,Closed,-2608,0,12815.79,260382.82,31876.27
200583,5001268,Active,-102,0,3791.07,493419.64,137360.84
100063,5001269,Closed,-1401,0,9753.93,579663.68,125742.12
201056,5001270,Closed,-2777,0,6457.05,85708.01,145728.23
101427,5001271,Closed,-84,0,3126.53,34281.25,323706.84
105432,5001272,Closed,-1667,0,2569.06,121208.75,334770.99
105633,5001273,Closed,-1441,10,959.8,267146.17,48636.6
106366,5001274,Active,-1502,0,20746.07,351316.34,28877.81
108418,5001275,Closed,-1191,0,1646.29,382721.0,20872.91
105151,5001276,Active,-1431,0,5660.0,185191.54,10316.43
102781,5001277,Closed,-1646,0,1962.11,249864.63,3542.52
102937,5001278,Active,-2121,0,220.61,316892.4,278935.81
102824,5001279,Active,-2194,0,8906.13,40085.66,280437.7
105877,5001280,Active,-947,0,4651.64,383812.87,13247.93
100260,5001281,Closed,-1513,0,14382.35,155693.24,125370.71
105731,5001282,Closed,-2000,0,508.69,59965.31,163817.51
100974,5001283,Active,-1318,0,4148.04,75657.99,21772.07
200658,5001284,Closed,-2178,0,8030.11,123586.53,23802.23
108206,5001285,Closed,-822,0,5414.86,114615.41,12677.34
104214,5001286,Closed,-65,0,6010.58,359531.16,18342.22
107430,5001287,Closed,-534,0,2569.32,273433.65,32306.16
105887,5001288,Closed,-721,0,10304.7,242553.55,29364.5
103701,5001289,Active,-285,0,1080.6,302888.91,19730.55
104267,5001290,Active,-99,0,9690.78,265093.61,60385.44
100291,5001291,Active,-278,0,851.66,43712.23,137885.52
109427,5001292,Closed,-2245,0,7923.7,43082.2,378108.65
201440,5001293,Closed,-2985,0,3294.23,169491.31,100832.33
107618,5001294,Closed,-1824,0,589.13,188774.5,34351.37
201195,5001295,Closed,-1237,0,2012.19,65609.4,68481.41
106730,5001296,Closed,-285,0,3592.2,266849.05,25483.92
102615,5001297,Closed,-1776,0,4931.48,222159.46,278.32
101470,5001298,Active,-2085,0,224.98,78440.96,52700.96
102012,5001299,Active,-1193,0,8827.13,173973.85,142215.13
104535,5001300,Closed,-2355,0,8364.78,88107.83,143370.26
105424,5001301,Closed,-2034,0,962.59,13975.51,79707.05
105892,5001302,Closed,-1046,0,4573.47,407359.43,69850.87
100546,5001303,Closed,-341,0,7938.69,559634.49,203712.21
100665,5001304,Active,-1235,0,565.6,411187.05,199792.79
201412,5001305,Closed,-2700,0,10626.51,189200.12,129132.44
102752,5001306,Active,-2037,0,2461.56,340764.09,60856.99
106632,5001307,Closed,-217,0,5760.6,266325.07,29395.6
104666,5001308,Closed,-914,0,1040.99,185414.2,124868.37
103984,5001309,Closed,-1743,0,895.06,166473.19,58308.42
104456,5001310,Closed,-2704,0,4141.29,134069.96,155926.76
201970,5001311,Closed,-1361,0,1155.52,84611.3,16409.97
100957,5001312,Active,-1079,0,6908.65,40333.61,21182.23
100167,5001313,Closed,-862,0,4002.64,37864.93,766.93
109359,5001314,Closed,-1497,0,1938.33,27132.79,74223.11
103732,5001315,Closed,-2343,0,4136.24,106362.38,52003.1
106467,5001316,Closed,-258,0,2359.35,129265.08,51071.8
102452,5001317,Active,-393,0,1522.46,85211.66,46586.31
104261,5001318,Closed,-175,0,1668.22,119624.41,34956.17
107272,5001319,Closed,-1267,0,25433.92,53575.71,236306.38
103874,5001320,Closed,-2891,0,8308.77,46388.01,48362.85
105630,5001321,Closed,-1370,0,4020.56,206891.81,67937.58
101091,5001322,Closed,-1986,0,976.0,4363.85,103468.34
108629,5001323,Closed,-1256,0,6853.36,168158.94,5419.96
109944,5001324,Active,-1459,0,3220.23,137832.63,98237.75
102480,5001325,Active,-2228,0,2617.87,176304.18,19666.82
106954,5001326,Active,-2639,0,4940.29,267427.28,52835.56
100531,5001327,Closed,-685,0,12723.09,91693.18,159147.27
102424,5001328,Closed,-1265,0,3184.35,51268.71,32205.41
201406,5001329,Closed,-1141,0,1819.73,245555.01,183692.64
100663,5001330,Closed,-995,0,5295.09,162432.95,3084.24
105900,5001331,Closed,-1144,0,19360.32,82433.9,19892.27
106217,5001332,Closed,-1516,0,5243.86,210300.35,18432.53
101257,5001333,Active,-707,0,2015.39,110401.42,197489.02
201508,5001334,Closed,-1120,0,11851.21,36419.52,178756.63
104474,5001335,Closed,-2985,0,17842.24,33077.08,29014.48
200358,5001336,Closed,-101,0,8466.4,374057.01,2154.2
106835,5001337,Closed,-720,0,14408.45,99286.2,41178.5
102579,5001338,Closed,-1904,0,809.62,197740.32,212255.91
101036,5001339,Closed,-1961,0,3041.13,94635.52,48688.01
108175,5001340,Closed,-1948,30,5157.9,59940.12,4335.35
200233,5001341,Active,-2324,0,2866.84,161127.83,91414.84
107846,5001342,Closed,-1929,0,2627.78,382198.01,53502.5
102944,5001343,Closed,-1873,0,3601.62,302385.75,13150.04
100277,5001344,Active,-6,0,8184.43,22168.85,133413.21
102253,5001345,Active,-2974,0,4560.62,261916.1,13712.9
101316,5001346,Closed,-1802,0,9789.87,158.14,16292.35
104831,5001347,Closed,-172,0,454.6,82921.77,450.07
200330,5001348,Closed,-474,0,8181.91,689430.57,153536.49
109411,5001349,Active,-2997,0,4816.8,138345.93,51491.79
101224,5001350,Closed,-1145,0,359.92,237628.94,44111.35
103219,5001351,Closed,-2665,0,624.62,29321.56,5836.88
102431,5001352,Closed,-1510,0,13370.99,19784.37,32517.75
107180,5001353,Closed,-853,0,8547.37,133367.12,18184.34
102039,5001354,Closed,-689,0,5028.5,275598.13,8127.88
106288,5001355,Closed,-323,0,464.85,519045.62,818.74
107589,5001356,Closed,-68,0,5263.79,103235.14,7627.25
102773,5001357,Closed,-2618,0,255.44,350928.23,44404.58
100655,5001358,Closed,-2001,0,6803.97,83455.85,15869.63
201851,5001359,Closed,-2917,30,7116.19,523791.25,33944.62
101838,5001360,Closed,-1019,0,1966.35,364923.15,4860.15
100654,5001361,Closed,-688,0,2173.39,44778.56,33087.03
100418,5001362,Active,-2611,0,3336.48,134410.6,157895.29
104291,5001363,Closed,-643,0,6466.83,405281.52,92455.8
103730,5001364,Closed,-2678,0,20254.72,254691.55,51168.59
106780,5001365,Active,-41,0,3829.49,479627.73,8460.1
100775,5001366,Closed,-772,0,7861.51,199269.45,116755.19
200141,5001367,Closed,-786,0,387.44,15385.69,61135.15
201197,5001368,Active,-1188,0,8188.1,146441.41,2992.0
108153,5001369,Closed,-595,0,8256.19,105636.94,235491.79
108532,5001370,Closed,-1247,0,2465.02,5136.72,82767.46
106638,5001371,Closed,-1663,0,4156.06,34961.05,8035.34
103011,5001372,Closed,-976,0,3661.93,263096.71,61946.8
108150,5001373,Closed,-2010,0,5827.54,151502.25,100476.26
106013,5001374,Closed,-2848,0,2507.54,87603.4,124169.31
109477,5001375,Closed,-2013,0,2120.3,522933.34,341309.96
108207,5001376,Closed,-1534,0,8104.2,38593.85,158022.05
107884,5001377,Closed,-929,0,15973.38,46281.38,185649.78
101107,5001378,Active,-1350,0,6646.93,93349.96,147026.39
103959,5001379,Closed,-2772,0,9397.41,214851.82,33532.31
108389,5001380,Active,-2011,0,11003.79,112854.95,25091.78
105641,5001381,Closed,-770,0,1909.11,518949.99,181710.17
100491,5001382,Closed,-576,0,18873.56,71913.29,77564.01
106454,5001383,Closed,-2707,0,3668.09,41702.19,97004.51
101580,5001384,Active,-2434,0,5890.78,210664.19,25833.25
109987,5001385,Closed,-1212,0,895.52,776456.57,92764.48
108641,5001386,Closed,-1706,0,4486.64,64544.95,187591.78
106649,5001387,Closed,-2799,0,2599.36,891947.76,48829.62
109181,5001388,Active,-519,0,13376.8,96112.77,6908.22
109999,5001389,Closed,-402,0,1177.53,347827.99,240624.21
105578,5001390,Closed,-1800,0,3203.63,178534.92,55341.97
105666,5001391,Closed,-1694,0,8960.02,1015.58,111345.2
107202,5001392,Closed,-252,30,8841.42,755737.09,69183.54
104213,5001393,Active,-621,0,3158.64,155834.59,238959.11
106777,5001394,Active,-2887,0,3497.46,87812.99,11881.19
101646,5001395,Closed,-1418,0,4544.23,206834.89,39259.04
101255,5001396,Closed,-1631,0,7478.92,172560.3,140107.1
100098,5001397,Closed,-2359,0,826.16,83660.16,47003.91
103538,5001398,Active,-71,30,461.46,58288.85,133586.17
108279,5001399,Closed,-1243,0,3385.08,12958.52,18963.3
100289,5001400,Closed,-2556,0,16951.95,430874.78,124260.81
103401,5001401,Closed,-433,0,2864.34,80130.43,175704.29
108795,5001402,Closed,-1357,0,1543.47,178733.73,18128.04
107086,5001403,Closed,-1429,0,32025.65,194585.99,104146.22
200107,5001404,Active,-1229,0,2285.96,316177.4,63492.86
109809,5001405,Active,-1842,0,813.34,589272.02,282289.07
108857,5001406,Closed,-2326,0,984.68,204948.76,79179.6
108648,5001407,Closed,-899,0,5317.04,403531.62,72586.37
201913,5001408,Closed,-2125,0,2497.02,146393.47,9846.95
100450,5001409,Active,-1143,0,6407.42,9654.93,90864.0
102136,5001410,Closed,-1096,0,4974.12,280911.76,61916.58
107628,5001411,Closed,-497,0,3926.39,141546.29,36580.46
200670,5001412,Active,-104,0,11430.73,100454.7,102154.35
102829,5001413,Closed,-2849,0,2060.42,47692.49,49242.6
101326,5001414,Closed,-2144,0,5444.96,135210.97,36119.03
104730,5001415,Closed,-2746,0,1361.73,256194.56,10188.93
104928,5001416,Closed,-2295,0,5505.37,192271.0,236065.37
105240,5001417,Closed,-2787,0,738.95,8212.61,93923.81
200828,5001418,Active,-1120,0,2325.54,553167.15,120069.01
109695,5001419,Closed,-1545,0,3001.39,42926.06,64752.05
104150,5001420,Active,-1406,0,5586.15,293558.21,15202.41
109751,5001421,Closed,-1597,0,2174.51,572354.46,67398.92
106395,5001422,Closed,-2249,0,4151.21,145195.08,146495.3
104538,5001423,Closed,-446,0,3309.45,60195.55,6466.87
107408,5001424,Closed,-1614,0,39.87,94920.11,6731.69
104519,5001425,Active,-1264,0,1200.66,58759.9,102579.96
105855,5001426,Closed,-1914,0,6788.27,9737.94,15093.61
104089,5001427,Closed,-1492,0,3489.08,63826.79,95638.53
108048,5001428,Closed,-1187,0,7978.95,40803.84,95525.84
107076,5001429,Closed,-839,0,1335.04,309797.65,1292.77
105843,5001430,Closed,-2478,0,502.27,54632.67,14915.71
107627,5001431,Closed,-131,0,3876.98,308798.57,161320.03
108978,5001432,Closed,-2957,0,5278.84,108895.74,62131.03
200524,5001433,Active,-2857,0,5795.28,155186.26,54919.25
106205,5001434,Active,-2015,30,8202.29,90824.61,130427.16
108642,5001435,Closed,-1876,0,9858.14,604217.21,4825.39
105316,5001436,Closed,-6,0,2299.35,73889.5,64553.07
100364,5001437,Closed,-1042,0,3749.81,551841.18,59568.38
103522,5001438,Closed,-1900,0,7606.4,86044.43,10787.52
100141,5001439,Closed,-1642,0,5694.09,6784.1,31318.57
108645,5001440,Closed,-2838,0,5501.02,243945.57,3160.88
201899,5001441,Closed,-2896,0,2494.64,296503.62,81861.77
106845,5001442,Active,-1189,0,551.89,1928.05,87194.34
102506,5001443,Closed,-1746,0,16085.67,113053.86,43990.96
200767,5001444,Closed,-959,0,12192.41,326356.98,7412.15
106248,5001445,Closed,-1882,10,1668.54,252785.36,96322.27
102367,5001446,Active,-1451,0,4295.06,158.23,33676.66
101854,5001447,Active,-2572,0,13576.87,133740.94,113649.91
201007,5001448,Closed,-533,0,1256.68,103210.1,114878.1
101161,5001449,Active,-443,0,25198.33,76751.54,108091.21
101626,5001450,Closed,-25,0,2910.89,263160.6,123589.01
101296,5001451,Closed,-2072,0,11800.44,201366.05,9151.41
105986,5001452,Active,-2921,0,7027.79,8143.19,93232.13
100843,5001453,Closed,-649,0,550.36,34068.09,11233.43
108148,5001454,Closed,-600,0,673.62,109429.09,45036.59
108415,5001455,Active,-2562,0,15720.22,356509.61,218249.01
107259,5001456,Closed,-625,0,6501.82,1405.91,12103.36
104649,5001457,Active,-2210,0,3978.41,34923.15,29297.84
106815,5001458,Closed,-1938,30,4654.62,11699.42,4600.48
201865,5001459,Active,-2311,0,668.93,109298.96,2132.66
106206,5001460,Closed,-2491,0,8260.91,161669.85,269406.12
105674,5001461,Active,-2532,0,6017.46,78938.77,73860.31
107808,5001462,Closed,-742,0,6697.39,248556.85,1637.36
109165,5001463,Closed,-707,0,201.74,158202.81,69315.39
103281,5001464,Closed,-2054,0,3986.34,265457.62,19518.49
101344,5001465,Closed,-2648,0,1282.45,182874.32,126124.36
101489,5001466,Closed,-2948,0,589.35,169152.53,67807.57
201624,5001467,Closed,-1569,0,4489.5,72473.96,77573.45
105347,5001468,Closed,-1560,10,8650.65,119801.65,144909.04
101641,5001469,Closed,-2312,0,4979.65,84605.65,213.46
105615,5001470,Closed,-224,0,4090.57,32788.36,42487.6
201434,5001471,Active,-2730,0,15941.05,111982.28,8781.22
200108,5001472,Closed,-2857,0,2436.35,565471.73,121449.37
108592,5001473,Closed,-685,0,9317.34,39411.8,20574.06
104503,5001474,Closed,-395,0,4063.8,551943.31,45629.39
201746,5001475,Closed,-1962,0,18.7,102437.44,58540.34
101071,5001476,Closed,-16,0,8482.01,44345.56,42808.68
201307,5001477,Closed,-1122,0,961.58,244897.54,6207.45
102547,5001478,Active,-924,0,7395.6,334993.57,251173.89
109587,5001479,Closed,-923,0,3111.97,519593.69,172022.99
106062,5001480,Closed,-2663,0,4517.46,139069.92,116296.69
200631,5001481,Active,-421,0,722.82,253223.04,7090.78
200875,5001482,Closed,-2635,0,19316.66,94716.4,20518.65
106583,5001483,Closed,-962,0,9469.18,128313.46,19752.77
107962,5001484,Closed,-260,0,1401.16,407205.73,1302.21
108431,5001485,Active,-1481,0,4448.04,298531.88,55786.5
201110,5001486,Closed,-2264,0,14270.29,300355.05,2928.68
100968,5001487,Closed,-334,10,11004.92,30149.77,103153.5
106114,5001488,Closed,-9,0,2732.63,5991.18,11392.91
105903,5001489,Closed,-1088,0,7256.85,57055.29,295092.04
104575,5001490,Active,-268,0,6455.19,16953.02,22474.36
108146,5001491,Closed,-157,0,5642.19,37308.52,51856.32
101615,5001492,Closed,-2334,0,82.43,60522.84,102979.9
101143,5001493,Closed,-1227,0,189.61,312425.99,214837.74
108261,5001494,Active,-41,0,1293.43,216732.36,73539.96
107887,5001495,Active,-2383,0,6171.01,609114.18,33372.48
104676,5001496,Closed,-510,0,1704.66,14602.2,81815.52
101375,5001497,Active,-2603,0,17222.89,518951.11,249899.26
103587,5001498,Closed,-2352,0,2300.26,164434.56,106486.09
107924,5001499,Closed,-1731,0,2739.21,30456.31,58544.49
103570,5001500,Active,-2325,0,240.14,203157.73,83282.78
201537,5001501,Active,-892,0,2056.4,34682.24,84981.93
100969,5001502,Closed,-1938,0,1037.23,397563.01,81137.84
108082,5001503,Active,-560,10,4452.86,57043.88,319447.88
103276,5001504,Active,-1035,0,7623.29,582271.95,161644.46
102242,5001505,Closed,-2747,0,2350.23,19117.38,18950.76
101809,5001506,Active,-1180,0,11117.42,34342.97,75830.31
107481,5001507,Closed,-2982,0,2687.94,34981.21,31958.88
102554,5001508,Active,-2114,0,7420.7,358489.64,80166.65
100814,5001509,Closed,-1705,0,1398.02,51268.71,352557.33
106954,5001510,Closed,-2550,0,4638.14,407031.56,34448.67
106637,5001511,Closed,-2319,0,11786.49,83279.56,32149.11
105229,5001512,Active,-2303,0,1438.89,86425.16,19225.64
100929,5001513,Active,-2917,0,1154.43,80682.87,89532.31
100013,5001514,Closed,-2697,0,7164.5,438698.38,170627.51
108663,5001515,Closed,-1395,0,604.27,100512.73,12256.72
102097,5001516,Closed,-2318,0,3193.87,38414.67,30052.64
107678,5001517,Closed,-2011,0,1126.99,311161.89,62382.67
108705,5001518,Active,-2534,0,9202.78,27387.51,26898.63
102090,5001519,Closed,-784,0,5112.64,117761.93,169484.19
106853,5001520,Closed,-1192,0,7981.56,371129.05,111852.9
109806,5001521,Closed,-2084,0,1517.45,119570.6,24459.75
103123,5001522,Closed,-1418,0,7863.26,454414.13,91063.33
101727,5001523,Closed,-1922,0,534.91,3852.81,104846.66
105815,5001524,Closed,-417,0,1944.34,335432.97,37751.94
101774,5001525,Active,-562,0,1610.27,41716.08,139325.24
107920,5001526,Closed,-15,0,8158.96,163100.73,166561.06
104321,5001527,Closed,-1499,0,2245.43,204317.72,23890.68
200566,5001528,Active,-1181,0,3383.69,142385.97,100927.39
108537,5001529,Active,-2678,0,2003.51,1340.72,85061.51
102979,5001530,Closed,-1617,0,571.9,136396.88,99465.16
104754,5001531,Closed,-419,0,9762.47,36327.21,115064.17
200211,5001532,Active,-1505,0,3166.89,105329.81,25662.7
200977,5001533,Active,-986,0,11034.89,58039.61,873.69
109478,5001534,Closed,-2365,0,15285.57,303921.22,126819.13
200594,5001535,Closed,-90,0,1995.89,62153.5,73061.52
200302,5001536,Closed,-37,0,15136.61,86733.84,5634.94
107080,5001537,Active,-2991,0,6567.78,153348.22,27596.13
103290,5001538,Closed,-1241,0,500.75,158357.43,25525.72
100466,5001539,Closed,-1614,0,508.65,193794.06,7877.85
102807,5001540,Closed,-1740,0,3372.48,124055.02,17960.27
201268,5001541,Closed,-723,0,370.3,70736.52,55153.71
108163,5001542,Active,-2491,0,5851.24,47793.26,63819.42
106600,5001543,Closed,-2878,0,2712.0,10492.36,181993.61
101982,5001544,Closed,-1376,0,10554.17,184120.78,26509.76
100062,5001545,Closed,-294,0,2141.9,104951.73,10229.22
200236,5001546,Closed,-2733,0,19495.69,662405.89,25902.41
105961,5001547,Active,-1747,0,9059.44,200215.75,18665.83
105596,5001548,Closed,-2409,0,2811.03,46872.96,182933.93
200413,5001549,Closed,-1035,0,10670.85,55103.26,50463.31
106969,5001550,Closed,-790,0,478.99,88709.59,6079.42
201804,5001551,Active,-367,0,7452.54,181294.85,198641.67
200741,5001552,Closed,-2673,0,8257.25,78856.6,417174.98
201410,5001553,Closed,-475,0,1414.49,16871.26,39651.38
201564,5001554,Closed,-2438,0,2580.52,53089.46,57492.35
108086,5001555,Closed,-1394,0,4450.83,666876.94,135553.75
105244,5001556,Closed,-970,0,1019.81,528913.09,14457.58
109914,5001557,Closed,-1701,0,2469.7,272305.61,14900.31
101666,5001558,Active,-2724,0,6055.37,183531.07,117387.76
106690,5001559,Closed,-1550,0,3570.53,510014.8,218899.71
201300,5001560,Closed,-2638,0,5060.07,19858.61,58263.96
101613,5001561,Closed,-1097,0,1625.8,67713.93,16874.02
200480,5001562,Active,-1339,0,4866.27,17180.13,24756.92
105290,5001563,Active,-2698,0,4834.76,345744.07,33926.37
103922,5001564,Closed,-1931,0,8477.6,531901.93,19309.11
109526,5001565,Closed,-141,0,2702.33,116199.06,63714.51
108798,5001566,Closed,-338,0,3718.1,161254.91,63398.35
201268,5001567,Active,-1826,0,6741.92,84281.49,36126.52
106419,5001568,Closed,-776,0,6614.48,618446.53,74660.79
201818,5001569,Closed,-645,0,1728.44,156729.44,2450.83
105758,5001570,Closed,-2333,0,1009.04,45535.12,46892.54
104193,5001571,Closed,-1257,0,14269.03,8932.08,28174.18
107777,5001572,Closed,-2637,0,2554.52,128923.78,132722.24
201048,5001573,Closed,-436,10,1723.64,128305.2,20194.53
101828,5001574,Closed,-182,0,7247.93,10321.02,552960.25
101706,5001575,Closed,-2364,0,17840.84,6500.26,826.23
106922,5001576,Closed,-2179,0,7150.43,49957.88,18906.01
105270,5001577,Closed,-1846,0,4169.38,627649.39,28631.83
106701,5001578,Closed,-2210,0,8068.62,414272.43,48498.33
107970,5001579,Active,-2557,0,8966.61,8826.86,60545.32
200318,5001580,Closed,-2189,0,4278.07,30311.73,19856.51
109690,5001581,Closed,-1637,0,14658.15,910.79,50005.48
104428,5001582,Closed,-2528,0,12968.63,34963.28,24428.62
106809,5001583,Closed,-1352,0,2603.91,492666.9,3400.74
105303,5001584,Active,-437,0,11517.21,12384.29,93067.35
101505,5001585,Closed,-1191,0,1696.6,170821.67,139218.49
100368,5001586,Active,-1799,0,1149.02,293494.2,41967.88
105624,5001587,Closed,-620,0,36.02,361243.69,9682.18
109608,5001588,Active,-427,0,8990.41,80473.54,60400.37
100856,5001589,Closed,-1696,0,3431.99,960055.43,37859.56
104563,5001590,Closed,-945,0,891.24,20784.37,12194.46
107580,5001591,Active,-2275,0,733.14,225761.23,83540.38
109218,5001592,Closed,-1456,0,8405.84,3806.36,46445.02
100122,5001593,Closed,-1204,0,3338.32,431078.65,50731.22
101109,5001594,Closed,-1513,0,852.33,187465.95,6210.75
109174,5001595,Active,-91,0,13.1,790638.77,280251.76
108693,5001596,Active,-2523,0,538.13,140948.34,8427.24
100458,5001597,Closed,-1058,0,3678.13,149591.74,43461.52
102131,5001598,Closed,-1922,0,2961.5,333646.27,101504.38
200973,5001599,Closed,-1196,0,13026.69,124558.7,14138.51
103005,5001600,Closed,-2328,0,5772.82,178668.41,17358.87
100669,5001601,Active,-1092,0,1123.82,307259.26,59021.63
105496,5001602,Active,-1441,0,1505.61,251964.2,76253.96
107294,5001603,Active,-668,0,3435.14,430275.31,199827.29
201759,5001604,Closed,-1518,0,2506.46,89232.48,140190.07
100429,5001605,Closed,-1318,0,2734.31,54685.6,9141.71
100319,5001606,Active,-1903,10,3511.88,339025.15,91080.31
100268,5001607,Active,-1466,0,2176.67,139873.92,118577.09
101688,5001608,Closed,-2448,30,1864.9,168937.71,43362.62
100901,5001609,Active,-203,0,1038.86,183414.35,2810.36
104414,5001610,Closed,-2150,0,13543.26,164169.23,89949.0
103033,5001611,Active,-1278,0,7432.81,246414.78,20699.75
108291,5001612,Closed,-1805,0,3212.68,86643.65,50529.69
201976,5001613,Closed,-1797,0,7505.97,93872.71,122471.42
105379,5001614,Active,-1474,0,5594.23,122251.63,43714.16
101155,5001615,Closed,-647,0,12906.18,582677.32,86831.9
109713,5001616,Active,-927,0,2950.71,29484.19,14224.76
101437,5001617,Active,-2369,0,3556.11,249608.44,244164.5
102366,5001618,Closed,-2590,0,296.35,59235.34,39391.88
104585,5001619,Closed,-903,0,3998.11,374066.38,42654.26
107453,5001620,Closed,-489,0,6321.79,31648.43,15444.22
105788,5001621,Closed,-840,0,382.65,657806.32,149083.48
107400,5001622,Closed,-246,0,378.6,123418.2,53280.28
101952,5001623,Active,-2364,0,2217.47,268705.24,39498.15
104199,5001624,Closed,-1450,10,1723.45,41416.78,177888.29
102066,5001625,Closed,-72,0,4629.26,29768.31,77105.97
201049,5001626,Closed,-1323,0,2402.94,586327.71,7829.9
101751,5001627,Closed,-1347,0,306.66,129605.64,293664.15
201012,5001628,Closed,-1263,0,716.33,103375.65,70080.12
106696,5001629,Closed,-1857,0,12463.46,74502.94,234078.41
109244,5001630,Closed,-2082,0,4183.58,45657.04,48907.57
102192,5001631,Closed,-2967,0,6682.87,179504.32,63032.87
106688,5001632,Active,-2315,0,936.51,62614.72,35092.79
101889,5001633,Active,-877,0,7268.33,35635.98,40483.59
109925,5001634,Closed,-1115,0,3593.51,452518.69,56717.57
201085,5001635,Closed,-612,0,3778.31,192570.95,152380.78
106209,5001636,Active,-2727,0,6718.6,139159.58,29168.58
101599,5001637,Closed,-2199,0,2054.04,388788.13,79201.01
107455,5001638,Closed,-1277,0,237.11,180404.01,135096.93
102997,5001639,Active,-362,0,113.97,159467.28,287287.5
108232,5001640,Active,-2717,0,7774.31,109043.28,19899.44
103440,5001641,Closed,-1964,0,2796.26,44963.09,25425.86
103884,5001642,Active,-788,0,1247.33,114226.87,5767.73
106617,5001643,Closed,-2649,0,4667.21,217719.29,131361.88
109348,5001644,Closed,-1241,0,1868.84,20602.03,313518.25
201698,5001645,Closed,-731,0,7054.28,145742.11,14611.87
102268,5001646,Closed,-584,0,1131.9,948767.37,17585.57
107925,5001647,Closed,-1961,0,1199.21,128555.42,75421.94
103669,5001648,Closed,-16,0,5925.55,35170.57,33139.39
108806,5001649,Closed,-49,0,850.77,754675.18,8473.93
106832,5001650,Closed,-2803,0,13420.84,48252.16,77255.36
103146,5001651,Closed,-673,0,2849.2,275948.06,166774.96
104762,5001652,Closed,-1668,0,7195.91,226815.3,99362.11
200449,5001653,Closed,-2781,30,22.25,1093199.53,33387.63
102355,5001654,Closed,-2044,0,2814.12,198808.92,55113.33
102357,5001655,Active,-222,0,169.82,257567.95,69741.33
103698,5001656,Active,-432,0,563.75,26472.42,194421.98
105593,5001657,Closed,-2232,0,769.79,1107815.77,53687.08
100734,5001658,Closed,-1080,0,10793.66,121525.87,19100.15
200410,5001659,Closed,-468,0,12125.97,202713.93,35095.37
101418,5001660,Closed,-1376,0,5803.52,141718.26,72189.97
107840,5001661,Closed,-1347,0,8809.58,47566.96,12042.58
108991,5001662,Closed,-2783,0,5356.03,119559.67,31625.02
103363,5001663,Closed,-1222,0,3354.39,631077.21,2191.74
104999,5001664,Active,-1434,0,12155.82,219157.52,90636.99
106350,5001665,Closed,-1227,10,159.35,17682.49,58804.53
109721,5001666,Active,-2130,0,5571.32,600406.24,187556.42
107574,5001667,Closed,-2849,0,3318.74,33035.33,74688.83
101066,5001668,Closed,-1012,0,4353.6,177899.03,61838.95
201738,5001669,Active,-2850,0,11442.19,297754.55,26682.6
201210,5001670,Closed,-859,0,3111.48,67879.38,66972.0
102501,5001671,Closed,-2027,0,1426.55,737831.74,15650.65
108065,5001672,Closed,-2217,10,1405.19,149846.12,104298.62
109618,5001673,Closed,-647,0,1290.18,521526.85,16131.11
100441,5001674,Closed,-1093,0,3556.67,163697.84,64321.46
103665,5001675,Closed,-730,0,3300.41,583650.06,76521.93
108511,5001676,Closed,-1995,0,1014.97,65845.05,2715.87
107860,5001677,Closed,-217,0,5557.14,54596.41,26231.82
105550,5001678,Closed,-169,0,2421.16,117823.14,15888.26
104933,5001679,Closed,-1592,0,1154.04,81822.7,48479.21
201626,5001680,Closed,-558,0,687.32,176964.55,172243.44
102820,5001681,Closed,-1624,0,7202.71,121316.39,130878.15
109447,5001682,Active,-518,0,297.65,153824.62,5403.83
200831,5001683,Active,-1629,10,2128.96,358414.67,178450.1
103611,5001684,Active,-1670,0,2590.95,545667.29,20690.79
101639,5001685,Closed,-223,0,2509.25,177112.47,4732.14
106117,5001686,Closed,-1643,0,1755.41,52115.56,1697.68
102946,5001687,Closed,-2701,0,1429.64,233045.95,32025.38
103516,5001688,Closed,-1049,0,176.16,633646.44,15184.58
106506,5001689,Closed,-1588,0,202.88,793309.69,4110.81
109922,5001690,Closed,-1698,0,663.23,104147.86,34762.65
100493,5001691,Closed,-1515,0,2922.48,198170.1,88787.66
106866,5001692,Closed,-668,0,336.13,244848.05,154267.19
200726,5001693,Active,-1636,0,6810.71,497020.04,9407.95
105634,5001694,Active,-2413,0,9694.45,262881.89,167107.51
106972,5001695,Closed,-2293,0,5071.04,184934.42,98475.96
105083,5001696,Closed,-961,0,286.97,14963.2,74142.58
107919,5001697,Closed,-2627,0,11808.48,143276.88,7313.06
107306,5001698,Closed,-2874,0,4989.42,183171.72,7499.53
107495,5001699,Active,-2467,0,728.48,54630.07,64788.04
104384,5001700,Closed,-332,0,35.47,139722.66,57953.82
107908,5001701,Closed,-29,0,1206.05,267486.91,8309.22
102434,5001702,Closed,-1062,0,552.28,59759.79,29349.86
108978,5001703,Active,-1916,0,3696.55,12562.28,14205.11
107836,5001704,Closed,-2851,0,1506.67,484612.88,37429.95
107192,5001705,Closed,-411,10,9263.92,88053.0,121290.79
108012,5001706,Active,-1757,0,1587.73,112449.27,36282.78
103857,5001707,Closed,-2755,0,659.63,609179.79,81555.49
108011,5001708,Active,-1141,0,4846.37,56429.74,148981.33
107950,5001709,Closed,-2904,0,4605.37,204209.3,27.12
105261,5001710,Closed,-2182,0,3328.79,348293.31,39239.13
103626,5001711,Closed,-957,0,503.39,55336.64,93169.37
106194,5001712,Closed,-1641,0,12410.08,144185.32,849.13
102921,5001713,Active,-2764,0,9746.47,98427.67,3051.36
109895,5001714,Closed,-281,0,19859.34,32083.53,15753.04
107300,5001715,Active,-1537,0,2585.64,138384.83,43691.03
104241,5001716,Closed,-532,0,23564.73,482130.68,31995.04
103783,5001717,Closed,-1616,0,1223.63,14682.62,218093.27
108388,5001718,Active,-1370,0,12587.62,120096.48,99976.29
106025,5001719,Closed,-2498,0,3218.39,146864.83,20334.71
101131,5001720,Closed,-259,0,1920.41,96977.68,239466.03
105687,5001721,Closed,-90,0,5731.16,31978.14,18093.66
200212,5001722,Closed,-810,0,2520.99,225355.02,236976.06
100917,5001723,Closed,-379,0,12287.41,188046.46,27427.08
108522,5001724,Closed,-2992,0,15864.59,67708.1,48646.4
102023,5001725,Active,-736,0,5809.16,16868.61,14598.36
200311,5001726,Closed,-2835,10,3614.34,115415.08,48745.89
201690,5001727,Closed,-565,0,1704.16,141022.95,33874.57
200053,5001728,Active,-2192,0,2150.48,2152.13,1951.34
200839,5001729,Active,-719,0,3179.28,29742.12,40573.33
201602,5001730,Active,-551,0,10687.3,45015.87,62623.42
200458,5001731,Closed,-542,0,2434.29,147174.48,9760.84
201475,5001732,Closed,-1332,0,95.34,144436.31,49195.25
100777,5001733,Closed,-292,0,2836.61,84700.32,149550.01
102712,5001734,Active,-2737,0,917.46,3735.7,246717.51
102759,5001735,Closed,-2375,0,1566.05,36834.35,109269.03
100472,5001736,Closed,-2216,0,5722.35,105945.27,122634.91
200398,5001737,Closed,-2559,0,2691.76,7935.01,16745.2
107828,5001738,Closed,-1456,0,16680.83,258616.78,347800.89
107804,5001739,Closed,-2095,0,2261.19,57684.5,19806.86
200999,5001740,Closed,-1348,10,2154.78,2292.77,76162.88
200899,5001741,Active,-725,0,282.33,477873.19,17601.84
106441,5001742,Active,-934,0,414.05,113973.86,1766.77
105977,5001743,Closed,-1411,0,3428.93,26693.88,17680.86
107295,5001744,Active,-2278,0,13539.86,53254.37,5700.37
201632,5001745,Closed,-1474,0,26463.05,18752.57,65582.7
105439,5001746,Closed,-1129,0,10361.89,164459.83,33500.33
102412,5001747,Closed,-2275,0,3749.32,136554.36,77562.8
101510,5001748,Closed,-1760,0,18486.18,808141.55,88902.1
105501,5001749,Closed,-1132,0,3629.44,134583.55,114737.82
104186,5001750,Active,-1475,0,1682.56,6872.59,89342.67
105034,5001751,Closed,-1495,0,13585.7,280955.89,97173.06
103545,5001752,Closed,-874,0,17173.75,33106.73,31161.28
101519,5001753,Closed,-964,0,4755.34,163331.01,22222.47
109495,5001754,Closed,-1958,0,363.35,52192.63,99354.41
108324,5001755,Closed,-199,0,10470.96,617698.71,166629.79
106680,5001756,Active,-464,0,2371.27,183571.92,75773.52
107846,5001757,Closed,-496,0,10857.9,29734.99,104089.99
106935,5001758,Closed,-98,0,7903.48,371819.99,16041.63
107641,5001759,Closed,-1440,0,4666.7,360656.94,70197.56
104380,5001760,Closed,-31,0,1597.46,15564.97,2274.27
201015,5001761,Closed,-519,0,6173.39,375691.77,34893.68
101828,5001762,Active,-421,30,7974.11,425735.89,9621.47
102453,5001763,Closed,-2712,0,6455.67,283859.22,81428.38
105370,5001764,Active,-1915,0,96.63,10565.25,15886.17
104916,5001765,Active,-1845,0,3458.7,460467.77,85970.44
103115,5001766,Closed,-1597,0,4957.03,177308.06,94983.33
109554,5001767,Active,-89,0,1279.61,353319.12,2520.29
101329,5001768,Closed,-560,0,1799.28,206422.64,33987.42
109809,5001769,Active,-703,0,57.81,222455.59,266081.48
107863,5001770,Closed,-2194,0,4316.23,249247.64,68117.18
100006,5001771,Closed,-1594,0,2651.42,146913.27,44715.75
102531,5001772,Closed,-2166,0,704.84,623276.52,29883.87
201082,5001773,Active,-211,0,11118.09,198298.22,90171.33
109483,5001774,Closed,-825,0,7719.76,9695.09,31615.18
200992,5001775,Active,-2071,0,688.25,610312.23,5476.54
108611,5001776,Active,-1820,0,3782.61,531258.32,73650.51
107184,5001777,Active,-2196,0,2256.24,72439.27,75729.44
105192,5001778,Closed,-2575,0,2774.4,151066.67,15271.75
201111,5001779,Closed,-1470,0,3702.4,198502.38,71852.63
104411,5001780,Closed,-2409,0,9612.81,273916.69,15092.43
108548,5001781,Active,-2940,10,930.47,312755.26,109654.12
102020,5001782,Active,-1270,0,3059.13,138375.13,81827.99
107189,5001783,Closed,-432,0,1230.26,220609.31,23099.2
102716,5001784,Closed,-1284,0,14910.29,310322.1,2479.96
101061,5001785,Closed,-1482,0,4684.15,454691.28,226992.62
104819,5001786,Active,-1857,0,5585.09,303167.26,88110.33
102218,5001787,Active,-435,0,6111.37,284647.7,104785.53
104985,5001788,Closed,-2533,0,9511.18,47428.71,83027.2
107852,5001789,Active,-379,30,349.61,149439.49,97448.26
105984,5001790,Closed,-658,0,14004.21,40271.87,212003.5
108972,5001791,Active,-1207,0,413.42,300220.94,155962.44
200827,5001792,Active,-464,0,13992.54,163237.91,164987.57
103898,5001793,Closed,-264,0,1969.71,53049.26,102774.08
200832,5001794,Active,-2898,0,9242.94,29057.3,10167.53
103717,5001795,Active,-1698,0,438.3,31104.89,79500.5
108156,5001796,Active,-916,0,4535.69,386104.5,52748.77
107059,5001797,Closed,-2603,0,145.84,285404.89,104020.37
109196,5001798,Closed,-1695,0,2428.97,302732.3,44113.92
102709,5001799,Active,-1807,0,4373.07,235530.67,14159.8
105092,5001800,Active,-762,0,2261.33,40892.1,64398.16
102242,5001801,Active,-519,0,7271.64,30603.64,59583.33
105977,5001802,Closed,-2220,0,120.92,93779.48,55166.0
103460,5001803,Closed,-1953,0,774.56,275928.67,170587.57
102575,5001804,Active,-1074,0,2512.24,416689.13,145857.84
106566,5001805,Closed,-1976,0,1054.72,62682.13,41169.06
105529,5001806,Closed,-2275,0,3680.09,247730.6,13906.97
104180,5001807,Active,-489,0,723.34,195107.38,57179.72
104192,5001808,Active,-1600,0,1122.61,43565.8,3762.65
102858,5001809,Closed,-984,0,1826.9,210917.46,85349.34
109062,5001810,Closed,-1531,0,2727.08,63230.92,729.93
200434,5001811,Closed,-2469,0,3596.65,121035.69,133607.74
108880,5001812,Closed,-2685,0,8851.62,358538.75,196079.95
105771,5001813,Closed,-1485,0,4591.91,136805.57,76222.19
103058,5001814,Active,-1620,0,7172.05,4064.47,57941.84
100271,5001815,Closed,-1977,0,16134.56,535679.75,47487.02
108396,5001816,Closed,-1709,0,8213.26,325323.34,40926.62
106773,5001817,Closed,-1679,0,5519.36,139127.88,53261.42
105966,5001818,Closed,-2718,0,74.56,382719.99,48293.77
101537,5001819,Active,-1169,0,1489.01,411198.31,67826.31
106064,5001820,Closed,-406,0,3383.28,77329.28,5726.01
104059,5001821,Active,-1178,0,2905.96,136675.97,38856.64
104116,5001822,Closed,-2701,0,5888.31,185638.76,30848.54
201827,5001823,Active,-1166,0,9915.03,137565.56,131862.47
100367,5001824,Active,-617,0,2968.71,189698.35,168119.19
200731,5001825,Active,-1740,0,3135.61,43233.35,12393.6
106931,5001826,Closed,-1455,0,918.72,71615.71,121740.92
106236,5001827,Active,-758,0,3307.3,499348.88,118099.44
107127,5001828,Closed,-970,0,3480.07,61259.94,381930.75
107210,5001829,Closed,-766,0,3222.98,53117.87,10696.36
200421,5001830,Closed,-1301,0,3433.56,23745.26,67182.87
106888,5001831,Active,-305,0,285.83,169849.6,10105.82
105265,5001832,Closed,-2693,0,447.52,316499.62,19626.47
102990,5001833,Active,-2482,0,240.3,337437.74,165075.79
101997,5001834,Closed,-1693,0,3355.3,177248.01,70095.0
101495,5001835,Closed,-44,0,12596.54,268413.23,245834.69
200536,5001836,Closed,-268,0,896.63,504929.2,127546.32
106931,5001837,Closed,-27,0,435.67,80078.21,70276.78
103322,5001838,Closed,-2168,0,5838.17,149239.16,55580.1
100773,5001839,Closed,-2859,0,1255.75,22222.91,46383.78
104417,5001840,Closed,-2043,0,4390.02,380323.01,16434.46
103119,5001841,Closed,-2546,0,4288.36,20175.94,104788.0
109088,5001842,Closed,-1204,0,1159.09,131938.23,126346.04
104380,5001843,Closed,-1235,0,8022.09,91042.96,90732.28
102859,5001844,Active,-2109,0,263.18,28586.51,109369.59
104273,5001845,Closed,-823,0,1022.46,532809.68,88790.08
200584,5001846,Closed,-555,0,10194.97,206874.48,686.36
100988,5001847,Closed,-1894,0,6062.0,3546.8,37467.63
201828,5001848,Closed,-2004,30,835.33,5118.0,17945.76
107788,5001849,Closed,-2882,0,1762.09,229464.93,10826.55
109808,5001850,Closed,-2922,30,1900.07,9360.31,52730.99
106026,5001851,Closed,-636,0,3772.03,96361.6,37684.93
103602,5001852,Closed,-2246,0,1725.5,261462.01,135708.27
105024,5001853,Active,-1564,0,3361.34,105951.61,197131.85
107441,5001854,Active,-44,0,1776.73,153993.59,106536.45
201422,5001855,Closed,-1218,0,1905.16,239671.66,4557.96
101097,5001856,Closed,-2905,0,2886.03,61789.14,113820.25
101522,5001857,Closed,-60,0,8.03,159876.08,24170.32
100000,5001858,Closed,-2586,0,2045.99,145775.26,42305.65
200064,5001859,Closed,-2019,0,3383.39,9060.35,20974.53
109507,5001860,Closed,-1069,0,1647.67,65573.1,10219.59
109119,5001861,Closed,-73,0,1814.65,45155.72,50545.67
105230,5001862,Closed,-215,0,2156.99,70061.67,10271.02
100336,5001863,Active,-46,0,9292.69,99613.28,46842.3
200211,5001864,Closed,-443,0,244.67,216021.5,5181.63
201652,5001865,Active,-516,0,3461.07,183708.21,126038.82
103510,5001866,Closed,-1688,0,2175.57,25005.02,580297.74
104039,5001867,Closed,-897,30,370.28,503775.85,147195.92
106354,5001868,Closed,-1842,0,9864.97,147304.09,5394.82
103326,5001869,Closed,-1205,0,748.77,237977.93,27466.24
200200,5001870,Active,-2944,0,4299.62,710822.45,105987.16
102481,5001871,Active,-985,0,1597.4,133642.56,162999.66
107544,5001872,Active,-687,0,6924.34,97495.65,266658.89
201964,5001873,Active,-2332,0,986.88,70009.67,150040.24
101695,5001874,Closed,-2650,0,1212.35,183605.39,15246.09
105997,5001875,Active,-1485,0,1488.64,111101.37,32894.89
107104,5001876,Closed,-2034,0,7834.03,213036.32,20143.69
103176,5001877,Active,-907,0,12512.26,415039.96,108696.55
201159,5001878,Active,-2460,10,2945.74,126946.34,102844.12
101762,5001879,Closed,-118,0,3607.07,228906.38,197201.05
103767,5001880,Active,-641,0,8477.94,336123.8,104827.08
106807,5001881,Closed,-430,0,1368.6,267933.63,18173.31
106443,5001882,Closed,-2145,0,6445.77,1125096.56,670.24
201703,5001883,Closed,-2300,0,3858.64,46885.97,1039.23
109829,5001884,Closed,-2079,0,620.74,227938.32,126847.44
104350,5001885,Closed,-1423,0,168.84,331461.68,172813.99
200317,5001886,Closed,-492,0,3444.25,476988.97,2033.97
100190,5001887,Closed,-1286,0,1468.37,287130.78,200234.7
105389,5001888,Closed,-560,0,1395.78,32403.46,163243.92
201643,5001889,Closed,-1062,0,4334.83,18468.11,26909.15
201916,5001890,Closed,-1499,0,2412.47,57524.07,25363.55
106217,5001891,Closed,-1050,0,7686.8,701487.49,36077.03
105569,5001892,Closed,-1598,0,11968.43,29716.45,32244.07
103739,5001893,Closed,-635,0,2910.06,297830.3,7007.5
109346,5001894,Closed,-355,0,21770.43,378255.01,23161.27
101406,5001895,Closed,-2466,0,528.9,227076.28,133741.99
103707,5001896,Closed,-1923,0,268.95,11203.53,33699.45
100175,5001897,Closed,-860,0,8371.99,404048.78,20290.71
109606,5001898,Closed,-2,0,2300.79,107743.46,1166.95
201680,5001899,Closed,-170,0,14891.15,207877.74,116573.63
200851,5001900,Closed,-336,0,6551.63,676164.48,37326.75
105349,5001901,Closed,-2310,0,1136.51,273251.16,257532.08
102023,5001902,Active,-2041,0,4447.1,531221.99,73904.55
102926,5001903,Closed,-2411,0,7602.57,111640.42,21546.3
102964,5001904,Closed,-2002,0,1007.53,159030.41,81211.82
107030,5001905,Closed,-1172,0,2982.58,165211.95,3578.07
102725,5001906,Active,-1229,0,839.15,321279.33,39141.93
107265,5001907,Closed,-2102,0,1161.39,186906.82,15032.05
108742,5001908,Closed,-1438,0,3285.16,458058.12,186663.44
105429,5001909,Closed,-2197,0,4059.19,108716.54,209596.81
100962,5001910,Closed,-2066,0,2087.65,30429.4,80790.67
109300,5001911,Closed,-1119,0,8015.54,351699.54,26168.2
200493,5001912,Closed,-174,0,1565.62,51858.38,89271.14
102329,5001913,Active,-1512,0,2170.75,304893.78,97963.47
109063,5001914,Active,-2626,0,2390.04,59980.02,119248.18
101735,5001915,Active,-23,0,2104.13,76714.64,16176.5
106937,5001916,Closed,-1358,0,670.74,4393.72,459085.81
102332,5001917,Closed,-1918,0,6979.35,678973.48,7999.9
108853,5001918,Closed,-1069,0,598.19,499192.7,58491.82
104474,5001919,Closed,-145,0,3952.49,88238.52,16702.48
104265,5001920,Closed,-1323,0,1262.35,82083.07,533.89
105960,5001921,Active,-215,0,4400.53,34555.49,92700.62
108217,5001922,Active,-485,0,3082.7,20096.94,125485.9
103839,5001923,Active,-1046,0,1679.81,165487.85,231001.17
106160,5001924,Closed,-2522,0,3311.8,16980.71,73615.8
101662,5001925,Closed,-2555,0,4106.94,459215.54,45103.62
109176,5001926,Closed,-1541,0,3831.37,38923.49,9414.08
108910,5001927,Closed,-1504,0,3807.53,8524.23,48599.1
102670,5001928,Active,-1584,0,481.93,139969.9,16586.85
200258,5001929,Closed,-2697,0,8529.73,131366.58,55343.71
101464,5001930,Active,-1819,0,22508.48,303337.64,138380.06
101972,5001931,Active,-413,0,524.02,135977.05,43576.28
100628,5001932,Active,-1048,0,6515.14,45620.29,34279.7
201070,5001933,Closed,-2892,0,78.84,561803.6,78723.6
100257,5001934,Active,-2569,0,274.96,97778.35,25422.96
100255,5001935,Closed,-1902,0,1491.51,79585.9,6803.96
103985,5001936,Closed,-277,0,2165.68,439869.61,81104.01
109567,5001937,Active,-2387,0,10085.68,180186.96,43031.22
109581,5001938,Closed,-410,0,12910.1,124938.08,15080.0
201891,5001939,Active,-1426,0,6298.56,19711.08,680.7
102388,5001940,Closed,-2849,0,4739.47,68602.63,46992.22
103746,5001941,Closed,-507,0,1263.97,188412.78,783.09
104364,5001942,Active,-1072,0,798.42,46503.4,40267.4
106850,5001943,Closed,-1582,0,4622.84,159092.96,83141.81
103077,5001944,Active,-2506,0,8706.14,38498.45,28270.38
102336,5001945,Closed,-2465,0,1652.02,963409.86,9533.44
103963,5001946,Active,-1746,0,18937.81,159360.92,31603.64
102504,5001947,Closed,-917,0,6565.12,92119.61,157530.47
103844,5001948,Closed,-1016,0,1697.85,86655.66,106458.0
201985,5001949,Closed,-1946,0,19013.53,270670.42,29252.47
107581,5001950,Closed,-2366,0,5224.15,72007.64,4088.67
109410,5001951,Active,-842,0,4797.52,187893.71,105981.53
103912,5001952,Closed,-2553,0,5571.95,306086.81,35330.29
102750,5001953,Active,-1200,0,42.13,57277.77,244234.6
104504,5001954,Closed,-1050,0,2364.26,191407.62,178736.33
201369,5001955,Closed,-724,0,2950.2,28178.31,135386.25
102943,5001956,Closed,-1553,0,18253.64,64845.83,46690.95
103119,5001957,Closed,-322,10,6722.23,523628.74,44999.75
201727,5001958,Closed,-2934,0,7723.53,328498.66,23057.99
105074,5001959,Active,-536,0,1796.16,82329.0,45962.24
103636,5001960,Closed,-2507,0,3015.94,250418.98,322522.45
106784,5001961,Closed,-1819,0,13996.81,206954.18,110325.9
108886,5001962,Closed,-2471,0,2137.91,22.03,33233.64
102940,5001963,Closed,-1196,0,4511.98,114943.96,51263.39
102083,5001964,Closed,-1358,0,558.2,236242.56,61010.72
106792,5001965,Closed,-2095,0,4232.66,292269.22,17574.49
102088,5001966,Closed,-2241,0,4712.9,514553.83,165966.94
101824,5001967,Active,-933,0,225.52,48012.87,13183.47
105513,5001968,Active,-1128,0,2046.13,83116.78,74049.88
102957,5001969,Closed,-2012,0,736.99,33751.47,53507.07
104125,5001970,Closed,-2302,0,11353.29,74194.92,27598.52
106770,5001971,Closed,-2536,0,1886.02,42115.56,34308.74
101263,5001972,Active,-2283,0,11987.04,1247.4,14535.8
201136,5001973,Active,-1922,0,722.82,480324.76,12403.8
201661,5001974,Closed,-83,0,1833.08,197034.23,192795.19
100074,5001975,Active,-977,0,2773.3,195373.55,173914.27
108369,5001976,Closed,-1534,0,3767.24,654782.02,40930.72
200200,5001977,Closed,-2189,0,2484.67,20174.52,159679.14
107311,5001978,Closed,-1512,0,1437.52,502970.82,5795.09
103655,5001979,Active,-1194,10,4179.01,91982.54,687.85
100017,5001980,Closed,-1076,0,962.99,241273.08,3563.96
108666,5001981,Closed,-1144,0,1770.95,108614.97,56530.1
107720,5001982,Closed,-455,0,1603.8,12246.91,125812.28
104058,5001983,Closed,-715,0,2401.66,307315.43,199072.93
200762,5001984,Closed,-1872,0,3375.34,53737.09,38770.87
103394,5001985,Closed,-1553,0,2217.85,134831.77,74405.91
104808,5001986,Closed,-210,0,7228.98,136887.94,14809.16
108239,5001987,Closed,-7,0,6003.31,104240.14,16147.35
103339,5001988,Closed,-958,0,7332.4,289821.92,36843.03
104447,5001989,Closed,-1151,0,2792.43,34142.21,132135.67
107872,5001990,Active,-1926,0,1617.4,198660.13,62910.03
109806,5001991,Closed,-2295,0,2642.67,354319.19,53029.69
104667,5001992,Closed,-164,0,3984.51,79768.32,7886.42
200234,5001993,Closed,-838,0,689.93,372253.82,31844.26
201941,5001994,Closed,-1410,0,19488.26,23483.25,8005.42
108796,5001995,Active,-2438,0,2237.01,84900.71,646.61
109291,5001996,Active,-1208,0,2008.16,35.02,84941.89
108422,5001997,Closed,-1254,0,904.81,132221.19,17864.9
101222,5001998,Closed,-561,0,1007.69,114350.69,75528.52
201274,5001999,Closed,-1043,0,3907.13,139776.87,25873.69
106205,5002000,Closed,-2142,0,7315.98,89070.38,141920.22
103981,5002001,Active,-1533,0,1100.48,217776.39,20102.11
109137,5002002,Closed,-915,0,812.52,44993.71,61791.98
103062,5002003,Active,-1287,0,3363.55,144788.02,13614.63
106910,5002004,Active,-2729,0,16436.01,53757.89,34820.78
109213,5002005,Closed,-1335,0,11274.98,611790.88,15932.52
105772,5002006,Closed,-2056,0,13818.02,46319.45,52427.63
101470,5002007,Closed,-1770,0,2114.56,11735.93,13835.47
102090,5002008,Closed,-1748,0,626.62,18411.22,123774.27
104782,5002009,Closed,-2046,0,7697.09,103976.86,56422.48
106317,5002010,Active,-760,0,7143.98,42888.94,97340.87
100768,5002011,Closed,-1268,0,1076.35,636780.13,210390.14
102220,5002012,Closed,-1334,0,644.97,621261.25,80209.47
108727,5002013,Closed,-861,0,1529.63,25436.52,60476.76
105515,5002014,Active,-2753,0,1682.79,116386.75,144538.31
109242,5002015,Closed,-2543,0,3806.11,162996.7,5747.98
106701,5002016,Closed,-2823,0,440.18,187267.22,14768.28
101748,5002017,Active,-772,10,2636.06,64324.24,109627.9
104806,5002018,Active,-977,0,2488.6,567823.67,39590.72
201536,5002019,Closed,-140,0,4492.92,830148.17,3377.78
100637,5002020,Closed,-548,0,4983.58,197640.7,127120.82
104305,5002021,Closed,-2704,0,7261.84,221767.79,149270.92
109299,5002022,Closed,-1975,0,14403.44,178663.41,14087.11
100056,5002023,Closed,-449,0,5069.87,321430.77,71872.35
105240,5002024,Closed,-1423,0,2229.87,413427.32,22566.51
103335,5002025,Closed,-2465,0,7779.74,368225.62,26939.5
105189,5002026,Active,-1683,0,5699.26,131817.3,5801.83
201279,5002027,Closed,-1185,0,424.94,244309.94,36868.18
100568,5002028,Active,-962,0,4600.52,329551.86,64965.96
109732,5002029,Closed,-153,0,4316.4,7409.73,139614.88
109399,5002030,Closed,-897,0,813.23,241085.38,184656.62
103694,5002031,Closed,-1672,10,948.56,232004.2,54129.6
104721,5002032,Closed,-536,0,3767.35,94233.05,109617.19
108055,5002033,Closed,-1556,0,6300.68,30617.52,28053.47
105164,5002034,Closed,-509,0,164.01,149099.58,128544.91
109261,5002035,Closed,-2204,0,1129.47,99783.93,19892.82
200178,5002036,Closed,-700,0,4427.13,12903.69,37539.2
101787,5002037,Closed,-182,0,13282.35,192423.54,95932.97
109940,5002038,Closed,-2905,0,1036.01,28173.04,58251.39
200899,5002039,Closed,-2257,0,2013.15,96509.57,90666.86
107306,5002040,Closed,-884,0,4353.34,139311.52,111757.58
100496,5002041,Closed,-2376,0,2142.68,229657.25,93061.09
106379,5002042,Closed,-454,0,2369.79,8952.53,245496.44
103176,5002043,Closed,-2422,0,6541.15,244095.49,2881.1
108470,5002044,Active,-867,0,974.43,141393.88,762.01
201752,5002045,Closed,-660,0,2164.86,154021.63,8503.35
101952,5002046,Closed,-1651,0,3025.68,192216.63,56147.63
200140,5002047,Active,-1589,0,2018.32,41948.76,68435.8
107865,5002048,Closed,-1543,0,7373.1,65265.44,46948.36
201012,5002049,Closed,-2338,0,9604.83,68159.64,156483.66
107492,5002050,Closed,-2541,0,7519.64,273646.99,63397.37
105286,5002051,Closed,-425,0,2101.04,301179.65,83779.16
102750,5002052,Closed,-1240,0,6053.51,405964.12,5449.11
201640,5002053,Closed,-513,0,10825.53,322029.26,14070.85
200408,5002054,Closed,-1206,0,7380.07,88164.01,69418.58
102617,5002055,Closed,-2746,0,96.5,134451.63,49097.31
105131,5002056,Active,-1607,0,1588.13,571510.46,45706.23
105245,5002057,Closed,-1091,0,1887.3,128737.05,18065.98
103292,5002058,Closed,-1190,0,3234.83,72638.14,156682.05
201543,5002059,Active,-1795,0,5237.18,16866.76,217744.84
100419,5002060,Closed,-1950,0,4758.03,239944.31,4482.91
104461,5002061,Closed,-646,0,6210.29,118010.39,349502.85
200425,5002062,Closed,-1011,0,5366.22,733291.43,90661.04
102296,5002063,Closed,-1093,0,1528.27,99180.52,52330.62
107197,5002064,Closed,-814,0,922.05,174643.18,33272.4
106750,5002065,Closed,-2819,0,1456.61,129928.0,7752.03
105668,5002066,Closed,-1728,0,9344.63,228460.14,21483.31
101269,5002067,Active,-1668,0,311.42,225410.46,51819.9
106321,5002068,Closed,-1038,0,2609.02,409238.98,231798.18
104832,5002069,Active,-2559,0,1658.65,170675.73,129584.63
104720,5002070,Active,-1669,0,5012.21,51018.27,4223.87
105866,5002071,Closed,-1605,0,3477.51,132060.39,69319.16
106829,5002072,Active,-2512,0,12032.97,21434.73,93537.6
102990,5002073,Closed,-1202,0,606.21,230503.82,127106.6
102004,5002074,Closed,-1393,0,772.72,65423.18,97847.27
102015,5002075,Closed,-41,0,11023.41,19142.04,339995.14
105819,5002076,Closed,-2480,30,303.13,71741.18,19949.07
100233,5002077,Closed,-1080,0,39484.17,113193.29,79588.82
101157,5002078,Closed,-1279,0,6181.44,41002.69,31345.88
102851,5002079,Closed,-2995,0,4176.04,105006.48,68951.12
107773,5002080,Closed,-2583,0,558.2,240393.37,287303.86
103299,5002081,Closed,-766,0,10534.38,286159.5,120824.46
105301,5002082,Closed,-2880,0,3625.1,189838.88,8266.28
100392,5002083,Active,-723,0,8025.62,20756.36,62815.35
100549,5002084,Active,-1716,0,1247.24,98523.85,44963.83
101511,5002085,Closed,-63,0,8175.47,598813.49,154849.74
200968,5002086,Closed,-2087,0,4679.52,29421.72,37698.09
106091,5002087,Closed,-2342,0,2101.91,31421.88,139000.43
105728,5002088,Active,-1241,0,2777.34,898512.46,108975.58
100098,5002089,Closed,-304,0,3112.48,295880.18,115424.23
103321,5002090,Active,-386,0,423.48,169933.45,10562.73
104145,5002091,Closed,-2283,0,5538.75,146711.03,28275.28
201747,5002092,Closed,-1560,0,3362.39,56624.18,39677.75
106022,5002093,Active,-1797,0,5934.61,139925.92,135931.37
108141,5002094,Active,-2425,0,15192.2,51476.0,29767.39
101590,5002095,Closed,-825,0,5241.39,132692.42,23532.44
201397,5002096,Closed,-2480,0,11017.07,3394.81,42663.85
105952,5002097,Active,-2659,0,450.05,54431.33,81090.5
100920,5002098,Active,-1186,0,613.64,119121.91,43784.5
103330,5002099,Closed,-2682,0,1260.61,122487.4,87361.53
102811,5002100,Closed,-572,0,9992.38,503826.05,11801.86
104561,5002101,Closed,-1033,0,10798.97,5033.31,75797.73
201432,5002102,Closed,-2759,0,9348.52,223260.15,41544.75
107779,5002103,Closed,-1943,0,1638.64,200232.06,40400.42
105857,5002104,Active,-1686,0,5165.89,799277.42,76169.21
105255,5002105,Closed,-536,0,4573.67,99936.72,67392.7
102340,5002106,Active,-1941,0,12307.05,19927.74,178841.53
109057,5002107,Active,-458,0,9866.82,72321.68,155744.69
201890,5002108,Closed,-1446,0,1189.78,91632.58,110066.74
100134,5002109,Closed,-1290,0,5537.41,122200.19,138293.54
107496,5002110,Closed,-1493,0,2776.19,98462.36,19095.24
100973,5002111,Active,-2950,0,2067.06,225118.68,243163.05
108401,5002112,Closed,-2228,0,6084.95,56383.05,18017.96
200589,5002113,Closed,-427,0,1944.22,293744.69,108195.95
101998,5002114,Closed,-337,0,1400.63,109248.05,133954.5
109004,5002115,Closed,-1587,0,7165.5,191467.74,90404.2
106379,5002116,Active,-2498,0,2149.05,92209.82,52724.94
105555,5002117,Active,-2795,0,13998.31,462844.61,308645.19
104112,5002118,Active,-218,0,10889.16,298150.94,118944.43
109672,5002119,Closed,-2042,0,2627.16,160494.03,44661.94
101313,5002120,Closed,-2280,0,325.67,289995.43,114257.01
105524,5002121,Closed,-2382,0,6275.15,159082.4,37743.45
100584,5002122,Closed,-2683,0,817.14,63467.52,14354.65
201055,5002123,Closed,-1366,0,10408.47,75448.37,52049.55
201076,5002124,Closed,-1767,0,14200.98,1281372.7,59270.24
109799,5002125,Closed,-616,0,841.89,177164.78,60038.77
109566,5002126,Closed,-1044,0,938.2,79411.08,19332.25
108778,5002127,Closed,-2093,0,183.65,5128.29,74376.76
102030,5002128,Closed,-2159,0,571.23,628121.42,54236.26
201363,5002129,Closed,-1205,0,310.8,98971.1,245030.6
103709,5002130,Active,-427,0,14770.88,40894.89,77794.99
108220,5002131,Closed,-1152,0,2425.28,57647.11,55717.06
106139,5002132,Closed,-667,0,2177.5,165575.41,145472.2
105373,5002133,Closed,-442,30,3655.9,257915.39,39259.63
100384,5002134,Closed,-799,0,1578.88,185203.27,3631.56
104629,5002135,Closed,-2682,0,2940.71,975949.65,36504.78
102481,5002136,Active,-2196,0,1719.8,130767.22,13978.78
103900,5002137,Active,-1624,0,8078.81,170217.33,90306.36
101847,5002138,Active,-144,0,2654.61,285102.79,112254.31
200112,5002139,Active,-2459,0,5320.94,201962.86,20108.18
102229,5002140,Closed,-746,0,627.91,303872.58,80279.54
201699,5002141,Closed,-2918,0,3281.73,101377.57,79885.15
201774,5002142,Active,-1639,0,7758.35,20820.27,98837.58
107929,5002143,Closed,-2864,0,1841.21,34483.51,160992.44
103602,5002144,Active,-1721,0,7380.58,58256.93,41327.71
100414,5002145,Closed,-2473,0,11558.0,284454.59,76617.69
107702,5002146,Active,-59,0,16555.86,121076.43,250885.02
109303,5002147,Closed,-650,0,11023.71,383369.68,4490.54
100776,5002148,Closed,-1507,0,4336.44,160144.57,390588.98
109266,5002149,Closed,-472,0,14246.56,102525.75,94202.38
108833,5002150,Active,-920,0,8007.03,24038.87,60328.25
103999,5002151,Closed,-736,0,6732.28,403850.56,123655.23
201928,5002152,Active,-2076,0,1156.44,341555.32,74749.04
107046,5002153,Active,-2674,0,2201.65,152784.29,37019.26
107086,5002154,Active,-1101,0,22799.44,121311.13,151501.42
100967,5002155,Closed,-1593,0,3762.33,58499.86,94003.58
103996,5002156,Closed,-2389,0,6602.95,45865.26,148932.71
102053,5002157,Closed,-1275,0,2948.65,127308.88,10024.77
101059,5002158,Closed,-2885,0,15993.79,254211.41,42170.69
103205,5002159,Closed,-902,0,11775.62,245148.14,17154.24
104418,5002160,Closed,-2557,0,4278.28,39982.95,16130.63
105469,5002161,Closed,-198,0,2464.79,45744.95,72198.91
105938,5002162,Active,-1755,0,154.73,253914.25,648.05
106631,5002163,Closed,-928,0,6922.92,230447.86,97745.0
105794,5002164,Closed,-1970,0,2788.68,175316.34,9613.3
107088,5002165,Active,-720,0,8235.18,275724.8,4364.13
104702,5002166,Closed,-2590,0,1974.64,102887.44,66995.77
103170,5002167,Closed,-931,0,15070.9,63762.42,86832.89
105236,5002168,Closed,-1259,0,8593.24,71002.11,148819.23
200829,5002169,Closed,-2660,0,3857.51,13871.08,302268.44
104396,5002170,Active,-947,0,6626.25,43306.64,37026.86
101319,5002171,Closed,-795,0,20.46,58710.02,265232.75
200894,5002172,Active,-654,0,11388.32,71821.01,43680.08
108785,5002173,Closed,-1595,0,8796.47,639143.76,53596.11
100591,5002174,Closed,-2716,0,4652.16,732807.7,59880.74
101603,5002175,Active,-2667,0,4499.74,19338.26,5816.2
101856,5002176,Closed,-2672,0,1513.89,36140.14,25085.49
106157,5002177,Active,-1661,0,5489.9,5894.72,11398.66
101663,5002178,Closed,-1283,0,6863.92,412098.45,64265.19
109472,5002179,Closed,-1313,0,9449.09,18919.37,122262.48
107246,5002180,Active,-31,0,5420.7,84363.14,46644.54
100181,5002181,Closed,-1879,30,758.73,86413.97,175936.54
201941,5002182,Closed,-2860,0,1559.67,83934.96,91663.69
103392,5002183,Closed,-2025,0,7421.68,211660.93,46471.04
101314,5002184,Closed,-1732,0,14050.8,112269.8,91018.91
106705,5002185,Active,-397,0,1026.99,155698.62,164017.98
105352,5002186,Active,-1362,0,3673.85,50194.58,18353.1
200576,5002187,Closed,-1271,0,6873.61,20588.98,104055.88
108759,5002188,Active,-226,0,7983.25,214828.72,37371.34
100368,5002189,Closed,-304,0,3372.53,140687.61,203871.19
100854,5002190,Closed,-2225,0,213.33,186034.75,25778.52
109893,5002191,Closed,-818,0,2670.72,91716.6,33548.19
101288,5002192,Closed,-1554,0,5196.69,522553.97,23623.3
101854,5002193,Closed,-1181,0,16045.28,151638.73,176556.76
104807,5002194,Closed,-1677,0,5592.5,456544.41,128975.5
100385,5002195,Closed,-1276,0,1584.96,15193.12,158902.29
201492,5002196,Closed,-1729,0,3598.81,253598.4,46848.1
109807,5002197,Closed,-1178,30,823.44,255312.32,13939.18
108190,5002198,Closed,-2248,0,1648.66,281579.53,2053.75
103990,5002199,Closed,-1615,0,3132.28,63225.76,35367.56
100140,5002200,Closed,-1160,0,3926.25,216781.81,46377.77
201570,5002201,Closed,-1871,0,3551.92,236755.15,29509.83
101111,5002202,Active,-1,0,6897.86,85729.86,52575.51
100359,5002203,Active,-2103,0,7633.23,244130.93,45848.36
109313,5002204,Active,-2742,0,700.44,141655.74,130305.84
200905,5002205,Closed,-753,0,9621.71,26565.83,170594.76
100092,5002206,Closed,-937,0,1643.3,169959.76,5696.7
107186,5002207,Active,-1922,30,103.42,89506.45,255018.26
105323,5002208,Active,-1808,0,6319.2,23625.84,121551.27
106762,5002209,Closed,-2082,0,1540.44,219276.23,105580.25
108497,5002210,Closed,-67,0,219.41,95048.49,183057.34
200664,5002211,Closed,-486,0,752.06,479330.0,50445.33
104119,5002212,Closed,-380,0,294.49,198812.01,33930.77
108255,5002213,Active,-2972,0,4850.47,567112.64,51916.57
100901,5002214,Active,-809,0,6851.63,17059.73,8643.23
107428,5002215,Closed,-829,0,3295.89,183059.42,132772.9
200818,5002216,Closed,-1329,0,6964.37,168261.35,63552.74
102328,5002217,Active,-2295,0,5939.54,680322.63,77374.58
200200,5002218,Closed,-2064,0,1286.14,204209.91,47542.71
103280,5002219,Active,-1188,0,2688.28,40722.41,158621.18
106254,5002220,Active,-382,0,7409.44,332629.94,31530.13
104468,5002221,Active,-2549,0,236.88,172616.74,244325.78
100228,5002222,Closed,-170,0,7540.71,246560.0,37004.17
101183,5002223,Active,-2078,0,2015.98,676416.71,38548.95
109741,5002224,Closed,-1635,0,3480.9,12801.97,34799.31
200844,5002225,Active,-1843,0,2206.48,278262.45,45439.37
106143,5002226,Closed,-1030,0,3644.19,23691.19,2273.15
201755,5002227,Closed,-1448,0,2283.46,258017.6,30990.8
101584,5002228,Active,-303,0,1558.29,35740.81,51582.48
101931,5002229,Closed,-2427,0,886.28,214999.45,20886.44
100272,5002230,Closed,-2843,0,3695.72,495161.22,177257.22
106427,5002231,Closed,-2935,0,2059.6,62178.61,89292.01
101319,5002232,Closed,-706,0,130.16,171440.48,71807.98
106298,5002233,Closed,-2981,0,23460.83,48159.9,51344.82
102216,5002234,Closed,-1102,0,1086.27,11362.92,38173.38
100430,5002235,Closed,-2708,0,13412.09,55168.99,153915.21
103876,5002236,Active,-1415,0,9353.77,455805.73,270129.89
109030,5002237,Closed,-1120,0,797.41,61741.21,118579.02
107756,5002238,Closed,-832,0,652.87,471.58,102282.32
103957,5002239,Active,-307,0,16943.4,65039.91,157096.39
200525,5002240,Closed,-1292,0,4510.26,57043.3,5095.95
106022,5002241,Closed,-1660,0,87.84,209312.24,7502.8
103437,5002242,Active,-317,0,9415.74,61696.88,59002.34
200313,5002243,Closed,-2075,30,6880.99,182242.67,18719.64
102855,5002244,Closed,-1324,0,4367.1,412819.82,73973.49
201043,5002245,Closed,-1841,0,2102.16,449861.35,156208.81
101324,5002246,Closed,-277,0,3320.55,127283.56,2132.26
105199,5002247,Closed,-1226,0,7317.13,15962.29,109398.97
201428,5002248,Closed,-1565,0,8581.1,266818.01,2865.91
104565,5002249,Active,-975,0,697.53,210230.49,80844.31
108126,5002250,Closed,-1372,10,412.19,592760.59,265230.53
107981,5002251,Closed,-2728,0,511.35,50532.69,23428.7
102118,5002252,Closed,-2026,0,4858.9,197841.98,144838.43
100960,5002253,Active,-224,10,17867.4,44672.35,94553.5
108043,5002254,Closed,-1384,0,3758.81,1782588.53,92485.61
101142,5002255,Active,-142,0,4413.45,26095.63,401860.59
107754,5002256,Active,-2836,0,7446.75,202624.81,78627.37
102330,5002257,Active,-1492,0,1386.55,6226.32,32825.91
106045,5002258,Closed,-2056,0,3207.8,198845.24,89691.1
100096,5002259,Closed,-2091,0,16759.69,186701.48,107770.91
105547,5002260,Active,-270,0,2684.62,35753.77,200073.06
106462,5002261,Active,-1352,0,703.14,220479.64,7611.99
200219,5002262,Closed,-1469,0,13404.64,234265.78,138384.53
201468,5002263,Active,-603,0,2390.89,89746.59,116925.89
101206,5002264,Active,-1484,0,213.27,170622.48,2239.96
108015,5002265,Closed,-2769,0,562.65,27363.91,138953.59
102401,5002266,Closed,-1533,0,5163.64,47285.18,5349.88
105059,5002267,Active,-473,0,1723.07,72064.59,37063.1
201137,5002268,Closed,-1696,0,7606.93,18142.59,11478.33
108903,5002269,Closed,-178,30,3160.68,223540.6,40222.58
103508,5002270,Closed,-1161,0,430.89,144587.7,41368.49
200315,5002271,Closed,-2377,0,4148.91,568262.8,5029.55
106945,5002272,Closed,-1855,0,18992.75,138488.54,19552.82
101466,5002273,Closed,-381,0,17370.34,208767.98,100077.76
103716,5002274,Closed,-169,0,574.38,508780.19,113600.9
101003,5002275,Active,-1093,0,2441.96,72406.83,18594.1
106025,5002276,Active,-2318,0,3290.33,291173.47,2906.51
108206,5002277,Closed,-2980,10,4605.61,5719.05,436031.44
102817,5002278,Active,-1718,0,4804.24,132053.43,88623.48
108440,5002279,Closed,-874,0,1477.23,68769.36,123931.71
105724,5002280,Closed,-852,0,10157.38,4210.17,124987.35
100550,5002281,Closed,-2174,0,18423.48,12910.44,97273.19
109776,5002282,Active,-640,0,112.93,264738.82,163472.89
108558,5002283,Closed,-165,0,3309.01,171278.86,4632.59
101852,5002284,Active,-307,10,2954.77,70431.35,42682.67
103051,5002285,Closed,-2119,0,5338.38,86070.92,46864.13
201682,5002286,Closed,-2152,0,4320.04,229508.58,43858.45
200637,5002287,Closed,-2146,0,5743.69,287744.72,13216.57
109191,5002288,Closed,-2740,0,8071.65,11914.89,22928.3
101398,5002289,Active,-223,0,4297.1,432976.46,65364.41
102816,5002290,Active,-1870,0,1894.5,186393.46,56145.34
108496,5002291,Closed,-2834,0,2135.6,316472.02,116655.63
107611,5002292,Closed,-2974,0,1022.78,113582.55,21872.91
107327,5002293,Closed,-2134,0,5548.05,127349.16,213079.84
106116,5002294,Closed,-1208,0,1793.68,170860.8,32115.75
100591,5002295,Closed,-2447,10,14170.38,6045.01,105975.78
200590,5002296,Active,-2306,0,1916.78,610443.85,56677.39
105025,5002297,Closed,-276,0,2537.75,570324.03,21117.27
101029,5002298,Active,-1635,0,388.03,235309.13,5644.32
109323,5002299,Closed,-1511,0,8422.35,150189.21,10474.24
109914,5002300,Closed,-154,0,7496.5,32846.04,52526.27
105526,5002301,Active,-2892,0,874.07,127860.67,41541.64
102122,5002302,Closed,-976,0,1875.28,617472.95,50002.05
108878,5002303,Closed,-2578,0,242.29,78766.09,1624.12
100565,5002304,Active,-2970,0,93.59,62053.66,38093.74
104595,5002305,Closed,-396,0,661.16,40539.57,140356.44
107538,5002306,Active,-2201,0,593.32,22362.49,31655.93
200392,5002307,Closed,-1471,0,93.99,49109.16,13311.06
201757,5002308,Active,-1799,0,5750.4,58490.8,99783.87
107314,5002309,Active,-633,0,89.18,43864.98,84273.06
106757,5002310,Closed,-992,0,1254.54,185129.11,6378.49
104138,5002311,Active,-1610,0,6047.0,358172.58,25550.26
201972,5002312,Closed,-510,0,3348.87,178856.68,79263.12
105027,5002313,Closed,-1361,0,5358.49,467782.06,23574.17
100764,5002314,Closed,-2559,0,1667.36,61618.15,111608.13
200794,5002315,Active,-119,0,741.64,412431.44,160790.69
108397,5002316,Closed,-624,0,1965.63,24009.36,2931.62
108819,5002317,Closed,-2189,0,79.42,131720.44,80386.53
102821,5002318,Closed,-2941,0,12842.24,214787.28,171173.84
101607,5002319,Closed,-2478,10,26038.78,358577.28,3595.47
104315,5002320,Closed,-584,0,26720.46,430423.76,163673.41
201227,5002321,Active,-2957,0,6116.83,295.83,42440.38
100289,5002322,Active,-150,0,5801.42,66978.36,19870.37
101896,5002323,Active,-2742,0,2472.52,269146.58,4727.26
103280,5002324,Closed,-851,0,4148.57,77752.79,243911.82
101571,5002325,Closed,-891,0,3596.46,367758.99,15753.09
104405,5002326,Closed,-242,0,8832.68,86201.21,75927.05
100144,5002327,Closed,-31,0,996.59,78238.77,41089.79
100934,5002328,Active,-998,0,9902.9,52956.16,15792.41
101685,5002329,Closed,-864,10,2122.45,457788.56,108971.82
104885,5002330,Closed,-2441,0,19875.55,2449.79,59746.81
200145,5002331,Closed,-2422,0,8477.31,790312.19,453207.34
106749,5002332,Active,-418,0,4475.85,62376.13,38892.53
101364,5002333,Closed,-285,0,389.27,224491.18,46011.37
101437,5002334,Active,-1029,0,3757.04,487026.56,190238.59
103780,5002335,Closed,-679,0,8452.81,221263.76,105851.91
108511,5002336,Closed,-2167,10,11194.55,163200.92,68716.42
201856,5002337,Closed,-1,0,8635.15,157960.82,25096.97
109840,5002338,Active,-2668,0,4205.51,184779.92,59967.28
201196,5002339,Closed,-1559,0,4469.05,84138.47,85487.03
200178,5002340,Closed,-2248,0,9131.46,287481.97,72984.56
107098,5002341,Closed,-207,0,1587.53,149667.61,134950.87
101460,5002342,Closed,-1000,0,6501.7,329015.47,2178.86
201394,5002343,Closed,-2373,0,3599.73,4052.45,140446.13
200663,5002344,Closed,-912,0,6006.11,103997.41,91375.27
201206,5002345,Closed,-648,0,1276.79,206889.57,219164.88
200964,5002346,Closed,-1385,0,136.82,99061.58,27351.55
106981,5002347,Closed,-1769,0,3084.47,1395246.03,54932.29
200017,5002348,Closed,-2785,0,5328.6,84494.3,3239.12
106390,5002349,Active,-2569,0,1596.64,230755.33,82750.37
100846,5002350,Closed,-535,0,251.47,450505.7,37608.58
100242,5002351,Active,-1295,0,35.37,212541.9,57633.58
101945,5002352,Active,-2641,0,3052.81,87285.84,43244.02
201451,5002353,Closed,-2326,0,2217.32,44155.28,253379.67
107884,5002354,Closed,-2773,0,9577.8,93580.71,366126.66
100485,5002355,Closed,-441,0,6104.89,373002.34,13091.87
109883,5002356,Closed,-1455,0,1584.33,169407.8,27432.4
200714,5002357,Closed,-1767,0,890.43,402153.06,7479.11
200303,5002358,Active,-2914,30,13126.44,44101.43,54696.67
100332,5002359,Closed,-1596,0,63.99,484153.6,56925.14
101283,5002360,Active,-2236,0,8420.52,142158.81,31036.03
103885,5002361,Closed,-2056,0,4897.27,317937.16,50591.44
109396,5002362,Closed,-697,0,4296.28,52799.91,284578.43
201118,5002363,Active,-638,0,9333.43,123850.66,30937.42
106357,5002364,Closed,-2645,0,17889.26,261486.42,87300.03
201914,5002365,Closed,-2797,0,6792.22,63941.41,75339.14
103628,5002366,Closed,-2753,0,2766.0,23627.35,14048.83
105548,5002367,Closed,-2517,0,1744.04,9793.06,141831.61
109392,5002368,Closed,-2091,0,4478.47,454903.46,34667.06
108934,5002369,Active,-136,30,2480.35,240552.5,21836.56
103900,5002370,Active,-2663,0,2111.83,180367.69,86584.96
108437,5002371,Closed,-369,0,13873.61,111898.48,184093.93
200241,5002372,Active,-261,0,2978.08,19552.82,73353.47
108173,5002373,Closed,-706,0,455.05,116539.6,83481.65
109160,5002374,Closed,-1028,0,8915.13,106184.83,31803.36
107403,5002375,Closed,-997,0,6946.06,768063.76,25382.02
100292,5002376,Active,-893,30,17904.29,6531.59,53406.13
105816,5002377,Closed,-600,30,13252.89,376366.85,194043.51
105459,5002378,Closed,-1852,0,1560.47,11314.05,324889.02
103599,5002379,Closed,-1853,0,26112.12,949162.51,140866.21
102990,5002380,Closed,-1554,0,4381.25,107639.65,155631.04
102146,5002381,Closed,-2939,0,1917.25,60982.87,336465.9
200976,5002382,Closed,-2562,0,14004.51,165097.5,108012.49
108481,5002383,Closed,-2795,0,8717.9,350462.26,58816.91
105167,5002384,Active,-2330,0,2027.45,79520.14,69400.01
106717,5002385,Active,-1032,0,148.93,26222.19,41103.54
108970,5002386,Closed,-864,0,1750.29,185281.33,191133.74
109278,5002387,Active,-417,0,6343.96,314541.56,22619.19
102628,5002388,Active,-713,0,2140.12,90075.35,72147.75
100295,5002389,Active,-873,0,5915.82,94232.89,144946.33
102049,5002390,Closed,-2363,0,6960.86,217462.37,247503.74
100101,5002391,Closed,-2137,0,8876.67,478171.92,43671.29
105189,5002392,Active,-2664,10,3762.68,16625.27,335989.23
102519,5002393,Closed,-1346,0,1048.62,21691.78,93531.73
104278,5002394,Active,-511,0,1893.25,50845.82,188668.98
105157,5002395,Active,-1556,10,6488.19,488512.19,60030.02
102616,5002396,Closed,-176,0,24786.25,6560.96,13416.29
102453,5002397,Closed,-1843,0,14147.49,303321.82,72338.92
109008,5002398,Closed,-510,0,10212.04,776158.34,94415.48
201907,5002399,Closed,-1859,0,7729.28,697057.23,13331.73
104155,5002400,Closed,-2424,0,793.18,7354.93,168398.81
200738,5002401,Closed,-2743,0,7448.81,128078.63,41344.33
200352,5002402,Closed,-2841,0,351.98,83089.71,50521.96
105740,5002403,Closed,-399,0,3764.64,149791.0,298761.54
201545,5002404,Closed,-2083,0,24024.98,109698.21,15923.07
102039,5002405,Closed,-293,0,3014.11,245553.89,56838.58
106776,5002406,Closed,-2671,0,547.62,45920.57,176106.9
108587,5002407,Closed,-2251,0,5920.98,468589.37,60029.76
109381,5002408,Closed,-104,0,1641.86,528243.68,26261.75
103480,5002409,Active,-1305,0,74.48,433568.06,2360.02
103864,5002410,Active,-2583,0,710.46,280885.37,81601.86
102286,5002411,Closed,-1742,0,3810.8,14665.51,131264.04
108741,5002412,Closed,-437,0,19856.61,16612.6,208930.53
101445,5002413,Closed,-898,0,4281.93,169527.77,70766.54
106499,5002414,Closed,-2242,30,9410.57,13186.88,9106.7
102418,5002415,Closed,-2037,0,201.2,125915.38,119623.88
201977,5002416,Active,-863,0,2122.85,196867.67,33678.1
201167,5002417,Active,-2887,0,4253.95,230730.58,27015.16
101984,5002418,Active,-828,0,5713.36,496158.51,436489.37
107718,5002419,Closed,-1377,0,4873.47,18620.72,25729.36
101423,5002420,Closed,-1046,0,4750.16,623985.99,53803.88
101101,5002421,Closed,-54,0,21868.46,248650.11,51815.03
100116,5002422,Active,-1147,0,404.79,156329.37,188708.5
100102,5002423,Active,-2872,0,195.2,173337.31,136847.0
103016,5002424,Active,-2842,0,2872.72,1422.59,95698.41
101857,5002425,Closed,-1794,0,1276.89,136958.97,207990.55
106276,5002426,Active,-1782,0,3878.57,32776.05,44682.94
103668,5002427,Closed,-2033,0,3560.37,100860.4,21762.41
102481,5002428,Closed,-2277,30,8273.11,301774.43,3600.94
108294,5002429,Closed,-1160,0,1030.88,25277.19,19338.08
108970,5002430,Closed,-1662,0,9963.75,1219004.97,15423.04
101877,5002431,Active,-2016,0,5248.68,280345.79,90744.3
109175,5002432,Closed,-1199,0,8082.51,271962.95,25114.97
200503,5002433,Closed,-401,0,9948.52,402263.42,35393.11
200875,5002434,Closed,-198,0,197.56,53810.94,9744.11
101542,5002435,Active,-1036,0,3861.56,469911.89,169223.84
103570,5002436,Active,-2989,0,1007.85,139606.44,62859.73
105819,5002437,Closed,-178,0,52.74,101133.84,10786.11
100897,5002438,Closed,-50,0,450.58,100152.2,16206.38
104525,5002439,Closed,-1253,0,1429.94,131838.38,69968.68
101042,5002440,Active,-1418,0,1987.41,162766.55,43056.62
100473,5002441,Closed,-570,0,5005.91,63499.35,59525.75
200317,5002442,Active,-259,0,1507.47,119322.9,262085.39
200392,5002443,Active,-318,0,7390.6,23361.37,127638.42
101340,5002444,Closed,-2734,0,452.74,102796.78,25999.08
106056,5002445,Closed,-2362,0,10651.63,53242.7,228289.55
107124,5002446,Closed,-1469,0,1999.58,44458.56,1330.73
109644,5002447,Closed,-1343,0,668.84,9467.57,39731.59
101201,5002448,Closed,-2846,0,1780.12,1053639.87,135791.71
100477,5002449,Active,-725,0,16471.69,457680.06,213678.1
104135,5002450,Active,-2518,0,1392.04,24048.09,44844.54
201362,5002451,Closed,-2575,0,7196.94,87837.97,24294.37
104051,5002452,Closed,-2899,0,456.23,319736.98,40934.13
103361,5002453,Closed,-1659,0,112.06,100263.93,104545.78
103820,5002454,Active,-2220,0,3907.6,90475.53,315729.25
100797,5002455,Closed,-844,0,4300.63,101149.97,132651.81
201260,5002456,Closed,-679,0,17369.52,259695.69,32700.36
201831,5002457,Active,-1871,0,6856.45,306609.15,27253.75
107684,5002458,Closed,-168,0,5998.25,137140.71,14189.02
104861,5002459,Closed,-926,0,983.58,255746.97,159356.76
100481,5002460,Closed,-2166,0,1632.71,167839.4,160442.77
201576,5002461,Closed,-2254,0,5181.72,285902.87,21238.18
105395,5002462,Closed,-1573,0,5301.93,23584.83,32565.5
102960,5002463,Closed,-2407,0,5146.04,382761.17,167590.72
100661,5002464,Closed,-2802,0,105.32,259482.86,360992.91
109500,5002465,Active,-2453,0,9095.88,237500.69,19779.01
201120,5002466,Closed,-1076,0,3795.16,426020.93,340782.16
106917,5002467,Closed,-2509,0,12193.1,1010932.33,6987.16
100212,5002468,Closed,-2618,0,4457.69,252822.46,3528.69
103661,5002469,Closed,-83,0,7794.07,349575.2,16121.79
108365,5002470,Closed,-1482,10,3283.92,88698.05,43565.41
102250,5002471,Closed,-2973,0,1144.7,148971.91,45854.63
105179,5002472,Closed,-1457,0,763.43,8159.63,146812.23
200552,5002473,Closed,-37,0,36750.54,833052.72,29796.59
201891,5002474,Closed,-1763,0,7318.83,413796.95,22132.9
108199,5002475,Closed,-1319,0,4922.99,134981.43,29322.98
108573,5002476,Active,-155,0,6149.42,129185.7,35289.68
100958,5002477,Closed,-2691,0,4161.71,248943.14,50023.55
102580,5002478,Active,-2585,0,6877.98,92264.97,62656.34
105276,5002479,Closed,-2633,0,3855.31,96690.38,182915.58
102749,5002480,Closed,-708,0,195.45,22535.37,41217.04
104173,5002481,Active,-838,0,2671.25,100374.53,109438.92
101805,5002482,Closed,-646,0,6523.79,6297.22,82154.41
104711,5002483,Closed,-1008,0,4316.9,156948.61,12658.26
106222,5002484,Closed,-2755,0,9567.09,44806.84,36371.87
108127,5002485,Closed,-1403,0,175.81,27624.11,16165.04
106549,5002486,Closed,-539,0,1105.97,369816.93,208196.45
201407,5002487,Closed,-2507,0,11543.65,269425.22,17947.15
106923,5002488,Closed,-1514,0,79.4,60589.95,27190.77
106299,5002489,Closed,-807,0,4265.37,225249.48,102458.39
109300,5002490,Closed,-2631,0,12156.73,132595.85,36913.78
100698,5002491,Active,-676,0,12178.98,149907.07,26432.47
201198,5002492,Closed,-2305,0,2388.78,9288.94,26906.95
104733,5002493,Closed,-1725,0,6315.53,88669.05,144333.7
108681,5002494,Closed,-690,0,2156.49,344329.53,38161.84
105833,5002495,Closed,-873,0,6204.16,133986.35,98541.25
101378,5002496,Closed,-348,0,2329.6,25084.32,154659.07
107873,5002497,Closed,-1393,0,456.39,48771.25,27322.79
103139,5002498,Closed,-1224,0,3760.16,48056.1,43024.18
201440,5002499,Active,-1520,0,1342.23,152919.32,60499.97
105409,5002500,Active,-2414,0,5197.22,152449.29,10273.47
201496,5002501,Active,-701,0,29.69,105233.67,250260.04
109871,5002502,Closed,-1796,0,4064.71,97475.18,290205.23
100077,5002503,Closed,-2051,0,1589.36,187916.93,106449.64
106989,5002504,Closed,-1694,0,1227.07,139453.46,26507.45
101140,5002505,Closed,-1246,0,8287.6,193601.91,220999.49
106656,5002506,Closed,-392,0,1233.3,64552.83,51992.38
106173,5002507,Closed,-687,0,3937.04,22914.05,11955.01
109412,5002508,Active,-161,0,3441.09,140091.26,47934.0
102515,5002509,Closed,-1419,0,2033.17,89234.35,24988.66
200536,5002510,Active,-939,0,1083.15,87348.91,32703.78
105261,5002511,Active,-1963,0,6636.92,62215.66,44788.66
103051,5002512,Closed,-2106,10,8959.84,406180.69,30311.24
108101,5002513,Closed,-290,0,3100.38,39992.21,78671.55
108024,5002514,Closed,-1474,0,4186.15,96661.39,434522.27
200276,5002515,Closed,-2632,0,5110.86,591.4,31053.14
105498,5002516,Closed,-2820,0,13379.12,244491.71,22348.15
109863,5002517,Closed,-1856,0,328.28,286226.54,81220.16
200145,5002518,Closed,-2387,0,2717.59,57388.83,28126.44
104902,5002519,Active,-2717,0,1469.39,402467.12,223225.26
201532,5002520,Closed,-889,0,430.64,20606.52,88662.4
201327,5002521,Closed,-1290,0,11745.56,86643.47,29735.13
101914,5002522,Closed,-274,0,597.93,93941.36,19999.47
200729,5002523,Closed,-840,0,1413.97,112908.92,12293.16
108947,5002524,Closed,-2759,0,4960.54,247691.07,2938.89
101374,5002525,Closed,-1530,0,501.35,243362.08,42662.04
105408,5002526,Closed,-2974,0,11440.1,33175.8,3496.95
101809,5002527,Active,-547,0,10459.52,38637.48,25972.25
100806,5002528,Closed,-2192,0,2545.33,83288.56,96595.22
200314,5002529,Active,-1544,0,27.7,263339.85,46814.5
103273,5002530,Closed,-1802,0,1539.74,13698.33,153181.49
103543,5002531,Active,-44,0,10049.55,51018.41,22115.32
107832,5002532,Closed,-1795,0,1728.41,200346.89,1309.98
108687,5002533,Closed,-1758,0,5733.0,177178.2,105040.99
201261,5002534,Closed,-821,0,11882.19,112740.36,12705.23
109059,5002535,Closed,-2218,0,2341.34,169511.83,35790.05
105314,5002536,Closed,-2831,0,4087.27,276076.79,71323.34
107614,5002537,Active,-1000,0,21778.31,75013.65,140423.92
104944,5002538,Closed,-73,0,1193.03,303262.74,204751.42
108252,5002539,Closed,-2852,0,3125.39,433561.85,11643.39
108493,5002540,Closed,-233,0,3149.33,199702.62,50306.29
104779,5002541,Closed,-9,0,1697.98,89836.76,78899.0
106777,5002542,Closed,-994,0,2377.61,386064.06,19379.24
106325,5002543,Closed,-2063,0,231.58,478685.24,18864.1
101168,5002544,Closed,-815,0,7061.54,72917.83,1612.57
107729,5002545,Closed,-2157,0,5935.04,16444.0,469423.1
105105,5002546,Active,-342,0,10277.32,10097.54,233492.08
107242,5002547,Active,-401,0,5969.54,72826.29,29084.95
100773,5002548,Active,-315,0,6952.7,50546.21,172662.6
105436,5002549,Closed,-1057,0,10079.64,80089.37,10287.01
105256,5002550,Closed,-1187,0,3119.59,106840.82,66459.85
106847,5002551,Closed,-387,0,3452.06,479800.06,170213.55
108872,5002552,Active,-2939,0,22811.82,144544.87,4705.38
104202,5002553,Active,-2866,0,3737.95,245398.47,411335.39
109693,5002554,Active,-2227,0,2999.53,307765.37,120521.8
102037,5002555,Closed,-2255,0,13056.07,253032.6,175391.99
201948,5002556,Closed,-233,0,10171.11,118559.84,83093.62
109075,5002557,Closed,-132,0,20188.53,335527.74,32258.75
101635,5002558,Closed,-446,0,5422.0,133571.95,12866.42
101929,5002559,Closed,-2792,0,2275.24,695149.86,77728.99
103671,5002560,Closed,-891,0,2333.65,475661.14,48039.47
200571,5002561,Active,-191,0,9825.41,64802.9,51828.3
201335,5002562,Closed,-361,0,3755.07,18234.49,14511.72
108537,5002563,Closed,-856,0,558.46,212130.26,25125.2
200038,5002564,Closed,-450,0,3082.74,42849.89,9730.03
101457,5002565,Closed,-1420,0,2667.21,222438.68,48412.18
107306,5002566,Closed,-937,0,362.34,6625.25,84251.05
105909,5002567,Closed,-328,0,4345.0,163069.07,21160.49
104685,5002568,Closed,-1330,0,3619.69,61381.69,20724.09
109664,5002569,Closed,-849,0,15929.65,256076.93,64524.72
103760,5002570,Closed,-342,0,2571.67,38766.25,92013.37
201648,5002571,Active,-2595,0,2681.43,95144.3,1345.07
100036,5002572,Active,-1756,0,3233.23,221706.4,4488.15
200713,5002573,Active,-1339,0,4821.8,80108.9,63796.55
102874,5002574,Closed,-2530,0,1184.43,80104.98,12903.82
105563,5002575,Closed,-2649,0,415.2,113327.22,127351.11
107617,5002576,Closed,-1219,0,20997.13,11871.12,18503.91
201878,5002577,Active,-339,0,3984.45,62249.85,177014.73
101656,5002578,Active,-646,0,11480.9,198419.95,381.95
105261,5002579,Active,-840,0,5050.23,362512.01,15178.61
200359,5002580,Closed,-1258,0,1685.41,218094.95,4829.38
200693,5002581,Closed,-922,0,2173.53,136340.07,33058.8
109109,5002582,Closed,-2567,0,861.12,186906.55,4381.19
105249,5002583,Closed,-2335,0,9832.16,35880.5,106499.43
106764,5002584,Active,-1959,0,5855.05,32923.32,38691.48
201403,5002585,Closed,-1007,0,2253.11,168555.42,15229.21
109451,5002586,Closed,-2150,0,7141.32,55290.19,30860.4
102154,5002587,Closed,-2536,10,1383.86,243.31,59528.68
103543,5002588,Active,-1061,0,26892.98,1259991.56,115814.76
109021,5002589,Closed,-1998,0,5164.23,12378.75,60946.39
200120,5002590,Active,-2573,0,419.77,95556.1,31839.05
101719,5002591,Closed,-2411,10,8783.09,39697.56,328407.92
107456,5002592,Closed,-2864,0,5123.24,155332.52,51531.75
105322,5002593,Closed,-113,0,16912.64,100958.35,12720.87
101111,5002594,Closed,-345,0,1218.39,344172.29,30106.1
109661,5002595,Closed,-17,0,23058.07,90434.02,21410.02
100123,5002596,Closed,-173,0,1305.41,274922.38,32992.17
100609,5002597,Active,-1161,0,17905.35,205762.58,18628.88
100790,5002598,Closed,-897,0,1566.43,327430.1,76679.09
201930,5002599,Closed,-258,0,15370.2,73236.79,42346.74
106250,5002600,Closed,-1128,0,4105.77,272508.21,350547.33
103049,5002601,Active,-1873,0,4009.65,383730.5,64026.29
201676,5002602,Active,-149,0,5386.46,211421.38,22496.39
108347,5002603,Closed,-794,0,16794.08,573928.11,68559.93
106137,5002604,Closed,-1474,0,24699.06,10692.66,2658.02
102552,5002605,Active,-1319,0,1642.62,126161.87,52735.37
100139,5002606,Active,-104,0,9473.26,14051.77,7987.0
201056,5002607,Closed,-53,0,828.36,206351.94,38166.97
104304,5002608,Closed,-2559,0,1604.97,101263.7,128559.49
101223,5002609,Closed,-2064,0,3167.45,86973.13,134186.45
109107,5002610,Closed,-1976,0,5669.34,438428.15,74226.89
109704,5002611,Active,-1898,0,1651.5,260907.45,502.65
100303,5002612,Closed,-2832,0,209.75,444933.64,53839.02
102598,5002613,Closed,-2051,0,2326.21,58332.23,64757.47
103361,5002614,Active,-2053,0,6074.68,124631.48,81660.56
108372,5002615,Closed,-2988,0,2071.16,698930.83,5920.24
109856,5002616,Active,-1423,0,7880.67,646673.58,123930.83
106478,5002617,Closed,-2428,0,19583.28,76514.47,15655.1
108356,5002618,Active,-233,0,2759.55,75367.16,66335.44
104806,5002619,Closed,-2283,0,795.67,100694.23,1596.98
109305,5002620,Closed,-440,0,11914.65,241514.9,47297.76
104488,5002621,Active,-2584,0,2282.27,266783.65,95626.5
200972,5002622,Active,-1932,0,855.17,74227.83,141687.16
103806,5002623,Closed,-2256,0,1420.78,84435.37,26568.61
107088,5002624,Closed,-253,0,1448.02,134694.88,35342.88
101132,5002625,Active,-1517,0,4259.59,92503.18,190289.05
104795,5002626,Closed,-959,0,1668.45,476859.27,16099.94
104612,5002627,Active,-2163,0,4165.04,474471.14,13144.7
107334,5002628,Closed,-2431,0,12025.01,21349.44,12461.83
200799,5002629,Closed,-1006,0,2694.0,334303.86,20337.32
105939,5002630,Closed,-1766,0,1538.68,106920.67,164351.71
100150,5002631,Closed,-143,0,689.76,428262.13,10529.48
101239,5002632,Closed,-292,0,4410.59,90806.48,40566.34
102384,5002633,Closed,-1044,0,12824.55,67415.22,120152.35
102161,5002634,Closed,-521,0,3816.02,40330.72,9570.73
107909,5002635,Closed,-2305,0,269.64,424849.71,202977.71
108249,5002636,Active,-1540,0,4321.14,516752.19,26181.8
105398,5002637,Closed,-1724,0,6088.84,37753.55,26362.07
107234,5002638,Closed,-2636,0,9655.83,9848.54,166649.2
102888,5002639,Closed,-1996,0,8916.98,483967.6,2206.47
102862,5002640,Closed,-1842,0,6697.02,46725.71,166954.65
106652,5002641,Closed,-1491,0,1252.14,240944.43,124115.08
106553,5002642,Active,-1985,0,7094.77,399114.05,5044.88
107960,5002643,Closed,-1984,0,2012.58,342420.34,102471.05
100775,5002644,Active,-714,0,15167.92,22344.07,77815.62
201414,5002645,Active,-551,30,2698.01,93793.61,53287.38
109817,5002646,Closed,-371,0,6001.37,107696.55,2562.94
107381,5002647,Closed,-1393,0,795.4,34721.58,124005.63
103924,5002648,Closed,-2778,0,994.46,80004.19,65996.14
101115,5002649,Closed,-1142,0,914.53,67587.49,76482.8
105242,5002650,Closed,-1136,0,3199.7,219371.51,6544.74
109831,5002651,Closed,-1942,0,15459.86,461837.33,14201.24
104562,5002652,Active,-2875,0,6900.33,716855.17,89965.75
201711,5002653,Active,-1062,0,428.22,252021.21,28501.61
103659,5002654,Closed,-2796,0,48.63,760.31,22189.28
103400,5002655,Closed,-896,0,563.27,384263.99,66126.1
104768,5002656,Closed,-910,0,4003.28,608065.68,163064.91
104916,5002657,Closed,-1707,0,2716.75,62514.22,162116.23
103838,5002658,Active,-908,0,13765.26,552197.72,416791.45
106607,5002659,Closed,-1943,0,3242.6,677257.83,49776.21
100071,5002660,Closed,-2524,0,2710.49,198587.7,9559.97
105090,5002661,Active,-1426,0,1197.6,122547.42,26572.77
107165,5002662,Active,-1393,0,3907.99,236128.21,29366.41
102355,5002663,Closed,-2468,0,7977.01,208171.15,39389.41
201178,5002664,Closed,-1710,0,6008.93,32159.06,171709.41
105658,5002665,Closed,-826,0,11031.67,13585.94,153451.87
106203,5002666,Closed,-730,0,3732.01,597040.46,62586.26
200323,5002667,Closed,-1868,0,6755.46,6663.45,69944.2
108147,5002668,Closed,-570,0,4207.42,314346.41,28257.89
200920,5002669,Closed,-1497,0,435.5,90582.68,18801.79
100721,5002670,Active,-1141,0,4502.72,423825.09,72808.02
106543,5002671,Active,-607,0,1635.33,128661.03,469.12
109998,5002672,Closed,-1818,0,2364.34,128851.27,11396.06
103513,5002673,Active,-479,30,2465.13,123400.95,237352.99
102950,5002674,Active,-885,0,7364.11,228599.72,212131.35
105860,5002675,Closed,-1922,0,2011.2,283583.93,29372.93
201012,5002676,Closed,-1231,0,4025.53,598560.01,40493.43
101451,5002677,Closed,-2590,0,11561.88,102284.41,134139.63
200939,5002678,Closed,-374,0,2645.89,72306.77,57337.56
108039,5002679,Closed,-2789,30,4384.7,28270.07,119123.56
100820,5002680,Closed,-2014,0,826.77,231162.28,195482.77
200614,5002681,Closed,-850,0,3863.67,100437.51,85427.67
106635,5002682,Closed,-2495,0,2851.38,71977.78,53770.3
102168,5002683,Closed,-75,0,2330.02,25575.14,84689.86
102498,5002684,Closed,-2372,0,14122.17,385149.09,22487.87
201832,5002685,Closed,-2251,0,1045.04,465756.07,69184.82
105009,5002686,Closed,-2671,0,1474.66,109963.09,169082.22
104522,5002687,Closed,-843,0,19678.46,101980.94,42446.27
102997,5002688,Closed,-906,0,2875.56,81621.23,41388.68
103664,5002689,Closed,-2410,0,2994.28,170452.39,15982.02
200768,5002690,Closed,-1486,0,4741.76,447611.1,3340.16
101665,5002691,Closed,-1353,0,11875.18,138091.18,70120.4
101850,5002692,Closed,-1710,0,3709.1,21171.33,293495.11
109166,5002693,Active,-20,0,9961.47,13751.65,400200.05
105353,5002694,Closed,-1615,0,6810.54,28499.05,12265.47
108778,5002695,Active,-1884,0,11999.62,144072.24,33358.47
103243,5002696,Closed,-335,0,477.42,286250.63,159421.8
104908,5002697,Active,-188,0,7502.74,163490.28,5364.46
108721,5002698,Closed,-1561,0,1343.26,315093.19,155747.89
106357,5002699,Closed,-2118,0,2403.74,1970.43,120643.7
109465,5002700,Closed,-407,0,13798.4,1004915.11,120097.65
101229,5002701,Active,-1816,0,3888.79,42528.35,994.67
100699,5002702,Closed,-818,0,1516.34,138014.04,12659.1
100278,5002703,Closed,-1700,0,2332.75,26548.74,15556.84
102161,5002704,Closed,-1099,0,5853.08,213022.67,42485.34
103975,5002705,Active,-2836,0,2204.43,31926.73,30475.11
104044,5002706,Closed,-366,0,8667.98,37010.74,181671.14
108194,5002707,Closed,-547,0,632.04,139101.89,36896.29
105497,5002708,Closed,-476,0,6173.02,17400.27,54256.06
103538,5002709,Closed,-1423,0,8287.86,9617.24,14929.7
200933,5002710,Closed,-1610,0,4356.18,178888.39,64642.23
108145,5002711,Closed,-372,0,3168.46,3516.29,212677.39
105579,5002712,Active,-1504,0,11621.87,13787.71,39782.6
107875,5002713,Closed,-2122,0,6163.86,511621.5,107696.13
109230,5002714,Closed,-798,0,464.54,315359.99,11653.91
109302,5002715,Closed,-2518,0,4796.79,169092.28,24088.9
102464,5002716,Closed,-181,0,1512.64,68586.97,127092.8
201402,5002717,Active,-85,0,1262.88,556983.38,52888.5
201709,5002718,Active,-1079,0,2136.46,167936.68,38152.37
201393,5002719,Active,-2650,0,2247.69,71806.92,173181.9
200130,5002720,Closed,-901,0,3910.65,143220.7,147306.73
101353,5002721,Closed,-84,0,837.86,457482.6,177103.86
106522,5002722,Closed,-352,0,2521.21,83134.43,58538.64
101994,5002723,Closed,-1639,30,1096.3,77149.58,112432.44
106781,5002724,Closed,-2471,0,4526.76,337007.69,41528.59
108315,5002725,Closed,-577,30,1380.32,192405.26,9855.13
201852,5002726,Closed,-1436,0,8023.82,326352.54,18576.68
100568,5002727,Closed,-577,0,4605.83,117938.64,104275.26
201900,5002728,Active,-831,0,5816.43,53968.95,27605.94
108445,5002729,Closed,-374,0,10156.24,173153.2,4584.97
102953,5002730,Closed,-921,0,979.42,154437.77,9526.84
109759,5002731,Active,-1315,0,7557.92,31234.63,90724.05
108824,5002732,Closed,-609,0,7717.5,14204.7,5456.37
103569,5002733,Closed,-1046,0,16952.73,517502.44,177987.07
200878,5002734,Closed,-756,0,5198.86,93411.33,2539.01
201083,5002735,Closed,-1391,0,2976.63,155368.09,124549.19
104089,5002736,Active,-1891,0,1649.47,47743.36,100189.34
103519,5002737,Closed,-31,0,8657.26,95026.08,17307.7
102226,5002738,Active,-593,0,4952.04,32555.18,31750.18
107578,5002739,Active,-772,0,2334.92,87729.37,47785.1
200054,5002740,Active,-1925,0,3915.02,53774.81,9913.95
104824,5002741,Active,-1189,0,9211.71,18688.01,113545.91
200225,5002742,Active,-2959,0,914.01,355066.83,123168.36
107375,5002743,Active,-920,0,2225.54,187809.31,58785.74
200375,5002744,Active,-1376,0,212.91,156570.03,84690.65
103523,5002745,Closed,-2233,0,1.44,234332.89,165083.44
105583,5002746,Closed,-1762,0,4640.27,279198.11,69761.59
200794,5002747,Closed,-1932,30,5491.63,5194.81,185476.76
106945,5002748,Closed,-2004,0,7319.33,255258.7,159714.12
201001,5002749,Closed,-2196,0,3169.43,402912.9,7495.69
104705,5002750,Closed,-242,0,675.58,34377.9,18056.99
100353,5002751,Closed,-1058,0,5761.42,464855.4,171703.02
102500,5002752,Closed,-1681,0,17332.02,126443.43,48300.36
103297,5002753,Active,-1535,0,6587.08,39157.85,129786.24
102934,5002754,Active,-2368,0,3101.34,124173.53,105807.8
109089,5002755,Closed,-2347,0,903.81,23393.67,207634.87
107576,5002756,Closed,-2054,0,10702.36,92571.67,130278.16
200109,5002757,Active,-1073,0,9902.11,139904.73,75842.45
105584,5002758,Active,-2801,0,1562.25,136216.55,22270.07
101499,5002759,Closed,-1864,0,2091.61,21416.37,124200.39
104229,5002760,Active,-1997,0,5254.52,49903.11,26890.07
100611,5002761,Active,-478,0,2799.52,81223.16,50001.21
106062,5002762,Active,-1478,0,14352.59,481501.02,9848.2
200065,5002763,Active,-730,0,3752.72,194238.21,84058.82
201966,5002764,Active,-884,0,17299.63,8556.57,7018.25
100419,5002765,Closed,-2830,0,6594.6,387911.93,26861.61
103209,5002766,Closed,-2833,0,9122.64,201013.48,2389.67
200195,5002767,Closed,-2401,0,3420.45,89305.81,119150.84
100984,5002768,Closed,-194,0,4413.37,41439.39,79417.9
105815,5002769,Closed,-2022,0,566.66,85172.08,34148.46
105161,5002770,Active,-2474,0,4101.14,30021.3,8510.98
201253,5002771,Closed,-2468,0,255.15,701323.75,82437.53
108117,5002772,Closed,-1472,0,2531.35,178094.06,99038.47
109514,5002773,Closed,-1812,0,3962.39,253925.63,73418.58
107253,5002774,Closed,-1674,0,4500.98,281991.09,81507.77
103052,5002775,Active,-2284,0,2222.87,332884.32,32876.28
104580,5002776,Closed,-187,0,8442.88,295108.06,19479.73
103147,5002777,Closed,-2769,0,3838.63,136127.74,47395.3
107050,5002778,Closed,-1237,0,534.07,155415.85,19819.63
108881,5002779,Active,-2039,0,3336.66,116514.88,194424.9
104325,5002780,Closed,-2025,0,2884.3,157836.29,17565.74
109704,5002781,Closed,-1351,0,6116.39,87344.23,34790.25
109555,5002782,Active,-1284,0,256.27,153485.56,121148.39
105113,5002783,Closed,-844,0,345.66,227654.4,15469.28
107587,5002784,Closed,-2694,0,9.18,150474.81,86003.59
108118,5002785,Closed,-2808,0,3490.96,609969.39,111259.84
109814,5002786,Closed,-2417,0,7572.03,4097.0,86616.07
107081,5002787,Closed,-2165,0,374.26,369337.93,250875.45
200753,5002788,Active,-913,0,551.09,76397.24,146607.2
101225,5002789,Closed,-1368,0,675.73,66597.08,40665.49
108400,5002790,Closed,-400,0,5635.89,168634.48,49652.38
201708,5002791,Closed,-144,0,996.1,31989.95,47098.85
107492,5002792,Closed,-2834,0,3076.63,209654.36,54251.89
107684,5002793,Closed,-1044,0,1416.38,26089.9,102224.73
109244,5002794,Closed,-836,0,7754.54,410138.91,99907.36
102736,5002795,Active,-274,0,4671.09,363512.81,20399.18
100533,5002796,Closed,-280,0,4805.53,181872.57,118232.52
106864,5002797,Closed,-2903,0,9938.86,24629.36,6434.98
106666,5002798,Closed,-735,0,14525.92,88407.63,118993.93
100533,5002799,Closed,-1854,0,3083.87,318139.21,25773.48
103817,5002800,Closed,-2891,0,4304.86,505416.0,89971.75
103278,5002801,Closed,-2909,0,877.88,530984.06,54560.21
106021,5002802,Active,-1465,0,1175.98,220725.71,23146.65
201266,5002803,Closed,-2839,0,5415.74,267823.11,67771.69
106307,5002804,Closed,-29,0,2254.61,146352.46,18417.21
101089,5002805,Closed,-1572,0,3926.46,164301.29,45809.49
100745,5002806,Active,-445,0,815.2,248356.41,168543.26
101421,5002807,Closed,-1049,0,586.24,209332.26,29769.79
201156,5002808,Active,-2859,0,455.41,93856.22,362297.61
103431,5002809,Closed,-597,0,75.96,271210.34,12039.16
201419,5002810,Active,-2740,0,892.46,10531.6,55844.85
101239,5002811,Closed,-2269,0,4760.12,561619.65,5069.15
100343,5002812,Closed,-735,0,18197.51,481841.53,199879.89
108095,5002813,Active,-605,30,2518.14,143863.88,52452.0
106046,5002814,Closed,-1314,0,2904.49,165279.33,42245.81
101815,5002815,Closed,-2760,0,813.89,11853.45,99849.35
108502,5002816,Active,-1005,10,7197.15,444588.63,33685.16
106949,5002817,Closed,-1669,0,1324.71,110421.59,26948.13
100829,5002818,Closed,-2446,0,18141.03,192753.04,92205.68
107996,5002819,Closed,-20,0,6394.92,44858.09,4964.56
101804,5002820,Closed,-2719,0,8346.96,1805.2,3434.9
106823,5002821,Active,-744,0,618.11,717029.64,17059.49
100653,5002822,Closed,-2424,10,516.73,301889.53,4825.08
100114,5002823,Closed,-1540,0,5812.69,166135.25,94023.73
109022,5002824,Active,-2657,30,14152.19,114873.81,42465.0
106680,5002825,Closed,-2189,0,10724.18,275160.43,302239.85
107755,5002826,Closed,-2776,0,4399.32,125865.77,26025.95
100243,5002827,Closed,-1481,0,5482.86,344544.88,53909.14
107977,5002828,Closed,-2798,0,3541.18,26261.3,9824.54
100077,5002829,Closed,-2163,0,56.47,3647.46,59362.97
109602,5002830,Closed,-2396,0,5579.5,39378.58,20589.68
108686,5002831,Closed,-818,0,1885.52,92391.8,70541.16
103601,5002832,Closed,-2675,0,1802.25,1141674.15,68209.02
103257,5002833,Closed,-285,0,3404.03,4765.04,238062.27
104296,5002834,Closed,-1678,0,1259.14,440406.94,40639.67
201778,5002835,Closed,-253,0,1129.7,67085.4,34616.35
104209,5002836,Closed,-113,0,374.04,432481.61,81625.46
106232,5002837,Closed,-2980,0,4975.45,33178.45,1768.32
107040,5002838,Closed,-2595,0,1618.32,303909.55,52852.91
106313,5002839,Closed,-26,0,3227.55,649819.48,157820.75
104788,5002840,Active,-33,10,1109.37,10162.8,379100.97
103211,5002841,Active,-2525,0,13720.1,154160.02,218334.86
109530,5002842,Active,-970,0,10068.92,134205.26,32113.63
109784,5002843,Active,-1408,0,20934.42,183263.98,115137.63
103808,5002844,Closed,-31,0,2945.53,328986.57,43527.42
201721,5002845,Closed,-2286,0,935.92,71435.25,29982.66
106256,5002846,Closed,-1054,0,2940.08,19830.0,92365.84
103592,5002847,Closed,-1831,0,1453.28,143732.93,98543.04
100034,5002848,Closed,-10,0,1905.8,99189.7,227587.82
105414,5002849,Active,-1848,0,6470.58,343971.77,68270.06
109888,5002850,Active,-2884,0,3539.72,355705.05,113983.22
107114,5002851,Active,-973,0,1904.63,57613.98,51527.95
102041,5002852,Closed,-1515,0,4355.1,353346.08,33295.25
109203,5002853,Closed,-2240,10,2419.74,167393.52,55103.03
107000,5002854,Active,-2087,0,1036.57,234092.17,53920.75
108814,5002855,Closed,-328,0,16530.65,210459.02,34752.76
100285,5002856,Closed,-1607,0,1245.58,46765.16,28758.71
107685,5002857,Closed,-2059,0,1336.67,77326.16,78778.29
106407,5002858,Active,-2528,10,2088.36,118901.49,110255.52
102986,5002859,Active,-1843,0,1909.22,82494.23,79346.56
101951,5002860,Closed,-1009,0,927.25,209217.28,7472.86
107067,5002861,Closed,-1316,10,1629.73,90935.97,24854.68
102406,5002862,Active,-2339,0,17939.97,9271.34,5412.23
200240,5002863,Closed,-1049,0,529.08,134506.17,6582.79
106214,5002864,Closed,-483,0,2546.25,365318.25,13438.35
102795,5002865,Active,-1485,0,3713.67,101101.37,107294.6
108804,5002866,Closed,-1902,0,8533.94,64848.68,16853.95
200011,5002867,Closed,-2686,0,5603.0,39740.85,11894.7
201652,5002868,Closed,-1866,0,2841.43,36007.83,95503.35
201263,5002869,Closed,-1881,0,220.5,38784.97,62388.76
100535,5002870,Active,-1109,0,30355.91,813049.24,956.9
100374,5002871,Active,-1147,0,6850.1,363489.8,10826.95
101240,5002872,Closed,-1282,0,8909.59,1439.94,183259.12
105653,5002873,Closed,-860,0,9082.48,383020.19,134958.8
105709,5002874,Closed,-1983,0,5661.35,260369.83,6529.58
200279,5002875,Closed,-2190,30,1079.95,3941.13,95417.87
106570,5002876,Closed,-2430,0,277.51,104012.75,34324.23
104059,5002877,Closed,-453,0,4865.98,33457.66,53438.98
100391,5002878,Closed,-1855,30,19326.09,124951.36,157163.91
107171,5002879,Closed,-2143,0,3244.64,74946.2,2586.54
105288,5002880,Closed,-138,0,3557.96,46534.37,53293.49
200660,5002881,Active,-240,0,2391.12,198038.8,20193.58
104550,5002882,Closed,-2497,0,5262.19,24290.18,82264.21
108792,5002883,Closed,-2812,0,1071.92,1092804.07,54120.57
108330,5002884,Active,-1056,0,19358.94,351193.21,733.66
109379,5002885,Closed,-1696,0,30007.65,26294.09,100030.44
107946,5002886,Closed,-671,0,8353.92,60770.91,1966.86
101114,5002887,Closed,-1199,0,2013.05,121316.65,25471.47
101025,5002888,Closed,-2529,0,548.02,385508.98,83989.99
101642,5002889,Active,-880,0,3604.1,9216.61,53464.66
201785,5002890,Closed,-2639,0,2378.74,232358.78,260799.51
100206,5002891,Closed,-891,0,2240.51,220971.7,59743.89
200463,5002892,Closed,-2572,0,9116.23,31498.29,33968.99
104723,5002893,Active,-1721,0,7514.31,551688.83,112055.43
101567,5002894,Closed,-519,0,4643.72,84827.55,85462.66
109586,5002895,Active,-1641,0,535.6,94134.75,12683.7
102025,5002896,Active,-292,0,3950.1,61994.62,64525.49
201242,5002897,Closed,-1173,0,4489.92,71966.6,7591.76
101205,5002898,Closed,-820,0,2588.59,209951.66,74102.3
103705,5002899,Closed,-1558,0,1398.77,90721.71,7658.21
106259,5002900,Closed,-1999,0,2743.5,85036.52,59577.0
107363,5002901,Closed,-2307,0,2908.19,287607.6,69465.52
102072,5002902,Closed,-896,0,1704.4,92916.56,72683.55
103711,5002903,Active,-1780,0,2038.53,189492.18,153357.68
200514,5002904,Closed,-1882,0,12329.15,30634.09,20519.27
100503,5002905,Active,-1818,0,9720.87,307853.05,58535.08
106765,5002906,Closed,-2135,0,15356.19,50018.77,28808.92
201062,5002907,Closed,-1174,0,6865.87,31323.09,52575.67
105137,5002908,Active,-951,0,13132.29,388322.28,14189.17
104595,5002909,Active,-1885,0,5901.67,196122.02,18960.83
107351,5002910,Closed,-754,0,1413.47,159369.63,149066.49
101855,5002911,Active,-1366,0,12767.16,362541.37,83931.58
100285,5002912,Closed,-222,0,5269.16,5629.91,31972.2
100339,5002913,Closed,-126,0,186.45,347619.34,132702.92
108828,5002914,Active,-1054,0,9370.1,110720.07,45277.15
200962,5002915,Closed,-1310,0,3393.86,59330.08,74252.1
107174,5002916,Closed,-14,0,4905.4,38861.84,78973.58
104823,5002917,Closed,-2030,0,758.29,7665.85,21666.82
103705,5002918,Closed,-963,0,4670.61,79524.7,49893.63
201188,5002919,Active,-781,0,1669.69,234420.06,79979.48
200569,5002920,Closed,-2051,0,23429.83,164480.18,79971.68
105497,5002921,Active,-2718,0,839.93,271822.73,114923.29
106672,5002922,Closed,-2242,0,2758.59,65843.69,67032.43
109948,5002923,Closed,-714,0,2439.16,491784.99,26233.33
200835,5002924,Active,-635,0,16258.9,341581.63,1266.25
201290,5002925,Closed,-1948,0,3965.77,268842.48,60091.52
100170,5002926,Closed,-2387,0,1549.24,168944.27,8793.77
201243,5002927,Active,-1784,0,77.9,164188.55,22027.96
200697,5002928,Closed,-1830,0,9523.69,343584.13,18657.61
100097,5002929,Closed,-1498,0,913.73,222428.89,58944.85
109215,5002930,Closed,-1221,0,3487.17,35731.46,77865.06
108467,5002931,Closed,-2543,0,2613.95,182027.93,38024.51
103786,5002932,Closed,-2708,0,5946.92,92650.87,122792.14
107811,5002933,Closed,-2694,0,5041.78,149917.36,385328.69
102437,5002934,Closed,-575,0,1517.87,216415.53,62098.82
109180,5002935,Closed,-2316,0,5141.96,279457.13,14675.24
103953,5002936,Closed,-710,0,7429.7,469474.14,142360.95
109801,5002937,Active,-1879,0,5727.1,296035.29,375274.32
106618,5002938,Closed,-1168,0,3036.15,12002.95,12464.73
102559,5002939,Closed,-728,0,1944.17,30891.7,87341.0
108231,5002940,Closed,-1652,0,1798.9,46185.09,10177.5
106152,5002941,Closed,-6,0,2978.27,222944.28,124468.5
101818,5002942,Closed,-2978,0,5436.09,23390.34,2424.85
101798,5002943,Closed,-1868,0,3575.04,104181.1,72158.11
104144,5002944,Active,-2184,0,22.68,328283.87,8936.81
101545,5002945,Closed,-412,0,989.26,237226.04,53593.24
102483,5002946,Closed,-2970,0,697.35,11253.02,76966.83
200275,5002947,Closed,-950,0,706.79,54298.3,73718.26
103564,5002948,Closed,-1234,0,5163.5,162657.4,20255.46
100159,5002949,Active,-1591,0,4919.48,13927.75,173442.6
100510,5002950,Active,-2298,0,2873.4,106391.12,114657.05
201210,5002951,Active,-38,0,4513.22,440759.37,132268.8
109766,5002952,Closed,-2310,0,2847.08,189391.22,51610.29
100230,5002953,Active,-2036,0,2530.07,110301.1,38057.03
200414,5002954,Closed,-2055,0,10183.21,391862.28,4213.3
100869,5002955,Closed,-2446,0,4979.28,19657.66,66456.24
109554,5002956,Active,-140,0,4872.54,225998.52,17164.53
108386,5002957,Closed,-378,0,3667.74,97236.39,176962.49
200040,5002958,Closed,-382,0,5950.63,147575.9,35359.78
108359,5002959,Active,-117,0,14.72,3055.88,276465.93
100687,5002960,Active,-2791,0,231.09,196438.23,47400.08
109545,5002961,Closed,-1773,0,2568.77,929302.74,104520.23
108052,5002962,Closed,-2915,0,4025.59,20492.86,89590.64
201299,5002963,Active,-1167,0,2183.21,788077.26,58226.91
109735,5002964,Closed,-1374,0,2006.64,12746.24,89139.67
201166,5002965,Closed,-2479,30,2761.05,27673.33,141948.04
105323,5002966,Closed,-2299,30,7603.06,167942.32,11873.62
105985,5002967,Closed,-721,0,5553.6,444064.83,25010.58
103144,5002968,Active,-2089,0,1564.52,23572.12,268099.09
103696,5002969,Closed,-2080,0,1052.55,571993.4,91057.6
201117,5002970,Closed,-1895,0,3858.88,59395.09,146155.52
102208,5002971,Closed,-473,0,12554.15,67073.4,13183.07
101854,5002972,Closed,-2100,0,1397.34,17499.87,167265.72
100969,5002973,Active,-2567,30,2989.05,65665.64,77302.87
200461,5002974,Closed,-1894,10,3923.01,131258.17,38358.91
100471,5002975,Active,-1214,0,1121.96,73257.3,12619.52
105737,5002976,Active,-2952,0,1543.67,140925.77,13032.48
100789,5002977,Closed,-1111,0,4744.99,99326.39,17259.46
105147,5002978,Closed,-342,10,2542.38,22661.08,72314.83
106120,5002979,Closed,-735,0,2869.75,79082.66,9351.17
102468,5002980,Closed,-2646,0,10215.97,93902.78,55626.46
106058,5002981,Active,-2386,0,5344.57,298911.18,261906.14
201877,5002982,Closed,-870,0,942.95,93167.1,83816.34
108400,5002983,Closed,-540,0,2705.76,73794.97,1883.93
105813,5002984,Active,-384,0,18601.76,113531.15,37608.86
200103,5002985,Active,-751,0,2383.97,577485.7,100087.3
106286,5002986,Closed,-2751,0,6231.71,48589.22,36299.21
101941,5002987,Closed,-1730,10,6822.18,48783.03,19197.61
100382,5002988,Closed,-1093,0,4218.67,804335.6,7041.04
104437,5002989,Closed,-854,0,346.53,28618.84,7063.69
201652,5002990,Closed,-862,0,6310.27,46197.97,14162.87
108927,5002991,Closed,-1629,0,1897.46,119088.68,45056.43
105054,5002992,Closed,-2542,0,1102.44,1002897.32,31839.63
201007,5002993,Active,-1166,0,3841.33,580246.22,195524.37
109279,5002994,Closed,-1144,0,8927.43,28157.48,45707.23
108999,5002995,Active,-2890,0,11368.22,49364.54,262654.37
109934,5002996,Closed,-561,0,10718.88,270922.19,85799.57
106715,5002997,Closed,-1676,0,4934.66,9715.76,3625.64
107531,5002998,Closed,-2919,0,2551.18,494432.97,73794.02
201401,5002999,Active,-1412,0,13508.12,30440.51,5039.71
103096,5003000,Closed,-318,0,6330.76,42626.6,247911.51
102183,5003001,Active,-1108,0,15081.74,14977.75,342519.44
104665,5003002,Closed,-968,30,8588.9,616812.34,69154.55
101919,5003003,Active,-891,0,13639.35,217538.86,326647.03
109816,5003004,Closed,-2010,0,7989.26,607269.58,1273.21
102386,5003005,Closed,-185,0,697.04,1455.88,39126.1
102983,5003006,Closed,-2411,0,7357.24,485781.45,10911.96
201340,5003007,Closed,-1455,0,4382.9,194233.93,106806.73
102447,5003008,Active,-1057,0,6200.1,102029.65,95988.71
104491,5003009,Closed,-1552,0,2598.27,668841.86,6213.67
102367,5003010,Active,-1630,0,5897.15,154372.01,43497.02
105392,5003011,Closed,-84,0,3246.17,275111.55,20321.24
102261,5003012,Closed,-753,0,4023.61,37435.71,21251.5
103047,5003013,Active,-1876,0,10301.61,279652.06,111701.35
101640,5003014,Closed,-2460,0,1659.38,395088.32,60684.45
102695,5003015,Active,-336,10,17375.37,461763.27,2491.08
103843,5003016,Closed,-449,0,3575.77,23848.87,5048.81
106383,5003017,Closed,-1957,0,76.27,87029.2,142905.8
101148,5003018,Active,-2355,30,5523.66,74944.58,114419.63
101341,5003019,Closed,-1553,0,2937.7,331098.62,11474.78
100613,5003020,Closed,-562,0,24112.51,27813.49,7058.4
201465,5003021,Closed,-1190,0,7469.28,181873.02,63890.71
200806,5003022,Active,-614,0,8094.42,380962.18,37058.1
109047,5003023,Active,-2949,0,12055.53,26791.39,214036.13
101078,5003024,Closed,-2855,0,4320.53,437632.49,52316.21
107852,5003025,Closed,-1909,0,5183.79,217196.28,83732.45
106678,5003026,Closed,-770,0,5346.56,212759.06,127142.25
102450,5003027,Closed,-1594,0,18689.67,63951.21,163084.39
108627,5003028,Closed,-1888,0,3323.45,28391.07,15458.2
106743,5003029,Closed,-208,0,3590.46,182604.52,8465.08
107491,5003030,Active,-1734,0,1378.05,212811.16,75676.43
107882,5003031,Active,-308,0,8648.59,5972.6,26206.83
103264,5003032,Closed,-1579,0,11496.27,230610.35,81891.61
200505,5003033,Closed,-290,0,1128.18,885.45,60993.04
106229,5003034,Closed,-2616,0,3396.38,194113.18,168843.65
103152,5003035,Active,-1879,0,3195.9,291232.51,74616.77
103509,5003036,Closed,-725,0,8842.46,213984.35,76901.68
201529,5003037,Closed,-2917,0,1389.24,222947.98,3428.37
103355,5003038,Closed,-2260,0,8708.43,76791.97,43970.06
100078,5003039,Closed,-2754,0,7019.57,24162.85,231946.44
101829,5003040,Closed,-2996,0,6587.37,135199.22,193875.63
103224,5003041,Closed,-2462,0,5973.38,20135.97,97446.95
104455,5003042,Active,-2577,0,6504.54,3253.63,226375.92
108115,5003043,Closed,-2498,0,2225.21,170055.58,18573.16
109154,5003044,Closed,-274,0,6897.18,14542.53,98059.01
106405,5003045,Closed,-2731,0,1392.17,553948.35,3712.68
101502,5003046,Closed,-1162,0,4489.12,103621.96,54850.88
107297,5003047,Active,-2816,0,11613.29,125087.41,23189.38
108641,5003048,Closed,-738,0,1967.22,437629.13,103633.49
102703,5003049,Closed,-852,0,1470.8,199767.75,44392.02
101429,5003050,Closed,-565,0,1309.7,5793.04,34748.38
201423,5003051,Closed,-1407,0,2195.92,771146.7,37394.63
105632,5003052,Closed,-918,0,3789.49,16805.01,47440.45
201377,5003053,Closed,-1300,0,11638.38,19391.61,1676.79
201951,5003054,Closed,-1330,0,9671.58,109732.32,475.64
109109,5003055,Closed,-731,0,2613.43,233694.11,223085.95
106687,5003056,Closed,-1549,0,772.71,84162.87,90382.85
107664,5003057,Active,-1797,0,304.95,129039.48,93856.81
200900,5003058,Closed,-2856,0,7350.11,173693.85,22870.11
200201,5003059,Closed,-124,0,2557.26,29123.99,7616.29
108584,5003060,Closed,-255,0,6685.72,27700.08,9309.44
102719,5003061,Active,-2653,0,15762.0,171704.1,129993.84
200957,5003062,Closed,-392,0,11103.96,24082.82,67565.46
107404,5003063,Closed,-1149,0,584.93,185483.47,30327.88
201761,5003064,Active,-2391,0,594.56,3450.85,76430.07
108758,5003065,Active,-2079,0,518.65,222803.27,391094.79
103331,5003066,Closed,-1318,0,5702.1,215927.76,89562.2
109926,5003067,Closed,-90,0,6641.26,79753.59,25749.38
103612,5003068,Active,-2750,0,7896.26,531630.58,87447.24
109116,5003069,Closed,-2043,0,7277.77,218384.9,129978.35
107706,5003070,Closed,-2834,0,1104.43,52228.14,123591.95
102150,5003071,Active,-1855,0,2431.1,125313.39,65353.39
100640,5003072,Closed,-2496,0,3745.67,76385.21,17324.13
106883,5003073,Closed,-1471,0,762.61,466104.1,2692.46
102263,5003074,Closed,-1592,0,1259.38,395291.15,209571.6
100091,5003075,Active,-1974,10,4004.25,155637.69,52133.63
108893,5003076,Active,-168,0,5833.16,235031.77,108693.13
200538,5003077,Closed,-966,0,9596.18,53097.03,61914.54
105075,5003078,Closed,-1161,0,4343.58,29988.89,14044.61
109150,5003079,Closed,-1449,0,5960.02,132358.58,62799.91
104358,5003080,Closed,-1976,0,9911.82,113448.01,15065.11
108879,5003081,Active,-2905,0,2997.4,211726.73,226444.77
104715,5003082,Closed,-2581,0,3072.33,15856.47,6346.34
105305,5003083,Closed,-1088,0,9204.23,139486.24,51438.64
201820,5003084,Active,-2295,0,548.33,458110.43,1870.2
107397,5003085,Closed,-2506,0,4473.84,265550.82,38798.29
200172,5003086,Closed,-1656,0,2737.45,61484.53,38980.69
106997,5003087,Closed,-2869,0,6243.39,45908.61,76399.47
108050,5003088,Active,-211,0,4757.09,26847.18,151535.23
105521,5003089,Closed,-2736,0,3342.62,366248.14,49526.96
103559,5003090,Active,-2918,0,13380.57,108154.71,230774.97
106429,5003091,Active,-1429,0,11253.32,37736.32,89679.46
100208,5003092,Closed,-2693,0,2186.17,12601.61,11903.89
102553,5003093,Closed,-212,0,150.59,147030.4,61240.16
105220,5003094,Active,-2652,10,275.77,238629.4,210638.75
104450,5003095,Active,-2193,0,1526.96,70899.44,69083.79
100869,5003096,Active,-2519,0,68.97,21268.95,39614.9
100220,5003097,Closed,-2999,0,6036.36,304324.83,7309.02
108783,5003098,Closed,-2686,10,3762.24,294785.56,11152.12
108788,5003099,Active,-2532,0,1273.23,118253.27,45697.32
100969,5003100,Closed,-1368,0,6608.24,22583.7,35539.44
104612,5003101,Active,-2042,0,5602.14,22165.91,263335.08
201202,5003102,Closed,-1461,0,4929.84,55551.57,145347.67
107966,5003103,Active,-1169,0,272.76,131077.6,106192.83
104217,5003104,Closed,-211,0,3386.82,22089.21,63625.87
200252,5003105,Closed,-1386,0,6888.3,69635.5,28364.84
106671,5003106,Active,-2237,0,1048.43,80013.59,106191.8
104563,5003107,Closed,-980,0,8096.46,356001.41,28152.34
102527,5003108,Closed,-30,0,3.19,498074.03,59115.94
201014,5003109,Active,-1022,0,926.17,215701.76,16606.0
109603,5003110,Closed,-1656,0,12912.46,71679.79,121836.05
105431,5003111,Closed,-2685,0,9475.93,220130.1,28092.68
101358,5003112,Active,-1647,0,671.22,336032.14,30303.36
100005,5003113,Closed,-519,0,200.23,129588.98,191548.79
200279,5003114,Closed,-2621,0,1878.03,365997.84,55781.11
107916,5003115,Closed,-2701,0,3618.16,316130.01,145670.43
108787,5003116,Closed,-2409,0,10338.18,53564.14,46488.34
103454,5003117,Closed,-276,0,375.83,46857.98,2826.65
108340,5003118,Closed,-1534,0,8549.5,153224.99,25603.41
103479,5003119,Closed,-1197,0,11138.1,156304.27,124786.95
201708,5003120,Active,-2203,0,650.52,167441.46,40290.51
103223,5003121,Closed,-1295,0,1130.22,131739.84,22441.17
200476,5003122,Closed,-2838,0,6172.18,39415.23,146307.1
103566,5003123,Closed,-2113,0,21350.16,208512.65,136082.66
101225,5003124,Closed,-2588,10,157.6,118671.73,22344.9
105815,5003125,Closed,-2953,0,16937.0,317385.69,15999.23
106381,5003126,Closed,-1928,0,2405.89,315850.43,593.09
105013,5003127,Closed,-2652,0,5061.8,45607.75,54563.27
102502,5003128,Active,-2294,0,862.87,11872.69,38004.22
101488,5003129,Closed,-2504,0,138.45,501836.58,41337.01
103226,5003130,Closed,-653,0,5122.31,301770.33,90491.48
201238,5003131,Closed,-1051,0,7123.62,8380.27,27513.2
104312,5003132,Active,-330,0,603.7,392710.88,419725.41
100040,5003133,Active,-498,0,5574.98,241425.13,61645.34
108150,5003134,Closed,-772,0,565.31,49769.8,30145.45
200342,5003135,Closed,-1132,0,690.85,98199.49,181874.58
105795,5003136,Active,-148,0,4115.96,316017.18,43586.03
108931,5003137,Closed,-1078,0,25410.76,228116.83,20097.12
104188,5003138,Closed,-1357,0,2975.54,11561.52,8529.5
103883,5003139,Closed,-2317,0,4172.18,483623.66,16548.89
105207,5003140,Closed,-708,0,5873.66,236965.92,368584.29
109710,5003141,Closed,-1734,0,4747.12,31979.23,33573.95
102330,5003142,Active,-2019,0,9031.65,230149.35,52590.93
105994,5003143,Closed,-1150,0,9632.63,178793.71,59821.81
106255,5003144,Closed,-595,0,151.02,49426.3,62894.51
109051,5003145,Active,-414,0,20395.79,33465.27,1607.38
109210,5003146,Closed,-1205,0,11559.59,35370.78,38008.89
105702,5003147,Closed,-1888,0,3170.06,43104.49,56402.53
108052,5003148,Active,-277,0,3593.06,309165.09,171060.27
104551,5003149,Closed,-1385,0,5712.04,61871.81,217255.55
108883,5003150,Closed,-423,0,10767.58,32354.95,32329.28
109142,5003151,Active,-133,0,1594.74,158598.15,114040.7
102991,5003152,Closed,-1644,10,5302.74,155346.1,12636.38
107990,5003153,Closed,-1558,0,4671.93,805585.98,81534.2
105003,5003154,Closed,-297,0,137.92,245781.95,265313.34
104448,5003155,Active,-768,0,2466.88,34087.41,285109.04
103847,5003156,Closed,-2564,0,1507.73,30580.89,66340.79
103395,5003157,Closed,-1417,0,449.11,343322.82,25993.07
106561,5003158,Closed,-2248,0,10646.78,477245.8,79270.07
107358,5003159,Closed,-2537,0,17315.5,103450.88,16030.07
103630,5003160,Active,-316,0,14195.98,85105.9,44043.91
107464,5003161,Active,-1798,0,893.55,152501.93,62669.44
103408,5003162,Closed,-1475,0,4288.71,521012.62,3993.34
104697,5003163,Active,-2660,0,9532.42,1136452.36,131479.5
201162,5003164,Closed,-1755,0,6919.77,126480.51,18136.35
102342,5003165,Closed,-2201,0,828.9,162526.26,182419.78
106608,5003166,Closed,-2179,0,5302.35,89553.56,139221.51
109024,5003167,Closed,-3,0,4109.79,17578.77,31299.26
106896,5003168,Closed,-233,10,3578.65,88192.6,176262.68
104154,5003169,Closed,-944,10,3762.91,67308.96,41907.17
108471,5003170,Closed,-870,10,4291.75,46118.16,9515.58
103719,5003171,Active,-2690,0,14114.57,36032.96,165956.64
107094,5003172,Closed,-1284,10,265.0,314599.74,21188.53
108999,5003173,Closed,-1843,0,2620.94,114024.9,245451.5
107134,5003174,Active,-1759,0,3753.83,4432.99,45735.41
103842,5003175,Closed,-2596,0,5782.96,144803.39,136191.47
109041,5003176,Closed,-1321,0,3193.32,124367.44,35002.8
103861,5003177,Closed,-2832,0,1990.21,8649.85,4618.45
105572,5003178,Closed,-1695,0,4318.41,121260.86,24447.38
109230,5003179,Active,-45,0,493.38,93751.3,18730.96
104337,5003180,Active,-2652,0,565.82,211573.32,118499.05
106678,5003181,Closed,-368,0,18.75,146665.25,103159.05
103273,5003182,Closed,-373,0,2030.31,82361.93,90127.6
200198,5003183,Closed,-1692,0,11212.32,203151.16,136852.35
100614,5003184,Active,-731,0,1723.45,67686.29,6021.77
100737,5003185,Active,-89,0,1344.61,180225.21,44516.69
101533,5003186,Active,-1022,0,10261.71,232011.61,854368.53
100068,5003187,Closed,-2125,0,3984.99,175132.32,4049.46
109580,5003188,Closed,-2300,0,9946.07,59409.21,104568.35
102324,5003189,Closed,-921,0,577.25,44051.24,94505.14
200978,5003190,Closed,-1159,0,237.38,49090.41,115787.4
104815,5003191,Active,-2469,0,10336.64,146328.41,33675.17
108485,5003192,Closed,-541,0,4316.85,25318.45,28691.72
103828,5003193,Closed,-26,30,12520.34,34423.8,191947.92
108799,5003194,Closed,-2494,0,2101.71,26117.03,20710.96
104082,5003195,Closed,-389,0,3195.23,19243.45,28666.9
100430,5003196,Closed,-2392,0,12857.47,599257.85,18120.15
107684,5003197,Closed,-1932,0,4964.47,74448.05,90623.14
106956,5003198,Closed,-2009,0,12294.01,61703.22,14602.87
100955,5003199,Closed,-1437,0,14025.55,56676.11,48504.09
200766,5003200,Active,-2886,0,334.74,494149.12,34355.93
103897,5003201,Closed,-2466,0,3171.81,45031.0,53806.29
107402,5003202,Closed,-1787,0,5024.17,234794.11,265826.02
102877,5003203,Active,-170,0,10576.0,182560.81,14812.1
106200,5003204,Active,-461,0,2090.33,152989.95,66155.72
108147,5003205,Closed,-1840,0,4342.36,2653.69,40480.59
101407,5003206,Active,-1650,0,2476.28,240026.22,143772.97
109754,5003207,Closed,-520,0,2238.77,27318.37,123593.8
103489,5003208,Active,-2203,0,3930.15,34607.47,279958.69
109387,5003209,Closed,-146,0,1830.34,294692.86,131539.77
108015,5003210,Closed,-2844,0,345.79,72891.5,8655.21
106498,5003211,Closed,-900,0,497.3,56691.89,246677.18
108102,5003212,Closed,-2096,0,939.05,206787.65,130735.74
100610,5003213,Closed,-806,0,2717.07,108723.81,55412.7
106850,5003214,Closed,-2788,0,650.88,57026.29,29453.15
100800,5003215,Closed,-1540,0,4490.85,35427.55,66675.53
201154,5003216,Closed,-2402,0,5110.13,286840.85,41112.97
103385,5003217,Closed,-641,0,9349.92,330997.2,198868.93
103543,5003218,Closed,-1302,0,2429.02,23648.33,72572.16
103114,5003219,Closed,-1606,0,1098.48,143812.64,27322.87
103699,5003220,Closed,-1153,0,10921.38,544423.76,161103.39
200890,5003221,Closed,-1482,0,1282.48,326170.19,23217.42
109067,5003222,Closed,-2883,0,16250.54,129700.86,74640.96
109902,5003223,Closed,-1569,0,9494.42,158541.58,26788.86
109521,5003224,Closed,-2773,0,3512.52,18917.01,51675.73
201710,5003225,Closed,-458,0,1922.58,88541.95,11892.38
107455,5003226,Active,-2960,0,3928.33,454215.87,219555.94
107449,5003227,Closed,-425,0,6803.12,87508.73,80351.28
200137,5003228,Active,-1858,0,10378.17,31222.7,71463.31
201113,5003229,Active,-2193,0,671.61,129943.41,4034.42
201655,5003230,Active,-735,0,2161.29,328259.69,129180.77
107240,5003231,Closed,-2674,0,1441.78,1203.99,146050.11
105713,5003232,Active,-1074,0,2435.59,341451.59,6942.5
201738,5003233,Closed,-1895,0,2446.54,18781.67,35116.86
102761,5003234,Active,-353,0,4619.54,167271.61,23062.5
107376,5003235,Closed,-2327,0,1931.61,32582.65,64561.57
104136,5003236,Closed,-1804,0,294.46,156860.19,51326.18
102092,5003237,Closed,-843,0,6949.89,565316.52,133530.52
104677,5003238,Active,-817,0,2455.87,32745.06,111931.09
106149,5003239,Closed,-2969,0,10776.47,172552.88,38739.19
200756,5003240,Active,-1478,0,66.99,196096.79,32604.03
108002,5003241,Closed,-324,0,5969.24,467637.69,95621.78
101779,5003242,Closed,-2931,0,46.59,77170.19,41627.06
201747,5003243,Active,-1064,0,2173.82,156784.98,124102.58
109295,5003244,Closed,-2207,0,14158.9,694203.85,186121.62
106685,5003245,Active,-2795,0,402.11,295856.24,146337.78
103613,5003246,Closed,-1341,0,7965.43,272194.59,65629.48
107735,5003247,Closed,-1512,0,446.89,102805.96,123593.67
104406,5003248,Closed,-83,0,9669.26,84429.98,72849.67
102383,5003249,Closed,-298,0,1345.55,188436.42,396060.19
201427,5003250,Closed,-2737,0,4036.4,86148.99,7229.33
100367,5003251,Active,-2128,0,1424.87,476347.55,58918.22
103877,5003252,Closed,-2318,0,9043.4,180614.9,597556.51
201543,5003253,Closed,-1841,0,266.13,238503.42,2557.89
105170,5003254,Active,-1639,30,206.31,315147.5,44874.11
104780,5003255,Closed,-2519,10,25309.92,71922.64,48821.38
106016,5003256,Closed,-2722,0,745.43,388365.43,4745.48
109346,5003257,Closed,-1417,0,87.82,152196.18,15600.46
201851,5003258,Closed,-2540,0,5441.4,164025.02,46215.3
109087,5003259,Closed,-2096,0,3508.13,175828.07,6443.26
201912,5003260,Closed,-2852,0,2175.96,261173.16,131454.21
103048,5003261,Active,-1115,0,1631.84,193409.49,149729.74
101884,5003262,Closed,-100,0,2703.48,160917.03,96978.23
106107,5003263,Active,-1941,0,1704.52,327587.27,54395.92
108766,5003264,Closed,-907,0,1852.94,390009.33,9746.2
103309,5003265,Active,-1734,0,151.91,157555.64,119723.96
100835,5003266,Closed,-1223,0,6958.82,381704.55,39214.78
108890,5003267,Closed,-1858,0,4485.16,9751.07,135690.04
100108,5003268,Closed,-2184,0,1139.06,160748.46,178362.58
109478,5003269,Closed,-2368,0,3614.5,3111.11,9397.12
106408,5003270,Active,-2289,0,746.16,955486.36,74669.26
102393,5003271,Active,-793,0,8725.29,73395.92,236573.92
104289,5003272,Closed,-2340,0,9033.76,114650.02,87596.25
103288,5003273,Active,-159,0,18869.44,20768.82,75616.64
107871,5003274,Active,-1346,0,4833.35,22957.63,28741.24
102561,5003275,Active,-537,10,5492.89,50794.26,50484.46
104558,5003276,Active,-1041,0,4719.88,21636.4,12889.47
105819,5003277,Active,-2871,0,5227.36,474036.32,47906.91
108566,5003278,Closed,-1795,30,294.0,65001.25,7156.46
109646,5003279,Closed,-300,0,398.31,70449.25,188650.86
104860,5003280,Closed,-7,0,4873.32,77144.33,21363.44
105925,5003281,Active,-1884,0,1938.18,78075.86,108349.65
108052,5003282,Closed,-1859,0,448.23,124285.06,11383.82
106709,5003283,Active,-1492,0,11.34,52170.51,105518.12
109402,5003284,Closed,-1710,0,436.58,203232.65,187455.21
107460,5003285,Closed,-1389,0,1708.91,179679.9,96198.78
200255,5003286,Closed,-1784,0,326.72,12053.27,70456.41
106033,5003287,Closed,-2866,0,1228.34,447309.98,81199.34
109734,5003288,Active,-342,0,43.9,368381.51,7188.51
109106,5003289,Closed,-1692,0,19030.49,620957.85,60626.41
200774,5003290,Active,-1822,0,7083.78,85981.2,11410.21
109572,5003291,Closed,-482,10,5833.79,75837.43,95718.95
201156,5003292,Closed,-2500,0,6757.02,127782.45,60256.11
101183,5003293,Active,-24,0,11552.59,94834.97,255993.41
105970,5003294,Active,-2594,0,11241.62,51163.74,116522.13
106518,5003295,Closed,-2611,10,3987.16,76146.57,95715.69
104706,5003296,Closed,-2199,0,11430.6,280274.29,162174.39
102442,5003297,Closed,-968,0,222.31,288491.68,21148.09
200118,5003298,Closed,-759,0,18775.93,129170.67,1697.46
107674,5003299,Closed,-1515,0,839.8,117992.66,81582.63
102356,5003300,Closed,-1036,10,3040.73,1680.02,31760.82
100346,5003301,Active,-754,0,9513.88,239571.16,47238.22
109725,5003302,Closed,-1650,10,349.0,68613.17,118792.67
104238,5003303,Closed,-1363,30,65.13,85222.87,11653.29
101612,5003304,Closed,-2400,0,9597.31,219116.5,19846.12
200152,5003305,Closed,-2251,0,880.68,288945.18,4393.54
108065,5003306,Closed,-1125,0,5615.21,172828.45,9048.24
104881,5003307,Closed,-1876,0,6254.49,161356.94,20755.46
104476,5003308,Closed,-2963,0,8948.73,325852.01,18974.68
104807,5003309,Closed,-365,0,581.6,17543.35,49786.7
100329,5003310,Closed,-1480,0,3044.08,76150.51,115297.67
109903,5003311,Closed,-2387,0,413.88,153521.19,7689.69
106199,5003312,Active,-2606,0,285.46,3815.33,46513.2
201884,5003313,Closed,-2862,0,7218.31,326299.77,249022.6
109279,5003314,Closed,-1124,0,3669.0,13425.35,7987.86
108484,5003315,Closed,-1558,0,1769.49,36030.27,54926.73
109980,5003316,Active,-450,0,3056.93,579018.31,4265.43
105867,5003317,Active,-1466,0,3779.89,359163.07,166809.68
201114,5003318,Closed,-1209,0,1122.43,68099.19,81934.39
105557,5003319,Closed,-886,0,846.34,140337.12,245829.64
105769,5003320,Closed,-896,0,943.75,34064.04,14822.77
105094,5003321,Active,-1719,0,5087.73,118182.3,272457.14
105414,5003322,Active,-518,0,16240.88,56528.35,33922.73
201764,5003323,Closed,-443,0,7250.94,163194.69,9627.11
100781,5003324,Closed,-904,0,9080.7,362595.61,114869.61
107015,5003325,Closed,-214,0,2702.66,24234.43,293967.51
100917,5003326,Closed,-376,0,1926.48,437587.26,15823.2
100904,5003327,Active,-2749,0,1807.2,35960.52,142691.74
105821,5003328,Closed,-555,0,9759.12,121888.47,31960.49
201754,5003329,Closed,-1742,0,2963.88,188326.5,29866.56
102812,5003330,Active,-1325,0,622.87,194794.79,340130.86
101142,5003331,Closed,-1314,0,21.62,1048824.61,63214.04
102998,5003332,Active,-2486,0,14492.77,90515.58,193590.61
109079,5003333,Active,-2832,0,6636.99,200407.15,111855.29
201826,5003334,Closed,-1642,0,5667.68,16056.81,41149.25
106248,5003335,Closed,-2855,0,3606.95,474586.62,53109.79
100660,5003336,Closed,-996,0,15204.86,40792.81,44040.64
100748,5003337,Closed,-689,0,14696.08,617101.63,79136.3
100129,5003338,Closed,-914,0,665.37,119518.9,2417.3
201270,5003339,Closed,-96,0,2590.78,159740.78,27143.82
105663,5003340,Closed,-1906,0,299.02,33477.11,257617.3
100461,5003341,Closed,-2802,0,1163.63,282415.87,93750.12
109429,5003342,Closed,-226,0,7574.8,779347.72,42528.2
100737,5003343,Closed,-2152,0,1739.9,201134.61,36750.89
102843,5003344,Closed,-1975,0,6613.21,71832.49,44371.34
101997,5003345,Active,-155,0,4048.27,30057.52,19000.45
107312,5003346,Active,-1025,0,9690.97,789904.84,67339.86
105359,5003347,Closed,-474,0,1960.57,576213.58,236000.94
106159,5003348,Closed,-2094,0,5135.14,32353.3,36348.47
109487,5003349,Closed,-1733,0,3600.83,519284.53,88086.26
103010,5003350,Closed,-1530,0,4689.77,170608.8,17954.76
105526,5003351,Closed,-1955,0,2827.5,358837.94,65719.26
103540,5003352,Closed,-475,0,4172.29,319813.42,5267.89
108143,5003353,Closed,-1573,0,488.75,185720.25,797.9
100432,5003354,Closed,-2479,0,6068.7,20324.64,112603.55
101352,5003355,Closed,-1810,0,18562.0,420294.99,7203.45
201197,5003356,Closed,-2907,0,1607.68,1882.97,8456.21
103150,5003357,Closed,-739,0,8338.53,119351.01,170828.22
101751,5003358,Closed,-2728,0,6753.73,200058.97,303287.55
100533,5003359,Active,-722,0,2333.35,311255.31,7631.52
200306,5003360,Active,-622,0,3220.18,352883.87,374255.25
108547,5003361,Closed,-622,0,2963.32,118424.38,120322.27
108031,5003362,Closed,-1818,0,17694.2,74811.01,146768.96
201237,5003363,Active,-204,0,696.86,270340.75,57187.74
100387,5003364,Closed,-2921,0,33411.4,502583.2,33483.28
109813,5003365,Active,-454,30,4044.34,189083.86,191636.38
106890,5003366,Closed,-2629,0,5632.83,40672.7,345090.69
108482,5003367,Active,-2033,0,2583.12,407794.19,73819.32
103789,5003368,Active,-2051,0,1247.88,57348.9,39096.55
101647,5003369,Closed,-163,0,3879.02,347583.67,112806.6
103489,5003370,Closed,-1001,0,1768.32,111967.72,84134.7
105645,5003371,Closed,-2285,0,6979.33,70937.87,303482.16
108300,5003372,Closed,-365,0,17266.42,267788.69,33567.2
201384,5003373,Active,-291,0,5440.93,56908.2,98261.53
106949,5003374,Closed,-2472,0,7914.66,45367.81,530206.89
103576,5003375,Active,-2584,0,2207.01,577847.8,105862.19
107477,5003376,Closed,-1754,0,1451.17,41264.33,38620.33
108088,5003377,Closed,-2840,0,20099.22,108010.7,95260.66
104515,5003378,Active,-2868,0,1300.36,136332.76,41889.8
109983,5003379,Active,-486,0,7630.27,95665.29,284762.24
101134,5003380,Closed,-2635,0,58.89,90226.92,328297.89
102802,5003381,Active,-528,0,8591.83,68082.93,20782.16
101658,5003382,Active,-1751,10,11839.25,98924.79,31840.78
103394,5003383,Closed,-2808,0,1933.0,523159.67,30105.77
200264,5003384,Active,-1842,0,1538.29,1457853.56,523392.71
100583,5003385,Active,-1938,0,11752.73,102454.31,45432.87
101895,5003386,Closed,-1026,0,5756.47,8346.02,67829.59
108322,5003387,Active,-2803,0,2159.01,347272.0,125492.37
105842,5003388,Active,-1891,0,4871.64,242601.43,88233.78
107247,5003389,Closed,-1019,0,3785.41,215316.82,196199.71
109485,5003390,Active,-82,0,4024.0,121944.08,168428.85
106462,5003391,Active,-106,0,1889.27,59672.0,220683.43
201798,5003392,Closed,-2826,0,83.11,92299.48,64499.26
104357,5003393,Closed,-867,0,9763.23,436563.56,118917.09
101016,5003394,Closed,-481,0,1179.32,405406.79,78541.57
105690,5003395,Active,-1561,0,2180.32,1085515.4,203834.77
108105,5003396,Closed,-1877,10,2705.21,400106.57,9447.39
104850,5003397,Active,-466,0,2208.84,24174.54,54774.26
201991,5003398,Active,-1175,0,1395.03,205511.31,37507.47
200952,5003399,Active,-1403,0,5959.92,130826.96,7128.46
108859,5003400,Closed,-1095,0,11320.67,358538.58,36639.6
201118,5003401,Active,-259,0,7904.88,261276.39,52949.2
104696,5003402,Closed,-2067,0,1304.68,71900.18,26722.61
200883,5003403,Closed,-188,0,10007.41,298332.4,54867.9
107735,5003404,Closed,-1272,0,546.57,271086.51,229087.09
102710,5003405,Active,-1687,0,4789.66,152104.86,92054.66
101093,5003406,Closed,-330,0,5861.94,341853.52,49380.27
101299,5003407,Closed,-2377,0,3279.15,39869.24,5440.23
101537,5003408,Closed,-1548,0,870.83,77214.9,63065.11
100427,5003409,Closed,-2721,0,1337.36,136450.7,7024.57
201540,5003410,Closed,-1705,0,2752.99,356401.93,72534.2
104099,5003411,Closed,-892,0,12280.97,451578.52,10773.47
103277,5003412,Closed,-35,0,630.05,3927.42,10306.1
200807,5003413,Closed,-2802,0,2699.05,9419.34,10299.84
101494,5003414,Closed,-1469,0,578.66,415846.79,67984.83
109984,5003415,Closed,-2669,0,10649.71,9447.82,23105.87
105243,5003416,Closed,-601,0,170.64,529858.92,225046.29
201019,5003417,Closed,-42,0,622.06,147178.66,70913.43
108937,5003418,Closed,-1195,0,1869.79,148001.65,20291.75
105204,5003419,Active,-2629,0,1013.71,29095.39,24419.21
105303,5003420,Active,-2995,0,4147.12,89000.8,44664.24
108662,5003421,Closed,-1933,0,4346.58,351249.11,112272.8
106438,5003422,Closed,-2948,0,6745.42,244144.72,11723.95
108337,5003423,Active,-1634,0,705.61,889.96,66192.35
108103,5003424,Active,-2024,0,3047.0,158400.24,26578.12
101931,5003425,Closed,-1977,0,2690.66,98609.34,85609.43
105109,5003426,Active,-105,0,2669.25,6.18,298017.18
104802,5003427,Closed,-373,0,4471.82,362388.86,81028.88
107055,5003428,Closed,-1109,0,13034.15,267394.7,88129.05
101328,5003429,Active,-2074,0,13109.05,142861.67,45557.92
102770,5003430,Active,-2715,10,729.27,57653.57,63619.32
107466,5003431,Closed,-1321,0,2220.54,72203.94,37905.83
101542,5003432,Closed,-787,0,10098.14,2097.37,180572.85
100651,5003433,Active,-147,0,7363.18,415906.26,471956.19
104724,5003434,Closed,-107,0,1897.14,171659.99,1765.34
108166,5003435,Active,-1082,0,1493.61,404890.43,52286.08
201816,5003436,Closed,-507,0,2778.53,28273.17,342577.5
105960,5003437,Closed,-431,0,1411.67,419298.49,112023.48
106329,5003438,Active,-541,0,11036.6,20102.84,26067.35
102997,5003439,Closed,-1240,0,1816.82,94658.64,18063.73
107142,5003440,Closed,-2307,0,51.15,37839.21,6035.95
100882,5003441,Closed,-823,0,246.13,98705.27,4258.13
107405,5003442,Closed,-1780,0,15703.97,212233.57,76305.27
106433,5003443,Closed,-1916,0,1320.76,165463.2,68283.99
100869,5003444,Closed,-893,0,7867.17,246527.44,166246.21
105042,5003445,Closed,-668,0,924.31,30608.96,79901.02
109830,5003446,Active,-2024,0,3471.99,44126.89,8980.28
101067,5003447,Active,-1545,0,11669.19,195638.92,121969.62
104746,5003448,Closed,-2576,0,2526.85,50821.65,136342.79
200736,5003449,Closed,-1573,0,2551.7,177784.42,8967.72
109299,5003450,Closed,-2700,0,854.63,225059.77,40713.35
201787,5003451,Active,-2651,0,10493.69,210403.42,170250.53
105816,5003452,Closed,-984,0,450.67,187980.74,97888.18
107782,5003453,Closed,-72,0,8122.75,316217.04,41573.75
105307,5003454,Closed,-2550,0,6517.79,753422.14,401731.59
109727,5003455,Closed,-2943,0,21200.76,543081.18,191195.89
200483,5003456,Active,-152,0,754.81,55534.09,65253.79
101698,5003457,Closed,-2687,0,5679.3,67635.02,7138.81
201635,5003458,Active,-2108,10,3029.44,55321.87,17354.9
108040,5003459,Closed,-652,0,1995.16,272896.61,3204.12
108082,5003460,Active,-759,0,6306.83,865277.04,95609.39
104369,5003461,Closed,-508,0,817.33,820248.02,23906.51
104504,5003462,Closed,-1314,0,3607.11,427139.23,29190.17
201451,5003463,Closed,-1132,0,12610.59,394760.51,10712.7
102826,5003464,Active,-808,0,2664.19,130465.4,49584.46
100376,5003465,Closed,-2317,0,3949.3,286001.02,41777.58
101123,5003466,Closed,-1989,0,13486.52,253200.85,177557.4
101853,5003467,Active,-366,0,469.79,64573.04,31261.02
102886,5003468,Closed,-1854,0,2718.96,53370.56,89240.63
101456,5003469,Closed,-925,0,1677.36,249076.88,148378.01
101427,5003470,Active,-2173,10,1387.56,12066.57,144805.82
106955,5003471,Closed,-2922,0,7501.54,374152.12,33397.54
102282,5003472,Active,-1770,0,29540.04,76558.69,221926.88
109618,5003473,Closed,-1073,0,2259.33,162453.96,161822.68
107953,5003474,Closed,-727,0,2111.99,738261.81,86758.29
109152,5003475,Active,-590,0,1688.09,215866.99,1797.62
200543,5003476,Active,-1101,0,3747.42,14089.42,101624.53
106198,5003477,Closed,-1773,0,5052.1,279898.59,13102.59
102106,5003478,Active,-353,0,2439.82,67185.61,4041.26
105359,5003479,Active,-141,10,4558.34,131385.5,91797.84
201145,5003480,Closed,-190,0,10459.72,167739.48,16019.82
101868,5003481,Active,-1879,0,183.74,181046.7,34699.11
104056,5003482,Active,-2202,0,1457.88,209637.26,32583.87
103250,5003483,Closed,-2482,10,1042.39,217833.57,103447.14
108363,5003484,Active,-2049,0,1489.37,28469.51,46008.46
101717,5003485,Closed,-1386,0,847.49,520429.64,5056.59
109707,5003486,Closed,-2736,0,2001.44,458417.43,15035.65
101238,5003487,Closed,-757,0,8591.56,272691.48,29716.49
201933,5003488,Closed,-2577,0,8427.41,49847.99,26435.81
106472,5003489,Active,-1508,0,1323.23,166563.7,91024.55
109263,5003490,Active,-2716,0,8283.19,153296.2,20644.77
103903,5003491,Closed,-837,0,874.87,322827.1,110656.27
103705,5003492,Active,-2284,0,1283.99,231057.83,77102.29
108945,5003493,Closed,-143,0,17039.56,61222.66,39803.86
106625,5003494,Closed,-2574,0,4021.06,222590.43,16393.74
103200,5003495,Active,-835,0,1209.61,143484.26,39639.33
108218,5003496,Closed,-1208,0,1264.92,144929.55,92033.12
200892,5003497,Closed,-845,0,5974.56,329663.46,3534.43
109027,5003498,Closed,-1141,0,8170.42,41412.05,70189.04
108672,5003499,Closed,-437,0,21466.89,463069.19,3630.47
106029,5003500,Active,-2642,0,24.56,348502.38,115076.88
109993,5003501,Closed,-2975,0,1755.98,196048.67,25316.35
106642,5003502,Closed,-1847,0,891.9,83043.76,216317.23
104052,5003503,Closed,-2083,0,8817.06,23718.32,77815.11
201115,5003504,Closed,-856,0,3012.53,232391.79,89965.52
100967,5003505,Active,-1985,0,846.12,200649.19,11113.83
100999,5003506,Active,-1577,0,3085.59,108859.31,113873.55
200502,5003507,Closed,-2233,0,10423.78,191447.16,26172.78
106173,5003508,Closed,-2470,0,742.28,237043.05,215678.75
102973,5003509,Closed,-1159,0,1813.55,27322.21,200241.45
105995,5003510,Closed,-1268,0,387.27,164431.05,69134.89
100148,5003511,Closed,-126,0,468.95,549037.35,31853.49
102122,5003512,Closed,-531,30,8126.78,171463.68,115309.14
105967,5003513,Closed,-1713,0,11850.63,236081.26,3841.1
108799,5003514,Closed,-2924,0,10163.25,1133.14,68091.87
104427,5003515,Active,-734,0,3360.78,63880.03,236336.8
104991,5003516,Active,-2510,0,4068.24,44920.29,31327.93
105266,5003517,Closed,-2226,0,17568.19,589338.14,24211.84
102073,5003518,Active,-2528,0,3801.7,45984.09,151274.41
100480,5003519,Active,-606,0,8941.2,57002.9,100743.42
201045,5003520,Closed,-1220,0,4524.29,1021204.31,3651.13
106409,5003521,Closed,-2156,0,5292.52,27498.01,50761.11
107641,5003522,Closed,-1662,0,12590.93,34659.74,353220.35
100923,5003523,Active,-1313,30,1031.23,139375.36,656.95
201123,5003524,Closed,-2204,0,6217.21,692058.38,150248.58
103387,5003525,Closed,-870,0,9604.31,479947.86,315812.42
109040,5003526,Closed,-1954,0,22077.5,34233.29,10682.72
101622,5003527,Closed,-1437,0,3593.2,226495.4,15323.76
101486,5003528,Active,-1281,0,1691.38,363008.98,20738.5
109747,5003529,Closed,-2827,0,1706.2,88455.38,21959.92
102741,5003530,Closed,-1671,0,3738.12,16119.17,28220.29
102491,5003531,Active,-2519,0,13011.4,194356.69,95062.81
102342,5003532,Active,-2431,0,3840.91,26828.1,15918.09
200750,5003533,Closed,-2509,0,11780.6,36329.35,98471.02
104930,5003534,Closed,-1220,0,5437.81,127549.34,169334.08
106475,5003535,Active,-1659,0,8796.22,154926.73,5067.48
103332,5003536,Closed,-696,0,2234.17,250197.07,121517.62
102274,5003537,Closed,-2311,10,3522.68,515650.58,4107.13
100932,5003538,Closed,-236,0,410.41,557272.51,137521.86
109600,5003539,Closed,-78,0,2872.8,132382.24,868.19
200190,5003540,Active,-90,0,5105.0,102277.43,38001.63
200133,5003541,Closed,-1323,0,3963.86,173935.43,19856.48
102867,5003542,Active,-2110,0,3853.04,523412.14,194937.04
200343,5003543,Closed,-2615,0,10832.22,369245.78,53341.07
106635,5003544,Active,-2298,0,12333.09,173286.21,175026.79
201448,5003545,Active,-1863,10,1884.32,100322.33,122212.51
103653,5003546,Closed,-544,0,19670.1,286182.43,18628.95
102624,5003547,Closed,-560,0,465.93,68627.2,22982.17
201470,5003548,Active,-1999,0,18570.46,108691.36,221824.05
102266,5003549,Active,-2598,0,29103.93,328814.57,16957.4
200395,5003550,Closed,-564,0,27775.39,127818.91,109741.86
101439,5003551,Closed,-467,0,4702.26,286779.93,166436.88
106370,5003552,Closed,-719,0,1627.64,22230.67,10287.37
103267,5003553,Closed,-2451,0,135.95,89831.24,117835.61
106756,5003554,Closed,-995,0,4532.52,49212.28,76810.22
107977,5003555,Closed,-1167,0,4549.28,32446.56,240610.89
107611,5003556,Closed,-42,0,1184.94,19215.35,71213.54
104328,5003557,Active,-884,0,3397.09,114261.23,146578.12
201311,5003558,Closed,-2035,10,352.04,65346.75,13646.3
104722,5003559,Closed,-713,0,5138.25,488089.15,348628.41
104165,5003560,Closed,-1341,0,10507.82,195375.3,29642.47
109240,5003561,Active,-311,10,15964.67,123500.12,61610.29
100674,5003562,Active,-2787,0,7313.64,384656.48,122318.07
200304,5003563,Closed,-1828,0,16155.59,121060.77,5129.9
109571,5003564,Closed,-1158,0,1062.53,32555.36,38195.27
106876,5003565,Closed,-782,0,1127.33,571039.24,3803.34
200656,5003566,Closed,-1546,0,3691.08,96603.51,32328.2
104040,5003567,Closed,-165,0,1113.99,6691.91,132602.47
108309,5003568,Active,-995,0,5551.91,82004.15,37924.99
101731,5003569,Active,-1880,0,1366.86,129178.1,3807.93
105972,5003570,Closed,-2306,0,17831.87,5161.88,193712.56
101233,5003571,Closed,-2390,0,8614.18,132596.64,163123.15
107901,5003572,Active,-1045,0,1538.81,31516.54,4450.39
103508,5003573,Closed,-2761,0,6618.19,85952.51,10737.73
100686,5003574,Closed,-2276,0,3358.93,61727.56,89313.25
106701,5003575,Closed,-1111,0,9925.12,265235.25,109553.46
103261,5003576,Closed,-1431,0,1301.13,132456.89,19661.85
109791,5003577,Active,-1851,0,1580.34,346786.5,78064.17
200557,5003578,Closed,-2708,0,5197.47,184506.17,157602.29
109819,5003579,Closed,-2594,10,1593.51,291487.15,38697.56
106965,5003580,Closed,-155,0,9539.51,68941.51,121516.43
201041,5003581,Active,-2340,0,237.02,567471.29,138635.27
105594,5003582,Active,-1701,0,4875.5,496980.85,115895.99
105577,5003583,Active,-2950,0,3904.08,23321.5,39773.32
109866,5003584,Closed,-2970,0,9093.17,271508.03,71884.93
200203,5003585,Closed,-1804,0,7191.58,383832.2,151659.22
103965,5003586,Closed,-2124,0,4369.05,403397.18,102826.3
201224,5003587,Closed,-969,0,3402.89,22786.87,32618.65
107084,5003588,Closed,-386,0,262.42,147570.37,297175.81
108341,5003589,Closed,-933,0,7299.59,406763.02,17049.41
109605,5003590,Active,-1486,0,6939.61,398790.92,40574.41
101697,5003591,Closed,-474,0,648.56,513804.75,227549.93
109676,5003592,Active,-2021,0,5302.91,60883.48,10082.09
109566,5003593,Closed,-2386,0,251.18,365760.26,118499.94
104797,5003594,Closed,-64,0,2745.79,275375.99,165730.96
100914,5003595,Closed,-1908,0,2713.57,120257.29,73799.62
104994,5003596,Closed,-68,0,7142.65,277570.61,7149.31
102468,5003597,Closed,-652,0,720.81,146580.47,21717.96
102947,5003598,Closed,-227,0,2228.71,646816.18,48335.63
101375,5003599,Closed,-563,0,3276.71,227490.08,21411.9
106131,5003600,Closed,-790,0,3242.54,277133.62,4230.7
103355,5003601,Closed,-1117,0,6250.93,354456.04,35161.42
201617,5003602,Closed,-2000,0,26765.62,29630.89,198635.33
200356,5003603,Closed,-590,0,3726.28,72946.62,36033.01
106438,5003604,Closed,-1174,0,4469.92,444512.32,155043.82
101540,5003605,Active,-893,0,1286.52,302071.29,159014.48
100214,5003606,Closed,-2913,0,5273.4,82142.66,229057.01
103633,5003607,Active,-2865,0,4252.81,24429.56,132991.83
200850,5003608,Closed,-529,0,4281.72,213882.44,41931.8
105099,5003609,Closed,-205,0,12069.77,324155.85,42608.1
107222,5003610,Closed,-262,0,1038.92,117574.11,65097.49
108142,5003611,Closed,-2753,0,4152.13,22630.73,47471.62
108017,5003612,Closed,-2605,0,3192.13,843632.18,360208.25
103315,5003613,Closed,-1781,0,5524.61,6998.12,11912.99
103886,5003614,Active,-32,0,448.09,239794.12,108557.48
105922,5003615,Closed,-843,0,11948.83,172789.59,191216.33
100782,5003616,Closed,-1171,0,8122.78,181995.73,6452.14
101430,5003617,Closed,-214,0,11997.91,14299.44,49308.82
108979,5003618,Active,-2362,0,2078.62,218784.67,56587.66
100455,5003619,Active,-2991,0,5222.22,54136.22,54972.06
106635,5003620,Closed,-493,0,1474.96,133920.51,97385.15
100450,5003621,Active,-1337,30,1813.65,360520.19,14299.36
103707,5003622,Active,-384,0,2170.54,454883.36,83897.56
108903,5003623,Closed,-2035,0,2511.91,248104.23,6946.55
108609,5003624,Closed,-2170,0,2044.76,15709.94,14597.21
200532,5003625,Active,-579,0,7881.61,12493.34,17165.79
106611,5003626,Active,-422,0,1368.36,11119.15,205763.79
103785,5003627,Closed,-2498,0,986.54,15999.92,36647.51
104269,5003628,Closed,-2610,0,8830.67,75767.38,51236.27
101848,5003629,Closed,-805,0,14703.26,20402.74,126440.24
103996,5003630,Active,-2205,0,840.06,518379.84,15207.34
100915,5003631,Closed,-1633,0,4856.55,151267.7,40583.71
108995,5003632,Closed,-1961,0,1111.96,11774.65,176356.99
108703,5003633,Closed,-274,0,1231.93,166998.12,132497.3
109290,5003634,Closed,-2765,10,676.38,132816.39,152755.99
100582,5003635,Closed,-1601,0,891.57,127344.85,8537.28
105881,5003636,Closed,-2585,0,3231.62,147868.43,102148.27
109668,5003637,Closed,-2757,0,2118.9,82051.13,137793.07
109279,5003638,Closed,-736,0,4519.32,8744.43,138487.95
108143,5003639,Active,-2581,0,3498.8,53213.41,8300.34
200280,5003640,Closed,-2700,0,2419.42,144339.83,21433.82
108053,5003641,Closed,-882,0,9183.31,217443.59,280640.32
108527,5003642,Closed,-1013,0,5171.89,333990.13,14837.91
108298,5003643,Closed,-265,0,1035.86,182524.35,288959.17
100836,5003644,Closed,-2882,0,4150.43,11398.96,52419.73
108310,5003645,Active,-2204,0,9255.55,99162.58,69885.56
100452,5003646,Closed,-25,0,2273.08,44432.15,155701.0
105733,5003647,Closed,-2651,0,2506.12,710539.01,114448.12
105634,5003648,Active,-369,0,1453.98,182822.0,222664.51
101794,5003649,Closed,-2411,0,13598.88,152329.1,78011.89
201718,5003650,Active,-1060,0,4643.49,199964.03,24961.05
104260,5003651,Closed,-2127,0,1359.32,114004.12,79375.7
102711,5003652,Closed,-845,0,4884.74,130760.16,2506.9
106472,5003653,Active,-2478,0,5680.89,431962.11,69259.46
107200,5003654,Active,-161,0,855.59,70421.0,16853.38
106411,5003655,Closed,-405,10,20249.01,243911.6,71518.95
200407,5003656,Closed,-2151,0,5213.24,1014.33,73758.85
102314,5003657,Closed,-2902,0,531.61,22525.15,40927.35
102878,5003658,Closed,-308,0,354.25,398510.75,61820.53
106766,5003659,Closed,-872,0,3048.18,273117.35,12649.97
108574,5003660,Closed,-1356,0,3911.65,353688.22,106518.15
108472,5003661,Closed,-2735,0,665.38,62278.18,10772.78
103155,5003662,Closed,-1717,0,182.6,438301.21,11382.41
102485,5003663,Active,-1880,0,9732.87,880202.91,190762.36
106711,5003664,Active,-240,0,587.85,22479.42,19597.09
101121,5003665,Active,-2080,0,922.18,55201.87,201352.04
201590,5003666,Active,-181,0,6385.04,10011.18,24022.01
201368,5003667,Active,-2677,0,2521.29,108586.36,89718.55
109709,5003668,Closed,-1565,0,2756.71,93328.8,83177.64
106460,5003669,Active,-2780,0,4824.5,104470.2,4557.37
106822,5003670,Closed,-2009,30,3481.8,205064.99,50221.89
102150,5003671,Closed,-281,0,2990.16,151743.6,232247.01
106713,5003672,Closed,-451,0,1104.9,39337.23,26904.06
103287,5003673,Closed,-1007,0,1003.58,115089.83,110020.66
201880,5003674,Closed,-2227,0,1143.15,263830.47,13659.69
107217,5003675,Closed,-1323,0,1007.32,116510.98,185269.6
105973,5003676,Active,-2781,0,1567.54,67253.12,71098.91
200388,5003677,Closed,-1049,0,3368.75,51709.89,98749.76
201564,5003678,Closed,-1356,0,2199.26,53109.55,86511.12
103469,5003679,Active,-2100,0,3973.56,110227.5,89967.02
103000,5003680,Closed,-1337,0,3769.68,22303.26,155342.07
102579,5003681,Closed,-324,30,847.43,69444.88,54588.22
103306,5003682,Closed,-1461,0,3773.39,19896.34,124899.64
105468,5003683,Active,-2443,0,5387.72,157302.22,70223.41
101671,5003684,Closed,-2229,10,682.6,583792.44,101926.71
109610,5003685,Active,-215,0,9400.88,106018.94,78337.28
102987,5003686,Active,-539,0,2897.34,142853.74,202554.7
105361,5003687,Closed,-2120,30,7740.13,213122.05,95722.46
104525,5003688,Active,-2264,0,3164.68,18762.97,206178.07
100459,5003689,Closed,-1752,0,8163.47,156218.83,7635.03
107780,5003690,Closed,-219,0,21342.83,143101.55,53393.7
201618,5003691,Active,-1320,0,3300.41,277390.22,44517.05
100258,5003692,Active,-66,0,1235.14,270568.34,190229.39
109245,5003693,Closed,-2468,0,2674.42,476121.14,33732.83
108994,5003694,Active,-54,0,17566.57,21147.44,25898.85
109277,5003695,Closed,-1109,0,3513.63,10391.1,142849.11
109095,5003696,Closed,-861,0,2388.44,133753.23,49453.08
103281,5003697,Closed,-2470,0,5691.1,61003.91,178648.25
108301,5003698,Active,-2910,0,3381.33,812481.28,12784.65
200569,5003699,Closed,-1907,0,5297.58,84396.81,8272.45
201595,5003700,Closed,-2027,0,8545.58,262662.13,21680.18
100205,5003701,Closed,-751,0,8148.86,96958.31,82592.36
109839,5003702,Closed,-2519,0,1470.14,49982.47,50065.96
105871,5003703,Closed,-1872,0,883.72,28790.22,23383.35
100340,5003704,Active,-1523,0,3826.29,105892.84,54623.11
108280,5003705,Closed,-1468,0,11005.99,111671.96,290.17
102249,5003706,Closed,-747,30,2253.42,17325.92,130517.83
104993,5003707,Closed,-2143,0,4108.38,95586.19,75266.28
107217,5003708,Closed,-2565,0,4526.17,19127.65,88602.45
101974,5003709,Active,-33,0,1047.47,18514.56,21589.74
108573,5003710,Closed,-2032,0,695.19,91901.75,4901.02
200817,5003711,Active,-2048,0,16797.37,158921.09,2351.89
103193,5003712,Active,-910,0,5079.98,149174.0,49757.14
105719,5003713,Active,-2340,0,38082.55,157555.02,26530.54
109119,5003714,Closed,-605,0,6736.7,630576.58,108129.99
104650,5003715,Active,-2723,0,6573.21,598.42,17005.89
101571,5003716,Active,-1807,0,2831.0,100677.35,64605.54
100671,5003717,Closed,-2866,0,254.09,118771.02,37379.37
109082,5003718,Closed,-550,0,208.51,45769.51,103746.71
200348,5003719,Active,-1101,0,14119.44,903.86,338116.08
103144,5003720,Active,-2694,0,1183.2,60616.28,44258.67
101825,5003721,Active,-345,0,7022.13,112498.4,97613.31
104947,5003722,Closed,-1618,0,22273.41,776490.65,62479.59
100851,5003723,Closed,-834,0,18905.32,703080.36,24336.15
103821,5003724,Closed,-869,0,5702.25,297339.07,76457.97
101863,5003725,Closed,-2722,0,4380.58,33112.91,35982.54
102494,5003726,Closed,-313,0,17762.72,148879.99,14061.0
200302,5003727,Active,-2942,0,1832.46,130020.06,6806.82
107007,5003728,Active,-2556,0,4295.36,440023.56,2321.52
103897,5003729,Closed,-2455,30,7475.1,486591.9,75014.09
201396,5003730,Active,-2443,10,4840.93,251932.96,17096.01
200890,5003731,Closed,-2752,0,2037.85,206372.95,66675.49
101746,5003732,Closed,-2184,0,796.03,7063.59,61948.85
109371,5003733,Closed,-94,0,9302.0,205777.84,74914.77
201065,5003734,Closed,-444,0,5653.5,626556.52,81161.53
101095,5003735,Active,-2538,0,5614.97,128602.0,91652.02
109618,5003736,Closed,-2831,0,17339.89,563048.98,49749.96
106519,5003737,Active,-902,0,6751.5,865147.95,85407.0
108723,5003738,Closed,-1503,0,377.75,187859.36,210844.93
102499,5003739,Closed,-1152,0,1573.9,175402.31,335853.39
105920,5003740,Closed,-39,0,4132.39,51324.82,35282.31
109461,5003741,Closed,-739,0,3778.34,92829.02,108750.38
201208,5003742,Closed,-2376,0,1120.61,362038.08,36173.15
108976,5003743,Closed,-2835,0,2031.3,77048.32,73377.6
103975,5003744,Closed,-2101,0,15396.34,348229.23,81477.3
100099,5003745,Active,-1066,0,6270.42,86571.96,37939.46
109125,5003746,Active,-2516,0,2572.85,1254542.45,32502.92
100811,5003747,Closed,-2605,0,2536.32,577467.45,23605.49
107667,5003748,Closed,-1172,0,6013.44,278482.77,563.02
201850,5003749,Active,-2544,0,3288.96,41517.3,58302.41
100011,5003750,Closed,-1722,0,1221.43,487399.68,18186.72
107438,5003751,Closed,-862,0,796.68,257979.98,143811.33
104788,5003752,Closed,-2820,0,3869.09,287441.48,95479.78
201003,5003753,Active,-778,0,6662.75,35730.65,15480.5
101304,5003754,Closed,-731,0,16871.54,29376.92,149328.29
100099,5003755,Closed,-1653,0,735.81,91565.87,45757.63
101321,5003756,Active,-975,0,6205.7,151217.4,2067.09
103405,5003757,Active,-201,0,655.7,8647.01,348209.36
107298,5003758,Closed,-2547,0,4593.65,206171.6,8343.7
105779,5003759,Active,-740,0,1470.41,7142.41,174103.99
200769,5003760,Closed,-251,0,4323.56,101535.61,177907.78
106524,5003761,Closed,-1680,0,50.66,150084.61,65488.45
201102,5003762,Closed,-906,0,5381.26,25121.17,9766.17
106742,5003763,Active,-1857,0,4900.61,224295.68,234070.68
107772,5003764,Closed,-2414,0,1835.86,23197.36,100349.2
104628,5003765,Active,-1928,0,12354.91,212155.74,10131.02
109727,5003766,Closed,-886,0,6921.77,49721.77,10231.52
106742,5003767,Active,-839,0,9038.04,331963.05,12229.5
100444,5003768,Closed,-623,10,3198.72,351763.63,6926.07
108233,5003769,Closed,-1228,0,485.18,17157.62,83474.93
108495,5003770,Closed,-965,0,31378.22,159972.75,209999.31
106473,5003771,Closed,-991,0,1922.85,65319.04,23888.97
104945,5003772,Closed,-2019,0,6906.73,113393.59,101108.57
104179,5003773,Closed,-2075,0,2162.79,85046.3,221537.15
101808,5003774,Active,-2685,0,1722.09,361560.41,88477.05
108605,5003775,Closed,-871,0,11538.0,241282.6,70515.41
103702,5003776,Active,-1498,0,5099.26,64488.7,82082.67
200194,5003777,Closed,-1296,10,3888.99,11624.41,55836.79
105977,5003778,Closed,-495,0,8951.3,143995.93,41305.34
103674,5003779,Closed,-2028,0,4870.87,72813.01,34439.24
104842,5003780,Closed,-920,0,2519.14,56116.36,137859.28
200077,5003781,Active,-735,0,3134.2,237111.03,8266.29
102109,5003782,Active,-1580,10,4209.79,84774.17,197963.61
100003,5003783,Closed,-2213,0,3255.62,926203.26,50766.52
106655,5003784,Closed,-2162,0,928.64,364227.29,37678.95
101818,5003785,Active,-1513,0,4282.75,338680.05,67986.37
200012,5003786,Closed,-2929,0,2362.8,40929.01,11991.39
109712,5003787,Closed,-1830,0,4492.78,16774.23,29984.35
104960,5003788,Closed,-774,0,3032.33,311266.84,120161.59
105277,5003789,Closed,-1952,0,13158.17,201799.9,3858.27
107915,5003790,Closed,-2737,0,1295.65,190541.96,4424.36
106930,5003791,Closed,-2365,0,2828.89,175160.3,4135.92
104482,5003792,Active,-1202,0,1037.06,80128.04,209969.08
103578,5003793,Active,-2930,0,712.81,20441.47,297731.35
104615,5003794,Active,-1122,0,2360.9,32164.08,85828.24
100982,5003795,Active,-2547,0,4683.84,108114.62,26022.73
101745,5003796,Closed,-702,0,5794.35,335384.84,48520.23
201040,5003797,Active,-1838,0,1709.78,87796.31,25835.7
201185,5003798,Closed,-1432,0,5476.5,49290.22,148767.78
102316,5003799,Active,-461,0,518.73,375657.61,100404.24
108155,5003800,Closed,-2737,0,1808.61,243492.12,47378.35
101332,5003801,Closed,-284,0,1114.08,350177.73,126052.25
107486,5003802,Closed,-446,0,5745.65,307306.21,5966.72
109825,5003803,Closed,-1958,0,24315.46,215640.77,33185.29
105004,5003804,Closed,-1049,0,2300.42,217787.53,89939.75
104425,5003805,Active,-1284,0,4993.04,146234.16,115933.19
105190,5003806,Closed,-2362,0,1498.62,1035.96,12010.14
102223,5003807,Closed,-2067,0,4279.36,224429.88,40895.41
108290,5003808,Active,-539,0,10740.53,86158.86,55941.03
100741,5003809,Closed,-1637,0,116.22,179209.42,38814.13
109993,5003810,Active,-1037,0,540.3,134805.61,7746.56
106309,5003811,Closed,-272,0,1358.92,19634.97,18534.95
108460,5003812,Closed,-2601,0,424.96,86774.29,78212.71
200974,5003813,Closed,-2850,0,370.34,72044.67,96763.48
108282,5003814,Closed,-1825,0,7781.94,39913.55,63282.37
201664,5003815,Active,-1268,0,2654.41,250211.01,1009.05
201791,5003816,Active,-1100,30,4737.86,338669.32,2242.59
105218,5003817,Active,-2546,0,991.77,114395.36,41253.4
103521,5003818,Closed,-234,0,47.34,106439.51,61802.73
100668,5003819,Closed,-1051,0,2209.56,218244.16,131953.73
108854,5003820,Closed,-2436,0,6690.69,484770.21,5697.35
105232,5003821,Closed,-2801,0,69.6,343214.16,114708.92
100187,5003822,Closed,-1179,0,1922.13,254534.0,52421.15
101838,5003823,Active,-2069,0,636.11,372909.84,82759.79
106593,5003824,Active,-779,0,740.91,363920.98,120315.19
200669,5003825,Closed,-660,0,9792.21,12811.44,158535.05
105791,5003826,Closed,-2404,0,7420.57,18500.31,15479.37
103738,5003827,Closed,-2473,0,4182.42,25462.67,43236.72
106023,5003828,Closed,-2179,0,13100.11,68667.9,225018.9
106255,5003829,Closed,-1982,0,131.42,47104.94,22428.85
105545,5003830,Closed,-2259,0,3355.34,181669.87,68163.96
109425,5003831,Active,-1177,0,27.58,133060.58,9909.29
201417,5003832,Closed,-1294,0,9944.65,163196.29,34717.51
101387,5003833,Closed,-1250,0,1904.96,325640.04,7541.09
102000,5003834,Closed,-1848,0,474.19,95736.67,13357.58
100984,5003835,Closed,-2570,0,4431.76,63013.57,463.13
107843,5003836,Active,-852,0,4073.13,280854.25,53315.76
104306,5003837,Closed,-2053,0,1340.35,254747.42,277154.38
102770,5003838,Active,-845,0,1139.3,152726.62,95556.98
100364,5003839,Active,-67,0,2215.12,43629.39,171327.94
106828,5003840,Active,-329,0,1504.04,26090.37,37633.31
105135,5003841,Closed,-915,0,2742.89,378906.3,1835.74
200928,5003842,Closed,-2820,0,1053.73,163626.25,3644.09
201407,5003843,Closed,-2609,0,5542.7,359584.62,3450.5
108299,5003844,Closed,-1757,0,892.28,56727.51,263976.06
201835,5003845,Closed,-114,0,6942.52,189129.97,71979.29
103034,5003846,Active,-225,0,7823.96,17063.51,18467.99
107588,5003847,Closed,-2496,0,1621.14,33086.59,92254.74
107596,5003848,Closed,-39,0,6614.01,143658.31,133822.89
109641,5003849,Active,-2928,0,8635.41,808486.6,115351.49
200632,5003850,Closed,-863,0,1708.14,163862.02,73073.6
104370,5003851,Active,-1282,0,2134.79,91904.16,48664.1
101207,5003852,Closed,-2156,0,708.83,222174.54,79247.37
100368,5003853,Closed,-2205,0,5205.81,5694.58,47449.61
104572,5003854,Active,-931,0,5049.7,9083.27,158270.97
201124,5003855,Closed,-2507,0,5277.29,575565.96,142307.19
201361,5003856,Active,-2180,30,23910.76,39801.42,121793.86
103881,5003857,Closed,-2575,0,3035.21,268331.34,6128.8
101357,5003858,Active,-1103,0,5078.46,32957.0,65872.79
106833,5003859,Closed,-2769,0,7318.51,16432.38,269825.0
103868,5003860,Closed,-1694,0,661.62,209262.61,57493.72
201921,5003861,Closed,-891,0,2050.33,245447.27,199905.29
105099,5003862,Closed,-683,0,3621.36,387980.59,95770.13
201944,5003863,Closed,-2295,0,7870.04,204800.15,72503.05
201701,5003864,Closed,-1071,0,1065.65,11249.67,124569.81
108223,5003865,Closed,-1575,0,4380.99,470715.11,1611.4
103656,5003866,Closed,-1521,10,554.78,280737.66,8032.86
104839,5003867,Closed,-117,0,2579.66,27202.31,160871.91
104475,5003868,Active,-2981,0,544.57,466489.44,14271.7
100587,5003869,Active,-983,0,4587.21,150996.51,365381.84
109501,5003870,Closed,-1517,30,3781.58,46114.61,236292.45
200244,5003871,Closed,-1255,0,146.72,67429.92,29540.47
107591,5003872,Closed,-1613,0,4260.61,286794.25,35511.23
105059,5003873,Active,-1010,0,11128.38,100003.11,25502.42
104033,5003874,Closed,-2078,0,4432.2,3552.82,152315.26
201192,5003875,Closed,-1902,0,6434.09,119385.17,49350.06
106880,5003876,Closed,-2750,10,1094.21,21145.27,86916.11
101899,5003877,Closed,-741,0,3500.69,78545.95,183496.04
201165,5003878,Closed,-1045,0,1282.08,9906.0,54565.38
103179,5003879,Closed,-327,0,1357.01,396.91,3135.64
102814,5003880,Closed,-240,0,3287.01,80647.84,21131.5
109453,5003881,Active,-2331,0,5387.15,657289.78,8108.65
109158,5003882,Closed,-922,0,1616.61,30574.26,36175.38
107156,5003883,Closed,-580,0,1197.64,38334.29,147720.61
103562,5003884,Closed,-465,0,2550.65,65.27,46681.67
103319,5003885,Closed,-2673,0,4083.47,42300.59,15843.89
103216,5003886,Closed,-123,0,9461.55,108600.67,82251.86
103689,5003887,Active,-853,0,5109.25,642664.01,76945.76
109289,5003888,Closed,-2966,0,7792.89,216251.03,40817.39
104741,5003889,Active,-1578,0,872.76,234274.75,39271.9
104434,5003890,Closed,-221,0,6067.28,6617.34,130668.75
201520,5003891,Closed,-2340,0,6718.4,199328.98,38186.18
201917,5003892,Closed,-478,0,5186.39,143431.6,30171.6
109957,5003893,Closed,-2301,0,1329.2,21318.33,59158.05
102663,5003894,Closed,-861,0,497.53,306799.42,119111.36
104782,5003895,Closed,-1851,0,9.78,56517.86,23084.64
107716,5003896,Closed,-1503,0,12021.85,155340.05,6928.77
201397,5003897,Closed,-1541,0,16982.2,265795.94,12745.77
201174,5003898,Closed,-432,0,10416.97,32544.22,4077.08
108205,5003899,Closed,-2523,0,42.81,55271.54,58144.24
101223,5003900,Closed,-2134,0,5873.09,434432.79,176138.87
103287,5003901,Closed,-2351,0,2330.83,375933.75,55251.4
103878,5003902,Closed,-593,0,16757.2,187131.03,50322.91
109869,5003903,Active,-431,0,4804.52,25673.77,99868.41
103972,5003904,Active,-2109,0,3807.52,17226.78,173297.15
108774,5003905,Closed,-838,0,1819.41,6346.35,2146.48
200987,5003906,Closed,-624,0,17382.6,299952.23,461.4
201292,5003907,Closed,-2765,0,9788.77,32717.2,3465.43
101434,5003908,Active,-1828,0,7884.02,292397.1,62739.46
100309,5003909,Closed,-437,0,7362.75,1879.16,86389.28
106982,5003910,Closed,-178,0,2053.83,639618.5,122995.69
105494,5003911,Active,-1902,0,14157.53,139484.8,13795.51
107890,5003912,Active,-2143,0,3111.51,9950.95,14044.12
200889,5003913,Closed,-283,10,807.97,22693.9,30732.31
106261,5003914,Closed,-666,0,1038.73,206972.1,23935.69
201056,5003915,Closed,-1945,0,2961.34,112688.26,45072.07
101676,5003916,Closed,-1080,0,9692.24,120543.8,156970.14
200821,5003917,Closed,-2043,0,4092.53,24919.03,59188.54
102914,5003918,Closed,-2629,0,52.23,256057.84,80270.53
108102,5003919,Active,-545,0,415.88,316217.75,9631.3
101178,5003920,Active,-79,0,3413.4,18772.49,34421.19
108619,5003921,Closed,-1889,0,773.59,134872.2,755.15
104456,5003922,Closed,-1528,0,1434.39,208390.58,185373.69
103085,5003923,Closed,-2286,0,3046.53,498491.33,100168.16
107684,5003924,Active,-1164,0,362.34,106585.44,88675.91
106029,5003925,Closed,-2773,0,6164.52,232752.44,98912.48
201344,5003926,Closed,-2306,0,2402.28,297291.07,29454.85
106312,5003927,Closed,-629,0,16959.84,1312.37,2933.4
200571,5003928,Closed,-52,0,5254.01,308160.28,47916.52
107540,5003929,Active,-2718,0,1660.13,195797.79,141928.76
103899,5003930,Closed,-2002,0,5980.98,43691.97,121018.73
108069,5003931,Closed,-2949,0,14464.83,156291.82,18020.4
102217,5003932,Closed,-913,0,34.39,39282.72,64145.27
109341,5003933,Closed,-1623,0,2992.96,11901.82,43513.6
108267,5003934,Closed,-1639,0,4862.86,24264.68,138526.12
106172,5003935,Closed,-2739,0,12521.09,51935.45,135.54
201144,5003936,Closed,-1041,0,68.89,202305.83,2890.19
201775,5003937,Active,-274,0,963.65,42111.55,173947.94
101362,5003938,Closed,-2393,0,4670.07,633085.08,120151.99
106961,5003939,Active,-1547,0,647.97,112639.32,12816.03
107052,5003940,Closed,-49,0,7331.78,95514.3,84329.84
105203,5003941,Closed,-1305,0,3836.44,394997.1,7008.52
102643,5003942,Active,-342,0,12197.86,282441.61,46978.98
108739,5003943,Closed,-269,0,3090.34,387020.76,43130.67
201825,5003944,Active,-870,0,6718.54,102276.78,270396.27
109019,5003945,Closed,-2564,0,1294.19,7865.48,54528.82
201808,5003946,Closed,-2206,0,3073.57,198599.1,27248.34
104877,5003947,Active,-2993,0,3544.44,3962.61,51431.15
103227,5003948,Active,-2611,0,555.64,161672.1,145549.68
102338,5003949,Closed,-715,0,10285.23,53172.01,93840.02
109909,5003950,Closed,-881,0,17433.19,174734.99,41073.15
105138,5003951,Active,-553,0,1769.64,43395.49,5493.35
102890,5003952,Closed,-2529,0,5361.13,223090.94,91308.56
109163,5003953,Closed,-1696,30,2369.58,290685.7,14927.02
101091,5003954,Closed,-2072,0,6045.23,159688.25,36958.52
102418,5003955,Closed,-2672,0,8851.82,122143.69,44838.72
104667,5003956,Closed,-1715,0,4043.67,304204.01,135501.91
103867,5003957,Active,-2129,0,449.47,127083.63,136578.02
107981,5003958,Closed,-598,0,2276.83,384484.2,73334.03
109087,5003959,Closed,-1366,0,1173.76,34751.23,59925.3
101814,5003960,Closed,-405,0,6599.86,93140.6,60141.1
106468,5003961,Closed,-882,0,7721.96,538855.27,362554.46
200357,5003962,Active,-2366,0,3488.4,1528931.63,14281.2
103535,5003963,Closed,-1947,0,3317.05,66910.08,20273.22
103510,5003964,Closed,-471,0,14107.93,392170.23,78117.07
108540,5003965,Closed,-2843,0,4794.67,513102.55,34353.92
102785,5003966,Closed,-588,0,2655.3,291170.36,42515.69
104356,5003967,Closed,-1493,0,3111.74,153601.8,7152.84
108352,5003968,Active,-385,0,2866.69,358662.06,42890.76
201108,5003969,Closed,-2969,10,9618.7,313823.19,11679.66
201756,5003970,Active,-714,0,806.27,202051.04,18111.29
201260,5003971,Closed,-1336,0,4213.0,96278.95,110844.33
102477,5003972,Closed,-1501,0,571.9,93533.93,162243.57
102514,5003973,Closed,-1456,0,13358.45,233183.74,103730.9
109332,5003974,Closed,-1900,0,753.02,450728.92,3389.69
201124,5003975,Closed,-2592,0,422.47,56990.1,214368.97
103723,5003976,Closed,-115,0,805.22,68729.09,22468.25
103224,5003977,Active,-1581,0,5532.1,383223.27,102851.33
102745,5003978,Closed,-1667,0,9749.96,463570.2,18489.33
101737,5003979,Closed,-2237,0,9260.23,523553.08,4204.28
109026,5003980,Closed,-2957,0,4341.01,213052.4,6989.49
101691,5003981,Closed,-1265,0,4026.15,308289.27,42405.7
101750,5003982,Closed,-1940,0,18.25,198698.08,86513.72
107475,5003983,Closed,-1534,0,18474.4,238097.19,133324.52
107323,5003984,Closed,-2486,0,8772.43,231173.12,17293.92
107243,5003985,Active,-2981,0,3609.13,475390.42,66958.96
108336,5003986,Active,-2641,0,5318.08,135755.17,9399.7
108538,5003987,Closed,-2592,0,1177.43,282261.51,51158.33
200433,5003988,Closed,-690,0,253.56,4570.49,101475.11
103467,5003989,Closed,-2250,0,9561.19,7162.68,138932.92
108805,5003990,Active,-1668,0,2866.5,297526.7,24127.83
201606,5003991,Active,-139,0,3112.38,160670.3,176109.87
103228,5003992,Active,-524,0,18546.57,1244365.74,4570.61
101925,5003993,Closed,-2348,0,437.38,156175.59,68458.98
200269,5003994,Active,-2302,0,5928.25,91969.92,20879.66
201597,5003995,Closed,-1800,0,9558.76,179903.19,146484.66
106014,5003996,Closed,-665,0,2480.4,541338.53,61075.81
103095,5003997,Closed,-1820,0,3167.56,58002.89,59855.63
201564,5003998,Active,-2719,0,28.69,110719.75,38808.65
101003,5003999,Active,-919,0,405.86,729828.47,57410.26
201782,5004000,Active,-301,0,2153.09,48919.39,68854.41
109723,5004001,Active,-432,0,5950.36,55478.48,27444.18
108154,5004002,Closed,-381,0,783.63,13732.73,118993.97
100688,5004003,Closed,-2262,0,3941.02,93199.34,10998.0
108418,5004004,Closed,-2691,0,9275.77,116506.95,57289.39
102441,5004005,Closed,-460,0,4860.03,183641.67,2593.35
100731,5004006,Closed,-2738,0,9501.21,147796.96,33824.99
108486,5004007,Closed,-419,0,457.22,133577.57,2787.46
201632,5004008,Closed,-881,0,1833.84,39865.39,123346.78
102518,5004009,Active,-1599,0,349.98,241967.55,47224.87
105060,5004010,Closed,-2142,0,10307.12,130424.11,19280.74
106632,5004011,Closed,-1943,30,443.43,657450.7,122553.5
108740,5004012,Closed,-2055,0,7044.39,47609.62,320510.76
201438,5004013,Closed,-858,0,7112.03,11962.53,68273.69
105505,5004014,Active,-1770,0,936.35,66070.42,61134.89
105548,5004015,Closed,-1606,0,3687.33,56371.41,11433.33
103503,5004016,Active,-57,0,1635.8,209817.79,8494.33
106275,5004017,Closed,-2101,0,3079.29,1177511.09,15301.47
102969,5004018,Closed,-2904,0,951.4,427154.5,70856.56
201780,5004019,Active,-2782,0,5471.37,269200.92,32059.5
106435,5004020,Closed,-1317,0,15464.77,289409.3,38885.5
107707,5004021,Active,-2277,0,17051.09,84448.95,86057.86
108057,5004022,Closed,-295,0,10791.04,347219.19,20411.52
107643,5004023,Active,-1323,0,15865.06,116870.61,22471.82
201517,5004024,Closed,-1618,0,14478.38,40577.36,108063.13
109820,5004025,Closed,-280,0,5439.14,33192.21,116044.35
109232,5004026,Closed,-905,0,254.41,97825.81,35032.25
109869,5004027,Active,-2468,0,108.86,8253.38,7399.49
101123,5004028,Closed,-2809,0,10140.96,213093.59,16204.84
106852,5004029,Closed,-1129,0,3433.79,238589.65,4676.38
101510,5004030,Closed,-2320,0,3436.04,147701.91,54481.45
103681,5004031,Closed,-1057,0,11664.09,31147.5,10004.99
201197,5004032,Closed,-1522,0,5258.19,160328.01,203843.18
105985,5004033,Closed,-1292,0,6674.69,59208.72,22278.66
108680,5004034,Active,-1544,0,18530.64,77293.25,8595.18
108784,5004035,Closed,-340,0,7264.53,171976.51,95113.33
104419,5004036,Closed,-2126,0,22675.22,19381.26,109970.03
108433,5004037,Closed,-1202,0,1530.71,22219.27,21610.7
109923,5004038,Active,-160,0,7402.9,318010.64,59856.11
103556,5004039,Closed,-595,0,1513.38,41080.73,216066.44
105775,5004040,Active,-70,0,1520.63,101252.56,47176.54
106323,5004041,Active,-1336,0,750.69,6419.68,112375.17
201151,5004042,Closed,-526,0,1617.28,216103.35,35024.36
105898,5004043,Active,-689,0,5411.3,120550.11,1943.58
107386,5004044,Closed,-151,0,500.89,142906.16,154738.51
109841,5004045,Closed,-1854,0,1128.85,330433.2,29613.72
104443,5004046,Closed,-475,0,3147.36,182132.49,17958.61
104801,5004047,Active,-1212,0,7419.08,100876.5,191157.91
105793,5004048,Active,-165,0,2980.92,57673.79,32587.74
105960,5004049,Closed,-56,0,2505.59,127482.55,305264.85
100888,5004050,Closed,-571,0,1725.89,762458.25,9578.62
100223,5004051,Closed,-2794,0,13385.78,158603.8,26720.54
104816,5004052,Closed,-1346,0,3599.4,329702.09,43453.29
201764,5004053,Closed,-1737,0,3406.56,86065.02,9575.92
102008,5004054,Closed,-2610,0,612.23,81053.63,5804.78
101238,5004055,Closed,-2734,0,2040.24,223232.21,180934.41
200325,5004056,Closed,-2447,0,380.36,23377.15,21727.44
108984,5004057,Active,-262,0,11702.1,124045.09,73765.21
200600,5004058,Closed,-1865,0,5815.36,221738.67,74745.49
107001,5004059,Closed,-2550,0,3714.7,245918.88,12729.84
109376,5004060,Active,-652,10,1979.02,13664.56,28674.91
101941,5004061,Active,-147,0,6144.53,133767.4,24569.35
201735,5004062,Closed,-2238,0,212.48,113899.93,16710.81
104741,5004063,Active,-1295,0,820.55,519226.96,80645.29
107740,5004064,Closed,-943,0,11368.91,39707.55,388927.71
107651,5004065,Closed,-1099,0,2304.25,167779.56,87876.85
104465,5004066,Closed,-967,0,900.11,95638.79,3790.6
109034,5004067,Closed,-2396,30,6918.01,147696.62,8277.96
200660,5004068,Closed,-575,0,835.03,843394.04,41501.62
107848,5004069,Closed,-1234,0,4060.59,666872.32,94017.21
100079,5004070,Closed,-2942,0,910.18,183077.99,34602.36
104981,5004071,Closed,-1679,0,7622.84,110108.31,59962.98
107596,5004072,Closed,-2412,0,4639.02,66937.23,31756.97
200220,5004073,Active,-1311,0,157.82,109494.3,36199.96
104136,5004074,Closed,-2472,0,985.79,294709.65,126205.57
109988,5004075,Closed,-395,0,2741.88,400621.25,117238.0
109749,5004076,Closed,-2817,0,1365.44,359028.19,45310.42
200227,5004077,Closed,-1718,0,30293.01,595041.69,16625.36
200748,5004078,Closed,-126,0,3461.38,13515.41,6616.31
104545,5004079,Active,-896,10,357.72,92830.53,218473.24
201483,5004080,Closed,-2573,0,664.68,61230.24,75379.09
201933,5004081,Closed,-2569,0,3474.37,251802.45,258956.46
102233,5004082,Closed,-2866,30,5856.89,300504.75,155745.26
200674,5004083,Active,-105,0,7518.81,180146.27,16957.12
103548,5004084,Closed,-151,0,1248.71,144905.8,124980.0
200195,5004085,Closed,-648,0,502.1,83937.94,38159.85
103433,5004086,Closed,-1945,0,200.22,138750.86,200357.28
101910,5004087,Active,-1494,0,8363.24,20508.86,9787.67
200663,5004088,Closed,-1636,0,18795.55,202983.96,37699.71
200439,5004089,Closed,-590,0,1130.93,80056.4,42186.92
108645,5004090,Active,-1408,0,1728.41,625166.97,48599.23
107643,5004091,Closed,-1015,0,890.58,15965.77,161175.11
104127,5004092,Closed,-2796,0,3864.53,174211.11,46975.28
107872,5004093,Closed,-169,0,1054.4,397483.15,93841.7
106572,5004094,Closed,-924,0,7425.89,424079.07,57204.15
101210,5004095,Active,-822,0,2370.16,523662.44,39084.72
101749,5004096,Closed,-187,0,2886.69,105218.31,77182.28
101197,5004097,Closed,-1461,0,3508.94,21187.9,53404.03
105379,5004098,Closed,-1563,0,3675.5,468663.35,63968.55
104278,5004099,Closed,-2902,0,1223.71,128069.22,71630.37
108489,5004100,Closed,-1982,0,4819.77,167702.5,50841.48
102664,5004101,Active,-206,0,821.27,192717.51,14416.53
105026,5004102,Closed,-1420,0,931.77,15134.51,112234.47
106249,5004103,Active,-1904,0,11566.26,460878.42,1486.15
102755,5004104,Closed,-60,0,656.01,146239.33,148669.84
104632,5004105,Closed,-1796,0,1082.16,118177.57,4001.53
103268,5004106,Closed,-2204,0,12547.18,195995.1,152952.97
106901,5004107,Closed,-2725,0,7757.64,78667.19,179306.43
100934,5004108,Closed,-85,0,300.31,83633.37,31118.33
105621,5004109,Closed,-1478,0,2787.6,164950.51,121018.83
200322,5004110,Closed,-2804,0,4130.8,675332.73,100887.04
104802,5004111,Active,-2315,0,1889.07,114551.86,23196.02
104341,5004112,Closed,-826,0,16363.95,291199.11,10292.3
102091,5004113,Closed,-517,0,9799.07,108616.69,23422.35
201412,5004114,Closed,-1431,0,186.12,519418.72,68704.41
109210,5004115,Closed,-1906,0,4735.71,226136.72,82317.34
200823,5004116,Closed,-869,0,815.13,83248.62,197322.41
107003,5004117,Active,-1285,0,10917.59,232332.19,104129.67
101756,5004118,Closed,-1526,0,1556.26,31036.44,10854.32
101853,5004119,Closed,-1860,0,1440.64,454689.82,14015.28
106449,5004120,Closed,-1782,0,8252.81,106777.19,168402.44
109028,5004121,Active,-1728,0,4001.08,364569.5,94926.81
108291,5004122,Closed,-1422,0,11282.66,244304.45,5878.75
103577,5004123,Active,-1013,0,6504.84,64257.18,2958.12
201929,5004124,Closed,-481,0,5675.8,28204.94,86966.21
105097,5004125,Active,-1565,0,1018.24,47234.84,114683.89
104346,5004126,Active,-1044,0,157.31,113618.79,155572.21
101394,5004127,Closed,-1776,0,8105.28,136400.02,79696.28
101610,5004128,Active,-1788,0,2501.87,27981.81,100008.96
109714,5004129,Closed,-2810,0,6306.12,54333.44,123153.11
102672,5004130,Closed,-1028,0,5940.88,181115.69,74899.18
107355,5004131,Active,-233,0,15601.52,57017.84,178022.1
103783,5004132,Closed,-1893,0,581.52,399182.4,58683.33
100291,5004133,Active,-1175,0,1985.19,24048.4,6959.64
100246,5004134,Closed,-462,0,1837.31,44153.69,73980.86
101022,5004135,Active,-2466,0,605.67,111096.19,119612.63
101554,5004136,Closed,-1387,0,304.95,443429.59,44475.28
101443,5004137,Closed,-549,0,3900.56,30117.39,4616.9
201766,5004138,Active,-1692,0,1317.49,103330.08,79309.56
107990,5004139,Active,-588,0,12697.01,35586.05,166278.45
108848,5004140,Closed,-2216,0,6748.13,674092.03,90425.17
108516,5004141,Active,-786,0,1502.27,169152.57,137269.7
101653,5004142,Closed,-658,0,13558.87,186420.43,18660.69
201333,5004143,Closed,-2822,0,7401.75,253604.21,89650.47
106684,5004144,Closed,-1720,0,1464.26,76642.32,10228.75
106809,5004145,Active,-1956,0,13638.03,147200.87,44654.45
103669,5004146,Closed,-979,0,2400.48,121632.61,167491.63
106804,5004147,Closed,-2089,0,1500.82,97409.47,137899.79
200376,5004148,Closed,-2706,0,2223.54,138079.48,153669.39
100009,5004149,Closed,-810,0,1000.58,1097377.39,3932.93
200637,5004150,Active,-1941,0,5416.24,66385.57,43586.66
108442,5004151,Closed,-1160,0,15425.97,433838.5,18072.57
107791,5004152,Closed,-2914,0,5712.95,292884.06,72180.28
102065,5004153,Closed,-1063,0,9339.16,17744.39,185439.56
106975,5004154,Closed,-686,0,3024.38,434253.36,105964.87
109020,5004155,Active,-2023,0,11783.29,470595.19,88657.51
201503,5004156,Closed,-2877,0,413.63,111158.81,4027.58
100341,5004157,Active,-2047,0,1978.22,106872.22,17884.42
200308,5004158,Closed,-1825,0,14097.32,481857.65,107367.27
100835,5004159,Closed,-1405,0,2422.42,271466.33,59275.92
100250,5004160,Closed,-1647,0,256.96,49174.71,32495.33
104600,5004161,Closed,-1656,0,21930.81,422692.44,165084.78
201907,5004162,Closed,-2258,0,9773.99,282874.84,52681.63
105435,5004163,Closed,-2485,0,678.74,103691.63,83716.26
103008,5004164,Active,-2036,0,1263.6,25500.62,110352.76
108071,5004165,Closed,-493,0,10610.85,126141.37,118491.94
100639,5004166,Closed,-2905,0,2865.13,422390.8,34790.64
105392,5004167,Active,-1185,0,2927.16,221793.13,7925.07
103930,5004168,Active,-691,0,8233.21,395989.95,36815.84
108434,5004169,Closed,-2622,0,449.7,196701.1,36356.61
109266,5004170,Closed,-1707,0,5206.47,226323.99,212154.97
200566,5004171,Closed,-1071,0,1796.69,275277.11,55020.4
200550,5004172,Closed,-346,0,6411.05,40298.59,6941.41
201306,5004173,Active,-263,0,660.4,1035.1,24830.87
100819,5004174,Closed,-212,0,135.76,31336.5,90310.48
101651,5004175,Closed,-2317,0,1029.74,372118.48,226096.96
104962,5004176,Closed,-1898,0,10047.1,226487.0,8772.19
104773,5004177,Closed,-1786,0,9607.17,12231.53,53187.85
102643,5004178,Closed,-2563,0,4136.21,152436.53,9648.33
100437,5004179,Active,-1914,0,488.03,111075.09,23223.7
105731,5004180,Closed,-2610,10,3692.46,46116.95,33355.56
106024,5004181,Closed,-2140,0,62.68,378327.32,59191.44
108873,5004182,Active,-1027,10,7322.37,125918.25,59673.35
105204,5004183,Closed,-2156,0,1116.28,114177.02,16243.16
101817,5004184,Closed,-2157,0,11148.92,75996.46,53599.03
102327,5004185,Closed,-1320,0,413.73,80373.33,6711.1
101818,5004186,Closed,-990,0,2987.13,109258.72,901.2
109005,5004187,Closed,-1000,0,15028.81,208273.32,5775.81
100801,5004188,Closed,-253,0,1758.15,302037.07,195285.5
200697,5004189,Active,-1682,10,2635.53,41286.61,194904.61
200460,5004190,Closed,-420,0,6813.57,111134.49,108753.46
201179,5004191,Closed,-511,0,3608.05,842897.03,51350.14
107766,5004192,Closed,-2730,0,1717.88,332417.04,118136.29
200919,5004193,Active,-1336,0,4511.16,100092.25,46248.65
107016,5004194,Closed,-219,0,176.62,139141.32,146043.83
102676,5004195,Closed,-1682,0,10167.44,1434266.65,16081.99
109730,5004196,Closed,-110,0,5456.28,129022.42,23516.6
107628,5004197,Active,-132,0,2555.09,67070.36,25883.84
102564,5004198,Closed,-1116,0,617.46,24748.84,89284.18
106669,5004199,Active,-799,0,5359.21,183741.07,10004.36
103041,5004200,Active,-2697,0,13357.59,149661.68,19569.45
101130,5004201,Active,-83,0,6478.21,258702.46,156861.81
109455,5004202,Closed,-2980,0,12568.75,46917.67,6666.94
201308,5004203,Closed,-188,0,2817.65,158484.3,76142.61
200775,5004204,Closed,-806,0,7618.37,90483.64,44702.34
102035,5004205,Active,-681,0,7205.89,279559.05,16095.67
102714,5004206,Closed,-88,0,2984.43,50443.07,79267.03
201575,5004207,Closed,-15,0,526.73,196354.03,35609.0
104476,5004208,Closed,-1545,0,1093.48,180355.28,117271.12
101694,5004209,Closed,-1211,0,2130.58,59854.13,16178.67
104174,5004210,Closed,-2579,0,13300.54,84332.29,150131.16
104253,5004211,Closed,-703,0,105.32,15502.05,69281.25
107068,5004212,Active,-2091,0,4250.55,277673.0,77767.56
101241,5004213,Closed,-2184,0,1784.17,137932.15,46002.29
107526,5004214,Active,-153,0,1580.26,398417.38,49845.75
107193,5004215,Active,-1064,0,3424.96,1038344.37,41686.32
102714,5004216,Closed,-1101,0,2669.53,418106.94,55412.92
200799,5004217,Active,-313,0,2937.63,41865.59,9921.6
100625,5004218,Closed,-2737,0,1266.52,219458.78,7454.07
201768,5004219,Closed,-492,0,7871.05,612278.88,58806.16
107290,5004220,Active,-663,0,5576.05,79178.78,138300.61
103834,5004221,Closed,-1416,0,0.95,81556.63,28598.54
103601,5004222,Active,-1396,0,769.61,65103.64,28773.45
104631,5004223,Closed,-2905,0,1889.14,345507.47,117587.81
102729,5004224,Closed,-127,0,63.99,139971.73,4094.62
107382,5004225,Closed,-464,0,1201.23,45509.32,104467.91
200049,5004226,Closed,-1909,0,2499.98,288701.3,45200.61
100212,5004227,Closed,-1189,0,14875.98,51302.76,5004.11
101718,5004228,Closed,-516,0,11733.76,224095.91,42013.75
102552,5004229,Closed,-1979,0,2962.89,188598.18,4011.24
108947,5004230,Closed,-2118,0,5639.19,155883.64,82541.32
103956,5004231,Closed,-2444,0,446.31,198186.81,66372.95
107037,5004232,Active,-2985,0,12209.29,68412.58,27710.13
101539,5004233,Closed,-1629,0,9218.95,31022.33,101527.44
109931,5004234,Active,-143,0,6045.74,45218.38,36838.46
106247,5004235,Active,-1487,0,825.41,9184.99,17856.66
103028,5004236,Closed,-830,0,3932.27,291498.18,10066.42
106482,5004237,Active,-2194,0,3335.62,138561.3,44831.79
105097,5004238,Active,-1811,0,9913.05,199675.16,18227.26
106423,5004239,Active,-1608,0,20298.74,420340.75,135468.63
102646,5004240,Closed,-1186,0,10714.1,53125.67,55878.65
105767,5004241,Active,-951,0,7258.58,448979.64,4107.08
109499,5004242,Closed,-1216,0,24408.53,39943.64,59390.91
104791,5004243,Closed,-2743,0,3335.35,79864.67,120581.21
108801,5004244,Active,-41,0,4447.65,115752.28,44456.57
108816,5004245,Closed,-1646,0,47.2,92650.66,97021.97
104125,5004246,Closed,-2273,0,14592.81,153862.03,39.36
107161,5004247,Closed,-1377,0,15317.25,34192.29,62147.72
106409,5004248,Closed,-463,0,24178.43,38108.82,92611.09
100853,5004249,Closed,-1170,0,1489.83,155691.75,46465.74
100087,5004250,Closed,-1360,0,2125.62,176900.58,77203.08
100436,5004251,Active,-1563,0,3790.59,421249.2,26743.46
109065,5004252,Active,-2615,0,6313.32,6840.13,172489.92
201455,5004253,Closed,-2629,0,3922.7,12300.88,133857.56
100760,5004254,Closed,-1678,0,6283.52,62590.54,100574.14
100418,5004255,Active,-330,0,6818.13,2588.45,78834.43
101036,5004256,Closed,-605,0,1742.53,112013.95,29645.34
105340,5004257,Active,-1219,0,1082.9,515555.03,20129.29
102411,5004258,Closed,-2719,0,4343.93,247878.17,34170.98
108093,5004259,Closed,-2518,0,11753.61,244400.68,72085.6
104328,5004260,Closed,-1784,0,3289.46,158385.72,43415.04
100558,5004261,Closed,-2594,0,64.7,733509.64,106640.03
106360,5004262,Active,-2215,0,2364.78,80980.92,79751.99
101352,5004263,Closed,-1761,0,5985.01,118122.63,196419.22
104930,5004264,Active,-2744,0,2726.8,14502.22,141521.66
108711,5004265,Closed,-2026,0,3148.68,102781.16,59660.22
200386,5004266,Closed,-1165,0,11765.2,231492.58,13941.38
200813,5004267,Closed,-383,0,8543.12,184052.55,127139.17
201028,5004268,Closed,-620,0,4765.68,23849.74,63384.6
201134,5004269,Closed,-1077,0,467.57,100463.08,105244.83
201146,5004270,Closed,-2570,0,5768.51,572251.34,46824.95
104636,5004271,Closed,-493,0,9366.23,19949.1,90155.27
104587,5004272,Closed,-2326,0,12929.59,198092.18,10685.23
109586,5004273,Active,-2500,0,11176.44,302394.5,126462.13
102473,5004274,Closed,-1331,0,6293.93,237279.01,14891.27
107094,5004275,Active,-164,0,7951.64,242487.87,242717.78
107692,5004276,Closed,-2875,0,3066.9,193740.23,163553.06
109872,5004277,Active,-1334,0,678.18,218620.02,14612.97
106528,5004278,Active,-1059,0,14922.94,837823.58,96167.24
104165,5004279,Closed,-2964,0,8844.61,37988.7,3120.3
201625,5004280,Active,-1448,0,2011.25,1554029.01,13678.74
107156,5004281,Active,-1101,0,1651.23,211695.0,342309.42
102840,5004282,Closed,-1025,0,374.66,12775.12,25397.34
200313,5004283,Closed,-781,0,5856.13,84629.06,56110.09
109012,5004284,Closed,-2296,0,3204.57,395922.52,187544.98
104105,5004285,Active,-1601,0,12500.92,124678.56,4868.51
103326,5004286,Closed,-1472,0,991.02,123198.1,100773.79
107945,5004287,Closed,-224,0,3455.51,15576.97,61628.08
100138,5004288,Active,-1165,0,2833.39,48720.15,162064.08
200179,5004289,Closed,-126,0,5766.41,112843.32,55138.78
105206,5004290,Closed,-1380,0,1927.27,90544.56,230499.42
103307,5004291,Closed,-1431,0,7407.54,316282.86,7287.4
106456,5004292,Closed,-1615,0,1456.53,83069.6,2372.98
108171,5004293,Closed,-1814,0,3178.54,225340.4,154852.6
201352,5004294,Closed,-2109,0,4503.84,328390.38,386116.22
105237,5004295,Closed,-2605,0,10202.33,16239.74,46993.86
101155,5004296,Active,-1493,0,3857.2,370385.36,119151.55
107329,5004297,Closed,-690,0,2171.11,23578.16,27726.67
109226,5004298,Closed,-772,0,5960.41,207452.67,14446.75
100740,5004299,Active,-1482,0,3111.76,116867.4,62205.06
107351,5004300,Active,-2076,0,1255.77,13689.99,69993.7
100902,5004301,Closed,-45,0,1665.56,111064.14,369.15
106696,5004302,Closed,-303,30,4159.54,69942.78,110882.51
200924,5004303,Active,-724,0,14264.29,193097.83,28175.71
105971,5004304,Closed,-2583,0,34547.01,27748.03,6541.05
105150,5004305,Closed,-837,0,23181.93,523075.5,69766.12
103155,5004306,Closed,-2430,0,533.14,12982.82,28390.16
108560,5004307,Active,-365,0,706.06,71586.7,46233.8
109069,5004308,Closed,-95,10,480.41,22716.57,141246.15
108996,5004309,Active,-174,0,1354.67,42256.93,41023.55
101110,5004310,Closed,-2404,0,238.07,24210.92,619.77
200922,5004311,Active,-1314,0,3658.16,70096.56,138558.36
104527,5004312,Active,-2774,0,242.03,368028.98,94164.53
101077,5004313,Active,-2710,0,1182.35,188073.91,154556.51
101580,5004314,Closed,-868,0,3018.83,58884.41,19921.83
201648,5004315,Active,-2853,30,2164.83,34515.78,34760.13
103712,5004316,Closed,-2714,0,9161.85,8985.81,22770.03
103191,5004317,Closed,-1699,0,979.82,140024.91,90573.91
103203,5004318,Closed,-1949,0,2223.9,782195.15,90697.88
107773,5004319,Closed,-757,0,200.11,39844.68,60835.45
108298,5004320,Closed,-2742,0,10080.51,1243.22,171354.94
104616,5004321,Active,-2241,0,35286.39,221148.99,12159.87
105063,5004322,Closed,-747,0,3533.06,81597.06,108022.17
105830,5004323,Active,-2816,0,8151.09,45112.9,60782.58
201036,5004324,Closed,-2992,0,22549.32,67009.83,52890.6
201891,5004325,Active,-2003,0,798.94,181180.89,81486.48
201903,5004326,Active,-2868,0,11365.56,236880.92,158280.65
105531,5004327,Closed,-1199,0,4167.29,107353.0,85735.67
100790,5004328,Closed,-1374,0,561.11,144097.12,11596.05
102137,5004329,Active,-2452,0,1735.1,10509.54,18709.75
201314,5004330,Closed,-239,0,5051.48,210302.89,89041.04
108727,5004331,Closed,-503,0,1405.21,476449.75,9011.33
108062,5004332,Active,-2488,0,6945.2,62898.93,66653.36
200586,5004333,Active,-2667,0,1305.49,8196.4,105230.21
104927,5004334,Active,-2043,0,2280.43,573230.94,23966.57
108846,5004335,Closed,-1896,0,6821.51,27707.98,24453.69
109236,5004336,Closed,-827,0,6073.31,259370.89,60816.79
103071,5004337,Closed,-1974,0,524.85,535562.1,34042.57
200475,5004338,Active,-49,0,9431.65,32420.63,31281.02
201152,5004339,Closed,-1101,0,15615.05,1764.94,11433.73
109282,5004340,Closed,-2622,0,3447.12,21617.03,11378.68
201775,5004341,Closed,-2639,0,8838.3,48921.49,154015.75
100624,5004342,Closed,-111,0,5183.37,460666.61,183320.55
104183,5004343,Closed,-1912,10,9494.0,213728.21,154697.5
200770,5004344,Closed,-852,0,6303.64,241287.93,41986.89
201852,5004345,Active,-2022,0,111.8,6668.29,130718.77
107403,5004346,Active,-183,0,1614.9,142357.54,58369.3
106113,5004347,Closed,-2274,0,1516.96,257571.13,72918.24
107195,5004348,Closed,-2584,0,4642.18,3745.01,66561.01
200230,5004349,Closed,-879,0,5306.71,81025.58,36252.67
106464,5004350,Closed,-2661,0,7962.93,161059.23,117673.82
100291,5004351,Active,-2680,0,11584.55,138119.19,20373.19
103566,5004352,Active,-1785,0,8108.58,201176.24,72741.54
100794,5004353,Active,-2283,0,9040.11,304065.85,1303.46
200225,5004354,Active,-1004,0,728.19,473852.53,175972.99
108336,5004355,Active,-90,0,4529.63,221077.06,67148.54
109412,5004356,Closed,-2899,0,1403.28,116897.69,26899.98
104291,5004357,Closed,-432,0,7848.18,315670.4,6917.08
106727,5004358,Active,-1498,0,5474.12,469429.56,14830.16
201971,5004359,Active,-2509,0,6254.59,586540.83,194346.6
103234,5004360,Closed,-14,0,6397.4,100872.11,24032.86
102556,5004361,Closed,-1583,0,5576.58,337895.66,14713.91
105299,5004362,Active,-1000,0,3791.74,159122.83,147055.75
201836,5004363,Active,-1301,0,1253.6,236252.21,68749.58
106628,5004364,Closed,-1475,0,485.77,101367.4,8971.38
105265,5004365,Closed,-1040,0,299.09,91936.89,3170.8
109456,5004366,Active,-809,0,3284.65,111889.08,26902.73
201940,5004367,Closed,-485,0,1098.64,163620.59,394455.73
105929,5004368,Closed,-631,0,4394.17,33258.44,112483.89
109122,5004369,Active,-2585,0,5087.29,164670.72,221795.25
103319,5004370,Closed,-2120,0,1020.12,129796.39,48538.63
105290,5004371,Closed,-1413,0,3090.9,236613.73,104389.11
201532,5004372,Closed,-426,0,815.91,54788.6,189433.93
109330,5004373,Closed,-708,0,10030.21,541654.92,31721.06
103796,5004374,Closed,-1844,0,1936.57,33762.89,140771.59
104111,5004375,Closed,-1857,0,8022.4,56913.95,20988.74
101416,5004376,Closed,-1619,0,13200.4,20911.29,59307.45
104060,5004377,Active,-1996,0,4198.93,10089.77,138765.32
201878,5004378,Active,-2628,0,547.26,256901.2,6495.49
106285,5004379,Active,-1105,0,488.38,193521.93,99949.17
105095,5004380,Closed,-647,10,2142.62,293011.03,59349.6
102871,5004381,Closed,-68,0,21540.47,325765.53,259153.35
109274,5004382,Active,-1485,10,1338.58,271829.8,135969.63
106449,5004383,Closed,-2286,0,10266.02,85413.93,149024.53
101612,5004384,Closed,-1174,0,1182.11,41377.8,23298.63
200364,5004385,Closed,-323,0,2267.98,137995.14,155520.45
100501,5004386,Closed,-1175,0,2582.12,134266.81,27173.84
101502,5004387,Closed,-1580,0,1153.9,202270.17,30548.46
200200,5004388,Active,-721,0,2596.61,81193.1,109637.06
106171,5004389,Closed,-885,0,2810.42,24855.38,12906.95
103014,5004390,Closed,-126,0,12199.92,107646.79,269198.63
107776,5004391,Closed,-992,0,251.85,33493.57,19099.03
107660,5004392,Closed,-1588,0,63.44,194584.46,6616.99
108759,5004393,Closed,-2442,0,3146.35,25663.62,4787.68
201160,5004394,Closed,-460,0,31684.3,471088.43,10116.09
102151,5004395,Active,-500,0,11461.02,440100.81,57772.79
102119,5004396,Closed,-547,0,2802.5,24144.76,33836.28
100773,5004397,Closed,-1437,0,4569.43,439630.23,55807.7
105806,5004398,Active,-1347,0,5905.6,43806.35,48484.23
109953,5004399,Closed,-1746,0,10575.93,99728.84,104895.88
107008,5004400,Closed,-92,0,859.49,607231.08,56163.51
102304,5004401,Closed,-1283,10,15343.96,536261.45,405498.5
105367,5004402,Closed,-687,0,5535.62,669137.08,267638.97
106713,5004403,Active,-2172,0,5967.89,401514.76,158885.02
108875,5004404,Closed,-1943,10,2768.51,30935.26,72913.81
108235,5004405,Closed,-2520,0,8045.95,292179.52,84050.34
104188,5004406,Closed,-2098,0,3613.97,94117.63,30866.66
106077,5004407,Active,-1378,0,2852.0,160104.88,10020.87
200963,5004408,Closed,-1271,0,3423.65,157976.6,4881.33
109826,5004409,Closed,-517,0,10497.02,115819.47,10315.46
106198,5004410,Closed,-516,0,6187.19,556393.78,71864.36
104764,5004411,Active,-283,0,3221.1,108.41,36180.98
201433,5004412,Closed,-1015,0,1649.44,32840.11,26967.0
104162,5004413,Closed,-1799,0,4376.81,297339.74,35089.84
102809,5004414,Closed,-2885,0,6470.95,321959.16,12712.26
201453,5004415,Active,-1568,0,1970.43,45731.72,65885.01
100605,5004416,Closed,-132,0,1373.67,300501.72,21366.4
107347,5004417,Closed,-2551,0,1755.13,74183.6,23132.05
101219,5004418,Closed,-2882,0,1129.14,212640.69,102046.89
104669,5004419,Active,-1453,0,8587.78,69635.83,61977.43
105164,5004420,Closed,-1730,0,810.76,220113.74,120926.84
105396,5004421,Active,-424,0,4346.55,365140.23,176347.28
200545,5004422,Closed,-850,0,3929.27,182351.82,68729.51
107567,5004423,Closed,-2101,30,882.43,37042.96,3594.91
101149,5004424,Closed,-2191,0,2247.45,20755.48,204781.71
201748,5004425,Active,-2315,0,1994.45,102401.48,66293.58
107518,5004426,Active,-1970,0,1248.35,488681.36,18224.61
101969,5004427,Active,-2807,0,5573.13,253920.15,454416.3
106680,5004428,Closed,-2858,0,23904.78,232152.09,13005.54
200792,5004429,Active,-1776,0,1116.09,639641.57,2656.98
102078,5004430,Active,-2382,0,982.83,132315.95,76972.77
102694,5004431,Closed,-989,0,10974.97,385525.67,224382.51
200336,5004432,Closed,-1770,0,2429.35,64016.51,31412.27
102436,5004433,Active,-1536,0,6425.3,126771.28,4594.27
107665,5004434,Closed,-1431,0,1214.49,37652.5,203056.27
106329,5004435,Closed,-1923,0,1053.6,84655.22,10056.24
109445,5004436,Active,-468,0,4952.47,167303.35,3191.51
201104,5004437,Active,-2445,0,7628.5,151820.02,15663.61
102512,5004438,Closed,-772,0,6698.33,170405.73,45204.12
109350,5004439,Closed,-2912,0,7295.59,8475.55,215230.36
105573,5004440,Active,-2317,0,7947.34,537703.85,231745.57
107083,5004441,Closed,-959,0,2435.19,17182.02,48637.65
107906,5004442,Closed,-1723,0,1653.45,269763.35,65258.16
107949,5004443,Active,-738,0,613.67,17893.17,32779.6
102497,5004444,Closed,-2635,0,3138.43,58568.19,20887.7
101637,5004445,Closed,-1429,0,4546.86,304269.98,30587.53
103835,5004446,Closed,-170,0,3687.02,29329.05,1202.39
105068,5004447,Active,-264,0,2865.63,1823.08,95082.84
100618,5004448,Closed,-1751,0,2876.75,63994.88,29217.62
104520,5004449,Closed,-625,0,11141.46,114684.98,55236.39
105358,5004450,Active,-219,0,5538.81,10423.14,147004.02
201245,5004451,Closed,-881,10,1273.39,713009.06,35844.28
100946,5004452,Closed,-698,0,2379.16,53631.07,59379.0
108176,5004453,Closed,-1117,0,4525.5,167643.58,14198.45
104648,5004454,Closed,-2929,0,2180.5,138179.83,119268.65
107858,5004455,Active,-1446,0,5118.9,174936.18,20199.66
101250,5004456,Closed,-446,0,1605.91,26421.18,12422.79
100913,5004457,Active,-1975,0,11069.13,78315.02,47488.52
105037,5004458,Closed,-2944,0,3985.53,144285.17,118241.64
101878,5004459,Closed,-105,0,1219.08,85345.26,104620.26
103626,5004460,Closed,-2689,0,2152.81,388422.5,89114.11
108655,5004461,Active,-118,0,17057.28,225462.67,53144.68
100508,5004462,Closed,-2566,10,3761.71,56888.56,10581.3
100723,5004463,Closed,-2185,0,1381.23,31490.89,56002.9
201920,5004464,Closed,-2489,0,8016.33,78814.59,107360.29
103086,5004465,Closed,-600,0,514.66,4079.18,129429.62
107002,5004466,Closed,-151,0,11267.36,468960.84,2602.64
201507,5004467,Active,-2912,0,2161.68,74424.69,147717.92
103426,5004468,Closed,-1530,0,10185.7,546849.07,298783.61
100739,5004469,Active,-2234,0,29.21,4287.78,82847.02
105832,5004470,Closed,-376,0,12492.58,377272.97,179793.46
101646,5004471,Closed,-972,10,6624.82,590099.72,25005.09
107406,5004472,Closed,-1179,0,9088.65,31493.26,19912.39
200680,5004473,Closed,-2701,0,904.32,180064.39,30608.26
103699,5004474,Closed,-578,0,6783.64,149917.81,147273.84
200734,5004475,Closed,-2963,0,16309.11,203696.81,50414.98
101066,5004476,Closed,-2585,0,4753.93,345594.94,135716.96
104953,5004477,Closed,-1498,0,5250.32,201989.52,14474.61
109057,5004478,Closed,-2000,0,2399.02,65559.67,82866.82
104193,5004479,Active,-1505,0,730.01,85894.46,45835.2
102181,5004480,Closed,-1045,0,8185.92,194523.82,89827.66
106793,5004481,Closed,-1550,10,4803.0,233132.96,8087.42
104675,5004482,Closed,-238,0,6397.14,608191.88,5891.38
107041,5004483,Active,-2411,0,4932.37,102995.81,66751.82
100785,5004484,Closed,-842,0,794.69,85818.25,159589.31
101528,5004485,Closed,-401,0,400.56,332385.86,72669.74
103899,5004486,Closed,-2323,0,3423.58,67950.71,27031.71
104351,5004487,Closed,-1310,0,3390.97,157259.52,91434.14
102837,5004488,Active,-2471,0,12839.61,75758.08,107493.52
107624,5004489,Closed,-657,0,2340.19,207620.85,28152.96
108454,5004490,Closed,-213,0,297.26,486452.8,34056.4
103481,5004491,Active,-1261,0,6994.03,245101.54,78590.83
105002,5004492,Active,-1296,0,9764.58,252944.42,11258.35
200285,5004493,Active,-2742,10,4870.17,510994.25,14916.65
201140,5004494,Active,-1241,30,1068.93,163826.08,42506.48
103369,5004495,Closed,-242,0,7477.65,1524.6,18370.63
109062,5004496,Closed,-1122,0,2992.83,347234.6,11836.85
103658,5004497,Closed,-1650,0,12182.54,482018.92,51678.5
108286,5004498,Closed,-210,0,5187.25,84143.76,54973.1
105275,5004499,Active,-1152,0,7442.4,82063.81,45420.54
201476,5004500,Closed,-936,0,5061.72,458696.46,314209.64
100181,5004501,Closed,-268,0,10155.17,129342.37,48852.67
101025,5004502,Closed,-41,0,5076.77,21982.56,11958.76
102211,5004503,Closed,-2892,0,12712.43,413296.01,92562.16
104532,5004504,Closed,-445,0,5813.61,206833.8,4739.55
109799,5004505,Active,-2319,0,7732.66,97771.47,189631.38
200819,5004506,Closed,-1433,0,8837.04,141677.01,10247.65
107325,5004507,Active,-1518,0,24055.21,98902.82,47203.0
100452,5004508,Closed,-1055,0,739.77,27792.69,31522.36
101468,5004509,Closed,-2930,0,981.66,27937.62,20325.29
103811,5004510,Closed,-647,0,2937.64,94588.35,46038.25
109346,5004511,Active,-681,0,4030.43,144009.34,26800.27
102453,5004512,Closed,-1126,0,12107.01,17964.68,350171.46
105672,5004513,Active,-1740,0,3076.24,339433.6,198715.65
108438,5004514,Active,-106,0,297.73,309461.03,1115.6
102146,5004515,Active,-1523,0,2592.99,172316.37,58975.55
201685,5004516,Closed,-605,0,3084.91,22769.62,134635.2
106657,5004517,Closed,-958,0,16895.21,180529.62,249108.32
101404,5004518,Closed,-2469,0,2265.35,503057.16,15266.62
104668,5004519,Active,-646,0,7289.32,24691.89,22469.01
104883,5004520,Closed,-2966,0,5831.49,31835.01,18522.85
100336,5004521,Closed,-1673,0,2314.98,122250.92,290167.91
103989,5004522,Active,-1838,0,4945.27,81940.64,169464.5
200698,5004523,Active,-2372,0,2506.63,50245.15,46794.61
200799,5004524,Closed,-761,0,6750.25,352375.7,2214.16
104603,5004525,Active,-2133,0,7819.64,452873.54,34391.83
107750,5004526,Closed,-2871,0,4921.31,323037.04,55921.14
107376,5004527,Closed,-892,0,11340.85,546845.96,107247.28
200141,5004528,Closed,-881,0,1630.05,226404.22,144921.6
201860,5004529,Closed,-2014,0,2302.46,227786.81,55536.1
102597,5004530,Active,-2050,0,8759.8,132045.18,29842.78
106047,5004531,Active,-1929,0,306.86,8328.15,52691.65
107694,5004532,Active,-485,0,3157.02,10338.59,27949.51
106267,5004533,Closed,-49,0,3020.19,207229.11,128192.59
105681,5004534,Active,-770,0,4332.85,679909.91,25194.13
107140,5004535,Closed,-979,0,2709.78,545151.14,67329.44
109325,5004536,Closed,-2523,0,2018.22,261009.98,15139.92
100597,5004537,Closed,-191,0,7062.9,103763.51,74537.99
104905,5004538,Closed,-1003,0,1764.53,90062.55,134765.07
102827,5004539,Closed,-735,0,2666.78,125222.75,116218.37
108894,5004540,Closed,-633,0,1693.97,18578.06,242101.42
101562,5004541,Active,-2080,0,4306.44,119763.63,95089.05
109445,5004542,Active,-2429,0,4162.88,39813.2,27991.87
100829,5004543,Closed,-1414,0,3079.05,265120.81,147711.56
109565,5004544,Closed,-948,0,6419.12,92519.7,58749.53
201379,5004545,Closed,-2772,0,1173.09,597507.99,45292.31
102882,5004546,Active,-2668,0,1448.93,137535.85,68206.33
104691,5004547,Active,-1089,0,7462.91,165356.92,21140.44
108035,5004548,Closed,-2434,0,32626.62,411920.43,23705.99
105363,5004549,Active,-2584,0,2517.24,49280.18,70990.91
101909,5004550,Closed,-81,0,38506.27,86394.66,59187.47
109944,5004551,Closed,-1615,0,8128.3,146332.0,23369.07
200576,5004552,Closed,-2533,0,2441.9,190555.49,74965.85
201342,5004553,Active,-1246,10,2072.3,84174.28,187040.89
105180,5004554,Active,-1459,0,931.7,401282.6,31626.3
100631,5004555,Closed,-2853,0,6768.85,56046.37,193097.04
107530,5004556,Closed,-1622,0,2650.43,60603.92,194183.75
106574,5004557,Closed,-2177,0,1670.38,71834.18,33615.45
107053,5004558,Closed,-2812,0,13382.54,41090.92,26546.13
102344,5004559,Active,-766,0,149.3,20855.66,8580.55
201042,5004560,Closed,-1563,0,5545.34,169702.43,200397.12
100727,5004561,Closed,-666,0,371.79,1028923.27,61786.76
109613,5004562,Closed,-2604,0,1507.27,58246.05,52102.71
102410,5004563,Closed,-170,0,5158.88,10184.02,20187.32
109108,5004564,Closed,-1720,0,837.82,26382.99,14315.32
106304,5004565,Closed,-654,0,6661.91,208582.58,177039.46
105055,5004566,Closed,-1091,30,8598.87,169158.2,7231.69
103432,5004567,Closed,-1585,0,6918.64,352627.97,117636.94
105401,5004568,Closed,-797,0,20987.92,54399.78,31077.72
200766,5004569,Closed,-2304,0,1462.78,520796.4,19439.08
109811,5004570,Closed,-1718,0,2159.46,4160.58,10478.89
106788,5004571,Closed,-2221,0,9204.45,222178.34,28297.98
105333,5004572,Closed,-1542,0,6001.05,62726.84,68617.22
103477,5004573,Closed,-288,0,4354.1,447643.87,69792.22
107194,5004574,Active,-112,10,5066.34,21490.1,95885.67
101854,5004575,Closed,-637,0,2220.08,144395.48,50490.6
108262,5004576,Closed,-2288,0,2770.18,8026.29,28988.82
100307,5004577,Closed,-1991,0,3546.45,142614.55,30480.88
103687,5004578,Closed,-1198,0,168.64,825497.46,53491.25
104770,5004579,Active,-2608,0,4579.62,241667.18,64555.01
106380,5004580,Active,-717,0,29.57,189238.49,31258.95
201430,5004581,Active,-596,0,2762.28,153300.86,5989.46
201885,5004582,Closed,-1988,0,518.57,187083.69,35610.19
201983,5004583,Closed,-2964,0,11276.0,736775.1,294932.79
103672,5004584,Closed,-2356,0,962.9,47645.35,38818.21
200777,5004585,Active,-436,0,4236.71,88327.84,11752.4
104846,5004586,Closed,-97,0,12285.32,393173.23,3074.85
101075,5004587,Closed,-1563,0,2171.85,122943.01,14972.22
108465,5004588,Active,-1720,0,4811.02,85379.82,5017.25
102698,5004589,Closed,-972,0,11845.89,106035.39,1920.35
200490,5004590,Closed,-2054,0,10645.14,47756.24,57499.0
109441,5004591,Closed,-2908,0,2218.35,43466.82,4116.62
100954,5004592,Closed,-911,0,1411.85,536377.43,17322.96
109575,5004593,Active,-278,0,22653.43,19146.82,130897.5
200613,5004594,Closed,-1011,0,3986.03,242328.23,11677.37
201720,5004595,Closed,-2270,0,2174.12,440623.58,163790.27
106978,5004596,Active,-636,0,175.61,105189.56,7607.75
100381,5004597,Closed,-685,0,5355.18,74426.13,141452.41
104141,5004598,Closed,-469,0,7415.86,137951.49,134476.04
109344,5004599,Closed,-2395,0,95.49,197777.39,18816.8
106441,5004600,Active,-1538,30,1217.88,221145.48,28800.16
102439,5004601,Active,-1648,10,837.32,251866.01,32892.51
100901,5004602,Closed,-68,30,20347.08,208568.02,63666.51
109553,5004603,Closed,-2482,0,8481.25,86111.87,63829.41
201528,5004604,Active,-2705,10,2528.48,477417.49,21209.23
106813,5004605,Closed,-1132,0,1091.25,986.76,173573.9
200862,5004606,Active,-376,0,13996.83,395865.92,208111.87
201825,5004607,Closed,-1675,0,6419.43,78548.14,48507.56
104770,5004608,Closed,-274,0,7069.12,399.76,32787.44
201307,5004609,Closed,-1680,0,2878.38,169558.31,18045.95
106296,5004610,Closed,-1522,0,559.07,72649.46,19880.59
107810,5004611,Closed,-469,0,490.85,59529.84,309831.92
200326,5004612,Active,-1234,0,5358.32,59293.86,382907.33
100352,5004613,Closed,-1223,0,15386.98,833165.22,3347.11
102080,5004614,Closed,-2202,0,3992.77,257387.81,114543.45
103332,5004615,Closed,-2755,0,7511.49,382945.12,52980.47
109379,5004616,Closed,-2871,0,1417.95,107137.87,153856.04
102552,5004617,Active,-2988,0,3315.31,523362.43,17465.18
106454,5004618,Closed,-1345,0,260.1,309103.38,106510.12
107193,5004619,Closed,-2399,0,5903.39,513728.99,243841.84
105826,5004620,Active,-2357,0,3921.27,328960.85,31995.2
102588,5004621,Closed,-654,0,18179.34,23488.03,10268.61
101742,5004622,Active,-2774,0,144.4,90798.63,301177.72
200528,5004623,Closed,-1204,0,18852.89,84548.59,88930.85
104053,5004624,Closed,-2419,0,4353.27,144631.63,16641.55
102778,5004625,Active,-2765,0,3389.34,334356.3,18791.84
107212,5004626,Active,-672,0,1440.58,117518.81,58972.22
100220,5004627,Closed,-342,0,12781.32,112447.94,23488.4
109828,5004628,Closed,-2979,30,62.93,62337.23,20216.05
108002,5004629,Active,-1123,0,90.49,32668.25,36500.64
201095,5004630,Closed,-2489,0,5244.03,122118.47,144868.91
108059,5004631,Closed,-2961,0,198.08,54949.68,76376.84
201671,5004632,Closed,-2936,0,3577.53,40529.37,9970.19
108618,5004633,Closed,-1959,0,7181.58,370702.9,87.75
108091,5004634,Active,-1325,0,12985.51,3955.66,11835.25
104816,5004635,Closed,-457,0,4663.21,836310.02,27002.11
101668,5004636,Closed,-1698,0,3589.82,295836.47,80581.03
201073,5004637,Closed,-485,0,6274.75,261065.43,13219.15
101221,5004638,Closed,-1940,0,5263.63,322296.59,148693.83
104402,5004639,Closed,-126,0,11992.28,236315.86,204187.2
200854,5004640,Closed,-170,0,3575.23,600090.81,108893.98
101504,5004641,Closed,-679,0,4372.83,360062.41,1568.0
100828,5004642,Closed,-40,0,1181.09,87683.27,116182.03
200491,5004643,Closed,-890,0,4143.63,182744.42,9861.85
109127,5004644,Closed,-2908,0,8372.78,233974.97,42929.28
109238,5004645,Closed,-269,0,702.42,71844.12,26509.15
100921,5004646,Closed,-2259,0,4940.78,39830.81,14174.81
100455,5004647,Closed,-1794,0,10460.07,601670.04,148453.69
100492,5004648,Closed,-1574,0,7583.12,425488.41,51632.15
201732,5004649,Active,-43,0,2452.93,342997.43,111675.47
100562,5004650,Closed,-2808,0,4160.82,202690.62,593.26
108032,5004651,Closed,-1330,0,1555.72,77310.69,20358.55
105516,5004652,Active,-2279,0,6438.57,155725.54,121945.7
107328,5004653,Closed,-2521,0,921.31,287076.72,784.35
201158,5004654,Closed,-226,0,9995.01,162526.09,218945.69
100521,5004655,Closed,-2243,0,12278.83,54861.84,2917.29
105812,5004656,Closed,-1104,0,2077.54,13563.73,249626.73
200530,5004657,Closed,-226,0,5950.69,348688.68,40681.62
105869,5004658,Closed,-1594,0,1786.42,142696.68,3354.62
200761,5004659,Active,-257,0,11082.56,27711.5,95547.24
106481,5004660,Closed,-2754,0,12060.05,135373.97,37327.27
109358,5004661,Closed,-485,0,4355.24,36802.38,221408.49
107932,5004662,Closed,-2966,0,9947.47,75735.5,61661.81
108297,5004663,Closed,-127,0,3929.26,306644.72,87324.89
103899,5004664,Closed,-2475,0,5135.65,198941.49,199330.91
105237,5004665,Closed,-2976,0,21597.26,111470.33,40969.88
200700,5004666,Closed,-2001,0,4114.34,165469.32,207244.68
200262,5004667,Closed,-918,0,5574.58,142262.28,185694.77
201176,5004668,Active,-1761,0,8341.3,490146.96,91599.75
102834,5004669,Closed,-260,0,3111.68,8711.71,48866.24
105826,5004670,Active,-61,0,1004.38,338278.21,92605.59
107937,5004671,Closed,-1637,0,3113.5,126563.92,23800.79
109014,5004672,Closed,-1076,0,942.05,33373.19,295177.86
104766,5004673,Closed,-1002,0,7130.81,14874.45,407368.12
109887,5004674,Active,-1781,0,1280.0,360700.33,193887.2
105518,5004675,Closed,-1491,0,339.42,107755.0,70337.04
103915,5004676,Closed,-999,0,23982.82,238085.17,150913.05
102772,5004677,Closed,-1363,0,6945.71,576044.06,210841.53
100301,5004678,Closed,-59,0,334.7,125988.85,202039.79
102648,5004679,Closed,-2241,0,597.36,68910.84,23585.02
104591,5004680,Closed,-2140,0,17157.62,10862.68,446209.96
101676,5004681,Closed,-1378,0,1137.24,359591.01,11384.8
200257,5004682,Closed,-625,0,2933.79,318625.26,82596.65
100110,5004683,Closed,-2982,0,6135.62,73437.19,9452.98
102937,5004684,Closed,-1356,0,6706.25,15132.27,111458.76
104041,5004685,Active,-1180,0,2564.02,670014.64,14094.18
201813,5004686,Closed,-2847,0,2430.86,26436.45,157139.47
107766,5004687,Closed,-1904,30,8872.26,92596.45,163651.03
109609,5004688,Closed,-50,0,46.67,141668.49,60202.45
201376,5004689,Closed,-944,0,2709.76,126799.16,31494.16
106971,5004690,Closed,-2178,0,1151.67,115325.7,153033.24
104139,5004691,Closed,-1199,0,9259.08,52442.9,73.39
108072,5004692,Closed,-1534,0,10454.14,69246.38,45492.2
105948,5004693,Closed,-2824,0,2389.38,54492.97,6274.78
103020,5004694,Active,-1874,0,5736.84,96043.74,38704.04
109876,5004695,Closed,-1518,0,2070.74,135860.89,154782.45
104765,5004696,Closed,-2178,0,620.84,6114.45,70058.16
100171,5004697,Closed,-850,0,3229.51,207937.13,42499.27
101516,5004698,Closed,-2231,0,16383.89,215343.12,21837.48
103155,5004699,Closed,-1344,0,3534.42,284879.18,121269.78
108324,5004700,Closed,-2294,0,1900.29,171962.85,30862.83
107372,5004701,Closed,-458,0,5522.29,62057.59,100268.39
200898,5004702,Closed,-2455,0,1582.09,283700.89,118520.57
106170,5004703,Closed,-1648,0,8955.49,62589.44,49329.25
102732,5004704,Closed,-565,0,4480.11,50890.39,93245.92
105080,5004705,Active,-2881,0,8705.91,120606.15,98903.85
105837,5004706,Closed,-121,0,1431.81,309943.99,6858.51
100159,5004707,Closed,-1228,0,2395.68,40199.28,15732.21
107219,5004708,Active,-2653,0,4900.78,5305.37,2751.9
201922,5004709,Closed,-2004,10,958.58,156770.29,69223.06
108841,5004710,Active,-1004,0,1874.83,55574.19,101433.22
101651,5004711,Closed,-698,0,2293.91,162724.46,33911.94
101260,5004712,Active,-1592,0,2625.11,48820.89,81344.42
108651,5004713,Closed,-2905,0,155.28,69672.22,223146.97
107093,5004714,Closed,-1043,0,4454.4,126472.69,28113.51
200679,5004715,Closed,-2690,0,29971.9,84279.05,206009.09
105866,5004716,Closed,-2772,0,7053.14,122462.47,239902.34
104579,5004717,Closed,-2580,0,9493.42,29562.8,215.59
104431,5004718,Active,-323,0,9078.65,8242.61,52334.29
102568,5004719,Closed,-739,0,3984.25,625943.07,9896.14
107595,5004720,Closed,-262,0,2142.4,400557.19,11275.18
100653,5004721,Closed,-2615,0,20421.59,167465.68,97397.85
105669,5004722,Closed,-2412,0,1978.7,158494.57,26744.27
105569,5004723,Active,-790,0,3273.6,56562.52,64965.63
109155,5004724,Closed,-743,0,2360.3,244491.81,140549.87
108463,5004725,Active,-883,0,536.57,45064.02,2605.85
107139,5004726,Closed,-1347,0,3305.37,489978.11,13222.31
107013,5004727,Closed,-777,0,10209.07,216372.53,19350.16
104278,5004728,Active,-2880,0,4794.17,48395.46,136183.53
106625,5004729,Closed,-33,0,7220.79,149452.46,171574.12
103075,5004730,Closed,-2503,0,3571.23,435923.67,144453.34
100839,5004731,Active,-2941,0,14108.39,28562.62,14562.79
102443,5004732,Closed,-2589,0,2607.96,146122.96,54893.68
201920,5004733,Closed,-277,0,1037.68,9137.02,45820.54
105671,5004734,Active,-690,0,5054.77,422243.64,16990.55
103871,5004735,Closed,-2024,0,11958.87,48970.68,42514.07
102640,5004736,Active,-1345,0,5868.26,438404.3,208248.69
103937,5004737,Closed,-204,0,7891.65,133342.45,18760.73
108723,5004738,Active,-155,0,2052.94,148152.82,4874.0
101272,5004739,Closed,-554,0,5799.16,105799.25,127077.62
107926,5004740,Active,-140,0,422.39,559830.81,27388.34
101315,5004741,Closed,-1153,0,828.11,195847.5,30871.81
109285,5004742,Closed,-2939,0,736.59,335937.9,194227.64
200770,5004743,Closed,-461,0,1623.09,85665.6,88215.95
200039,5004744,Active,-2171,0,9601.46,168728.18,15532.93
103654,5004745,Closed,-2409,0,531.51,27544.85,13812.22
107048,5004746,Active,-829,0,9312.92,93197.99,10887.09
201477,5004747,Active,-1405,0,3116.13,47746.27,72661.55
101229,5004748,Closed,-1987,0,338.16,37110.78,121708.69
102742,5004749,Closed,-383,0,5104.26,67024.44,126997.32
100013,5004750,Closed,-1353,0,3023.52,128813.88,63285.53
101449,5004751,Active,-1824,0,6810.87,10960.15,202273.3
100843,5004752,Closed,-2942,0,724.08,489866.19,20039.43
108048,5004753,Active,-901,0,827.49,420766.39,98429.52
106749,5004754,Closed,-2298,0,2749.56,50895.89,124854.75
200621,5004755,Closed,-984,0,1046.12,36741.35,139581.7
103161,5004756,Active,-1327,0,2433.43,689572.75,35779.65
106702,5004757,Active,-2419,0,464.91,106776.62,87110.82
109990,5004758,Closed,-2026,0,3377.92,129733.59,353507.65
105810,5004759,Active,-2244,0,1235.1,394189.67,35626.99
104047,5004760,Active,-338,0,15138.66,76758.47,194920.9
108650,5004761,Active,-2903,0,6887.6,79586.98,42503.32
105102,5004762,Active,-1505,0,3441.43,94239.54,57536.68
200000,5004763,Active,-1601,0,11309.02,7098.17,72792.98
107878,5004764,Closed,-1291,0,1089.72,153708.15,103743.91
104512,5004765,Active,-1012,0,8800.9,437530.0,83268.47
104558,5004766,Active,-2778,0,1718.38,8086.76,50121.07
201463,5004767,Active,-1082,0,4678.42,166383.63,66577.38
100900,5004768,Closed,-2608,0,1201.84,308060.97,52787.95
105912,5004769,Closed,-2811,0,1362.19,45378.02,164225.82
108433,5004770,Active,-1373,0,462.2,100463.89,27241.91
201704,5004771,Active,-1438,0,5897.47,78581.46,5924.4
200083,5004772,Closed,-2738,0,2383.4,22050.64,97898.95
102347,5004773,Active,-143,0,867.05,256160.72,36346.38
200539,5004774,Closed,-1106,0,658.23,110513.55,87400.83
105497,5004775,Closed,-921,0,2250.64,16518.34,148278.27
103447,5004776,Active,-1879,0,5487.05,333102.37,31726.2
201046,5004777,Active,-1099,0,15207.17,179044.92,11223.07
101564,5004778,Closed,-1048,0,1662.51,411749.63,31770.04
105415,5004779,Active,-363,0,2025.89,49150.04,74787.31
101186,5004780,Closed,-2042,0,12886.33,180035.19,166564.61
201739,5004781,Closed,-2690,0,497.05,6854.68,129451.78
104706,5004782,Closed,-864,0,12241.66,163609.51,289284.46
200553,5004783,Active,-24,0,14036.37,33229.81,66666.97
108350,5004784,Closed,-1591,0,6390.1,147174.91,83480.37
201552,5004785,Closed,-2470,0,3783.19,200528.99,112356.96
104107,5004786,Closed,-2905,0,13531.82,669265.37,100159.69
108384,5004787,Closed,-1995,0,11486.13,510659.5,86007.15
104159,5004788,Closed,-1650,0,299.16,38766.31,296763.47
101342,5004789,Closed,-40,0,1724.48,15317.51,115067.02
107567,5004790,Closed,-1017,0,1973.8,155183.86,68235.53
106276,5004791,Active,-2192,0,327.78,18897.82,142335.45
103890,5004792,Closed,-2537,0,6006.86,55356.56,118128.81
200232,5004793,Closed,-497,0,1184.03,35201.65,173464.19
201991,5004794,Closed,-1788,0,1724.9,163014.53,49281.26
100935,5004795,Active,-227,0,6266.81,23080.64,13464.26
104478,5004796,Active,-2640,0,1909.75,697350.98,169541.25
107128,5004797,Active,-746,0,5990.22,24649.8,5587.36
103775,5004798,Closed,-1508,0,5707.83,459422.3,98796.56
109848,5004799,Closed,-2161,0,5622.97,542777.13,26882.64
105660,5004800,Closed,-425,0,4861.75,674008.44,37974.92
201740,5004801,Closed,-2670,0,9988.3,135464.02,22523.2
201388,5004802,Active,-1428,0,1838.42,246810.92,67055.25
100468,5004803,Active,-1149,0,1342.68,49922.93,10997.72
100343,5004804,Closed,-2219,0,17122.4,35244.0,5491.93
105507,5004805,Active,-193,0,8920.83,16046.91,131847.15
109937,5004806,Active,-1256,0,5848.55,478935.1,63227.08
102201,5004807,Closed,-385,0,31.22,57265.29,70150.7
200238,5004808,Active,-1526,0,5830.54,269771.61,141772.35
107400,5004809,Active,-1510,0,1662.94,167908.56,160843.37
103117,5004810,Closed,-2860,0,1885.99,35427.9,121685.35
105663,5004811,Closed,-489,0,13449.64,172684.32,56927.94
109609,5004812,Active,-1835,30,194.27,499762.64,59166.06
200903,5004813,Active,-179,30,4852.42,129991.44,61510.62
102349,5004814,Active,-2875,0,1752.58,92600.59,49139.45
109564,5004815,Closed,-1840,0,1820.09,22368.93,124752.22
104571,5004816,Closed,-2369,0,1675.14,94894.78,291701.19
102506,5004817,Closed,-254,0,2432.77,530776.0,70726.86
103786,5004818,Closed,-1094,0,441.77,53685.85,167598.71
105206,5004819,Active,-531,0,618.56,619766.55,73816.11
106252,5004820,Closed,-302,0,301.94,86518.25,317272.29
200133,5004821,Closed,-2924,0,8082.79,94162.38,62765.43
200860,5004822,Closed,-2818,0,9959.87,168196.6,1540.31
100715,5004823,Closed,-122,0,115.88,328933.88,13040.85
201887,5004824,Closed,-2149,0,2591.07,556128.22,44675.94
100182,5004825,Closed,-2039,0,1155.61,124652.28,24697.65
103447,5004826,Closed,-1428,0,1305.57,16916.27,205801.42
106660,5004827,Closed,-2587,0,2071.37,131230.92,11056.33
201234,5004828,Closed,-616,0,1649.99,178712.6,172076.13
201978,5004829,Closed,-56,0,4038.44,59832.67,188020.29
100177,5004830,Closed,-1438,0,5043.15,261255.7,161740.26
108914,5004831,Active,-2450,0,5954.08,182573.19,173345.87
107860,5004832,Closed,-2592,0,2627.41,39241.44,110183.14
108786,5004833,Closed,-954,0,2627.93,98067.69,42521.56
106668,5004834,Active,-86,10,761.67,158434.29,167072.03
201714,5004835,Active,-611,0,2285.96,24763.24,80645.25
103107,5004836,Closed,-875,0,11690.54,41820.46,14556.26
108918,5004837,Closed,-2840,0,3091.09,9662.69,95444.81
105651,5004838,Closed,-2759,0,873.13,317424.6,156906.7
107404,5004839,Closed,-793,0,4448.16,288347.37,24899.87
101053,5004840,Closed,-2702,0,1575.06,298446.69,17595.72
108900,5004841,Closed,-1774,0,11435.42,240522.65,25052.7
100321,5004842,Closed,-390,0,8644.04,254994.73,213.09
201701,5004843,Closed,-1696,0,6354.92,228378.13,200813.74
106312,5004844,Closed,-672,0,10576.33,1253335.26,52031.87
108105,5004845,Active,-2989,0,4614.63,237000.11,137003.69
102410,5004846,Closed,-2665,0,275.4,261533.06,40262.38
201747,5004847,Closed,-2416,0,2737.47,22905.69,136107.91
104021,5004848,Closed,-401,0,3121.53,168828.34,59827.26
100644,5004849,Closed,-2454,0,363.54,7804.76,215420.45
107528,5004850,Closed,-1412,0,1804.1,178516.36,65962.61
101107,5004851,Closed,-1667,10,2617.69,168002.94,56275.82
106719,5004852,Closed,-1651,0,5654.06,97237.69,127175.12
101274,5004853,Closed,-2979,0,1818.86,28982.84,38221.36
108339,5004854,Closed,-1673,0,1706.94,1431.62,21773.04
105303,5004855,Closed,-1838,0,2344.77,13861.0,141685.36
104905,5004856,Closed,-326,0,4377.07,38018.59,154437.63
108592,5004857,Closed,-415,0,310.51,104400.38,235670.45
103953,5004858,Active,-183,0,8117.78,119396.14,186714.1
108772,5004859,Closed,-2981,0,2443.25,6176.59,122986.05
101420,5004860,Closed,-1199,0,6165.25,266734.79,319950.06
101587,5004861,Active,-454,0,4217.64,63979.2,57144.58
201849,5004862,Closed,-119,0,2338.3,23640.73,49526.3
104923,5004863,Closed,-2853,0,1717.86,189035.31,29381.4
100106,5004864,Closed,-1868,0,1571.05,170237.51,175208.99
109479,5004865,Active,-82,0,1503.08,212511.31,118000.57
109789,5004866,Closed,-2871,0,11013.76,62133.4,112774.04
105811,5004867,Closed,-2056,0,2290.99,97436.1,92449.36
200696,5004868,Closed,-147,0,3597.39,248396.51,24610.41
103531,5004869,Active,-2922,0,13021.03,20638.31,18829.23
101532,5004870,Closed,-2055,0,5374.07,329213.92,89572.49
201681,5004871,Closed,-1861,0,5780.17,303334.92,346170.74
108584,5004872,Closed,-1396,0,2080.66,157713.23,46708.28
103847,5004873,Closed,-2395,0,4829.08,120789.03,23395.99
106441,5004874,Active,-456,0,758.5,91815.76,28123.27
101840,5004875,Closed,-2686,0,19777.02,963481.71,29186.0
108603,5004876,Closed,-877,0,3872.25,66805.65,21230.05
109757,5004877,Closed,-1536,0,9307.93,47726.6,453.57
107168,5004878,Closed,-1523,0,17193.2,394024.58,99871.87
107543,5004879,Closed,-69,0,2529.31,290473.01,161813.77
200614,5004880,Closed,-2646,0,1619.3,295678.78,102019.8
101468,5004881,Active,-2625,0,57.52,104380.08,115328.16
107838,5004882,Closed,-88,0,2363.39,47144.94,44939.87
100682,5004883,Closed,-901,30,35326.57,69461.24,85731.4
106105,5004884,Closed,-1473,0,8547.73,155033.95,53533.95
104434,5004885,Active,-2580,0,3989.34,23862.0,47323.12
107145,5004886,Closed,-598,0,1163.93,28848.72,212279.45
108543,5004887,Closed,-2612,0,19301.55,31220.12,53568.93
101522,5004888,Active,-1537,0,1627.84,20727.83,62234.79
104027,5004889,Closed,-1335,0,5507.53,236515.96,13622.45
104583,5004890,Closed,-979,0,1648.75,271705.0,35718.2
107864,5004891,Closed,-1056,0,7637.91,84551.07,131461.36
102037,5004892,Closed,-2017,0,3941.1,32949.41,51240.11
109872,5004893,Active,-240,0,1852.94,105044.64,19788.52
105712,5004894,Closed,-90,0,5441.43,5993.27,56336.91
106580,5004895,Closed,-1328,0,469.98,38723.43,51693.32
102891,5004896,Closed,-2090,0,4963.64,109481.98,97330.28
104720,5004897,Closed,-680,0,3643.8,23347.9,113125.81
102420,5004898,Active,-1298,0,3122.56,145182.74,72850.59
201887,5004899,Active,-2127,0,2357.01,88938.76,93004.38
200668,5004900,Active,-2937,0,18112.56,479547.04,40792.87
101465,5004901,Closed,-1142,30,15880.85,600810.12,190782.61
104813,5004902,Closed,-2326,0,2054.5,143260.52,20301.69
109512,5004903,Closed,-2819,0,958.28,1934.83,92544.84
105132,5004904,Closed,-2515,0,3114.44,220323.75,118323.01
103687,5004905,Closed,-2550,10,9329.76,202063.64,37007.95
104607,5004906,Closed,-1831,0,29585.33,151418.02,193671.72
105404,5004907,Active,-1456,0,1478.67,3813.93,103145.23
106769,5004908,Active,-1854,0,2069.04,111112.85,56131.07
106717,5004909,Active,-268,0,788.91,177714.29,278093.1
109018,5004910,Active,-1656,0,4729.87,290820.95,29207.95
104993,5004911,Active,-47,0,8923.53,259378.73,58861.27
103763,5004912,Closed,-1505,0,3421.54,229546.98,18788.12
106390,5004913,Active,-645,0,1463.13,112138.21,61311.86
101284,5004914,Closed,-1482,0,896.31,101550.57,37840.64
103954,5004915,Active,-1108,0,5110.46,320997.51,87335.09
100850,5004916,Closed,-994,0,2042.59,591800.35,39005.32
109637,5004917,Closed,-786,0,2244.77,259564.1,116510.59
103904,5004918,Closed,-235,0,1689.56,400860.85,55354.5
101599,5004919,Active,-2463,0,10156.77,65182.92,146227.76
104356,5004920,Closed,-2033,0,2433.08,783809.47,31931.48
200280,5004921,Active,-216,0,15892.2,188013.48,18460.45
102156,5004922,Closed,-608,0,4601.11,320784.25,139053.46
105498,5004923,Closed,-2981,0,3732.06,39529.2,168520.23
200123,5004924,Closed,-682,0,6398.88,870156.65,128148.85
108557,5004925,Active,-2060,0,868.09,221722.32,28764.96
100277,5004926,Active,-2147,0,1993.65,661830.13,19403.4
103052,5004927,Closed,-2470,10,1869.5,164313.62,63513.27
103891,5004928,Active,-709,0,5200.62,116425.9,34333.58
109974,5004929,Closed,-531,0,757.09,388641.3,81074.38
105136,5004930,Closed,-1710,0,1741.59,517112.48,224382.13
100205,5004931,Closed,-539,0,1442.9,228330.62,92804.03
101797,5004932,Closed,-2480,0,1498.25,177502.54,24634.21
200976,5004933,Closed,-906,0,5523.95,30295.1,23548.3
103854,5004934,Closed,-986,0,1948.58,36492.65,145827.83
102133,5004935,Closed,-2247,0,3789.74,212894.47,48023.7
100850,5004936,Closed,-1776,0,3870.51,762092.87,105480.7
103732,5004937,Closed,-544,0,31.0,179448.79,36521.88
103398,5004938,Closed,-2815,0,3386.45,342481.9,35962.71
107832,5004939,Closed,-1027,0,434.5,1831.64,54096.07
103449,5004940,Active,-176,0,4294.52,233795.79,131117.72
101408,5004941,Active,-1534,0,3799.2,8172.1,168517.51
101915,5004942,Closed,-1020,0,1877.8,443763.1,1815.9
109843,5004943,Closed,-1294,0,6524.63,378.01,38860.69
106571,5004944,Closed,-42,0,22.55,584097.88,19666.97
201998,5004945,Closed,-2686,0,3811.43,158294.91,59147.88
102235,5004946,Active,-1867,0,9870.37,73974.62,181001.41
201931,5004947,Active,-170,0,1358.88,201542.85,172128.74
108910,5004948,Closed,-1717,0,595.66,180833.5,118172.64
103847,5004949,Closed,-986,0,9851.85,233426.67,100664.64
106320,5004950,Closed,-2224,0,1392.53,82426.96,94670.7
104506,5004951,Closed,-2325,0,19231.63,41302.77,392514.35
100083,5004952,Active,-2672,0,11291.19,54504.88,103498.59
107905,5004953,Closed,-1797,0,8080.18,143406.33,106608.16
201365,5004954,Closed,-1146,0,3454.52,155153.26,102862.23
105275,5004955,Active,-566,0,14115.0,52762.62,91125.64
104250,5004956,Closed,-1345,0,3491.83,10556.24,30316.71
108730,5004957,Closed,-432,0,4832.05,75478.25,28157.72
106807,5004958,Active,-641,0,698.22,47149.24,9508.57
101226,5004959,Closed,-223,0,1226.39,698151.04,223175.47
100033,5004960,Closed,-1658,0,8413.05,43467.22,4867.46
103956,5004961,Active,-1275,0,4073.91,187049.78,13351.72
108680,5004962,Closed,-1233,0,2265.99,291262.62,100300.12
104826,5004963,Active,-2697,0,1366.52,497570.04,7989.81
200558,5004964,Closed,-397,0,4035.24,545.85,119888.02
103710,5004965,Active,-1027,0,2263.37,276028.41,23291.44
201712,5004966,Closed,-557,0,2096.61,195810.38,79017.39
107986,5004967,Active,-2034,0,178.04,352576.55,32135.7
103303,5004968,Closed,-1563,0,958.9,46655.83,25329.17
109279,5004969,Active,-2362,0,10593.82,23996.45,2704.95
105605,5004970,Closed,-470,0,3469.8,323731.58,65699.64
109648,5004971,Closed,-2152,0,3860.15,638936.81,271.88
105873,5004972,Closed,-2480,0,5354.92,619221.19,176080.43
109974,5004973,Closed,-1090,0,4143.86,58607.53,85574.62
106026,5004974,Closed,-1558,0,7372.92,248031.57,139139.69
200732,5004975,Closed,-2416,0,8890.33,169138.99,129993.04
102883,5004976,Closed,-2298,0,3154.93,8909.94,9590.06
200486,5004977,Closed,-2488,0,3836.42,237071.62,78949.25
100019,5004978,Active,-2178,0,3240.36,344575.49,142310.15
102436,5004979,Active,-1258,30,13173.18,171918.48,7794.62
100936,5004980,Closed,-1624,0,5744.22,216594.32,171442.6
200741,5004981,Closed,-1875,0,4327.35,413377.61,24635.29
105127,5004982,Active,-2768,0,2875.53,110689.33,83476.72
200575,5004983,Active,-2787,0,3583.78,226144.7,35360.02
106913,5004984,Active,-2597,0,1102.54,270832.58,86499.57
106004,5004985,Active,-2436,0,7224.79,3931.95,179469.64
100154,5004986,Closed,-2164,0,1060.26,90964.73,57792.64
108713,5004987,Closed,-1123,0,943.68,85696.69,121232.66
107606,5004988,Closed,-117,0,568.75,135827.98,39233.75
102270,5004989,Active,-1383,0,5555.07,22267.76,396124.64
102686,5004990,Closed,-561,0,7523.5,72547.89,139645.28
105889,5004991,Closed,-2244,0,1256.09,126138.65,106205.55
109623,5004992,Closed,-1514,0,1618.91,50109.42,6996.05
105017,5004993,Closed,-994,0,9656.64,26971.8,22516.68
101492,5004994,Active,-2145,0,8305.4,86423.19,12401.29
100902,5004995,Active,-991,0,45.01,325967.93,76057.73
103193,5004996,Closed,-2333,0,3228.49,129772.05,23950.59
109601,5004997,Closed,-1711,0,4578.03,6264.06,147186.77
201489,5004998,Closed,-2802,0,687.77,329795.81,59187.18
103521,5004999,Closed,-1691,0,388.55,45341.49,19478.56
100619,5005000,Closed,-689,0,651.12,23960.45,40495.6
104252,5005001,Closed,-1723,0,1873.45,388564.55,286682.58
105220,5005002,Active,-665,0,2728.43,254596.67,1851.12
109576,5005003,Closed,-1903,0,4312.22,154228.88,27841.74
201180,5005004,Closed,-1474,0,2234.28,265833.2,104227.95
108586,5005005,Active,-873,0,7605.5,298915.62,97295.51
109287,5005006,Closed,-2556,0,927.24,31120.87,44779.75
101923,5005007,Closed,-1650,0,9893.53,204585.72,21893.89
101940,5005008,Closed,-2251,0,3108.6,5947.37,45649.54
200757,5005009,Active,-2099,0,1886.8,6094.94,193597.83
200105,5005010,Closed,-193,0,7401.05,255312.37,1693.05
105713,5005011,Closed,-1643,0,15865.39,93274.08,122233.11
107371,5005012,Closed,-2495,0,12557.53,15625.8,258919.3
102717,5005013,Closed,-1016,0,28207.12,72666.9,111498.81
109282,5005014,Active,-372,0,5003.11,510344.12,62690.99
201039,5005015,Active,-2813,0,19199.94,39232.12,25126.37
105077,5005016,Closed,-699,0,12315.07,18827.18,36021.59
102569,5005017,Closed,-1879,0,168.58,140480.68,126741.36
201106,5005018,Closed,-39,0,9149.98,82911.21,73084.15
108732,5005019,Active,-1060,0,24266.9,299398.12,129606.74
106339,5005020,Active,-1080,0,6969.5,166624.08,91743.85
200360,5005021,Closed,-680,0,4260.76,128804.82,1663.62
107015,5005022,Active,-2316,0,573.9,142856.34,265628.5
109371,5005023,Closed,-648,0,3756.81,417.44,74949.71
102768,5005024,Closed,-1410,0,1742.28,24482.18,115729.71
108233,5005025,Closed,-493,0,4373.58,24186.42,31164.05
109001,5005026,Active,-1878,0,1358.28,333956.83,6385.29
102076,5005027,Active,-1475,0,11186.39,347159.88,73034.13
105319,5005028,Closed,-2122,0,3529.28,209996.35,17472.25
102350,5005029,Closed,-1654,0,8281.01,314027.79,223235.12
107962,5005030,Closed,-852,0,710.55,1402191.33,119716.12
100700,5005031,Closed,-1639,0,7379.56,306161.98,124729.85
201569,5005032,Closed,-1035,0,9644.69,492821.5,166807.35
200495,5005033,Active,-2385,0,2383.41,78277.08,33045.23
100633,5005034,Closed,-1760,0,2414.22,45203.49,6792.81
103206,5005035,Closed,-1539,0,2540.4,486321.37,24625.54
102119,5005036,Active,-1935,0,10270.77,214341.89,166268.76
106833,5005037,Active,-2987,0,19412.76,455192.76,47695.32
108453,5005038,Active,-237,0,6843.47,130658.8,209887.25
102499,5005039,Active,-691,0,19166.85,105508.56,143385.75
105476,5005040,Closed,-2352,0,10906.52,55183.2,116945.51
200608,5005041,Active,-321,0,238.41,115008.56,136912.52
102496,5005042,Closed,-1911,0,4653.45,91799.97,192376.55
100408,5005043,Closed,-2145,0,314.02,166543.08,197153.17
105016,5005044,Closed,-97,30,61.58,3575.57,89247.55
108723,5005045,Closed,-2601,0,4668.5,59361.14,51741.5
200339,5005046,Active,-1694,0,7083.43,37920.22,27924.32
108466,5005047,Closed,-635,0,3215.7,180715.31,33011.92
105541,5005048,Active,-1095,0,7293.31,195507.83,116389.27
105418,5005049,Closed,-578,0,4627.19,140438.93,100319.31
201863,5005050,Active,-1516,0,323.46,425281.4,7881.1
102797,5005051,Active,-1633,0,2416.17,437816.42,111069.75
105460,5005052,Closed,-1108,0,3373.71,583274.89,27020.53
108674,5005053,Active,-903,0,1939.89,493491.87,3307.24
200267,5005054,Closed,-1967,0,8941.09,401802.17,27900.75
108763,5005055,Closed,-1848,0,367.6,30188.79,129162.53
106991,5005056,Closed,-596,0,14888.77,64206.82,22777.54
101211,5005057,Closed,-352,0,1552.19,579958.01,19297.56
109613,5005058,Active,-2545,0,637.28,356420.57,245055.18
200713,5005059,Closed,-1988,0,4723.62,261801.61,31052.02
109800,5005060,Active,-615,0,926.55,562026.3,4938.12
101626,5005061,Closed,-2700,0,4505.26,117533.86,360274.05
107010,5005062,Closed,-1706,0,6576.02,1469640.94,157987.99
105682,5005063,Active,-28,0,6572.59,21466.09,29193.12
108659,5005064,Active,-718,0,9066.31,85847.97,187763.1
102877,5005065,Closed,-180,0,2966.63,240742.32,64867.44
200195,5005066,Closed,-1046,0,4853.15,225913.99,49915.82
200771,5005067,Active,-2965,10,123.19,127922.04,13833.85
105692,5005068,Active,-1450,0,5358.93,845375.62,28875.07
103859,5005069,Closed,-1293,0,639.16,74150.53,57445.71
109885,5005070,Closed,-2536,0,5216.3,50759.54,28293.74
201434,5005071,Active,-2163,0,8962.36,584792.51,37910.6
101038,5005072,Closed,-1505,0,10479.37,340271.29,316874.42
104289,5005073,Closed,-1268,0,3152.89,6383.52,64928.77
201219,5005074,Closed,-1969,0,2358.07,27659.37,27725.98
200202,5005075,Active,-2742,0,1655.75,102465.2,51377.31
200932,5005076,Closed,-2128,0,2466.71,535236.91,1508.97
101715,5005077,Closed,-2371,0,4198.7,363064.24,56468.36
201765,5005078,Closed,-715,0,4472.09,155136.64,120490.89
100121,5005079,Closed,-349,10,4015.18,146318.94,46894.98
200874,5005080,Closed,-2549,0,271.02,62477.14,64102.32
106647,5005081,Closed,-1532,0,10301.09,123726.85,290831.89
106215,5005082,Closed,-1824,0,21193.97,151139.1,296407.5
109534,5005083,Closed,-2600,0,12058.43,85693.95,162503.45
105802,5005084,Active,-538,0,1594.44,74001.19,42983.56
201502,5005085,Active,-67,0,3101.76,268433.64,9225.06
105239,5005086,Closed,-2365,0,2609.55,39783.21,85215.62
101786,5005087,Closed,-878,0,1525.34,145948.13,55417.86
105289,5005088,Closed,-642,0,6659.76,250506.07,27275.75
106231,5005089,Closed,-1497,0,338.28,315285.99,15408.8
108884,5005090,Closed,-1235,0,6893.03,16671.21,11090.22
103909,5005091,Closed,-17,0,3675.8,416917.36,127643.68
105107,5005092,Closed,-354,0,15708.4,10298.73,3451.18
109195,5005093,Closed,-1617,0,3348.77,465844.51,47930.79
107084,5005094,Closed,-209,0,3941.8,88716.64,27300.8
200327,5005095,Active,-2527,10,194.27,358101.32,42315.5
200941,5005096,Active,-912,0,8609.26,285007.39,23152.16
201681,5005097,Active,-653,0,2005.24,826771.56,46949.98
105689,5005098,Closed,-525,0,412.68,57938.41,64655.12
102309,5005099,Closed,-1989,0,336.6,143928.66,184016.27
107392,5005100,Closed,-169,0,1059.56,436197.06,94806.59
104403,5005101,Closed,-1178,0,712.1,282193.67,3542.44
104224,5005102,Closed,-1447,0,9124.23,127810.86,2338.9
104712,5005103,Closed,-1739,10,330.8,205083.35,208960.71
102254,5005104,Active,-1358,0,2969.51,274391.65,19822.44
102980,5005105,Active,-1085,0,626.92,196092.49,135462.1
200919,5005106,Closed,-2939,0,2851.22,537518.06,69967.64
200467,5005107,Closed,-778,0,3127.64,270163.61,42758.32
104040,5005108,Closed,-125,10,13031.29,307943.24,140351.77
108666,5005109,Closed,-2916,0,5027.95,144376.26,219582.79
101077,5005110,Closed,-472,0,1557.98,43251.0,27041.98
106926,5005111,Closed,-1511,0,4524.93,64607.9,10690.62
104063,5005112,Active,-680,0,9113.15,17041.81,216914.79
107032,5005113,Closed,-2421,0,7343.34,438847.05,8038.96
109480,5005114,Closed,-2550,0,252.82,111239.64,56945.35
103067,5005115,Closed,-1036,0,841.39,770129.52,192196.27
101263,5005116,Closed,-372,0,2075.99,161363.63,55749.28
104709,5005117,Active,-2489,10,2817.4,46907.71,145028.31
104020,5005118,Active,-1776,0,7347.07,283184.98,122440.57
201150,5005119,Closed,-511,0,6577.37,20395.8,78759.98
105684,5005120,Active,-710,0,4546.1,493448.52,17373.74
201651,5005121,Closed,-1215,0,5083.67,54938.38,58689.08
101038,5005122,Active,-987,0,5956.7,339094.28,102919.31
105903,5005123,Closed,-577,0,2647.98,29089.22,407387.58
106187,5005124,Active,-1473,0,1555.94,30184.37,204673.84
101957,5005125,Closed,-975,30,1928.88,16066.2,15556.43
105040,5005126,Closed,-1378,0,3856.39,16684.39,80958.37
105410,5005127,Closed,-1877,0,1541.97,51026.92,174238.5
103993,5005128,Closed,-2613,0,8245.43,280238.89,366240.71
102960,5005129,Closed,-1609,0,6709.5,604609.2,57328.66
108195,5005130,Active,-752,0,4269.24,230690.39,1733.35
101384,5005131,Active,-1766,0,17075.41,286880.01,168652.22
109839,5005132,Active,-1561,0,15356.55,249.51,1191.37
109236,5005133,Active,-2168,0,3416.73,22110.56,37139.8
103708,5005134,Closed,-712,0,4269.78,294729.89,129759.47
101872,5005135,Active,-1707,0,2140.41,362344.81,39249.56
105772,5005136,Closed,-1913,0,2191.78,65904.19,12712.15
109611,5005137,Closed,-2526,0,1930.75,186.93,2208.31
200881,5005138,Closed,-863,30,2658.03,123163.08,137051.39
107099,5005139,Closed,-2730,0,11894.25,264172.35,49194.49
107599,5005140,Closed,-6,0,177.96,4047.47,143034.46
103044,5005141,Closed,-885,0,11524.62,545427.67,111859.89
100361,5005142,Closed,-1525,0,344.49,26259.69,79937.59
102857,5005143,Active,-1312,0,1322.39,191670.75,108042.4
102346,5005144,Closed,-555,0,4631.26,250535.61,403887.78
105593,5005145,Closed,-1207,0,996.28,293519.7,80444.6
101986,5005146,Closed,-1192,0,13131.45,84984.29,61534.05
107535,5005147,Closed,-1012,0,3354.98,164246.28,323016.26
105330,5005148,Closed,-1725,0,8676.98,77948.15,36354.46
102349,5005149,Closed,-1301,0,2095.33,874860.42,228792.15
102471,5005150,Active,-424,0,651.0,558456.62,124846.94
105577,5005151,Closed,-1263,0,2295.82,237259.38,67114.07
100628,5005152,Active,-2438,0,445.63,56821.59,3099.7
103957,5005153,Active,-349,0,3227.26,78936.39,3920.37
201951,5005154,Closed,-1642,0,136.42,22955.3,44027.65
102985,5005155,Active,-267,0,3279.44,153042.16,11417.42
108868,5005156,Active,-943,30,15219.78,232471.0,21114.9
101000,5005157,Active,-867,0,711.72,102766.86,4282.35
105095,5005158,Active,-1393,0,1158.33,297022.52,65618.94
109298,5005159,Active,-2009,0,5935.01,311505.93,8851.93
201105,5005160,Active,-1805,0,20154.53,685.84,10042.75
104952,5005161,Closed,-370,0,9020.64,73944.61,62521.33
106095,5005162,Closed,-340,0,2956.9,320990.77,105600.1
201414,5005163,Closed,-2537,0,208.53,29524.39,183470.11
201648,5005164,Closed,-2542,0,2817.44,268589.37,54915.04
200358,5005165,Closed,-1778,0,4668.09,67011.47,28383.68
102659,5005166,Active,-2887,0,11722.42,91753.9,105055.74
109955,5005167,Active,-2653,0,12547.11,5106.28,55995.93
102894,5005168,Closed,-1852,0,12708.6,330781.22,96934.85
103026,5005169,Closed,-914,0,1045.42,41591.53,28572.48
109238,5005170,Closed,-979,0,1891.75,58160.54,124128.99
104787,5005171,Closed,-1121,0,14302.51,400897.12,11280.68
108974,5005172,Closed,-2227,0,2453.84,95847.91,70382.39
201669,5005173,Closed,-2330,0,43.26,349266.06,43178.95
200492,5005174,Active,-2097,0,3398.07,231021.21,161247.1
105635,5005175,Active,-1013,0,5912.28,58325.71,80486.23
104845,5005176,Closed,-2296,10,6014.3,48119.28,150112.18
109601,5005177,Closed,-2535,0,734.2,66881.61,7213.63
103053,5005178,Closed,-370,0,1927.07,508503.08,41990.74
100149,5005179,Active,-286,0,16031.98,181997.86,198555.93
102903,5005180,Active,-158,0,8873.64,499771.44,3268.3
101121,5005181,Closed,-2870,0,5102.9,771561.93,223119.12
107157,5005182,Closed,-2435,0,11051.05,103800.34,100905.18
102068,5005183,Closed,-499,30,4483.95,124429.02,144244.04
109998,5005184,Closed,-2391,0,3202.72,274880.1,188541.28
200150,5005185,Active,-1080,0,5954.7,148120.84,122029.31
103042,5005186,Closed,-2880,0,1737.67,397062.01,82403.64
107000,5005187,Closed,-1,0,3548.94,47419.89,228762.26
109038,5005188,Closed,-1233,0,203.66,19162.02,54657.86
200792,5005189,Closed,-2718,0,4923.24,885017.04,117265.42
201284,5005190,Active,-953,0,1137.19,207544.39,20286.37
103989,5005191,Closed,-273,0,8979.71,525290.43,983.48
102617,5005192,Active,-2604,30,11593.65,21763.75,195555.85
102378,5005193,Closed,-2417,0,727.27,67209.3,35744.39
101357,5005194,Closed,-488,0,3132.26,99715.84,9761.61
108396,5005195,Closed,-2428,10,7053.35,110195.55,147183.4
200444,5005196,Active,-2419,0,2285.32,97090.11,350.3
102238,5005197,Closed,-627,0,4567.46,504994.05,15023.58
105767,5005198,Closed,-208,10,1687.46,791142.17,91780.27
201795,5005199,Closed,-1432,0,4457.43,32040.46,29230.97
107839,5005200,Active,-1894,0,9510.31,223419.16,7218.78
200881,5005201,Closed,-2184,0,2957.24,118897.72,1162.08
107113,5005202,Closed,-749,0,10952.8,80045.16,94110.88
108189,5005203,Closed,-1690,0,4667.83,450363.02,152648.1
108012,5005204,Closed,-2505,0,7071.39,18661.11,89917.64
105851,5005205,Closed,-1086,0,5667.88,113507.36,29231.06
100860,5005206,Closed,-2467,0,904.68,64099.96,7694.66
102015,5005207,Closed,-147,0,1575.88,290385.86,147769.44
107722,5005208,Active,-1780,0,15004.59,14714.67,122951.09
201550,5005209,Closed,-2734,0,4540.84,185076.48,98300.44
105304,5005210,Closed,-296,0,15840.2,236016.79,55841.58
105623,5005211,Closed,-679,0,23134.81,36599.26,165542.07
102325,5005212,Active,-1656,0,2174.4,166933.95,3677.59
105180,5005213,Closed,-1936,0,2106.31,104895.17,79296.12
200838,5005214,Active,-586,0,700.81,102076.09,76488.59
109984,5005215,Closed,-2364,0,1448.41,629306.42,40405.08
107243,5005216,Active,-1316,0,1676.69,42857.21,44443.14
106167,5005217,Active,-1000,0,838.73,239727.9,19210.61
200032,5005218,Closed,-1404,0,7695.86,725192.43,36015.77
108119,5005219,Closed,-947,0,10584.2,466857.61,55873.04
108244,5005220,Closed,-346,0,378.85,429800.64,33692.68
106002,5005221,Active,-530,0,1506.68,6121.99,10547.83
107569,5005222,Closed,-1143,0,499.63,160083.36,9268.52
105434,5005223,Closed,-857,0,5692.03,377140.14,20123.06
201649,5005224,Active,-2031,0,11043.24,508984.94,192460.33
105822,5005225,Closed,-455,0,624.44,996048.83,52701.24
105409,5005226,Active,-1302,0,1729.6,1877.92,50848.14
107677,5005227,Active,-1179,0,4248.05,84788.89,187583.65
201000,5005228,Closed,-548,0,2998.78,18879.93,118648.12
109197,5005229,Closed,-1258,0,14445.86,94526.66,34759.39
100085,5005230,Closed,-2010,0,5900.97,54270.15,16831.8
104145,5005231,Active,-1264,0,4018.55,162147.1,89748.74
102616,5005232,Closed,-742,0,11944.48,235702.9,212550.11
102242,5005233,Closed,-1836,0,10294.91,93303.58,68909.66
101840,5005234,Closed,-126,0,1321.69,464191.98,86795.46
102400,5005235,Active,-2614,30,1925.53,65572.96,70714.93
105274,5005236,Closed,-1240,0,5388.97,113543.61,206320.11
100901,5005237,Active,-1570,0,345.86,184855.61,151131.46
103718,5005238,Closed,-1209,0,8712.59,243741.83,24367.01
109854,5005239,Closed,-841,0,265.95,170830.04,105665.86
102522,5005240,Closed,-1440,0,1929.49,15732.47,10147.69
103920,5005241,Closed,-1839,0,2767.56,270361.06,137886.41
104704,5005242,Active,-2433,0,712.02,6496.33,12017.68
108928,5005243,Closed,-2163,0,3723.64,33709.64,162763.76
105459,5005244,Closed,-1852,0,6151.86,169734.98,284814.72
102249,5005245,Closed,-954,0,4083.02,87224.93,15854.25
107885,5005246,Closed,-1440,0,1210.81,198729.1,31625.7
100065,5005247,Closed,-2534,0,4302.54,162260.26,33727.15
106072,5005248,Closed,-1489,0,7651.63,212104.07,53996.35
104213,5005249,Closed,-1213,0,7421.82,116433.54,5620.56
107547,5005250,Closed,-733,0,2481.79,330221.09,89151.04
109066,5005251,Closed,-2106,0,8571.51,537395.24,14944.5
101377,5005252,Closed,-1269,0,3749.25,4.32,181010.42
109016,5005253,Active,-697,0,2268.41,78149.51,163868.71
107530,5005254,Closed,-2917,0,1725.35,145975.18,41782.69
102295,5005255,Closed,-2890,0,5468.8,570471.74,39162.0
105633,5005256,Active,-1838,0,1203.01,75525.67,44699.08
100885,5005257,Closed,-451,0,14339.22,144906.59,20665.48
105038,5005258,Closed,-2155,0,1703.32,22879.82,42775.13
106357,5005259,Active,-505,0,1441.04,173811.49,39110.69
108154,5005260,Closed,-994,0,8040.1,3223.42,207648.69
200718,5005261,Closed,-618,0,1426.72,263882.2,54237.66
100514,5005262,Closed,-2453,0,1191.48,49998.9,222655.21
106755,5005263,Closed,-1814,10,9761.47,77904.41,34318.05
109824,5005264,Closed,-2575,0,2964.58,248828.85,97496.47
104580,5005265,Closed,-2342,0,4708.06,127313.47,7436.12
109251,5005266,Closed,-1479,10,16611.03,49478.97,6367.33
107037,5005267,Closed,-1859,0,4390.09,71141.28,36673.2
201245,5005268,Active,-577,0,321.72,507166.96,41525.37
104053,5005269,Active,-2114,0,4788.88,35988.63,105714.85
200173,5005270,Closed,-432,0,550.14,1000531.07,85620.95
101701,5005271,Closed,-1827,10,10048.66,79659.67,18111.45
106279,5005272,Closed,-2739,0,3168.92,71991.41,64377.28
201853,5005273,Closed,-2796,10,5297.44,377161.68,10752.32
201879,5005274,Closed,-1964,0,560.2,16250.46,143122.66
102087,5005275,Active,-416,0,301.81,15316.41,50913.69
105513,5005276,Closed,-2407,0,12298.24,451234.32,40368.88
109408,5005277,Closed,-1510,0,1353.27,184837.22,292055.55
200953,5005278,Closed,-313,0,11115.14,228483.96,245901.76
109046,5005279,Active,-696,0,4218.18,381942.07,72511.46
104984,5005280,Closed,-785,0,4421.22,253688.32,15762.29
107881,5005281,Closed,-2333,0,3155.44,108608.15,235249.65
104206,5005282,Active,-2475,0,13213.39,78008.53,94344.75
100285,5005283,Active,-1358,0,1187.96,98712.04,12210.46
106755,5005284,Closed,-1718,0,8.88,6799.74,150462.88
100183,5005285,Closed,-2477,30,5102.65,42880.42,109954.42
200919,5005286,Closed,-353,0,227.12,109390.39,74652.48
105135,5005287,Active,-546,0,4281.78,498493.51,120120.87
200150,5005288,Active,-2042,0,17470.13,16968.47,81250.96
201991,5005289,Active,-625,0,35345.78,117.27,52091.78
100546,5005290,Closed,-1924,0,15599.65,32343.97,160204.8
201985,5005291,Closed,-779,0,97.72,28247.58,5774.59
105730,5005292,Closed,-164,0,11466.74,284572.36,23827.01
103381,5005293,Active,-2264,10,4773.86,214270.88,86449.49
105736,5005294,Active,-1235,0,5345.65,517869.49,54530.66
100655,5005295,Closed,-151,0,4548.35,67648.76,40413.36
108431,5005296,Closed,-2861,0,5911.52,5216.87,44117.77
104548,5005297,Closed,-2063,0,5979.22,93579.27,69083.21
108617,5005298,Closed,-879,0,1049.4,378253.22,94887.31
107679,5005299,Closed,-2914,0,446.56,261276.5,53355.64
102392,5005300,Active,-1175,0,58.15,314277.23,19660.72
107231,5005301,Closed,-1651,0,12065.05,115455.92,283011.99
201643,5005302,Closed,-856,0,3289.53,39135.87,76634.06
200080,5005303,Closed,-238,0,16177.39,859218.69,2521.1
106775,5005304,Closed,-57,0,1641.73,10739.02,149165.4
101550,5005305,Closed,-1541,0,17.88,131049.66,43018.41
104529,5005306,Active,-2914,0,2327.42,756656.41,21908.95
105651,5005307,Closed,-2416,0,11761.33,54156.23,44487.8
104408,5005308,Closed,-2794,0,4500.47,310629.88,174112.12
107686,5005309,Closed,-512,30,2996.64,217507.84,52822.67
104219,5005310,Closed,-2767,0,963.8,141624.21,302220.47
105678,5005311,Closed,-490,0,223.45,506735.92,487135.05
100926,5005312,Active,-774,0,2934.87,229902.44,78742.87
200082,5005313,Closed,-1984,0,7273.0,76574.94,135624.94
200458,5005314,Closed,-172,0,2878.2,438326.49,51321.64
106778,5005315,Active,-2423,0,5200.96,61441.51,108496.3
104602,5005316,Closed,-1251,0,20926.28,65899.97,58344.63
102160,5005317,Closed,-904,0,1494.16,39320.5,121371.02
102893,5005318,Closed,-249,0,1161.38,121937.89,90426.93
103859,5005319,Closed,-2836,0,6576.88,126808.4,29242.54
100976,5005320,Active,-2519,0,1630.7,184962.36,1653.59
108289,5005321,Closed,-1420,10,2861.78,407728.42,67342.72
106690,5005322,Active,-2911,0,374.39,58354.71,9092.97
107206,5005323,Closed,-1712,0,31.32,297480.09,45630.33
107475,5005324,Closed,-2844,0,4493.01,220004.63,31673.17
101497,5005325,Active,-653,0,9148.17,285705.21,21030.59
107335,5005326,Closed,-323,30,7062.61,420321.23,41585.69
109616,5005327,Active,-280,0,3702.24,78883.39,112701.61
107458,5005328,Closed,-219,0,2031.08,132527.61,6161.26
105645,5005329,Closed,-2905,0,3.64,408277.59,7366.78
105084,5005330,Active,-2327,0,6912.94,248785.15,157577.51
100846,5005331,Closed,-419,0,2521.89,32150.72,40778.48
107721,5005332,Closed,-1884,0,2252.03,271301.51,112181.3
108949,5005333,Closed,-1427,0,268.55,27216.59,193961.75
108874,5005334,Closed,-2007,0,190.38,251022.14,4396.39
102609,5005335,Active,-2978,0,15489.44,783000.92,28948.55
104410,5005336,Closed,-2357,0,5575.33,1805.44,72931.07
109267,5005337,Active,-2944,0,28.09,79328.11,21986.32
106895,5005338,Closed,-1259,0,8364.05,107693.53,94514.06
106307,5005339,Closed,-2148,0,15049.09,84872.55,41770.78
101726,5005340,Closed,-1951,0,12015.78,179937.7,194941.53
105773,5005341,Active,-2009,0,2198.59,9365.67,28102.19
102654,5005342,Closed,-2933,0,407.56,234584.17,682.86
109444,5005343,Closed,-832,10,27751.67,144160.68,54559.2
106642,5005344,Closed,-2361,0,6635.48,112788.85,39497.79
106125,5005345,Closed,-364,0,705.94,112213.57,452168.16
109077,5005346,Closed,-2137,0,10792.37,139960.89,41539.72
107320,5005347,Active,-1029,0,5642.94,125281.7,145946.7
108561,5005348,Closed,-2164,0,2899.26,387548.94,54381.65
109961,5005349,Closed,-536,0,592.31,30267.92,60467.53
104522,5005350,Closed,-2117,0,1186.8,333872.72,8088.3
107802,5005351,Closed,-2520,10,2295.71,44112.09,95425.26
108483,5005352,Closed,-2882,0,13393.14,23477.23,91363.87
104591,5005353,Closed,-1762,0,12354.46,72652.25,13257.92
103109,5005354,Active,-1247,0,11953.93,10278.12,7088.53
106374,5005355,Closed,-986,0,2036.21,30271.71,277885.28
105697,5005356,Active,-1437,10,361.13,15320.91,66123.8
105634,5005357,Closed,-1268,0,2072.55,207850.64,20229.62
109714,5005358,Closed,-1244,0,2270.77,442428.62,27645.12
200565,5005359,Active,-1642,0,4645.08,97646.44,35153.8
109004,5005360,Closed,-1814,0,5538.61,576002.24,13071.9
104869,5005361,Active,-2552,0,1102.3,226296.77,59145.28
107580,5005362,Closed,-2748,0,1628.65,253611.83,87925.6
108187,5005363,Closed,-2414,0,1861.55,705508.7,162175.71
109175,5005364,Closed,-95,0,13686.37,67196.26,4306.46
201392,5005365,Closed,-2504,0,13222.96,259376.89,283390.55
104949,5005366,Closed,-347,0,5588.64,164504.97,76282.31
105005,5005367,Active,-1987,0,1048.7,460665.11,76733.83
100143,5005368,Closed,-369,0,2122.61,166244.45,20982.65
108772,5005369,Active,-706,0,275.38,164376.43,224631.18
104851,5005370,Active,-1950,0,2498.78,67724.07,69780.54
109884,5005371,Active,-2534,0,415.56,196069.46,59744.38
200685,5005372,Active,-366,0,1512.68,63746.42,46840.1
105726,5005373,Active,-418,0,7211.49,145754.95,19566.59
104201,5005374,Active,-691,10,3833.9,288875.75,225440.23
101593,5005375,Closed,-219,0,906.56,158992.0,56393.31
100030,5005376,Active,-1658,0,403.63,25035.9,9165.69
105508,5005377,Active,-2506,10,47.61,41057.96,40604.4
101213,5005378,Closed,-742,0,20790.69,156287.88,26310.46
106998,5005379,Closed,-2380,0,8060.82,54443.75,89586.49
102032,5005380,Active,-1617,0,11591.62,539166.89,10284.4
100019,5005381,Closed,-2035,0,686.61,549422.59,11605.13
106110,5005382,Closed,-2973,0,2329.34,180238.39,143491.38
201194,5005383,Closed,-1117,0,875.81,326773.79,221888.04
104084,5005384,Active,-2075,0,5039.22,78927.95,51138.34
106381,5005385,Active,-2072,0,8326.96,49787.93,23947.62
100609,5005386,Closed,-1565,0,4396.78,67624.98,113485.82
104705,5005387,Closed,-2581,0,6036.97,264229.04,28571.57
102456,5005388,Closed,-1956,0,1174.42,192397.71,31390.54
100540,5005389,Active,-2341,0,9961.85,558109.62,200583.03
106363,5005390,Closed,-2089,0,301.38,259646.5,66856.75
105656,5005391,Active,-1866,0,619.12,422872.0,63032.5
107095,5005392,Closed,-2274,0,790.72,39565.97,17254.15
104200,5005393,Closed,-217,0,367.0,271898.43,221440.04
200786,5005394,Closed,-2511,0,827.5,37154.45,27349.47
106472,5005395,Closed,-633,0,10837.14,510060.46,55167.33
109804,5005396,Active,-507,0,6432.06,343962.76,59195.38
105992,5005397,Closed,-1752,0,9546.79,22397.87,7897.49
100692,5005398,Active,-983,0,8691.21,134983.81,14895.8
109973,5005399,Active,-1924,0,6950.0,39874.55,16604.72
201641,5005400,Closed,-1642,0,6974.01,41092.23,75593.88
108648,5005401,Closed,-1724,0,1375.06,323599.03,30125.17
201619,5005402,Closed,-337,0,19641.34,226861.22,33426.08
104492,5005403,Active,-442,0,921.14,317465.88,68058.26
102525,5005404,Active,-1992,0,338.11,136319.07,4599.78
100557,5005405,Active,-1597,0,2327.39,350055.12,231365.53
103001,5005406,Closed,-2076,0,1085.6,117627.43,233499.02
104250,5005407,Closed,-1616,0,5584.42,20218.6,313593.16
105931,5005408,Active,-2129,0,1970.22,28703.88,24278.0
109131,5005409,Closed,-111,0,3274.61,32426.4,77932.97
109909,5005410,Closed,-772,0,2534.28,224027.2,107898.53
200198,5005411,Closed,-2055,0,7145.58,648363.22,44731.06
200973,5005412,Closed,-390,0,5594.6,150084.32,97518.32
105298,5005413,Closed,-1154,30,605.1,91050.6,16793.0
100739,5005414,Closed,-2477,0,5219.54,252052.78,76010.24
201930,5005415,Closed,-1499,0,6176.28,1115563.99,7244.09
201625,5005416,Closed,-1374,0,1018.77,191739.09,54218.52
103758,5005417,Active,-2113,0,5780.41,13554.47,3479.47
101288,5005418,Closed,-2450,0,2629.11,36880.55,1877.46
107282,5005419,Active,-600,0,838.39,93819.36,174035.05
103418,5005420,Closed,-667,10,1846.08,274462.2,82787.4
100948,5005421,Closed,-333,0,7868.22,9926.02,101971.5
107873,5005422,Active,-893,0,15940.12,268521.17,112579.15
104517,5005423,Active,-2768,0,5323.65,255046.48,53424.08
100501,5005424,Active,-1839,0,165.15,139295.73,126970.82
100991,5005425,Active,-1727,0,4475.54,171185.55,170633.33
103591,5005426,Closed,-849,0,14096.66,31740.09,115826.61
200269,5005427,Closed,-2944,0,4428.3,230277.82,208068.32
102495,5005428,Closed,-593,0,1726.01,182920.79,11296.81
201935,5005429,Closed,-340,0,7100.75,350396.46,156030.48
109104,5005430,Closed,-1731,0,1117.87,362253.7,30071.81
106689,5005431,Closed,-2869,0,4810.55,116561.16,30414.02
101470,5005432,Closed,-952,0,14362.62,118598.22,10413.55
106417,5005433,Closed,-322,0,2501.91,351279.42,3648.43
101062,5005434,Closed,-2138,0,5255.86,84848.01,262685.0
100640,5005435,Closed,-1368,0,3249.25,474514.13,3943.69
108911,5005436,Closed,-2136,0,7645.06,106039.26,13483.98
105790,5005437,Closed,-884,0,1159.64,597576.08,21653.08
100554,5005438,Active,-1238,30,5825.79,529654.48,143379.08
201124,5005439,Closed,-2560,0,831.41,48360.76,48797.11
101082,5005440,Active,-2397,0,12829.79,89439.91,45480.05
103510,5005441,Closed,-1111,0,9004.59,427291.25,24412.11
201155,5005442,Active,-787,0,24173.15,181558.87,15273.94
109133,5005443,Active,-1617,0,10453.26,240969.38,17720.03
109511,5005444,Active,-2295,0,4780.98,48471.48,38675.85
108939,5005445,Closed,-2530,0,7580.72,184550.27,95428.44
201329,5005446,Active,-1726,0,6776.2,71426.92,53997.92
104689,5005447,Closed,-754,0,12053.63,172375.1,33744.93
101276,5005448,Closed,-2704,0,4039.25,54890.42,10923.85
103998,5005449,Active,-1480,0,4251.16,3705.83,45874.92
201778,5005450,Closed,-1284,0,5726.79,33328.05,140691.47
201013,5005451,Active,-1603,0,1752.48,24842.15,224478.44
107444,5005452,Closed,-1700,0,3035.24,300581.11,77916.26
106687,5005453,Active,-486,0,498.13,142139.4,5236.88
201544,5005454,Closed,-23,0,5134.07,196085.22,143437.64
108748,5005455,Active,-2537,0,3676.78,162334.7,155345.06
102319,5005456,Closed,-810,0,728.75,114115.82,13785.49
102120,5005457,Closed,-2357,0,5703.76,166683.82,78248.92
102397,5005458,Closed,-2652,0,13748.19,521403.42,12626.76
109979,5005459,Closed,-1621,0,1783.85,11725.22,120257.71
100575,5005460,Active,-2305,0,9992.93,330537.71,68769.22
102499,5005461,Closed,-1817,0,1717.08,94723.87,197677.83
108823,5005462,Active,-2956,0,20662.37,284083.46,14433.67
103280,5005463,Active,-2338,0,815.77,882285.72,36079.19
109058,5005464,Active,-160,0,10746.64,4478.03,61814.85
201288,5005465,Closed,-664,0,13054.19,9676.39,8316.86
107152,5005466,Active,-524,0,3054.58,150696.04,224510.71
201230,5005467,Active,-2748,0,7684.59,48786.08,47492.41
104088,5005468,Active,-449,0,2687.8,718539.15,97514.17
101043,5005469,Active,-351,0,105.92,15658.12,8217.28
109231,5005470,Closed,-414,0,3953.27,497996.42,239172.43
200968,5005471,Closed,-2569,0,4275.51,20186.8,8944.75
106709,5005472,Closed,-2638,0,426.17,250312.23,113328.92
102583,5005473,Closed,-2017,0,2145.74,251963.22,44678.09
200725,5005474,Closed,-1543,0,321.49,170728.45,308463.19
102551,5005475,Closed,-1094,0,3182.21,113803.2,41295.44
109651,5005476,Active,-2656,0,6529.81,116175.64,59136.72
104712,5005477,Closed,-2281,0,3908.98,500583.0,25578.26
108580,5005478,Closed,-711,0,8438.66,73077.55,45748.57
101858,5005479,Closed,-282,0,6158.86,281157.32,191105.27
102189,5005480,Active,-949,0,7248.67,36680.98,73345.64
102081,5005481,Closed,-2157,0,5904.51,583886.89,236255.33
105863,5005482,Closed,-1652,30,7125.48,1267832.76,55069.85
100319,5005483,Active,-289,0,3367.71,244383.52,48974.98
101795,5005484,Closed,-1168,0,227.72,230857.79,66571.36
100776,5005485,Closed,-1385,0,8716.38,234996.84,126697.88
200770,5005486,Active,-2290,0,1998.38,283366.42,83402.23
103874,5005487,Active,-818,0,4737.05,192842.21,30547.05
201802,5005488,Active,-1538,0,3528.38,194214.31,6235.5
104850,5005489,Closed,-288,0,1420.1,107439.22,34653.18
106883,5005490,Closed,-1425,0,2975.93,87939.96,50957.21
100837,5005491,Active,-568,0,10014.45,140247.3,82827.34
100644,5005492,Closed,-1300,0,285.72,160982.35,79644.17
102234,5005493,Closed,-2634,0,2443.01,2285.3,310067.41
201046,5005494,Closed,-2796,30,3193.16,28672.49,51693.55
100959,5005495,Closed,-2963,0,2158.42,72893.7,150647.37
108052,5005496,Closed,-1529,0,3146.59,321104.17,116966.3
200039,5005497,Closed,-1737,0,283.39,418772.19,122832.32
109068,5005498,Closed,-2905,0,6197.03,779797.64,59505.35
101668,5005499,Closed,-83,0,4338.37,250112.39,61247.06
107175,5005500,Closed,-1100,0,3.23,250719.25,123232.69
200874,5005501,Closed,-333,0,1861.68,80976.84,208415.81
200801,5005502,Closed,-1409,0,1317.65,140316.8,131526.3
103970,5005503,Closed,-1616,0,1179.44,53002.44,199408.93
103208,5005504,Closed,-243,0,1037.79,477181.11,74978.68
104628,5005505,Closed,-2062,0,17221.11,248756.76,49346.55
201847,5005506,Closed,-2701,0,4353.73,102172.04,18742.9
201963,5005507,Closed,-335,0,8740.65,246785.85,85996.26
109254,5005508,Active,-1755,0,9352.49,971860.91,128655.8
200950,5005509,Closed,-2177,0,10808.14,178713.76,35888.91
105499,5005510,Active,-172,30,12880.34,183290.09,23864.5
109889,5005511,Closed,-2623,0,6459.03,197135.68,9291.1
107887,5005512,Closed,-2799,0,2201.85,281469.3,40048.15
200618,5005513,Closed,-315,0,8188.23,371940.49,26727.34
201608,5005514,Closed,-891,0,321.96,132965.38,64906.98
100203,5005515,Closed,-1087,0,5283.15,514533.22,12619.8
201571,5005516,Closed,-1461,0,135.44,883045.01,162353.38
106236,5005517,Closed,-2920,0,2629.63,90024.29,59397.34
107575,5005518,Active,-2872,0,4040.58,1872.53,27994.2
107160,5005519,Active,-2940,0,66.17,331352.44,112816.18
200539,5005520,Closed,-2762,0,7721.19,88515.28,54962.65
106013,5005521,Active,-775,0,2147.35,111683.7,115488.49
102848,5005522,Active,-857,0,1663.63,80729.04,82153.68
109547,5005523,Closed,-421,0,10967.87,114178.42,122583.23
200041,5005524,Active,-211,0,4965.43,301923.49,106943.52
104500,5005525,Closed,-1082,0,46.51,215853.53,160626.6
109507,5005526,Closed,-299,0,8089.48,181665.63,37504.05
200921,5005527,Closed,-577,0,2988.38,392417.73,81354.66
108929,5005528,Active,-461,0,12922.46,434701.97,170159.33
106083,5005529,Closed,-2799,0,1826.84,36144.95,60291.96
106576,5005530,Closed,-1438,10,2986.94,81233.72,52069.38
108010,5005531,Closed,-1775,0,1318.55,85699.37,114650.89
201256,5005532,Closed,-1882,0,4829.21,136704.74,11347.57
108682,5005533,Closed,-562,0,13253.2,218843.54,106730.39
102890,5005534,Closed,-1814,0,658.48,177733.71,1632.56
102243,5005535,Closed,-93,0,574.7,40222.32,253927.82
104806,5005536,Closed,-733,0,1223.07,49650.66,4779.56
103345,5005537,Active,-4,0,4059.13,207397.34,157469.18
105997,5005538,Active,-1203,0,3714.07,364437.27,62954.13
109439,5005539,Closed,-1577,0,980.23,316313.86,195230.69
100427,5005540,Closed,-2014,0,266.39,272662.86,17788.75
100020,5005541,Closed,-2521,0,696.15,39228.25,180311.91
201504,5005542,Closed,-604,0,396.42,127257.49,6359.71
108734,5005543,Closed,-2409,0,4301.89,83820.13,47102.51
109185,5005544,Active,-2324,0,1606.87,12255.86,219659.26
101932,5005545,Active,-15,0,6654.74,247833.54,23135.41
100950,5005546,Active,-1296,0,12537.04,31873.36,202792.94
200686,5005547,Active,-1318,0,553.72,60231.13,104921.07
104815,5005548,Closed,-2341,0,14.52,673520.85,5467.04
105670,5005549,Closed,-2253,0,212.12,375761.66,3128.89
103135,5005550,Closed,-1411,0,3809.63,2875.92,27190.02
103393,5005551,Active,-2025,10,3559.14,54909.73,98323.77
100971,5005552,Closed,-2252,0,397.76,152573.36,47386.7
201848,5005553,Active,-712,0,321.41,193985.93,20364.83
100704,5005554,Closed,-2560,0,4186.0,141334.47,49910.55
109207,5005555,Closed,-1126,0,137.92,114727.38,87398.01
201521,5005556,Closed,-1090,30,1933.72,34642.98,29621.06
201878,5005557,Closed,-1906,0,10430.62,346817.6,4147.05
105433,5005558,Active,-2301,0,3320.19,225955.07,63811.54
106434,5005559,Closed,-651,0,2092.09,403970.09,18207.28
103603,5005560,Closed,-1359,0,11241.75,444958.76,334527.46
200250,5005561,Closed,-2049,0,12170.29,186241.75,56970.09
107662,5005562,Closed,-892,0,1091.69,200073.35,116501.09
201670,5005563,Closed,-583,0,8498.86,244533.51,12276.32
102241,5005564,Closed,-570,0,8779.76,192809.14,29987.39
103361,5005565,Closed,-2153,0,2321.54,156630.33,49848.84
105960,5005566,Closed,-730,0,3433.64,131552.62,105306.32
102470,5005567,Closed,-2224,0,3377.29,396696.26,18988.86
109986,5005568,Closed,-1863,0,10847.88,100243.94,12354.81
101569,5005569,Closed,-378,0,104.8,65531.93,18786.66
104458,5005570,Active,-1482,0,17869.43,55051.53,74622.74
101877,5005571,Active,-998,0,1558.57,416127.53,98667.03
201657,5005572,Active,-915,0,1333.68,338058.26,92320.38
105417,5005573,Closed,-1211,0,2791.5,67414.77,5542.73
200554,5005574,Closed,-2829,0,1534.21,41830.27,88889.45
201453,5005575,Closed,-2035,0,822.65,238767.32,51111.62
103237,5005576,Active,-1447,0,9963.3,78658.0,28407.55
101568,5005577,Closed,-1541,0,5976.22,84395.57,58146.04
106466,5005578,Active,-2236,0,9948.61,405396.75,8982.69
201244,5005579,Active,-1992,30,19090.92,39703.27,82401.34
101491,5005580,Closed,-2693,0,15992.95,129047.85,24421.49
201438,5005581,Closed,-2887,0,2614.67,389227.14,95812.53
107852,5005582,Closed,-2259,0,2504.32,722343.43,9441.21
105513,5005583,Closed,-2654,0,1272.58,191629.0,22857.11
101483,5005584,Closed,-2750,0,3868.77,141351.84,10757.46
103167,5005585,Active,-1613,0,625.87,19841.34,5749.28
102680,5005586,Closed,-2927,0,1777.69,161454.64,150099.64
200370,5005587,Closed,-2381,0,4098.84,39348.81,8307.7
107393,5005588,Active,-1534,30,3036.02,981511.24,165578.09
201036,5005589,Closed,-2697,0,1286.69,34340.94,20779.95
107451,5005590,Closed,-1216,0,1216.78,165586.66,96871.88
103417,5005591,Active,-2900,0,809.61,156719.77,146017.91
107112,5005592,Active,-151,0,1616.69,406771.18,145420.7
101003,5005593,Closed,-960,0,9811.81,182642.21,74985.09
107553,5005594,Closed,-577,0,542.93,11048.48,83616.3
107198,5005595,Closed,-2000,0,3596.77,61319.62,95341.4
109760,5005596,Active,-2917,0,5817.52,103473.13,107409.65
105435,5005597,Closed,-220,0,1473.69,39722.38,61977.88
107527,5005598,Active,-937,0,10167.4,229807.51,55699.88
100246,5005599,Closed,-1361,0,3049.16,210058.85,4678.17
201407,5005600,Closed,-95,0,5116.57,104366.05,44604.4
104166,5005601,Closed,-503,0,425.27,92.3,153199.51
109984,5005602,Closed,-1756,0,2488.6,233424.5,106522.46
106666,5005603,Closed,-1475,0,3253.72,816174.32,30978.06
109551,5005604,Closed,-2607,0,1981.76,206582.53,955.36
200994,5005605,Active,-2357,0,1599.29,169619.21,83750.52
103273,5005606,Active,-1055,0,24780.41,33522.01,110739.81
101244,5005607,Active,-1641,0,456.88,589797.98,16900.56
200934,5005608,Closed,-1371,30,4388.26,128464.45,96912.54
200939,5005609,Active,-81,0,408.3,334303.84,197666.83
100840,5005610,Closed,-1038,0,36174.78,23399.43,140003.5
103915,5005611,Closed,-2322,0,56.75,4490.04,152763.19
108088,5005612,Closed,-2523,0,2752.99,577027.01,73121.27
102918,5005613,Closed,-1314,0,8129.51,28970.52,16452.26
108392,5005614,Closed,-913,0,835.71,565122.67,88619.54
106572,5005615,Active,-1545,0,427.35,4487.97,59274.94
201715,5005616,Closed,-1042,0,2966.26,77052.97,294733.98
200215,5005617,Active,-1863,0,6526.66,281331.44,46160.59
201270,5005618,Closed,-1374,0,259.42,71458.43,290632.99
108356,5005619,Closed,-2128,0,1442.26,536780.0,35258.76
101149,5005620,Closed,-653,0,15611.21,8998.21,108927.36
107161,5005621,Closed,-2839,0,1024.28,555364.31,3844.34
104384,5005622,Active,-1011,0,3971.14,182720.58,166745.48
101712,5005623,Closed,-1631,0,10132.49,407967.62,82245.53
109794,5005624,Closed,-1390,0,354.14,64699.43,32393.56
105314,5005625,Active,-1753,0,2272.05,14078.61,210473.71
104209,5005626,Active,-2398,10,2379.52,40119.72,262507.56
107438,5005627,Closed,-2273,0,4446.88,291590.01,11038.31
106759,5005628,Active,-1832,0,416.05,286077.08,4993.56
201006,5005629,Active,-1693,0,1027.63,41673.19,35654.73
102484,5005630,Closed,-1709,0,1766.53,12934.25,4469.57
106936,5005631,Closed,-1507,0,3914.6,27822.26,114493.79
201845,5005632,Closed,-2389,0,406.14,111773.55,19747.5
107066,5005633,Closed,-1542,0,2048.85,500030.89,52053.51
104359,5005634,Active,-1782,0,3276.23,370311.5,117526.61
106077,5005635,Closed,-2604,0,20606.54,8799.66,39661.05
106644,5005636,Active,-705,0,9419.61,167754.88,100156.42
106094,5005637,Closed,-536,0,4400.19,189563.47,88363.01
100625,5005638,Closed,-1138,0,2020.56,26205.5,166125.32
105536,5005639,Active,-770,0,17273.85,264284.36,4426.63
109951,5005640,Closed,-2698,0,967.07,389943.28,74448.61
104297,5005641,Closed,-1330,0,400.38,289366.53,10026.53
109668,5005642,Closed,-627,0,13953.49,360806.09,24129.68
201091,5005643,Active,-2023,0,1535.18,31043.95,283589.11
100623,5005644,Closed,-479,0,2344.05,223498.01,168516.05
200368,5005645,Active,-2023,0,4378.1,139034.61,50822.67
106001,5005646,Closed,-2822,0,4991.09,15134.2,166393.2
102162,5005647,Active,-780,0,13.86,103139.68,11458.51
105392,5005648,Active,-435,0,1606.37,37846.53,8521.75
103057,5005649,Closed,-2496,0,8213.27,69795.17,122159.4
108229,5005650,Active,-2069,0,8937.67,139699.03,8161.42
106433,5005651,Closed,-1309,0,1644.8,57901.42,3585.69
103526,5005652,Active,-2774,0,11322.22,1254.45,108768.56
104270,5005653,Closed,-1494,0,1756.97,215840.73,28863.77
105482,5005654,Closed,-842,0,2040.45,13397.81,151121.35
200753,5005655,Closed,-878,0,124.07,341207.8,119705.76
108628,5005656,Active,-2728,0,536.61,11886.94,134787.9
200793,5005657,Closed,-1124,0,10062.65,215375.16,96588.64
109085,5005658,Closed,-868,0,1691.71,232606.07,37427.06
104636,5005659,Closed,-522,0,1844.45,124293.28,138454.0
102451,5005660,Closed,-978,0,905.36,514955.04,244834.46
100015,5005661,Active,-2095,10,4220.65,24118.94,127761.3
102921,5005662,Closed,-1025,0,3044.26,78958.54,22336.81
108038,5005663,Active,-2218,0,2730.46,797674.53,24216.53
200885,5005664,Active,-1337,0,1724.33,192192.09,119998.52
107054,5005665,Closed,-1298,0,241.4,484565.89,294980.76
107362,5005666,Closed,-415,0,654.42,182381.21,171175.27
109523,5005667,Closed,-2908,0,2771.62,45002.95,145406.44
201658,5005668,Closed,-2430,10,3298.99,385928.85,191472.09
108364,5005669,Closed,-191,0,9386.53,165130.61,27833.4
104233,5005670,Closed,-1456,0,9420.48,651778.99,61320.03
103911,5005671,Active,-613,0,3095.72,438728.84,98534.86
101958,5005672,Closed,-843,0,2625.26,42565.67,43023.81
102361,5005673,Closed,-506,0,589.91,20842.53,114827.38
200446,5005674,Closed,-183,0,7023.54,835105.36,74575.74
104278,5005675,Closed,-1675,0,327.76,5107.94,93576.2
200984,5005676,Closed,-400,0,7645.48,481673.42,3375.74
106398,5005677,Closed,-226,0,4186.06,108045.92,217295.52
100821,5005678,Closed,-256,0,17710.44,294967.59,102734.32
103584,5005679,Closed,-2050,0,1031.16,77141.3,21382.64
105423,5005680,Closed,-1028,0,243.01,413259.23,71587.67
100566,5005681,Closed,-1554,0,3675.08,509549.16,140837.76
105273,5005682,Closed,-531,0,1309.44,870912.08,149283.46
104926,5005683,Closed,-2061,0,4254.16,20649.61,113262.12
107272,5005684,Closed,-1622,0,2982.74,226551.42,412.69
101229,5005685,Closed,-1779,0,1618.33,90177.49,105739.89
200609,5005686,Closed,-1963,0,2716.4,272941.52,6301.08
101252,5005687,Closed,-154,0,34.1,119481.73,1896.15
107336,5005688,Active,-242,10,1840.25,1376984.11,114317.78
105742,5005689,Closed,-2129,0,6716.37,25080.49,10220.44
106944,5005690,Closed,-1619,0,3490.96,125445.22,53043.37
100978,5005691,Closed,-1158,0,7065.72,200103.96,19921.01
201078,5005692,Closed,-353,0,4793.37,44115.82,143632.94
201313,5005693,Active,-67,0,2220.52,76703.18,93814.28
106215,5005694,Closed,-655,0,3258.69,553310.41,132854.17
200216,5005695,Closed,-2449,0,3323.03,118416.48,1462.61
101156,5005696,Closed,-284,0,15116.99,83260.83,69544.38
200320,5005697,Closed,-1522,0,1968.14,85535.48,26147.31
103834,5005698,Closed,-758,0,1865.96,9932.62,80640.58
201245,5005699,Active,-163,0,4232.93,100476.97,17214.01
200896,5005700,Closed,-2264,0,755.93,692464.2,46767.78
101027,5005701,Active,-689,0,2321.36,666104.56,59129.36
105518,5005702,Closed,-1822,0,5899.05,673172.9,198096.43
109135,5005703,Closed,-2122,0,268.61,395703.2,49307.01
103079,5005704,Active,-1416,0,7524.05,314936.36,169404.88
106997,5005705,Active,-2015,0,1195.39,591165.63,134322.34
105156,5005706,Active,-2067,0,4274.05,39858.98,70509.35
105082,5005707,Closed,-808,0,2573.73,127121.86,106620.85
201844,5005708,Active,-2624,0,4192.99,116918.95,263937.57
108149,5005709,Active,-2930,0,337.32,243300.87,258568.42
101777,5005710,Closed,-362,0,255.07,237232.08,33931.45
102048,5005711,Active,-2306,0,8.08,118476.84,97155.01
106069,5005712,Active,-1662,0,7634.97,200853.3,128729.55
102949,5005713,Closed,-888,0,3736.84,553762.42,27661.45
106561,5005714,Closed,-2918,0,7719.01,76106.7,7618.75
200633,5005715,Closed,-2238,0,6319.8,124106.08,25231.36
105813,5005716,Closed,-1252,0,8669.11,41897.92,14818.75
102718,5005717,Closed,-1560,0,2360.57,933737.68,115919.28
109129,5005718,Closed,-1856,0,35.1,87080.2,132210.09
107102,5005719,Closed,-2851,0,16816.04,141286.77,100263.85
200736,5005720,Closed,-305,0,9795.37,33007.52,199265.66
107500,5005721,Active,-4,0,13165.4,72554.83,7403.55
104588,5005722,Closed,-1183,0,2184.26,112579.57,82542.42
200715,5005723,Closed,-2799,0,14551.61,103688.32,13693.54
201952,5005724,Closed,-1963,30,2936.14,381077.81,47874.4
200318,5005725,Closed,-1725,0,10450.04,139759.65,470988.66
200398,5005726,Active,-240,30,3714.37,199178.02,25744.31
103476,5005727,Closed,-1136,0,12945.19,42679.16,62702.02
103350,5005728,Active,-85,0,10242.11,134271.06,67763.05
107980,5005729,Closed,-589,0,9325.5,80007.65,36440.23
109101,5005730,Active,-1879,0,426.87,101576.62,11579.0
101194,5005731,Closed,-2410,0,2132.94,239055.99,86293.17
106093,5005732,Closed,-324,0,17872.69,58043.15,21302.61
100203,5005733,Closed,-1492,0,6753.59,252971.38,20424.5
201315,5005734,Closed,-2273,0,2494.67,64649.89,66563.86
201914,5005735,Closed,-564,0,5887.13,25181.57,11261.91
109445,5005736,Closed,-2975,0,1363.72,224866.69,94300.79
105343,5005737,Active,-722,0,301.94,164955.63,132433.35
101645,5005738,Closed,-149,0,531.93,60715.06,69394.72
103607,5005739,Active,-629,0,16973.87,119103.57,80020.41
106551,5005740,Active,-2935,0,10324.21,623720.27,110932.49
201093,5005741,Closed,-2587,0,8941.57,368390.78,228165.2
100034,5005742,Closed,-1242,0,287.4,141212.01,8330.66
201068,5005743,Closed,-2350,0,7161.02,49160.21,245439.04
100122,5005744,Closed,-1480,0,4778.27,9484.91,72426.77
103990,5005745,Active,-779,0,1714.87,173078.55,89655.86
200936,5005746,Closed,-1125,0,4163.27,94857.5,5991.1
100047,5005747,Closed,-2940,0,841.11,338095.24,44795.03
108424,5005748,Closed,-1213,0,4745.06,127247.3,4123.52
107513,5005749,Closed,-216,0,4499.92,363357.26,43081.74
200731,5005750,Closed,-906,0,5724.76,278398.4,76756.18
105659,5005751,Closed,-1828,0,1028.57,67628.83,2979.65
106511,5005752,Closed,-836,0,180.78,618349.61,43346.4
103882,5005753,Closed,-2326,0,1465.33,410244.3,44806.09
201878,5005754,Closed,-1242,0,643.61,476601.14,18682.51
104113,5005755,Closed,-2378,0,5383.99,10873.58,3199.03
104740,5005756,Active,-1653,0,1235.74,351079.28,110975.05
105341,5005757,Closed,-466,0,12125.23,674461.57,82227.67
106570,5005758,Active,-602,0,7235.42,89326.05,92088.84
200506,5005759,Closed,-1306,0,263.35,35869.47,961.02
107888,5005760,Closed,-1482,0,5830.02,642494.1,44287.9
108608,5005761,Closed,-600,0,1284.81,232746.46,161205.11
108843,5005762,Closed,-785,0,2007.76,781554.14,39234.02
100591,5005763,Active,-2203,0,2646.4,22122.01,157089.43
200438,5005764,Closed,-2287,0,5552.51,22271.75,27732.34
103427,5005765,Active,-2412,0,3375.58,246394.38,19625.1
104619,5005766,Active,-1473,0,12940.82,48781.46,198240.22
106604,5005767,Active,-296,0,2200.19,590816.75,22496.7
200889,5005768,Closed,-2759,0,5096.51,8428.28,150978.99
200156,5005769,Active,-259,0,1893.31,34792.77,38160.91
106819,5005770,Closed,-363,0,13326.73,654223.19,105808.0
101894,5005771,Closed,-2730,0,26733.11,379471.01,58405.51
100815,5005772,Closed,-2644,0,10055.52,358117.32,103350.66
106333,5005773,Closed,-2469,0,4940.61,115623.78,25347.44
100679,5005774,Active,-2622,0,2294.71,10830.94,55313.32
106234,5005775,Closed,-2030,0,1918.94,151469.23,28827.9
108915,5005776,Closed,-2528,0,370.97,8616.27,335036.77
106967,5005777,Closed,-85,0,243.57,392008.36,57453.91
102780,5005778,Closed,-790,0,13126.36,791336.26,5024.7
200767,5005779,Active,-728,0,9340.13,172978.01,112886.05
201574,5005780,Closed,-570,0,8963.19,197464.05,24520.78
108354,5005781,Closed,-1514,0,2159.62,15734.96,16699.71
102335,5005782,Active,-1188,0,9737.42,556993.84,121041.62
106503,5005783,Closed,-1717,0,3086.96,118438.11,148930.02
101663,5005784,Closed,-281,0,666.07,587022.76,72955.07
102905,5005785,Closed,-1848,10,14895.14,151441.9,264339.79
107600,5005786,Closed,-1429,0,4088.69,24692.87,215540.8
101346,5005787,Closed,-528,0,2517.08,74162.59,23267.0
106185,5005788,Active,-369,0,3048.25,101676.14,12033.65
108129,5005789,Closed,-2570,0,10853.85,85175.16,37816.22
105798,5005790,Active,-1599,0,1229.03,208506.75,34170.31
107227,5005791,Active,-2093,0,3043.78,263306.85,61284.35
103877,5005792,Active,-2910,0,1316.81,176828.02,246474.64
105024,5005793,Closed,-1061,0,2158.88,226499.47,44851.08
100776,5005794,Closed,-571,30,5376.9,55245.61,310891.6
102289,5005795,Closed,-1246,0,1066.88,196565.15,15211.54
104682,5005796,Closed,-328,0,8723.94,7321.6,27286.64
109813,5005797,Closed,-311,0,14991.01,80637.5,104910.75
101352,5005798,Closed,-2383,0,3770.76,211661.53,32606.39
107250,5005799,Active,-506,0,6773.03,133842.25,273433.45
100002,5005800,Closed,-1201,0,4132.55,121733.99,303282.1
200715,5005801,Active,-2634,0,12010.36,250668.6,11471.25
109731,5005802,Closed,-1914,0,4059.07,255311.92,414161.21
100971,5005803,Closed,-1446,0,19923.75,1994.14,13444.38
100156,5005804,Closed,-454,0,22724.5,68475.95,48151.54
102999,5005805,Closed,-1485,0,8786.77,65543.05,41996.73
105943,5005806,Active,-1228,10,3514.55,1643.34,27515.09
103204,5005807,Closed,-2179,0,1211.38,137461.39,24918.57
102763,5005808,Active,-651,0,793.6,25870.21,68747.65
201636,5005809,Active,-1560,0,861.28,278568.68,57260.3
102791,5005810,Closed,-1443,0,4953.32,77967.59,7821.21
103623,5005811,Closed,-1120,0,1305.06,48248.26,55801.16
106641,5005812,Closed,-929,0,4216.07,293543.02,91301.46
107475,5005813,Active,-65,0,11314.95,103449.46,34928.04
100559,5005814,Closed,-510,30,2000.55,126107.03,97804.37
105165,5005815,Active,-214,0,946.65,163527.69,167921.37
103447,5005816,Closed,-8,0,12660.74,135374.72,70502.64
201277,5005817,Active,-2994,30,899.58,2706.52,89869.73
102942,5005818,Closed,-2392,0,3835.3,32695.81,61881.84
109506,5005819,Closed,-2721,0,1685.78,175020.44,28955.38
109156,5005820,Active,-2883,0,665.18,138189.55,150582.25
109397,5005821,Closed,-1432,0,1851.64,325937.01,99434.13
107254,5005822,Active,-2724,0,5.93,224642.31,3548.46
201411,5005823,Active,-1206,0,1008.22,168665.9,12926.05
102486,5005824,Active,-1798,0,2546.28,13381.83,91618.27
104544,5005825,Closed,-99,0,2706.86,633.93,102178.97
103071,5005826,Active,-1236,0,3175.86,5454.23,114511.42
104793,5005827,Closed,-1396,0,164.51,305224.93,44838.87
104390,5005828,Active,-245,0,3286.72,286503.32,19100.96
101767,5005829,Active,-2363,10,4203.13,164084.24,23356.68
100678,5005830,Closed,-2515,0,801.83,4222.68,22922.37
109482,5005831,Closed,-974,0,5047.85,153034.02,21403.39
107207,5005832,Active,-502,0,4431.61,212982.27,18105.49
108031,5005833,Active,-1187,30,1632.57,302606.18,36093.2
109130,5005834,Active,-682,0,2553.32,38769.08,92026.14
104361,5005835,Active,-2700,0,12111.24,211313.79,117073.1
106360,5005836,Active,-2508,0,4390.85,332722.4,13496.93
105656,5005837,Closed,-1260,0,4829.32,399860.4,17204.33
104341,5005838,Active,-2407,0,3146.18,253683.22,109227.51
201857,5005839,Closed,-2165,0,985.82,210881.35,80097.64
103574,5005840,Closed,-2154,0,18162.0,468.25,120868.58
106689,5005841,Active,-2482,10,313.68,69692.25,3171.44
106931,5005842,Active,-2457,0,1605.54,57888.9,109066.51
105903,5005843,Closed,-909,0,382.97,41529.17,92517.67
108896,5005844,Closed,-2150,0,2667.72,166235.23,88213.07
107401,5005845,Closed,-2874,0,1434.77,281090.53,46008.94
201812,5005846,Closed,-2511,0,201.91,377797.56,105824.73
100797,5005847,Closed,-676,0,4116.63,322607.64,14641.8
101617,5005848,Active,-1030,0,14474.55,112265.25,871.12
108222,5005849,Active,-776,0,11451.52,277109.77,190.9
108521,5005850,Closed,-1078,0,4553.94,176377.71,3722.74
105443,5005851,Closed,-2646,0,424.28,35239.04,80144.38
104674,5005852,Closed,-229,0,371.13,37722.18,210042.06
109865,5005853,Closed,-2050,0,14202.69,6717.64,59362.81
102550,5005854,Closed,-2429,0,1545.04,58625.99,8003.0
101283,5005855,Closed,-351,0,2750.44,18258.04,187700.13
106583,5005856,Closed,-2864,0,3618.85,259291.32,35653.03
109440,5005857,Active,-263,0,413.61,43566.8,26211.75
103909,5005858,Closed,-168,0,12926.23,111028.62,92007.74
102390,5005859,Closed,-1029,0,2205.73,69651.88,1313.49
107023,5005860,Closed,-842,0,568.98,252815.11,79221.05
106345,5005861,Closed,-2555,0,10773.64,363683.02,158430.42
200077,5005862,Closed,-997,0,24786.58,170252.23,11464.97
201751,5005863,Closed,-29,0,4641.84,119967.31,169036.59
101290,5005864,Closed,-1826,0,5380.93,110085.0,9237.63
104885,5005865,Active,-292,10,11271.39,521373.53,211009.71
201422,5005866,Closed,-74,0,3819.35,117333.15,83048.42
104392,5005867,Closed,-2405,0,12178.62,149068.66,86099.72
104380,5005868,Closed,-79,0,3534.36,221574.63,81887.25
105072,5005869,Closed,-367,0,388.17,236427.62,204236.76
106118,5005870,Closed,-1080,0,106.88,835381.3,386348.59
102111,5005871,Closed,-932,0,511.91,247376.33,88980.12
102767,5005872,Closed,-2678,0,768.01,446020.76,146631.5
101454,5005873,Active,-2464,0,2552.28,146475.88,119567.17
200645,5005874,Active,-2349,0,988.13,205747.2,25698.37
103692,5005875,Active,-2646,0,6940.95,11190.72,74722.96
101048,5005876,Closed,-2276,0,3526.66,107756.75,85597.46
104772,5005877,Closed,-1900,0,12.31,395817.41,34926.26
108137,5005878,Active,-752,0,2874.39,400563.92,202512.97
104276,5005879,Closed,-2399,10,702.72,277465.38,464148.74
108736,5005880,Closed,-2804,0,6800.05,87024.88,26365.54
200666,5005881,Closed,-2895,30,7943.34,407769.7,85870.51
104913,5005882,Closed,-568,0,5819.1,43107.78,22093.64
109535,5005883,Active,-2962,0,7008.39,1054572.22,125518.07
200056,5005884,Closed,-1117,0,2764.15,186000.74,97726.06
109346,5005885,Active,-800,0,7080.04,783014.89,104862.14
201087,5005886,Closed,-1717,0,7308.42,23753.98,63219.07
103396,5005887,Closed,-564,0,5976.69,327575.99,57556.28
108540,5005888,Active,-702,0,11222.0,60094.4,23745.49
105964,5005889,Closed,-939,0,3988.17,267851.39,57296.12
105995,5005890,Closed,-2537,0,1523.8,207868.37,235861.6
107143,5005891,Closed,-2297,0,7670.49,91405.76,54997.25
109501,5005892,Active,-1616,0,6776.47,171686.29,309988.34
104839,5005893,Closed,-1746,0,21136.78,295264.19,119676.64
107912,5005894,Active,-955,0,5436.12,73162.81,26490.22
105823,5005895,Closed,-23,0,10387.77,96707.2,603386.11
102288,5005896,Active,-2259,0,1954.45,33713.55,1054.65
103574,5005897,Closed,-461,0,1578.12,198537.74,20067.15
108079,5005898,Closed,-2493,0,5601.26,133067.99,80762.27
100171,5005899,Closed,-2100,0,6187.87,2881.99,39236.21
200611,5005900,Active,-698,0,3522.41,154806.2,23348.48
201834,5005901,Closed,-1975,0,6575.45,275458.05,146283.38
104734,5005902,Closed,-91,0,1962.39,475529.59,149131.31
102172,5005903,Closed,-2390,0,3265.82,93403.11,144039.61
201109,5005904,Closed,-2925,0,147.78,104791.52,68017.01
102410,5005905,Active,-740,0,890.72,24790.85,76015.21
200125,5005906,Closed,-2485,0,7808.77,960646.5,44363.58
104058,5005907,Closed,-1088,0,214.64,22181.39,91642.33
101768,5005908,Active,-2732,0,1246.47,37643.98,11955.28
200214,5005909,Active,-1394,0,6767.52,202157.75,6168.69
109242,5005910,Closed,-2593,0,6419.97,709479.78,54761.1
104262,5005911,Active,-599,0,2731.67,149165.63,184957.79
108294,5005912,Active,-1041,0,3863.63,174185.44,28190.89
109961,5005913,Closed,-2488,0,1858.5,469112.18,24031.94
201156,5005914,Closed,-461,0,261.52,399708.91,191964.14
109637,5005915,Closed,-544,0,5376.17,41242.05,154126.33
108590,5005916,Closed,-617,0,6006.69,69270.92,96581.76
102367,5005917,Closed,-1538,0,13106.91,39861.99,230332.67
101329,5005918,Active,-43,0,7087.71,262944.52,2354.04
109352,5005919,Closed,-389,0,530.54,166566.92,231223.79
102963,5005920,Closed,-1690,0,718.98,264715.17,10102.47
107518,5005921,Closed,-1459,0,2984.62,222285.56,36817.05
103631,5005922,Active,-2425,0,4853.23,414404.38,25380.09
109683,5005923,Closed,-886,0,14914.9,17016.27,136670.41
201609,5005924,Active,-2508,0,107.91,170927.25,69923.56
109562,5005925,Active,-1905,0,3076.01,65376.12,23987.46
103415,5005926,Active,-1965,0,2546.29,534.08,27822.54
106988,5005927,Closed,-869,0,7932.42,73124.98,90027.81
200265,5005928,Closed,-1861,0,915.78,276381.39,144297.08
107023,5005929,Closed,-332,0,1033.21,354468.61,28035.23
102013,5005930,Closed,-2975,0,1424.76,164961.23,27189.09
107662,5005931,Active,-1048,0,8253.82,127036.58,101741.39
200249,5005932,Closed,-599,0,3950.12,192629.03,14613.39
101360,5005933,Closed,-947,0,922.26,488839.18,37929.0
104015,5005934,Active,-1983,0,743.84,548118.91,17235.02
106705,5005935,Closed,-377,10,3267.51,3052.94,50709.69
201570,5005936,Closed,-2083,0,6583.83,14827.56,109306.03
103199,5005937,Active,-1357,0,14212.21,255432.81,128335.4
107573,5005938,Closed,-32,0,2227.12,23882.45,59984.44
108483,5005939,Closed,-2307,0,2501.01,266650.87,29411.67
102372,5005940,Closed,-1106,0,1581.63,132109.95,10772.17
100191,5005941,Closed,-142,0,5274.75,108430.94,72493.08
200118,5005942,Active,-25,0,320.43,95766.56,171419.4
109443,5005943,Active,-480,0,9771.7,339765.63,65551.27
104476,5005944,Closed,-1387,0,4660.13,122941.44,134973.3
200584,5005945,Closed,-1372,0,628.27,31228.27,23140.39
107805,5005946,Closed,-2324,0,10892.7,1951.62,32021.39
109265,5005947,Active,-249,0,6121.23,348908.53,6363.69
102359,5005948,Closed,-380,0,334.18,73451.56,290068.87
106252,5005949,Closed,-1708,0,74.43,147564.9,143567.21
102534,5005950,Closed,-2087,0,2218.2,337858.08,160394.45
103179,5005951,Active,-2572,0,8045.06,75707.3,10411.86
109685,5005952,Closed,-2818,0,2838.28,73407.9,3737.85
107171,5005953,Closed,-26,0,4282.43,279870.44,19800.7
201068,5005954,Closed,-1575,0,812.47,415739.89,201121.6
100865,5005955,Closed,-1960,0,5518.65,273361.15,38105.8
200035,5005956,Closed,-426,0,1959.49,986766.21,303460.99
201753,5005957,Closed,-2461,0,10115.58,312966.35,116998.58
109828,5005958,Active,-671,0,254.52,46123.98,48740.22
106559,5005959,Closed,-1178,0,7396.97,322320.64,87360.71
106093,5005960,Closed,-2235,0,6657.66,368.59,62634.57
104342,5005961,Closed,-1814,0,699.21,126223.05,94875.07
100515,5005962,Closed,-2069,0,3985.72,154083.35,3544.12
201335,5005963,Closed,-309,0,3862.69,1384793.61,41940.58
200783,5005964,Closed,-823,0,3976.07,80806.09,6849.73
200451,5005965,Active,-2148,0,23929.65,80516.78,25821.08
102824,5005966,Closed,-596,0,2223.71,264049.54,11959.28
201647,5005967,Active,-476,0,889.26,364872.71,73659.14
103190,5005968,Closed,-765,0,5094.81,93096.72,50726.91
103463,5005969,Closed,-1489,0,10299.18,183273.84,29884.44
104595,5005970,Closed,-963,0,246.53,432968.7,46913.77
108263,5005971,Closed,-1560,0,3037.0,59154.61,95562.49
107318,5005972,Closed,-2055,0,47.44,520530.69,15854.08
200454,5005973,Closed,-848,0,8404.08,167405.7,62152.28
102572,5005974,Closed,-1622,0,7131.57,21249.89,257742.72
104519,5005975,Closed,-1383,0,7734.18,96156.62,85424.7
104318,5005976,Closed,-1769,0,659.75,195275.94,22445.17
103004,5005977,Closed,-1845,0,8548.3,294252.78,1525.44
100993,5005978,Closed,-1025,0,1939.3,26923.56,13841.51
104696,5005979,Closed,-2886,0,3844.83,79034.04,48660.02
201589,5005980,Closed,-1202,0,89.01,97276.98,30660.5
100000,5005981,Closed,-2059,0,15285.16,162450.34,26497.48
103102,5005982,Closed,-766,0,2937.21,26109.39,7338.41
102503,5005983,Closed,-310,0,9890.03,46728.94,20366.88
107677,5005984,Active,-467,0,5557.94,68731.68,149642.44
109990,5005985,Closed,-2426,0,8437.31,30756.83,235459.18
101589,5005986,Active,-571,0,7805.87,77964.41,10996.3
102124,5005987,Closed,-2700,0,1077.63,89574.59,36971.7
102009,5005988,Active,-1624,0,5768.89,195949.16,116552.81
200699,5005989,Closed,-1701,0,1523.7,408878.86,9895.82
105015,5005990,Closed,-1616,0,1633.88,307409.99,54637.57
104850,5005991,Closed,-79,30,4833.46,333232.15,38512.18
106890,5005992,Closed,-430,0,599.73,961811.79,79534.55
103060,5005993,Closed,-214,0,987.08,192474.69,78958.73
104818,5005994,Closed,-1109,0,3003.35,189144.01,146757.46
100334,5005995,Active,-177,0,1095.48,413369.57,23056.41
200490,5005996,Closed,-2417,0,3237.38,128747.31,31538.27
201713,5005997,Closed,-2314,0,5607.81,285826.97,27842.28
108143,5005998,Active,-843,0,5774.31,58619.4,188313.82
107049,5005999,Active,-414,0,8739.95,362331.79,119101.77
100914,5006000,Active,-2960,0,1355.0,96984.8,70692.12
106245,5006001,Closed,-439,0,4226.78,596080.52,26754.21
105733,5006002,Closed,-2035,0,16947.48,191731.98,15379.7
107603,5006003,Closed,-767,0,483.43,3565.94,226440.02
201913,5006004,Active,-1064,0,1627.99,520664.97,25815.95
104800,5006005,Active,-1839,0,9860.31,30880.98,11319.87
109783,5006006,Closed,-2997,0,3294.19,131234.98,41011.14
107955,5006007,Closed,-47,0,6804.37,446972.49,60860.28
103644,5006008,Closed,-842,0,1958.8,134324.17,155954.89
101454,5006009,Closed,-2799,0,2613.57,585830.66,220130.79
100582,5006010,Closed,-131,0,417.29,121944.72,13941.74
102913,5006011,Closed,-2922,0,10602.89,508248.61,109254.03
106787,5006012,Closed,-380,10,6044.65,445510.4,43490.8
106523,5006013,Closed,-2474,0,3546.88,752264.76,74001.72
109647,5006014,Closed,-1385,0,1701.92,124992.8,5403.15
105398,5006015,Active,-1170,10,8012.64,224369.24,24147.3
201721,5006016,Closed,-1207,0,9269.18,394795.33,57965.48
102372,5006017,Active,-1067,0,1987.56,156795.47,63404.67
200461,5006018,Closed,-175,0,5467.99,377421.09,38489.76
109064,5006019,Closed,-2257,0,3292.08,314376.97,71648.6
105531,5006020,Closed,-556,0,9201.23,118736.19,32059.93
107739,5006021,Active,-834,0,1300.97,304740.83,227336.14
109604,5006022,Closed,-2608,0,2523.52,472407.14,79394.43
105201,5006023,Active,-1255,0,3808.97,36942.91,77506.89
201690,5006024,Active,-355,0,9857.95,82692.92,313656.34
201318,5006025,Closed,-1452,0,2145.41,180507.68,91854.22
200662,5006026,Active,-786,10,41.27,617893.69,10886.58
100723,5006027,Closed,-2640,0,1896.17,230753.38,21296.32
107738,5006028,Closed,-2622,0,1773.83,13794.57,70571.96
109185,5006029,Closed,-926,0,866.92,90336.36,339831.93
107846,5006030,Closed,-228,0,5363.95,423396.02,29049.32
109913,5006031,Closed,-2313,0,7441.79,40862.26,126550.12
200799,5006032,Active,-939,0,14773.33,65575.33,5572.41
200841,5006033,Closed,-1712,30,2202.6,57567.58,67313.01
108668,5006034,Closed,-2531,0,8874.77,431527.57,31347.7
103859,5006035,Closed,-931,0,8999.81,17720.52,186676.79
103357,5006036,Closed,-710,0,13009.19,41001.15,38698.58
106683,5006037,Closed,-822,0,11611.45,97753.5,22258.08
103275,5006038,Closed,-1894,0,649.61,300609.61,205839.81
107421,5006039,Closed,-1880,0,7133.81,384013.68,58145.13
108503,5006040,Active,-2422,0,6608.46,16588.9,132253.07
108206,5006041,Active,-2474,0,13570.64,155271.94,125143.05
103818,5006042,Closed,-634,0,1624.67,31946.4,76783.17
107056,5006043,Closed,-372,0,11730.24,13038.69,69807.59
107387,5006044,Active,-1677,0,15024.88,55860.63,116588.44
103936,5006045,Closed,-2463,0,8803.84,11220.79,53478.5
104871,5006046,Closed,-292,0,529.93,605854.49,4499.79
103947,5006047,Closed,-997,0,2723.27,149755.21,52942.54
105878,5006048,Closed,-2761,0,1746.13,73599.13,64393.41
101522,5006049,Closed,-337,0,4365.37,113917.96,46175.15
106079,5006050,Closed,-925,0,4185.53,767742.05,24875.04
105524,5006051,Closed,-2074,0,5145.35,86698.81,61501.54
201549,5006052,Closed,-1801,0,1907.87,60086.55,257063.4
201148,5006053,Active,-1195,0,1886.77,123668.53,161629.34
101575,5006054,Closed,-598,0,689.49,108785.12,25781.05
201020,5006055,Closed,-2956,0,3187.57,43798.86,71068.19
103069,5006056,Closed,-1444,0,1263.72,119814.73,18051.0
101661,5006057,Closed,-2741,0,2953.37,119045.62,82971.07
102495,5006058,Active,-619,0,2167.99,15684.5,58419.25
107062,5006059,Closed,-2472,0,5902.01,67130.44,4648.36
105750,5006060,Closed,-2630,0,2157.24,55077.62,42393.59
102374,5006061,Closed,-2706,0,1893.94,597425.37,101881.28
200921,5006062,Closed,-1735,0,619.99,70778.73,9816.44
201034,5006063,Active,-783,0,852.18,242654.89,12594.56
201901,5006064,Active,-2212,0,461.35,37265.38,56509.03
102475,5006065,Closed,-2397,0,16380.35,38665.34,81165.64
109343,5006066,Closed,-2707,0,4917.94,373282.81,15072.6
103087,5006067,Closed,-1546,0,3764.68,422296.63,1317.71
109382,5006068,Active,-1850,0,885.83,596292.08,77541.7
104631,5006069,Closed,-2498,0,6398.38,18497.47,26517.2
107589,5006070,Closed,-2406,0,2052.82,97322.27,208999.06
102509,5006071,Closed,-2441,0,5623.81,517773.93,80481.47
106942,5006072,Closed,-2959,0,8532.24,595513.47,10769.22
106176,5006073,Closed,-1424,0,915.87,69979.25,42119.02
200565,5006074,Closed,-838,0,17473.98,12165.55,225539.99
101674,5006075,Active,-1336,0,2903.24,196713.19,76607.48
102762,5006076,Closed,-2100,0,2005.14,8641.6,112144.35
102645,5006077,Active,-2553,0,2154.02,61494.61,115714.92
107705,5006078,Closed,-1399,0,10954.17,6536.12,371400.26
106340,5006079,Closed,-606,0,13294.76,155664.31,140810.94
104991,5006080,Closed,-2198,0,3915.28,75534.62,28637.78
108561,5006081,Closed,-1812,0,2420.68,80195.67,146933.56
109194,5006082,Closed,-16,0,10105.82,218003.63,4967.97
200226,5006083,Closed,-437,0,14758.71,297129.89,7015.93
106353,5006084,Active,-657,0,3299.73,59908.27,142628.37
106682,5006085,Closed,-1699,0,26743.02,54191.48,164003.71
104262,5006086,Active,-718,0,5185.31,718225.83,36541.56
104701,5006087,Closed,-1833,0,608.23,235168.28,59294.03
104736,5006088,Closed,-780,0,373.53,39752.81,143324.49
106015,5006089,Active,-298,0,4211.08,98188.54,41554.6
105988,5006090,Closed,-1848,0,1888.17,5764.27,50912.36
103793,5006091,Closed,-1484,0,1505.68,188850.57,77000.67
100556,5006092,Closed,-2333,0,2668.0,201252.6,118167.89
108398,5006093,Closed,-1774,0,11537.09,240296.8,132577.2
105470,5006094,Closed,-44,0,5010.96,48900.71,84241.71
109297,5006095,Active,-2033,0,458.85,24419.58,59050.32
104324,5006096,Closed,-587,0,1769.33,214526.23,75417.8
106101,5006097,Closed,-2367,0,5326.6,103819.43,2167.31
105213,5006098,Closed,-1050,0,29673.95,183885.37,26699.26
105361,5006099,Active,-599,0,1628.84,343487.07,272680.29
200277,5006100,Closed,-600,0,2714.93,3217.9,2640.72
107093,5006101,Closed,-1450,0,12594.81,9950.4,28786.94
102404,5006102,Active,-2395,0,12649.59,160499.32,173887.78
107034,5006103,Active,-2382,0,385.8,118087.08,160437.02
201239,5006104,Active,-1380,0,8257.54,194364.64,7716.0
200998,5006105,Closed,-74,0,3350.82,273430.95,204730.8
100002,5006106,Closed,-2354,0,930.27,44317.09,10593.87
107723,5006107,Closed,-115,0,5639.42,248736.9,337365.91
106221,5006108,Closed,-968,0,3579.52,280829.63,6943.83
103336,5006109,Active,-2551,10,7204.96,259615.07,64425.63
200547,5006110,Closed,-2348,0,4041.16,172825.38,61150.88
104278,5006111,Closed,-1887,0,10401.24,73356.76,193581.88
105099,5006112,Closed,-2225,0,1935.99,29406.72,3100.14
100916,5006113,Closed,-1068,0,250.55,154742.59,108347.8
101690,5006114,Closed,-2782,0,1877.97,81349.02,27117.93
107909,5006115,Closed,-1248,0,1606.52,174150.61,6781.26
109810,5006116,Closed,-928,0,6558.01,5822.58,11798.03
109706,5006117,Active,-689,0,6577.27,467509.58,18315.52
101383,5006118,Active,-2109,0,5034.47,357301.92,97283.6
107998,5006119,Active,-2854,0,3106.71,277289.69,44672.24
109626,5006120,Active,-589,0,555.1,293063.27,48508.55
100825,5006121,Active,-1266,0,3685.27,48416.96,40643.01
106403,5006122,Closed,-2725,0,13781.51,29050.78,38005.21
107764,5006123,Closed,-321,0,10731.83,40790.32,25101.39
108711,5006124,Closed,-2052,0,91.4,9179.5,362.32
103111,5006125,Closed,-714,0,9097.2,12125.08,114185.59
109820,5006126,Closed,-2817,0,3753.65,102606.58,75457.4
104843,5006127,Active,-2438,0,2328.95,94570.11,37741.74
201459,5006128,Closed,-617,0,2386.62,20224.37,37446.93
104327,5006129,Closed,-484,0,371.22,41515.08,262.17
107643,5006130,Closed,-2622,0,4137.86,841753.67,81457.43
200997,5006131,Closed,-2941,0,2208.67,128827.77,270855.46
101733,5006132,Active,-950,0,3132.7,56363.83,130070.3
105534,5006133,Closed,-1455,0,3225.21,179175.9,103976.12
103971,5006134,Active,-532,0,4265.01,305802.02,279287.84
109357,5006135,Closed,-1625,0,4076.61,157107.1,54316.77
102137,5006136,Closed,-642,0,2418.73,229360.7,112951.16
109735,5006137,Closed,-1656,0,10764.09,43869.51,51003.52
109728,5006138,Active,-1555,0,3783.68,298732.32,11068.77
201619,5006139,Closed,-802,0,1067.77,196454.96,19142.64
201506,5006140,Active,-1763,0,3447.93,294741.45,101243.83
104955,5006141,Closed,-2775,0,12171.32,79374.97,389707.87
103907,5006142,Closed,-1878,30,5764.58,43505.65,25941.46
103012,5006143,Closed,-461,0,21719.35,99097.85,56260.79
108685,5006144,Closed,-1983,0,1482.73,103122.74,3318.76
200804,5006145,Closed,-433,0,6723.79,138114.21,23271.82
108550,5006146,Closed,-458,0,2882.84,230247.09,159991.07
201864,5006147,Closed,-722,0,6732.4,4146.72,85891.0
201465,5006148,Closed,-2211,10,379.41,68497.3,88228.25
105111,5006149,Closed,-2491,0,4505.66,58835.86,103505.47
101360,5006150,Active,-2982,0,4899.72,11334.86,199493.07
107781,5006151,Closed,-1995,0,5532.61,79453.51,72954.78
201701,5006152,Closed,-47,0,4006.81,17496.62,21542.66
201929,5006153,Closed,-2406,0,4107.43,101222.09,541.3
109977,5006154,Closed,-1867,10,390.35,75743.84,182879.96
200723,5006155,Closed,-2963,0,5351.2,35170.1,39182.67
109727,5006156,Closed,-1277,0,1587.98,816902.48,19987.15
109407,5006157,Active,-660,0,1353.13,253.97,28736.4
201199,5006158,Closed,-166,0,11097.77,51056.61,3846.07
101192,5006159,Active,-165,10,5587.57,856441.29,62611.08
103078,5006160,Active,-179,0,877.64,56356.29,79130.47
105615,5006161,Active,-281,0,186.33,836013.74,32380.1
101446,5006162,Closed,-602,0,302.78,71778.2,30743.45
107800,5006163,Active,-1890,0,12335.25,23415.57,44868.82
200440,5006164,Active,-32,0,5188.61,55739.6,14322.09
103806,5006165,Closed,-2251,0,2428.26,38688.66,21922.67
106033,5006166,Closed,-1836,0,1953.1,42008.15,41737.74
103904,5006167,Closed,-131,0,611.84,83924.05,15097.75
108605,5006168,Active,-816,0,1094.06,16939.75,315439.9
101156,5006169,Closed,-2881,0,41623.0,278011.83,72607.02
105657,5006170,Active,-2347,0,4939.43,111607.93,72896.43
109465,5006171,Closed,-2519,0,121.25,189034.87,15732.95
106809,5006172,Closed,-1517,0,10103.38,278126.23,40162.57
201793,5006173,Closed,-751,0,6174.93,82247.7,43255.07
100476,5006174,Active,-1377,0,5994.77,125687.74,40863.13
103683,5006175,Active,-1048,0,23286.15,173714.56,55552.7
201744,5006176,Active,-2803,10,1144.52,8892.45,53138.49
107289,5006177,Active,-2899,0,13481.39,51521.22,96381.03
101880,5006178,Active,-2089,0,3900.78,479992.58,155054.64
100573,5006179,Closed,-440,0,292.51,389262.08,217659.27
103920,5006180,Closed,-1289,0,9879.16,193153.03,178006.2
101050,5006181,Closed,-2552,0,7368.18,93403.27,153991.27
101696,5006182,Closed,-2455,0,3549.52,203925.06,61385.74
102452,5006183,Active,-2457,0,177.05,92841.14,286954.39
108924,5006184,Active,-164,0,4718.52,164886.66,26361.35
101587,5006185,Active,-1984,0,3205.67,101879.55,61605.06
103234,5006186,Closed,-1195,0,4584.02,81007.04,82407.7
100579,5006187,Closed,-2192,0,4084.22,119574.01,49669.36
200770,5006188,Active,-2580,0,362.42,62866.81,105084.21
104657,5006189,Active,-248,0,4135.12,116183.2,52946.54
102191,5006190,Closed,-2997,0,4932.03,256481.83,119946.84
107319,5006191,Closed,-1334,0,15415.86,39937.45,40062.34
201093,5006192,Closed,-2177,0,1407.73,46634.32,74570.03
103924,5006193,Closed,-717,10,10219.91,43994.81,178593.55
100849,5006194,Closed,-779,10,3367.16,308423.13,23803.44
108065,5006195,Closed,-1529,0,247.13,131811.93,95584.55
106554,5006196,Closed,-1075,0,2669.37,163507.95,203123.73
201516,5006197,Closed,-2773,0,8876.8,346134.47,86092.52
105002,5006198,Active,-2584,0,9383.34,229645.16,26947.28
109871,5006199,Closed,-633,0,12903.28,125721.84,110605.36
108344,5006200,Closed,-2607,0,666.44,28420.67,153789.06
108449,5006201,Closed,-2775,0,2836.04,30509.78,62209.71
200195,5006202,Active,-331,0,1860.38,70661.56,146396.14
105739,5006203,Closed,-1488,0,13028.7,504013.34,144822.04
109785,5006204,Active,-1946,0,645.92,677994.92,11551.69
103289,5006205,Active,-1676,0,934.12,101041.3,162516.99
109390,5006206,Active,-205,0,2327.64,261906.98,250842.03
109790,5006207,Active,-1186,30,1078.66,244780.5,104462.9
103015,5006208,Closed,-2957,0,20069.56,92559.9,20260.75
107805,5006209,Active,-2041,0,2334.48,1121.19,29410.89
200282,5006210,Closed,-1317,0,404.87,106892.93,12882.7
100192,5006211,Closed,-2882,0,1087.54,19927.76,151258.75
108000,5006212,Closed,-1854,0,2315.7,313025.72,103455.63
100881,5006213,Closed,-385,0,4220.63,57984.08,28018.58
100246,5006214,Closed,-469,0,1969.61,115917.01,27665.09
102252,5006215,Active,-1414,0,2264.72,7480.84,42701.15
100869,5006216,Closed,-677,0,1125.8,456591.38,11070.12
201190,5006217,Closed,-2412,0,2053.31,549304.56,54167.66
105568,5006218,Closed,-1937,0,8195.6,297910.46,153367.46
102734,5006219,Closed,-896,0,6911.63,1804.44,245608.18
109513,5006220,Active,-2769,0,1490.95,59491.42,118216.08
108958,5006221,Closed,-2519,0,6734.65,75790.91,34538.79
106270,5006222,Closed,-664,0,12829.25,21969.26,108937.29
101131,5006223,Closed,-406,30,8490.69,186421.59,95534.82
104465,5006224,Active,-733,0,4817.56,648899.05,81467.89
102395,5006225,Closed,-81,0,3243.32,798025.14,242352.53
105830,5006226,Closed,-385,0,2115.32,35501.45,273411.55
107314,5006227,Closed,-1583,0,3632.72,14293.05,583.22
103695,5006228,Closed,-2869,0,12106.53,4865.38,88652.03
107062,5006229,Active,-1563,0,6174.96,108997.25,13991.23
108454,5006230,Active,-882,0,2852.15,20274.46,20713.74
105152,5006231,Closed,-2853,0,1024.9,32521.37,12868.73
103737,5006232,Closed,-2711,0,9894.88,114156.69,45839.09
200777,5006233,Active,-1193,0,11347.57,84292.67,172887.18
201575,5006234,Closed,-2077,0,1844.39,126081.21,41183.45
108820,5006235,Closed,-191,0,487.05,219748.29,10989.25
107589,5006236,Closed,-1169,0,9011.34,1213.91,81044.98
105903,5006237,Closed,-956,0,2876.48,57705.03,174081.44
200435,5006238,Closed,-2796,0,9664.1,48663.19,109414.3
106593,5006239,Active,-1183,0,12558.69,134670.33,63278.72
109776,5006240,Closed,-1146,0,4.08,182886.36,92350.52
103254,5006241,Closed,-2206,0,296.68,256155.08,15742.34
105629,5006242,Closed,-323,0,815.34,171317.18,28080.99
108084,5006243,Closed,-1309,0,2588.67,53222.89,103382.87
108735,5006244,Active,-2197,0,5982.8,283544.89,50657.73
109849,5006245,Closed,-1434,0,121.58,239070.32,22455.99
102878,5006246,Active,-2551,0,1262.43,1058692.65,58490.3
102487,5006247,Closed,-1304,0,4039.76,515270.73,77412.9
102539,5006248,Active,-2953,0,12360.32,31919.54,52134.09
101925,5006249,Active,-1267,0,851.47,787864.51,37789.49
108916,5006250,Closed,-1610,0,844.07,62903.76,93905.96
107610,5006251,Closed,-2067,0,2891.47,290553.94,102627.09
108946,5006252,Closed,-1189,0,110.2,35931.7,122877.1
102665,5006253,Closed,-1573,30,5398.22,226604.95,60880.17
108339,5006254,Closed,-1569,0,6919.26,98860.65,14176.74
108302,5006255,Active,-2708,0,178.16,66219.08,9760.53
103970,5006256,Active,-392,0,1973.36,255985.45,72883.58
201596,5006257,Active,-167,0,375.95,659663.14,109183.97
104899,5006258,Active,-619,0,12998.56,279982.91,28033.28
109769,5006259,Closed,-2601,0,156.77,245178.12,176756.4
201370,5006260,Closed,-2402,0,5660.3,375493.84,10558.26
105566,5006261,Active,-879,0,2884.88,161261.68,56850.21
106827,5006262,Closed,-1142,0,21524.34,102851.55,437.82
109894,5006263,Active,-2856,0,96.44,925049.45,46660.17
104584,5006264,Closed,-2516,0,3320.94,339852.64,155643.24
106071,5006265,Closed,-2651,0,13828.94,74163.11,484.6
105130,5006266,Closed,-528,0,638.74,52567.18,124671.98
105819,5006267,Active,-1092,0,1087.64,61733.97,85915.54
200957,5006268,Active,-272,0,6760.82,242576.8,12227.38
103195,5006269,Closed,-2357,0,10060.04,18747.86,11965.76
102602,5006270,Active,-1641,0,2652.6,272666.91,76047.59
108616,5006271,Closed,-698,0,5239.1,152736.68,8201.11
100469,5006272,Closed,-684,0,2955.2,544842.75,121355.02
105914,5006273,Closed,-2429,0,510.37,124424.62,1404.35
108438,5006274,Closed,-2808,0,5917.69,33408.45,27738.93
106251,5006275,Closed,-653,0,5956.03,338143.03,78812.16
103291,5006276,Closed,-1752,0,10475.88,19294.13,25297.86
105488,5006277,Closed,-1769,0,2305.72,7745.18,9604.19
105647,5006278,Closed,-617,0,10700.83,227798.26,11266.94
109070,5006279,Closed,-1890,0,2822.75,134097.99,56045.58
105673,5006280,Closed,-1055,0,4112.77,134053.81,89969.14
109521,5006281,Active,-2096,0,9301.96,168987.03,97074.69
107206,5006282,Active,-2582,0,18204.05,63127.55,52694.32
109422,5006283,Closed,-1061,0,5775.54,158048.31,107957.79
201513,5006284,Active,-327,0,9185.96,342500.16,58234.47
109846,5006285,Closed,-319,0,33.62,385220.59,85466.57
101906,5006286,Active,-456,0,1057.28,13425.34,21103.28
102688,5006287,Active,-2110,0,1321.9,36749.82,61041.95
200390,5006288,Closed,-116,0,14338.44,68621.64,338787.42
103751,5006289,Closed,-847,30,4265.26,15375.68,38993.01
109369,5006290,Closed,-762,0,9277.85,6397.8,49463.73
100525,5006291,Closed,-969,0,8201.05,909729.34,21335.27
107073,5006292,Active,-859,0,274.34,154692.95,25901.47
101327,5006293,Closed,-1698,0,10668.0,226709.0,200884.14
100546,5006294,Closed,-1987,0,1046.88,171383.48,10888.23
100757,5006295,Closed,-1281,0,8875.2,3217.42,110866.69
104732,5006296,Active,-1891,0,289.93,214145.3,4168.09
200988,5006297,Closed,-1891,0,110.2,67414.0,123937.56
107089,5006298,Active,-2755,0,23648.78,231802.78,10112.92
101072,5006299,Active,-1010,0,11770.8,193765.11,14392.58
108694,5006300,Closed,-2120,0,1468.4,269665.72,52377.45
201635,5006301,Closed,-2773,0,1444.51,87922.63,38062.0
103627,5006302,Closed,-1558,30,2971.82,74069.93,65336.82
104721,5006303,Closed,-1031,0,5803.32,102505.81,15676.52
201774,5006304,Closed,-360,0,20138.39,299100.87,112.54
108004,5006305,Closed,-1046,0,962.65,179630.07,11841.2
105300,5006306,Active,-1050,0,4005.77,172210.12,26704.31
109301,5006307,Closed,-1503,10,3707.58,51534.93,10755.25
201816,5006308,Closed,-379,0,1357.74,116983.58,51261.9
108276,5006309,Active,-1008,0,11600.86,651532.8,59609.26
109188,5006310,Closed,-2602,0,1467.73,92963.98,15488.5
105516,5006311,Closed,-333,0,6272.26,153477.77,17415.79
107965,5006312,Active,-2234,0,824.43,125923.16,34019.76
105432,5006313,Closed,-1100,0,1374.21,241800.75,6786.75
107609,5006314,Closed,-762,0,922.28,107591.7,39725.84
105892,5006315,Closed,-2815,0,13918.68,70560.22,32218.01
102098,5006316,Closed,-899,0,1247.62,133515.65,25953.09
201684,5006317,Closed,-609,0,3390.12,116061.33,39103.08
200533,5006318,Closed,-2503,0,4469.65,209992.66,143481.63
102251,5006319,Closed,-1617,0,4524.26,818262.96,125385.28
100490,5006320,Active,-2692,0,4903.26,163261.78,80382.79
103041,5006321,Active,-2854,0,1891.26,1130973.18,162147.35
103632,5006322,Closed,-2477,0,3205.92,204138.98,26121.99
105209,5006323,Closed,-2484,0,1617.88,245955.43,21914.54
109326,5006324,Active,-631,0,7524.36,34383.68,26424.82
100420,5006325,Closed,-2971,0,2813.9,136854.83,105429.29
109036,5006326,Active,-2694,0,17.78,85668.23,13062.49
105533,5006327,Closed,-1170,0,4506.38,55614.95,91412.97
108762,5006328,Closed,-634,0,21996.11,188898.89,72625.4
201253,5006329,Active,-350,0,1865.5,86598.97,16207.0
201625,5006330,Active,-1215,0,4505.42,64112.67,113338.52
105705,5006331,Closed,-1441,0,1121.57,298893.92,210403.27
107291,5006332,Closed,-2487,0,2342.92,76980.35,209269.44
100410,5006333,Closed,-2923,0,515.84,96475.7,12707.25
105753,5006334,Closed,-1562,0,3299.77,109568.54,94396.74
105181,5006335,Active,-1716,0,12826.99,94453.31,84534.23
201387,5006336,Closed,-2324,0,1743.03,18254.27,156650.76
108541,5006337,Closed,-2704,0,297.48,337884.94,38391.46
106836,5006338,Closed,-2704,0,4239.74,38937.33,35669.52
107742,5006339,Closed,-1759,0,5962.01,288041.75,88015.25
105497,5006340,Closed,-2001,0,12414.02,37586.09,37649.46
100989,5006341,Closed,-2517,0,7373.29,150969.4,70080.56
201973,5006342,Closed,-258,0,5929.96,126491.38,364084.47
108554,5006343,Active,-1861,0,159.89,108859.45,49103.15
108573,5006344,Closed,-2475,0,4972.84,125239.44,44074.13
108040,5006345,Active,-1011,0,42.98,225158.65,128622.91
104251,5006346,Closed,-2230,0,3929.39,91419.9,388015.42
100231,5006347,Active,-2422,0,482.07,253748.06,17912.0
105957,5006348,Closed,-271,0,14194.54,182790.4,301779.4
109279,5006349,Closed,-1510,0,2445.92,41550.88,47096.19
108796,5006350,Closed,-1874,0,5166.38,197454.52,25544.41
104967,5006351,Closed,-593,0,496.92,282359.13,60236.1
108316,5006352,Active,-2241,10,703.34,593627.58,122732.56
201696,5006353,Active,-2380,0,339.51,425811.27,546.6
101703,5006354,Closed,-2022,0,1524.08,20628.97,47000.02
108624,5006355,Closed,-28,0,4583.94,117193.81,13538.54
105945,5006356,Active,-2961,0,847.43,504990.69,135205.92
105292,5006357,Active,-2662,0,2044.73,31371.67,25610.14
105668,5006358,Closed,-2905,0,1340.63,222488.09,106431.09
100166,5006359,Active,-2033,0,125.33,395942.06,62121.84
109690,5006360,Closed,-2185,0,14549.55,597525.95,123671.67
102987,5006361,Closed,-1876,0,3600.32,166397.76,13414.78
109620,5006362,Active,-2505,0,3538.64,189758.09,28653.72
109304,5006363,Closed,-2582,0,423.13,264751.02,88443.27
107404,5006364,Closed,-1335,0,3041.06,100361.88,2065.98
106680,5006365,Active,-597,0,4202.78,62684.61,14490.98
201975,5006366,Closed,-2583,0,1546.21,417075.94,48601.37
101609,5006367,Closed,-2056,0,13038.47,119575.85,97464.03
200376,5006368,Active,-1222,0,1104.66,475683.39,42090.83
103505,5006369,Active,-2499,0,604.73,134773.78,56559.44
200819,5006370,Active,-1998,0,16218.72,632235.99,6913.07
109873,5006371,Closed,-112,0,1622.45,6569.52,25808.19
200012,5006372,Active,-1038,30,6781.12,36001.56,11858.43
105902,5006373,Closed,-2128,0,1375.22,7208.08,5926.07
109636,5006374,Closed,-769,0,9750.04,301366.65,54763.33
104821,5006375,Closed,-355,0,108.39,54859.77,32887.0
101598,5006376,Closed,-513,0,5455.97,38074.16,169591.32
103002,5006377,Closed,-2003,0,982.44,269386.37,62555.99
103206,5006378,Active,-2964,0,760.17,24791.23,63360.74
104406,5006379,Closed,-2446,0,753.06,403101.06,29529.71
108961,5006380,Closed,-2112,0,423.52,137140.34,31547.22
106299,5006381,Active,-2460,0,19460.55,146560.36,66526.35
107831,5006382,Active,-1648,0,2717.38,87176.34,106431.22
104829,5006383,Closed,-396,0,16323.53,56638.99,54316.62
102131,5006384,Active,-1641,0,430.58,1060182.0,71570.96
100325,5006385,Closed,-2693,0,338.64,84326.56,159159.13
201148,5006386,Closed,-93,0,17702.85,112112.23,225199.46
106230,5006387,Active,-154,0,8283.15,276463.37,44853.29
106355,5006388,Closed,-1895,0,1510.28,400343.52,58593.49
201652,5006389,Closed,-40,0,4145.17,97745.91,246151.99
104980,5006390,Closed,-2984,0,1341.87,9872.82,29127.43
201795,5006391,Active,-2451,0,2775.31,177522.05,29446.36
100643,5006392,Active,-1572,0,11997.92,256497.14,41439.51
102993,5006393,Closed,-2484,0,5787.53,267661.92,33707.85
106042,5006394,Closed,-1679,0,437.58,44653.14,68457.19
107189,5006395,Closed,-832,0,3780.34,231859.68,238009.0
109828,5006396,Active,-1254,0,11654.32,1450400.0,38113.48
102009,5006397,Closed,-1435,0,25970.23,60335.99,12148.86
101218,5006398,Closed,-2167,0,19646.08,101449.29,85601.08
201621,5006399,Active,-1841,0,1600.76,86287.87,41906.73
107325,5006400,Closed,-76,0,8135.09,56416.81,259096.91
100708,5006401,Closed,-2959,0,1939.58,205337.61,37339.06
101289,5006402,Closed,-2915,0,4521.89,43536.61,18668.44
104776,5006403,Closed,-1529,0,4792.96,129588.83,229938.98
103216,5006404,Closed,-1402,0,6869.71,210652.34,43986.66
107002,5006405,Active,-1567,10,2323.29,45915.01,4050.94
102685,5006406,Active,-2606,0,10703.72,517816.14,107897.14
100084,5006407,Active,-944,0,1758.71,274087.8,83135.19
103451,5006408,Active,-825,0,1478.08,266289.89,32485.13
100531,5006409,Active,-2392,0,2409.56,206337.06,184184.08
106881,5006410,Closed,-1626,0,7363.38,176394.21,127386.46
109011,5006411,Closed,-2861,0,1389.99,427565.17,268383.95
106818,5006412,Closed,-1065,0,8340.48,436481.62,118178.42
108089,5006413,Active,-2552,0,1044.52,133101.26,81289.95
103979,5006414,Closed,-1399,0,2251.72,208367.76,36098.97
104750,5006415,Closed,-1948,0,3607.51,73334.51,68431.1
108106,5006416,Closed,-2921,0,5993.38,74236.41,51411.91
103655,5006417,Active,-1652,0,13320.9,167978.04,21926.05
101118,5006418,Closed,-775,0,2754.34,136966.54,176691.54
100173,5006419,Closed,-2108,0,16176.01,347001.8,11281.06
101946,5006420,Closed,-2858,0,9655.1,384164.67,13445.67
109404,5006421,Closed,-2590,0,8174.33,13073.51,20946.79
102296,5006422,Closed,-2346,0,6344.27,241400.85,60292.14
107304,5006423,Closed,-2716,0,879.5,72463.12,31433.94
105262,5006424,Active,-952,0,1029.86,361452.18,16002.09
100624,5006425,Closed,-515,0,2788.55,19776.56,29479.86
105333,5006426,Closed,-1678,0,2864.28,18392.95,1983.08
200781,5006427,Closed,-2650,0,3723.76,700.74,48382.93
105690,5006428,Closed,-2621,0,11157.94,165458.8,79063.84
108220,5006429,Closed,-2023,0,662.2,142855.84,95891.32
101572,5006430,Active,-636,0,2953.44,174241.84,45850.34
107218,5006431,Closed,-358,0,7043.88,3319.5,63401.39
109449,5006432,Active,-2335,0,349.66,136664.13,132919.16
104050,5006433,Closed,-37,0,11347.2,36109.54,220121.91
103207,5006434,Closed,-159,10,1220.52,499788.5,17174.13
102778,5006435,Closed,-2036,0,7239.69,1122749.38,78243.82
200036,5006436,Closed,-2231,0,1258.97,76460.67,50617.51
108552,5006437,Closed,-14,0,903.47,54594.63,40735.69
108626,5006438,Closed,-2065,0,33.35,104999.6,162537.05
107349,5006439,Closed,-2772,0,249.84,149982.17,56620.22
104375,5006440,Active,-2175,0,4187.35,69873.18,64096.52
102105,5006441,Closed,-2567,0,6101.67,262198.34,42295.27
104644,5006442,Closed,-214,0,2183.13,256857.13,28741.5
108537,5006443,Closed,-537,0,1818.04,102281.29,13128.29
104293,5006444,Closed,-1800,0,3359.51,145612.95,31126.8
104329,5006445,Active,-2520,0,438.36,422852.21,11005.09
107611,5006446,Closed,-1925,0,8963.63,554650.26,55857.85
101548,5006447,Closed,-1019,0,4153.42,827422.3,298028.47
100900,5006448,Closed,-2574,0,1219.26,378401.42,27818.89
109727,5006449,Closed,-182,0,6128.91,133307.04,84022.02
106821,5006450,Closed,-147,0,1448.44,301365.96,207986.02
103819,5006451,Active,-185,0,899.45,235827.7,136205.3
201059,5006452,Closed,-81,0,1224.45,91581.0,185188.12
109419,5006453,Closed,-568,0,394.59,2836.32,33538.05
107406,5006454,Closed,-2329,0,1847.59,70007.73,184550.43
108354,5006455,Closed,-503,0,8133.59,72322.21,32140.84
105085,5006456,Closed,-1164,0,3875.15,10465.53,148302.18
201072,5006457,Closed,-2189,0,5758.77,34625.25,75083.59
100884,5006458,Closed,-2828,0,2683.01,243113.61,74580.01
108320,5006459,Active,-1877,0,2886.02,34208.04,8557.35
106873,5006460,Closed,-272,0,841.2,139938.95,6462.82
106266,5006461,Closed,-2782,0,14887.0,168093.27,89746.95
101712,5006462,Closed,-545,0,4782.5,31355.26,83748.46
108919,5006463,Active,-53,0,1595.52,174316.08,20579.37
107555,5006464,Active,-2551,0,8490.79,292884.47,5413.27
107038,5006465,Closed,-2841,0,5213.59,12356.84,151033.08
109325,5006466,Closed,-2540,0,6992.59,29625.65,2151.26
104471,5006467,Closed,-729,0,381.37,299371.45,76510.13
104248,5006468,Active,-2970,0,11552.13,225056.25,132096.96
104003,5006469,Active,-1260,0,2943.5,138016.25,37726.37
107790,5006470,Active,-1444,0,6386.58,80468.16,109719.69
200524,5006471,Closed,-1386,0,7338.15,114135.04,206889.5
105278,5006472,Active,-2502,0,762.21,174621.57,78959.2
102286,5006473,Closed,-238,0,1678.13,70554.13,21398.04
104459,5006474,Closed,-291,0,1168.39,451807.87,26543.89
107410,5006475,Closed,-1825,0,10266.67,24416.47,94935.23
107257,5006476,Closed,-247,0,1668.25,61946.69,69328.15
108927,5006477,Closed,-2334,0,4697.14,172547.51,81638.13
101679,5006478,Active,-1314,0,1218.15,159479.44,7713.18
101751,5006479,Active,-1042,0,4365.34,255479.8,117908.59
201613,5006480,Active,-1453,0,10925.41,11224.07,3694.19
106255,5006481,Active,-2289,0,9743.81,139486.19,281732.41
105610,5006482,Closed,-560,0,4169.06,107979.68,71755.33
108562,5006483,Closed,-1123,0,2440.08,312170.1,21343.76
105629,5006484,Active,-1622,30,3380.19,313979.32,68337.79
201757,5006485,Closed,-2665,0,1661.96,175609.46,18719.16
104784,5006486,Closed,-2227,0,2885.54,263245.99,65697.94
106934,5006487,Active,-1578,0,7079.64,318953.95,66185.27
108828,5006488,Closed,-1872,0,1815.47,398793.74,69068.38
105189,5006489,Active,-2688,0,8182.15,908009.65,143372.1
109155,5006490,Closed,-1402,0,73.18,174816.05,3207.07
105554,5006491,Active,-971,0,16684.64,30243.23,95359.95
201213,5006492,Active,-2255,0,19237.03,54577.85,24206.26
106161,5006493,Active,-2050,10,2960.17,649073.51,38101.47
106808,5006494,Closed,-135,10,25931.76,46698.14,62041.95
105235,5006495,Closed,-2329,0,1591.54,4832.47,308792.49
201930,5006496,Closed,-581,0,3596.82,197489.85,163706.76
109412,5006497,Active,-1106,0,262.8,178834.51,236627.12
101646,5006498,Active,-479,0,684.35,3686.14,18764.02
104967,5006499,Active,-1884,0,5982.48,269352.42,205943.7
109698,5006500,Closed,-785,0,31870.8,13613.27,146478.24
106649,5006501,Active,-466,0,1520.55,190972.94,63478.1
104271,5006502,Active,-2188,0,1068.67,786307.6,30311.86
103000,5006503,Closed,-887,0,3189.64,87936.02,93053.77
100330,5006504,Closed,-348,0,5207.45,509371.67,102763.61
200551,5006505,Closed,-1447,0,2312.34,148892.14,72388.08
103667,5006506,Closed,-2716,0,2411.82,113217.57,27039.73
103936,5006507,Closed,-856,0,18428.52,187310.57,47925.66
201487,5006508,Closed,-2300,0,3270.99,97571.27,45431.0
105127,5006509,Closed,-1553,0,5732.67,18957.95,129879.97
107440,5006510,Closed,-693,0,4089.19,749072.65,66690.98
101611,5006511,Closed,-571,0,1375.48,83473.07,44838.17
102712,5006512,Closed,-1376,0,3689.96,213198.62,5487.78
200138,5006513,Closed,-957,0,4164.12,178588.15,11664.67
201766,5006514,Closed,-1473,0,226.58,165847.3,18721.82
100685,5006515,Closed,-2824,0,4271.85,341242.75,179991.06
106414,5006516,Closed,-2918,0,217.33,263114.78,23176.27
201307,5006517,Closed,-2616,0,2794.12,370964.62,179355.16
102275,5006518,Closed,-2647,0,1809.89,308002.07,15406.33
201775,5006519,Active,-1787,0,6502.36,114507.23,143034.1
105589,5006520,Closed,-357,0,682.54,36804.85,1718.06
107658,5006521,Closed,-1117,0,1066.53,173147.8,78702.4
200002,5006522,Active,-2999,0,971.99,200641.46,44315.56
102399,5006523,Closed,-1456,0,4378.92,250091.02,187475.83
101867,5006524,Closed,-824,0,12710.94,260400.57,41639.21
107149,5006525,Closed,-1339,0,8440.16,76578.87,69306.36
201493,5006526,Closed,-2950,0,80.05,109027.99,58774.35
105522,5006527,Active,-1037,0,1249.12,413179.02,17939.41
200915,5006528,Active,-1691,0,2321.59,229783.98,98801.8
106742,5006529,Closed,-2861,0,1428.7,67555.21,22473.52
201762,5006530,Closed,-1124,0,4559.27,737557.06,7192.4
200805,5006531,Active,-1904,0,28482.87,146839.78,156569.89
101445,5006532,Closed,-2187,0,57.72,89928.95,39305.44
104457,5006533,Closed,-1332,0,675.66,211463.71,424370.18
104635,5006534,Closed,-2232,0,15663.14,269673.57,183531.82
102704,5006535,Active,-881,0,2581.49,36935.83,58160.79
109192,5006536,Closed,-740,0,451.51,129371.22,67754.81
104501,5006537,Active,-1366,0,2971.54,258007.5,84326.17
100806,5006538,Active,-1316,0,11441.72,71387.09,83851.81
109591,5006539,Active,-2106,0,8220.48,143899.99,92646.23
101418,5006540,Closed,-1040,0,1277.81,78855.58,76510.86
108471,5006541,Active,-1697,0,539.76,38846.99,59042.59
200581,5006542,Closed,-1792,0,13942.72,86935.85,16597.81
109044,5006543,Closed,-2268,0,11512.03,297903.14,135906.54
108453,5006544,Active,-2517,0,4446.49,67210.44,15136.94
103607,5006545,Closed,-2893,0,9958.54,297500.3,83905.22
103768,5006546,Closed,-1909,0,1492.31,135859.45,36214.88
107083,5006547,Closed,-1800,0,19653.87,221556.28,96522.42
200904,5006548,Closed,-1801,0,7983.24,91149.91,168431.06
106956,5006549,Closed,-938,0,1966.79,210238.92,134505.77
106035,5006550,Closed,-333,0,2907.81,107880.09,57726.56
201697,5006551,Active,-363,0,4758.49,125488.19,129725.19
200425,5006552,Active,-769,0,2704.55,129420.4,14514.15
101621,5006553,Closed,-400,0,9624.09,268447.2,179066.39
105755,5006554,Closed,-395,0,2744.9,15256.48,9004.29
102840,5006555,Closed,-2195,0,18168.67,29093.0,28696.29
107861,5006556,Closed,-1638,0,4861.59,156390.05,296.82
100248,5006557,Closed,-34,0,4134.3,329498.87,124543.79
105224,5006558,Closed,-1563,0,1822.29,175508.77,20804.81
200399,5006559,Closed,-2149,0,5547.97,243897.39,9823.28
103019,5006560,Closed,-2810,0,22097.67,414056.04,8798.08
107883,5006561,Closed,-2680,0,12918.08,228281.52,30811.78
109547,5006562,Active,-221,0,3939.0,43507.48,35487.8
100786,5006563,Closed,-2683,0,97.01,171466.52,16107.58
109092,5006564,Closed,-2187,0,247.2,725865.23,21116.11
108372,5006565,Closed,-1182,0,5107.92,118073.97,17185.14
101644,5006566,Closed,-854,0,10.43,348638.76,41163.09
107979,5006567,Closed,-551,0,3194.56,205444.43,142665.84
108356,5006568,Active,-2648,0,20914.64,55981.89,18779.29
100588,5006569,Closed,-1348,0,2392.54,119070.17,91223.8
100349,5006570,Active,-1893,0,1207.66,161541.76,55210.24
200987,5006571,Closed,-237,0,8012.75,353387.93,119103.64
100995,5006572,Active,-2119,0,4118.81,255729.1,3093.76
108893,5006573,Active,-2426,0,591.7,266246.52,94109.01
106650,5006574,Closed,-562,0,6707.38,668405.67,76332.18
108014,5006575,Closed,-2458,0,3262.38,45186.52,391930.61
102053,5006576,Active,-898,0,22421.03,108385.18,64548.08
103149,5006577,Closed,-2455,0,5209.75,40965.48,49388.66
107339,5006578,Closed,-2472,0,1097.69,92539.31,94027.53
103911,5006579,Closed,-1248,0,1043.96,144836.25,22012.08
104117,5006580,Active,-1957,0,12990.07,335414.59,123651.75
201167,5006581,Closed,-311,0,126.7,174196.23,13848.29
106394,5006582,Closed,-1733,0,10363.06,341757.41,75468.59
108097,5006583,Active,-2004,0,3215.19,300723.2,6698.51
104236,5006584,Closed,-2141,0,907.87,17851.44,84520.02
100514,5006585,Closed,-662,0,11049.39,45185.42,96808.2
102886,5006586,Closed,-43,10,282.06,36286.22,177289.9
103838,5006587,Active,-2437,0,1587.77,298060.4,169.79
201871,5006588,Active,-1860,0,3740.79,3734.58,105726.88
100658,5006589,Closed,-2446,0,440.66,25939.17,5126.45
108661,5006590,Closed,-1661,0,2932.16,24337.18,26089.5
201424,5006591,Closed,-678,0,1875.47,496367.36,29658.49
101903,5006592,Closed,-1246,0,594.52,304.27,37958.1
201630,5006593,Closed,-1268,0,16729.82,44470.13,384314.31
105729,5006594,Closed,-549,0,3207.59,185056.49,282829.52
201361,5006595,Closed,-560,0,7784.31,60591.36,72057.2
100057,5006596,Active,-1861,0,2677.39,234443.75,3498.98
102630,5006597,Active,-200,0,863.18,15847.46,21302.29
103854,5006598,Active,-533,0,291.72,139288.26,94611.84
109536,5006599,Closed,-1666,0,1412.92,290470.58,37495.06
200002,5006600,Closed,-2220,0,2929.02,689818.94,14653.04
109068,5006601,Closed,-2218,0,6173.67,249810.99,45263.57
107919,5006602,Closed,-1413,0,5197.18,113598.59,19289.88
101644,5006603,Closed,-2940,0,3228.31,48145.42,100527.65
108764,5006604,Active,-942,0,12038.47,386966.75,12661.52
104404,5006605,Closed,-1886,0,482.69,74495.2,82949.38
103275,5006606,Closed,-1349,0,3013.97,128480.2,5337.68
104339,5006607,Closed,-400,0,4772.36,34471.23,48084.88
103525,5006608,Active,-22,0,435.73,325933.96,63003.23
100158,5006609,Closed,-2606,0,1074.99,323910.3,174420.94
105932,5006610,Closed,-1089,0,865.85,66191.41,55146.26
106854,5006611,Active,-1244,0,11021.43,139310.6,924.69
100409,5006612,Closed,-1690,0,4824.88,104527.48,182686.26
101638,5006613,Active,-1606,0,303.63,347401.65,91854.58
106846,5006614,Active,-2712,0,6380.59,493078.93,27367.8
107129,5006615,Active,-1106,0,6146.04,71681.66,50981.79
104408,5006616,Closed,-741,0,1319.71,133082.44,754.8
103225,5006617,Active,-1313,0,1173.0,494853.41,290443.7
107655,5006618,Closed,-2108,0,1280.59,69942.08,40723.81
102130,5006619,Closed,-2765,0,1834.0,87153.36,128118.65
105257,5006620,Closed,-2940,0,3019.59,58059.1,26343.14
100116,5006621,Closed,-1526,0,17865.18,57469.4,71905.57
106151,5006622,Closed,-153,0,1237.02,308423.55,79230.9
106348,5006623,Closed,-1864,0,4231.24,69486.35,22480.47
104432,5006624,Closed,-1294,0,7246.19,173266.14,7051.64
108859,5006625,Closed,-2868,0,9212.63,418802.94,74826.2
105480,5006626,Active,-2189,10,160.23,3858.68,29272.49
100738,5006627,Active,-1935,0,3746.94,51587.24,149342.74
102443,5006628,Closed,-2641,30,10394.77,232117.03,291463.11
201566,5006629,Closed,-1047,0,4002.24,31503.44,59692.28
109117,5006630,Active,-606,0,4801.71,6567.33,95646.25
109601,5006631,Closed,-2631,0,362.47,39108.64,167858.61
108744,5006632,Closed,-477,0,505.41,89412.49,1794.54
104396,5006633,Closed,-2500,30,7862.39,79694.89,267071.26
104238,5006634,Closed,-724,0,17371.23,18779.8,6692.42
101562,5006635,Active,-1424,0,2643.79,446446.99,260026.31
201727,5006636,Active,-638,0,983.32,172091.13,24722.08
105754,5006637,Active,-460,30,2260.73,210157.02,31968.36
105452,5006638,Closed,-705,0,4289.29,40782.33,48936.76
108523,5006639,Closed,-636,0,2236.85,212496.42,10465.44
109949,5006640,Active,-1864,0,3471.37,292216.0,65956.33
105413,5006641,Active,-2869,0,43.21,72672.49,105907.1
107963,5006642,Closed,-1141,0,1647.93,83079.86,190017.38
105656,5006643,Closed,-516,0,2406.04,50952.9,10225.86
102504,5006644,Closed,-1726,0,3040.97,57038.55,427822.03
109562,5006645,Closed,-912,0,10426.17,130021.18,2783.82
108058,5006646,Active,-256,0,2074.29,278450.76,32180.45
104431,5006647,Closed,-1588,0,12226.08,503432.84,39442.61
108293,5006648,Active,-273,0,12343.93,407513.45,388246.44
201526,5006649,Active,-2175,0,13255.86,6867.98,8191.28
100287,5006650,Closed,-757,30,3075.78,13367.02,108212.43
103310,5006651,Closed,-1524,0,12700.3,181915.25,50684.75
200043,5006652,Active,-2425,0,26377.44,32970.19,175371.83
107149,5006653,Active,-1515,0,1411.25,70524.76,54426.31
101342,5006654,Active,-1674,0,11547.97,264554.84,61109.54
101687,5006655,Closed,-2262,0,4280.18,194908.18,127357.96
102045,5006656,Closed,-2035,0,7418.73,73235.69,33487.45
104784,5006657,Closed,-871,0,6809.66,338798.88,32866.32
107948,5006658,Active,-279,0,5261.85,128929.84,7886.46
101559,5006659,Closed,-1242,0,225.1,1429.1,80605.18
109419,5006660,Closed,-1861,0,1824.21,112644.51,53886.16
201281,5006661,Active,-2268,0,17151.16,24112.31,138440.38
103800,5006662,Closed,-575,0,4396.78,20319.39,36709.43
104149,5006663,Closed,-2687,0,11995.62,18582.96,38259.7
103562,5006664,Closed,-487,0,5464.86,369303.66,116815.66
103715,5006665,Active,-2585,0,1606.11,136240.01,214212.65
100649,5006666,Closed,-2945,0,903.3,109969.58,61470.0
103070,5006667,Active,-2519,0,6616.79,586539.14,6605.15
107209,5006668,Closed,-506,0,3980.21,543529.24,31231.48
109676,5006669,Closed,-1191,0,8222.42,52360.16,32089.33
104014,5006670,Closed,-1508,0,1916.51,639956.52,156578.09
102976,5006671,Closed,-829,0,6806.75,155732.31,44163.6
104159,5006672,Closed,-2452,0,4001.93,61511.8,80107.12
103800,5006673,Closed,-2452,0,9299.94,25847.33,85848.34
108149,5006674,Closed,-2376,0,16682.08,4297.49,16416.12
101662,5006675,Closed,-736,0,1888.58,149982.46,38728.92
108225,5006676,Closed,-1881,0,4771.43,39709.61,52717.99
200607,5006677,Closed,-233,0,2597.22,334405.14,124978.67
103804,5006678,Closed,-132,0,600.12,210461.65,171807.1
200677,5006679,Closed,-58,0,9734.86,57673.19,33302.37
102588,5006680,Closed,-1052,0,951.94,39252.86,17818.41
100716,5006681,Closed,-2074,0,180.84,404153.52,19997.24
109724,5006682,Closed,-1934,0,17285.72,14542.67,19397.45
108638,5006683,Closed,-61,0,6374.63,447386.92,103343.35
108033,5006684,Closed,-1590,0,4685.53,413750.8,78063.74
107176,5006685,Closed,-1999,0,13139.99,4908.04,140943.75
107450,5006686,Closed,-2549,0,2343.59,258400.57,17609.75
103146,5006687,Closed,-1864,0,2521.08,3970.81,19772.08
104016,5006688,Closed,-224,0,1743.71,42713.47,17247.11
103976,5006689,Closed,-79,0,8478.71,15747.71,124204.1
100178,5006690,Closed,-671,0,788.97,207573.09,15067.0
108737,5006691,Active,-1525,0,4113.48,96455.64,84968.58
104034,5006692,Closed,-1782,0,13070.99,10383.25,218456.99
201015,5006693,Closed,-2653,0,11616.02,7936.23,49562.43
105883,5006694,Closed,-2074,0,1824.52,80714.78,9592.53
102153,5006695,Closed,-617,0,483.46,188391.02,23283.43
101310,5006696,Active,-1430,0,1606.14,500975.66,74633.83
201314,5006697,Active,-1395,0,6981.14,246667.14,802.85
102242,5006698,Closed,-2053,0,1638.58,121946.65,3911.2
101637,5006699,Closed,-988,0,6102.65,86985.14,28416.46
200680,5006700,Closed,-261,0,3123.66,12942.09,10357.41
108180,5006701,Closed,-2933,0,270.47,109514.24,54269.68
104446,5006702,Closed,-2571,0,1830.34,59625.36,609.14
100205,5006703,Closed,-686,0,1922.48,74257.7,6142.42
105494,5006704,Active,-2006,0,130.96,385641.7,79254.76
102849,5006705,Active,-1754,0,4589.92,21303.1,73117.12
201786,5006706,Active,-809,0,7406.13,78480.1,38848.98
109168,5006707,Closed,-2182,0,8713.1,9660.6,112284.84
100979,5006708,Closed,-2992,0,2545.63,584321.89,27312.96
106436,5006709,Closed,-2799,0,9282.06,31006.86,34673.21
104715,5006710,Closed,-1999,0,6865.16,568154.72,291898.4
103363,5006711,Active,-829,0,5827.74,696642.74,142304.56
102869,5006712,Closed,-2108,0,5361.74,497693.28,79068.11
105334,5006713,Closed,-1170,0,7142.26,748976.7,66124.55
102552,5006714,Closed,-387,0,2269.46,94297.4,11608.0
103954,5006715,Closed,-2641,0,3303.18,250271.46,31490.33
103213,5006716,Active,-1787,0,9537.26,330441.36,222785.58
102084,5006717,Closed,-2846,0,2207.5,520752.38,24708.36
200589,5006718,Closed,-2702,0,6775.06,44701.51,50557.11
103649,5006719,Closed,-4,0,2632.03,159308.19,5783.94
201541,5006720,Closed,-1670,0,4222.97,72405.45,17948.38
200232,5006721,Active,-1242,0,4003.45,38489.33,177128.38
104610,5006722,Closed,-2978,0,2390.4,179623.05,36195.32
108426,5006723,Closed,-1990,0,7507.4,4553.88,134521.61
107230,5006724,Active,-2146,0,2328.3,89313.95,265445.99
200589,5006725,Closed,-1231,0,1022.03,101181.95,73.01
101706,5006726,Closed,-2231,0,201.79,235299.98,46940.16
101958,5006727,Closed,-742,0,1223.25,66596.75,37435.18
102768,5006728,Closed,-1753,0,2664.6,283928.2,48982.74
200416,5006729,Active,-1679,0,7432.24,42103.34,83058.22
102619,5006730,Active,-1363,0,6395.86,551.63,2288.27
107015,5006731,Active,-2734,0,3526.55,35679.59,18487.6
201989,5006732,Active,-1867,0,2787.49,419643.89,110986.5
104694,5006733,Closed,-1971,0,11409.98,197344.4,69780.31
200354,5006734,Active,-2804,0,23461.52,178387.71,7901.44
107381,5006735,Closed,-2896,0,5771.48,326394.79,502999.67
105353,5006736,Closed,-2713,0,304.51,824902.24,68335.39
108298,5006737,Closed,-1916,0,2999.25,675296.05,512266.43
105934,5006738,Closed,-696,0,1051.24,298513.75,5894.74
102667,5006739,Closed,-1974,0,341.11,76014.54,79312.26
108811,5006740,Active,-1841,0,3567.97,371327.92,44769.99
200879,5006741,Closed,-533,0,1486.61,361595.6,23788.1
104394,5006742,Closed,-1411,0,3539.35,45664.52,26035.15
103289,5006743,Active,-2412,0,1097.74,204068.86,140579.97
200052,5006744,Closed,-876,0,13596.68,40046.54,17266.61
106514,5006745,Closed,-2847,0,303.04,304509.14,455124.67
109535,5006746,Active,-2594,0,399.26,40147.66,61330.97
109200,5006747,Closed,-1546,0,2103.57,52396.52,100911.64
104469,5006748,Closed,-1425,0,2978.28,14902.45,11990.57
102607,5006749,Closed,-2668,0,2073.49,276729.03,9320.46
101429,5006750,Closed,-1243,0,3394.98,942886.89,70214.21
109775,5006751,Closed,-2660,0,5069.15,38630.15,24604.72
104190,5006752,Closed,-1363,0,5051.54,241533.55,54449.41
107026,5006753,Active,-44,0,2719.02,215598.42,75857.89
105360,5006754,Closed,-2112,0,4111.05,14349.99,139650.92
106724,5006755,Active,-1510,0,2564.35,44146.79,50553.69
100481,5006756,Active,-876,0,94.03,77488.88,108641.5
104532,5006757,Closed,-534,0,1619.37,53149.4,96461.07
108802,5006758,Closed,-1144,0,929.65,162603.2,18449.38
106581,5006759,Active,-1643,0,193.86,120472.96,65614.03
105824,5006760,Closed,-2955,10,663.66,20292.19,33269.65
101953,5006761,Closed,-1567,0,207.11,15290.45,8964.17
104656,5006762,Closed,-1780,0,10396.72,193776.63,23956.97
107383,5006763,Closed,-2431,0,4054.77,52543.31,36598.85
106071,5006764,Active,-1342,0,1190.86,66758.41,4297.49
108546,5006765,Active,-2259,0,4553.69,291836.67,22816.22
107823,5006766,Closed,-2479,0,5153.91,183207.95,14562.88
102614,5006767,Closed,-1479,0,8172.56,50018.71,250286.16
105255,5006768,Active,-2570,0,2083.24,421322.04,34015.45
107827,5006769,Closed,-269,0,1365.62,224486.06,21707.21
102577,5006770,Closed,-821,0,3528.12,209938.99,2441.05
104156,5006771,Active,-2774,0,2558.44,274499.18,12919.82
102738,5006772,Closed,-1025,0,1442.8,297984.79,98474.84
107293,5006773,Closed,-1571,0,2587.55,426641.53,3154.59
105668,5006774,Active,-2527,0,4988.7,91622.39,47739.08
103364,5006775,Closed,-2479,0,13108.32,214416.74,17110.35
108914,5006776,Active,-2321,0,526.1,152665.93,154599.91
108630,5006777,Active,-1843,0,7643.52,131448.41,8781.02
108746,5006778,Closed,-2134,0,4972.6,18260.94,38948.5
106526,5006779,Active,-868,0,2348.21,1047178.95,212652.92
103112,5006780,Closed,-113,0,4120.19,831113.01,126601.06
103105,5006781,Closed,-2458,0,417.6,229870.64,243630.34
105262,5006782,Closed,-2302,0,12081.86,141367.79,5603.45
201389,5006783,Closed,-1970,30,3406.85,51499.95,77285.41
100067,5006784,Closed,-2868,0,2138.55,34367.54,13600.55
108826,5006785,Closed,-1583,0,1721.66,262463.36,86330.07
201265,5006786,Closed,-1243,0,7879.93,116330.4,14817.71
106230,5006787,Active,-1870,0,1249.02,179150.41,77487.06
109658,5006788,Closed,-263,0,298.34,196946.51,188275.09
109853,5006789,Closed,-2263,0,2843.2,233103.32,54771.27
102992,5006790,Closed,-1101,0,228.7,62972.11,11130.2
102094,5006791,Active,-1385,0,3740.45,77861.36,17600.05
101926,5006792,Closed,-2568,0,17969.85,58863.06,119112.53
103506,5006793,Closed,-1332,10,11123.1,476092.38,14493.66
104477,5006794,Closed,-1582,0,1691.25,172791.63,62106.14
100456,5006795,Closed,-2467,0,1072.39,518160.31,238258.57
105007,5006796,Closed,-2159,0,81.27,333848.49,156087.21
102521,5006797,Closed,-807,0,7951.24,32095.86,6873.98
102701,5006798,Closed,-2669,0,1937.34,94363.56,9182.44
103504,5006799,Closed,-2742,0,1759.79,451736.21,140794.1
108098,5006800,Active,-1412,0,12158.58,387446.04,192003.81
107164,5006801,Active,-1425,0,655.22,886474.65,14120.28
200795,5006802,Closed,-2747,0,5746.36,137052.58,58280.81
101182,5006803,Closed,-2484,0,5393.48,87672.67,46525.99
109372,5006804,Active,-263,0,2766.16,159460.56,3135.52
103727,5006805,Closed,-131,0,4012.11,6880.81,221199.72
102139,5006806,Closed,-533,0,4823.33,144794.33,155892.8
106143,5006807,Active,-2812,0,2454.26,284145.14,150583.86
106840,5006808,Closed,-967,0,4879.46,84477.65,1579.57
104281,5006809,Active,-793,0,4609.89,75693.12,25807.28
101168,5006810,Closed,-2490,0,1241.1,313976.1,65622.34
200535,5006811,Closed,-1187,0,14878.23,441345.81,44353.75
109486,5006812,Closed,-37,0,5445.86,283097.34,28906.26
105827,5006813,Closed,-1529,0,482.77,352116.96,500847.55
106743,5006814,Closed,-780,0,8323.32,12883.2,167474.51
102676,5006815,Closed,-2274,0,1574.37,7952.46,9134.01
101757,5006816,Closed,-1773,0,76.03,508156.64,48800.7
106896,5006817,Closed,-1132,0,8300.0,103654.77,84269.35
104024,5006818,Closed,-1328,0,7672.19,130289.82,18279.73
107852,5006819,Closed,-1453,0,6159.4,384091.88,11105.8
102235,5006820,Closed,-1472,0,2946.29,31006.56,66263.9
100889,5006821,Closed,-379,0,173.12,50861.81,7642.67
108829,5006822,Closed,-345,0,833.23,47953.6,53505.1
201883,5006823,Closed,-2361,0,2466.75,232250.27,12812.63
102387,5006824,Active,-2600,0,2288.59,67152.07,320058.65
100129,5006825,Closed,-820,0,10011.12,372338.55,13469.95
103446,5006826,Closed,-2670,0,12431.31,24034.18,374529.01
107517,5006827,Active,-1178,0,1545.66,167403.16,51119.13
103083,5006828,Closed,-1257,0,2380.65,42147.09,50885.13
104540,5006829,Closed,-2405,0,34.24,106542.33,290525.95
201171,5006830,Closed,-2592,0,1668.05,30949.7,6621.52
100763,5006831,Active,-1035,0,7959.85,15197.59,20226.06
107131,5006832,Closed,-329,0,3131.36,45467.57,12303.53
106573,5006833,Closed,-98,0,1216.54,62620.35,60265.23
109907,5006834,Closed,-2400,0,3174.93,611280.19,9085.86
200791,5006835,Closed,-520,0,2016.64,67225.83,22384.3
106922,5006836,Closed,-1815,0,2705.31,537706.71,25652.96
200918,5006837,Active,-218,0,15369.71,178752.24,85898.56
107147,5006838,Active,-1268,0,1578.01,1289608.1,54037.28
109700,5006839,Closed,-1276,0,5619.86,96942.11,780.23
200919,5006840,Closed,-2487,0,8734.58,32088.71,105745.26
104738,5006841,Closed,-1553,0,3593.51,57527.14,22519.07
100217,5006842,Closed,-499,0,14674.63,313029.32,70272.27
100812,5006843,Closed,-453,0,3597.21,386467.55,77073.17
101555,5006844,Active,-397,0,7188.05,86134.22,398483.04
107723,5006845,Closed,-161,0,2204.48,218193.17,75851.84
103011,5006846,Closed,-986,0,25551.47,60012.56,25950.29
109666,5006847,Closed,-1666,0,1017.12,223254.46,26263.93
103401,5006848,Closed,-1292,0,576.53,22270.28,31732.15
200916,5006849,Closed,-1049,0,3525.29,84757.89,50129.62
103625,5006850,Active,-1324,10,818.78,166891.68,137193.78
109670,5006851,Closed,-773,0,3762.04,55225.8,33734.23
108891,5006852,Closed,-2700,0,6180.57,167153.59,210048.34
106826,5006853,Closed,-1885,0,7169.26,217235.31,53922.73
100479,5006854,Closed,-2702,0,14611.94,205465.6,150518.47
106708,5006855,Closed,-57,0,6222.92,36525.79,37619.0
100385,5006856,Closed,-1985,0,9067.93,77530.97,63065.21
107249,5006857,Closed,-1554,0,3937.78,843421.04,61202.1
109380,5006858,Closed,-2829,0,14037.78,83348.14,9120.18
201806,5006859,Closed,-2633,0,4666.2,140335.92,9662.68
106922,5006860,Active,-512,0,347.71,50234.4,62230.78
100045,5006861,Active,-400,0,4832.75,15262.77,42099.82
106511,5006862,Active,-2768,0,99.86,60246.96,51952.99
109170,5006863,Active,-1111,0,8223.22,24092.27,47981.15
100104,5006864,Active,-317,0,2000.97,98017.78,120363.96
106800,5006865,Closed,-2596,0,1090.36,131626.43,80409.49
102150,5006866,Active,-1215,0,7356.09,660605.46,4239.96
105520,5006867,Active,-1649,0,10152.76,16466.6,52510.48
200305,5006868,Closed,-2782,0,3652.91,81382.26,16804.49
101449,5006869,Active,-643,0,19819.01,163801.02,383071.6
103539,5006870,Closed,-76,0,10055.64,258362.52,1675.99
105757,5006871,Active,-2663,0,2071.23,218110.11,51993.44
200518,5006872,Active,-2324,10,756.8,87252.95,42359.68
107652,5006873,Closed,-2968,0,3289.01,33663.11,206701.94
100315,5006874,Closed,-2954,0,1773.66,202552.36,75008.74
101688,5006875,Closed,-585,0,2237.66,632710.64,24793.57
108423,5006876,Active,-566,0,21272.82,245611.34,21371.85
104155,5006877,Closed,-189,0,7428.75,553051.95,31073.87
103987,5006878,Closed,-1843,0,6998.29,330758.83,15522.02
107540,5006879,Closed,-2146,0,687.74,31319.0,60999.38
103200,5006880,Active,-1073,0,2930.7,119050.7,61575.68
102365,5006881,Closed,-1711,0,6308.87,54076.36,97157.21
101966,5006882,Closed,-911,0,2842.5,646703.04,21874.33
200823,5006883,Active,-1928,0,19070.05,166780.59,183390.24
201555,5006884,Closed,-2262,0,5735.1,36687.51,147426.08
103584,5006885,Closed,-2076,0,8843.3,423934.99,24621.9
106728,5006886,Closed,-1928,0,525.69,135489.54,11518.42
103233,5006887,Closed,-670,0,3465.11,167876.54,108271.7
102826,5006888,Closed,-529,0,4610.75,77279.69,74178.16
104144,5006889,Active,-906,0,77.92,87250.64,23750.49
104346,5006890,Active,-2374,0,1861.12,236596.76,227745.16
108549,5006891,Closed,-986,0,59.82,73061.2,288570.22
109781,5006892,Closed,-2914,0,4080.0,123238.07,159917.86
100650,5006893,Closed,-617,0,4294.31,70680.01,23421.95
107636,5006894,Closed,-1047,0,2447.49,407691.62,192246.09
200288,5006895,Active,-428,0,6251.87,261644.19,14105.65
108326,5006896,Active,-2215,0,3551.33,212108.14,30243.11
100438,5006897,Closed,-1776,0,2685.28,203146.26,69448.34
200843,5006898,Closed,-2813,0,6665.06,101859.32,135079.83
201260,5006899,Closed,-816,0,729.59,339781.54,46858.63
103705,5006900,Active,-1688,0,281.77,298627.95,44434.03
109969,5006901,Closed,-1979,0,4675.56,110398.32,108160.24
106480,5006902,Closed,-1930,0,4.51,171263.6,13589.83
109530,5006903,Active,-932,0,11381.67,72849.18,8298.14
108173,5006904,Closed,-2489,0,4967.12,66344.89,97155.48
201737,5006905,Closed,-1046,0,3547.77,538516.51,79106.25
201962,5006906,Closed,-1299,0,2892.4,182808.92,42103.17
101254,5006907,Closed,-2597,0,887.33,637379.87,38771.51
107433,5006908,Closed,-2508,0,6293.92,145257.45,45362.13
100021,5006909,Closed,-826,0,456.33,229591.25,33979.51
201281,5006910,Closed,-1296,0,17653.59,57331.81,14635.56
103930,5006911,Closed,-1719,0,3164.81,500387.15,111866.25
200839,5006912,Active,-548,0,189.71,236664.72,633726.96
103464,5006913,Closed,-1630,0,11680.87,248208.8,34164.47
105669,5006914,Closed,-283,0,5896.91,41622.34,188130.86
106826,5006915,Closed,-674,0,4693.02,235088.93,24028.12
106402,5006916,Closed,-1334,0,12193.59,483260.13,110747.26
107045,5006917,Closed,-2975,0,2730.61,56130.74,104211.49
201000,5006918,Closed,-916,0,5484.01,25180.48,38314.65
103888,5006919,Closed,-1935,10,382.22,247857.04,84125.26
106306,5006920,Closed,-2216,0,14541.23,4149.46,11438.37
109778,5006921,Active,-194,0,4006.22,112525.53,29489.17
200935,5006922,Closed,-909,0,1284.52,4945.44,160656.65
103318,5006923,Closed,-324,0,1317.12,47824.7,2272.31
201482,5006924,Closed,-830,0,2248.18,200397.69,71345.49
106362,5006925,Active,-1518,0,24994.57,19672.27,462555.86
102138,5006926,Active,-1824,0,3121.93,25371.23,22283.61
201343,5006927,Closed,-1107,0,10059.09,216696.52,8960.08
105982,5006928,Closed,-2137,0,6762.5,298753.71,157500.34
102940,5006929,Closed,-2548,0,2756.15,76357.67,41861.81
101377,5006930,Closed,-2352,0,3222.88,176613.36,84698.87
102812,5006931,Active,-2463,0,8781.97,178114.25,17488.0
105372,5006932,Active,-808,0,721.04,71471.04,97839.43
109166,5006933,Closed,-210,0,2658.69,66192.96,70015.7
105343,5006934,Closed,-277,0,1412.49,191721.95,27106.67
103336,5006935,Closed,-2333,0,8902.95,13431.69,87873.98
101686,5006936,Active,-455,0,781.37,303967.59,18095.47
201455,5006937,Closed,-2184,0,7664.55,232895.08,170837.1
102270,5006938,Closed,-976,0,3476.52,13841.53,21871.4
200125,5006939,Closed,-2255,0,56.5,258437.88,58117.93
102197,5006940,Active,-2856,0,2420.19,148625.45,57020.7
200477,5006941,Closed,-1300,0,6593.5,2307.46,28589.2
100204,5006942,Closed,-644,0,3816.96,189855.9,225790.38
200076,5006943,Closed,-2,0,11160.31,556310.96,165018.12
107858,5006944,Closed,-2754,0,4242.68,144652.29,93182.95
107495,5006945,Closed,-1207,30,8523.6,406986.86,96292.98
102268,5006946,Closed,-1806,10,4318.82,3446.99,45880.45
100010,5006947,Closed,-864,0,4757.65,37916.41,171129.63
102048,5006948,Closed,-841,0,4374.77,105304.99,10027.1
201026,5006949,Closed,-2226,0,1844.54,156674.75,161764.11
108758,5006950,Active,-2673,0,2556.67,582672.56,49658.2
101388,5006951,Closed,-2218,0,6367.17,31490.57,106396.3
101356,5006952,Active,-1556,0,1541.51,60867.67,164077.49
100107,5006953,Closed,-2695,0,77.51,123293.59,146612.84
201624,5006954,Closed,-218,0,13886.54,83931.74,36601.49
100398,5006955,Closed,-2858,0,22334.42,242736.72,24664.66
103977,5006956,Closed,-1395,0,5891.58,55168.2,29510.03
104371,5006957,Closed,-2621,0,5905.54,110734.19,51711.58
106513,5006958,Closed,-473,0,497.83,34723.93,24722.51
103620,5006959,Active,-2209,0,3119.49,28928.85,16433.49
104297,5006960,Closed,-2838,0,2964.31,41608.98,251052.74
108654,5006961,Closed,-481,10,3667.79,103644.69,259464.46
104345,5006962,Closed,-2177,0,3302.04,19157.18,51935.89
107350,5006963,Closed,-2522,0,5262.39,187262.43,154812.99
200868,5006964,Closed,-1941,0,1164.97,109677.6,7376.75
100175,5006965,Active,-2355,0,6649.23,62345.73,24696.77
101609,5006966,Closed,-1944,0,275.37,188421.44,170523.08
102269,5006967,Closed,-1006,0,1781.69,203441.25,7188.06
103810,5006968,Active,-2596,0,13073.1,477016.62,4587.54
101501,5006969,Active,-682,30,4336.09,7736.22,109153.2
201156,5006970,Closed,-1394,0,16438.18,591274.83,3097.27
102748,5006971,Closed,-224,0,6574.0,103175.0,1226.4
100473,5006972,Closed,-1866,0,7694.96,64602.98,37086.62
102982,5006973,Closed,-2763,0,269.57,54759.91,211697.85
200293,5006974,Active,-87,0,4717.18,353189.84,16782.93
105740,5006975,Closed,-894,0,8358.68,85466.02,260578.76
107959,5006976,Closed,-2503,0,610.98,17497.24,25968.97
106448,5006977,Closed,-2512,10,2548.22,132644.85,66172.56
108105,5006978,Closed,-2683,0,2901.34,171170.76,51271.63
102424,5006979,Closed,-457,0,10473.31,17992.21,72495.84
101764,5006980,Active,-1223,0,8593.05,214565.03,48785.13
106972,5006981,Closed,-309,0,2090.59,590545.76,4859.48
103130,5006982,Active,-257,0,1397.37,419016.61,52063.38
101895,5006983,Closed,-724,0,5435.17,942163.45,11617.86
101890,5006984,Closed,-2488,0,1080.3,201453.45,327646.74
105149,5006985,Closed,-2515,0,5964.51,36063.13,33213.7
105141,5006986,Closed,-1652,30,254.89,157627.19,159063.26
107997,5006987,Active,-2222,0,372.2,82837.12,57794.15
101805,5006988,Active,-430,0,1506.85,139947.95,31369.4
104914,5006989,Closed,-1964,0,1674.84,80555.41,46319.05
102947,5006990,Closed,-754,0,9398.02,117877.61,506.92
108917,5006991,Closed,-1407,0,1233.49,55018.66,1829.76
200807,5006992,Closed,-1983,0,2178.08,312912.11,162231.95
103053,5006993,Closed,-2156,0,190.3,440545.39,42278.91
200494,5006994,Closed,-436,0,3216.76,163585.84,169349.28
104311,5006995,Closed,-2659,0,7861.71,237406.11,112347.63
106697,5006996,Closed,-1618,0,13300.82,19918.15,106583.9
106953,5006997,Active,-474,0,1295.61,151912.34,7293.74
100527,5006998,Closed,-2479,0,368.33,102089.58,88881.7
201120,5006999,Active,-1989,0,1836.15,130679.5,354596.33
106510,5007000,Closed,-769,0,4778.28,50752.61,145474.39
103330,5007001,Closed,-1925,0,8138.75,75988.03,35559.41
106303,5007002,Closed,-2239,0,12091.84,4489.87,78139.05
200824,5007003,Active,-1243,0,7800.36,48288.31,26073.74
103042,5007004,Closed,-1372,0,3755.99,893923.09,69046.63
109554,5007005,Closed,-1593,0,923.0,151592.96,85483.85
108114,5007006,Closed,-1057,0,1572.71,189238.3,36145.73
103912,5007007,Active,-2618,0,9432.49,1089595.29,119408.56
104071,5007008,Active,-232,0,17482.88,281172.48,132764.71
100280,5007009,Closed,-22,0,224.03,537379.32,65147.45
109581,5007010,Active,-1980,0,889.53,349806.07,148471.39
108653,5007011,Closed,-2962,0,2922.14,29848.73,14721.15
101731,5007012,Closed,-507,0,1041.94,195428.83,215220.08
108097,5007013,Closed,-946,0,2599.92,118453.48,20510.51
102721,5007014,Closed,-1279,0,10949.57,716960.15,22784.42
106292,5007015,Closed,-1522,0,765.21,248294.61,87637.45
106797,5007016,Closed,-317,0,1228.72,30434.77,98687.58
106195,5007017,Active,-644,0,341.26,451572.11,94207.26
103050,5007018,Active,-1061,0,1646.35,224732.99,93386.52
104313,5007019,Closed,-14,0,1082.82,89410.85,8828.27
106546,5007020,Active,-2676,0,839.22,45942.78,136761.1
100660,5007021,Closed,-737,0,4607.51,336958.46,46554.61
102731,5007022,Active,-2170,0,5364.53,62812.23,3387.73
109493,5007023,Closed,-234,0,9651.91,238053.59,3364.93
103699,5007024,Active,-218,0,271.1,479320.28,89052.13
106274,5007025,Closed,-885,0,538.71,119779.52,210536.12
200765,5007026,Closed,-1225,0,1455.65,44041.67,27674.91
103357,5007027,Closed,-2831,0,5051.46,225382.93,40548.93
108557,5007028,Closed,-2658,0,14921.97,359702.53,12802.02
102155,5007029,Closed,-1576,0,14495.22,221529.91,37520.29
100340,5007030,Closed,-1310,0,2198.43,11269.03,13299.39
201514,5007031,Closed,-393,0,905.96,172477.27,197960.88
106729,5007032,Closed,-508,0,2062.96,41233.92,47086.61
103949,5007033,Closed,-1080,10,2194.16,1244156.26,116325.12
104339,5007034,Closed,-1429,0,9525.31,147810.59,122479.24
105760,5007035,Closed,-1764,0,1510.5,224456.44,35313.65
100009,5007036,Closed,-1851,0,2986.97,524383.59,95243.27
104740,5007037,Closed,-1959,0,10193.6,94253.56,49696.52
104610,5007038,Closed,-1652,0,1915.63,279493.46,57839.92
101998,5007039,Closed,-453,0,879.74,97912.19,226384.18
107125,5007040,Closed,-151,0,3162.42,191369.35,46382.74
109444,5007041,Closed,-993,0,6155.64,165174.11,10008.8
102909,5007042,Closed,-1839,0,917.51,265110.88,34309.33
200576,5007043,Closed,-91,0,485.96,19487.56,20.72
200847,5007044,Closed,-2343,0,868.94,8856.73,23453.76
104944,5007045,Closed,-1230,0,1498.23,55681.57,75471.53
109593,5007046,Closed,-1479,0,650.08,190398.63,77801.08
106114,5007047,Active,-1571,0,4863.93,63758.22,26990.38
107869,5007048,Closed,-2808,0,7488.29,208931.06,252552.67
104939,5007049,Closed,-1059,0,1589.86,112848.85,288794.13
104736,5007050,Closed,-2965,0,2428.29,81612.57,66843.33
101940,5007051,Closed,-1551,0,2294.17,435486.87,20100.39
102619,5007052,Active,-1994,0,3837.97,271835.3,58779.4
108035,5007053,Closed,-1659,0,8678.03,64078.79,23914.94
103554,5007054,Active,-1942,0,5259.6,323644.79,67903.0
200769,5007055,Closed,-41,0,5597.91,217410.1,35616.66
106166,5007056,Active,-264,0,1781.75,259344.65,41156.66
200159,5007057,Closed,-2789,0,14479.23,47796.08,86204.56
106999,5007058,Active,-753,0,1583.14,527835.19,9031.47
107716,5007059,Closed,-915,0,14215.68,185740.56,178216.18
102099,5007060,Closed,-470,0,500.92,373734.53,109611.14
200389,5007061,Active,-168,0,8507.95,70694.06,19927.88
108033,5007062,Closed,-2099,0,3657.65,331570.25,37470.97
100545,5007063,Closed,-2434,0,3834.83,382736.46,35099.86
103943,5007064,Closed,-2611,0,13314.0,49551.85,49159.44
201580,5007065,Closed,-64,0,270.17,151242.18,46196.1
100280,5007066,Active,-194,0,786.12,50719.23,555.1
100418,5007067,Closed,-2687,30,11218.45,9227.25,93482.48
104899,5007068,Active,-2876,0,686.08,165781.41,64713.77
105067,5007069,Closed,-2540,0,1346.5,617638.77,30265.59
109885,5007070,Closed,-2749,0,403.14,40567.66,135734.56
200601,5007071,Closed,-729,0,6944.82,130316.81,15779.02
106084,5007072,Closed,-576,0,5773.67,321984.67,19423.08
108403,5007073,Closed,-1915,0,3018.9,7070.94,159528.77
108642,5007074,Closed,-468,0,4100.55,673024.01,33993.24
104972,5007075,Active,-39,0,4551.48,216716.27,35488.78
200805,5007076,Closed,-2304,0,239.22,307599.05,90240.76
200984,5007077,Active,-2633,0,1109.22,121525.33,14531.31
201448,5007078,Closed,-755,0,5809.45,23528.78,181214.26
109519,5007079,Closed,-1956,0,13260.51,388829.14,166758.39
107427,5007080,Closed,-341,0,9325.13,535615.66,17901.94
106816,5007081,Closed,-302,0,1960.27,188887.56,144929.19
100694,5007082,Active,-1347,0,5809.12,329389.44,270491.5
106384,5007083,Closed,-200,0,1842.11,138396.21,32234.69
102862,5007084,Active,-2838,0,551.78,463304.0,14133.44
102197,5007085,Closed,-646,0,3154.24,122044.29,92236.54
102458,5007086,Closed,-1290,0,1224.99,42918.26,45591.8
103093,5007087,Active,-2748,0,3002.19,88285.0,281273.33
106615,5007088,Closed,-911,0,4585.72,208624.6,133327.52
108031,5007089,Closed,-352,0,1547.38,115112.62,68094.0
108534,5007090,Closed,-2205,0,18157.49,16373.22,16195.25
100296,5007091,Closed,-2165,0,2063.9,26647.4,44358.24
106353,5007092,Closed,-2429,0,11358.31,4008.76,72645.76
101879,5007093,Closed,-2225,0,5010.84,27587.91,49397.93
103528,5007094,Closed,-1696,0,3312.08,107193.75,115168.01
106354,5007095,Closed,-1873,0,965.89,67703.82,31043.38
108298,5007096,Closed,-1682,0,6875.89,58150.07,46624.97
109617,5007097,Active,-1747,0,5738.93,448130.84,52289.73
103743,5007098,Closed,-238,0,9833.54,159761.59,31870.03
200361,5007099,Closed,-1901,0,12392.36,384220.06,46816.7
101172,5007100,Closed,-395,0,9051.61,181999.82,18708.96
102391,5007101,Closed,-669,0,615.21,1788888.65,380527.19
109611,5007102,Active,-197,0,2317.24,153440.25,360554.19
106917,5007103,Active,-1111,0,78.11,55805.91,40912.24
200278,5007104,Active,-283,0,4659.63,441440.91,202183.69
102018,5007105,Active,-2862,0,2023.47,14377.46,25317.51
107742,5007106,Active,-9,0,2737.32,28375.06,120852.67
104262,5007107,Active,-377,0,2280.41,147158.42,82405.36
100302,5007108,Active,-1347,0,8736.35,83497.15,13081.68
104797,5007109,Active,-1518,0,6962.46,94127.19,31831.89
102025,5007110,Closed,-2424,0,830.34,538025.59,237041.22
103466,5007111,Closed,-438,0,8277.36,198786.96,102488.66
109925,5007112,Closed,-871,0,1356.03,384859.76,202599.93
105286,5007113,Closed,-90,0,3527.66,126137.98,6465.11
104938,5007114,Active,-2951,0,1789.79,429323.2,35751.47
106497,5007115,Closed,-1727,0,5747.08,69119.75,295316.31
109961,5007116,Closed,-131,0,2802.72,260276.76,58547.47
104421,5007117,Closed,-1551,0,9366.88,104119.13,130445.26
104787,5007118,Closed,-338,0,4306.45,44201.12,299591.85
201096,5007119,Closed,-2589,0,511.89,70088.34,54961.11
105114,5007120,Closed,-1823,0,381.39,44204.08,33171.6
104704,5007121,Closed,-464,0,3824.75,7568.98,161830.08
107902,5007122,Closed,-2,0,3116.19,450269.74,100968.89
107913,5007123,Closed,-1330,0,1976.8,472199.12,12786.02
200064,5007124,Closed,-957,0,7009.36,11960.91,7626.55
109383,5007125,Closed,-1136,0,3920.84,52950.83,158066.68
108157,5007126,Active,-2632,0,5793.38,356871.99,41574.05
201088,5007127,Closed,-280,30,2622.42,70411.7,1717.6
109206,5007128,Closed,-1534,0,2741.68,52244.81,57665.56
107631,5007129,Closed,-1558,0,2164.85,6768.04,15863.74
108799,5007130,Closed,-38,0,2547.12,69626.88,11022.98
103356,5007131,Closed,-1415,0,5706.36,324978.76,21352.27
201451,5007132,Closed,-1860,0,6443.84,88794.79,104272.92
102603,5007133,Closed,-2572,0,462.3,230820.01,76660.03
107639,5007134,Active,-2083,0,3420.24,56354.27,134002.54
200976,5007135,Closed,-2626,0,3610.17,385142.4,3730.97
107628,5007136,Closed,-919,0,16.19,57637.65,28683.07
200643,5007137,Active,-1945,0,560.83,33254.71,6001.97
106575,5007138,Closed,-525,0,2809.47,35427.23,48974.85
105351,5007139,Active,-14,0,8890.08,48503.83,108037.75
104147,5007140,Closed,-1719,0,1065.97,197710.44,82712.94
105411,5007141,Closed,-847,0,11205.76,40267.58,3241.53
107170,5007142,Active,-1414,0,3033.34,82085.94,187795.77
107512,5007143,Closed,-1067,0,3655.39,54913.22,23806.75
103700,5007144,Active,-727,0,283.85,1066069.41,45107.07
106382,5007145,Active,-1703,10,4397.56,53233.83,142836.98
100646,5007146,Closed,-2136,0,20382.19,583219.14,30925.25
108660,5007147,Closed,-887,0,12754.72,75925.29,121929.68
104806,5007148,Closed,-2375,0,3249.83,326205.51,138104.92
104379,5007149,Closed,-1391,0,2063.12,277851.37,10603.48
103267,5007150,Active,-1619,0,3840.64,350398.78,7784.99
103179,5007151,Closed,-238,0,3960.77,154154.18,40162.57
108566,5007152,Active,-2645,0,1053.48,553689.73,147981.56
102286,5007153,Active,-1902,0,11437.99,29820.94,18567.16
201149,5007154,Closed,-1936,0,10476.22,79308.36,310780.11
102662,5007155,Closed,-1911,0,3365.05,444802.46,23121.19
104179,5007156,Closed,-385,0,3474.07,292017.91,40543.42
101983,5007157,Closed,-1002,0,9400.08,284334.29,51995.39
109532,5007158,Closed,-1302,0,3289.2,387596.64,1514.45
107959,5007159,Closed,-28,0,3561.59,165387.1,70390.87
104608,5007160,Active,-1324,0,3394.72,193789.84,37243.91
100374,5007161,Closed,-772,0,3706.9,324049.46,67918.05
103182,5007162,Closed,-2110,0,6344.1,121822.21,127500.91
100878,5007163,Closed,-2442,0,2644.24,168648.82,225.4
107703,5007164,Active,-2905,0,2582.05,70266.1,33385.94
101711,5007165,Closed,-2152,0,7452.45,55098.56,105051.92
200073,5007166,Closed,-616,30,10589.47,1036.01,20862.1
106777,5007167,Closed,-1079,0,4441.72,176745.11,152288.28
105649,5007168,Closed,-1576,0,3457.88,22830.97,58892.02
106074,5007169,Closed,-206,0,2572.11,1811.52,94365.06
105756,5007170,Closed,-1952,0,902.08,22555.39,289526.15
109894,5007171,Closed,-2695,30,5090.65,8545.77,21429.97
108093,5007172,Closed,-2213,0,4314.88,317245.8,219165.34
107322,5007173,Closed,-2088,0,7544.91,11655.47,97324.17
101569,5007174,Active,-1577,0,684.17,797750.01,58547.37
109222,5007175,Active,-2129,0,4056.86,256050.92,70205.18
105758,5007176,Closed,-2092,0,6851.0,88148.08,131718.85
101053,5007177,Closed,-200,0,3010.24,44132.55,44299.34
106095,5007178,Closed,-930,10,240.56,138118.54,133733.49
100700,5007179,Closed,-2639,0,1851.62,15779.73,87700.05
104302,5007180,Active,-1871,0,6412.61,75135.26,432634.68
108068,5007181,Active,-1547,0,9244.44,268956.41,1496.65
104509,5007182,Active,-272,0,1477.82,245996.79,97572.66
105136,5007183,Closed,-1734,0,18949.75,132845.27,64430.07
106913,5007184,Closed,-2263,0,18191.71,30601.36,55802.68
100602,5007185,Active,-1048,0,65.76,33547.28,52810.6
105092,5007186,Closed,-1013,0,5128.0,246383.27,46894.53
201825,5007187,Closed,-2522,0,127.83,35350.22,234375.69
101487,5007188,Closed,-2148,0,4102.93,158545.35,17956.56
103498,5007189,Active,-1119,0,11141.8,202343.25,44722.15
103945,5007190,Closed,-1721,0,5419.58,16395.23,77246.62
201475,5007191,Active,-1052,0,2187.14,107976.93,44943.61
103498,5007192,Closed,-2989,0,28130.59,227450.12,250977.32
104208,5007193,Closed,-2205,0,10648.61,193779.91,5682.02
105697,5007194,Closed,-570,0,59.15,2978.13,28085.47
100676,5007195,Closed,-607,0,6466.17,64978.51,42837.13
200573,5007196,Closed,-1812,0,802.46,119245.61,115215.39
108292,5007197,Active,-2222,0,2784.7,133700.03,11145.96
101039,5007198,Closed,-1920,10,3272.98,334491.13,112927.6
109969,5007199,Active,-1121,0,435.36,43176.28,1785.32
108151,5007200,Closed,-706,0,4610.98,43440.21,363777.29
105672,5007201,Closed,-1781,0,371.83,2641.07,37403.16
105762,5007202,Closed,-895,30,1740.03,306264.88,6709.29
201168,5007203,Active,-2233,0,5589.06,104970.87,6634.3
105888,5007204,Active,-2116,0,5169.38,84665.7,16479.74
104146,5007205,Closed,-653,0,4479.64,765436.16,36323.31
108966,5007206,Closed,-700,0,2157.64,101692.96,54549.65
201986,5007207,Closed,-471,0,1815.4,14820.83,157021.62
103550,5007208,Closed,-1878,0,420.59,33490.23,7483.51
103311,5007209,Closed,-1218,0,3672.62,329465.77,7435.22
200468,5007210,Closed,-1694,0,8010.02,407170.17,69197.33
106870,5007211,Closed,-1084,0,1246.83,83964.04,59534.72
109617,5007212,Closed,-1361,0,888.65,1230867.23,53685.28
105712,5007213,Closed,-25,0,9196.83,423132.82,159116.34
201376,5007214,Closed,-2539,0,2648.21,180800.59,110450.08
108285,5007215,Active,-880,0,1647.34,503013.46,19436.48
200074,5007216,Closed,-2394,0,929.0,76858.91,12975.34
107935,5007217,Closed,-173,0,1527.6,20084.15,151495.91
107395,5007218,Closed,-1329,0,2118.28,419992.71,59954.84
107215,5007219,Active,-626,0,13544.2,236722.95,218751.09
105911,5007220,Closed,-1769,0,3595.9,572154.32,304442.77
107809,5007221,Closed,-2599,0,642.06,51018.67,7772.63
102021,5007222,Active,-413,0,12058.89,7716.5,48819.69
109230,5007223,Active,-172,0,8082.49,39253.13,67028.48
103931,5007224,Closed,-1425,0,5549.47,94577.04,110794.71
107605,5007225,Closed,-1520,0,2468.4,1477483.15,210769.33
105549,5007226,Closed,-2642,0,442.49,263498.32,264198.79
105168,5007227,Active,-573,0,2798.4,126509.54,23289.94
200517,5007228,Closed,-718,0,5125.9,340713.21,56151.95
104883,5007229,Closed,-2137,0,1358.17,338304.87,109814.59
201971,5007230,Active,-546,0,2840.2,137535.2,909.74
102057,5007231,Closed,-2225,0,9315.3,270711.87,194956.38
100508,5007232,Closed,-2545,0,8762.96,25977.29,45660.28
107279,5007233,Active,-1157,0,6730.28,12488.25,62990.22
107228,5007234,Closed,-1539,0,2444.06,80046.82,185236.78
100582,5007235,Closed,-1854,30,5173.61,33893.46,8779.79
201432,5007236,Closed,-790,0,3262.89,166735.05,32689.38
201207,5007237,Closed,-24,0,6434.45,124900.5,33264.16
105931,5007238,Active,-1553,0,4233.25,272774.71,357660.96
101151,5007239,Closed,-312,0,1256.25,1000.08,60425.33
201206,5007240,Closed,-599,10,3790.43,168613.3,92751.29
105911,5007241,Closed,-1654,0,6198.87,458982.44,88493.17
100790,5007242,Closed,-821,0,3119.73,513446.95,100890.07
107718,5007243,Active,-594,0,5950.19,330561.35,5611.2
201860,5007244,Active,-638,10,816.48,539394.39,148063.44
104081,5007245,Closed,-1950,0,8113.29,499071.92,184978.6
105285,5007246,Closed,-1382,0,3015.55,181368.91,278738.36
100560,5007247,Closed,-2192,10,22393.47,75395.18,263735.33
201076,5007248,Active,-1935,0,2576.5,78163.9,6032.6
108038,5007249,Closed,-561,0,809.87,90749.36,181498.16
102405,5007250,Closed,-1101,0,5715.14,199729.62,40760.7
101381,5007251,Closed,-1530,0,8208.65,153284.25,46119.41
106232,5007252,Closed,-1466,0,10490.37,55202.06,85604.74
107144,5007253,Closed,-2287,0,2751.91,227421.9,120164.42
109686,5007254,Closed,-2022,0,3158.47,241352.29,42321.16
101785,5007255,Closed,-2472,0,11612.33,98825.11,179179.4
101674,5007256,Closed,-2875,0,2837.0,184116.08,109243.75
109543,5007257,Closed,-2459,30,421.38,317067.44,6505.96
104499,5007258,Closed,-94,0,993.15,85450.68,46644.07
105890,5007259,Closed,-2105,0,5259.59,123105.43,35412.55
200180,5007260,Closed,-1960,0,3218.19,136198.39,32255.27
102118,5007261,Closed,-1889,0,13041.63,199849.36,153970.05
103858,5007262,Closed,-1553,0,4608.02,51986.35,79943.75
107364,5007263,Closed,-2583,0,9205.28,15163.65,44894.59
109700,5007264,Closed,-2601,0,2270.47,266320.25,54561.55
105518,5007265,Closed,-2502,0,1444.04,182389.96,80751.68
105736,5007266,Closed,-723,0,3202.44,251453.96,59495.69
106365,5007267,Closed,-1498,0,3492.62,209999.4,31118.65
107029,5007268,Active,-1693,0,805.97,39800.23,241955.73
103995,5007269,Closed,-1203,0,900.09,251672.65,53625.45
200752,5007270,Closed,-1676,0,2011.7,219643.55,16021.98
108733,5007271,Closed,-640,0,1097.92,82925.19,218756.16
106648,5007272,Closed,-1932,0,2880.06,309731.03,71905.36
104538,5007273,Closed,-81,30,10064.52,23774.72,164571.66
103458,5007274,Closed,-1653,0,2619.08,214908.93,145118.93
109340,5007275,Active,-545,0,4064.64,919190.68,8514.23
104693,5007276,Closed,-1841,0,6188.75,3145.61,3392.02
103251,5007277,Closed,-2294,0,777.95,580762.52,57726.73
201830,5007278,Closed,-251,0,1414.44,364405.76,35950.4
201764,5007279,Active,-1107,0,2319.38,526420.5,63938.9
100963,5007280,Closed,-869,0,19770.84,177855.76,54886.94
109961,5007281,Active,-522,0,3817.57,423458.31,24195.7
105427,5007282,Closed,-1800,0,1609.91,254768.99,21377.36
109496,5007283,Active,-747,0,5282.85,101349.27,149476.76
109698,5007284,Closed,-339,10,3611.67,260245.91,26313.22
103780,5007285,Closed,-1201,0,8833.36,175235.89,6175.88
108363,5007286,Closed,-1456,0,1927.61,109085.53,74253.11
105830,5007287,Closed,-661,10,2973.43,664482.55,39268.14
109707,5007288,Closed,-1424,0,6551.58,69636.5,67643.56
102397,5007289,Closed,-1928,0,463.53,631609.17,112963.45
100739,5007290,Closed,-2371,0,5923.63,42578.96,3639.56
100732,5007291,Closed,-1028,0,5772.12,448945.68,185348.5
101014,5007292,Active,-836,0,7631.68,117187.9,3053.04
105088,5007293,Active,-1338,0,10266.83,67061.39,26213.63
105479,5007294,Active,-280,0,2077.82,160517.82,13312.97
106119,5007295,Active,-1805,0,5771.53,76924.71,85787.51
104283,5007296,Closed,-2585,0,330.97,136340.87,5086.76
100531,5007297,Closed,-72,0,338.79,12457.92,251848.92
109961,5007298,Active,-683,0,9997.56,68453.3,350.29
200589,5007299,Closed,-869,0,4896.8,463.54,12026.32
106336,5007300,Closed,-1205,0,1269.22,547438.33,311394.34
106785,5007301,Active,-2577,0,9445.55,32213.69,104057.37
100056,5007302,Closed,-2565,0,37473.15,77851.86,18385.26
201289,5007303,Closed,-1009,10,14656.81,791.96,63299.81
102008,5007304,Closed,-2167,0,2330.25,49066.31,89011.46
200814,5007305,Active,-2725,0,2630.39,243198.46,24044.94
102627,5007306,Active,-1583,0,604.7,189818.79,128762.16
104251,5007307,Active,-574,0,10398.29,1137.15,125669.43
109527,5007308,Closed,-2605,0,3107.14,265493.36,99180.56
200021,5007309,Closed,-1030,0,3938.67,8573.87,232318.83
201896,5007310,Closed,-1932,0,8601.61,173108.13,123060.87
102297,5007311,Active,-1132,0,2891.26,127061.19,106687.01
108289,5007312,Closed,-898,0,5072.25,51200.88,180929.36
109500,5007313,Closed,-1135,0,1394.3,46178.49,172804.78
200634,5007314,Closed,-435,0,2769.84,375325.89,58031.35
106300,5007315,Closed,-2877,0,1126.14,221891.6,152311.87
107134,5007316,Active,-2104,0,985.44,291847.19,40214.52
201456,5007317,Closed,-1610,0,2870.49,208765.32,113600.29
104307,5007318,Closed,-1115,0,1285.4,250466.06,397601.33
102739,5007319,Closed,-617,0,1155.49,1222.61,106121.13
109263,5007320,Closed,-619,0,1445.18,297008.89,69308.61
100270,5007321,Closed,-1893,0,6770.83,70914.23,3121.19
103619,5007322,Closed,-326,0,12027.75,247080.99,38264.1
109507,5007323,Closed,-1824,0,6664.16,236999.71,177.58
101800,5007324,Active,-1786,0,13459.47,75438.09,8570.79
200153,5007325,Closed,-2897,0,7998.91,180542.89,123770.1
102927,5007326,Closed,-237,0,2005.22,304998.37,253664.8
105334,5007327,Active,-806,0,5962.78,189428.61,18212.75
104177,5007328,Active,-231,0,882.33,300896.06,32390.8
108908,5007329,Closed,-1736,30,2837.7,448.13,178936.77
106040,5007330,Closed,-1278,0,2966.85,33866.98,95716.7
108004,5007331,Closed,-1157,0,4764.75,8939.92,74143.7
101361,5007332,Closed,-625,0,28.82,184329.02,25158.4
106025,5007333,Active,-474,30,2663.05,156583.59,57939.08
105510,5007334,Closed,-307,0,892.57,102863.38,228984.4
109884,5007335,Active,-1436,0,3654.12,31113.71,181087.9
107178,5007336,Closed,-2551,0,4032.9,306915.94,317.41
107498,5007337,Closed,-2621,0,1910.06,62810.44,265308.55
106880,5007338,Closed,-2581,0,9865.83,94377.16,111477.82
102553,5007339,Closed,-2582,0,4142.75,85935.38,29498.37
108564,5007340,Active,-2844,0,903.27,284650.87,22933.07
101341,5007341,Closed,-2848,0,2413.98,596993.41,22231.58
101614,5007342,Active,-2268,0,6841.95,102399.38,34828.3
105999,5007343,Active,-166,0,2336.84,463524.83,158891.87
100039,5007344,Closed,-2577,0,8245.89,46124.51,38834.85
200630,5007345,Active,-953,0,6538.6,59541.3,16865.71
106477,5007346,Active,-1690,0,3992.01,43168.26,16674.58
105275,5007347,Closed,-1131,0,4939.94,53736.56,91094.56
201289,5007348,Active,-2018,0,1487.16,432284.62,27193.43
108650,5007349,Closed,-226,0,10226.85,553271.46,699.25
109751,5007350,Closed,-829,0,349.88,221732.53,39786.43
103878,5007351,Closed,-431,0,15261.83,124936.67,36257.32
103390,5007352,Closed,-2040,10,1092.04,118240.4,5460.79
100982,5007353,Closed,-1509,0,133.85,277216.78,78132.7
109645,5007354,Active,-1627,0,4410.26,267812.37,11593.83
107786,5007355,Closed,-2399,0,8980.75,257296.13,99952.18
108855,5007356,Closed,-1684,0,1543.3,101166.05,51345.03
103055,5007357,Closed,-2675,0,4879.87,90285.54,10557.88
107592,5007358,Closed,-971,0,473.35,247353.2,7602.04
106240,5007359,Closed,-2896,0,1072.85,58858.55,115816.97
103691,5007360,Closed,-1168,0,15574.27,106518.67,19515.78
200210,5007361,Closed,-2794,0,3498.29,94006.6,81132.06
201077,5007362,Closed,-1346,0,12.8,23330.71,61850.53
200656,5007363,Closed,-2837,0,4887.71,142877.4,45258.42
105198,5007364,Closed,-2077,0,10136.38,512731.61,99621.08
109375,5007365,Active,-1074,0,746.39,11028.3,274507.98
107872,5007366,Closed,-2359,0,461.09,69649.54,88802.87
107279,5007367,Active,-1948,0,48.7,310289.78,86794.85
108509,5007368,Closed,-65,0,445.03,59360.75,28339.59
105746,5007369,Closed,-2678,0,2959.76,1649.82,81455.25
105282,5007370,Active,-2960,10,826.76,79093.35,12879.39
101001,5007371,Closed,-79,0,9769.27,30938.44,33200.26
102161,5007372,Closed,-2621,0,8060.97,27375.65,17122.75
102620,5007373,Closed,-323,0,8627.89,264784.2,11487.33
107474,5007374,Closed,-2832,0,1628.66,166081.69,90913.44
102924,5007375,Closed,-1145,0,369.2,159575.98,81252.53
107882,5007376,Active,-1239,0,5499.77,351096.99,61488.57
103837,5007377,Closed,-1198,0,847.39,746995.51,41735.32
103288,5007378,Closed,-2814,0,17912.42,194851.33,170097.75
109441,5007379,Closed,-864,0,1225.73,58405.04,60694.87
104590,5007380,Active,-2553,0,1178.73,28063.05,65700.39
103371,5007381,Closed,-285,0,454.44,224627.43,94285.13
201988,5007382,Active,-2656,0,7560.48,93850.67,8045.47
109526,5007383,Active,-2270,0,448.6,20643.21,111743.03
101703,5007384,Active,-114,0,1318.35,15286.45,5970.97
104092,5007385,Closed,-2641,0,1792.56,389157.3,19450.67
101954,5007386,Active,-1463,0,693.11,94245.85,146789.63
200752,5007387,Closed,-666,0,4127.58,320147.26,35324.98
105232,5007388,Closed,-2714,0,1096.89,56697.7,1387.36
107223,5007389,Closed,-1721,10,1010.65,649219.39,61042.97
200866,5007390,Closed,-2666,0,3453.43,205526.83,7806.99
200083,5007391,Active,-1112,0,2557.5,3600.74,47119.49
201693,5007392,Active,-260,0,5887.85,572726.05,133456.52
106696,5007393,Active,-2666,0,2182.06,6752.75,105036.52
102811,5007394,Closed,-67,0,581.82,195027.76,316899.49
100606,5007395,Closed,-1380,0,6332.27,142403.75,29589.7
109583,5007396,Closed,-135,0,21995.34,196825.78,39834.62
104261,5007397,Closed,-1350,0,98.92,178924.2,50193.08
107542,5007398,Closed,-1289,0,2835.53,438752.71,211264.75
102060,5007399,Active,-2971,0,2072.11,51741.63,36346.63
100660,5007400,Active,-1883,0,8251.48,246859.68,53590.0
103513,5007401,Closed,-1321,0,2303.19,71752.86,296478.37
107027,5007402,Closed,-1169,0,4419.52,151505.48,7615.2
104635,5007403,Closed,-1780,0,8534.78,73445.52,50138.88
109936,5007404,Active,-712,0,5751.61,766641.53,57576.75
109425,5007405,Closed,-1136,0,11118.51,257967.94,43658.39
105653,5007406,Active,-1123,10,4732.45,40852.0,82001.98
104882,5007407,Closed,-2570,0,4745.36,26305.9,40432.22
200185,5007408,Closed,-1899,0,791.87,477475.27,74899.38
101489,5007409,Active,-1115,0,977.45,67008.75,61793.48
109369,5007410,Closed,-2503,0,16582.49,467284.86,166482.1
200305,5007411,Closed,-2161,0,1522.83,28648.8,52847.77
107632,5007412,Closed,-2049,0,2175.41,32114.13,59827.64
107844,5007413,Closed,-499,0,220.59,516341.93,58602.9
106429,5007414,Closed,-201,0,7180.94,304822.72,66250.93
104300,5007415,Closed,-1047,0,2749.53,17641.19,67028.81
104058,5007416,Active,-1529,0,88.42,105099.3,70464.9
108713,5007417,Closed,-2016,0,5633.59,92274.81,50758.47
106588,5007418,Closed,-693,0,7086.54,109848.31,113964.39
101190,5007419,Closed,-14,0,10848.5,440672.86,392996.05
101792,5007420,Closed,-1769,0,4148.46,522095.45,35605.89
107622,5007421,Closed,-1381,0,22.69,175341.31,34059.22
106482,5007422,Closed,-2071,0,4089.06,328858.06,83945.4
108023,5007423,Closed,-2241,0,1527.8,376997.85,211128.29
105521,5007424,Closed,-600,0,1822.68,11849.43,14679.43
106145,5007425,Active,-1341,0,2466.87,468383.65,17671.9
107359,5007426,Active,-824,0,645.26,751059.4,6123.32
109957,5007427,Closed,-2061,0,969.64,56677.3,123095.73
104655,5007428,Closed,-225,0,5898.57,69373.67,13384.02
200303,5007429,Closed,-1933,0,3631.42,113047.99,42047.96
107792,5007430,Closed,-1897,30,5112.92,143702.3,144517.22
101273,5007431,Active,-654,0,493.05,136629.95,15373.64
201452,5007432,Closed,-477,0,10534.78,186071.8,204199.99
107740,5007433,Closed,-2952,0,7158.36,23914.96,57651.9
108415,5007434,Closed,-1582,0,702.82,68411.21,377536.2
102939,5007435,Active,-1360,0,3196.38,497875.32,46641.9
101685,5007436,Active,-2047,0,2901.12,9246.97,6053.44
109306,5007437,Active,-1799,0,1724.28,67638.23,129251.97
106502,5007438,Closed,-2603,0,6868.16,819477.29,486183.7
104591,5007439,Closed,-1107,0,822.91,2433.71,14327.33
104199,5007440,Closed,-2737,0,26783.49,126503.33,60189.22
102802,5007441,Closed,-2958,0,97.68,154544.81,52582.5
105014,5007442,Closed,-2252,0,2337.0,13589.31,69617.16
106593,5007443,Active,-67,0,9822.47,599200.08,9507.42
200542,5007444,Closed,-360,0,20177.81,675162.31,102136.71
100397,5007445,Active,-986,0,369.92,349812.01,12988.16
101770,5007446,Active,-457,0,10730.97,60481.21,202895.69
107643,5007447,Active,-2801,0,474.25,201591.54,142574.41
108518,5007448,Active,-2478,0,2801.63,11896.6,89850.78
104371,5007449,Closed,-5,0,13594.17,1132765.8,235361.65
102112,5007450,Closed,-2751,0,1233.68,166317.99,142981.41
100735,5007451,Closed,-269,0,3400.22,379907.28,23451.14
103879,5007452,Closed,-885,0,11363.5,125518.76,180384.97
201806,5007453,Active,-2474,0,12375.45,315082.74,36434.23
106291,5007454,Active,-2124,0,912.8,304012.11,26932.4
104769,5007455,Closed,-690,0,6020.89,182097.26,25581.2
103130,5007456,Active,-531,0,146.53,88071.19,2030.69
102015,5007457,Active,-175,0,6630.73,54780.31,4538.34
102921,5007458,Closed,-794,0,11504.62,50704.81,175929.41
103826,5007459,Closed,-886,0,461.82,19863.8,493140.17
103705,5007460,Closed,-1119,0,6277.99,35719.95,81227.11
109742,5007461,Closed,-903,0,4999.45,76682.78,37861.14
109435,5007462,Closed,-2369,0,8770.15,52671.37,223847.65
201242,5007463,Closed,-2931,0,2633.77,99650.66,27285.83
104923,5007464,Closed,-710,0,9774.9,258370.07,179315.11
100603,5007465,Closed,-1418,0,12037.18,101470.72,34704.59
103371,5007466,Closed,-1558,0,6450.5,181780.57,8670.65
102915,5007467,Closed,-963,0,4934.24,138320.25,54916.12
107296,5007468,Closed,-1983,0,540.06,49617.91,9672.95
109363,5007469,Closed,-363,0,769.35,195377.75,73636.4
201332,5007470,Closed,-994,0,1634.59,37988.08,7729.82
103003,5007471,Closed,-501,0,3223.94,134925.95,147026.04
107792,5007472,Closed,-1788,0,218.52,166629.46,55300.24
104690,5007473,Closed,-320,0,7565.85,81118.62,69497.72
101460,5007474,Active,-1534,0,780.63,444316.14,72217.82
107506,5007475,Active,-2903,0,254.69,116400.52,136.77
108459,5007476,Active,-182,0,8995.19,104521.6,213552.0
103742,5007477,Closed,-1995,0,1124.64,22597.76,33137.74
101668,5007478,Closed,-1602,0,1170.04,451894.49,20066.84
200220,5007479,Closed,-1067,30,182.38,216881.21,102405.6
102265,5007480,Closed,-830,0,44962.2,54128.23,12699.12
106992,5007481,Active,-2826,0,5785.53,191995.74,70598.15
105331,5007482,Closed,-135,10,2085.51,77926.04,72198.4
109175,5007483,Active,-702,0,3109.31,1518.55,8927.87
109078,5007484,Closed,-1279,0,5008.06,181880.19,28956.4
200664,5007485,Closed,-2168,0,673.9,127827.64,152290.34
109613,5007486,Closed,-1765,0,4372.66,74051.96,109684.83
109244,5007487,Closed,-1335,0,295.28,112999.44,42523.74
100151,5007488,Active,-1073,0,13031.19,101470.06,35783.9
201975,5007489,Closed,-836,0,817.48,12200.84,121719.05
105893,5007490,Active,-2497,0,5766.56,95515.3,58355.81
100358,5007491,Active,-2850,0,21491.05,62248.89,18198.25
102389,5007492,Active,-1041,10,13556.88,205194.76,31352.02
107434,5007493,Closed,-2874,30,1808.83,23408.54,7158.33
106388,5007494,Closed,-2537,0,7882.15,404853.66,10621.58
105236,5007495,Closed,-97,0,855.02,1413.66,71077.51
200760,5007496,Closed,-964,0,1728.36,225626.64,148112.23
103408,5007497,Closed,-2485,0,2664.15,332626.27,257550.4
104771,5007498,Active,-947,0,4221.86,119619.81,36431.69
101397,5007499,Closed,-1852,0,4292.36,261224.74,61144.08
108113,5007500,Closed,-2366,0,2479.6,426834.29,3004.56
100753,5007501,Active,-683,0,1325.88,121245.87,96736.19
106995,5007502,Active,-875,0,5471.77,168737.31,57068.88
200063,5007503,Closed,-1976,0,2769.71,177601.83,7435.34
104484,5007504,Closed,-118,0,849.78,62560.32,207971.54
108197,5007505,Active,-1766,0,5303.03,111045.29,55137.15
103714,5007506,Active,-2229,0,6840.91,48524.27,4940.37
103255,5007507,Closed,-1819,0,2071.18,181439.57,97722.58
200449,5007508,Closed,-1367,0,30.55,287297.34,13395.96
105413,5007509,Active,-2211,0,1263.0,13789.06,143490.94
107912,5007510,Active,-630,0,9001.66,220392.5,20269.53
201573,5007511,Closed,-2021,0,501.79,302652.84,123689.07
101695,5007512,Closed,-703,0,2564.82,199677.6,15358.54
105327,5007513,Active,-899,0,1607.29,38694.13,2894.43
103773,5007514,Closed,-2303,0,1050.32,110914.64,430.65
105635,5007515,Closed,-2614,0,4944.93,55701.53,46433.28
109224,5007516,Closed,-2085,0,7870.51,213499.01,186230.68
108450,5007517,Closed,-1189,0,3027.41,682889.18,114276.8
108066,5007518,Closed,-2919,0,2489.03,37755.16,13882.97
109693,5007519,Closed,-2359,10,1515.4,19832.58,84352.37
109308,5007520,Active,-1964,0,175.97,279344.14,5966.76
104870,5007521,Closed,-1849,0,4013.98,394814.19,445638.35
103712,5007522,Active,-1831,0,1521.58,407479.14,34687.26
201969,5007523,Closed,-2209,0,2859.45,214556.59,45997.95
106374,5007524,Active,-430,0,1093.9,209327.91,20170.97
200284,5007525,Closed,-2978,0,2095.85,160626.67,36838.75
101100,5007526,Active,-2554,0,1661.54,45031.1,296125.52
102307,5007527,Active,-1316,0,3541.26,492468.85,187819.08
200425,5007528,Active,-900,0,911.47,62433.72,102148.25
101711,5007529,Active,-2143,0,13800.11,25917.65,70723.59
108289,5007530,Closed,-549,0,7642.91,65178.46,227411.72
101674,5007531,Closed,-1921,0,4296.27,84086.65,2792.55
106941,5007532,Closed,-870,0,2077.96,1502.32,125306.95
103746,5007533,Active,-369,0,3536.16,12133.19,43231.27
102016,5007534,Closed,-1396,0,4477.72,52973.22,83061.55
201210,5007535,Closed,-2838,0,5391.04,330168.96,664.97
109290,5007536,Active,-641,0,9163.94,318345.68,193411.46
105372,5007537,Active,-2593,0,7465.93,123205.05,23277.4
103689,5007538,Active,-1517,10,14580.97,288551.04,130489.3
105570,5007539,Closed,-440,0,6218.47,174612.65,9483.42
105027,5007540,Closed,-2543,0,2040.6,4526.76,228456.91
103209,5007541,Active,-2839,10,6954.51,394468.34,6241.69
103987,5007542,Active,-1555,0,3941.28,1542.18,112903.48
100802,5007543,Closed,-69,0,3054.71,218429.41,182451.06
109966,5007544,Closed,-266,0,1687.25,161971.6,13440.11
104523,5007545,Active,-2778,0,11817.37,136940.1,53130.12
108997,5007546,Closed,-428,0,252.73,97460.42,45225.55
101335,5007547,Closed,-103,0,18647.26,157063.51,30176.39
102965,5007548,Active,-1317,0,960.52,960539.42,18217.86
103223,5007549,Closed,-541,0,265.59,206015.17,38691.78
103315,5007550,Closed,-1293,0,1337.48,137651.16,11759.34
104900,5007551,Closed,-484,0,804.45,337298.13,242834.96
107865,5007552,Closed,-2326,0,6472.79,499625.42,18127.26
105420,5007553,Closed,-1451,10,5179.1,72687.45,3355.75
108813,5007554,Closed,-1978,0,731.61,158868.6,26505.02
109077,5007555,Closed,-1485,0,6224.71,29639.97,41533.91
105778,5007556,Active,-2235,0,6864.27,179851.81,56419.1
105483,5007557,Closed,-2394,0,2841.73,277726.53,85305.02
106629,5007558,Closed,-166,0,3084.95,235865.72,53196.52
200598,5007559,Active,-2931,0,1188.08,196563.96,20788.77
106895,5007560,Closed,-1999,0,1050.48,390371.27,78768.65
102852,5007561,Closed,-2175,0,28197.62,297484.35,44982.86
102136,5007562,Closed,-2159,30,9167.27,49094.84,47093.34
109607,5007563,Closed,-1442,0,8760.64,47636.88,30680.13
106978,5007564,Active,-1267,0,2686.01,64818.97,89157.67
109974,5007565,Closed,-2987,0,1575.4,344399.97,54510.0
105925,5007566,Closed,-683,0,1366.38,104707.51,65117.41
200950,5007567,Closed,-1564,0,11529.12,765122.79,60928.05
103435,5007568,Active,-1085,0,3429.8,64560.85,39554.7
109879,5007569,Closed,-182,10,2799.0,33977.5,41023.17
104705,5007570,Closed,-1232,0,3104.15,173711.84,141524.83
103342,5007571,Active,-23,0,182.23,559453.52,59117.45
107718,5007572,Closed,-2443,0,10411.79,243551.83,96641.35
102272,5007573,Closed,-2514,0,122.18,183285.45,2203.31
106619,5007574,Active,-592,0,5479.26,24320.01,32064.9
102613,5007575,Active,-135,0,1266.09,212824.93,107721.77
200135,5007576,Closed,-1987,0,8989.54,81023.43,28315.96
103329,5007577,Closed,-944,0,4732.97,24871.25,94777.79
103933,5007578,Closed,-2313,0,4160.64,793829.21,8666.55
100055,5007579,Closed,-2292,0,19643.49,418875.23,4701.46
102266,5007580,Closed,-1013,0,1000.0,601035.18,124879.47
109967,5007581,Closed,-2617,0,2410.93,352940.81,10055.23
102387,5007582,Closed,-1291,0,2516.4,705188.88,71893.39
107097,5007583,Closed,-2998,0,4724.72,9616.46,26157.25
103321,5007584,Closed,-2236,0,579.74,427191.18,279.92
109357,5007585,Active,-103,0,104.63,32985.87,3227.94
105865,5007586,Active,-2834,0,10100.88,250753.49,70569.48
104270,5007587,Closed,-1179,0,5522.0,248409.4,33966.33
101654,5007588,Closed,-1648,0,2055.84,518672.23,71343.14
100730,5007589,Closed,-1085,0,5644.42,95035.05,275615.32
108534,5007590,Closed,-1047,0,2013.28,40640.21,115439.83
104023,5007591,Active,-2773,0,7329.86,191666.24,30677.43
102880,5007592,Closed,-2685,0,8609.01,36490.54,9912.44
200360,5007593,Closed,-2961,0,1097.75,14932.81,40326.4
200085,5007594,Closed,-806,0,2618.58,57077.93,25199.04
104912,5007595,Closed,-666,0,7330.48,10058.02,10186.66
103460,5007596,Closed,-658,0,11841.63,10613.26,68851.64
102804,5007597,Active,-1280,0,2381.48,166428.76,18622.81
103319,5007598,Active,-1250,0,9647.78,419823.48,201410.21
104879,5007599,Closed,-61,0,926.94,120511.66,148145.67
107086,5007600,Closed,-709,0,3562.82,121805.22,8836.07
107112,5007601,Closed,-2479,0,6440.77,236106.67,59290.47
200267,5007602,Closed,-1459,0,1216.05,38041.47,97457.6
108317,5007603,Closed,-215,0,4536.38,21230.95,5220.74
102718,5007604,Closed,-43,0,463.6,191227.86,49429.98
104134,5007605,Closed,-2694,0,1033.97,832054.95,133016.15
105622,5007606,Closed,-2669,0,6485.12,32638.22,3566.77
109021,5007607,Closed,-439,0,964.9,33985.9,69527.05
108417,5007608,Closed,-1678,0,2417.86,334517.45,15530.54
100872,5007609,Closed,-2390,0,17654.12,106455.11,39958.14
105605,5007610,Closed,-1885,0,2170.09,130180.56,9658.6
101900,5007611,Closed,-2038,0,15582.19,206786.48,33180.77
105890,5007612,Closed,-1902,0,12566.79,35068.22,96442.82
106897,5007613,Closed,-2856,0,2646.97,148932.47,129423.29
101914,5007614,Closed,-2135,0,544.24,374651.8,3692.61
109016,5007615,Closed,-717,0,295.86,293135.99,49603.39
102085,5007616,Closed,-2405,0,935.89,153105.56,6097.44
107709,5007617,Closed,-2396,30,565.08,863704.36,20876.91
106376,5007618,Closed,-2298,30,2907.83,119702.92,164262.96
107349,5007619,Closed,-1738,0,7347.24,166916.09,56119.1
100298,5007620,Closed,-2302,0,18417.92,453724.52,45780.01
201622,5007621,Active,-923,0,6427.77,248063.74,148359.4
201338,5007622,Closed,-2326,0,3933.51,568588.09,55206.65
103437,5007623,Closed,-1639,0,1338.04,72922.95,67054.48
201419,5007624,Closed,-1885,0,816.14,188309.75,28431.57
105102,5007625,Active,-171,0,2907.32,397560.03,10397.24
105545,5007626,Closed,-2725,0,19959.6,352164.15,21259.98
102413,5007627,Active,-2004,0,3822.74,216643.79,59703.42
104223,5007628,Active,-812,0,3820.97,59175.54,191675.1
103399,5007629,Closed,-2764,0,10970.96,41462.01,543.51
106838,5007630,Closed,-1948,0,2149.85,286119.72,59597.47
103811,5007631,Closed,-645,0,8360.05,271780.59,61544.73
103528,5007632,Closed,-1028,0,8134.89,66157.25,202179.39
107955,5007633,Active,-2539,0,11693.29,95397.19,30395.55
200034,5007634,Closed,-194,0,8288.62,483773.52,6311.35
102900,5007635,Active,-1397,0,1902.44,167687.95,8805.4
100649,5007636,Closed,-205,0,7963.35,129947.64,54252.77
200496,5007637,Closed,-2996,0,2051.29,95240.54,4270.74
104252,5007638,Active,-937,0,15200.94,159671.37,294704.94
201961,5007639,Closed,-23,0,11108.0,136028.26,57941.79
104510,5007640,Active,-2049,0,12879.71,107665.44,4526.66
102478,5007641,Active,-634,0,238.49,5213.84,76116.01
105931,5007642,Closed,-1879,0,16354.79,465797.4,6576.06
104821,5007643,Closed,-1692,10,203.52,122152.94,271406.17
101059,5007644,Closed,-1889,0,4681.35,138536.66,4236.34
200274,5007645,Closed,-990,0,1380.14,455922.06,35294.34
201560,5007646,Closed,-54,0,948.8,267684.91,295033.42
107749,5007647,Closed,-1156,0,7432.56,127049.87,128913.67
201825,5007648,Closed,-2333,0,2228.5,150726.74,9773.28
104512,5007649,Closed,-1684,0,6913.86,30785.0,37776.9
100105,5007650,Closed,-345,0,4859.28,86114.81,53011.11
103131,5007651,Closed,-2607,0,6004.9,22507.44,629.97
107106,5007652,Closed,-1511,0,5168.15,33940.16,5531.15
105816,5007653,Closed,-365,0,9356.83,44287.41,58404.55
201605,5007654,Closed,-2,0,4178.97,53560.12,50343.63
101363,5007655,Closed,-196,0,1044.11,195308.73,84416.76
102266,5007656,Active,-2928,0,10783.86,178809.59,3084.46
108350,5007657,Closed,-1321,0,16221.86,325658.75,24143.9
101256,5007658,Closed,-603,0,1320.29,25610.4,68112.37
100148,5007659,Closed,-758,0,25110.18,439980.59,45256.43
104182,5007660,Active,-1853,0,4336.75,135353.97,298449.56
201779,5007661,Active,-2614,10,3489.59,508887.49,106297.23
105903,5007662,Active,-222,0,702.35,43341.42,265686.78
100195,5007663,Closed,-943,0,4468.18,395767.1,74648.91
201471,5007664,Active,-160,0,718.59,111897.64,157640.61
106766,5007665,Closed,-1147,0,2182.98,84024.45,19478.76
109695,5007666,Active,-2040,0,11503.82,159462.7,4782.2
201248,5007667,Closed,-1242,0,331.75,613561.84,78774.09
201796,5007668,Closed,-1163,0,4675.87,632126.85,83096.07
108902,5007669,Closed,-2480,0,1836.73,90934.96,78680.81
101560,5007670,Closed,-2542,0,2987.53,97761.85,59866.04
105471,5007671,Closed,-839,0,2722.48,392711.6,356677.65
201024,5007672,Closed,-2177,0,5090.74,109905.01,12353.74
100022,5007673,Active,-2341,0,8138.41,143241.05,20445.51
107719,5007674,Active,-2349,0,2662.43,184409.69,94177.24
102113,5007675,Closed,-1439,0,5365.5,22046.25,80478.87
104745,5007676,Active,-2065,0,7756.37,239079.45,292853.12
201148,5007677,Active,-699,0,455.25,49708.26,152814.07
200410,5007678,Closed,-2219,0,2236.18,84552.75,683.99
101279,5007679,Closed,-836,0,1002.46,148090.35,33376.16
107316,5007680,Closed,-945,0,6695.2,172454.49,91160.88
104499,5007681,Active,-2699,0,6600.17,119126.55,13843.39
108279,5007682,Closed,-1817,0,1069.02,327767.91,28347.1
102011,5007683,Closed,-694,0,2233.76,243831.03,27571.14
107880,5007684,Closed,-982,30,4751.25,193976.39,294057.65
107346,5007685,Closed,-566,0,12282.46,61747.4,133155.31
200644,5007686,Active,-994,0,419.09,125107.22,5836.79
200515,5007687,Closed,-1807,0,6058.97,128563.64,104061.67
102682,5007688,Active,-1525,0,1506.92,559709.35,113854.03
109318,5007689,Closed,-423,0,229.61,36860.58,35541.63
105539,5007690,Closed,-628,0,3167.75,105155.81,157827.33
103045,5007691,Active,-2138,0,3460.67,54714.18,11359.01
102657,5007692,Closed,-649,0,16377.87,123228.99,89503.36
106224,5007693,Closed,-397,0,648.2,14331.65,126561.97
101826,5007694,Closed,-953,0,885.35,293652.58,87007.62
108291,5007695,Closed,-1240,30,1214.82,117043.69,10054.16
109045,5007696,Closed,-931,0,371.68,168776.72,30246.25
105024,5007697,Closed,-2190,0,1283.36,126969.65,66738.29
103921,5007698,Closed,-1429,0,7625.34,100463.59,75180.99
201552,5007699,Active,-2211,0,1415.64,268608.12,59979.65
102167,5007700,Closed,-11,0,552.9,162584.25,29907.98
104116,5007701,Closed,-2583,0,4330.42,170273.87,87767.01
106467,5007702,Closed,-404,0,604.43,782629.46,109072.06
105119,5007703,Closed,-190,0,10833.91,212367.62,109756.19
201374,5007704,Closed,-102,0,1782.55,417607.91,113703.62
106693,5007705,Active,-83,0,3020.49,266161.57,109744.04
102628,5007706,Closed,-2226,0,11076.45,906968.86,8121.08
200912,5007707,Closed,-2971,0,4334.11,7996.82,198.78
201053,5007708,Closed,-542,0,7942.39,169847.44,156651.81
100378,5007709,Closed,-890,0,4217.77,7728.88,81023.59
105138,5007710,Closed,-2210,0,1221.35,84328.86,216925.76
104824,5007711,Active,-1703,0,1336.5,42614.23,16757.92
103194,5007712,Closed,-1022,0,11928.9,221299.33,68041.85
200672,5007713,Closed,-1198,0,3416.5,226091.9,3740.6
107992,5007714,Closed,-2064,0,70.21,33652.19,73675.45
103868,5007715,Closed,-1694,0,3412.33,15162.04,396.03
108128,5007716,Active,-2073,0,9338.25,47680.86,47185.75
100426,5007717,Closed,-1590,0,16515.51,93613.87,195915.48
200443,5007718,Closed,-1682,0,2485.23,289613.01,82410.88
105002,5007719,Closed,-2025,0,10449.7,486763.7,28965.37
104603,5007720,Closed,-2554,0,799.91,243565.26,137256.11
101836,5007721,Closed,-2633,0,2590.2,38087.46,136944.96
103314,5007722,Active,-1811,10,2005.8,146654.89,45333.23
102656,5007723,Active,-652,0,2806.15,122952.17,39624.51
107972,5007724,Closed,-2299,0,3170.29,740379.49,242076.69
201004,5007725,Closed,-2129,0,8230.64,101310.81,133428.26
101626,5007726,Closed,-2057,0,10146.98,563241.85,17354.43
100576,5007727,Closed,-1851,0,3417.95,262196.34,76163.73
103898,5007728,Closed,-1258,0,4855.21,20084.13,141541.02
107943,5007729,Active,-766,10,3324.91,27005.49,12094.35
101628,5007730,Closed,-1911,0,15444.65,790123.51,22960.41
109953,5007731,Closed,-1390,0,4447.49,121656.96,50749.65
106789,5007732,Closed,-779,0,4423.68,150248.05,8898.54
100927,5007733,Active,-2087,0,4634.83,419610.82,187705.09
102744,5007734,Closed,-1775,0,8734.06,163100.77,319459.41
109213,5007735,Closed,-360,30,11403.38,510911.37,6856.87
107841,5007736,Closed,-363,0,985.22,146115.4,257859.43
201830,5007737,Closed,-2586,0,2928.94,52196.7,188812.25
104296,5007738,Active,-1605,0,8512.69,189934.35,4508.82
102031,5007739,Active,-724,10,2666.96,241794.55,164130.1
108229,5007740,Closed,-809,0,200.59,25881.78,306863.48
201561,5007741,Active,-2693,0,6726.64,9119.67,14173.67
102764,5007742,Closed,-2114,0,3329.72,49004.53,96149.88
104457,5007743,Closed,-546,0,208.88,149887.6,172899.94
103815,5007744,Closed,-1054,0,10585.19,366199.62,85871.48
107824,5007745,Closed,-1995,0,4370.92,248701.32,33642.68
108614,5007746,Closed,-2167,0,14681.79,994.98,115347.27
106244,5007747,Active,-152,0,3239.55,94975.37,137386.35
109547,5007748,Active,-514,0,839.83,181708.23,49922.7
108778,5007749,Closed,-2151,0,1473.38,26805.26,15806.42
106434,5007750,Closed,-767,0,14211.39,283431.39,38756.96
200952,5007751,Closed,-2915,0,8756.58,150162.15,119047.77
200415,5007752,Active,-1219,0,430.67,30774.64,47060.38
200289,5007753,Closed,-871,0,1694.48,145106.46,85027.72
109119,5007754,Closed,-473,10,5722.92,94774.31,19729.73
103548,5007755,Closed,-478,0,4441.22,333111.9,108668.38
100969,5007756,Closed,-1137,0,5634.93,228995.71,257226.37
109951,5007757,Active,-1800,0,9400.02,298002.61,5097.32
200790,5007758,Closed,-2750,0,1342.42,87745.12,742.86
109638,5007759,Closed,-832,0,306.64,57241.8,28577.37
200808,5007760,Active,-739,0,4480.22,75077.55,35064.45
200440,5007761,Closed,-311,0,6464.43,63018.63,3635.27
109954,5007762,Closed,-1947,0,8620.34,9697.49,46543.92
101908,5007763,Closed,-2242,0,1070.13,1021444.7,14420.4
104000,5007764,Closed,-2647,0,9631.41,100677.5,52364.47
104973,5007765,Closed,-970,0,1460.34,20946.0,101744.12
103256,5007766,Active,-2585,0,15188.56,433076.32,14598.01
109938,5007767,Active,-1754,0,10688.05,80745.45,46711.58
101441,5007768,Active,-967,0,3282.02,150393.88,99359.55
104119,5007769,Closed,-2541,0,2335.96,311994.83,203635.74
108056,5007770,Closed,-613,0,2114.88,21177.44,147188.17
106122,5007771,Closed,-1678,0,867.71,121638.18,568.51
100815,5007772,Closed,-2962,0,190.81,181668.33,7283.48
106582,5007773,Active,-83,0,7481.07,78517.98,41435.73
106392,5007774,Active,-1160,0,4463.46,88609.05,58754.97
108876,5007775,Active,-2001,0,8887.87,27826.1,9088.22
108169,5007776,Closed,-1114,0,3564.27,503503.28,3978.63
109497,5007777,Closed,-1192,0,3365.31,262444.36,62277.41
100581,5007778,Closed,-1855,0,14833.23,134481.76,56214.85
106752,5007779,Closed,-1058,0,690.11,254621.71,22977.34
101392,5007780,Closed,-326,0,2381.95,107480.66,63984.56
103791,5007781,Closed,-1587,0,2938.37,1281175.78,229268.18
105822,5007782,Closed,-2473,0,14821.34,62020.84,84323.48
108808,5007783,Active,-1977,0,3531.99,5001.04,13232.77
104578,5007784,Closed,-2488,0,16156.13,283300.01,81848.59
102534,5007785,Active,-1219,0,1111.82,64655.29,194359.79
104388,5007786,Active,-2538,0,3507.86,1017050.75,61168.63
105180,5007787,Active,-70,0,14521.67,95343.77,38270.63
108243,5007788,Closed,-2051,0,12268.49,140714.12,90030.39
200233,5007789,Closed,-2344,30,2096.12,11085.18,104210.11
102196,5007790,Active,-942,0,3788.41,43102.09,31369.53
103498,5007791,Closed,-1148,0,5757.96,315208.7,23268.72
102341,5007792,Closed,-2488,0,7427.43,172718.37,13437.13
105643,5007793,Closed,-1443,0,839.62,105883.77,254131.62
104175,5007794,Closed,-2480,0,1417.35,525512.66,81950.59
104015,5007795,Closed,-76,0,13398.18,170086.15,42618.36
104265,5007796,Active,-1897,0,16901.53,126904.17,97189.9
106524,5007797,Closed,-72,0,816.35,74632.2,186013.2
103757,5007798,Active,-59,0,6448.68,65900.35,33020.75
200333,5007799,Active,-1926,0,5622.35,112286.88,22841.14
201876,5007800,Closed,-2451,0,4272.29,347507.87,258496.0
107300,5007801,Closed,-2547,0,5597.05,163043.6,5155.13
101982,5007802,Closed,-1564,0,12048.6,148083.12,31125.86
102081,5007803,Closed,-81,0,1312.31,34211.22,8867.8
200632,5007804,Closed,-1936,10,5143.91,100846.64,323720.8
105379,5007805,Closed,-45,0,9080.26,388640.56,8416.57
201545,5007806,Active,-1050,0,3128.98,214901.13,150496.76
102784,5007807,Closed,-31,0,4184.72,699028.57,9096.21
105831,5007808,Closed,-83,0,2521.97,102892.43,304.63
106461,5007809,Closed,-32,0,1045.22,216168.64,4543.82
200004,5007810,Closed,-10,10,4122.03,10002.25,14072.39
100117,5007811,Closed,-594,0,1352.73,26458.39,105787.61
102341,5007812,Closed,-1984,0,5142.28,373225.15,55968.31
200023,5007813,Closed,-688,0,8835.58,115150.68,39252.32
201786,5007814,Closed,-632,0,2674.79,456464.94,79792.97
105457,5007815,Active,-47,0,1329.94,217341.25,185950.61
108366,5007816,Closed,-24,0,3.76,13072.23,35152.52
108451,5007817,Closed,-1702,0,3407.9,21822.04,12913.73
200171,5007818,Active,-1265,0,1449.91,110705.4,135323.08
100060,5007819,Active,-586,0,1872.93,152664.6,40365.2
107779,5007820,Active,-1888,0,9537.18,352074.34,112214.22
109963,5007821,Closed,-55,0,332.69,111339.34,11087.72
108974,5007822,Closed,-1432,0,1905.64,79981.29,69625.97
107933,5007823,Active,-2220,10,6997.47,30761.1,69436.45
109341,5007824,Closed,-1048,0,2409.4,176015.53,415535.0
109752,5007825,Closed,-1736,0,5961.82,206188.19,72700.15
200609,5007826,Closed,-1394,0,125.88,288672.68,116384.59
102788,5007827,Active,-1165,0,10721.99,1287496.9,106173.74
102582,5007828,Closed,-931,0,488.45,24377.19,172146.74
103497,5007829,Active,-2020,0,1077.91,2345.65,179084.57
200767,5007830,Closed,-423,0,172.23,135995.49,25685.3
103461,5007831,Closed,-88,0,2175.71,135971.13,114355.56
105847,5007832,Closed,-2699,0,13903.14,507950.5,25302.12
100172,5007833,Closed,-1572,0,4176.43,103485.11,62669.87
106352,5007834,Closed,-364,0,15739.09,205382.29,79516.83
103236,5007835,Closed,-782,0,3508.02,192706.87,24989.51
101178,5007836,Closed,-1681,0,409.17,401436.58,166001.15
103348,5007837,Active,-487,0,8222.74,53484.79,264230.63
105084,5007838,Active,-2791,0,2769.09,374129.37,94306.42
102028,5007839,Closed,-56,0,438.67,150469.05,9428.26
100871,5007840,Closed,-78,0,11858.73,121279.95,29385.65
102179,5007841,Closed,-1438,0,1532.53,100884.45,42386.69
106613,5007842,Closed,-2672,0,2042.22,39413.52,1925.3
200694,5007843,Closed,-1412,0,260.32,204417.06,95933.83
100158,5007844,Active,-724,0,22185.61,253186.91,73549.48
104261,5007845,Active,-1368,0,2411.63,108216.1,40142.67
201128,5007846,Closed,-2610,0,4969.07,323704.92,197725.13
103654,5007847,Closed,-2703,10,935.31,410787.91,42397.83
104455,5007848,Closed,-1708,0,14136.35,182239.12,43322.69
100019,5007849,Closed,-878,0,7681.73,216373.27,16134.87
104740,5007850,Closed,-322,0,2597.41,92343.64,64015.73
105412,5007851,Closed,-2955,0,1374.95,538271.32,15829.06
104543,5007852,Closed,-919,0,533.76,176975.06,85072.11
200358,5007853,Active,-906,0,3941.2,148294.29,8472.19
102025,5007854,Active,-2090,0,1873.18,56262.22,241537.98
101395,5007855,Active,-420,0,8129.19,53440.88,70641.55
200904,5007856,Closed,-1280,0,6908.66,49069.32,12069.79
101374,5007857,Closed,-583,0,9932.05,15023.29,3999.29
200370,5007858,Closed,-2552,0,1795.66,92942.6,15956.99
105666,5007859,Active,-355,0,5795.34,10295.52,14871.79
104390,5007860,Closed,-2192,0,1919.6,145267.07,98408.87
102329,5007861,Active,-2574,0,1749.02,94129.27,55887.85
201854,5007862,Active,-2059,0,834.4,257744.69,155112.98
105058,5007863,Closed,-2902,0,15140.31,126638.37,3939.25
103053,5007864,Closed,-863,0,6688.43,121446.51,83452.28
200373,5007865,Closed,-2815,0,4090.68,141673.87,53709.31
101255,5007866,Closed,-22,0,436.53,175970.06,87458.83
104822,5007867,Closed,-630,0,13091.59,75352.17,16723.23
109777,5007868,Closed,-720,0,10328.62,59113.84,71229.14
103699,5007869,Closed,-2736,0,5464.7,42696.57,86222.99
107759,5007870,Closed,-2711,0,3735.96,41551.67,152963.67
104070,5007871,Closed,-2972,0,191.53,315709.51,5060.72
100788,5007872,Closed,-2704,0,385.38,1692.01,80527.04
100450,5007873,Active,-1744,0,382.79,147955.72,92594.07
107840,5007874,Closed,-226,0,13380.55,291144.32,48367.8
109782,5007875,Active,-643,0,1576.57,10638.11,30356.27
200324,5007876,Closed,-1264,0,1226.26,747968.42,256201.26
109209,5007877,Active,-151,0,9499.26,337717.54,9774.12
102508,5007878,Closed,-2998,0,711.09,90352.43,46142.19
108663,5007879,Closed,-676,0,15709.76,205667.97,10273.36
200757,5007880,Closed,-145,0,1225.73,26390.72,195857.35
107866,5007881,Active,-1137,0,27320.62,50500.99,21530.13
103077,5007882,Active,-2848,0,6165.82,71018.31,26446.6
100793,5007883,Closed,-130,0,5231.65,133887.44,3154.13
104900,5007884,Closed,-473,0,790.78,220690.36,8839.88
200698,5007885,Closed,-1710,0,83.56,402159.47,29979.05
109387,5007886,Closed,-2763,0,1200.75,57252.83,104329.45
100864,5007887,Closed,-2149,0,2067.36,80159.25,16091.12
101084,5007888,Closed,-2803,0,5710.05,218815.72,39673.86
106239,5007889,Closed,-946,0,110.08,148542.03,279198.05
105093,5007890,Closed,-2312,0,16035.72,113231.32,126584.67
108448,5007891,Active,-1340,0,6676.99,144335.82,15677.97
105099,5007892,Closed,-2965,0,748.57,91285.82,13617.86
104332,5007893,Closed,-2396,30,127.83,465620.86,148571.77
201584,5007894,Closed,-1910,0,4590.46,281449.28,75193.29
100679,5007895,Active,-938,0,3686.09,350628.57,84232.45
105775,5007896,Active,-1,0,356.85,257323.42,67679.85
200089,5007897,Closed,-2212,0,16941.51,66169.27,48056.92
103679,5007898,Closed,-1780,0,17370.89,46970.0,25164.94
104344,5007899,Active,-986,0,480.13,318607.71,130005.71
102257,5007900,Closed,-1236,0,2918.44,635534.35,44850.92
106813,5007901,Closed,-2663,0,3187.39,4193.9,76210.05
101743,5007902,Closed,-1665,0,2325.92,4120.04,83964.74
200679,5007903,Closed,-351,0,491.8,510912.4,88295.07
105631,5007904,Active,-958,0,1187.89,140944.74,120759.55
109462,5007905,Closed,-1140,0,7580.28,446473.44,40779.91
101205,5007906,Closed,-883,0,16549.75,246761.35,62911.7
107187,5007907,Closed,-1358,0,964.1,86064.58,90663.3
101598,5007908,Closed,-733,0,15760.76,24771.6,63415.95
102005,5007909,Active,-1546,0,7363.26,153769.59,902.1
107206,5007910,Closed,-802,0,1643.22,540744.94,21545.16
107250,5007911,Active,-2911,0,962.26,117387.83,48821.85
100845,5007912,Active,-1022,0,1556.1,126112.85,36991.66
106528,5007913,Active,-375,0,2768.67,59630.56,101207.62
103164,5007914,Closed,-1203,0,10227.62,10208.87,96115.9
201901,5007915,Closed,-1616,0,1926.91,45758.14,24686.38
201913,5007916,Closed,-1378,0,3722.43,152060.61,98658.27
200346,5007917,Closed,-2466,0,643.17,141321.4,161784.23
201952,5007918,Closed,-1763,0,3519.15,71285.72,62158.16
100387,5007919,Active,-492,0,1751.54,3138.77,1618.92
106029,5007920,Closed,-1723,0,17658.56,67573.22,22487.15
107911,5007921,Closed,-2943,0,133.02,499592.21,54209.32
200350,5007922,Active,-1538,0,2702.37,150166.26,79587.13
104396,5007923,Closed,-2497,0,13906.15,66912.69,35247.04
200819,5007924,Closed,-1851,0,5185.7,104806.44,215576.08
109552,5007925,Active,-630,0,264.59,90639.76,195540.86
100543,5007926,Active,-1688,0,9865.78,207021.66,99561.71
201058,5007927,Closed,-220,0,7211.19,59328.83,69967.18
108162,5007928,Closed,-1284,0,667.69,151174.67,264165.68
100796,5007929,Closed,-2793,0,4571.23,215965.89,146480.38
100671,5007930,Closed,-1675,0,276.21,432787.02,44564.58
103530,5007931,Closed,-1810,0,39.97,125349.09,13315.98
107111,5007932,Active,-2430,0,2094.1,57010.29,27185.0
101432,5007933,Closed,-2021,0,23.31,410530.35,51469.8
102680,5007934,Closed,-1763,0,332.0,269814.87,4640.56
102275,5007935,Closed,-2513,0,828.9,30894.88,12853.39
103713,5007936,Closed,-1498,0,793.38,324766.24,171809.08
109465,5007937,Closed,-64,30,2696.76,163737.58,44347.2
103707,5007938,Closed,-575,0,15927.54,365031.47,183378.28
108668,5007939,Closed,-1372,0,640.21,15465.93,11891.07
201375,5007940,Closed,-2420,0,408.46,86068.52,224624.04
103356,5007941,Active,-2451,0,4168.97,64257.48,301968.77
101658,5007942,Closed,-451,0,4755.66,162501.91,12256.77
201172,5007943,Closed,-404,0,17547.44,113468.58,82596.26
107284,5007944,Active,-2540,0,410.7,665198.88,76243.57
102616,5007945,Closed,-295,0,852.91,406517.5,117989.68
200529,5007946,Closed,-2129,0,11486.77,166548.27,33614.95
107834,5007947,Closed,-2313,10,2600.01,206974.45,115358.76
105005,5007948,Active,-1120,0,1887.86,122312.55,199913.12
109278,5007949,Active,-1831,0,1186.45,98784.07,40515.44
107130,5007950,Closed,-454,0,2495.22,33811.24,71150.45
106475,5007951,Closed,-1404,0,1637.57,39162.4,7529.84
100533,5007952,Active,-1986,0,6375.48,153658.12,47962.97
107767,5007953,Active,-1743,0,2159.7,68104.51,132330.6
107762,5007954,Active,-642,0,253.54,546178.42,5301.7
104761,5007955,Active,-700,0,3422.56,54555.58,104661.76
109684,5007956,Active,-2659,0,1904.95,591517.47,42482.94
102511,5007957,Closed,-418,0,2081.06,58956.52,4930.02
103562,5007958,Active,-132,0,5778.33,456346.03,273664.05
105833,5007959,Closed,-413,0,1152.45,32226.99,18864.06
101148,5007960,Closed,-2796,0,598.92,31973.12,62262.05
201810,5007961,Closed,-1754,0,4217.18,316898.95,15188.57
103669,5007962,Closed,-2133,30,1374.35,229121.47,60557.73
201567,5007963,Closed,-874,0,7558.51,166818.88,1361.2
105137,5007964,Active,-928,0,9553.56,24551.06,46267.8
201659,5007965,Closed,-1562,0,13191.99,78619.18,25424.53
108022,5007966,Closed,-2920,0,733.36,210012.07,80407.93
102044,5007967,Closed,-2485,0,3585.66,428765.66,11881.13
102710,5007968,Closed,-2342,0,7705.12,151488.89,58599.49
103269,5007969,Active,-1439,0,6250.58,66344.39,17657.37
104692,5007970,Active,-39,0,1035.43,222995.63,96094.93
201288,5007971,Closed,-1110,0,1418.9,38169.37,73700.8
200724,5007972,Closed,-1634,0,4828.87,329289.8,3839.66
104331,5007973,Active,-2189,0,370.72,62656.96,38926.54
105007,5007974,Closed,-146,0,3574.08,64683.17,17699.9
108230,5007975,Closed,-342,0,1157.24,435627.75,98847.88
104289,5007976,Active,-955,0,3247.2,242371.59,138314.77
104887,5007977,Active,-198,0,6693.15,202852.73,204675.72
102602,5007978,Closed,-511,0,1256.56,153457.42,71298.33
109681,5007979,Closed,-1702,0,984.18,77475.92,25299.52
102812,5007980,Active,-2861,0,4610.22,6590.92,80502.49
103872,5007981,Closed,-1334,0,2408.52,112960.15,26821.82
103502,5007982,Closed,-2528,0,3290.01,304387.98,89878.25
100669,5007983,Closed,-1993,0,1215.75,140231.33,29511.56
105014,5007984,Closed,-1875,0,3680.08,2928.26,257832.46
101970,5007985,Active,-1507,30,5245.29,126077.73,216630.98
107723,5007986,Active,-931,0,775.48,110085.32,1394.8
103899,5007987,Closed,-2481,0,3004.83,253995.09,107396.98
109800,5007988,Closed,-675,0,1263.05,447783.04,75541.07
102375,5007989,Closed,-2241,0,4930.16,86008.98,129158.27
100892,5007990,Closed,-284,0,519.85,144637.88,12668.63
102276,5007991,Closed,-2039,0,7445.44,21490.53,131165.53
109276,5007992,Closed,-2840,0,1111.11,167180.77,19535.26
109896,5007993,Active,-1677,0,1127.48,93986.87,126614.97
106514,5007994,Active,-2331,0,1279.93,562373.44,30587.55
201658,5007995,Closed,-2971,0,784.76,156012.82,6052.85
109608,5007996,Active,-1251,0,657.45,443141.19,326787.98
108046,5007997,Active,-2988,0,3513.69,1498.76,73388.98
106965,5007998,Closed,-418,0,522.76,58231.22,53051.74
101121,5007999,Closed,-2440,0,2053.97,126095.23,1306.34
107228,5008000,Closed,-323,0,1155.89,39333.78,21404.38
201285,5008001,Closed,-1386,10,4330.66,159498.31,42170.94
107504,5008002,Closed,-813,0,5928.34,32300.32,122437.25
109713,5008003,Closed,-2341,0,1255.97,174381.12,51077.83
107962,5008004,Closed,-163,0,24623.58,3531.37,130542.15
104630,5008005,Closed,-2690,0,4892.99,10197.84,60328.48
201863,5008006,Closed,-1352,0,1906.18,48762.01,4338.15
201644,5008007,Closed,-2047,0,1758.95,89842.45,113611.3
108107,5008008,Closed,-838,0,9649.62,61276.69,12252.15
108952,5008009,Closed,-2667,0,8469.12,19699.88,115977.46
106837,5008010,Closed,-2686,0,25667.87,38599.72,2071.56
201012,5008011,Active,-84,0,2125.56,116773.01,231550.9
107761,5008012,Closed,-2085,0,1741.28,27415.53,153350.86
103239,5008013,Active,-2824,0,2746.77,180380.65,29000.14
101713,5008014,Active,-1585,0,2680.51,37742.88,140434.44
104130,5008015,Closed,-544,0,50.7,131902.59,17323.75
108487,5008016,Active,-1914,0,5805.33,223772.17,143957.24
105179,5008017,Closed,-515,0,3804.64,877781.79,135169.5
105279,5008018,Closed,-2524,0,5253.44,33945.08,8136.22
104556,5008019,Closed,-2425,0,604.99,109943.39,5544.78
104367,5008020,Closed,-73,0,976.45,117694.6,107640.3
201162,5008021,Closed,-2638,0,13356.84,52334.2,42620.83
105686,5008022,Closed,-2109,0,2432.87,9627.63,158780.92
108111,5008023,Closed,-1958,0,767.15,35017.23,284109.37
109022,5008024,Active,-2039,0,448.98,108528.39,1023.43
104681,5008025,Active,-1696,0,2250.24,11600.92,33704.85
100716,5008026,Closed,-1624,0,5063.86,82200.67,13160.36
106693,5008027,Closed,-1371,0,13090.69,733641.42,125790.94
101278,5008028,Closed,-56,0,3728.79,130306.57,79797.7
200403,5008029,Closed,-2009,0,12446.86,121352.58,8670.54
201709,5008030,Active,-2208,0,1913.07,494912.26,74407.15
201142,5008031,Closed,-2918,0,6008.84,73690.01,42043.89
106557,5008032,Closed,-2624,0,613.94,491698.3,118991.73
200388,5008033,Closed,-2105,0,5636.96,68409.2,24415.78
104166,5008034,Active,-189,0,12020.6,276124.82,1863.55
107318,5008035,Closed,-379,0,267.56,344592.78,64061.43
101498,5008036,Closed,-1304,0,5387.58,73632.56,104909.47
109679,5008037,Closed,-1491,0,10788.91,341685.06,247235.59
101399,5008038,Closed,-1477,0,3334.55,1106.74,9575.3
103318,5008039,Closed,-2250,0,13139.57,323548.65,149086.46
106881,5008040,Active,-2280,0,8702.78,783.09,10850.76
200545,5008041,Closed,-2211,0,700.79,478820.79,55739.65
103171,5008042,Closed,-1388,0,11179.33,163504.01,43426.54
107439,5008043,Closed,-2179,0,2308.33,254966.55,14265.74
105246,5008044,Active,-330,10,17571.38,7355.02,129993.0
200967,5008045,Closed,-867,0,5392.29,63268.63,82788.44
108566,5008046,Closed,-2978,0,1007.61,10963.82,91691.74
200476,5008047,Active,-2674,10,5437.8,113747.37,118715.91
106752,5008048,Closed,-1424,0,2898.77,20211.93,30480.29
103187,5008049,Closed,-1281,0,1461.83,48345.92,149664.7
200294,5008050,Closed,-1620,0,412.1,2998.37,7946.94
100135,5008051,Active,-407,0,8945.57,123758.71,14253.22
109163,5008052,Active,-1582,0,12040.83,68589.35,95969.64
102471,5008053,Closed,-1215,0,4066.18,418264.4,151868.57
109446,5008054,Closed,-1008,0,4556.84,152197.26,3035.22
200363,5008055,Closed,-826,0,481.7,590246.39,37206.47
102005,5008056,Active,-2219,0,4439.25,312185.8,41788.17
104086,5008057,Closed,-2652,30,15119.9,178155.94,89899.75
106626,5008058,Closed,-44,0,14427.58,41704.64,64415.16
108675,5008059,Active,-189,0,8495.3,65441.26,160586.6
104302,5008060,Closed,-344,0,2459.23,411846.9,95020.35
108136,5008061,Closed,-720,0,10446.31,36172.58,123096.9
108494,5008062,Closed,-1303,0,10898.59,155920.0,38584.3
105208,5008063,Closed,-674,0,6100.88,700462.38,80801.14
100614,5008064,Closed,-1872,0,5905.64,211681.99,17104.58
100704,5008065,Active,-1882,10,4622.99,398579.89,71838.88
200540,5008066,Active,-1208,0,239.0,8745.27,86563.23
103430,5008067,Active,-1866,10,3664.35,197713.77,25483.65
108974,5008068,Closed,-1602,0,8947.68,214880.28,217926.14
201257,5008069,Closed,-938,0,2726.73,64827.21,10099.09
104422,5008070,Closed,-2989,0,9340.04,313310.1,34620.21
103309,5008071,Closed,-615,0,110.22,130617.6,105136.62
200073,5008072,Closed,-799,0,1601.57,91555.58,2620.74
104828,5008073,Closed,-1993,10,5110.24,249127.32,165250.84
100276,5008074,Active,-461,0,868.91,13605.07,61586.87
109139,5008075,Closed,-1936,0,2263.64,29373.78,25634.11
105628,5008076,Closed,-2468,0,218.81,118815.5,297648.53
107919,5008077,Closed,-1685,0,3258.04,619720.7,84528.59
201017,5008078,Closed,-1079,0,2289.92,511764.99,106041.91
103868,5008079,Active,-1090,0,1404.26,90631.24,3851.13
100441,5008080,Closed,-921,0,2889.29,40388.4,167082.75
200066,5008081,Closed,-1746,0,9867.99,85421.94,6301.46
201954,5008082,Closed,-2853,0,195.29,1527864.02,26485.18
201594,5008083,Closed,-2866,0,10359.39,10400.51,149153.87
109917,5008084,Closed,-535,0,101.27,61381.29,11621.14
106792,5008085,Closed,-614,0,3828.1,307987.58,868.36
104617,5008086,Closed,-387,0,3000.71,294676.9,5437.66
101797,5008087,Active,-959,0,8132.65,92510.96,4016.73
200494,5008088,Closed,-2573,0,14482.69,173559.47,91944.38
104524,5008089,Closed,-980,0,3397.31,15848.08,23153.77
105522,5008090,Closed,-111,0,3203.33,453428.36,11237.5
102382,5008091,Closed,-2358,0,16384.33,193605.15,36404.59
103864,5008092,Active,-2897,0,4637.32,57667.05,49793.35
200339,5008093,Closed,-2458,0,6488.73,104289.22,221597.45
106710,5008094,Active,-2220,0,5853.75,49135.37,181521.16
107589,5008095,Closed,-1191,0,2576.33,83980.69,2752.21
108042,5008096,Closed,-478,0,3664.48,61284.78,115920.28
200025,5008097,Closed,-1044,0,8911.03,144541.33,107754.18
102844,5008098,Closed,-885,0,236.49,17303.22,42731.06
104497,5008099,Closed,-279,10,2681.6,47568.49,42750.31
108024,5008100,Closed,-2762,0,1078.47,9240.89,6502.81
200604,5008101,Closed,-1775,0,3768.5,77771.81,85455.32
104906,5008102,Closed,-93,0,2295.7,95152.79,152253.8
104039,5008103,Active,-1707,0,22547.25,318689.99,54037.11
103390,5008104,Active,-1572,0,711.33,354366.3,349067.36
200646,5008105,Closed,-2679,0,8301.17,345340.95,30994.6
108911,5008106,Closed,-1796,0,6879.26,259760.27,30719.17
103233,5008107,Active,-660,0,1056.14,20880.03,91423.42
102973,5008108,Closed,-99,0,5172.31,241257.68,23572.7
100567,5008109,Closed,-406,0,2829.24,185870.71,205100.42
109878,5008110,Closed,-1722,0,2134.0,390765.01,72924.81
103538,5008111,Closed,-2522,0,2267.03,162711.8,22291.88
107337,5008112,Closed,-1597,0,2139.04,26138.11,70858.84
101992,5008113,Active,-1087,0,4029.9,333375.13,340.95
201721,5008114,Active,-1823,0,8210.48,38647.86,50193.5
106794,5008115,Closed,-2603,0,18628.21,244990.25,50981.1
201073,5008116,Active,-681,0,7252.15,321765.14,100158.59
106924,5008117,Closed,-577,0,8965.82,150462.31,2368.34
100796,5008118,Active,-135,0,5124.7,182621.73,4713.05
105037,5008119,Closed,-805,0,271.04,29477.94,3127.67
201949,5008120,Active,-2,0,12746.1,499602.98,52536.52
100107,5008121,Closed,-2450,0,535.98,108396.73,9863.09
106323,5008122,Closed,-2555,0,12202.19,220583.67,357557.1
200242,5008123,Active,-1132,0,2637.08,22175.45,31257.14
108163,5008124,Closed,-2695,0,4318.0,84872.1,47451.79
105317,5008125,Closed,-694,0,4974.88,105286.22,29767.03
101128,5008126,Closed,-207,0,5780.9,556697.92,42084.68
108983,5008127,Active,-422,0,17968.19,552033.35,166968.57
109934,5008128,Closed,-934,0,6300.21,263481.13,86305.45
107562,5008129,Closed,-560,0,5811.74,4087.43,22742.89
107109,5008130,Active,-1256,0,1027.63,104164.83,275807.85
103474,5008131,Closed,-706,0,5366.0,136161.19,6889.18
103433,5008132,Closed,-2795,0,4367.0,467307.27,36323.31
103501,5008133,Closed,-1720,0,8372.01,311028.72,39579.75
200417,5008134,Closed,-1018,0,5210.41,43916.87,199991.94
200022,5008135,Active,-42,0,7146.89,14634.5,48583.2
104330,5008136,Active,-2255,30,8186.84,592098.09,44046.28
100942,5008137,Closed,-207,0,7720.09,173753.96,72704.23
200858,5008138,Closed,-71,0,276.14,176721.51,20435.52
100560,5008139,Closed,-78,0,1943.3,156543.46,84688.92
201173,5008140,Active,-2238,0,38.1,551262.82,31525.42
103049,5008141,Active,-2389,0,2000.1,22638.77,186800.29
201552,5008142,Closed,-364,0,4001.64,133293.82,31591.51
106434,5008143,Closed,-2122,0,4071.06,51252.22,14971.23
105944,5008144,Active,-1122,0,13714.78,62661.59,28692.98
109038,5008145,Closed,-608,0,4401.42,332767.5,6368.78
104117,5008146,Active,-2025,0,2713.0,305721.78,15867.25
103602,5008147,Closed,-2773,10,18154.01,346223.6,140872.43
102106,5008148,Closed,-1610,0,3171.93,73649.55,21600.97
109282,5008149,Closed,-1692,0,2936.41,28474.99,43825.11
109234,5008150,Active,-2418,0,841.37,51208.5,111334.08
104002,5008151,Active,-16,0,3182.12,9607.25,141290.04
100249,5008152,Closed,-1977,0,2407.13,19710.85,91371.54
104195,5008153,Closed,-2610,0,9862.39,186569.97,52631.84
104406,5008154,Closed,-1277,0,1195.82,30709.37,45551.99
200604,5008155,Closed,-2089,0,2591.92,12069.27,45139.57
103140,5008156,Closed,-2717,0,4307.21,150882.97,78895.61
108163,5008157,Active,-832,0,8347.78,128706.6,1806.57
105127,5008158,Closed,-2132,0,1768.17,442439.69,4563.71
200918,5008159,Closed,-694,0,1831.75,38169.05,94331.37
106705,5008160,Closed,-1344,0,5747.38,125825.64,39773.54
100353,5008161,Closed,-2072,0,641.65,144191.59,8654.87
103658,5008162,Active,-2306,0,25.4,193726.88,23742.06
103121,5008163,Closed,-2851,30,692.85,550552.44,12036.75
104353,5008164,Active,-2947,0,3840.4,60070.9,92146.13
105764,5008165,Closed,-1292,0,2743.76,8424.24,45856.09
103082,5008166,Active,-2080,0,1928.48,120703.11,26627.2
109913,5008167,Closed,-504,0,2178.1,495827.14,118045.69
101480,5008168,Closed,-2550,0,1266.81,763551.31,161766.86
103259,5008169,Closed,-1709,0,8477.01,42412.25,377528.92
109452,5008170,Closed,-1125,0,885.12,33448.93,5313.13
106953,5008171,Closed,-1355,0,3827.04,435294.02,56566.99
101976,5008172,Active,-227,0,6363.64,341561.08,158923.75
104534,5008173,Closed,-1011,0,831.33,280211.16,56810.59
107166,5008174,Active,-986,0,771.23,301415.01,81895.74
102059,5008175,Closed,-1073,0,3883.68,74624.93,62402.55
107259,5008176,Active,-861,0,4515.96,242339.7,2439.95
103054,5008177,Closed,-1122,10,12586.42,33485.41,83782.73
200796,5008178,Closed,-2503,0,3762.98,87032.09,99298.14
109216,5008179,Closed,-2492,0,2495.34,140589.68,83626.61
105693,5008180,Closed,-2923,0,732.52,20351.99,190627.76
102057,5008181,Closed,-2179,0,5465.64,2624.41,44940.76
201588,5008182,Closed,-2727,0,4642.1,170937.95,26631.11
108667,5008183,Closed,-2744,30,3031.7,254810.57,75544.13
103907,5008184,Closed,-2654,0,1666.03,175546.19,23492.58
200609,5008185,Active,-132,0,2995.03,392323.87,63251.15
101374,5008186,Active,-1591,0,2278.0,213735.53,32750.4
100244,5008187,Active,-490,0,444.61,14685.71,219599.04
106866,5008188,Closed,-2713,0,869.98,241859.35,60129.83
100770,5008189,Closed,-2043,0,452.81,492422.61,31236.06
200829,5008190,Closed,-109,0,1253.63,31582.74,28969.66
101674,5008191,Closed,-877,0,3266.7,171308.25,10331.32
103189,5008192,Closed,-1993,0,461.55,163531.15,108869.6
200069,5008193,Closed,-1047,0,498.38,306953.08,1913.93
201404,5008194,Closed,-1479,0,17707.57,10303.75,72364.05
102195,5008195,Closed,-295,30,298.68,583469.04,56666.31
105481,5008196,Closed,-2255,0,2102.87,407670.09,16004.33
200023,5008197,Closed,-2126,0,815.83,137357.05,125828.14
103604,5008198,Closed,-151,0,7865.64,126751.8,1163.18
105514,5008199,Active,-2098,0,3508.02,490881.95,1744.4
101104,5008200,Closed,-125,0,981.04,326698.67,84392.66
201056,5008201,Active,-2674,0,2292.82,111392.67,42474.13
103772,5008202,Closed,-1979,0,2506.96,273179.58,330960.76
100553,5008203,Active,-2456,0,4038.61,446059.91,112259.51
200978,5008204,Active,-125,0,10276.95,120376.83,8313.01
107755,5008205,Closed,-318,0,11661.6,24582.49,138703.07
107619,5008206,Active,-140,0,5728.73,289246.95,111085.56
101167,5008207,Active,-1499,0,2445.39,6544.43,73374.41
106365,5008208,Closed,-811,0,8281.86,420302.21,12878.97
201324,5008209,Closed,-132,0,1986.74,135593.06,14949.23
201127,5008210,Closed,-1216,0,30167.54,221536.14,47089.28
109039,5008211,Closed,-543,0,4892.69,101211.48,16809.98
101671,5008212,Closed,-1151,0,257.77,221879.97,108724.83
107065,5008213,Closed,-2063,0,494.09,46958.8,23497.6
106250,5008214,Closed,-2294,0,1598.2,278939.41,43392.35
109818,5008215,Active,-426,0,4014.29,56455.02,58280.54
200563,5008216,Closed,-628,0,13409.92,150503.9,105398.59
108079,5008217,Active,-1055,0,8995.83,183374.58,101411.76
106012,5008218,Active,-1381,0,842.15,35575.79,198579.2
100856,5008219,Closed,-225,0,161.8,160209.04,209335.26
105926,5008220,Closed,-343,0,1616.69,21372.51,8822.75
102748,5008221,Closed,-1836,0,15938.08,351637.24,65844.09
200961,5008222,Active,-1508,0,425.06,76807.33,28007.28
108998,5008223,Closed,-2589,0,3190.41,298291.68,67594.96
107077,5008224,Closed,-1018,0,1197.75,189045.5,4688.36
108392,5008225,Active,-302,0,3424.95,79374.7,281179.35
109055,5008226,Closed,-2709,0,5966.17,151055.12,53637.11
200715,5008227,Closed,-288,0,11240.03,229449.37,294636.76
105990,5008228,Closed,-1435,0,538.1,166455.49,284172.3
106615,5008229,Closed,-2238,10,11595.9,208124.78,92670.39
109337,5008230,Active,-527,0,2703.44,415830.84,75543.85
100240,5008231,Closed,-2437,0,1674.47,163599.74,156886.63
201070,5008232,Closed,-1812,0,11930.95,20683.03,15121.64
200349,5008233,Closed,-2219,0,216.91,133890.94,162407.46
101424,5008234,Closed,-2274,0,6803.8,130387.74,3738.71
104811,5008235,Closed,-1463,0,1221.49,2055.02,252201.69
104529,5008236,Closed,-1733,10,4735.32,512736.41,52601.14
106285,5008237,Closed,-285,0,1875.07,405535.55,69146.73
109567,5008238,Closed,-2851,0,13209.29,354887.78,93.6
102875,5008239,Closed,-2079,0,4434.11,105081.31,114009.86
102912,5008240,Closed,-980,0,307.07,585848.1,56044.33
109355,5008241,Closed,-2960,0,4809.19,303081.04,47880.17
104227,5008242,Closed,-27,0,1821.51,393725.13,12477.37
108756,5008243,Closed,-2375,0,2192.91,233941.73,43640.79
103441,5008244,Closed,-1224,0,14355.32,21782.23,6325.25
107194,5008245,Active,-2040,0,12914.42,3070.33,3717.87
103476,5008246,Closed,-70,10,5381.72,192353.94,55477.79
104799,5008247,Closed,-1199,0,10014.89,11753.86,16608.76
104240,5008248,Closed,-2619,0,3005.45,848834.41,42731.79
102764,5008249,Closed,-2244,0,1719.97,9232.75,81398.44
109839,5008250,Closed,-1195,0,4391.48,234423.18,12241.89
200005,5008251,Closed,-1748,0,1214.47,256147.65,177707.51
100604,5008252,Closed,-2887,0,1283.1,147263.52,84740.36
201155,5008253,Closed,-1384,0,6709.87,21177.55,20706.53
104815,5008254,Closed,-2068,0,1816.75,520392.87,26636.41
107061,5008255,Closed,-503,0,15069.77,123173.27,47089.04
103431,5008256,Closed,-791,0,573.33,738198.05,18836.42
104696,5008257,Active,-426,0,1243.45,108597.97,28911.11
104962,5008258,Active,-2781,0,2526.91,25425.54,6028.7
109835,5008259,Closed,-2423,0,49.32,489040.93,88719.17
109589,5008260,Closed,-1903,0,2912.36,28105.55,130346.07
105640,5008261,Active,-2685,0,3487.8,367355.06,168188.79
201097,5008262,Active,-2561,0,14425.66,88489.38,37374.09
106346,5008263,Active,-394,0,3436.82,68931.05,60639.78
108868,5008264,Closed,-2019,0,4830.82,42978.0,231425.6
105492,5008265,Closed,-173,0,1229.69,138948.96,24416.2
104691,5008266,Closed,-1322,0,3092.25,33699.08,101981.11
109050,5008267,Closed,-1018,0,8390.82,8826.51,34065.55
107102,5008268,Closed,-1743,0,122.1,113479.58,26969.89
105688,5008269,Closed,-87,0,90.1,130291.07,102742.83
101068,5008270,Closed,-694,0,1051.95,462222.14,103801.73
101036,5008271,Closed,-765,0,1606.6,338582.54,25183.3
105351,5008272,Closed,-528,0,215.96,145376.99,58361.18
200527,5008273,Closed,-1183,30,10479.01,468.57,258520.49
103815,5008274,Active,-1601,0,2376.32,209508.37,94554.65
200997,5008275,Closed,-1574,10,1348.39,114110.73,69561.28
107526,5008276,Closed,-1727,0,20308.56,67495.38,250945.26
200741,5008277,Active,-1143,0,1732.84,385580.3,98882.82
102968,5008278,Closed,-2225,0,630.45,112348.93,222022.19
101422,5008279,Active,-656,0,5471.84,74591.69,58698.09
104587,5008280,Active,-1393,0,6020.39,38261.24,95809.53
104189,5008281,Closed,-743,0,7508.59,109107.36,304134.27
103045,5008282,Closed,-2221,0,5061.33,592261.0,35213.99
104546,5008283,Closed,-2523,0,9226.45,117901.96,34584.46
109137,5008284,Closed,-153,0,752.62,420954.2,36825.69
105681,5008285,Closed,-1858,0,69.71,111526.23,147220.64
105415,5008286,Active,-2484,0,4266.39,141165.29,33988.25
200334,5008287,Closed,-375,0,3095.6,64638.28,61061.88
106442,5008288,Closed,-1556,0,966.95,554644.78,39266.39
100148,5008289,Active,-1345,0,3443.17,62019.36,17668.0
108590,5008290,Closed,-1311,0,4773.65,34066.24,26310.4
106215,5008291,Closed,-2728,0,3866.44,674277.12,27036.13
109203,5008292,Active,-2327,0,45.02,290341.72,57128.02
107443,5008293,Active,-1308,0,601.34,154565.31,2077.23
107527,5008294,Closed,-2104,0,760.7,360883.35,24658.99
100581,5008295,Active,-1357,0,1756.33,258060.23,29770.14
106429,5008296,Closed,-1044,0,5598.02,846848.57,8716.95
201133,5008297,Closed,-2735,10,2158.66,770.62,45941.66
100044,5008298,Active,-2111,0,449.3,437975.01,71465.44
101000,5008299,Closed,-361,0,2003.81,331617.51,8215.42
106903,5008300,Closed,-1154,0,881.3,568044.67,107543.75
200159,5008301,Closed,-1315,0,2609.27,68714.13,30151.33
103116,5008302,Closed,-2695,0,233.52,286351.18,112978.82
201362,5008303,Closed,-2306,0,7621.97,373038.06,11315.46
106842,5008304,Closed,-749,0,2193.12,23815.15,33761.97
107739,5008305,Closed,-1005,0,80.97,277920.75,22475.06
107960,5008306,Closed,-2756,0,6.14,807382.11,221202.68
105509,5008307,Closed,-216,0,1112.62,206229.08,50784.07
103671,5008308,Closed,-2819,0,6953.05,115658.42,15887.01
201625,5008309,Active,-2312,0,58.9,81361.45,123986.14
108685,5008310,Active,-1057,0,15990.14,388894.48,179078.56
201082,5008311,Closed,-1462,0,1087.24,218474.54,125304.21
102417,5008312,Active,-1197,0,1547.69,286343.76,13940.74
106255,5008313,Closed,-2998,0,483.5,921556.79,49191.09
200306,5008314,Closed,-2703,0,1181.62,537422.69,158223.62
108766,5008315,Active,-2463,0,1624.93,30971.19,81997.52
107227,5008316,Closed,-1902,0,8.12,487244.23,64929.45
103493,5008317,Closed,-1645,0,2919.47,142963.51,3858.35
104856,5008318,Closed,-2028,0,287.99,562984.27,2652.82
101247,5008319,Active,-1730,0,5174.32,527685.07,26813.93
200339,5008320,Closed,-1967,0,2282.09,18948.99,71971.81
107105,5008321,Closed,-1751,0,1040.13,90335.64,31304.68
101451,5008322,Closed,-1846,0,9250.59,56378.76,46565.52
106334,5008323,Active,-2923,0,8474.88,117161.44,114638.1
102307,5008324,Closed,-2760,0,8639.73,1260560.8,117303.58
108693,5008325,Closed,-1205,0,4363.39,2657.93,188128.91
200774,5008326,Closed,-1516,0,4743.75,250004.34,22873.48
101373,5008327,Closed,-495,0,13917.97,95104.72,6618.24
107059,5008328,Active,-1121,0,40817.06,106408.47,48815.71
104937,5008329,Closed,-2461,0,7196.97,105457.83,3343.13
107269,5008330,Closed,-1576,0,4689.65,7128.68,150014.02
200540,5008331,Active,-2519,0,424.07,34345.38,15176.56
104768,5008332,Closed,-2606,0,2759.48,128935.27,7660.14
107755,5008333,Closed,-1802,0,10284.51,179324.12,76248.96
106435,5008334,Active,-296,0,1541.29,1969.59,101813.6
103791,5008335,Closed,-2566,0,4107.9,21023.75,53076.15
201996,5008336,Closed,-2180,10,11195.07,21635.92,36423.21
109718,5008337,Active,-2185,0,4465.55,119084.03,39507.87
106593,5008338,Active,-399,0,1454.66,39754.8,41781.98
101363,5008339,Active,-1033,0,6673.55,183184.16,125126.16
200029,5008340,Closed,-1405,0,602.84,263443.62,27786.26
104458,5008341,Active,-2249,0,10823.39,27408.27,110022.08
104108,5008342,Closed,-1091,0,3199.64,136945.81,237341.72
106250,5008343,Closed,-2341,0,2305.7,24810.34,197642.26
108846,5008344,Active,-1712,0,33.88,558224.36,105648.35
102548,5008345,Closed,-1852,10,2759.14,453252.09,140956.98
105965,5008346,Closed,-2784,0,8598.32,216128.44,20263.79
107475,5008347,Closed,-459,0,790.82,244778.67,76310.24
201080,5008348,Active,-1710,0,2561.13,198657.41,187085.23
103743,5008349,Closed,-837,0,341.4,7643.41,69588.75
200267,5008350,Active,-1854,0,5930.04,330761.75,109809.71
107703,5008351,Closed,-2380,10,12463.74,134822.42,19944.66
104292,5008352,Closed,-764,10,14583.94,336956.55,298463.33
103643,5008353,Closed,-2027,0,15999.5,408406.88,180575.27
109478,5008354,Closed,-764,0,1924.37,63928.38,15215.12
106826,5008355,Active,-2970,0,1028.26,541420.89,18974.01
100607,5008356,Active,-446,0,2690.66,36952.37,39050.27
107762,5008357,Closed,-2989,10,1329.09,69698.75,90440.78
109073,5008358,Closed,-1851,0,4940.67,413334.52,11484.7
200836,5008359,Active,-1027,0,20156.44,375528.58,178152.55
105448,5008360,Active,-2640,0,2238.42,545457.06,152106.66
106112,5008361,Active,-1434,0,98.2,88206.7,101989.87
106529,5008362,Closed,-2802,0,1315.04,50321.5,71123.69
103736,5008363,Closed,-3,0,4779.64,97887.47,34877.92
103023,5008364,Closed,-1036,0,2327.48,46956.89,250583.73
200690,5008365,Closed,-1493,0,3934.88,202075.73,70414.2
108714,5008366,Closed,-2936,0,1532.3,78445.88,6278.75
100853,5008367,Active,-560,0,17448.87,578479.98,2702.15
106497,5008368,Active,-567,0,894.96,1372.96,4342.38
101386,5008369,Active,-47,0,2147.15,480259.06,30972.53
200452,5008370,Active,-1198,0,5794.42,18925.33,55567.91
107177,5008371,Closed,-2381,0,370.16,141955.04,96678.29
100702,5008372,Closed,-629,0,1374.36,86001.06,6947.66
200235,5008373,Closed,-1,0,7827.92,112821.9,39073.52
102819,5008374,Active,-1049,0,5554.92,65239.29,270985.37
100724,5008375,Active,-2470,0,7211.32,225090.85,31283.67
105822,5008376,Closed,-320,0,99.98,323780.88,93373.54
106053,5008377,Active,-215,0,3224.47,311808.88,260812.31
201992,5008378,Closed,-2331,0,1207.97,33969.68,95245.34
106206,5008379,Closed,-2450,0,2925.79,52599.23,8602.88
107985,5008380,Active,-1450,0,1860.13,210369.69,16334.1
103252,5008381,Active,-944,0,7134.54,132929.2,131906.89
103154,5008382,Closed,-2199,0,8238.41,78328.79,374681.13
107752,5008383,Closed,-986,0,816.77,424661.62,88992.69
201669,5008384,Closed,-1708,0,6191.76,34886.9,18683.05
103981,5008385,Active,-1908,0,164.22,49318.0,7393.04
109807,5008386,Closed,-2797,0,349.95,19730.64,54014.92
108896,5008387,Active,-1932,0,7938.5,108283.95,122351.32
102949,5008388,Closed,-1378,0,9041.97,16108.98,33582.56
103893,5008389,Closed,-128,0,1536.25,247181.12,2648.83
108536,5008390,Closed,-892,0,2985.6,23428.16,116862.23
109271,5008391,Closed,-227,0,230.36,467473.87,50758.93
201804,5008392,Closed,-490,0,13704.98,56298.86,42045.25
102125,5008393,Closed,-148,0,3235.33,37015.32,6342.91
102403,5008394,Closed,-2596,0,2293.88,22699.88,56773.97
108569,5008395,Closed,-2410,0,938.33,851389.47,48515.9
108985,5008396,Active,-1881,0,18162.22,216015.92,6801.51
101025,5008397,Closed,-2338,0,140.0,705106.34,84390.08
109217,5008398,Closed,-1720,0,2265.37,282823.61,82975.95
200783,5008399,Closed,-215,0,871.08,153613.45,149834.2
200239,5008400,Closed,-2976,0,5742.44,109085.3,175653.45
109116,5008401,Closed,-1501,0,1833.78,582696.9,123868.6
103073,5008402,Active,-217,0,635.99,49242.85,113012.98
105359,5008403,Closed,-2138,0,5573.03,102610.08,68762.99
109139,5008404,Active,-598,0,85.54,237698.66,38968.96
109514,5008405,Closed,-2874,0,18898.0,264221.36,395255.16
101894,5008406,Closed,-151,0,5331.42,158144.18,57359.02
200960,5008407,Active,-2082,0,1149.27,510032.85,77544.76
108011,5008408,Closed,-2555,0,6458.5,557596.27,66585.57
104798,5008409,Closed,-453,0,5378.77,160600.42,102161.02
201354,5008410,Closed,-436,0,3783.17,60722.01,38189.31
100854,5008411,Closed,-610,0,7015.16,172545.28,43056.89
100464,5008412,Closed,-882,0,289.43,535105.56,323017.31
109126,5008413,Closed,-2759,0,4853.21,146905.65,97567.5
101215,5008414,Active,-2751,0,7752.1,100293.38,153984.01
201832,5008415,Closed,-2256,10,3084.42,342537.71,419888.84
100962,5008416,Closed,-1333,0,3424.04,232746.69,2752.35
105866,5008417,Active,-990,10,11880.4,528631.3,12182.2
104298,5008418,Closed,-1178,0,5450.91,181264.23,33924.74
105268,5008419,Closed,-2360,0,3995.36,444983.56,47623.61
103968,5008420,Closed,-1640,0,619.21,171056.04,170496.96
101499,5008421,Closed,-1630,0,287.44,21629.89,8054.91
200580,5008422,Active,-45,0,5354.21,25374.49,19580.79
101792,5008423,Closed,-42,0,3053.52,89702.08,10.27
200715,5008424,Active,-2582,0,4504.94,49097.4,158384.94
104282,5008425,Closed,-1422,0,8598.28,656068.66,1612.19
106319,5008426,Active,-2731,0,6618.03,354522.03,10092.89
104550,5008427,Closed,-758,0,12423.71,19400.87,15983.64
102715,5008428,Active,-219,0,2902.1,66979.01,93090.75
103791,5008429,Active,-2387,0,6945.93,86888.69,61895.17
103381,5008430,Closed,-803,0,4076.82,343874.89,42298.64
101706,5008431,Closed,-194,0,2188.92,141528.93,56681.47
109224,5008432,Closed,-634,10,7923.36,129671.78,259597.99
103412,5008433,Closed,-2009,0,815.85,588411.48,19495.07
104754,5008434,Closed,-2793,0,6177.9,1458233.67,5983.1
200997,5008435,Active,-1064,0,807.37,15918.37,1802.97
200739,5008436,Closed,-314,0,13283.62,37126.72,4292.29
107563,5008437,Closed,-1636,0,0.48,56051.62,28747.45
100210,5008438,Closed,-59,0,1236.24,549056.41,28872.7
105447,5008439,Closed,-1968,0,6417.37,261819.94,13469.81
100661,5008440,Closed,-2010,0,1412.77,168466.78,171405.07
200304,5008441,Active,-432,0,1949.53,72713.57,40002.89
102303,5008442,Active,-1135,0,1995.12,46809.3,27938.95
108015,5008443,Active,-1319,0,2663.37,10605.93,280853.93
201587,5008444,Active,-2574,0,1896.49,41020.32,138066.67
105655,5008445,Closed,-399,0,407.22,261767.77,11358.16
107473,5008446,Closed,-2088,0,10650.78,47237.24,41301.33
104328,5008447,Closed,-1614,0,7588.67,141594.56,6209.39
200507,5008448,Active,-1129,0,1349.37,132705.04,4823.19
102735,5008449,Active,-1369,0,1068.15,426563.74,74005.03
201194,5008450,Active,-1956,0,434.46,377680.18,9636.68
101464,5008451,Closed,-2044,0,8398.51,11774.83,28405.56
106154,5008452,Active,-471,0,6.15,25400.08,301237.69
105337,5008453,Closed,-295,0,12685.17,139461.2,187907.45
101338,5008454,Closed,-1889,0,4960.87,578908.88,117356.61
201365,5008455,Closed,-718,0,4529.8,440479.82,290893.49
201958,5008456,Active,-2175,0,2869.18,101071.3,84565.72
201856,5008457,Active,-1770,0,8164.36,30721.96,48941.35
104931,5008458,Closed,-1193,0,7.84,361354.41,79761.03
101650,5008459,Closed,-617,0,6048.52,6247.12,56981.93
101543,5008460,Closed,-1034,0,5374.28,77546.97,114937.59
108542,5008461,Closed,-523,0,3374.13,503239.75,216550.0
201014,5008462,Closed,-2874,0,1136.96,35373.82,17343.79
101774,5008463,Closed,-1343,0,3370.58,435134.24,40209.23
103217,5008464,Active,-419,0,9804.19,61676.5,212492.97
107417,5008465,Closed,-1166,0,27316.1,415940.44,45884.91
201474,5008466,Closed,-2848,0,18955.11,92039.39,238180.34
103078,5008467,Closed,-2765,0,9445.56,53102.27,56693.32
108808,5008468,Closed,-302,0,3887.79,86235.22,121196.67
100090,5008469,Closed,-1415,0,7001.33,52626.35,29226.4
105450,5008470,Active,-2504,0,2249.1,608154.1,96949.14
106381,5008471,Closed,-2226,0,884.51,10443.4,314629.23
101089,5008472,Active,-216,0,714.7,204870.07,64920.91
102231,5008473,Closed,-105,0,5421.13,23637.77,71420.53
100481,5008474,Active,-1308,0,2981.11,114265.27,3517.81
201358,5008475,Closed,-1432,0,729.49,64623.42,70885.61
107076,5008476,Closed,-1545,0,4107.19,202173.94,3805.72
201024,5008477,Closed,-1903,0,5872.78,102168.57,8901.75
101385,5008478,Closed,-1251,0,3139.44,74424.54,70247.41
100025,5008479,Closed,-925,0,3228.62,10878.37,47388.61
200448,5008480,Closed,-2163,0,6026.51,284879.78,23376.21
101532,5008481,Closed,-158,0,1607.74,264440.79,34056.94
104525,5008482,Closed,-594,0,3523.38,149039.9,189797.19
104586,5008483,Active,-413,0,4109.6,71418.09,30453.04
100483,5008484,Closed,-610,0,6059.64,295389.16,27412.77
104838,5008485,Closed,-1472,0,2782.82,977570.2,77959.04
102855,5008486,Closed,-2619,0,1716.66,146685.72,49853.69
104312,5008487,Active,-2553,0,3233.08,378977.92,204339.78
103012,5008488,Closed,-2718,0,2950.03,216170.83,2314.34
201013,5008489,Closed,-646,0,192.52,185831.63,68798.19
102809,5008490,Closed,-1209,0,4925.69,197424.72,32651.16
200796,5008491,Closed,-337,0,8681.45,157785.07,153140.02
201957,5008492,Closed,-2989,0,7673.96,199883.56,34816.96
200240,5008493,Active,-1739,0,6884.85,649710.21,18714.97
105311,5008494,Closed,-401,0,17316.45,717041.7,6447.67
104851,5008495,Closed,-2553,0,4844.14,38754.39,79852.14
106268,5008496,Active,-1387,10,3921.26,4314.14,3019.99
104397,5008497,Closed,-2513,10,10178.79,1352.14,115470.28
200715,5008498,Active,-2554,0,4942.07,102208.28,36714.45
101586,5008499,Closed,-1291,0,3298.49,351264.03,54574.55
104304,5008500,Closed,-519,0,531.66,228008.26,159691.81
102439,5008501,Closed,-1307,0,954.59,197698.92,50797.18
105168,5008502,Closed,-14,10,8173.23,311026.39,29649.96
107901,5008503,Active,-1947,0,8788.0,23043.37,482970.46
107366,5008504,Closed,-1401,0,1496.27,334955.61,220901.04
200152,5008505,Closed,-2181,0,1636.83,85786.44,88511.08
201530,5008506,Closed,-1572,0,5179.84,342169.54,2171.96
107186,5008507,Closed,-2453,0,7709.39,333437.54,70525.26
100092,5008508,Closed,-214,0,10990.34,257660.16,11346.38
102721,5008509,Closed,-1917,0,11073.85,41744.34,118688.95
201539,5008510,Closed,-1863,0,5386.26,101215.19,3777.16
104466,5008511,Closed,-2094,0,9744.34,4995.32,21118.19
105611,5008512,Active,-324,0,605.44,150859.67,236417.11
100934,5008513,Closed,-743,0,494.16,168315.99,152818.3
109307,5008514,Active,-1343,0,1730.2,1453.61,61027.86
107334,5008515,Active,-1790,0,1044.99,158955.28,26433.37
104617,5008516,Closed,-2568,0,3568.56,96821.16,22392.64
200138,5008517,Closed,-1219,0,2629.52,221276.43,59936.76
109639,5008518,Closed,-1286,0,9856.53,341571.68,107474.38
103787,5008519,Closed,-2243,0,4762.49,63078.06,46521.47
106990,5008520,Closed,-1128,0,4679.87,178177.05,15772.16
200192,5008521,Closed,-2827,0,3468.55,83715.99,4866.41
109044,5008522,Active,-1777,0,1974.75,391721.37,111944.41
109684,5008523,Closed,-1158,0,2220.81,193015.52,62123.44
105270,5008524,Active,-267,0,14412.81,37867.35,97437.01
201301,5008525,Closed,-2869,0,216.81,542910.95,41271.79
103647,5008526,Active,-1176,0,1517.66,86970.16,12888.34
107948,5008527,Closed,-1901,0,1287.9,106238.59,28907.04
107713,5008528,Closed,-2546,0,14580.71,260020.75,138828.35
201571,5008529,Active,-2099,0,5525.14,540266.15,132576.97
200340,5008530,Active,-1264,0,3207.67,83353.65,35999.97
104389,5008531,Closed,-1205,0,97.33,66697.42,64282.79
108550,5008532,Active,-226,10,6035.97,19119.58,25951.98
101048,5008533,Closed,-2719,0,5878.45,109667.78,36643.98
104105,5008534,Active,-245,0,11115.77,235504.4,464952.41
105001,5008535,Closed,-1526,0,707.59,262324.77,148026.29
100830,5008536,Active,-1227,0,41.8,33454.47,12490.59
201441,5008537,Closed,-2566,0,7402.62,779054.69,73883.94
108885,5008538,Closed,-775,0,4830.4,2107.88,22503.15
100269,5008539,Active,-1089,0,7800.56,127441.19,126594.15
107211,5008540,Active,-261,0,1932.66,149085.04,24407.66
106805,5008541,Closed,-1435,0,1877.48,93928.8,46800.16
104576,5008542,Active,-1796,0,12836.65,168927.19,4072.44
101337,5008543,Closed,-2264,0,8057.82,24016.84,6225.03
100755,5008544,Closed,-496,0,4677.9,58504.53,174716.2
108026,5008545,Active,-2980,0,13564.81,274051.74,56207.38
100184,5008546,Closed,-2103,0,5336.08,60172.53,77664.55
103712,5008547,Active,-1076,0,12742.13,92635.52,77985.86
104044,5008548,Closed,-1893,0,643.0,262368.92,11433.69
200410,5008549,Closed,-1082,0,2752.37,376821.59,236170.65
105515,5008550,Active,-113,0,5639.81,170704.26,92757.94
107286,5008551,Active,-1733,0,6324.9,293816.17,44314.1
105010,5008552,Closed,-832,10,452.72,4339.48,30232.9
109364,5008553,Active,-2376,10,1021.74,31878.63,577805.99
106884,5008554,Closed,-1632,0,18823.45,33490.84,17196.38
201419,5008555,Closed,-2385,0,810.77,285440.87,2683.47
102440,5008556,Closed,-753,0,10236.95,486670.9,58194.21
105166,5008557,Closed,-851,0,7386.8,230242.56,45793.08
102966,5008558,Closed,-947,0,3797.83,8869.07,51794.04
104936,5008559,Closed,-208,0,2247.0,473155.6,120098.11
107590,5008560,Active,-2757,0,4883.16,17845.3,42690.71
201333,5008561,Closed,-2179,0,9932.99,441843.21,98947.53
102301,5008562,Closed,-911,0,324.14,54965.09,4858.6
106835,5008563,Closed,-1846,0,922.39,59391.33,21466.33
107987,5008564,Closed,-415,0,6621.57,200541.32,162416.84
102509,5008565,Closed,-1711,0,3933.0,145699.32,25775.42
107247,5008566,Active,-2675,10,5014.05,37434.75,26453.76
109403,5008567,Closed,-2102,0,11486.5,374239.88,20043.02
101163,5008568,Active,-517,0,844.82,127340.26,93151.93
103741,5008569,Closed,-2396,0,4514.76,212614.17,120512.13
106432,5008570,Closed,-325,0,16916.53,399654.58,186943.49
107856,5008571,Active,-387,0,2670.01,9820.44,111861.09
108045,5008572,Closed,-2723,0,3452.21,243583.88,194245.79
107346,5008573,Closed,-841,0,40.93,94116.66,80848.47
108589,5008574,Closed,-1352,0,353.42,101499.31,51808.86
101211,5008575,Closed,-2630,30,6580.31,49197.97,111967.97
104994,5008576,Active,-1095,0,10421.13,153814.6,40707.2
100896,5008577,Closed,-960,0,661.4,232735.87,79880.7
108400,5008578,Active,-1272,0,8649.95,161347.67,33042.48
106669,5008579,Closed,-2564,0,9564.99,42458.18,5203.05
104874,5008580,Active,-2076,0,1646.53,466025.95,61054.01
109328,5008581,Closed,-190,0,343.01,76486.44,18407.92
201810,5008582,Active,-405,0,9609.27,230682.69,128954.61
107151,5008583,Active,-1087,0,532.88,316314.81,24314.45
104863,5008584,Closed,-2473,0,4068.27,297084.72,25339.11
106561,5008585,Active,-2375,0,2554.57,166894.21,4790.42
201833,5008586,Closed,-2294,0,4586.15,134336.33,192717.36
103020,5008587,Active,-2889,0,9367.24,38586.98,67396.53
201505,5008588,Closed,-2356,0,8039.95,206782.25,18481.86
101203,5008589,Closed,-2793,0,8347.41,4727.93,111819.72
109808,5008590,Closed,-2308,0,4781.94,160217.77,61547.15
106286,5008591,Closed,-2533,0,2049.32,337164.92,90510.71
107608,5008592,Closed,-1932,0,1482.83,417529.54,12900.86
102219,5008593,Active,-2535,0,4010.89,119251.18,60850.92
103367,5008594,Closed,-1449,0,1362.24,26507.03,116887.13
108335,5008595,Closed,-2135,0,13989.34,41022.45,12889.2
108615,5008596,Closed,-2448,0,5058.77,335239.27,83181.01
200266,5008597,Active,-1014,0,2518.92,31556.3,62501.31
109613,5008598,Closed,-978,0,5980.54,220469.72,41104.57
100412,5008599,Closed,-614,0,1560.93,17185.11,95213.24
108167,5008600,Closed,-2222,0,4357.53,88628.0,26748.4
201341,5008601,Closed,-378,0,7344.91,471743.14,184899.89
201347,5008602,Closed,-1368,0,1016.82,418784.02,109091.59
201325,5008603,Active,-1100,0,2315.61,539936.59,377741.31
108945,5008604,Closed,-1238,0,13125.32,142238.2,409039.87
201640,5008605,Closed,-1160,0,1047.62,100163.77,192048.83
104468,5008606,Active,-2613,0,9865.48,444479.28,67507.09
108978,5008607,Closed,-2794,0,5042.51,3835.29,117291.46
107646,5008608,Active,-1853,0,651.04,63002.24,21864.91
200966,5008609,Closed,-1081,30,2106.12,415580.74,63768.58
103075,5008610,Active,-1279,0,15482.09,59135.05,12163.3
109846,5008611,Closed,-838,0,6969.4,699894.35,51569.0
102313,5008612,Closed,-1107,0,4766.31,315080.35,5355.15
102140,5008613,Closed,-1843,0,3268.5,176300.83,8731.38
102870,5008614,Active,-606,0,23783.62,25152.8,40759.31
109865,5008615,Closed,-569,0,4967.77,9904.75,91955.17
100377,5008616,Closed,-1092,0,7406.47,228414.88,101215.64
105918,5008617,Active,-861,0,4937.88,1589.83,215801.19
101098,5008618,Closed,-1073,0,8612.82,177135.02,49352.88
101411,5008619,Active,-642,0,22835.23,21698.76,33238.74
105045,5008620,Active,-1841,0,8521.06,60526.92,237681.39
200296,5008621,Active,-1123,0,22190.22,220956.36,23082.37
101385,5008622,Closed,-438,0,6272.3,189834.19,25562.87
109583,5008623,Active,-1366,0,11827.96,24315.14,19305.38
104857,5008624,Closed,-1131,0,137.49,25468.83,93212.12
100155,5008625,Closed,-2109,0,4500.67,8304.07,108868.73
109300,5008626,Closed,-2446,0,254.53,31578.64,58895.87
107724,5008627,Closed,-1134,0,271.5,45576.21,88531.79
105417,5008628,Closed,-193,0,8435.94,66234.63,107525.86
100207,5008629,Closed,-785,0,4486.2,19883.73,70165.77
109527,5008630,Closed,-2435,0,6388.7,68654.57,4878.0
105935,5008631,Closed,-1018,0,4505.69,62878.44,208867.36
109876,5008632,Closed,-780,0,9229.75,43258.3,101672.5
109012,5008633,Closed,-1181,0,3961.06,12916.92,78798.09
103404,5008634,Closed,-2228,0,6649.54,275531.68,476.42
105480,5008635,Closed,-1736,30,3836.49,132284.35,494342.71
106096,5008636,Closed,-1495,0,1659.18,541917.95,28992.97
102551,5008637,Active,-109,0,4224.97,119269.83,49585.76
108454,5008638,Active,-473,0,4203.53,65675.21,372988.94
101635,5008639,Active,-1069,0,3091.39,154286.69,125236.99
106737,5008640,Closed,-1144,0,7057.36,26676.42,21149.96
104690,5008641,Closed,-1424,0,17726.0,362772.34,47565.84
100001,5008642,Closed,-2695,0,3644.09,44081.06,55022.57
103003,5008643,Closed,-1961,0,7266.47,123918.05,156251.86
101747,5008644,Closed,-2277,0,3242.31,17239.91,197727.31
109043,5008645,Active,-122,0,1908.45,273767.51,41119.27
109637,5008646,Active,-1586,0,10794.38,236518.61,16679.8
106496,5008647,Closed,-19,0,3353.84,141732.93,15375.96
108317,5008648,Closed,-2474,0,9097.4,885559.5,46225.25
108337,5008649,Closed,-2492,0,2739.25,12605.09,99085.92
106724,5008650,Closed,-1768,0,8006.35,279742.48,20287.59
108412,5008651,Closed,-1397,0,2338.89,205512.79,43470.2
102620,5008652,Closed,-863,0,5763.07,184482.92,126432.4
107974,5008653,Closed,-2756,0,2326.33,422853.09,90800.95
103325,5008654,Closed,-1154,10,1126.88,432275.21,124388.86
100079,5008655,Closed,-1364,0,7222.03,101277.33,23596.16
100839,5008656,Closed,-1697,0,389.81,212573.9,43322.66
201045,5008657,Closed,-1373,0,13840.28,151280.94,90260.81
101695,5008658,Closed,-214,0,3785.87,19662.24,84405.06
200650,5008659,Closed,-1033,0,1963.16,16125.88,75603.34
105602,5008660,Active,-935,0,1433.34,33722.24,35380.94
109536,5008661,Closed,-2781,0,7054.69,26445.28,42169.0
100012,5008662,Closed,-1187,0,662.34,75586.42,2121.7
109134,5008663,Closed,-1931,0,6817.32,124510.68,66473.04
104878,5008664,Closed,-969,0,1297.65,16976.36,24092.65
107460,5008665,Active,-398,0,1562.5,63057.87,69424.28
104597,5008666,Closed,-1319,0,5423.54,197614.96,16180.31
104819,5008667,Closed,-133,0,3645.98,98735.98,83150.39
101852,5008668,Closed,-1713,0,3906.23,30942.49,8479.77
106152,5008669,Closed,-1529,0,8723.72,389385.41,31628.44
201618,5008670,Closed,-105,0,4771.54,74805.07,213269.88
201742,5008671,Active,-10,0,4658.76,632070.32,52726.15
109525,5008672,Active,-1236,0,8342.06,34794.63,3790.37
103537,5008673,Closed,-877,0,2928.89,212090.57,105508.08
103974,5008674,Closed,-1059,0,2521.42,24973.27,1157.37
105882,5008675,Closed,-503,10,504.66,399586.44,6281.45
101173,5008676,Active,-2554,0,70.82,209509.77,54651.02
101679,5008677,Closed,-2733,0,6419.15,323404.37,23251.05
109304,5008678,Closed,-1332,0,3349.53,140666.65,217166.02
201698,5008679,Active,-2632,0,18769.16,188533.33,36556.0
100784,5008680,Active,-721,0,16475.79,274928.36,101279.59
107617,5008681,Active,-2501,0,479.5,59812.7,124190.6
109432,5008682,Active,-2151,0,435.32,230846.13,82708.24
101885,5008683,Closed,-2446,0,1995.94,18844.45,46697.65
102727,5008684,Active,-1511,0,3332.99,30247.14,12190.13
105006,5008685,Active,-1834,30,1128.81,81863.25,12662.89
104083,5008686,Closed,-1746,0,687.2,461465.54,25964.73
104941,5008687,Closed,-627,0,5829.65,111648.69,27261.06
104725,5008688,Active,-2079,30,2087.17,295383.77,5242.11
107830,5008689,Closed,-2165,0,10414.91,590229.34,76228.97
107607,5008690,Closed,-2312,0,8890.84,349291.12,12136.91
200441,5008691,Closed,-1228,0,29663.6,46590.87,37630.31
106980,5008692,Closed,-2170,0,661.31,72066.9,43362.36
104153,5008693,Active,-926,0,1484.89,519170.33,89030.01
201693,5008694,Closed,-1739,0,4546.74,24310.28,11092.25
102693,5008695,Closed,-326,0,5024.29,397478.48,31616.71
108668,5008696,Active,-2487,0,8309.24,61968.29,89973.6
200726,5008697,Closed,-1464,0,4429.51,514340.52,175351.22
105161,5008698,Closed,-423,0,5268.14,224029.73,69070.48
100201,5008699,Closed,-1838,0,8391.79,74174.63,56974.29
108200,5008700,Closed,-823,0,1223.32,7918.64,2989.11
100472,5008701,Closed,-2274,0,1925.46,32500.14,43875.24
103005,5008702,Active,-836,0,6.92,103845.59,127519.77
109483,5008703,Closed,-749,0,6945.73,37114.19,90672.83
107315,5008704,Active,-201,0,807.7,121497.74,71434.67
108041,5008705,Closed,-1614,0,5877.4,47651.05,174844.89
104352,5008706,Closed,-2214,0,3634.46,184354.43,24715.58
107319,5008707,Closed,-2773,0,1464.98,22037.15,50183.62
105679,5008708,Closed,-2324,0,2920.59,395835.76,18698.69
201487,5008709,Closed,-1914,0,652.65,2032.44,130124.54
104265,5008710,Active,-1554,0,1188.1,120427.49,129807.07
103919,5008711,Closed,-2452,0,1786.48,196043.23,76382.56
201662,5008712,Active,-2255,0,7931.96,142227.38,17575.97
100732,5008713,Closed,-882,0,6917.89,11077.57,12460.25
100703,5008714,Closed,-147,0,4327.51,218758.78,24137.23
201623,5008715,Closed,-1468,0,4138.16,150681.86,28743.71
105808,5008716,Active,-2850,0,301.61,6737.0,63097.05
104114,5008717,Closed,-2732,0,2850.96,78983.78,72560.39
201746,5008718,Closed,-2677,0,6253.53,100565.26,69751.51
105038,5008719,Closed,-1778,0,2195.8,250349.2,16063.08
103204,5008720,Closed,-2378,0,3124.84,46043.66,15387.48
104898,5008721,Closed,-56,0,170.03,587690.04,34052.13
106791,5008722,Closed,-1701,0,8760.31,5217.17,62680.72
109687,5008723,Active,-441,0,4762.61,292555.93,37612.06
109624,5008724,Closed,-1745,0,6039.6,621746.31,209665.52
102156,5008725,Closed,-2084,0,1723.15,426797.15,68412.96
106168,5008726,Closed,-598,0,8276.95,14732.62,36491.17
201986,5008727,Closed,-2971,0,4776.05,63990.32,2530.24
100292,5008728,Closed,-1923,0,8248.26,9027.5,68221.85
103577,5008729,Active,-2889,0,4418.75,563772.64,1174.95
101378,5008730,Active,-1568,0,389.04,53910.06,117592.84
102674,5008731,Closed,-1746,0,7288.6,100788.64,162545.27
107723,5008732,Closed,-1662,0,12402.74,526865.52,30073.63
101841,5008733,Closed,-2343,0,2849.69,231123.87,109731.23
108953,5008734,Closed,-2603,0,14622.37,394443.87,38497.63
103383,5008735,Closed,-1723,0,1764.58,221519.43,5006.66
107114,5008736,Closed,-167,0,113.68,99631.41,46008.62
104223,5008737,Closed,-375,0,5532.87,3243.01,7549.07
106625,5008738,Closed,-2512,0,6375.75,78159.89,9816.76
201734,5008739,Closed,-920,0,391.73,73267.81,39433.07
108503,5008740,Closed,-1949,0,3174.72,300004.92,210053.2
201588,5008741,Active,-729,0,6472.98,424364.04,155244.74
105379,5008742,Closed,-2215,0,648.02,261271.99,22982.01
107680,5008743,Closed,-605,0,2633.6,65521.05,63030.44
103999,5008744,Active,-2484,0,1219.32,448873.34,42123.83
101266,5008745,Active,-1405,30,1307.7,150147.0,41415.99
105228,5008746,Closed,-1113,0,7912.66,7090.39,8169.68
105940,5008747,Closed,-2604,0,6952.81,86525.76,104242.4
109474,5008748,Closed,-2109,0,5284.66,33830.8,102597.99
105820,5008749,Active,-2093,0,2243.29,98594.99,794.66
100641,5008750,Active,-558,0,208.81,25741.64,35447.99
107906,5008751,Closed,-178,0,18036.48,131707.65,11795.21
102333,5008752,Active,-2850,0,5385.47,144748.84,54290.55
105265,5008753,Closed,-831,0,665.34,85522.07,45262.35
106114,5008754,Active,-1904,0,201.27,122650.83,20666.84
104678,5008755,Closed,-71,0,2340.35,202223.53,90280.08
102325,5008756,Active,-1520,10,3687.56,165077.42,21579.69
100008,5008757,Closed,-1463,0,72.9,19674.37,29721.13
106682,5008758,Closed,-610,10,2180.92,30907.97,20698.6
108423,5008759,Closed,-656,10,3251.61,174470.87,9717.95
101670,5008760,Active,-433,0,10193.07,247771.02,10618.07
106205,5008761,Closed,-1136,10,4202.82,157180.85,82144.42
108270,5008762,Active,-1337,0,9614.07,777555.0,37302.24
105509,5008763,Active,-1794,30,8014.79,158752.83,129785.09
104127,5008764,Active,-1461,0,1910.26,131355.17,145023.24
101103,5008765,Closed,-231,0,234.1,397473.11,14025.73
106283,5008766,Closed,-2852,0,153.92,162233.9,17389.44
106393,5008767,Closed,-1907,0,2039.94,244254.36,34360.86
106471,5008768,Active,-2774,0,2224.81,137601.52,59877.16
101632,5008769,Closed,-1689,30,6070.37,2915.51,45069.98
201946,5008770,Active,-1657,0,15119.35,49867.48,5422.93
105486,5008771,Closed,-2641,0,5615.8,12547.35,383.2
107601,5008772,Active,-2960,0,4180.15,575.92,181094.01
104259,5008773,Closed,-2288,30,6974.82,14370.54,139281.2
103299,5008774,Closed,-68,0,1330.16,126872.78,72354.27
201820,5008775,Closed,-2751,0,1360.56,325824.3,7165.13
106321,5008776,Closed,-904,0,3291.49,112584.44,38454.15
104219,5008777,Closed,-2421,0,6082.07,590673.82,48837.51
101063,5008778,Closed,-2259,0,7406.56,327849.96,76178.92
102910,5008779,Closed,-2955,0,4838.95,471017.26,48939.0
100322,5008780,Active,-834,30,3395.96,402062.92,54871.69
106745,5008781,Closed,-1429,0,7406.74,15649.99,2809.94
109968,5008782,Active,-2702,0,1783.29,177838.27,12381.1
104402,5008783,Active,-2435,0,826.09,210491.42,15314.05
104587,5008784,Active,-218,0,7088.92,100431.35,103532.78
100105,5008785,Closed,-2601,0,1550.81,189383.29,38389.13
105956,5008786,Active,-2699,0,287.86,593172.88,137829.79
100221,5008787,Closed,-1773,0,1251.98,590083.83,151056.31
107070,5008788,Closed,-1734,0,186.1,135283.55,49913.23
109875,5008789,Closed,-156,0,20561.73,128275.51,645.48
101205,5008790,Closed,-1811,0,14014.06,356074.47,381206.67
103295,5008791,Closed,-487,0,383.86,46563.72,213121.36
102374,5008792,Closed,-2399,0,25436.1,718656.72,136357.25
107522,5008793,Closed,-1509,10,4635.32,387782.54,44643.73
100925,5008794,Active,-293,0,5270.69,72260.77,222698.34
101911,5008795,Closed,-2082,0,3147.3,129002.27,74131.82
107634,5008796,Active,-115,0,284.91,372707.57,15044.22
201436,5008797,Closed,-2684,0,13470.34,249903.76,171449.16
107585,5008798,Active,-2914,0,514.16,143929.78,17349.57
200759,5008799,Closed,-116,0,261.61,52277.71,34362.53
101577,5008800,Active,-1198,0,1491.34,55165.91,6345.9
107067,5008801,Closed,-725,0,1731.4,7947.47,25839.45
107306,5008802,Active,-1190,0,65.82,503818.95,1228.23
201651,5008803,Closed,-1769,0,421.43,16504.43,47242.95
201339,5008804,Closed,-750,0,6721.45,341692.49,78943.79
201522,5008805,Active,-830,0,15279.54,179462.77,249022.34
200355,5008806,Active,-724,0,8.71,186717.21,94022.62
108314,5008807,Active,-201,0,2052.96,709933.44,83288.3
107690,5008808,Closed,-503,10,1801.87,181425.27,40370.86
106935,5008809,Active,-2727,0,3125.74,254171.28,18534.72
100657,5008810,Closed,-2592,0,2193.61,547683.39,23492.79
105357,5008811,Active,-1685,0,4919.41,22218.35,536.38
102369,5008812,Closed,-2164,0,323.72,404880.4,32842.14
109004,5008813,Closed,-576,0,4320.26,33161.58,176705.6
102716,5008814,Closed,-835,0,2295.52,911276.89,41209.52
100938,5008815,Active,-2111,0,4266.18,170025.63,73240.68
101565,5008816,Active,-235,0,734.55,82317.02,38158.8
200734,5008817,Closed,-2703,0,8019.38,48514.97,67936.59
107787,5008818,Active,-976,0,831.54,69435.87,144528.9
108382,5008819,Active,-1091,0,6202.62,325135.91,315392.2
104693,5008820,Active,-1693,0,2008.66,199697.91,36085.83
101866,5008821,Closed,-1021,0,774.28,60305.22,57710.13
102651,5008822,Active,-1038,0,262.35,111302.55,103232.58
102728,5008823,Active,-2440,0,691.83,139773.4,26883.38
200286,5008824,Active,-2676,0,4090.52,179055.26,37333.94
201845,5008825,Closed,-2900,0,6858.76,199577.48,116937.82
102970,5008826,Closed,-1947,0,4655.25,141470.23,329271.48
100455,5008827,Closed,-1332,0,939.08,554604.99,193370.25
101739,5008828,Closed,-2083,0,5174.56,304295.75,11205.8
107010,5008829,Active,-2155,0,3628.01,592110.0,205210.4
200686,5008830,Active,-1833,0,679.49,3141.63,130204.98
101343,5008831,Closed,-1454,0,827.02,2024.01,12199.56
100339,5008832,Closed,-468,0,22158.02,222443.96,37930.95
106783,5008833,Closed,-2716,0,3536.72,150823.02,166840.27
100613,5008834,Closed,-285,30,19973.96,34522.37,18104.65
107080,5008835,Closed,-1222,0,2388.76,300770.89,87769.5
108827,5008836,Closed,-2814,0,6038.74,778455.54,137658.6
107735,5008837,Active,-571,0,256.97,127782.71,178152.19
101325,5008838,Closed,-1086,0,5135.6,31825.47,36082.0
109374,5008839,Active,-288,0,612.49,352699.46,157425.38
106364,5008840,Closed,-2519,0,8398.35,32785.13,128349.98
105759,5008841,Closed,-2567,0,6859.11,112238.78,96905.11
104228,5008842,Closed,-505,0,2444.43,527850.07,24817.9
105736,5008843,Active,-225,30,127.07,94707.25,98272.48
104628,5008844,Active,-1952,0,14097.47,133358.3,258958.56
106674,5008845,Closed,-2388,0,2154.02,566583.8,9416.94
107781,5008846,Closed,-1458,0,1658.94,24006.72,10927.5
101198,5008847,Closed,-220,0,591.28,187291.89,147577.12
107870,5008848,Closed,-2137,0,5308.41,35910.47,40188.73
108159,5008849,Closed,-516,0,1376.11,249530.07,15848.25
102354,5008850,Closed,-1974,0,8560.92,205274.01,76028.21
102210,5008851,Active,-2190,0,3573.41,20954.87,11127.96
100588,5008852,Closed,-191,0,6110.99,178088.93,139068.32
106811,5008853,Closed,-1548,0,5971.04,74065.97,33861.52
102795,5008854,Closed,-657,0,576.47,45464.68,213795.32
108494,5008855,Closed,-1401,0,1642.92,70616.21,263198.09
200878,5008856,Active,-1882,0,6898.96,106423.79,15732.25
103799,5008857,Active,-1033,0,682.78,103665.97,73733.74
109379,5008858,Closed,-779,0,1663.31,86273.75,80676.79
106051,5008859,Closed,-898,0,4899.87,597630.38,38762.5
105189,5008860,Closed,-1421,0,5481.43,46778.42,20738.0
105938,5008861,Closed,-1913,0,239.33,162150.5,99354.8
100300,5008862,Closed,-1081,0,1406.23,131593.05,147027.75
108495,5008863,Closed,-941,0,3223.8,142175.49,36172.32
107656,5008864,Closed,-200,0,2777.33,40579.3,217063.91
104414,5008865,Active,-423,0,9435.06,126222.85,1656.35
106429,5008866,Closed,-319,0,9567.39,129389.78,40887.34
108014,5008867,Active,-15,0,5799.19,14177.53,115600.61
103954,5008868,Closed,-1124,0,7399.72,120258.0,87072.64
107336,5008869,Closed,-338,0,3865.1,53866.09,54710.01
200995,5008870,Closed,-2333,0,6981.79,119929.59,89765.7
201365,5008871,Active,-515,0,1517.36,560315.72,77288.04
105564,5008872,Closed,-391,0,3317.47,125606.8,74839.81
103385,5008873,Active,-2139,0,4512.59,44631.95,65461.59
200055,5008874,Closed,-846,0,6332.37,239460.72,112180.37
107433,5008875,Active,-2414,0,1841.54,118761.6,84685.24
101625,5008876,Closed,-2906,0,6894.24,41327.3,151681.53
107269,5008877,Closed,-2766,0,273.48,89573.49,72603.13
102113,5008878,Closed,-2358,0,7745.15,149426.83,161336.85
106467,5008879,Active,-2542,0,1218.24,12186.64,27402.65
102841,5008880,Active,-133,0,440.85,91607.5,100308.95
100070,5008881,Closed,-2078,0,2616.35,15977.69,203667.84
103323,5008882,Closed,-2948,0,3418.06,12545.55,305.84
201617,5008883,Closed,-980,0,5816.31,55335.56,47685.66
105634,5008884,Closed,-330,0,7576.59,165980.69,74469.35
109728,5008885,Active,-1687,0,1780.71,130802.45,19686.93
102054,5008886,Closed,-1686,0,5883.74,350281.65,123666.28
104790,5008887,Active,-2692,0,7422.23,31915.7,111658.97
108295,5008888,Closed,-2633,0,1140.03,480843.36,12435.09
105241,5008889,Closed,-708,0,3459.39,82043.08,158286.8
101230,5008890,Active,-1889,0,1838.59,40530.09,48842.01
103659,5008891,Active,-1121,0,13418.15,282038.25,64323.9
105524,5008892,Closed,-116,0,4627.84,105374.04,113572.96
105654,5008893,Active,-1487,10,14011.77,2994.06,8479.51
109257,5008894,Closed,-227,0,5343.33,7163.84,2446.83
107525,5008895,Closed,-701,0,2125.33,48713.98,63380.38
200090,5008896,Closed,-2877,0,6127.57,47632.91,188981.44
102613,5008897,Closed,-1804,0,160.8,48667.12,37892.49
106737,5008898,Active,-259,0,328.43,250575.11,67439.45
101243,5008899,Closed,-803,0,5971.23,297206.58,45707.87
101955,5008900,Active,-530,0,118.09,77770.45,135902.44
104223,5008901,Closed,-602,0,236.52,159114.26,12751.44
200623,5008902,Closed,-595,0,4085.03,703770.95,215985.44
100246,5008903,Closed,-751,0,14401.56,470787.37,85065.28
101419,5008904,Active,-2672,0,6943.68,135089.14,180775.6
108718,5008905,Closed,-1154,0,1460.55,403840.24,71942.79
100912,5008906,Active,-44,0,808.36,72525.2,66936.24
107368,5008907,Closed,-1321,0,10120.29,128033.46,136203.13
107225,5008908,Closed,-400,0,84.87,21253.81,12243.84
107326,5008909,Active,-1903,0,14126.47,550451.24,157254.49
100941,5008910,Closed,-2156,0,3603.7,73912.0,26425.06
102660,5008911,Closed,-1027,0,14247.43,16263.98,32196.68
102606,5008912,Closed,-359,0,5751.92,161593.39,9289.11
201657,5008913,Closed,-2793,0,4052.14,101569.63,51051.61
102106,5008914,Closed,-2805,0,279.57,189169.8,87067.74
104947,5008915,Closed,-80,0,5103.29,92243.9,56523.0
101614,5008916,Active,-991,0,3857.73,124967.01,78661.96
200837,5008917,Closed,-762,0,3315.42,353308.55,94605.96
102619,5008918,Active,-1358,0,27014.61,22375.97,14510.11
105545,5008919,Closed,-865,0,17.05,52829.05,61507.53
107774,5008920,Closed,-234,0,22795.9,42325.14,109289.69
109607,5008921,Closed,-1271,0,7805.7,165246.19,107772.6
106740,5008922,Closed,-1250,0,4487.56,53798.96,35631.33
107263,5008923,Active,-2622,0,5912.79,449066.15,1322.45
105801,5008924,Active,-459,0,5510.31,61124.42,16353.26
200295,5008925,Closed,-1057,30,5693.43,68716.53,87597.49
108062,5008926,Closed,-2961,0,7571.65,67673.6,82042.06
101668,5008927,Closed,-2336,0,1158.02,21048.16,123449.6
104005,5008928,Closed,-656,0,902.71,361539.82,5359.98
108490,5008929,Closed,-2591,0,7398.09,33399.75,10543.47
100086,5008930,Closed,-1292,0,2864.66,214429.88,282674.72
101886,5008931,Closed,-526,0,5812.36,22657.42,51295.54
200548,5008932,Active,-1625,0,571.89,100264.7,9719.85
101631,5008933,Active,-1304,0,9965.22,86950.42,111661.86
103448,5008934,Active,-157,0,7899.87,50041.05,1667.41
107797,5008935,Active,-1436,0,2850.5,482344.38,54590.62
102221,5008936,Closed,-416,0,1641.03,129823.56,70015.99
109356,5008937,Closed,-1089,0,1342.29,114564.44,28002.56
103757,5008938,Closed,-577,0,13051.55,149424.45,51650.19
106308,5008939,Active,-590,0,12037.59,58410.36,121818.57
103322,5008940,Active,-314,10,1464.48,444227.69,48643.06
107638,5008941,Closed,-2569,0,1591.77,57668.42,151977.61
102253,5008942,Closed,-2736,0,3189.8,478392.35,213708.37
105444,5008943,Closed,-1475,0,2509.55,40417.39,5522.68
107680,5008944,Active,-1144,0,11276.7,70277.32,1129.32
200459,5008945,Active,-2540,0,3308.92,17437.66,46104.48
101834,5008946,Active,-620,0,10597.57,17185.54,3713.59
100832,5008947,Closed,-1665,0,3199.78,250198.75,97647.86
102533,5008948,Closed,-782,0,1745.26,35405.07,4916.44
105137,5008949,Closed,-2023,0,958.7,271439.7,26501.95
200041,5008950,Closed,-376,0,2589.61,86177.61,150986.32
100377,5008951,Active,-1420,0,4284.26,59930.25,39144.18
101671,5008952,Closed,-922,0,10759.17,46290.31,109624.49
201754,5008953,Closed,-1795,0,2693.49,168328.37,1724.27
102387,5008954,Closed,-1094,0,6029.64,56199.08,71125.78
106715,5008955,Closed,-2217,0,2718.81,343322.06,41655.22
108611,5008956,Closed,-1619,0,192.36,85323.21,91123.36
102673,5008957,Closed,-989,10,10721.32,100859.76,121578.14
103608,5008958,Closed,-1416,30,180.49,92517.27,43715.9
100765,5008959,Active,-1122,0,536.55,631725.52,25379.99
102748,5008960,Active,-2988,0,7545.24,65698.28,56559.78
109425,5008961,Active,-931,0,404.3,139879.95,60270.88
107943,5008962,Active,-2626,0,7363.03,271506.83,48407.45
108756,5008963,Active,-1621,0,5729.29,231043.71,31257.65
200969,5008964,Closed,-225,0,18594.16,279808.45,121667.54
106975,5008965,Closed,-1653,0,2307.44,48822.63,36879.73
108711,5008966,Active,-1766,0,30.42,103079.28,672.41
106304,5008967,Closed,-2788,0,1736.34,525484.51,35323.24
100353,5008968,Active,-2605,0,512.44,150743.46,5386.98
107054,5008969,Closed,-1759,0,11008.77,97495.76,16600.01
102064,5008970,Closed,-1355,0,4034.0,74701.49,24927.7
103899,5008971,Active,-2493,0,2788.5,197029.02,167368.97
107169,5008972,Closed,-1689,0,1205.23,44938.52,39029.89
103601,5008973,Closed,-2987,0,4953.05,43183.73,91717.6
109505,5008974,Closed,-2172,0,263.49,108876.14,117404.42
104026,5008975,Closed,-904,0,1870.37,312847.0,67026.24
201787,5008976,Active,-2358,0,2198.59,256004.88,35280.88
101627,5008977,Closed,-2278,30,5978.01,220831.01,4778.22
103935,5008978,Closed,-2344,0,6122.59,98041.39,835.86
106592,5008979,Closed,-864,0,1975.27,276676.94,18383.36
108489,5008980,Closed,-2921,0,11093.69,96522.77,97253.47
201523,5008981,Closed,-1196,0,13710.45,139952.99,71992.63
200180,5008982,Active,-1198,0,3998.38,57756.72,45668.72
107089,5008983,Closed,-513,0,1039.35,8302.46,36552.11
108775,5008984,Active,-373,0,585.02,245446.94,100878.95
105622,5008985,Closed,-2565,0,2400.17,219957.36,1236.5
201123,5008986,Closed,-2407,0,1610.29,398931.19,52554.82
201377,5008987,Closed,-430,0,6669.42,85080.96,16473.96
102311,5008988,Closed,-527,0,3169.73,17109.33,12716.47
200574,5008989,Closed,-933,0,11819.77,299956.6,509395.21
101111,5008990,Active,-11,0,3816.7,136398.58,16559.21
104373,5008991,Active,-1173,0,152.6,54443.41,10651.85
106840,5008992,Closed,-1340,0,5532.89,163962.06,9801.99
102359,5008993,Closed,-501,0,103.6,1803611.06,4071.83
100196,5008994,Active,-2875,0,8.49,522417.84,14513.03
101095,5008995,Closed,-2953,0,11033.68,378890.78,303470.52
201930,5008996,Closed,-2347,0,1519.29,287690.99,346159.1
108009,5008997,Closed,-2810,0,11430.59,110391.58,8360.74
100520,5008998,Closed,-2827,0,947.39,139152.27,155021.68
102427,5008999,Closed,-2560,0,4292.21,100624.72,58283.39
102424,5009000,Closed,-141,0,2017.53,457252.42,5593.39
105436,5009001,Closed,-2963,0,531.6,85872.84,68129.21
200817,5009002,Closed,-807,0,2763.09,38424.34,59395.67
105641,5009003,Closed,-1743,0,5599.19,541130.28,56179.94
102664,5009004,Active,-2920,0,3126.66,76312.25,4881.55
105873,5009005,Closed,-7,0,4248.98,295569.27,41237.93
105826,5009006,Active,-860,0,2567.75,407284.97,55096.69
106467,5009007,Closed,-2857,0,7272.05,851553.66,87440.97
102992,5009008,Closed,-1633,0,5076.74,44145.91,2655.1
108720,5009009,Closed,-1157,0,5267.72,33880.99,25350.88
104015,5009010,Active,-1439,10,8268.83,47954.7,52731.46
109818,5009011,Active,-2286,0,4899.74,154083.18,43231.08
108989,5009012,Active,-2794,0,3099.68,29154.38,151165.1
108939,5009013,Active,-176,0,2190.2,38894.42,59214.1
108360,5009014,Closed,-618,0,2992.86,230986.85,6562.79
107129,5009015,Closed,-527,0,5033.85,256169.27,16219.44
104032,5009016,Active,-1222,0,5502.44,774791.21,185368.25
102817,5009017,Closed,-210,0,11175.19,2811.86,34348.08
101968,5009018,Active,-2618,0,3538.21,7693.61,30456.19
105476,5009019,Closed,-1939,0,1016.78,106647.21,62154.41
102471,5009020,Closed,-558,0,3914.1,563251.55,80766.97
100384,5009021,Active,-1955,0,219.16,267499.17,3452.03
101318,5009022,Closed,-1860,10,11202.66,105852.79,36731.75
103352,5009023,Closed,-380,0,15.62,60060.94,32578.58
105331,5009024,Active,-2699,0,176.3,4473.95,111963.21
200760,5009025,Closed,-1018,0,2117.92,180602.15,242373.02
105018,5009026,Active,-2341,0,10940.96,17236.81,37656.76
109237,5009027,Active,-2969,0,5676.25,288066.01,35571.16
102943,5009028,Active,-2099,0,1534.14,10948.66,58711.66
200619,5009029,Closed,-2291,0,1324.63,481110.91,44151.39
102898,5009030,Closed,-1261,0,10813.3,107974.82,83744.0
104363,5009031,Closed,-2692,0,7013.19,668566.02,20212.82
100814,5009032,Closed,-629,0,3027.6,122689.58,511829.56
105078,5009033,Closed,-1659,0,3552.75,105708.09,29959.26
100571,5009034,Closed,-2299,0,10378.15,81835.0,136254.62
109016,5009035,Closed,-2077,0,5320.31,235829.31,185005.47
101371,5009036,Closed,-117,0,8071.51,31098.54,12489.5
108844,5009037,Active,-1973,0,4802.37,68010.04,80706.5
107695,5009038,Active,-612,0,2787.24,70446.6,43823.02
101116,5009039,Closed,-2688,0,5406.98,31303.14,70625.61
108680,5009040,Active,-1307,0,10199.28,152112.03,126986.22
106466,5009041,Closed,-765,0,4459.78,211240.91,78470.21
100875,5009042,Active,-314,0,3140.13,269898.06,174.44
102898,5009043,Closed,-155,0,1259.92,535631.85,29465.13
100576,5009044,Active,-1449,0,6205.54,60590.77,14774.72
109172,5009045,Closed,-662,0,5782.67,78681.72,20093.5
107785,5009046,Closed,-661,0,3.03,24698.19,2554.31
102167,5009047,Closed,-504,0,14664.0,78457.94,907136.84
100434,5009048,Closed,-1395,0,14003.32,72574.54,8104.13
104691,5009049,Active,-1618,0,10794.74,103716.16,159846.25
201014,5009050,Closed,-1737,0,24120.59,218832.94,196004.12
109925,5009051,Closed,-947,0,19902.1,135517.96,19814.47
201912,5009052,Closed,-1201,10,12039.1,93563.34,16275.1
200687,5009053,Closed,-175,0,3819.14,12074.54,46084.32
106728,5009054,Closed,-907,0,3376.55,145587.94,6584.12
108635,5009055,Active,-616,0,2214.8,89087.71,150964.43
109315,5009056,Active,-2903,0,496.85,84124.52,3470.63
100724,5009057,Closed,-2039,0,920.3,191781.95,39441.95
106872,5009058,Closed,-33,0,10884.06,311363.5,107281.22
201828,5009059,Active,-306,0,169.65,279486.19,115760.82
104281,5009060,Active,-1064,0,20762.76,53638.18,31729.13
106053,5009061,Closed,-2186,0,4831.55,80844.16,2921.29
102452,5009062,Active,-1903,0,4791.52,233572.1,205739.24
100261,5009063,Closed,-1929,0,1296.42,243446.31,148679.88
102533,5009064,Closed,-2415,0,2614.7,229472.7,56391.35
107485,5009065,Closed,-182,0,493.19,111810.98,52236.39
201507,5009066,Active,-2492,30,10298.33,62630.8,100091.84
200967,5009067,Closed,-1835,0,15318.39,24133.27,191579.81
109163,5009068,Closed,-2775,0,1019.22,37502.28,47917.32
100578,5009069,Active,-1471,0,7032.46,301265.95,70914.49
106459,5009070,Closed,-2928,0,10749.19,521573.81,49029.95
200801,5009071,Closed,-1679,10,2850.17,192360.76,30140.68
103506,5009072,Active,-2789,0,10378.96,141172.12,35578.11
201129,5009073,Closed,-1907,30,1513.81,5563.11,51933.14
106822,5009074,Closed,-1075,0,7681.02,293444.14,175380.43
104834,5009075,Closed,-432,0,115.19,119486.97,127.81
102620,5009076,Closed,-1493,10,102.49,520203.79,76705.55
104548,5009077,Active,-370,0,1980.87,456434.83,429237.97
107684,5009078,Active,-1036,0,2914.45,19016.99,829.29
100174,5009079,Closed,-2040,0,4139.36,65483.9,5558.05
100780,5009080,Active,-1106,0,1390.84,264914.7,48394.85
106910,5009081,Closed,-439,0,15231.05,346742.41,50597.45
108675,5009082,Closed,-946,0,2270.98,213228.9,11245.49
108543,5009083,Active,-1059,0,30255.5,54712.94,798.21
103080,5009084,Closed,-71,0,4312.4,372087.4,27112.44
106294,5009085,Closed,-771,0,232.69,217401.1,101895.71
107380,5009086,Active,-1435,0,5571.31,218395.4,23620.61
107768,5009087,Active,-1561,10,1455.78,116662.73,48482.81
107201,5009088,Closed,-2402,0,1640.08,415191.39,26658.99
102586,5009089,Closed,-2471,0,2317.48,194436.83,32738.18
109189,5009090,Active,-2846,0,8929.16,26110.71,67954.04
107557,5009091,Active,-2362,0,14876.24,28049.33,75418.41
100754,5009092,Closed,-2942,10,1236.01,171571.07,78.13
104484,5009093,Active,-1094,0,218.54,267130.65,211582.13
102757,5009094,Closed,-586,0,19684.26,371879.97,175919.24
101668,5009095,Active,-2836,0,7202.81,256301.34,135372.8
109317,5009096,Closed,-1544,0,3102.63,94946.49,286731.7
201509,5009097,Closed,-1724,0,352.9,234915.31,34299.36
100283,5009098,Closed,-2239,0,9394.24,225416.51,24560.37
201830,5009099,Closed,-2150,0,9832.17,61206.46,31567.67
200327,5009100,Active,-2801,0,9193.43,65666.7,97403.47
201469,5009101,Active,-1197,0,12127.94,588843.36,11546.73
105961,5009102,Active,-2392,0,867.96,361046.7,55304.6
103875,5009103,Closed,-907,0,1990.0,382177.42,9929.33
103716,5009104,Closed,-2530,0,156.16,240287.07,15039.44
109630,5009105,Active,-939,0,2697.02,131430.81,243.58
108912,5009106,Closed,-2814,0,11316.24,72039.58,29393.39
201999,5009107,Closed,-2580,0,502.62,162153.93,13848.87
103804,5009108,Closed,-2210,0,14728.07,12834.26,11655.65
201475,5009109,Closed,-1163,0,8761.21,18726.48,29743.64
108864,5009110,Closed,-2607,0,10929.89,155961.81,325465.32
201123,5009111,Closed,-2926,10,1945.11,117954.91,63927.39
102120,5009112,Active,-33,30,1743.34,713853.1,12165.03
106391,5009113,Closed,-790,0,2146.96,252320.89,13597.01
201029,5009114,Closed,-1830,0,4548.83,449905.72,150795.0
107854,5009115,Active,-1501,0,14925.79,57883.19,37710.17
106691,5009116,Active,-2292,0,4280.0,201106.08,95850.0
106953,5009117,Closed,-278,0,1389.23,328266.27,17655.36
102143,5009118,Active,-1846,0,2576.35,186803.03,77176.65
104005,5009119,Closed,-1790,0,24083.96,159342.46,7528.35
105427,5009120,Closed,-493,0,129.86,361577.09,114005.41
102881,5009121,Closed,-77,0,11669.73,235843.6,108650.59
101211,5009122,Active,-1673,0,1884.79,288871.88,90604.34
104823,5009123,Closed,-1989,0,1192.72,34461.82,45723.11
102007,5009124,Closed,-2545,0,1413.85,28150.27,72704.95
107967,5009125,Closed,-2663,0,766.38,20272.89,30842.32
201356,5009126,Closed,-2134,30,1406.7,601178.82,43429.59
106357,5009127,Closed,-1091,0,6997.58,195965.68,113048.99
107399,5009128,Closed,-1491,0,1956.49,353558.37,77622.69
103928,5009129,Active,-2164,0,2350.1,30257.27,43317.25
109602,5009130,Closed,-85,0,912.21,1.79,41502.38
105938,5009131,Active,-1464,0,7656.3,304960.85,77377.04
104178,5009132,Closed,-2964,0,1297.18,150969.24,73231.75
103578,5009133,Closed,-2620,0,4397.46,98581.3,14632.9
200340,5009134,Closed,-2222,0,659.52,128766.74,112854.44
108569,5009135,Closed,-2872,0,639.74,93764.05,44627.07
101652,5009136,Closed,-1683,0,35487.88,24540.41,44124.64
101712,5009137,Closed,-482,0,3522.3,429161.35,33133.7
201054,5009138,Closed,-186,0,10611.05,297323.96,34002.46
200071,5009139,Closed,-2670,0,20193.49,6433.23,31165.92
106300,5009140,Closed,-1512,0,1063.22,61096.84,52465.27
109442,5009141,Closed,-2441,0,1015.3,446597.78,30512.46
102820,5009142,Closed,-556,0,2856.33,297540.41,139770.27
102599,5009143,Active,-2382,0,9990.91,563602.94,162967.79
106608,5009144,Closed,-147,0,9825.19,231176.06,87834.5
102733,5009145,Active,-1146,0,8226.22,50829.19,101392.29
109080,5009146,Active,-445,0,3739.31,131751.85,49172.14
104941,5009147,Closed,-2762,0,691.68,264290.68,19385.99
107010,5009148,Closed,-1532,0,7312.28,292201.52,6549.3
107013,5009149,Active,-2331,0,15875.21,6982.33,74488.75
200043,5009150,Closed,-1142,0,14353.62,53306.32,5647.23
104808,5009151,Active,-1347,0,1155.86,658.61,51116.25
109705,5009152,Closed,-2961,0,569.76,223501.04,130643.86
201513,5009153,Closed,-1318,0,465.48,102042.97,573.64
106595,5009154,Closed,-2652,0,3206.77,478518.71,471782.55
200797,5009155,Closed,-1582,0,1060.19,408969.56,22142.92
103809,5009156,Closed,-1758,0,8250.11,171259.58,68860.87
102049,5009157,Closed,-1383,0,6447.12,65946.07,9485.59
201716,5009158,Active,-585,0,2049.7,12957.9,144352.07
108929,5009159,Closed,-28,0,148.25,31061.79,34651.91
102788,5009160,Closed,-1461,0,4230.17,13998.11,61388.82
201346,5009161,Active,-200,0,4382.44,217321.8,288414.0
100379,5009162,Active,-655,0,9505.06,97174.91,37868.17
101614,5009163,Closed,-669,0,5358.25,324980.5,62182.91
105126,5009164,Active,-259,0,435.81,263803.43,36736.67
101915,5009165,Closed,-1980,10,3118.29,71720.64,18159.98
107345,5009166,Closed,-334,0,19076.33,105311.68,62768.08
109063,5009167,Closed,-2152,0,4063.85,537212.79,73956.54
200518,5009168,Closed,-590,0,794.41,53723.35,9648.56
103284,5009169,Closed,-2213,0,8729.85,475111.76,270.6
102905,5009170,Closed,-1243,0,3210.58,110414.5,5136.71
100305,5009171,Active,-92,0,5019.0,7268.23,75773.64
107196,5009172,Active,-2525,0,4972.87,161218.65,116029.1
201088,5009173,Closed,-2697,0,3055.77,804580.66,17426.62
101075,5009174,Closed,-2420,0,3292.63,14334.79,117834.77
104682,5009175,Closed,-2159,0,13143.02,239253.84,16655.79
109544,5009176,Closed,-2514,0,4945.76,3520.16,17703.42
103946,5009177,Active,-2998,0,2849.09,59197.21,88963.83
108872,5009178,Closed,-1226,0,3647.2,16609.48,135698.25
201087,5009179,Closed,-829,0,3569.04,200299.23,431241.69
107735,5009180,Closed,-1646,0,313.79,309099.75,433733.98
100413,5009181,Closed,-2787,0,19217.87,89450.96,54154.22
201453,5009182,Closed,-2560,0,9694.77,23954.5,18869.37
101984,5009183,Active,-1713,0,14784.51,172143.92,25187.65
104945,5009184,Active,-201,0,7654.33,303891.93,40282.51
106833,5009185,Closed,-861,0,89.41,13.71,58620.43
103919,5009186,Closed,-2977,30,5125.55,354460.47,40362.23
104023,5009187,Closed,-2025,0,11775.91,7388.25,157727.57
200440,5009188,Closed,-2044,0,3500.81,1155116.24,10303.68
100739,5009189,Closed,-832,0,435.82,92281.01,177293.75
101164,5009190,Closed,-89,0,3931.75,82763.91,51439.7
108747,5009191,Closed,-1159,0,804.6,84590.52,21158.11
102249,5009192,Closed,-2740,0,324.65,318186.78,23362.31
106372,5009193,Closed,-2409,0,6178.95,313755.42,178807.64
109849,5009194,Closed,-1413,10,438.19,360685.18,167287.88
100296,5009195,Closed,-2836,0,3531.01,17407.51,14011.06
108286,5009196,Closed,-639,0,504.85,208400.14,221460.76
103310,5009197,Active,-1087,0,3847.59,178058.61,12392.73
106333,5009198,Closed,-212,0,13669.34,395371.81,11360.19
101579,5009199,Active,-1003,0,2534.87,384152.28,5077.73
102337,5009200,Active,-665,0,5743.87,154370.24,94601.95
109527,5009201,Closed,-2907,0,1640.52,232595.53,1088.79
201359,5009202,Closed,-815,0,202.55,1106.51,499591.35
107955,5009203,Closed,-455,0,293.96,147130.79,111484.04
109345,5009204,Closed,-60,0,2134.41,212381.62,139512.49
109379,5009205,Closed,-2232,0,4200.84,233350.97,26777.99
109156,5009206,Closed,-2920,30,3026.66,567781.72,87590.27
107055,5009207,Active,-2977,0,17060.6,210311.55,46358.64
106105,5009208,Closed,-1089,0,1240.53,201384.76,70634.99
108430,5009209,Closed,-228,0,2631.33,122754.61,21222.43
103874,5009210,Closed,-2836,0,4005.58,267933.42,183716.0
101620,5009211,Closed,-375,0,1876.75,91902.82,17000.52
102978,5009212,Closed,-2490,0,3248.18,320719.62,140430.68
100329,5009213,Closed,-2311,0,3862.49,45745.46,112285.93
200426,5009214,Closed,-2533,0,3997.35,101231.16,33464.26
201749,5009215,Closed,-1740,0,7607.7,407107.42,60060.77
108718,5009216,Closed,-2227,0,186.42,121807.36,79589.74
107806,5009217,Active,-2914,0,4810.97,109925.12,21763.09
107483,5009218,Active,-2977,0,5045.8,1287.25,13096.25
100980,5009219,Closed,-2241,0,7388.42,48181.34,212835.62
102950,5009220,Closed,-2106,0,2655.17,118544.25,67486.13
105771,5009221,Closed,-1182,0,8813.46,265976.6,269706.36
104017,5009222,Closed,-2457,0,9184.19,205256.48,926.62
105483,5009223,Closed,-101,0,525.76,312523.68,145886.59
201435,5009224,Closed,-2116,0,6466.92,48314.06,130580.75
102265,5009225,Closed,-2880,0,3720.95,566294.83,41015.82
106090,5009226,Active,-140,0,1924.76,120941.0,137407.42
102200,5009227,Closed,-1236,0,6190.02,884081.66,109824.94
102041,5009228,Closed,-896,0,2580.49,162101.45,30646.42
200605,5009229,Closed,-1743,0,12133.82,28336.87,79833.0
109584,5009230,Closed,-2356,0,4949.47,81070.74,103252.74
200130,5009231,Active,-691,0,7860.49,22418.16,71795.59
107601,5009232,Closed,-2696,0,1220.07,164249.18,9401.41
109638,5009233,Closed,-2622,0,7276.94,487058.65,18312.21
104412,5009234,Active,-17,0,419.41,290679.61,11689.17
107445,5009235,Closed,-486,0,6164.17,279938.38,107167.53
103054,5009236,Closed,-136,0,865.82,44453.62,198135.43
101643,5009237,Closed,-913,0,532.35,18361.66,197906.4
102825,5009238,Closed,-1098,0,15109.21,1049064.72,17516.35
109012,5009239,Active,-876,0,795.17,10216.24,184240.54
107737,5009240,Closed,-925,0,2048.39,48286.26,9152.21
103941,5009241,Closed,-102,0,6051.06,316239.85,58599.46
101074,5009242,Closed,-2759,0,6480.37,127117.24,90288.64
108865,5009243,Closed,-2081,0,1431.58,174416.23,19757.76
109041,5009244,Closed,-48,0,7662.36,359734.91,97287.66
102683,5009245,Active,-2357,0,11540.18,273890.39,105991.66
105866,5009246,Closed,-161,0,1243.72,593625.93,55958.8
102083,5009247,Closed,-719,0,6518.26,10309.89,4861.45
108965,5009248,Closed,-1824,0,9716.23,213920.26,136984.4
201519,5009249,Closed,-2546,0,13595.16,283541.45,145208.48
102398,5009250,Closed,-450,0,6437.66,219343.73,40842.79
201224,5009251,Closed,-1879,0,3459.43,17578.9,12228.32
201240,5009252,Active,-74,30,1745.34,361031.47,11580.95
104686,5009253,Active,-74,0,8022.78,415038.58,53475.11
107313,5009254,Active,-2556,0,2987.17,21027.38,6265.97
201421,5009255,Closed,-439,0,1874.44,94538.98,53596.23
105299,5009256,Closed,-974,0,1417.65,174864.72,1691.96
200860,5009257,Closed,-1649,0,234.94,6513.02,120914.49
201324,5009258,Active,-1762,0,2595.62,184922.72,322665.01
100519,5009259,Closed,-15,0,6317.09,263080.81,10747.85
104370,5009260,Active,-1790,0,5223.43,166567.88,9281.28
108847,5009261,Closed,-1701,0,5640.69,83740.36,3327.03
103491,5009262,Active,-1273,0,8831.8,73327.57,138272.68
108895,5009263,Closed,-2827,0,137.77,53308.23,103193.54
200325,5009264,Active,-799,0,12736.93,47207.32,149787.22
201729,5009265,Closed,-2834,0,853.01,36407.88,195137.06
103699,5009266,Closed,-1366,0,6478.86,297387.28,108649.37
201237,5009267,Closed,-1392,0,3910.86,89600.66,141564.06
100586,5009268,Closed,-459,0,1785.65,156574.41,54984.98
106557,5009269,Closed,-1175,0,2320.13,10348.32,41484.59
200016,5009270,Closed,-753,0,753.24,16779.8,1399.71
200136,5009271,Closed,-1527,0,473.23,97435.63,171644.95
101761,5009272,Closed,-37,0,2695.16,188979.8,122923.28
104550,5009273,Closed,-2707,0,27634.92,128846.45,2068.87
101560,5009274,Closed,-2343,0,2817.26,20081.2,145754.91
103762,5009275,Closed,-1366,0,4374.26,148966.74,164816.35
102912,5009276,Closed,-1362,10,2352.43,127190.32,17338.7
101781,5009277,Closed,-996,0,5420.72,74958.29,12258.52
200896,5009278,Closed,-1710,0,126.52,8691.06,16737.49
108047,5009279,Closed,-2736,0,9418.52,184757.37,149017.31
101145,5009280,Closed,-1061,0,1796.05,48295.51,103528.14
108415,5009281,Closed,-2823,0,4655.84,47192.76,158566.98
102679,5009282,Active,-337,0,6645.41,26998.23,12678.35
107495,5009283,Closed,-904,10,1825.22,294593.8,131169.8
100168,5009284,Active,-2161,0,549.4,7332.3,132285.35
101160,5009285,Closed,-895,0,4007.89,126280.22,232445.96
100185,5009286,Closed,-472,0,4339.84,488442.65,92245.54
103446,5009287,Active,-331,0,25329.11,81343.81,124518.62
200459,5009288,Closed,-2477,0,4309.98,92207.8,200246.54
200637,5009289,Closed,-2352,0,19004.04,108480.35,11292.76
109274,5009290,Closed,-2785,0,11710.47,339592.3,34015.04
201040,5009291,Closed,-1317,0,5882.39,185525.92,74041.08
101127,5009292,Closed,-69,0,4695.25,502646.06,68931.1
109359,5009293,Active,-2932,0,838.18,6959.73,1233.52
101912,5009294,Closed,-594,0,4705.97,275110.39,74664.84
100514,5009295,Closed,-1057,0,4357.33,712488.27,78284.8
102026,5009296,Closed,-2113,0,10346.17,46074.16,101729.41
201903,5009297,Closed,-717,0,10039.54,24303.25,63985.99
201702,5009298,Closed,-72,0,5571.68,54847.09,57583.19
107790,5009299,Closed,-45,0,8144.68,38141.74,21085.65
106521,5009300,Active,-2166,0,4500.58,315310.07,26118.6
107400,5009301,Closed,-435,0,1963.91,98664.07,30404.76
108823,5009302,Closed,-2091,0,8213.58,361784.92,80825.93
106763,5009303,Closed,-1627,0,1907.2,359281.71,66384.23
107034,5009304,Closed,-2277,0,352.98,30641.88,47990.22
109060,5009305,Closed,-1648,0,634.7,89336.96,12794.58
108622,5009306,Closed,-1528,0,3229.82,136562.36,129139.31
100480,5009307,Closed,-2177,0,793.06,18235.28,70097.1
105103,5009308,Closed,-341,0,7071.43,51462.64,9386.72
201993,5009309,Closed,-2808,0,11923.09,43950.68,37831.81
109306,5009310,Closed,-1696,0,7021.41,785104.26,17142.78
108545,5009311,Closed,-112,0,3856.77,17825.93,55414.33
109643,5009312,Closed,-1532,0,12803.23,378717.4,121921.23
200659,5009313,Active,-463,0,4862.53,370881.64,159.02
101623,5009314,Closed,-1638,0,7140.03,105795.2,16764.77
105438,5009315,Active,-1072,0,3322.03,14987.38,7407.81
101153,5009316,Active,-986,0,844.18,487224.08,69428.86
101346,5009317,Closed,-523,0,19729.76,426688.02,101689.21
200055,5009318,Closed,-2760,0,17141.02,167495.25,43398.93
103386,5009319,Closed,-751,0,2978.29,299387.29,3877.33
103683,5009320,Active,-1812,0,2784.99,232.5,143354.96
107984,5009321,Closed,-952,0,2908.22,86962.15,51507.38
103700,5009322,Closed,-1606,0,3099.53,386215.73,151060.31
108420,5009323,Active,-2058,0,7558.1,88537.13,57977.41
103402,5009324,Closed,-1295,0,605.08,159870.71,35734.21
105173,5009325,Active,-2917,0,6312.98,235855.15,5376.38
101675,5009326,Closed,-1253,0,3152.48,214329.88,7947.26
107362,5009327,Active,-1097,0,7151.03,441583.01,206607.87
200674,5009328,Closed,-2159,0,1362.26,49509.73,98296.33
106740,5009329,Closed,-1511,0,1955.13,74611.92,104220.85
200820,5009330,Active,-2415,0,9205.97,661379.35,13135.58
103758,5009331,Closed,-2487,0,13204.9,201507.75,51065.13
200830,5009332,Closed,-2605,0,2426.55,75349.43,19890.3
100925,5009333,Closed,-1278,0,14951.4,165029.91,51994.56
104486,5009334,Closed,-1264,0,10483.89,64173.91,122231.23
106815,5009335,Closed,-1808,0,1795.69,159647.71,112338.4
107244,5009336,Closed,-2447,0,198.83,261414.36,5528.71
101444,5009337,Closed,-828,0,7595.0,8872.43,99573.61
201209,5009338,Closed,-562,0,12064.41,121811.98,33528.01
102530,5009339,Closed,-2214,0,131.22,31218.34,1803.38
102051,5009340,Closed,-198,0,13344.56,472679.23,29308.09
100014,5009341,Closed,-1532,0,8174.77,93882.64,32500.92
200646,5009342,Closed,-130,0,3537.73,10493.63,10314.01
107582,5009343,Active,-2297,0,9323.75,218352.03,48362.88
102144,5009344,Closed,-2657,0,4179.66,922212.07,78941.11
100652,5009345,Closed,-1057,0,867.87,31621.39,79236.11
107448,5009346,Closed,-2994,0,3624.0,121992.95,25842.68
100554,5009347,Active,-1000,0,524.0,525661.38,75642.97
108705,5009348,Closed,-2384,0,805.67,105145.01,193389.34
200326,5009349,Active,-921,0,2730.92,11988.02,12978.72
106678,5009350,Active,-1804,10,25445.53,297355.84,12460.2
100004,5009351,Active,-119,0,4803.35,110174.98,47719.04
106220,5009352,Closed,-852,0,1928.77,94664.61,80166.96
102547,5009353,Active,-2305,0,13970.42,104865.82,152859.48
104473,5009354,Closed,-1790,0,3873.0,141441.99,14351.34
201829,5009355,Closed,-728,0,8347.13,206565.95,100171.71
100272,5009356,Closed,-2570,0,2897.4,85879.96,8870.7
107784,5009357,Active,-2399,0,10208.38,327421.97,106148.95
101304,5009358,Active,-48,0,2611.11,132609.96,171720.96
100096,5009359,Active,-1949,0,3068.13,75640.49,41668.27
101085,5009360,Active,-2142,0,15884.02,77470.24,96887.6
200972,5009361,Closed,-1383,0,1021.73,477008.3,90214.08
201527,5009362,Active,-1808,0,592.78,696736.58,11563.28
101886,5009363,Active,-2881,0,1108.45,98387.79,80818.76
108153,5009364,Closed,-53,0,6017.9,141904.61,236715.89
106414,5009365,Closed,-156,0,1110.82,252133.16,286006.13
100265,5009366,Closed,-2055,0,1097.52,28051.85,172476.53
200341,5009367,Closed,-1396,0,189.9,83495.31,35496.28
201605,5009368,Closed,-2745,0,3838.8,56077.09,86832.3
105119,5009369,Closed,-268,0,842.64,20938.31,264008.28
108158,5009370,Closed,-1208,0,1676.19,216176.9,429645.06
201366,5009371,Closed,-760,0,7108.98,198057.85,59534.1
101724,5009372,Closed,-2529,0,6446.16,265231.69,164468.31
200045,5009373,Closed,-2085,0,787.88,320940.09,49540.14
201522,5009374,Closed,-2469,0,6872.74,71698.05,69619.86
102959,5009375,Closed,-2882,0,383.11,54453.08,7405.59
100058,5009376,Closed,-716,0,1034.13,152470.64,37910.71
100989,5009377,Closed,-1518,0,76.18,211900.01,214024.9
101332,5009378,Closed,-201,0,2452.6,242902.42,21980.87
107963,5009379,Closed,-369,0,3733.55,303904.16,95942.1
104135,5009380,Closed,-845,0,11008.72,89779.4,17850.94
200154,5009381,Closed,-2506,0,213.91,104662.84,4935.28
106113,5009382,Closed,-2591,0,4981.26,40649.99,81743.73
105358,5009383,Closed,-2977,0,676.13,23285.23,73908.91
105464,5009384,Closed,-563,0,246.82,234924.92,50757.2
101700,5009385,Closed,-1396,0,2330.62,89892.31,41104.62
103841,5009386,Closed,-2122,0,3457.74,129682.97,31135.97
109325,5009387,Closed,-2973,0,4605.82,103879.48,242151.48
107917,5009388,Active,-2380,0,6492.57,88035.1,16360.61
101614,5009389,Closed,-1381,0,2329.34,138911.16,114718.43
100078,5009390,Closed,-1047,0,476.7,122114.31,14791.41
102469,5009391,Closed,-740,0,12028.03,379978.37,72674.05
102687,5009392,Active,-1807,0,2009.06,71743.83,49968.27
107908,5009393,Closed,-2910,0,1533.66,508552.59,199283.84
102229,5009394,Closed,-2107,0,6934.96,113001.49,67205.45
100779,5009395,Active,-1441,0,1519.05,39771.94,80041.76
102650,5009396,Closed,-1932,0,557.4,80313.95,44672.74
106586,5009397,Closed,-2668,0,10.92,10145.67,76218.68
104383,5009398,Closed,-128,0,1218.1,586517.87,12234.57
104328,5009399,Active,-35,0,13712.35,108072.06,24553.26
104137,5009400,Closed,-1335,0,7436.47,125437.21,65293.41
201790,5009401,Active,-1925,0,6329.08,551575.72,130415.83
109767,5009402,Closed,-2925,0,392.83,33340.29,265001.41
104999,5009403,Closed,-2353,0,11478.07,1249.04,11690.43
108682,5009404,Closed,-98,0,4011.08,236951.16,38030.56
108141,5009405,Active,-355,0,2157.84,619131.36,81529.1
107197,5009406,Closed,-2919,0,2590.17,375499.7,126255.3
109831,5009407,Closed,-1043,0,5371.93,110233.54,6546.82
104750,5009408,Active,-443,0,2357.55,90726.27,121880.7
104768,5009409,Closed,-933,0,10672.42,195094.56,214579.77
201579,5009410,Active,-2962,0,3416.76,26583.2,110914.15
109124,5009411,Closed,-348,0,7073.31,186441.35,39028.02
102538,5009412,Closed,-2533,10,1904.44,188305.56,97090.44
105248,5009413,Closed,-2360,0,1183.45,148793.77,71758.07
105080,5009414,Closed,-2298,0,9745.96,296561.96,165507.79
104293,5009415,Active,-865,0,12666.62,125526.52,110751.63
102308,5009416,Closed,-850,0,8549.58,127167.36,113663.76
201087,5009417,Closed,-257,10,152.34,1104021.71,128194.37
106373,5009418,Active,-2021,0,2162.22,130150.83,15452.9
107405,5009419,Closed,-465,0,1263.34,275277.92,28840.65
201911,5009420,Closed,-2176,0,3579.59,251395.05,28935.9
104076,5009421,Closed,-732,0,123.22,271270.91,12136.19
102366,5009422,Closed,-1916,0,4048.1,54898.44,75517.67
108460,5009423,Closed,-631,0,2474.51,6806.33,11264.56
109023,5009424,Closed,-763,0,2619.73,564130.88,41369.24
106024,5009425,Closed,-276,0,6888.41,106338.37,40865.15
108124,5009426,Closed,-342,0,2881.97,203383.61,212632.8
106244,5009427,Closed,-2119,0,2941.08,97975.53,49207.86
109618,5009428,Active,-2351,0,9546.42,279804.42,14736.86
104771,5009429,Closed,-2943,0,1234.47,179070.59,37689.92
200032,5009430,Closed,-147,0,1295.79,3185.96,312568.17
108595,5009431,Active,-2798,0,9099.76,224674.86,108582.5
104877,5009432,Closed,-1403,0,361.68,57433.92,90592.61
102266,5009433,Active,-2547,0,5235.73,188338.85,78124.03
104522,5009434,Closed,-1060,0,2732.16,121797.84,349425.19
109836,5009435,Closed,-2747,0,16108.84,17966.91,65211.05
108760,5009436,Closed,-2590,0,2632.69,5039.98,56985.76
201681,5009437,Closed,-2865,0,1001.14,113758.21,99872.67
109991,5009438,Closed,-999,0,1079.83,107692.49,56578.18
201270,5009439,Closed,-793,0,7246.39,107967.37,23588.26
101216,5009440,Closed,-1732,0,4662.82,135085.45,60171.47
200613,5009441,Closed,-1302,0,12647.15,104375.14,53510.04
102114,5009442,Closed,-2918,0,3657.7,57242.07,56452.98
201519,5009443,Closed,-2703,0,11817.91,229862.24,72293.66
100149,5009444,Closed,-73,0,911.22,122162.89,47012.3
107127,5009445,Active,-1630,0,9906.2,128571.58,122534.42
100654,5009446,Active,-1012,0,3032.23,243623.16,13856.85
200287,5009447,Active,-2240,0,6699.57,219435.34,39255.99
109229,5009448,Closed,-20,0,12641.3,169670.57,4831.75
201642,5009449,Closed,-17,0,287.16,153163.98,12968.5
103855,5009450,Active,-117,0,5547.99,161654.8,76013.39
105494,5009451,Closed,-572,0,4839.09,14325.6,146717.17
103099,5009452,Closed,-2510,0,651.59,229936.8,197471.32
101781,5009453,Active,-2159,0,654.44,98119.64,103281.11
100276,5009454,Closed,-2669,0,569.39,170947.79,93740.7
106688,5009455,Active,-1400,0,1417.54,202527.71,183880.06
103610,5009456,Closed,-772,0,13221.27,293448.36,69097.8
108520,5009457,Closed,-2426,0,4600.94,94679.69,19276.29
102034,5009458,Closed,-1819,0,1673.19,231397.36,23202.42
105090,5009459,Closed,-2107,0,1152.75,93310.55,151429.44
105617,5009460,Closed,-1734,0,7548.22,121001.1,90871.7
107898,5009461,Closed,-2584,0,238.84,331406.45,162596.93
201961,5009462,Active,-468,0,11940.85,104318.27,125037.24
108231,5009463,Closed,-1180,0,5133.73,72016.82,20278.58
103278,5009464,Closed,-2013,0,1377.87,704473.23,9995.9
109750,5009465,Closed,-765,0,740.14,192739.56,5009.21
108425,5009466,Closed,-1942,0,1257.82,40338.03,103749.22
105382,5009467,Closed,-1982,0,914.32,248070.5,98404.4
104962,5009468,Closed,-2920,0,10579.0,428577.99,33141.11
103390,5009469,Active,-389,0,6872.82,131602.41,81869.23
108038,5009470,Closed,-2416,0,5658.85,323836.37,114688.79
201470,5009471,Closed,-2883,0,14224.92,135223.78,25587.64
101312,5009472,Closed,-320,0,3297.92,299565.81,75048.9
100925,5009473,Closed,-2803,0,3826.75,25561.47,100007.04
108447,5009474,Closed,-810,10,4587.82,96905.96,74603.61
106710,5009475,Closed,-476,0,1476.14,773921.88,121242.59
100686,5009476,Active,-2009,0,145.59,244088.33,17281.42
103079,5009477,Active,-2276,0,8912.39,233089.11,85324.15
104045,5009478,Closed,-890,0,5644.17,261367.96,40369.66
103946,5009479,Closed,-2501,10,1314.99,624080.1,119234.92
100256,5009480,Active,-599,0,1653.74,160512.13,136795.63
106824,5009481,Closed,-2510,0,13872.1,51891.87,24961.49
201108,5009482,Closed,-1231,0,10982.76,70765.77,122203.92
102210,5009483,Closed,-1037,0,4865.5,87822.02,223286.28
200804,5009484,Closed,-327,0,105.82,31118.22,26284.33
200742,5009485,Closed,-1670,0,5820.42,611267.64,31420.96
105505,5009486,Closed,-1612,0,1658.51,190528.34,3091.6
106092,5009487,Closed,-50,0,1185.87,10891.13,5251.79
105997,5009488,Closed,-754,0,593.23,17684.09,16984.89
105970,5009489,Closed,-356,0,11680.6,114778.45,282495.4
101400,5009490,Closed,-2751,0,6562.85,605747.04,456890.73
201447,5009491,Closed,-618,0,3049.82,90861.66,20754.69
108411,5009492,Closed,-569,0,7549.55,99324.52,45047.78
200918,5009493,Active,-588,0,15609.26,356794.45,124600.02
102020,5009494,Closed,-2696,0,493.45,10838.24,191877.5
104647,5009495,Active,-1448,0,24775.97,431036.58,47969.13
107334,5009496,Closed,-1313,0,3857.97,16605.92,45085.82
107560,5009497,Closed,-2338,0,272.02,152483.71,101947.94
105661,5009498,Closed,-2720,0,6740.1,92574.19,69133.9
106522,5009499,Closed,-2701,0,183.75,41085.14,341586.13
107297,5009500,Closed,-295,0,8341.79,695176.16,38257.98
100344,5009501,Closed,-969,0,4461.31,562528.24,79464.21
108147,5009502,Closed,-367,0,5779.75,16466.51,8266.11
200641,5009503,Closed,-163,0,2816.81,92231.53,129336.67
100954,5009504,Active,-2711,0,19038.68,21590.67,31073.24
201691,5009505,Closed,-2472,0,2690.47,173953.06,16974.94
109096,5009506,Closed,-438,0,187.12,48216.93,1509.79
108919,5009507,Closed,-30,0,3878.72,457530.58,71337.18
100436,5009508,Closed,-459,0,9835.62,3841.52,92219.54
104796,5009509,Closed,-1381,30,5134.8,144525.44,6636.54
105237,5009510,Closed,-1794,0,823.01,734269.75,35172.4
100132,5009511,Closed,-1097,0,2102.78,22017.62,82093.13
200971,5009512,Closed,-1543,0,1683.78,205201.32,5005.83
104993,5009513,Closed,-2160,0,167.65,369366.45,297.04
108154,5009514,Closed,-480,0,4220.05,218076.28,30460.74
104154,5009515,Closed,-2182,0,3291.68,128684.75,96983.97
108918,5009516,Active,-2823,0,3314.53,170036.66,6447.3
108449,5009517,Active,-2677,0,960.75,45344.36,174119.25
101502,5009518,Active,-23,0,2747.02,186686.93,15095.82
103340,5009519,Active,-2654,0,921.55,112142.6,18578.84
102252,5009520,Closed,-185,0,1421.89,286173.47,24517.71
100021,5009521,Active,-160,0,2069.4,47297.31,121682.55
201143,5009522,Closed,-2597,0,2865.09,34068.02,11227.29
100346,5009523,Closed,-1075,10,44.14,66278.51,57629.57
105139,5009524,Closed,-1146,0,13046.16,535488.88,74947.07
103431,5009525,Active,-853,0,6921.32,178280.71,75592.99
104586,5009526,Closed,-1451,0,487.64,420405.95,6448.1
101409,5009527,Closed,-2053,0,3721.88,67886.0,71578.99
200359,5009528,Active,-2804,0,2036.44,10465.34,28140.71
200096,5009529,Active,-1008,0,7006.35,153561.36,67128.14
106501,5009530,Closed,-391,0,1479.17,95342.04,1691.45
105272,5009531,Closed,-2726,0,11802.29,263393.33,129370.75
201969,5009532,Active,-1430,0,3830.0,442203.18,36317.15
102230,5009533,Closed,-1401,0,775.15,30369.72,16341.83
106612,5009534,Active,-1559,10,3085.01,98447.07,127096.88
109907,5009535,Active,-2427,0,7891.86,1082385.43,213498.12
108489,5009536,Active,-1586,0,1141.22,162480.74,88393.15
107764,5009537,Closed,-1430,0,2393.85,240325.42,155936.81
101661,5009538,Closed,-736,0,763.57,1066861.07,48434.86
109615,5009539,Closed,-2674,0,4196.33,147731.53,33314.06
105615,5009540,Closed,-1280,0,2767.03,47653.86,5200.6
105465,5009541,Active,-1908,0,10421.68,305765.38,10860.42
100941,5009542,Closed,-2481,0,1235.13,227628.82,33290.8
106997,5009543,Closed,-2561,0,7889.34,407729.38,62739.86
106968,5009544,Closed,-2764,0,332.63,103605.4,30215.99
104746,5009545,Active,-2662,0,3016.83,297933.75,104172.73
102534,5009546,Closed,-2391,0,15397.22,442673.71,162084.01
103068,5009547,Closed,-2064,0,68.45,239679.12,44693.15
100501,5009548,Closed,-427,0,5157.87,87846.49,10176.47
109488,5009549,Active,-797,0,727.84,82164.29,50742.47
109396,5009550,Closed,-1194,0,4846.97,64721.78,103460.66
104971,5009551,Closed,-2659,0,301.2,139605.01,26894.2
103375,5009552,Closed,-865,0,5233.1,211790.05,84799.05
108408,5009553,Active,-2308,0,1986.59,142686.76,35028.59
100535,5009554,Closed,-1991,0,1505.08,25633.27,234268.61
102704,5009555,Closed,-887,0,22043.58,114830.86,18102.45
107714,5009556,Closed,-548,0,78.15,81640.96,91832.79
107835,5009557,Closed,-2387,0,2582.06,336050.3,274994.18
106130,5009558,Closed,-946,0,836.99,69949.47,5296.49
104684,5009559,Active,-1725,0,4919.03,561511.36,123892.54
105354,5009560,Closed,-143,0,6528.49,76058.26,44311.51
201021,5009561,Active,-2474,0,3804.61,15952.67,99285.75
103611,5009562,Closed,-764,0,27910.84,60004.82,2611.38
101218,5009563,Closed,-2273,0,4891.04,91235.86,167764.48
201548,5009564,Active,-2481,0,6940.28,118817.87,3962.79
101548,5009565,Closed,-1176,0,2009.79,354252.69,26030.86
105025,5009566,Closed,-1902,0,10529.84,50070.64,284267.14
102553,5009567,Closed,-2296,0,9636.91,8944.29,44197.36
200079,5009568,Closed,-2668,0,929.23,152429.6,19948.17
109921,5009569,Closed,-2236,0,8373.56,34522.84,16553.7
109063,5009570,Closed,-1269,0,4273.51,463267.41,159530.62
108306,5009571,Closed,-2813,0,3754.2,320299.93,207566.98
102675,5009572,Active,-2596,0,1147.75,120921.97,3006.68
108373,5009573,Closed,-2306,0,2679.53,121317.15,255658.02
104548,5009574,Active,-2119,0,14238.6,151514.21,146365.35
109611,5009575,Active,-1368,0,2889.94,207239.41,41894.91
105390,5009576,Closed,-1084,0,506.45,95389.26,63083.5
105905,5009577,Closed,-482,0,2405.11,84644.92,101357.77
103644,5009578,Closed,-2547,10,1027.76,29395.68,69930.07
104182,5009579,Closed,-467,0,7980.0,385418.65,142415.06
103701,5009580,Closed,-90,0,5880.34,61077.83,91308.14
103843,5009581,Active,-710,0,2707.19,60440.84,133883.27
109602,5009582,Closed,-1355,30,2185.37,110901.43,58433.77
100095,5009583,Closed,-1678,0,2620.03,266506.95,42667.7
104932,5009584,Closed,-1661,0,9021.99,58465.02,206863.71
200458,5009585,Active,-937,0,243.08,81109.65,14989.89
105868,5009586,Active,-911,0,1665.79,36509.16,204876.55
108017,5009587,Active,-2345,0,3691.25,93541.08,65884.38
103608,5009588,Active,-1295,0,2390.16,81744.6,50484.39
200650,5009589,Closed,-1997,0,1087.45,374216.11,278827.72
105319,5009590,Closed,-1238,0,1574.33,308755.63,159420.94
100359,5009591,Closed,-2320,0,10600.17,640726.55,36818.8
108908,5009592,Active,-623,0,114.1,123158.24,59374.29
200812,5009593,Closed,-1579,0,1998.03,207145.6,21774.37
106856,5009594,Active,-1199,0,10724.4,97660.93,45096.51
100034,5009595,Closed,-1453,0,14016.19,116042.76,36340.96
101038,5009596,Active,-1977,0,35.0,170441.9,131098.16
108072,5009597,Closed,-148,0,20703.68,593006.53,50630.9
101242,5009598,Active,-859,0,6686.18,37593.87,29081.41
107198,5009599,Closed,-354,10,2756.16,26757.11,70351.2
107235,5009600,Closed,-1250,0,3692.93,40636.84,75092.61
101628,5009601,Closed,-1358,30,1083.12,98805.81,8857.55
104460,5009602,Active,-1415,0,3122.02,331157.19,446815.96
109131,5009603,Closed,-2115,0,3612.37,224830.83,19006.26
107835,5009604,Closed,-2761,0,766.35,4986.3,85602.21
101655,5009605,Closed,-943,0,511.44,163954.26,112555.62
101992,5009606,Active,-828,0,3561.95,51192.56,189795.81
107023,5009607,Closed,-957,0,1213.51,251929.99,99461.61
106693,5009608,Closed,-1602,0,14096.89,133924.36,108422.84
101341,5009609,Closed,-2828,0,953.17,48043.67,187833.55
105981,5009610,Closed,-1264,0,3412.39,320422.06,197435.31
109754,5009611,Active,-1177,0,7586.72,684006.8,50952.35
106075,5009612,Active,-1884,0,8680.06,70899.61,65742.92
106101,5009613,Closed,-1552,0,10135.74,185913.46,23325.36
201003,5009614,Active,-1999,0,3076.84,10898.73,1338.35
109489,5009615,Active,-2146,10,5236.48,683004.1,5221.67
106548,5009616,Closed,-2638,0,10222.3,79951.56,37484.4
104249,5009617,Closed,-1093,10,4976.58,79564.57,193712.14
100654,5009618,Closed,-2635,0,12404.44,167446.64,48140.52
200426,5009619,Active,-14,0,16808.95,233778.41,376457.97
103537,5009620,Closed,-1083,0,3600.27,137533.32,249716.38
106639,5009621,Active,-1992,0,1189.86,353907.49,205188.23
201221,5009622,Closed,-2164,0,3695.26,385407.84,83493.69
100200,5009623,Closed,-2724,0,14751.26,118321.41,85403.84
109527,5009624,Active,-2951,0,4417.1,264417.06,17127.49
103175,5009625,Closed,-1636,0,306.25,316718.24,424020.89
108709,5009626,Closed,-2334,0,6428.29,1761.78,101589.75
100632,5009627,Active,-2328,0,3522.36,193767.53,2610.73
100038,5009628,Active,-973,0,5058.77,250119.12,70807.44
107846,5009629,Closed,-837,0,1819.78,59116.83,38708.57
106101,5009630,Active,-613,0,7191.47,206168.98,132885.83
200602,5009631,Closed,-2581,0,2971.56,404892.27,160358.4
102670,5009632,Active,-795,0,4074.67,151969.8,124217.52
106048,5009633,Active,-1272,0,3077.33,5440.13,28049.33
101412,5009634,Closed,-209,0,8968.47,176380.34,35438.65
100228,5009635,Closed,-493,0,344.22,132302.9,27939.93
101305,5009636,Closed,-2055,10,6568.26,407716.8,81882.06
105151,5009637,Closed,-2339,0,8206.66,267523.79,162358.51
201927,5009638,Closed,-1306,0,1633.34,951573.05,61864.21
103199,5009639,Closed,-2115,0,589.44,31608.81,40739.18
109174,5009640,Closed,-2223,0,3833.01,49523.38,30746.85
104145,5009641,Closed,-2764,10,3238.21,2604.39,142648.57
103604,5009642,Closed,-1789,0,2947.46,199663.39,30013.34
102607,5009643,Active,-2637,0,6161.48,21124.01,482097.12
102138,5009644,Closed,-1119,0,2179.32,113257.03,284520.73
200477,5009645,Closed,-899,0,8427.41,46509.98,25204.29
109280,5009646,Closed,-2956,0,4123.93,167394.03,61695.43
105554,5009647,Closed,-1224,0,7309.71,48537.57,31355.44
103600,5009648,Closed,-2647,0,887.66,488895.31,85310.43
109040,5009649,Active,-2671,0,5192.06,11551.67,51633.94
106619,5009650,Closed,-1642,0,1863.3,118310.03,5732.31
200425,5009651,Closed,-848,0,4394.81,746225.62,25585.36
108709,5009652,Closed,-2191,0,8293.51,20022.64,62583.33
108362,5009653,Closed,-816,30,2728.64,112359.26,23747.51
102030,5009654,Closed,-1850,0,6298.48,73808.88,38743.8
104493,5009655,Closed,-317,0,30.83,118339.34,66918.51
109724,5009656,Active,-2769,30,8259.01,539932.02,10482.42
102012,5009657,Active,-1381,0,971.85,80411.55,4162.65
108499,5009658,Closed,-1192,0,2434.86,13033.77,447057.75
108628,5009659,Closed,-58,0,550.13,25694.62,166718.98
107007,5009660,Active,-2269,0,7570.96,123731.48,106221.37
105674,5009661,Active,-1053,0,2969.13,3077.79,162008.74
103984,5009662,Closed,-1069,0,3888.5,11623.7,74665.65
100732,5009663,Closed,-1517,0,805.78,96949.75,71424.37
104943,5009664,Closed,-286,0,14582.83,77433.31,182785.74
106346,5009665,Closed,-1909,0,2120.45,25742.88,1508.82
102732,5009666,Closed,-1263,0,6255.42,380072.32,43385.31
200501,5009667,Active,-2488,0,2287.68,149353.35,99435.37
102895,5009668,Closed,-550,0,4783.82,87238.27,37546.56
107646,5009669,Active,-787,0,2984.92,229377.18,62156.46
201668,5009670,Closed,-1224,30,16719.46,54066.34,25027.39
106732,5009671,Closed,-1410,0,6580.98,12357.99,40162.82
104664,5009672,Active,-565,0,5723.35,98796.12,411395.83
102671,5009673,Closed,-777,0,2633.1,15269.9,54454.46
200653,5009674,Closed,-1270,0,4101.6,106546.71,138386.12
103897,5009675,Closed,-589,0,4034.32,97217.24,108284.76
107643,5009676,Active,-1882,0,2451.3,11728.04,20624.28
102255,5009677,Closed,-2708,0,1289.19,251973.51,80039.95
109822,5009678,Closed,-459,0,1010.51,208454.99,67621.84
100915,5009679,Closed,-2344,0,2340.22,189510.79,15989.73
200821,5009680,Closed,-139,0,15568.82,120192.46,13611.87
201207,5009681,Closed,-1005,0,6871.23,434319.54,200684.71
107112,5009682,Active,-419,0,1585.13,247902.26,111415.63
102997,5009683,Closed,-126,0,1712.48,383440.4,204628.16
102505,5009684,Active,-1321,0,581.07,398632.93,229.22
100427,5009685,Closed,-305,0,547.41,168312.55,26627.56
103541,5009686,Active,-2166,0,17381.27,410713.52,60596.89
107253,5009687,Closed,-611,10,2311.72,574900.03,2017.38
201181,5009688,Active,-2188,0,45.24,11014.42,191166.38
104898,5009689,Closed,-1619,0,1777.9,5440.55,100623.01
201522,5009690,Closed,-2524,0,1121.62,10528.9,44064.28
107160,5009691,Active,-480,0,11609.39,127305.88,74410.57
105416,5009692,Active,-2481,0,3857.94,35682.18,96466.16
101558,5009693,Closed,-2084,0,1817.56,186441.44,41400.55
107150,5009694,Closed,-862,0,3165.27,53219.65,211615.39
102297,5009695,Active,-830,0,1806.13,122066.81,11436.27
201347,5009696,Closed,-1450,0,18527.21,90047.53,46.65
102658,5009697,Closed,-1637,0,17568.17,5696.2,221939.07
100770,5009698,Active,-1478,0,10971.03,83266.34,33891.77
108792,5009699,Active,-1876,0,5581.82,285990.49,55232.63
107657,5009700,Closed,-2197,0,10133.97,28467.81,21377.85
102906,5009701,Closed,-117,0,3223.41,59124.02,59430.79
102400,5009702,Closed,-1528,0,8718.99,104315.43,24347.77
102321,5009703,Closed,-1670,0,1837.4,29563.0,39883.61
108219,5009704,Closed,-2165,0,6451.87,2083.42,91992.29
109423,5009705,Closed,-2342,0,6368.58,254187.19,52743.96
100055,5009706,Closed,-2230,0,2699.54,102816.0,10895.07
106475,5009707,Closed,-738,0,7311.77,20146.95,183188.1
105036,5009708,Closed,-2140,0,9667.7,191410.01,42213.35
101199,5009709,Closed,-1753,0,266.34,234518.59,158157.09
106172,5009710,Closed,-2990,0,508.8,123537.88,238329.21
101791,5009711,Closed,-1192,10,3139.21,327461.68,69041.32
100599,5009712,Closed,-504,0,1119.26,295043.48,78616.84
102629,5009713,Closed,-596,0,5069.55,393870.13,43890.45
106586,5009714,Active,-722,0,434.67,94458.91,242501.35
106534,5009715,Active,-1014,0,10106.44,642049.47,22910.95
104208,5009716,Closed,-1567,10,2163.11,309279.44,38379.53
106783,5009717,Active,-2725,0,7348.1,871.7,161997.78
100561,5009718,Active,-2030,0,21111.17,236698.02,19451.66
108539,5009719,Closed,-1941,0,9451.87,138536.16,80575.19
109643,5009720,Closed,-714,0,11775.5,396521.24,53870.86
104948,5009721,Closed,-1613,0,2649.55,220383.26,85136.28
107493,5009722,Closed,-2045,0,1815.43,47254.65,219458.05
102925,5009723,Closed,-2007,0,1569.03,106355.29,151436.46
109164,5009724,Closed,-1570,0,2192.09,202141.14,15831.45
109994,5009725,Closed,-2972,0,8227.08,89058.04,195875.39
102186,5009726,Closed,-132,0,6156.58,116077.66,113103.8
105504,5009727,Closed,-952,30,2325.89,94775.1,15281.23
101890,5009728,Active,-333,10,13133.14,17754.04,33449.8
200292,5009729,Closed,-2808,0,1044.33,31394.53,148789.86
104669,5009730,Active,-263,0,5121.95,33903.27,5880.39
101754,5009731,Closed,-624,0,1407.12,155955.62,84853.0
103111,5009732,Active,-212,0,5339.16,601472.99,19234.96
100045,5009733,Closed,-196,0,3987.99,57300.55,5404.7
109804,5009734,Closed,-2402,0,3494.23,57407.9,140962.76
200076,5009735,Closed,-660,0,5199.95,64313.39,19467.32
100396,5009736,Closed,-2509,0,377.54,28748.44,16326.47
102033,5009737,Closed,-2423,0,2678.6,90491.23,43279.81
104118,5009738,Active,-1521,0,3662.44,416327.77,364129.9
201793,5009739,Closed,-255,0,2979.45,62472.69,65770.59
106858,5009740,Closed,-536,0,731.73,859053.57,6979.49
102890,5009741,Active,-2551,0,2395.6,16695.78,187242.87
101934,5009742,Active,-1782,0,923.81,361170.13,62479.8
200463,5009743,Closed,-1552,30,3155.03,504145.99,45298.85
106666,5009744,Closed,-777,0,168.75,96596.83,8939.05
107595,5009745,Closed,-2825,0,1157.76,181509.77,38049.1
103115,5009746,Active,-1503,0,1758.72,845730.44,109835.99
100031,5009747,Closed,-427,0,7844.25,227782.88,2640.57
105135,5009748,Active,-1064,0,618.69,441098.08,75384.84
107007,5009749,Active,-145,0,7835.72,47965.78,43528.87
104548,5009750,Closed,-1788,0,2304.5,16173.7,89102.56
101736,5009751,Active,-631,0,865.02,239219.36,101770.86
106603,5009752,Active,-341,0,1387.12,882671.83,43720.69
200191,5009753,Active,-715,0,12762.77,157986.22,37682.81
103846,5009754,Closed,-651,0,4140.01,112656.94,1166.97
102081,5009755,Closed,-2124,0,6638.6,18274.29,80781.44
109147,5009756,Closed,-220,0,12159.63,97113.08,8875.09
103028,5009757,Closed,-524,0,836.05,345630.81,146422.17
107192,5009758,Closed,-65,0,10495.68,5338.17,89507.77
201703,5009759,Active,-744,0,8034.64,32206.27,74582.37
108882,5009760,Active,-301,0,609.19,41357.2,218344.44
106970,5009761,Closed,-1694,0,7351.37,423217.33,151242.75
201123,5009762,Closed,-652,0,17789.79,28980.78,10660.91
102779,5009763,Closed,-1660,0,729.78,28031.51,122675.28
100682,5009764,Closed,-1670,0,2769.73,164453.7,112796.39
200579,5009765,Closed,-1515,0,392.55,6685.51,115299.86
201674,5009766,Closed,-1125,0,5599.45,44489.23,63686.39
104960,5009767,Active,-2682,0,18.86,36325.05,4567.96
100121,5009768,Closed,-1792,10,10935.95,117076.38,59791.48
105947,5009769,Closed,-1879,0,24591.59,20565.45,30460.35
106696,5009770,Closed,-2368,0,223.46,117591.36,18855.6
106102,5009771,Active,-1743,0,2101.64,67117.12,10058.97
109881,5009772,Closed,-1485,0,781.88,200396.24,25061.71
101994,5009773,Closed,-759,0,131.16,179816.66,83785.03
101536,5009774,Closed,-2983,0,10016.08,33444.58,179075.4
101674,5009775,Closed,-1179,0,4740.18,22041.93,99602.4
101596,5009776,Active,-1999,0,8693.48,139809.54,30278.14
104450,5009777,Active,-549,10,650.54,78195.3,14468.17
109323,5009778,Active,-2017,0,2129.57,271561.5,17189.35
104819,5009779,Closed,-1004,0,1699.52,22886.54,150203.91
105598,5009780,Closed,-1978,0,9797.11,20157.85,83400.38
200995,5009781,Closed,-498,0,613.73,220562.14,29971.24
106856,5009782,Closed,-2852,0,659.76,158154.0,21371.25
201018,5009783,Closed,-2146,0,11604.44,282110.05,106952.99
201093,5009784,Closed,-1956,0,1138.66,78346.71,335252.5
107725,5009785,Active,-1531,0,9691.12,153390.68,17995.49
107095,5009786,Closed,-220,0,1377.53,40446.38,1547.6
200912,5009787,Closed,-1187,0,5378.05,589123.05,6551.0
109219,5009788,Closed,-2686,0,2337.84,557728.64,104301.87
105760,5009789,Active,-1098,0,5374.58,18512.62,30612.39
201162,5009790,Closed,-1752,0,4071.67,122325.78,81234.96
200615,5009791,Closed,-2120,0,761.1,137750.45,72156.18
100990,5009792,Active,-774,0,1483.75,22018.9,52870.94
200216,5009793,Closed,-1392,0,2872.16,82130.01,128942.32
106866,5009794,Closed,-109,0,4715.65,39485.59,123758.87
107772,5009795,Active,-1369,0,7424.3,76350.22,41127.34
101419,5009796,Closed,-26,0,4261.68,60814.5,25762.13
200030,5009797,Closed,-518,0,1787.74,120674.7,1731.49
105073,5009798,Active,-1845,30,1168.49,29876.95,10393.15
201187,5009799,Closed,-2340,0,3224.29,60333.36,88238.57
109861,5009800,Active,-2954,0,1976.62,496419.45,54762.21
106887,5009801,Closed,-1891,0,8356.48,37397.5,5251.34
100515,5009802,Closed,-775,0,895.2,108834.16,115537.08
108563,5009803,Closed,-2089,0,7251.65,156233.81,36393.62
102211,5009804,Active,-2712,0,18910.53,183989.15,34179.72
101620,5009805,Closed,-2167,0,5781.21,116961.73,172989.62
109285,5009806,Active,-1827,0,2086.76,198318.3,115031.37
109632,5009807,Closed,-2143,0,2498.18,198489.82,21476.98
107761,5009808,Closed,-1575,0,2631.43,182721.08,56081.97
107508,5009809,Active,-1883,0,1298.97,261083.46,37489.37
105772,5009810,Closed,-2543,0,5531.27,58600.27,111862.27
100263,5009811,Closed,-2005,0,3573.2,245508.44,438.83
201298,5009812,Closed,-690,0,665.18,259423.63,159498.95
107850,5009813,Active,-1991,0,1317.05,91332.02,50286.62
102060,5009814,Closed,-1160,0,9280.56,152638.93,213914.38
200017,5009815,Active,-207,0,36421.16,591222.1,16817.66
102558,5009816,Closed,-1904,0,8992.82,132786.18,72606.87
106605,5009817,Active,-2078,0,24445.42,33223.4,24783.5
100787,5009818,Closed,-1959,0,4230.79,53413.87,6561.46
108748,5009819,Closed,-1110,0,6309.54,123773.37,45600.31
102371,5009820,Closed,-726,0,464.57,61900.72,53743.35
101183,5009821,Active,-1952,0,7233.2,830260.04,275298.2
100503,5009822,Active,-1138,0,8883.13,315093.52,198445.08
105945,5009823,Closed,-1373,0,4949.16,155323.2,169328.08
109456,5009824,Closed,-1131,0,20553.28,180738.69,79588.06
101704,5009825,Closed,-2735,0,345.48,47814.12,3865.45
200164,5009826,Closed,-2688,0,789.15,108546.53,21699.94
102955,5009827,Closed,-2342,0,6461.96,118557.98,50964.51
109871,5009828,Closed,-566,0,3729.97,8188.88,34148.91
108631,5009829,Closed,-717,0,169.97,31279.61,80689.14
109996,5009830,Closed,-231,0,2378.05,127701.43,129952.62
100518,5009831,Closed,-1376,0,539.3,150827.4,38257.13
200783,5009832,Active,-95,0,2464.97,278018.6,119276.03
107940,5009833,Closed,-1545,0,1412.97,324971.95,60779.36
100949,5009834,Closed,-206,0,7112.55,348127.93,11707.17
103796,5009835,Closed,-1037,0,6083.23,47267.7,29350.14
101601,5009836,Closed,-714,0,2584.99,635.99,106312.15
103760,5009837,Closed,-2340,0,1288.63,51114.13,209358.18
107679,5009838,Closed,-1628,0,1629.26,103771.8,280744.03
102001,5009839,Closed,-1135,0,713.29,48400.48,101828.15
106011,5009840,Closed,-881,0,1630.44,194107.38,8642.69
100559,5009841,Active,-2058,0,3241.82,120032.46,28326.87
105456,5009842,Closed,-2432,0,7522.73,173573.27,54856.09
200276,5009843,Closed,-2777,0,988.81,19887.82,106715.68
109536,5009844,Closed,-1050,0,2458.52,492157.98,29345.76
106493,5009845,Closed,-202,0,2190.62,371012.08,250301.81
104578,5009846,Closed,-2080,0,358.71,302575.04,106114.74
104085,5009847,Closed,-2484,0,88.24,518450.02,116170.6
100445,5009848,Closed,-2758,0,4908.58,32066.66,48882.32
107690,5009849,Closed,-508,0,13504.74,694190.51,77359.34
107666,5009850,Closed,-2770,0,8090.81,43757.5,238600.25
107162,5009851,Closed,-1516,0,10930.55,84551.9,59088.48
100846,5009852,Closed,-1256,0,3739.37,288874.05,56234.16
101927,5009853,Active,-1937,0,8043.93,53420.77,32335.63
107139,5009854,Closed,-1607,0,7432.88,6061.64,45605.03
109957,5009855,Closed,-1423,0,6396.65,295039.25,54677.35
102075,5009856,Closed,-2067,0,151.4,108651.33,71530.33
201120,5009857,Closed,-713,0,1790.28,24026.08,254871.78
108187,5009858,Active,-524,0,18614.56,394276.94,9518.24
109792,5009859,Closed,-51,0,10258.98,43250.3,11897.38
105492,5009860,Active,-1197,0,1794.62,118198.54,10708.18
106613,5009861,Closed,-560,0,2624.56,125939.89,54916.22
102970,5009862,Active,-808,0,8022.6,18240.25,77543.82
200433,5009863,Closed,-1882,0,1705.93,44810.89,18771.13
200343,5009864,Active,-2121,0,15917.95,394010.75,74086.73
101455,5009865,Closed,-2637,0,1862.28,413476.64,3936.69
109362,5009866,Closed,-2274,0,876.78,412015.79,53917.71
108508,5009867,Closed,-526,0,5850.05,535669.07,12042.03
109794,5009868,Active,-1613,10,4356.46,273919.08,10092.13
106316,5009869,Active,-330,0,1250.58,240157.92,170144.18
109993,5009870,Active,-1243,0,439.67,12203.43,22468.82
201224,5009871,Closed,-2982,0,901.15,295254.88,96296.6
107485,5009872,Active,-1162,0,618.18,388485.76,3343.88
200302,5009873,Closed,-2094,0,4362.5,37535.85,407861.87
201944,5009874,Closed,-2505,0,1533.68,29674.43,116896.23
103336,5009875,Closed,-2381,10,5231.98,78744.69,148676.11
108025,5009876,Closed,-2870,0,4744.53,174717.29,68448.34
106580,5009877,Closed,-2156,0,7330.1,10085.86,938.54
109123,5009878,Active,-331,0,10243.64,228655.08,29063.55
201111,5009879,Closed,-1625,0,6214.71,78209.22,13734.23
201148,5009880,Active,-664,0,18.9,203817.12,79520.58
201088,5009881,Active,-466,0,12558.98,375280.88,3399.32
104230,5009882,Active,-1339,0,2080.76,131116.27,12222.29
201935,5009883,Closed,-764,0,481.99,1180327.82,25343.93
102785,5009884,Active,-2992,0,20855.88,399904.95,141167.97
102876,5009885,Closed,-836,0,501.1,314490.78,36991.41
101121,5009886,Closed,-2712,0,1422.47,249104.82,32511.35
104490,5009887,Active,-758,0,4616.18,196509.49,29139.01
102096,5009888,Closed,-2428,0,1018.21,140698.13,186498.99
104592,5009889,Closed,-2975,0,770.52,99225.77,90116.63
101368,5009890,Closed,-401,0,1181.43,33480.21,430451.42
106031,5009891,Closed,-1928,0,2275.68,54417.14,16350.22
101976,5009892,Closed,-2533,0,4456.99,241238.77,263407.27
103621,5009893,Closed,-560,0,3984.6,651997.51,15803.56
108116,5009894,Closed,-1311,0,1399.05,55865.38,35458.38
103733,5009895,Closed,-2630,0,992.5,124686.88,7060.13
200888,5009896,Closed,-1834,0,7226.25,175813.33,30746.96
100954,5009897,Closed,-2753,0,5367.0,174670.65,40798.89
102299,5009898,Active,-2673,0,4648.26,72896.59,90069.0
109203,5009899,Closed,-1707,0,221.62,179909.64,219778.89
109479,5009900,Active,-813,0,2065.95,60764.36,130212.71
104138,5009901,Active,-1136,0,2539.44,404925.23,18728.15
109107,5009902,Closed,-746,0,4113.87,154594.52,3414.23
100035,5009903,Closed,-2481,0,197.9,155550.79,123003.08
107210,5009904,Closed,-2437,0,172.28,143452.14,150565.05
107179,5009905,Closed,-2454,0,2460.23,157630.63,54877.49
201393,5009906,Active,-2304,0,978.64,79339.11,37307.73
104626,5009907,Closed,-840,0,7850.24,334771.63,7961.75
105110,5009908,Closed,-1853,0,6428.67,86291.75,175051.7
100716,5009909,Active,-1144,0,35.13,876491.24,23956.69
109913,5009910,Closed,-1399,0,11315.3,305256.31,177645.3
107944,5009911,Closed,-2402,0,1259.3,24447.66,67328.98
108806,5009912,Closed,-291,0,599.91,174002.75,29716.22
106659,5009913,Closed,-1378,0,6640.32,29020.55,33944.51
101260,5009914,Active,-2013,0,3005.0,1043379.47,170037.5
104457,5009915,Closed,-557,0,6402.29,110999.96,4747.52
105077,5009916,Active,-456,0,5559.34,171195.46,21373.02
109809,5009917,Closed,-2991,0,719.66,485793.95,100082.45
101947,5009918,Active,-2283,0,1160.04,117183.69,47977.85
200553,5009919,Closed,-242,0,5251.69,67750.81,3102.47
109542,5009920,Active,-1677,30,3456.56,151221.18,206826.63
100975,5009921,Closed,-1587,0,5216.79,654372.08,27222.16
101077,5009922,Closed,-1255,0,4410.69,3579.31,16905.11
102903,5009923,Active,-776,0,5758.67,104991.41,88666.45
109686,5009924,Closed,-750,0,2608.64,40515.98,21911.76
103150,5009925,Closed,-6,0,11434.55,474147.27,38954.55
108487,5009926,Active,-2201,0,1032.99,164772.36,160156.23
104694,5009927,Active,-2004,0,6584.15,451142.37,113837.71
109600,5009928,Closed,-64,0,5251.91,451889.16,169631.56
108161,5009929,Active,-83,0,5321.26,256747.1,148056.29
200663,5009930,Active,-2337,0,1446.79,676629.33,84776.81
105651,5009931,Active,-1644,0,24654.74,45109.8,176263.9
102335,5009932,Closed,-2841,0,8637.11,83117.56,250543.72
108501,5009933,Closed,-2930,10,899.79,214519.75,92640.86
101840,5009934,Closed,-1864,0,2922.37,36598.04,38370.43
200697,5009935,Closed,-1864,0,2212.86,401533.94,133245.64
200971,5009936,Closed,-2695,0,6779.79,131141.54,105942.16
200903,5009937,Closed,-1222,0,14171.45,137558.65,256524.4
100836,5009938,Active,-1763,0,69.05,116521.34,7224.13
106403,5009939,Closed,-1239,0,2158.05,110092.6,54348.46
200747,5009940,Active,-2345,0,2398.51,99916.67,90124.77
103341,5009941,Active,-1512,0,1795.19,141292.38,64921.78
102839,5009942,Active,-1707,0,890.21,57595.02,126619.99
108659,5009943,Closed,-286,0,4532.72,212520.49,3045.85
106946,5009944,Closed,-755,0,1598.46,263390.73,171738.01
102994,5009945,Closed,-483,0,3553.35,314589.3,98907.03
106577,5009946,Active,-19,0,2899.02,119178.33,50521.93
104638,5009947,Closed,-2060,0,4129.22,396534.39,185102.62
107959,5009948,Closed,-676,0,2290.98,162312.33,15594.1
109684,5009949,Closed,-2170,30,1345.38,466326.81,183288.12
102031,5009950,Active,-1355,0,612.8,210126.13,71640.26
100172,5009951,Active,-1451,0,11873.86,11014.13,91372.71
107197,5009952,Closed,-761,0,1584.65,513129.51,147967.62
105071,5009953,Active,-1762,0,6571.15,438345.09,141178.26
102747,5009954,Active,-878,0,9775.7,81604.75,16369.53
107887,5009955,Closed,-2541,10,7622.32,482457.82,222060.89
103384,5009956,Active,-1582,0,19575.12,798135.66,26894.29
105490,5009957,Closed,-244,0,3077.71,296652.64,18278.74
105258,5009958,Active,-1869,0,33.82,283766.49,26400.8
200278,5009959,Closed,-1851,0,1024.6,265045.49,55254.92
102206,5009960,Closed,-17,0,5299.79,32220.98,47028.82
109012,5009961,Closed,-2349,0,6701.94,92369.92,180055.55
201094,5009962,Closed,-400,0,9085.92,146312.4,163863.32
200449,5009963,Closed,-1742,0,6941.36,25408.99,23793.61
106160,5009964,Closed,-1159,0,158.5,13826.18,86868.22
102149,5009965,Active,-1697,0,1131.73,354241.9,107003.86
102488,5009966,Closed,-2397,0,13519.57,331229.28,174767.58
101740,5009967,Active,-1975,0,1992.01,216360.21,57091.77
104963,5009968,Active,-1494,0,1217.02,422062.76,84802.51
106736,5009969,Closed,-535,0,745.73,72565.34,56547.56
102917,5009970,Closed,-1622,0,3067.31,181497.85,42065.72
104773,5009971,Active,-1701,0,1044.09,351868.92,130656.87
107136,5009972,Closed,-2079,0,469.72,314911.55,136229.79
100720,5009973,Active,-404,0,1732.92,325233.65,335023.03
109811,5009974,Closed,-533,0,3102.17,203356.35,7404.43
200809,5009975,Closed,-2180,0,5821.59,250255.07,52107.46
102538,5009976,Active,-1087,0,10672.95,698939.33,58300.21
201522,5009977,Closed,-2691,0,618.54,90281.17,78969.37
105886,5009978,Closed,-1168,0,263.8,505723.62,245740.43
100444,5009979,Closed,-2254,0,1667.52,250891.59,165184.0
107499,5009980,Active,-2915,0,7657.4,162266.95,25641.04
106724,5009981,Closed,-1768,0,2847.55,24782.48,64269.72
109945,5009982,Closed,-310,0,6473.61,358289.39,107218.83
100063,5009983,Closed,-2507,0,2899.05,111682.63,31376.24
103429,5009984,Active,-2099,0,1470.52,228400.59,146804.15
101614,5009985,Closed,-2335,10,1435.42,10825.05,417434.24
101374,5009986,Closed,-1133,0,6851.76,175462.51,103194.96
106347,5009987,Active,-979,0,1459.85,99234.72,44712.95
105583,5009988,Active,-2541,0,5062.54,187026.91,86033.84
103575,5009989,Closed,-1484,0,20504.95,48439.01,122754.57
108632,5009990,Closed,-1890,0,231.86,1660.52,202061.88
107641,5009991,Closed,-1824,30,1845.5,383331.47,262490.89
200011,5009992,Active,-1784,0,705.42,114562.86,336327.39
105010,5009993,Closed,-1668,0,4660.44,335171.22,113329.46
108013,5009994,Closed,-2291,0,757.74,118986.73,152042.47
109568,5009995,Closed,-798,0,1879.62,176303.19,1393.98
100510,5009996,Active,-2304,0,1588.16,126265.05,13725.1
107528,5009997,Closed,-542,0,12032.81,274451.24,80398.77
201940,5009998,Closed,-696,0,1510.24,260794.31,85529.35
108854,5009999,Closed,-1393,0,6281.66,449053.0,139588.85
102581,5010000,Closed,-1762,0,13999.01,417846.73,248892.47
108008,5010001,Active,-25,0,9248.9,172082.87,197510.45
108994,5010002,Closed,-445,0,376.44,158016.26,71101.81
104759,5010003,Closed,-1214,0,1257.79,29087.58,150563.19
201962,5010004,Closed,-2214,0,10602.4,153814.79,26258.5
107795,5010005,Closed,-1869,10,1087.55,180319.91,204454.97
100598,5010006,Closed,-195,0,14810.8,23546.06,12644.41
107034,5010007,Active,-2599,0,326.61,141474.11,56815.26
109108,5010008,Active,-1834,0,15879.81,201634.27,5571.72
200099,5010009,Active,-2861,0,8491.74,26960.9,129949.14
105765,5010010,Closed,-1080,0,530.88,565412.29,91433.68
102004,5010011,Closed,-609,0,340.71,59481.41,34896.06
108074,5010012,Closed,-132,0,2182.42,351296.31,19968.33
109051,5010013,Closed,-476,0,1797.22,187577.25,25374.81
101878,5010014,Active,-2949,0,1207.69,88988.48,151727.44
107436,5010015,Closed,-1108,0,2457.39,231373.73,11567.56
108121,5010016,Closed,-1166,0,3797.98,357317.88,33372.69
107449,5010017,Closed,-2791,0,1060.27,1057.66,38003.75
108298,5010018,Closed,-1623,0,1041.73,127010.23,70988.02
103315,5010019,Closed,-251,0,2395.29,163961.99,240259.84
201817,5010020,Active,-1499,0,787.62,183317.39,25702.33
100865,5010021,Active,-1425,0,2717.71,106122.51,18139.14
100055,5010022,Closed,-2162,0,10115.87,3174.47,129388.62
200920,5010023,Closed,-1345,0,5997.34,173395.79,116057.59
104512,5010024,Closed,-516,0,448.53,373508.64,122742.75
105611,5010025,Closed,-808,0,10972.38,403928.03,47697.56
200365,5010026,Closed,-2597,0,10334.02,33449.74,2659.63
109328,5010027,Closed,-154,0,631.82,150080.81,414815.94
201843,5010028,Closed,-1892,0,1017.16,93044.13,28035.41
102535,5010029,Active,-1449,0,3469.31,428539.73,36307.87
201628,5010030,Active,-248,0,611.8,24478.39,117780.58
101375,5010031,Active,-1342,0,6090.19,73053.01,58689.97
200644,5010032,Closed,-2186,0,1070.2,50634.27,142642.4
108239,5010033,Closed,-2508,0,4092.95,31730.2,71012.08
103713,5010034,Closed,-2778,0,8005.8,39740.37,42413.22
100076,5010035,Closed,-1148,0,3888.77,573277.12,72958.36
102451,5010036,Closed,-2694,0,6386.21,364678.4,17847.7
200872,5010037,Active,-680,10,1200.95,118946.11,42882.47
103069,5010038,Active,-1220,0,735.23,134944.12,18948.12
102278,5010039,Active,-2516,0,14383.37,102981.9,81533.41
108403,5010040,Active,-2285,0,251.49,79912.76,32328.15
104803,5010041,Closed,-2048,0,2707.98,203696.23,61043.76
200774,5010042,Closed,-249,0,7095.78,206183.59,10392.98
200730,5010043,Active,-1165,0,5741.19,480.78,61670.0
107493,5010044,Closed,-908,0,7032.36,123573.41,76268.41
100167,5010045,Closed,-1867,0,951.28,508515.58,34270.65
200584,5010046,Closed,-2759,0,22961.77,293733.7,228858.78
100530,5010047,Closed,-1381,10,4514.74,22648.48,149282.43
105042,5010048,Closed,-2588,0,1881.66,14746.52,79825.68
105935,5010049,Closed,-2480,0,618.14,8248.09,17660.82
101497,5010050,Closed,-1043,0,404.3,340697.57,52166.74
201186,5010051,Closed,-2648,0,3220.1,522799.33,302908.54
100870,5010052,Active,-86,0,3595.72,54253.98,27312.54
100665,5010053,Closed,-750,10,1214.86,175210.31,103880.08
108754,5010054,Closed,-138,0,5937.15,338152.61,20974.58
106447,5010055,Closed,-385,0,13890.16,598705.6,110624.15
108195,5010056,Active,-1117,0,445.24,237977.15,172911.16
103136,5010057,Active,-2772,0,2174.71,103656.79,93608.88
108166,5010058,Closed,-927,0,3455.39,129117.16,96279.57
106615,5010059,Active,-187,0,7862.96,79065.13,78564.18
107836,5010060,Active,-100,0,3530.34,64137.93,134029.92
109824,5010061,Closed,-41,0,791.89,168985.17,192417.85
107696,5010062,Closed,-1468,0,565.31,79518.93,173949.19
108961,5010063,Closed,-2316,0,9711.3,15531.65,139157.15
106367,5010064,Active,-717,0,4011.51,105314.44,62285.6
103099,5010065,Closed,-2185,30,662.91,550063.58,391537.58
105068,5010066,Closed,-1152,0,1838.99,35529.73,110654.55
103244,5010067,Closed,-1748,0,4711.53,113786.98,84380.06
201726,5010068,Active,-580,0,5802.28,797800.84,26120.44
109431,5010069,Closed,-1531,0,10531.01,384860.44,32540.52
105736,5010070,Closed,-1041,0,9947.5,21348.32,32534.66
102052,5010071,Active,-875,0,9285.22,140722.96,11730.28
100802,5010072,Closed,-2157,0,766.99,195698.36,146714.45
105283,5010073,Active,-2733,0,7394.69,63283.07,108171.81
107732,5010074,Closed,-2107,0,1107.69,20845.98,25811.0
101920,5010075,Active,-1794,0,2727.59,179380.97,6832.24
101600,5010076,Active,-2709,0,1525.49,30922.34,42883.17
105848,5010077,Active,-1729,0,1102.51,34066.75,147418.76
103046,5010078,Active,-2547,0,6336.46,242696.95,118146.99
102129,5010079,Closed,-1530,0,14147.97,118928.59,71377.35
100096,5010080,Active,-2238,0,2999.04,13272.41,103431.75
109479,5010081,Closed,-2019,0,6781.15,179340.77,18026.24
104030,5010082,Closed,-2527,0,3526.07,344939.8,200643.54
100353,5010083,Closed,-2989,0,6711.11,651383.36,106115.09
100667,5010084,Closed,-912,0,527.42,154215.35,71218.06
107150,5010085,Closed,-702,0,1727.04,54353.55,12228.51
109367,5010086,Closed,-1154,0,4079.45,160226.51,11604.54
102717,5010087,Closed,-883,0,7129.1,555211.28,11244.32
104117,5010088,Closed,-2149,0,1039.18,27252.26,120261.54
101887,5010089,Closed,-2802,0,3936.3,82080.81,22750.19
100448,5010090,Active,-708,0,9980.42,33375.91,127530.14
104998,5010091,Active,-120,0,5096.39,34766.5,124660.79
108450,5010092,Active,-538,0,8616.79,382339.18,11356.31
104717,5010093,Closed,-2152,0,7174.59,162617.38,457919.44
107863,5010094,Active,-580,0,5115.86,480436.05,185089.64
201999,5010095,Active,-1782,0,1550.28,57448.89,206936.82
106773,5010096,Active,-470,0,2937.94,120622.47,13361.25
107422,5010097,Closed,-986,0,1478.05,357501.46,9103.33
103691,5010098,Closed,-1304,0,6508.25,420283.2,42757.34
201047,5010099,Active,-561,0,4436.74,443756.04,5657.24
101205,5010100,Closed,-2025,0,847.78,395712.41,93081.05
102327,5010101,Active,-2551,0,7439.69,519053.22,95084.62
107322,5010102,Active,-2097,0,3135.81,586822.26,37693.92
103866,5010103,Active,-1691,0,1380.64,106397.99,28250.24
109847,5010104,Closed,-2832,0,5308.06,355439.6,233667.12
109298,5010105,Closed,-2212,0,588.81,51514.5,36396.93
101131,5010106,Closed,-2804,0,5380.94,59758.76,112969.53
109428,5010107,Closed,-2824,0,240.74,146895.08,134842.76
109500,5010108,Active,-572,30,646.7,106184.99,22519.84
103280,5010109,Closed,-818,0,4799.3,27955.28,26450.17
103431,5010110,Active,-2929,0,1330.48,127870.46,34943.87
104425,5010111,Active,-1442,0,21508.05,26732.22,77034.32
201713,5010112,Closed,-815,0,12176.75,498298.32,92302.73
108955,5010113,Closed,-2993,0,7963.94,448987.89,202310.87
101199,5010114,Active,-1625,0,3754.48,217247.97,98104.45
107884,5010115,Active,-1892,0,368.96,995244.31,107083.96
201243,5010116,Closed,-641,0,50.76,44360.57,5867.0
108058,5010117,Active,-797,0,13171.6,220886.84,32384.4
105084,5010118,Closed,-491,0,4828.2,453457.54,11204.37
104089,5010119,Closed,-1174,0,2824.91,14954.39,17019.49
107595,5010120,Closed,-653,0,2272.39,69445.55,9606.0
107351,5010121,Closed,-2704,0,6514.34,115398.31,97535.71
201119,5010122,Active,-1414,0,2582.67,37633.52,116482.32
100553,5010123,Active,-1894,0,1888.04,451233.51,192602.3
102523,5010124,Active,-1298,0,1010.14,326465.76,35648.6
109435,5010125,Closed,-2661,0,3553.07,27542.99,118161.69
106575,5010126,Closed,-2883,0,3969.19,99544.17,186301.13
100491,5010127,Closed,-1511,0,5027.41,319374.4,162310.29
105630,5010128,Closed,-770,0,71.63,136072.01,24572.99
108317,5010129,Closed,-2510,0,6623.5,214534.26,33111.12
106303,5010130,Closed,-1817,0,19978.36,55927.66,112241.21
106132,5010131,Closed,-1167,0,1965.42,179030.44,121934.32
100415,5010132,Active,-1170,0,10847.66,161311.11,42891.87
200059,5010133,Closed,-1848,0,2871.33,80628.55,95460.6
101777,5010134,Closed,-911,0,2472.75,155960.65,11808.51
200315,5010135,Active,-1008,0,568.14,118320.96,278224.26
109294,5010136,Closed,-1865,0,561.63,44152.24,20220.64
101002,5010137,Closed,-825,0,3713.77,442150.41,317521.64
101197,5010138,Closed,-495,0,11173.01,854148.33,83148.7
103900,5010139,Closed,-2289,0,199.69,119591.29,4474.69
200136,5010140,Closed,-2430,0,1854.99,423217.26,18432.34
103660,5010141,Active,-1951,0,5560.15,190757.01,19124.09
106316,5010142,Closed,-908,0,3920.57,62840.85,3508.37
102643,5010143,Closed,-139,0,1830.23,200638.78,53528.65
109748,5010144,Closed,-2046,0,859.08,347688.3,53935.59
106267,5010145,Closed,-1714,0,2801.23,32102.56,86989.56
201314,5010146,Closed,-1386,0,7281.34,295540.38,35005.74
101413,5010147,Closed,-1377,0,11096.84,494478.77,64712.39
105856,5010148,Active,-2276,0,13473.39,253996.56,70765.53
100699,5010149,Closed,-2555,0,1255.27,950512.42,73574.75
101911,5010150,Active,-1348,0,6199.38,109294.25,128088.53
104125,5010151,Closed,-395,30,3779.69,42429.15,7790.55
106911,5010152,Closed,-45,0,8020.61,16423.33,432.28
103284,5010153,Active,-395,0,7934.35,3472.59,111511.15
103825,5010154,Closed,-1530,0,5351.5,128941.5,125238.21
102802,5010155,Closed,-495,0,10796.17,175064.68,239233.72
105297,5010156,Closed,-1059,0,4908.57,342667.61,140153.37
101990,5010157,Closed,-2517,0,1045.63,287966.55,58169.13
105143,5010158,Closed,-758,0,15963.16,43605.83,65501.79
200951,5010159,Closed,-959,0,3448.75,24245.84,24605.84
100494,5010160,Closed,-1874,0,7131.65,32870.85,12816.08
109096,5010161,Closed,-77,0,4383.19,623832.41,62420.48
101770,5010162,Active,-2290,0,5868.05,134094.25,19832.46
100931,5010163,Closed,-1784,0,625.68,446804.43,100910.44
102848,5010164,Active,-727,0,1286.26,709388.86,119240.83
105582,5010165,Active,-185,0,14102.36,43699.45,72779.32
109511,5010166,Closed,-420,0,8806.14,401224.11,174047.63
201952,5010167,Closed,-2631,0,11991.66,188371.65,57816.55
105782,5010168,Closed,-2231,0,6825.36,333953.4,117323.04
102241,5010169,Closed,-1896,0,8767.69,130862.1,174878.48
102577,5010170,Closed,-1599,0,11490.38,191914.01,27634.08
106884,5010171,Closed,-914,0,528.53,239864.62,160732.78
103495,5010172,Closed,-1231,0,2310.64,285088.97,96496.5
107836,5010173,Closed,-1910,10,2397.56,247713.88,15842.05
103832,5010174,Closed,-1801,0,2745.66,55427.01,36848.24
102351,5010175,Closed,-2188,0,12392.09,144437.83,41701.04
106054,5010176,Active,-2944,0,2492.16,25007.83,444243.1
106627,5010177,Closed,-2263,0,1003.44,196914.28,19826.83
104587,5010178,Active,-534,0,4600.61,351421.15,90346.63
108040,5010179,Closed,-672,0,7093.07,169725.19,37726.39
109067,5010180,Active,-2507,0,14342.29,226387.86,27204.7
108102,5010181,Closed,-2158,0,1474.97,28856.66,26739.21
108809,5010182,Active,-926,0,74.02,23335.44,55875.74
200091,5010183,Closed,-1929,0,12929.78,34701.75,33278.49
104273,5010184,Active,-299,0,9436.4,20946.68,42967.28
102301,5010185,Closed,-2495,0,26977.77,33873.43,8264.59
100684,5010186,Closed,-2723,0,1659.53,133213.81,56324.16
104032,5010187,Closed,-809,0,314.69,64040.48,76876.35
109378,5010188,Active,-759,0,9630.64,263504.33,156910.9
102982,5010189,Closed,-1179,0,6819.45,426623.35,14997.57
106254,5010190,Closed,-652,0,3137.31,432097.05,100539.09
101728,5010191,Closed,-1948,0,1198.01,137712.21,14720.78
106212,5010192,Closed,-1505,0,697.67,71808.52,66623.23
102367,5010193,Active,-1915,0,1528.6,253050.1,33935.63
201769,5010194,Active,-2402,0,1565.95,102009.18,89608.21
201334,5010195,Active,-2344,0,728.65,85721.63,23703.97
100261,5010196,Closed,-1251,0,25650.28,41769.2,73280.16
102654,5010197,Active,-975,0,1118.95,3586.94,54992.98
102133,5010198,Active,-1066,0,2409.21,65357.37,48388.16
109234,5010199,Closed,-1795,0,12024.2,1745.35,18148.23
104360,5010200,Closed,-1542,0,4833.4,74569.08,48542.65
109201,5010201,Closed,-1127,0,1442.11,228629.17,42094.85
101131,5010202,Active,-536,0,1969.43,20690.73,38266.93
105762,5010203,Closed,-2214,0,1248.52,16386.46,45052.57
108255,5010204,Closed,-1263,0,1087.43,104735.28,29195.58
100314,5010205,Closed,-975,0,1419.79,180642.05,7663.07
109304,5010206,Closed,-2809,0,719.8,113101.05,31658.16
101498,5010207,Closed,-2746,0,6916.67,285613.46,84656.03
104825,5010208,Closed,-719,0,2540.04,14072.64,51415.06
107210,5010209,Active,-1199,0,12770.56,104906.24,25334.19
103633,5010210,Closed,-1660,0,381.5,205384.68,5806.43
108887,5010211,Closed,-2251,0,13851.2,91829.8,27466.11
101921,5010212,Active,-776,0,4206.61,140402.57,54631.26
102982,5010213,Closed,-2605,0,11042.72,211657.37,20171.89
102056,5010214,Closed,-69,0,2991.27,212593.11,17601.45
109768,5010215,Closed,-2416,0,5069.03,550961.55,46212.45
107451,5010216,Closed,-1121,0,981.74,433386.5,42221.14
108214,5010217,Closed,-1380,0,9595.52,485211.11,70088.44
103813,5010218,Active,-1507,0,783.58,311898.64,5457.44
200375,5010219,Closed,-2267,0,1845.02,164069.68,125841.04
200199,5010220,Closed,-8,10,3289.52,110922.1,46219.4
100232,5010221,Closed,-1425,0,2470.15,507658.6,7679.91
104216,5010222,Active,-2769,0,1830.3,137394.24,36393.37
201593,5010223,Active,-2931,0,7370.16,23131.33,147269.39
101628,5010224,Active,-587,0,4132.06,26073.39,78495.32
103272,5010225,Active,-1083,0,7014.17,307741.18,23672.94
101778,5010226,Active,-1272,0,243.72,229571.97,70972.03
108028,5010227,Closed,-872,0,7272.53,294509.81,240026.22
103995,5010228,Closed,-2782,0,6211.05,189766.42,40234.48
101695,5010229,Active,-1265,0,1410.48,115544.82,1870.63
109970,5010230,Closed,-445,0,2493.89,130814.5,275370.94
102803,5010231,Active,-438,0,17304.69,85611.25,32384.11
103838,5010232,Closed,-1063,0,8732.62,81716.05,121992.54
200650,5010233,Closed,-1936,0,858.64,149573.28,133352.61
201605,5010234,Active,-644,0,438.07,1180403.49,36197.03
200016,5010235,Active,-12,0,9600.16,51529.17,1458.24
200955,5010236,Closed,-2395,0,1123.99,114311.78,134457.35
104857,5010237,Closed,-878,0,406.94,32010.72,243323.95
108777,5010238,Closed,-331,0,1826.37,25258.73,98646.89
104192,5010239,Active,-1648,0,659.71,94635.29,132540.55
104768,5010240,Closed,-1022,10,8820.73,18145.06,18714.96
105282,5010241,Active,-718,30,4144.18,464492.37,24643.24
101331,5010242,Active,-28,0,1380.72,9747.09,516478.11
100659,5010243,Closed,-1027,0,756.16,790791.23,54792.54
109277,5010244,Closed,-302,0,18187.91,346969.3,19919.01
109966,5010245,Active,-860,0,499.38,284483.8,8206.62
108149,5010246,Closed,-596,0,8589.05,115184.02,110456.55
100249,5010247,Closed,-1128,0,1544.26,275522.06,44840.32
107486,5010248,Closed,-1058,0,1239.18,732672.4,8807.13
101717,5010249,Active,-392,0,1318.27,283679.84,188103.73
200563,5010250,Active,-2039,0,16946.1,113789.08,132090.55
107626,5010251,Closed,-2595,10,2571.09,145758.02,160975.79
107988,5010252,Active,-362,0,7902.99,82244.8,955.02
105366,5010253,Closed,-1859,0,1059.63,60547.37,27006.8
100320,5010254,Closed,-951,10,7824.56,302994.69,92772.49
106140,5010255,Closed,-1163,0,8399.21,21164.6,292909.44
100343,5010256,Active,-872,0,5812.32,55884.98,80357.25
104093,5010257,Closed,-1683,0,5098.4,161064.36,984.3
102916,5010258,Closed,-54,0,5643.46,108131.16,100858.65
108014,5010259,Closed,-461,0,18615.07,162019.97,14829.01
100277,5010260,Closed,-2070,0,8363.47,172306.14,83266.1
100590,5010261,Closed,-849,0,8777.97,86758.99,75463.91
104527,5010262,Closed,-1481,0,2616.33,271104.6,67427.29
200039,5010263,Active,-1923,0,251.18,172050.19,45762.46
102076,5010264,Active,-1868,0,5287.97,277423.79,2357.67
103882,5010265,Closed,-2719,0,5491.25,276554.21,156218.35
201882,5010266,Closed,-1484,0,2429.77,257791.0,17940.61
107881,5010267,Closed,-1537,0,5846.42,166970.91,19933.4
105366,5010268,Closed,-2419,0,15959.15,67421.7,11521.15
201601,5010269,Closed,-2001,0,4908.7,184152.22,40661.63
102234,5010270,Active,-2159,0,6594.84,221387.45,19846.22
101894,5010271,Closed,-2402,10,8184.17,371598.64,42657.35
107145,5010272,Closed,-1104,0,870.52,67494.26,161005.59
101454,5010273,Active,-2240,0,2669.47,971276.95,285479.29
102053,5010274,Closed,-2767,0,5906.28,38857.95,95029.42
103576,5010275,Closed,-1214,0,2875.09,655467.93,36628.32
106629,5010276,Closed,-463,0,3898.22,89063.54,41365.27
109747,5010277,Closed,-21,0,6414.68,30326.23,22011.59
107590,5010278,Closed,-2002,0,8280.96,339128.52,72719.53
200620,5010279,Active,-1198,0,4167.12,251565.81,95656.55
104678,5010280,Closed,-388,0,2398.83,166293.37,183230.31
201441,5010281,Closed,-1126,30,911.79,319153.76,161106.73
107424,5010282,Closed,-611,0,1940.14,72506.81,47653.05
101267,5010283,Closed,-2661,0,3197.94,305251.35,93646.41
201244,5010284,Closed,-2250,0,907.34,141407.72,38292.39
106213,5010285,Closed,-1358,0,466.51,253805.07,133472.06
101736,5010286,Closed,-289,0,1105.34,198857.7,232320.08
201196,5010287,Closed,-898,0,4003.9,232016.08,138032.56
107009,5010288,Closed,-1743,0,2851.49,17986.31,9621.37
107566,5010289,Closed,-1620,0,6800.06,249479.49,191621.88
107606,5010290,Active,-1976,0,2189.83,22047.98,3573.36
109288,5010291,Closed,-2502,0,2217.73,23734.11,43215.74
107532,5010292,Closed,-2280,0,226.76,79402.44,62540.06
100955,5010293,Closed,-1618,0,1421.24,56711.89,62640.77
103037,5010294,Active,-2295,0,2859.61,424136.27,13823.06
106152,5010295,Closed,-2402,0,5133.7,130747.02,185568.8
107239,5010296,Active,-736,0,1822.55,15737.95,165449.38
104448,5010297,Closed,-2824,0,3865.06,440144.95,46668.17
102369,5010298,Active,-2902,0,1915.83,163521.5,31110.55
102377,5010299,Active,-2531,0,3862.57,66348.54,56422.54
200890,5010300,Closed,-915,0,3608.4,90223.55,50238.33
100567,5010301,Closed,-1260,0,6870.21,443305.68,22832.48
106088,5010302,Closed,-1390,0,2049.66,31626.56,20784.15
108730,5010303,Active,-1138,0,3060.26,23959.66,41177.19
107103,5010304,Closed,-2631,0,417.0,94568.2,7423.34
200190,5010305,Closed,-178,0,3546.27,18560.05,200454.18
105203,5010306,Closed,-1163,0,9570.83,422718.12,73709.62
107943,5010307,Closed,-94,0,6583.27,190677.11,5884.1
100781,5010308,Active,-187,0,8145.2,50914.54,275232.15
201286,5010309,Closed,-293,0,1678.79,53582.05,247348.43
106324,5010310,Closed,-742,0,8139.7,32778.94,7304.4
109400,5010311,Active,-2110,0,6846.62,218976.27,16342.26
201048,5010312,Active,-1826,0,10327.75,254409.02,73526.54
200850,5010313,Closed,-291,0,2924.84,37003.78,96934.57
103013,5010314,Closed,-1551,0,11066.67,117275.63,46558.0
106926,5010315,Closed,-2982,0,278.37,515980.62,214568.6
107273,5010316,Closed,-16,0,1575.11,6612.64,18741.21
107964,5010317,Closed,-2530,0,9611.18,35001.19,270451.61
108135,5010318,Closed,-799,0,4752.04,67968.04,153996.32
101937,5010319,Active,-2992,0,7020.97,15079.14,1668.81
102978,5010320,Closed,-1499,0,4523.3,28090.85,13675.1
105016,5010321,Closed,-741,30,156.61,11628.32,489862.51
105160,5010322,Closed,-2836,0,10300.03,375228.4,143097.28
104566,5010323,Closed,-149,0,5047.78,52849.99,120790.05
107972,5010324,Active,-2549,0,2196.82,53009.52,87770.38
103593,5010325,Closed,-36,0,13409.25,59373.02,31374.02
109750,5010326,Closed,-2127,0,1177.02,423705.94,4861.87
109531,5010327,Active,-670,0,2100.98,44857.98,16885.0
104621,5010328,Active,-782,0,1772.88,28067.86,69572.03
105709,5010329,Closed,-1594,0,6130.07,5342.23,31563.34
106288,5010330,Closed,-247,0,192.21,40758.88,16604.2
104344,5010331,Closed,-1873,0,2151.2,167927.92,1273.11
201400,5010332,Active,-578,0,1139.23,192190.85,40087.92
106514,5010333,Closed,-2682,0,1968.45,199612.99,82843.3
200545,5010334,Closed,-2642,10,2096.46,19875.25,163744.21
106763,5010335,Closed,-2382,0,8481.72,21071.33,74194.22
106382,5010336,Active,-1447,0,9764.16,387872.03,1680.12
108820,5010337,Active,-2551,0,10251.04,78404.69,3398.78
100599,5010338,Active,-2248,0,7028.91,534240.51,4490.03
101718,5010339,Closed,-1153,0,44.55,78045.59,43437.89
105287,5010340,Closed,-1777,0,219.09,19759.27,4116.29
103844,5010341,Active,-10,0,4522.35,49767.93,80440.85
200513,5010342,Closed,-1083,0,1282.23,31319.66,5785.82
100960,5010343,Active,-2760,10,2142.95,4062.57,42954.02
106893,5010344,Closed,-2802,0,1204.28,160813.16,19896.26
102564,5010345,Closed,-2545,0,382.44,48385.58,75867.65
200729,5010346,Closed,-2699,0,886.51,112931.67,12094.13
106482,5010347,Closed,-2341,0,4179.96,39672.67,32607.84
107870,5010348,Closed,-71,0,411.74,162477.72,190571.21
108196,5010349,Active,-2538,10,1634.04,136027.67,106641.72
100493,5010350,Closed,-423,0,3371.82,278386.06,126996.67
106496,5010351,Active,-2065,0,1032.24,259549.33,21173.28
103472,5010352,Closed,-8,0,1711.98,279989.98,52310.2
106834,5010353,Closed,-2053,0,628.7,9862.2,53747.17
103899,5010354,Active,-1645,0,10391.65,462153.49,203987.97
101527,5010355,Closed,-2220,0,1559.76,37989.39,120207.36
100538,5010356,Closed,-2541,0,8244.99,14165.92,62007.08
102890,5010357,Closed,-223,0,2082.67,326360.98,149984.65
201635,5010358,Closed,-2718,0,1123.3,31493.46,118759.39
103225,5010359,Active,-821,0,7091.66,557087.75,61805.4
102552,5010360,Active,-1362,0,3872.97,31612.28,24338.28
105593,5010361,Closed,-2137,0,4340.77,359536.84,608.19
105461,5010362,Closed,-2094,0,1215.54,257989.73,105418.81
107088,5010363,Closed,-119,0,16655.54,454979.05,118380.91
109367,5010364,Active,-1673,0,3481.88,98364.48,31828.03
106047,5010365,Closed,-2321,0,2518.57,47470.51,7045.06
105830,5010366,Active,-2455,0,18821.05,247012.76,3140.36
200185,5010367,Closed,-2335,0,4229.64,431187.44,79969.31
109183,5010368,Active,-1574,0,10299.66,4377.23,32434.97
106549,5010369,Closed,-2777,0,2400.41,60676.49,33633.13
200042,5010370,Active,-2928,0,468.04,159390.74,166852.24
106837,5010371,Active,-2497,0,249.01,264709.07,71827.5
107172,5010372,Closed,-494,0,11168.25,178026.17,243672.6
101652,5010373,Closed,-356,0,16150.4,236318.52,49429.91
104468,5010374,Closed,-1063,0,2519.2,202250.02,205700.75
103337,5010375,Closed,-2021,0,3587.41,608992.28,110462.26
105820,5010376,Closed,-1123,0,2087.18,328256.27,111469.29
102636,5010377,Active,-264,0,5445.02,35437.63,113289.46
201828,5010378,Closed,-2200,0,10302.7,243006.16,73463.86
109713,5010379,Closed,-2971,0,13631.67,567159.9,247702.96
106100,5010380,Active,-418,0,605.34,81336.84,153184.17
107030,5010381,Closed,-551,0,2694.67,86680.25,4718.55
106727,5010382,Closed,-697,0,166.55,163741.35,38187.86
101105,5010383,Closed,-2637,0,4.36,47538.95,29280.35
107532,5010384,Closed,-386,0,5782.49,31919.12,69260.1
106887,5010385,Active,-2140,10,2735.14,308122.27,43065.86
200475,5010386,Closed,-1380,0,3412.7,97242.28,12736.99
105315,5010387,Closed,-2987,0,5800.77,15019.46,96151.62
200738,5010388,Closed,-2889,0,15908.63,358070.26,110149.66
200414,5010389,Active,-2594,0,1315.65,438096.74,92742.76
108887,5010390,Closed,-2765,0,2333.89,463541.07,71096.8
104031,5010391,Closed,-1845,0,2812.36,150408.71,42045.72
101714,5010392,Active,-44,0,1135.9,19937.85,20114.41
201834,5010393,Closed,-2104,0,5975.75,779650.73,27320.08
101474,5010394,Closed,-1280,0,6390.97,720784.5,33207.21
103032,5010395,Active,-314,0,2679.38,21172.86,42622.49
100985,5010396,Active,-173,0,2750.99,402409.03,61077.37
201275,5010397,Active,-1576,0,7142.35,84386.59,2218.67
200180,5010398,Closed,-718,0,1519.55,371335.87,154450.52
100583,5010399,Closed,-2294,0,4004.36,86843.13,150861.14
100927,5010400,Closed,-429,0,2131.57,241612.56,24958.64
200747,5010401,Active,-806,0,1012.61,47337.06,156399.08
104214,5010402,Closed,-602,0,167.34,1373207.41,5493.51
201830,5010403,Closed,-1293,0,4914.52,623775.63,60829.21
109418,5010404,Closed,-1881,0,6278.54,80740.03,11145.04
104060,5010405,Closed,-1463,0,19913.88,142487.66,76021.71
109901,5010406,Closed,-1917,0,27820.44,12449.09,40780.7
107826,5010407,Closed,-2195,0,977.09,419109.82,41275.09
106311,5010408,Closed,-759,0,28335.96,4650.55,11444.28
104503,5010409,Closed,-2561,0,7878.65,247108.15,7790.71
101852,5010410,Closed,-1090,0,6504.46,14073.4,132506.15
201053,5010411,Closed,-949,0,13739.32,42103.49,252235.21
200632,5010412,Closed,-2541,0,8282.76,289839.13,46203.95
201030,5010413,Closed,-1686,0,14.28,131371.31,46846.99
200147,5010414,Closed,-526,0,7900.84,124051.21,9043.92
103404,5010415,Closed,-676,0,7663.11,3292.03,2681.02
103443,5010416,Closed,-2602,0,2492.89,222250.96,80864.07
102756,5010417,Active,-1318,0,2818.67,54775.53,99182.0
104693,5010418,Active,-1320,0,1917.68,76182.12,18032.85
102968,5010419,Closed,-2640,0,30342.91,583284.39,20276.46
100069,5010420,Closed,-2982,0,5818.37,96794.31,6111.77
102499,5010421,Closed,-797,0,7522.57,350798.39,171545.38
103004,5010422,Active,-2454,0,4870.02,708205.5,37120.22
103602,5010423,Active,-360,0,7479.46,276658.92,156166.19
103241,5010424,Active,-508,30,2155.2,112153.93,125294.09
201359,5010425,Closed,-1349,0,3488.6,2604.06,163857.32
109023,5010426,Active,-2427,0,209.88,128004.45,81968.05
200411,5010427,Closed,-2328,0,487.96,134807.02,27920.71
108003,5010428,Closed,-583,0,11973.85,11121.18,8149.38
100460,5010429,Closed,-1,0,11475.46,131517.81,216374.98
100367,5010430,Closed,-1636,0,533.34,297188.37,79370.24
105791,5010431,Closed,-2510,0,5006.52,1503444.91,58447.67
108805,5010432,Closed,-799,30,3352.4,449292.24,17486.37
104836,5010433,Closed,-2896,0,5213.98,209387.32,33405.67
201868,5010434,Closed,-1160,0,34944.7,348926.88,20990.18
102827,5010435,Closed,-1748,0,5655.13,58690.04,168825.95
104919,5010436,Closed,-2551,0,794.61,221080.12,131230.42
101956,5010437,Active,-939,0,6348.63,221216.25,89912.95
201586,5010438,Active,-967,0,3012.48,133735.36,8914.16
102730,5010439,Closed,-2770,0,5132.33,115350.96,102372.48
101926,5010440,Closed,-1695,0,308.24,52317.91,130334.83
100464,5010441,Closed,-472,0,7629.51,128450.28,3671.73
103827,5010442,Active,-2912,0,12929.49,139329.68,326891.91
101600,5010443,Active,-2876,0,11549.48,357576.28,49628.27
106676,5010444,Closed,-838,0,1443.85,67062.32,27644.34
109049,5010445,Closed,-2058,0,5262.7,164314.5,32447.32
100499,5010446,Active,-1194,0,2918.25,233540.0,62014.77
109787,5010447,Closed,-2297,0,1777.72,33670.39,14099.67
106875,5010448,Closed,-1904,0,2270.64,118763.85,45542.88
100934,5010449,Closed,-2154,0,18128.59,64635.77,67929.15
201551,5010450,Closed,-524,0,5764.2,458.87,74737.97
106836,5010451,Closed,-1357,0,1239.34,281112.32,105163.51
108296,5010452,Closed,-1871,0,4563.87,265334.56,31127.23
105100,5010453,Closed,-1091,0,87.36,68581.82,9678.76
103138,5010454,Closed,-2230,0,4227.79,3979.67,31109.12
107843,5010455,Closed,-659,0,1331.42,563552.25,77384.98
108160,5010456,Active,-1005,0,3576.32,214164.83,207478.71
102318,5010457,Closed,-2330,0,6125.47,248114.01,37476.96
105314,5010458,Closed,-1706,0,1330.95,281383.68,36747.94
200167,5010459,Closed,-224,0,3434.91,40135.39,8518.3
104901,5010460,Closed,-2449,0,344.41,329456.85,10101.72
106053,5010461,Closed,-1994,0,785.66,383343.09,212711.61
200550,5010462,Closed,-173,0,6386.98,110697.53,166453.6
200503,5010463,Closed,-1308,0,12348.87,91509.1,52797.73
104197,5010464,Closed,-534,0,3499.22,1235009.31,57350.02
107090,5010465,Active,-2091,0,1044.66,41248.52,34309.97
102225,5010466,Closed,-1907,0,2947.38,51607.38,44009.34
106776,5010467,Closed,-1545,0,5634.75,336538.35,67893.33
200093,5010468,Closed,-2353,0,20811.61,43504.87,145144.74
104003,5010469,Closed,-497,0,9797.0,93081.68,8268.37
101367,5010470,Closed,-2608,0,8037.61,107307.47,26331.85
200122,5010471,Active,-1783,0,6757.86,139838.93,43359.75
107089,5010472,Active,-2887,0,9781.47,41882.4,126906.28
105157,5010473,Closed,-143,0,3793.45,130140.51,10129.77
109664,5010474,Closed,-869,0,116.02,196107.78,4608.39
107164,5010475,Closed,-239,0,3717.32,230165.93,57027.9
105674,5010476,Closed,-1816,0,5638.36,120620.66,81193.19
104781,5010477,Active,-1769,0,2408.37,156984.27,67687.69
102471,5010478,Active,-2191,0,6622.36,41960.79,22586.48
102792,5010479,Active,-2454,0,2909.8,958140.27,282349.92
200573,5010480,Active,-74,0,144.38,73118.74,67028.47
108240,5010481,Closed,-257,0,2736.65,6968.56,194465.09
102855,5010482,Active,-1120,0,10985.99,6230.57,183067.3
109351,5010483,Closed,-2160,0,7493.65,108201.68,174355.17
102759,5010484,Closed,-2918,0,2387.67,233566.94,3767.56
201040,5010485,Closed,-282,0,5235.02,264.02,34961.27
103155,5010486,Active,-76,0,4667.46,632306.98,25864.44
200736,5010487,Active,-936,0,6936.56,735.24,15520.82
102565,5010488,Closed,-2269,0,1645.68,186477.67,112382.5
100743,5010489,Active,-1071,0,3838.86,81403.44,6919.38
201645,5010490,Active,-1204,0,1602.13,149753.34,37668.07
201984,5010491,Active,-1329,0,1003.06,63314.55,36404.61
107487,5010492,Closed,-1600,0,17119.21,46207.7,4492.8
200627,5010493,Closed,-918,0,2138.78,130005.36,103344.13
200935,5010494,Closed,-1596,0,4519.44,14386.72,65525.02
200183,5010495,Closed,-200,0,4198.66,282327.37,64132.95
100774,5010496,Closed,-2563,0,4400.65,130761.25,224146.5
102356,5010497,Closed,-2219,0,24631.15,214564.02,44777.1
109940,5010498,Closed,-2140,0,1206.28,754831.67,91504.17
105464,5010499,Active,-919,0,689.67,31160.1,63414.93
109226,5010500,Closed,-1335,0,2100.8,109105.26,40008.75
102663,5010501,Closed,-1299,0,5998.94,326166.1,194587.81
104102,5010502,Closed,-1979,0,574.03,34123.38,80689.96
105816,5010503,Active,-1906,0,2240.58,617064.07,52280.56
200042,5010504,Active,-2655,0,15990.1,107720.64,37196.99
109227,5010505,Closed,-1005,0,3688.52,207632.8,6211.42
106501,5010506,Closed,-2280,0,580.6,462412.01,105199.45
106559,5010507,Closed,-7,0,3141.98,489331.33,5904.79
201112,5010508,Closed,-1089,0,22548.32,56462.66,11808.17
105181,5010509,Active,-487,0,7479.26,9836.06,167054.56
105070,5010510,Active,-2330,30,15057.42,179095.08,12104.4
107668,5010511,Closed,-2648,0,1480.34,121639.1,55234.1
104796,5010512,Active,-2800,0,2551.6,95318.65,42120.23
107818,5010513,Closed,-2054,0,7210.13,91414.1,73574.73
105433,5010514,Closed,-2013,0,18186.8,35022.05,13476.47
103956,5010515,Active,-1983,10,153.36,11594.25,148377.91
201687,5010516,Closed,-2767,0,4301.56,121126.17,1632.53
108952,5010517,Active,-1984,0,1785.41,104257.4,31268.47
107250,5010518,Closed,-1135,0,302.84,16068.8,73282.58
105232,5010519,Closed,-1029,0,3962.02,55796.18,3218.95
101125,5010520,Closed,-1359,0,2065.01,522399.47,82660.07
201889,5010521,Active,-128,0,424.12,369505.7,5080.75
107342,5010522,Closed,-1223,0,8792.35,97330.81,57837.82
102391,5010523,Closed,-2849,0,7104.57,8316.1,36308.61
104267,5010524,Closed,-130,0,1319.75,469747.7,24111.27
107992,5010525,Active,-2557,0,10615.08,52493.4,12834.96
101587,5010526,Closed,-2335,0,1696.83,14136.66,82682.18
104895,5010527,Closed,-286,0,4355.63,113995.81,30272.92
106307,5010528,Active,-236,0,2959.13,28151.0,19798.18
100480,5010529,Closed,-1262,0,2891.66,250583.21,94870.89
106955,5010530,Closed,-1849,0,1913.93,826397.61,57011.54
107539,5010531,Active,-2726,0,5092.84,110140.35,275618.78
108157,5010532,Active,-2754,0,2084.7,78708.7,93087.14
201551,5010533,Closed,-2264,0,1499.02,549005.97,103167.31
105906,5010534,Active,-703,0,6142.16,95901.33,181859.63
200904,5010535,Closed,-1437,0,184.91,370417.94,50109.09
101532,5010536,Active,-2444,0,3013.98,168259.03,522225.96
107186,5010537,Closed,-1964,0,11.07,33079.59,27663.43
104666,5010538,Closed,-1708,0,1769.91,82154.19,51433.15
102923,5010539,Closed,-1286,0,326.0,187083.2,223772.28
104143,5010540,Active,-2279,0,13430.21,345874.57,147711.17
107825,5010541,Active,-240,0,7499.13,326453.42,20791.41
109998,5010542,Closed,-2216,0,8269.2,679149.11,125521.69
109336,5010543,Active,-2322,0,4740.44,38992.34,55774.49
100858,5010544,Closed,-1141,0,3999.25,141153.25,234017.9
200348,5010545,Closed,-448,0,4878.59,236394.07,108286.68
105166,5010546,Closed,-2894,0,6028.31,92572.71,41110.89
104674,5010547,Active,-1111,0,19429.3,320340.66,99939.64
201896,5010548,Active,-2228,0,2813.81,217364.12,148246.75
200626,5010549,Active,-2373,0,811.25,79681.03,226692.49
104412,5010550,Closed,-521,0,1303.39,783464.7,253242.17
101780,5010551,Active,-1110,0,6952.1,655103.81,67884.39
108852,5010552,Closed,-2611,0,978.65,136582.13,223849.77
108265,5010553,Closed,-2137,0,648.52,365142.39,85157.0
105088,5010554,Closed,-2481,0,3539.9,141971.19,18460.99
109404,5010555,Active,-512,0,350.51,139466.88,80053.24
103638,5010556,Active,-333,0,10165.14,367737.1,32468.07
101001,5010557,Active,-1057,0,7525.14,527507.95,171426.18
100955,5010558,Closed,-1700,0,7833.22,321797.27,38433.06
104280,5010559,Closed,-2306,10,16190.25,236630.28,20252.23
103289,5010560,Active,-1085,0,3719.12,232426.5,546736.83
101520,5010561,Closed,-558,0,482.33,365061.7,109784.92
201551,5010562,Closed,-202,0,1494.84,270366.99,22719.53
102386,5010563,Closed,-1544,0,396.89,60266.93,129823.23
101963,5010564,Active,-1956,0,1453.64,258264.21,127397.84
106499,5010565,Closed,-2513,0,8302.56,27344.05,7331.78
107709,5010566,Closed,-2664,0,10981.16,39087.94,43578.4
104623,5010567,Closed,-2728,0,16492.26,242872.92,379350.41
108128,5010568,Closed,-55,0,8962.78,17648.98,27513.33
106881,5010569,Active,-2639,0,9225.81,410925.52,186568.81
102733,5010570,Active,-1637,0,16605.17,129242.73,79383.23
104685,5010571,Active,-1682,0,1337.86,1081437.15,69954.71
109213,5010572,Closed,-1726,0,64.51,202506.46,111469.06
103631,5010573,Active,-732,0,6728.77,86860.67,50181.97
104508,5010574,Active,-1467,0,1292.36,20126.23,118639.81
107516,5010575,Active,-1656,0,25461.12,249672.69,50026.35
103230,5010576,Closed,-2807,10,25204.89,84029.67,24917.57
200168,5010577,Closed,-2339,0,3091.46,28045.87,68133.67
102067,5010578,Active,-39,0,6362.11,83927.42,53292.9
104765,5010579,Active,-1146,0,445.42,6951.9,3792.62
108952,5010580,Active,-2656,0,4306.76,604701.26,19733.28
106054,5010581,Active,-1289,0,1102.57,167697.94,37713.96
100295,5010582,Active,-502,0,6142.54,848998.26,177276.26
100094,5010583,Closed,-638,0,4508.55,60632.3,15582.95
104665,5010584,Closed,-2431,0,9836.58,107763.1,17518.43
101162,5010585,Active,-1975,0,1000.97,65573.28,20314.07
104192,5010586,Closed,-1241,0,26112.47,192613.8,7480.82
106245,5010587,Closed,-2107,0,11363.02,476295.3,134500.91
100287,5010588,Closed,-633,0,6102.93,407069.94,24072.5
106057,5010589,Closed,-355,10,3211.21,201416.94,37184.58
105042,5010590,Closed,-1699,0,11019.48,56906.08,90527.95
200914,5010591,Closed,-2775,0,3456.85,365825.28,140110.16
201371,5010592,Closed,-696,0,1457.19,53434.24,101020.75
101114,5010593,Closed,-611,0,2368.89,131105.63,9904.15
100388,5010594,Active,-2705,0,72.87,196596.55,18235.74
107961,5010595,Active,-2002,0,11859.54,1288.36,8655.74
109116,5010596,Closed,-399,0,411.42,427811.44,26838.37
108314,5010597,Active,-1512,0,8606.95,223005.67,33221.41
101702,5010598,Closed,-2198,0,9551.96,315619.41,19369.21
106305,5010599,Closed,-1887,0,3216.39,620181.82,420881.21
109526,5010600,Active,-1947,0,1744.13,143563.31,45862.02
103851,5010601,Closed,-1733,0,703.92,160532.63,58725.03
106306,5010602,Closed,-284,0,2788.06,198835.01,55070.97
201814,5010603,Closed,-871,0,800.2,874736.13,3524.56
102866,5010604,Closed,-1209,0,2635.56,25991.63,96533.23
103944,5010605,Closed,-2592,0,4206.7,387377.56,89926.87
108563,5010606,Closed,-1475,0,9202.0,223163.63,598140.03
103768,5010607,Closed,-2395,0,282.67,344323.72,22864.7
106522,5010608,Active,-906,0,37.38,66355.37,3996.97
103438,5010609,Active,-268,0,2705.2,263599.34,7786.36
108778,5010610,Active,-2152,0,5679.29,271151.37,38214.54
101406,5010611,Active,-51,0,7692.98,17872.76,25014.6
103513,5010612,Closed,-19,10,14711.57,22167.93,87721.51
200149,5010613,Closed,-2226,30,2315.07,6564.57,17365.04
103626,5010614,Active,-1598,0,4949.8,42535.85,22982.9
105686,5010615,Closed,-1465,0,7618.12,122658.13,170870.82
102520,5010616,Closed,-60,0,3833.25,147928.38,97217.14
201014,5010617,Closed,-12,0,2633.04,146738.0,23571.85
108912,5010618,Closed,-2956,0,5656.78,164996.56,61903.84
200663,5010619,Closed,-1625,0,7142.31,182069.76,43015.45
106541,5010620,Closed,-87,0,13348.13,8123.15,151557.32
201043,5010621,Closed,-20,0,3339.79,112625.9,2845.94
104930,5010622,Active,-1392,0,1377.71,274609.98,37155.08
106368,5010623,Closed,-1585,0,400.25,38182.29,11197.89
107439,5010624,Closed,-558,0,1790.94,18402.9,170742.6
201868,5010625,Closed,-1996,0,16928.73,272332.96,3139.07
108269,5010626,Closed,-2041,0,3219.79,431637.06,63759.32
101412,5010627,Active,-987,0,2316.14,190766.89,92825.64
201009,5010628,Closed,-2494,0,7557.9,17200.14,37663.43
102012,5010629,Closed,-2780,0,760.91,203881.93,6426.23
104211,5010630,Active,-1161,0,19.3,912.56,7159.71
101086,5010631,Closed,-288,0,13196.87,460953.25,42892.17
102640,5010632,Active,-876,0,2233.06,218709.49,5185.5
102244,5010633,Active,-987,0,9079.28,409027.06,53961.04
107414,5010634,Closed,-280,0,815.86,270295.87,30502.96
201781,5010635,Closed,-1064,0,2841.97,290704.04,18232.25
108879,5010636,Closed,-1642,0,12283.14,5337.63,8997.76
201561,5010637,Closed,-2388,0,12.23,121870.6,40179.03
100896,5010638,Closed,-1265,0,287.18,412518.67,45163.94
100101,5010639,Active,-1131,0,7829.09,95163.09,127375.39
107281,5010640,Closed,-2593,0,1138.82,39383.87,17453.44
108405,5010641,Closed,-1992,0,515.25,21831.64,24338.12
104631,5010642,Closed,-1581,0,1483.92,623237.8,104132.83
103728,5010643,Closed,-952,0,1229.84,35335.26,31790.01
109490,5010644,Closed,-810,0,10529.27,52649.51,258396.17
100605,5010645,Closed,-1327,0,1340.44,140390.79,19621.51
200740,5010646,Closed,-1091,0,4851.7,513416.49,36036.62
200450,5010647,Closed,-1527,0,1660.13,282327.03,132339.06
106864,5010648,Closed,-2883,0,522.26,391028.36,492.99
102971,5010649,Closed,-1861,10,10982.92,481174.57,30065.24
100695,5010650,Active,-867,0,11796.31,289297.31,108707.79
100597,5010651,Closed,-1405,0,658.84,69918.25,64386.29
201420,5010652,Closed,-835,0,2304.46,46255.99,118857.59
101513,5010653,Closed,-2949,0,8270.2,316514.78,114866.72
102585,5010654,Active,-767,0,4138.93,94727.88,107851.21
100984,5010655,Active,-2988,0,7417.76,372628.92,85189.42
100464,5010656,Closed,-960,0,3734.5,164490.07,21480.24
102402,5010657,Closed,-1982,0,3283.74,448035.43,46668.8
107676,5010658,Closed,-2329,0,1221.57,76774.12,67372.59
103334,5010659,Active,-2964,0,2783.81,142830.31,137898.15
101083,5010660,Active,-2939,0,4731.66,76621.23,183230.39
106122,5010661,Closed,-1173,0,6573.48,302439.53,64743.04
200702,5010662,Active,-1483,30,34218.17,341805.12,84794.0
107356,5010663,Closed,-2127,30,7095.85,91659.44,43016.68
108291,5010664,Active,-795,0,5949.24,108910.98,151947.11
109099,5010665,Active,-1907,0,7088.85,40619.9,142581.52
102414,5010666,Active,-1305,0,3604.09,289205.55,39229.18
104682,5010667,Active,-2250,10,5328.74,151659.7,110351.74
104837,5010668,Closed,-2735,30,1702.92,30300.82,10782.56
101282,5010669,Closed,-1207,0,16576.51,188266.71,63539.62
100942,5010670,Closed,-744,0,5741.81,493041.41,75509.38
102315,5010671,Closed,-1596,0,7048.17,260559.65,17403.89
104879,5010672,Closed,-1492,0,1019.06,230854.39,143697.61
105784,5010673,Closed,-2420,0,8182.0,216194.56,40177.69
101474,5010674,Active,-501,0,2039.38,2629.24,24323.89
100937,5010675,Closed,-1558,0,508.38,225292.06,154924.75
104880,5010676,Active,-540,0,8163.1,22888.84,58753.11
107469,5010677,Closed,-529,10,2925.08,68107.95,53517.5
109740,5010678,Closed,-529,0,11970.21,1516.35,35712.08
103040,5010679,Closed,-2377,0,644.69,344335.92,84831.32
107701,5010680,Closed,-1754,0,1618.0,190014.73,50168.09
105961,5010681,Closed,-2295,0,149.5,104295.84,54428.96
103796,5010682,Closed,-1814,0,3923.13,293014.76,15204.07
108284,5010683,Closed,-2369,0,3127.82,122423.4,45029.37
107052,5010684,Closed,-757,0,287.09,220296.14,42537.44
100779,5010685,Closed,-2753,0,2591.14,398546.39,26006.0
109197,5010686,Closed,-2886,0,8571.82,142503.57,171647.18
109106,5010687,Closed,-1014,0,188.13,158611.87,8601.18
103688,5010688,Closed,-2821,0,944.27,585751.54,12101.46
101464,5010689,Closed,-1135,0,5399.9,61154.07,67467.71
107140,5010690,Closed,-1803,0,10963.43,465250.51,27330.5
108812,5010691,Closed,-2253,0,2145.39,117258.04,77185.73
104490,5010692,Active,-1170,0,7243.65,68208.57,38409.29
109961,5010693,Closed,-2029,0,6617.29,124540.04,30034.14
107122,5010694,Active,-115,0,4628.55,214600.3,281235.85
109864,5010695,Active,-1926,0,13291.51,181266.44,18805.64
100275,5010696,Active,-2606,0,3953.7,198233.1,120367.31
109226,5010697,Closed,-472,0,3917.48,124057.77,51396.5
200890,5010698,Active,-500,0,3168.66,16209.97,221855.76
101505,5010699,Closed,-52,0,1384.55,766056.11,25171.75
107975,5010700,Closed,-1346,0,8623.41,106137.42,163257.33
105882,5010701,Active,-856,0,109.01,43925.17,8253.34
108791,5010702,Active,-1046,0,9845.3,491953.7,241292.08
106132,5010703,Closed,-458,0,2093.48,671270.34,183819.15
101984,5010704,Active,-2974,0,783.76,124763.02,129111.87
200667,5010705,Active,-934,30,1579.26,15937.67,10463.01
104022,5010706,Closed,-1270,0,2988.14,314256.69,65453.11
109721,5010707,Closed,-1349,0,363.1,126075.85,84374.93
103613,5010708,Closed,-1959,0,1361.42,116201.96,26821.73
107898,5010709,Closed,-422,0,6073.54,35878.36,248891.88
102949,5010710,Closed,-92,0,121.87,69375.2,66565.85
109708,5010711,Active,-1305,0,3165.68,188468.67,23147.14
106719,5010712,Active,-2671,0,2081.49,148761.76,110909.21
105932,5010713,Closed,-817,0,1090.2,86827.94,17948.91
103431,5010714,Closed,-2321,0,4722.37,7839.77,33829.25
101113,5010715,Closed,-414,0,7837.55,31046.34,97093.71
105164,5010716,Active,-2808,0,561.97,68139.53,94833.24
201136,5010717,Closed,-1239,0,5176.07,41339.33,26018.15
108688,5010718,Active,-140,0,955.04,80860.31,222989.58
107585,5010719,Closed,-320,0,651.0,87565.27,123845.35
103954,5010720,Active,-1357,0,2858.1,568080.71,28857.68
108538,5010721,Active,-318,0,4291.74,46831.18,172206.83
100562,5010722,Closed,-1098,0,3730.68,152574.04,50307.94
109329,5010723,Closed,-464,0,3540.42,93343.64,100020.23
101885,5010724,Closed,-1238,0,1091.41,13013.57,68383.97
105858,5010725,Closed,-1164,0,8648.97,8926.75,216367.38
102668,5010726,Active,-662,0,3031.76,36222.22,6494.67
102901,5010727,Active,-2229,0,186.18,9103.47,220386.74
105532,5010728,Closed,-1446,0,2469.19,208621.32,102605.16
109310,5010729,Active,-933,0,3231.99,172351.14,18087.94
106169,5010730,Closed,-2735,0,4659.6,520924.31,18776.46
102874,5010731,Closed,-2012,0,6824.24,292536.5,13477.94
103544,5010732,Closed,-1931,0,5155.19,217199.01,61484.08
105416,5010733,Active,-1098,0,2830.27,93386.05,98719.63
108723,5010734,Closed,-653,0,809.67,191328.91,17072.17
200444,5010735,Active,-2389,0,21990.92,38722.41,156667.24
104115,5010736,Closed,-2365,0,1185.68,204521.35,96624.53
109763,5010737,Closed,-1245,0,1771.12,40166.9,186264.79
105510,5010738,Closed,-505,0,894.19,127641.42,30325.17
201475,5010739,Closed,-1176,0,2888.55,51898.33,59915.14
106900,5010740,Closed,-2372,0,9432.74,47646.53,184538.05
101605,5010741,Closed,-130,0,6800.7,135167.44,65044.31
103518,5010742,Closed,-191,0,11850.35,361392.58,14871.11
108741,5010743,Active,-2510,0,5822.91,186473.84,52215.03
109153,5010744,Active,-1138,0,2584.85,30211.95,20551.43
200734,5010745,Closed,-2025,0,11987.57,516453.59,4404.68
100214,5010746,Closed,-1138,0,597.5,63466.43,39429.35
201951,5010747,Active,-2251,0,3722.74,273239.31,176842.15
200630,5010748,Closed,-303,0,788.33,116555.04,30373.65
101222,5010749,Closed,-1157,0,143.73,450485.9,69280.02
106627,5010750,Active,-1193,0,13893.37,410707.99,71252.56
108510,5010751,Closed,-2212,0,3964.08,140739.47,57887.41
101139,5010752,Closed,-615,0,1855.71,34717.07,33765.25
103842,5010753,Closed,-501,0,439.26,17341.71,69080.98
109614,5010754,Active,-2038,0,853.64,6612.4,13185.67
201384,5010755,Closed,-1606,0,895.67,756711.43,152659.42
200664,5010756,Closed,-2531,0,3723.75,99045.77,36370.31
109713,5010757,Closed,-1123,0,85.16,319301.6,30495.78
102457,5010758,Closed,-130,0,239.09,142580.59,60926.48
200615,5010759,Closed,-1957,0,1560.56,203823.79,100197.4
101421,5010760,Closed,-2608,0,685.94,900.73,167077.14
201387,5010761,Active,-2358,0,9643.67,495716.64,70623.91
103764,5010762,Closed,-1170,0,9474.72,282176.62,32229.46
107361,5010763,Closed,-1200,0,9221.67,542548.78,37808.1
106458,5010764,Active,-2107,0,436.78,16001.56,139450.11
103348,5010765,Closed,-2905,0,6652.38,35891.73,65435.97
103659,5010766,Closed,-2519,0,264.81,192182.28,37179.34
100216,5010767,Active,-2140,0,2746.79,383821.38,38002.61
108422,5010768,Closed,-2455,0,27632.22,171145.02,98481.12
102645,5010769,Closed,-2582,0,14986.89,171750.55,56179.64
100274,5010770,Closed,-2135,0,1910.79,233176.7,56091.75
104331,5010771,Active,-432,0,14391.43,649259.91,52534.63
106315,5010772,Closed,-1364,0,10786.43,288552.29,24615.85
109940,5010773,Active,-2667,0,1837.1,141322.99,12742.58
108246,5010774,Closed,-1456,0,10296.61,168721.44,16935.97
200414,5010775,Closed,-2131,0,3549.42,216493.97,18393.06
107874,5010776,Active,-1732,0,2520.69,12997.64,5686.46
200687,5010777,Active,-902,0,3498.48,263624.52,220865.94
108382,5010778,Active,-1201,0,2589.33,188558.51,42126.79
109826,5010779,Closed,-1243,0,942.4,15822.83,17486.85
104979,5010780,Active,-192,0,17049.51,343462.92,244414.8
103626,5010781,Closed,-837,0,7346.41,38768.6,448.03
200321,5010782,Closed,-587,0,141.8,14929.76,305364.61
201239,5010783,Closed,-1871,0,6578.9,207037.46,86739.79
201150,5010784,Active,-2357,0,1581.13,153152.44,62470.3
105227,5010785,Active,-944,0,5705.74,495088.55,98043.43
106688,5010786,Closed,-1521,0,6022.48,125445.41,25988.09
102808,5010787,Closed,-825,0,1405.32,108571.15,5077.07
104034,5010788,Closed,-1928,0,11428.21,6069.68,10370.5
103386,5010789,Closed,-1508,0,4271.93,223225.04,48714.69
101213,5010790,Closed,-2372,0,3461.81,343830.88,33288.06
100397,5010791,Active,-2349,0,3687.45,553878.42,63439.67
104493,5010792,Active,-446,0,8138.83,811534.08,186031.88
104786,5010793,Closed,-2560,0,5648.8,99920.04,86589.35
109589,5010794,Closed,-2665,0,2177.25,53478.89,114538.38
105308,5010795,Active,-1997,10,810.74,149038.43,290097.2
101569,5010796,Closed,-858,0,904.97,240247.13,242813.76
109620,5010797,Closed,-654,0,3173.3,269262.58,29083.73
108599,5010798,Active,-1550,0,4633.42,119897.14,21402.28
106051,5010799,Active,-1283,0,6252.85,126699.51,95341.87
104752,5010800,Closed,-2970,0,289.88,79732.97,39226.47
108552,5010801,Closed,-845,0,3409.62,860409.83,77254.12
109683,5010802,Closed,-1628,0,16778.47,461713.99,10641.09
103298,5010803,Active,-1082,0,8481.86,894574.35,35118.62
104912,5010804,Closed,-1946,0,907.27,850592.61,122293.88
107814,5010805,Closed,-233,0,5963.3,175559.13,27179.38
101124,5010806,Closed,-2864,0,5388.89,179390.13,8772.93
104147,5010807,Closed,-1727,0,6547.36,130368.4,57998.78
108840,5010808,Active,-1585,30,868.25,193786.24,101450.82
107010,5010809,Active,-2220,0,238.79,21441.4,5313.45
103580,5010810,Closed,-1800,0,5711.89,129654.27,4046.7
102946,5010811,Closed,-1173,0,1930.77,239456.76,141745.04
102385,5010812,Active,-2307,0,2698.82,63561.94,137133.5
109408,5010813,Closed,-987,0,289.17,164355.11,13331.28
200228,5010814,Closed,-909,0,13700.5,492459.45,17293.42
104256,5010815,Active,-1265,0,5681.64,182852.66,20988.93
104625,5010816,Closed,-103,0,7113.79,129987.6,106088.75
100987,5010817,Active,-777,0,10004.9,19998.77,5251.66
104249,5010818,Active,-1185,0,16493.71,84928.45,231481.78
100265,5010819,Closed,-2394,0,9068.52,492557.62,180.71
200348,5010820,Active,-898,30,718.58,115619.67,50023.68
107426,5010821,Active,-72,0,7945.14,53719.92,239668.71
102173,5010822,Active,-1916,0,2265.23,263525.06,89719.56
103497,5010823,Closed,-1257,0,6405.26,156683.75,15247.87
100664,5010824,Closed,-2166,0,2909.64,6618.44,45376.19
107724,5010825,Closed,-825,0,10557.7,114967.01,13493.72
101697,5010826,Closed,-637,0,11240.29,159212.05,104125.56
104870,5010827,Active,-2219,0,838.17,423348.9,332086.84
109992,5010828,Closed,-324,0,2418.56,35315.05,39122.17
104761,5010829,Closed,-1946,0,8501.9,209522.6,198793.21
108879,5010830,Active,-2931,0,7684.26,183373.02,69625.73
104903,5010831,Closed,-685,0,9888.75,1022635.97,124163.95
100740,5010832,Active,-2573,0,13840.27,1032087.55,178954.46
107089,5010833,Closed,-2461,0,976.79,232843.5,40089.36
104375,5010834,Active,-331,0,2919.07,75635.49,174491.13
101723,5010835,Active,-310,0,8628.93,327652.19,60710.95
108676,5010836,Closed,-1403,10,13072.89,300779.51,55362.86
101447,5010837,Active,-1818,0,216.5,171970.86,56173.21
104825,5010838,Closed,-702,0,4427.49,24268.6,9164.66
107791,5010839,Closed,-1266,0,1022.46,262316.79,9048.42
109190,5010840,Closed,-2086,0,3365.57,8227.65,7430.04
201099,5010841,Active,-2305,0,380.6,110242.68,88726.89
107224,5010842,Closed,-1086,10,2890.51,435311.26,91808.69
104873,5010843,Closed,-638,0,1726.85,64877.64,4626.38
108581,5010844,Active,-1400,0,555.94,691575.98,7297.22
105385,5010845,Closed,-1644,0,2005.22,432408.02,276650.05
109349,5010846,Closed,-2217,0,193.47,374990.32,36282.97
200295,5010847,Closed,-381,0,7452.5,705743.08,156688.8
201719,5010848,Closed,-1654,0,263.12,433386.52,4313.87
108554,5010849,Closed,-1106,0,2989.13,770710.42,53195.6
101647,5010850,Closed,-1966,0,6370.67,850465.24,239379.94
109511,5010851,Active,-137,0,10529.83,71209.92,103547.66
102987,5010852,Closed,-1528,0,1750.21,160641.11,44284.14
201734,5010853,Active,-316,0,6785.67,231482.04,66267.19
106856,5010854,Closed,-2858,30,7093.76,70375.4,6996.52
101434,5010855,Closed,-2428,0,1718.72,25648.34,126116.39
103965,5010856,Closed,-1201,0,5324.73,365336.19,98797.08
103105,5010857,Closed,-2670,0,2042.41,205990.85,91141.59
109580,5010858,Closed,-2524,0,1745.96,930965.58,162642.05
200083,5010859,Closed,-2650,0,8700.73,641061.48,117681.19
101115,5010860,Closed,-2898,0,4274.08,36305.82,456453.06
108706,5010861,Closed,-2658,0,968.49,73059.86,100324.62
100012,5010862,Active,-469,0,5833.3,162276.57,54742.1
102040,5010863,Closed,-833,0,1509.61,210929.85,83515.58
100213,5010864,Closed,-1614,0,7640.12,415400.71,108605.66
103750,5010865,Closed,-72,0,1928.55,370078.18,45541.14
103666,5010866,Closed,-2632,0,1818.92,99659.03,89015.01
102899,5010867,Active,-2143,0,233.41,155537.44,25098.95
105013,5010868,Active,-849,0,6091.73,239319.1,14003.6
106378,5010869,Closed,-1242,0,7712.68,84575.16,277219.32
200718,5010870,Active,-2341,0,9105.23,119047.87,32411.41
102899,5010871,Active,-75,0,11070.07,133349.96,12650.77
103481,5010872,Closed,-1083,0,1603.47,264110.44,28088.82
107763,5010873,Closed,-1428,0,1407.35,727647.61,32298.7
102698,5010874,Closed,-997,0,3016.1,112003.26,25005.16
107372,5010875,Closed,-1138,0,4885.97,2845.47,21677.57
105885,5010876,Active,-505,0,27388.75,117490.53,18098.97
103079,5010877,Active,-719,0,5249.81,108442.81,14809.78
101012,5010878,Closed,-413,0,2429.62,400287.53,5249.39
101580,5010879,Closed,-1677,0,595.07,142628.14,13433.16
109898,5010880,Closed,-1901,0,10295.57,180160.31,465.24
108920,5010881,Closed,-631,0,992.11,576008.73,160796.69
201760,5010882,Closed,-2115,0,7316.1,441695.57,123315.83
200717,5010883,Active,-723,0,287.48,14660.14,26523.0
100789,5010884,Active,-468,0,6703.28,204168.44,326.34
103313,5010885,Closed,-2005,0,1383.0,9698.13,56135.27
102024,5010886,Closed,-557,0,2035.3,230343.36,55482.12
201678,5010887,Closed,-1088,0,1219.4,296936.56,39739.07
102148,5010888,Closed,-797,0,988.62,49257.0,14532.35
106477,5010889,Closed,-2738,0,652.07,810716.53,43852.89
101826,5010890,Active,-758,0,823.6,179279.03,7776.78
105497,5010891,Active,-2768,0,3604.67,202037.21,37407.47
107713,5010892,Closed,-768,0,6402.64,97279.93,84583.25
105206,5010893,Closed,-2462,0,22884.91,29665.07,20175.37
108796,5010894,Closed,-351,0,579.79,20727.63,130776.29
101162,5010895,Closed,-1324,0,153.78,214777.49,6101.07
107588,5010896,Closed,-892,0,606.15,55430.94,20083.89
103295,5010897,Closed,-834,0,469.23,63877.74,57133.65
104361,5010898,Closed,-2319,0,10626.05,33315.35,59708.47
101623,5010899,Active,-2050,0,2489.87,7808.84,39238.75
100641,5010900,Closed,-208,30,11180.96,43106.62,8563.77
107568,5010901,Closed,-42,0,6556.59,193659.3,5743.79
101880,5010902,Active,-2879,0,4675.04,19190.18,24319.88
108679,5010903,Active,-2960,0,4243.59,4493.62,2799.81
108459,5010904,Closed,-2595,0,11603.81,17107.03,22791.04
106486,5010905,Active,-2061,0,6649.66,33797.57,50245.43
105819,5010906,Closed,-2479,0,2452.31,296506.95,8989.49
106673,5010907,Active,-1011,0,1291.4,961761.05,106356.09
105867,5010908,Closed,-2813,0,863.08,314486.81,7587.48
106794,5010909,Closed,-1022,0,2423.36,56213.09,14002.27
103382,5010910,Closed,-1845,0,9067.55,75262.11,192724.68
106702,5010911,Closed,-741,0,4393.73,87090.91,10530.17
100631,5010912,Active,-1425,0,3365.1,201061.36,220585.19
104232,5010913,Closed,-1764,0,10921.05,108472.74,191851.01
105252,5010914,Closed,-2136,0,7933.31,136716.49,108899.16
106982,5010915,Closed,-638,0,2528.07,294791.78,109125.72
101535,5010916,Closed,-1914,0,1225.79,507148.49,95201.38
105918,5010917,Closed,-629,0,985.5,485001.25,284178.42
102888,5010918,Closed,-2109,0,16455.54,15847.36,9633.13
201848,5010919,Active,-2534,0,620.55,120542.81,92191.81
107845,5010920,Active,-2177,0,1608.38,151022.19,6928.19
201024,5010921,Closed,-979,0,4102.09,598329.74,28017.76
102654,5010922,Closed,-751,0,2505.64,178519.17,18520.11
104086,5010923,Closed,-96,0,3847.72,319316.09,56623.5
100216,5010924,Closed,-1467,0,9211.48,40787.39,70586.68
106875,5010925,Closed,-1348,0,2308.45,157770.58,72480.02
100706,5010926,Active,-1556,0,4838.48,395039.85,66861.07
103781,5010927,Active,-1715,0,5915.9,373110.25,22278.35
109731,5010928,Active,-282,0,9056.06,5525.09,70228.73
108903,5010929,Active,-2680,0,3299.9,463871.06,32450.81
108858,5010930,Active,-600,0,5668.32,72858.53,22126.33
103205,5010931,Closed,-155,0,921.8,230243.66,13997.39
201781,5010932,Active,-487,0,10215.0,169676.01,22952.1
106887,5010933,Closed,-2131,0,19782.64,297941.16,40894.81
101103,5010934,Closed,-494,0,3777.59,78377.45,22730.15
200789,5010935,Closed,-765,0,2249.78,102571.01,171386.15
105515,5010936,Closed,-1803,0,5362.6,107198.17,4279.0
102875,5010937,Closed,-2246,0,964.57,377443.66,1660.24
104137,5010938,Closed,-187,0,9133.71,11161.47,58021.3
107467,5010939,Closed,-1779,0,1044.58,5241.13,52401.6
106041,5010940,Closed,-92,0,262.34,90082.6,243324.59
104053,5010941,Closed,-2107,0,4060.51,183697.87,96462.98
107824,5010942,Closed,-473,30,8177.29,231050.69,419.44
106579,5010943,Closed,-1752,0,5903.38,234604.4,114052.6
101255,5010944,Closed,-679,0,14900.27,85647.21,186549.78
106154,5010945,Closed,-1653,0,7690.65,45909.87,64211.75
107025,5010946,Closed,-1165,0,5911.45,29779.7,99818.76
200806,5010947,Closed,-2268,0,1209.98,6112.32,16772.47
100697,5010948,Closed,-1056,0,2142.92,64408.6,181613.1
100037,5010949,Closed,-911,0,1018.92,660618.13,23668.81
102290,5010950,Closed,-2603,0,2052.26,56661.08,95933.25
101479,5010951,Closed,-555,0,1596.47,27565.34,84295.29
100213,5010952,Active,-2027,0,956.8,160589.69,162962.02
100192,5010953,Active,-2518,0,11784.15,338682.18,43488.8
109030,5010954,Closed,-1492,0,5720.86,169815.17,29520.86
201675,5010955,Closed,-1230,0,1064.24,18558.23,114438.3
100226,5010956,Closed,-2543,0,267.77,14706.15,56848.44
109001,5010957,Closed,-1266,0,7254.19,176445.01,39523.59
200556,5010958,Closed,-1675,0,1537.3,147162.59,48915.9
107655,5010959,Closed,-1698,0,11054.02,745303.91,1600.89
108566,5010960,Closed,-1619,0,27872.21,127865.91,22205.62
108465,5010961,Closed,-1005,0,5113.32,358205.29,54528.45
201700,5010962,Closed,-1007,0,7823.17,11497.1,163276.46
101186,5010963,Closed,-1267,0,10277.76,50332.09,34977.25
106661,5010964,Closed,-557,0,2965.89,430926.32,105523.67
101826,5010965,Closed,-503,0,1941.58,361037.25,262934.92
107443,5010966,Closed,-1853,0,748.86,173041.17,221991.54
105581,5010967,Active,-1253,0,8978.35,28528.54,189278.03
102029,5010968,Active,-1928,0,5296.7,654031.62,115153.0
103330,5010969,Closed,-878,0,3096.6,42494.7,52746.76
108646,5010970,Active,-2859,0,7187.04,286270.8,62005.12
103902,5010971,Closed,-2800,0,17946.6,12930.23,8446.51
109847,5010972,Closed,-1226,0,449.8,442711.61,82847.2
201144,5010973,Closed,-2015,0,6537.71,91986.42,15514.64
106896,5010974,Closed,-594,0,1048.84,72031.86,79041.42
107362,5010975,Active,-1981,0,8133.74,423749.65,189659.96
105439,5010976,Active,-2235,0,3590.52,341037.42,27288.87
200498,5010977,Closed,-2466,0,11144.08,299732.84,59387.2
101254,5010978,Closed,-1552,0,1566.4,54125.93,161339.98
108458,5010979,Active,-1421,0,4347.03,141720.52,16278.87
101342,5010980,Active,-376,0,553.91,171505.3,28765.6
103589,5010981,Closed,-2399,0,8749.59,162485.41,58103.54
100553,5010982,Closed,-1587,0,1691.22,136794.14,59010.95
105873,5010983,Closed,-941,0,4239.28,304339.67,19176.4
201314,5010984,Active,-2328,0,5218.1,141528.86,20601.39
201624,5010985,Closed,-1660,0,5287.72,89847.97,17460.86
201926,5010986,Closed,-74,0,4535.19,229526.18,32965.47
105164,5010987,Closed,-668,0,10140.16,752234.92,83648.85
104606,5010988,Closed,-2882,0,7754.06,657174.42,18011.13
109532,5010989,Closed,-2707,0,4958.25,69751.15,52445.18
108366,5010990,Closed,-2097,0,1414.76,190202.86,288441.74
104696,5010991,Closed,-2907,0,14022.04,56466.65,43381.14
102626,5010992,Closed,-1508,0,3101.09,56562.01,19908.28
100036,5010993,Closed,-2496,0,154.94,56201.4,123514.15
109800,5010994,Closed,-555,0,2970.0,206599.99,45184.1
104205,5010995,Closed,-2308,0,1336.47,364344.23,298485.37
201623,5010996,Active,-1216,0,3722.82,83788.35,146487.33
105705,5010997,Closed,-939,0,9762.39,86128.52,203606.74
109714,5010998,Closed,-2376,0,2166.66,243533.32,52634.8
106478,5010999,Closed,-2653,0,6748.29,495203.72,41186.0
106901,5011000,Closed,-2425,0,5844.12,114146.31,72839.55
109932,5011001,Closed,-1192,0,74.84,927507.03,8005.79
200926,5011002,Closed,-1228,0,11931.12,6296.78,10323.16
106480,5011003,Closed,-675,0,5109.64,558550.89,9287.46
108779,5011004,Active,-1255,30,1282.98,110217.12,139026.89
105390,5011005,Closed,-1519,0,3694.09,210934.29,25789.29
101514,5011006,Closed,-1964,0,20.75,8974.2,16910.74
108778,5011007,Closed,-1472,0,5656.16,86345.39,385041.42
100197,5011008,Closed,-2154,0,9666.71,228515.79,118430.37
200372,5011009,Closed,-2384,0,1113.3,112907.13,21538.46
109337,5011010,Closed,-2078,0,1696.95,49.13,3217.53
109541,5011011,Closed,-593,0,6487.11,190401.83,41470.94
201644,5011012,Closed,-527,30,13681.23,250124.53,81379.45
109718,5011013,Active,-598,0,576.62,635873.5,59796.56
200972,5011014,Closed,-813,0,6204.25,639211.17,27865.42
100736,5011015,Closed,-1918,0,6919.25,467655.14,85190.74
109946,5011016,Closed,-1897,0,1771.73,242647.24,25573.78
200309,5011017,Closed,-312,0,13066.13,291841.28,296735.67
103954,5011018,Closed,-2320,0,11.49,249949.65,139771.88
108564,5011019,Closed,-2792,0,11999.56,48776.01,22141.68
109772,5011020,Active,-291,0,9545.15,7635.16,372027.2
200998,5011021,Closed,-1538,0,18325.9,182320.48,23165.04
103994,5011022,Closed,-2831,0,4094.8,8710.87,38281.08
200888,5011023,Closed,-269,0,3289.61,81588.49,131885.0
107476,5011024,Active,-1933,0,11765.19,425699.97,22875.77
107217,5011025,Closed,-403,0,1205.07,178892.17,54504.07
101026,5011026,Closed,-1949,0,992.38,116689.81,30452.43
108727,5011027,Closed,-308,0,1075.66,1023575.89,16660.83
201341,5011028,Active,-448,0,6479.97,18181.62,22207.55
109256,5011029,Closed,-1633,0,9925.18,139686.09,81985.82
107193,5011030,Active,-574,0,9519.07,120991.77,192523.63
107970,5011031,Active,-1064,0,1224.85,586939.27,44321.51
100153,5011032,Closed,-1077,0,1626.48,131260.62,162962.56
106915,5011033,Active,-1954,0,7139.72,12109.44,161418.91
200516,5011034,Closed,-2476,0,1485.38,99371.05,2829.64
109035,5011035,Closed,-667,0,5530.12,6189.51,57785.39
200424,5011036,Closed,-333,0,4125.17,32252.36,113825.84
200218,5011037,Closed,-2036,0,3665.2,245277.61,10335.33
201895,5011038,Closed,-2214,0,8611.87,50186.94,73723.45
102089,5011039,Active,-230,0,1408.68,169884.96,49264.96
201866,5011040,Closed,-2796,0,8835.77,79321.18,70132.76
109923,5011041,Closed,-1024,0,600.34,134467.59,168851.15
100173,5011042,Closed,-2517,0,782.19,71693.4,47923.43
109319,5011043,Closed,-1190,0,75.07,122620.43,22725.52
109472,5011044,Active,-2343,0,543.91,5160.51,53375.28
101810,5011045,Active,-2798,0,183.05,12192.04,45915.19
109992,5011046,Active,-140,0,648.16,101128.81,289505.63
103950,5011047,Closed,-1733,0,2608.95,345936.21,21864.32
108545,5011048,Closed,-760,0,1787.26,124057.36,7697.9
100619,5011049,Closed,-2696,0,2346.28,98410.9,1736.94
101744,5011050,Closed,-1796,0,1229.9,23008.59,27129.28
106717,5011051,Closed,-1564,0,5117.83,144810.62,253703.09
101780,5011052,Closed,-2401,0,2393.0,23261.57,50473.41
109441,5011053,Closed,-854,0,97.77,405364.66,154.86
100502,5011054,Closed,-958,0,579.35,82753.41,65767.21
101351,5011055,Active,-1248,0,295.35,22027.64,137953.28
105435,5011056,Closed,-1827,0,519.72,175941.81,14110.16
104833,5011057,Closed,-2511,0,3034.35,337915.21,132345.11
102925,5011058,Closed,-1724,0,12056.11,7937.86,143989.73
105917,5011059,Closed,-1253,0,35.04,79977.84,20793.23
104008,5011060,Active,-394,0,1163.4,39334.71,67828.01
102195,5011061,Closed,-642,0,9165.03,188998.71,22.62
109741,5011062,Active,-1287,0,2949.33,103477.25,17584.35
200615,5011063,Closed,-33,0,840.81,201025.64,168069.19
200035,5011064,Closed,-2663,0,1642.5,209004.17,35072.16
104219,5011065,Closed,-311,0,6855.56,246127.47,21520.6
201283,5011066,Closed,-2344,0,2475.7,17522.8,40287.06
109955,5011067,Active,-1978,0,4233.27,247689.41,106666.16
102334,5011068,Active,-1045,0,10570.13,357034.35,106983.41
103601,5011069,Closed,-1464,0,2346.15,5979.63,5433.39
106525,5011070,Active,-1196,0,104.98,66779.45,51020.68
107041,5011071,Closed,-1092,0,2398.19,127860.09,174321.28
201658,5011072,Closed,-1740,0,4600.1,60046.91,130508.8
108019,5011073,Active,-580,0,1542.14,469699.84,9599.78
104827,5011074,Closed,-2224,0,15264.39,74343.98,203754.05
108816,5011075,Closed,-527,0,392.12,24273.53,190062.3
105865,5011076,Closed,-861,0,2778.91,20283.37,123561.66
103871,5011077,Closed,-87,0,4908.09,436623.05,7547.6
101837,5011078,Closed,-1955,0,4158.09,271558.38,68878.15
108040,5011079,Active,-2540,0,14621.63,4929.82,61996.66
104629,5011080,Closed,-2201,0,3800.55,124718.06,38257.51
102326,5011081,Closed,-2173,0,680.23,36607.09,154790.86
103566,5011082,Active,-279,0,9878.33,99584.5,60048.31
200122,5011083,Closed,-2331,0,9364.06,16918.62,134174.93
104867,5011084,Active,-2737,0,10642.56,59188.73,37368.33
106475,5011085,Active,-2925,0,1990.53,123397.65,7145.1
107288,5011086,Active,-2434,0,16987.25,4234.55,65144.42
201231,5011087,Closed,-449,0,7575.18,190365.73,7483.91
201685,5011088,Active,-70,0,5397.57,110471.36,50637.59
102942,5011089,Closed,-2024,0,4737.79,193478.47,123401.28
102154,5011090,Closed,-1233,0,7173.25,126733.1,12468.66
105244,5011091,Closed,-738,0,1128.36,427263.81,390.81
108993,5011092,Closed,-2651,0,9531.67,50318.19,8393.1
106078,5011093,Active,-605,0,2221.01,158273.92,36784.84
100679,5011094,Active,-2446,30,6953.08,168401.56,9520.68
108549,5011095,Closed,-1087,0,6655.0,85650.72,20379.89
107040,5011096,Closed,-1243,0,47.94,780314.61,12573.44
100998,5011097,Active,-1607,0,4683.42,34334.75,150737.06
101095,5011098,Closed,-1104,0,2598.4,341040.91,71461.47
104051,5011099,Closed,-1446,0,1757.13,885.42,11812.71
201971,5011100,Active,-646,0,8589.19,51782.23,125907.98
200928,5011101,Closed,-2557,0,214.37,400649.15,10049.2
201280,5011102,Closed,-478,0,6359.61,273271.48,102696.71
106775,5011103,Closed,-2195,0,329.72,90512.7,28808.21
107754,5011104,Closed,-481,0,6303.82,117161.22,10787.81
106527,5011105,Closed,-2907,0,3219.18,157041.58,143360.31
100071,5011106,Active,-1411,30,1732.34,49236.02,94497.58
108070,5011107,Closed,-1526,0,2052.57,6621.46,125681.93
100290,5011108,Closed,-2364,0,6713.07,353007.82,2265.26
107752,5011109,Active,-1487,0,737.11,268672.66,66883.24
107930,5011110,Closed,-1624,0,324.1,137503.2,85415.9
102600,5011111,Closed,-1276,0,4112.09,675960.58,1540.01
102432,5011112,Closed,-1065,0,704.24,101980.24,118735.91
201371,5011113,Closed,-534,0,389.81,30578.07,32030.61
109575,5011114,Active,-1273,0,7960.25,187796.61,43322.77
103523,5011115,Closed,-1431,0,6133.14,240847.73,141538.98
201544,5011116,Closed,-833,0,2711.1,88857.37,12043.62
200153,5011117,Closed,-1471,0,8494.17,89166.37,131920.05
106759,5011118,Closed,-1105,0,4918.93,53788.23,9517.14
102698,5011119,Closed,-549,0,3485.41,103313.74,25095.27
101119,5011120,Closed,-550,10,1304.59,121390.3,7042.96
102996,5011121,Closed,-1379,0,1611.66,603573.09,116054.71
201226,5011122,Active,-2263,0,2507.69,646921.93,10353.06
104090,5011123,Closed,-637,0,6234.54,438103.98,22601.74
103416,5011124,Closed,-2673,0,5147.85,26787.93,49408.38
109577,5011125,Active,-1255,0,2052.19,261866.17,5053.45
101738,5011126,Active,-1581,0,15991.53,10420.14,65208.05
109561,5011127,Closed,-373,0,2689.62,326166.28,16810.98
100399,5011128,Active,-183,0,294.21,202316.4,43842.44
106956,5011129,Closed,-2553,0,3535.5,804240.5,70291.31
106257,5011130,Active,-1552,10,11684.17,207744.34,160095.07
107840,5011131,Closed,-1780,0,3893.54,421029.74,88360.59
106750,5011132,Closed,-2314,0,9967.51,124497.26,280330.72
109065,5011133,Active,-973,0,394.27,363231.37,3530.78
106723,5011134,Closed,-854,0,10573.65,103339.64,56022.3
109010,5011135,Active,-389,0,6817.85,171406.45,20461.04
103758,5011136,Closed,-1556,0,8446.19,207226.51,111913.33
107036,5011137,Closed,-74,0,6630.71,44673.77,248903.65
108923,5011138,Closed,-534,0,178.82,116557.49,38006.32
102170,5011139,Closed,-414,0,9707.0,602414.9,62985.18
106509,5011140,Closed,-1466,0,193.71,173184.56,34170.15
100760,5011141,Closed,-2124,0,2437.61,121061.83,67840.12
103303,5011142,Active,-2712,0,4429.53,22170.43,142628.37
108769,5011143,Closed,-1714,0,388.58,12433.57,156839.39
200980,5011144,Active,-2807,0,6145.17,22716.68,198275.62
200178,5011145,Closed,-1279,0,1323.78,192838.93,83918.26
100254,5011146,Active,-1108,0,1782.33,722039.72,63157.77
103170,5011147,Active,-2011,0,2125.14,118976.77,14404.22
201495,5011148,Closed,-1148,0,5922.28,321831.95,6807.22
108415,5011149,Closed,-1000,0,6259.95,243663.98,97102.41
201990,5011150,Closed,-1118,0,2494.81,79572.66,413.79
104675,5011151,Active,-2890,0,3755.29,69506.06,9729.0
105156,5011152,Closed,-609,10,8040.01,288145.0,14882.37
107689,5011153,Closed,-840,0,434.5,36467.42,16854.62
109974,5011154,Active,-503,0,9860.36,129332.42,158416.56
201028,5011155,Closed,-860,0,6048.17,106762.18,123512.78
103624,5011156,Closed,-1560,0,6874.0,249935.35,116478.6
106605,5011157,Closed,-2594,0,2117.53,228491.82,27920.18
201758,5011158,Closed,-2249,0,6501.16,166.8,222913.5
101273,5011159,Active,-1378,0,513.37,417576.85,38261.3
108946,5011160,Closed,-250,30,399.52,259354.46,64738.45
109404,5011161,Closed,-2015,0,1891.11,58470.08,23464.34
106744,5011162,Active,-858,0,3587.42,4727.68,43081.52
106278,5011163,Active,-2786,0,2773.72,112620.82,12146.47
201735,5011164,Active,-497,0,3969.54,62308.97,3519.14
100414,5011165,Closed,-1496,0,88.96,123468.87,25027.65
200000,5011166,Active,-1709,0,1735.82,121853.65,68550.59
103041,5011167,Closed,-1327,0,2704.68,117007.22,32145.34
109830,5011168,Closed,-940,0,1056.73,79371.48,7705.51
106145,5011169,Closed,-2219,0,1265.75,19616.27,31190.75
109424,5011170,Closed,-934,0,1876.5,47183.04,6735.1
103686,5011171,Active,-1375,0,4264.49,1081.19,29681.71
105608,5011172,Closed,-2578,0,6609.74,170092.56,39389.69
104021,5011173,Active,-2095,0,393.45,14371.27,53054.19
200244,5011174,Closed,-2062,0,554.51,345193.01,178520.73
102571,5011175,Closed,-1760,0,849.73,158954.11,115850.34
104915,5011176,Closed,-1616,0,3871.51,43457.5,120049.95
104906,5011177,Closed,-1270,0,3139.97,483108.61,182268.21
107870,5011178,Closed,-1911,0,4885.71,168858.33,47954.59
103047,5011179,Active,-2611,10,7061.34,95525.37,176079.12
107958,5011180,Closed,-2462,0,8353.59,46114.73,49997.33
106099,5011181,Closed,-2259,0,5984.51,38197.2,133577.56
103774,5011182,Active,-1757,0,316.53,361864.74,16230.09
107601,5011183,Closed,-516,0,13055.71,270014.89,89943.63
108269,5011184,Closed,-569,0,274.79,48651.28,65530.02
100056,5011185,Closed,-2511,0,4043.92,237182.31,33659.51
108604,5011186,Closed,-171,0,1003.33,115080.65,41277.27
106585,5011187,Closed,-2523,0,3307.5,484841.94,41981.44
100754,5011188,Closed,-2964,0,2494.46,997624.43,108323.18
100673,5011189,Closed,-825,0,14435.97,50617.0,8926.99
108381,5011190,Active,-2865,0,3078.93,191331.81,2262.77
100612,5011191,Closed,-114,0,2310.57,298028.68,21017.18
101155,5011192,Closed,-2801,0,3086.05,372437.26,21627.9
108471,5011193,Active,-1342,0,6080.56,106662.57,135983.77
107529,5011194,Active,-181,0,1277.77,237948.84,83041.88
106721,5011195,Active,-771,0,1682.5,271198.42,131568.73
107789,5011196,Closed,-2726,0,1314.91,131282.13,53146.26
106090,5011197,Closed,-870,0,8936.45,191874.29,54414.22
107525,5011198,Closed,-2942,0,2453.18,281817.66,118654.27
108829,5011199,Closed,-954,0,3148.48,271705.57,16899.61
101991,5011200,Active,-1321,0,447.82,15878.25,219.15
103734,5011201,Active,-2017,0,16552.27,195692.3,14235.88
101487,5011202,Closed,-1684,0,1125.64,58678.46,51899.16
109248,5011203,Closed,-2372,0,4964.83,120955.83,109383.85
102983,5011204,Closed,-1148,0,7135.67,86319.23,38277.02
200794,5011205,Closed,-201,0,6216.83,23531.26,36960.81
103118,5011206,Closed,-449,0,6909.46,31979.02,100515.51
105619,5011207,Closed,-2262,0,4555.42,549908.91,2950.37
102972,5011208,Closed,-2938,0,2610.76,7207.29,22497.34
104474,5011209,Closed,-271,0,4106.78,89358.24,184400.4
109395,5011210,Active,-2031,30,921.29,314696.53,11983.17
102798,5011211,Active,-782,30,2030.19,34463.64,1067.25
106872,5011212,Closed,-849,0,9602.56,112126.81,63539.71
101551,5011213,Closed,-1611,0,638.63,184608.6,69057.1
104621,5011214,Active,-122,0,727.75,11192.34,35248.32
103879,5011215,Active,-102,0,567.59,411325.63,194351.57
109813,5011216,Active,-2909,0,7573.55,71256.11,139160.97
104459,5011217,Active,-2071,0,5761.07,151490.76,190081.89
102742,5011218,Closed,-549,0,4160.32,272833.91,102493.1
201544,5011219,Active,-1687,0,472.42,367838.41,86269.11
102542,5011220,Closed,-1612,0,4403.32,7587.24,13239.55
103645,5011221,Closed,-1632,0,3231.96,138676.33,67640.9
107834,5011222,Closed,-258,0,1302.14,203952.46,2535.28
105830,5011223,Active,-2588,0,674.6,31437.9,128001.03
106479,5011224,Closed,-2900,0,786.72,96576.41,9666.86
103690,5011225,Closed,-2295,0,1401.33,71491.92,49588.01
103825,5011226,Active,-2562,0,5286.45,90797.47,78585.27
105393,5011227,Closed,-877,0,3176.14,355189.9,446.95
103451,5011228,Closed,-2735,0,3248.56,191305.72,105695.78
109795,5011229,Active,-160,0,1909.71,98713.79,8580.05
201834,5011230,Closed,-511,0,525.96,75217.44,18615.34
101681,5011231,Closed,-1542,0,2608.59,74758.26,80319.04
102576,5011232,Closed,-293,0,4110.0,292430.33,24243.18
109827,5011233,Closed,-967,0,2702.78,195179.22,76655.83
201767,5011234,Active,-1883,0,5625.3,371566.59,45905.53
108315,5011235,Closed,-2488,0,8917.21,82487.04,42430.57
201967,5011236,Closed,-2637,0,5190.57,83319.22,5249.99
101860,5011237,Closed,-781,0,2849.87,191523.11,697.7
103550,5011238,Closed,-2147,0,967.86,761147.17,7864.04
106776,5011239,Active,-1226,0,19578.04,81521.32,65369.71
101748,5011240,Closed,-1963,0,2332.7,156833.01,60116.88
109154,5011241,Active,-1970,0,5278.71,274062.08,177305.66
102326,5011242,Active,-2186,0,5487.07,168541.26,16310.27
107358,5011243,Active,-371,0,2525.13,124354.98,27236.82
105120,5011244,Closed,-433,0,10590.73,58683.72,260670.62
200979,5011245,Active,-2408,0,1133.57,63069.46,111107.85
109260,5011246,Closed,-2399,0,14574.56,531382.84,46730.51
105183,5011247,Closed,-2549,0,2753.08,108879.77,72403.56
100644,5011248,Active,-2363,0,18181.91,145382.33,494.85
102134,5011249,Closed,-1808,0,1475.43,288289.8,75136.16
105200,5011250,Closed,-2030,0,14739.13,212260.37,43009.05
107683,5011251,Closed,-2162,0,3434.44,145787.43,17738.61
106879,5011252,Closed,-2284,0,2291.43,127709.93,35292.23
201574,5011253,Closed,-1784,0,4190.1,87227.16,20178.18
101232,5011254,Closed,-1323,0,3177.77,32784.43,66218.92
101606,5011255,Active,-1094,0,308.59,265841.57,38203.96
107601,5011256,Active,-1501,0,1356.79,125836.56,4641.91
102491,5011257,Closed,-1427,0,1987.16,121326.45,19819.2
104822,5011258,Active,-2183,0,3305.79,4580.93,41377.91
101830,5011259,Closed,-2123,0,12837.65,162347.5,53422.71
109486,5011260,Closed,-2967,30,237.62,390605.31,177666.46
105495,5011261,Closed,-2399,0,270.26,411604.95,19320.05
104241,5011262,Closed,-830,10,2573.07,11568.07,99021.15
104861,5011263,Closed,-2475,0,6321.82,255204.75,104475.14
107186,5011264,Closed,-282,0,7349.43,15560.45,54379.29
102408,5011265,Closed,-2101,0,487.38,15267.72,87590.66
200289,5011266,Closed,-2849,0,3093.77,258088.29,39471.22
103243,5011267,Active,-636,0,837.43,38877.28,105567.1
102272,5011268,Closed,-2825,0,5764.21,1206852.4,40791.09
101128,5011269,Closed,-1967,0,8009.77,230294.63,35446.55
108403,5011270,Closed,-2065,0,19.51,281466.23,28075.84
109739,5011271,Closed,-2254,0,4210.94,288627.6,45893.45
106847,5011272,Active,-735,0,489.27,25807.24,41484.31
201388,5011273,Active,-2700,0,3361.3,108104.97,21301.04
109748,5011274,Closed,-2499,0,2465.39,161210.39,94229.54
107099,5011275,Closed,-2272,0,4581.17,31601.3,31637.87
108347,5011276,Active,-2290,0,2712.3,241496.9,21314.68
102280,5011277,Closed,-2337,0,14088.17,362004.26,53648.63
106618,5011278,Closed,-765,0,3571.56,206937.08,15612.1
106404,5011279,Closed,-230,0,12079.68,240056.64,41974.6
100647,5011280,Closed,-1505,0,377.96,450025.76,69789.73
101533,5011281,Closed,-2769,0,8612.09,205382.11,8782.6
200793,5011282,Closed,-2538,0,2764.53,86878.07,73264.03
105062,5011283,Active,-205,0,9794.13,320233.85,8680.94
103667,5011284,Active,-992,0,14541.12,485499.04,277689.08
104875,5011285,Active,-2897,0,1299.89,90127.18,21276.32
106604,5011286,Closed,-39,0,1634.87,76693.74,189862.16
101852,5011287,Closed,-167,0,4489.6,194888.01,37973.34
108390,5011288,Active,-541,0,1292.87,31210.5,9195.06
200511,5011289,Closed,-734,0,18003.24,41145.43,40839.63
200157,5011290,Closed,-285,0,4617.18,167452.57,113901.0
100547,5011291,Closed,-2571,0,4507.17,188904.62,224906.13
107091,5011292,Closed,-5,0,7320.65,119030.86,21371.85
107303,5011293,Active,-627,0,11323.8,24128.26,96417.04
100958,5011294,Closed,-2831,0,1596.03,442382.69,18039.69
108471,5011295,Closed,-779,0,17897.1,250806.18,53677.55
101710,5011296,Closed,-1660,0,519.64,256948.13,12258.01
100019,5011297,Active,-1864,30,10862.56,54975.32,52528.46
101448,5011298,Closed,-2813,0,6174.16,116166.61,4813.82
109388,5011299,Closed,-428,0,3090.54,546620.46,58939.0
105814,5011300,Closed,-1470,0,17381.51,252470.4,28364.58
103273,5011301,Active,-2067,0,2190.43,27096.86,16675.45
108290,5011302,Closed,-2209,10,7402.4,182878.28,15147.6
103739,5011303,Closed,-2856,0,6864.76,219912.57,97240.36
101583,5011304,Closed,-2602,0,274.73,251183.0,59911.94
200050,5011305,Closed,-1323,0,20882.72,225609.7,32558.17
200570,5011306,Closed,-620,0,435.83,128260.68,176062.04
105322,5011307,Active,-329,0,20666.02,131033.59,101417.87
107207,5011308,Active,-1618,0,1022.87,263659.32,11208.09
106777,5011309,Active,-38,0,8812.37,379445.19,26554.53
106985,5011310,Closed,-2866,0,7488.71,22893.61,68047.4
100327,5011311,Active,-1587,0,5611.87,325129.78,64711.29
108570,5011312,Closed,-533,30,322.41,215874.54,290907.41
200527,5011313,Active,-1224,0,955.38,15032.78,316.73
101630,5011314,Active,-908,0,75.45,471566.44,8494.6
101256,5011315,Active,-2956,0,13497.14,25816.43,320602.3
108387,5011316,Active,-1612,0,234.64,23436.25,34676.99
101376,5011317,Active,-2025,0,9342.36,293147.97,47659.05
109238,5011318,Active,-483,0,4282.83,199139.14,29126.28
103997,5011319,Closed,-496,0,854.84,79965.53,62033.57
201314,5011320,Closed,-398,0,3091.72,176764.53,8613.07
201575,5011321,Active,-2969,0,3617.38,124092.35,34133.12
106750,5011322,Closed,-216,0,2239.14,135883.81,174007.9
103301,5011323,Closed,-1498,0,1737.83,33812.92,105351.73
107379,5011324,Closed,-1461,0,2431.89,191509.85,70544.96
103463,5011325,Active,-632,0,2862.66,34657.64,221998.03
106352,5011326,Closed,-919,0,685.35,524295.36,32277.56
100221,5011327,Closed,-1376,0,4708.45,351826.56,101092.29
105787,5011328,Closed,-1899,0,1334.31,10895.19,77510.46
108625,5011329,Closed,-1667,0,1094.88,88444.68,36890.29
201180,5011330,Closed,-544,0,3633.79,200441.27,43675.67
101822,5011331,Closed,-25,0,4538.36,172451.26,11187.31
105078,5011332,Closed,-2323,0,1612.02,287687.86,116302.8
105622,5011333,Active,-1339,0,7353.21,115345.0,37920.76
107584,5011334,Closed,-2386,0,553.59,229689.91,36567.4
105852,5011335,Closed,-1481,0,19.5,28086.14,325102.23
100644,5011336,Closed,-1386,0,183.14,41478.03,29535.67
102783,5011337,Active,-862,0,8408.99,354319.47,92928.02
100780,5011338,Closed,-1133,0,4425.56,133486.3,100193.59
106031,5011339,Closed,-942,0,2961.19,57577.63,229966.35
109257,5011340,Closed,-2514,0,2734.23,14572.36,22827.6
201796,5011341,Closed,-2403,0,676.89,128366.71,37675.72
101005,5011342,Active,-2378,0,13879.05,49766.66,29371.72
100829,5011343,Closed,-1925,0,661.91,2225.19,33224.08
100680,5011344,Closed,-938,0,6258.85,384947.86,20027.7
201645,5011345,Active,-2995,0,3086.71,216685.69,145.95
103335,5011346,Closed,-224,0,12711.23,177148.07,59019.1
104185,5011347,Active,-5,0,7695.78,316050.82,147899.25
101328,5011348,Closed,-2185,0,6766.41,226597.21,9644.24
104856,5011349,Closed,-1989,0,14328.0,63859.79,46170.4
101692,5011350,Closed,-2692,0,322.76,212427.85,31238.11
105759,5011351,Active,-1537,0,606.62,48310.82,381792.17
105164,5011352,Closed,-1772,0,6137.29,369716.77,23007.77
109279,5011353,Closed,-307,0,1175.37,118345.97,75950.81
107383,5011354,Closed,-2141,0,3733.22,306379.24,11473.24
108594,5011355,Closed,-471,0,1891.84,540190.07,7098.24
102700,5011356,Closed,-2981,0,5217.49,319753.61,6450.16
108122,5011357,Closed,-2235,0,26663.22,267701.24,88382.59
200495,5011358,Closed,-1023,0,5513.94,198981.15,23516.94
102728,5011359,Closed,-1155,0,2278.58,152619.72,273759.64
105182,5011360,Closed,-497,0,7858.74,102321.94,71627.98
201658,5011361,Active,-1374,0,11089.41,213213.65,60540.52
200261,5011362,Closed,-1254,0,11347.66,207162.33,8486.42
200677,5011363,Active,-420,30,5280.42,404843.72,20012.4
200698,5011364,Active,-1218,0,3155.58,207804.42,71960.81
101615,5011365,Closed,-1736,0,5042.64,249908.81,1412.57
106651,5011366,Closed,-2002,0,2942.54,250629.79,33597.51
108929,5011367,Closed,-2975,0,3071.49,20143.39,245337.44
200052,5011368,Closed,-2344,0,1144.27,192295.15,66577.06
104770,5011369,Closed,-1444,10,4312.87,406530.56,2179.57
104339,5011370,Closed,-1188,0,986.93,4777.63,66819.16
105531,5011371,Closed,-1282,0,11046.65,318876.49,126248.78
101255,5011372,Closed,-2906,0,2601.15,94961.94,20173.15
101143,5011373,Closed,-1112,0,5615.55,281648.81,13968.38
102388,5011374,Closed,-1617,0,2568.14,154894.14,35104.73
101994,5011375,Closed,-1829,0,775.89,131525.0,35603.83
200431,5011376,Closed,-783,0,8556.67,54561.59,855.15
105055,5011377,Active,-173,0,3352.58,19189.36,17192.54
102976,5011378,Active,-2752,0,96.52,118088.65,83119.08
200433,5011379,Closed,-2669,0,685.79,17190.04,118170.56
102836,5011380,Closed,-2709,0,1350.57,135027.88,69627.12
104622,5011381,Active,-390,0,2850.42,342040.31,97620.68
105220,5011382,Closed,-413,0,6412.26,1027445.18,76451.99
101719,5011383,Active,-163,10,16495.79,209074.34,3035.58
200114,5011384,Closed,-1203,0,265.85,162041.66,8105.66
103921,5011385,Active,-1727,0,4247.96,277885.23,41159.26
101949,5011386,Closed,-2506,10,1813.17,85030.9,87928.21
201639,5011387,Closed,-1849,0,14820.65,229986.84,43453.08
106115,5011388,Closed,-1763,0,4375.15,164985.56,103346.46
100588,5011389,Closed,-2874,0,3233.68,727743.49,86978.58
100334,5011390,Active,-2315,0,5425.21,291153.96,104466.2
108918,5011391,Closed,-1139,0,1530.7,1877.71,22320.76
102524,5011392,Closed,-2235,0,1703.39,76941.85,238434.98
101786,5011393,Closed,-1385,0,10161.33,43525.7,28531.69
103046,5011394,Active,-1932,0,6252.6,59343.39,116260.13
102851,5011395,Closed,-803,0,6771.79,418981.23,48168.81
106818,5011396,Closed,-2158,0,3504.05,207767.95,73714.58
108878,5011397,Active,-1776,0,846.22,63090.96,27421.04
102102,5011398,Closed,-1018,0,3475.94,538623.35,63183.33
101985,5011399,Closed,-949,0,1390.63,488524.16,36395.84
104878,5011400,Closed,-550,10,3504.06,71946.81,149309.58
103895,5011401,Closed,-2745,0,1689.18,225561.78,30533.28
103316,5011402,Closed,-2284,0,2290.76,12068.84,89594.78
200540,5011403,Closed,-1552,0,2285.36,586461.88,129271.05
109673,5011404,Closed,-1606,0,2397.43,424785.98,55372.88
102048,5011405,Closed,-644,0,5061.25,196581.34,63433.84
107108,5011406,Closed,-2430,0,5260.63,450800.31,5280.19
106232,5011407,Closed,-3,0,12678.12,141365.27,122686.54
104057,5011408,Closed,-2136,0,3759.93,206990.82,5683.35
106188,5011409,Active,-849,0,4437.9,72083.4,44524.28
107182,5011410,Closed,-2420,0,4051.91,583061.75,91553.38
102039,5011411,Active,-770,0,1235.52,588570.44,45555.52
108737,5011412,Active,-2415,0,431.9,219933.35,104609.1
108433,5011413,Closed,-606,0,244.59,317698.82,156476.74
103443,5011414,Closed,-342,0,2129.05,18916.56,112002.59
100677,5011415,Closed,-923,0,10940.03,33223.11,22954.04
109806,5011416,Closed,-881,0,2429.67,99032.34,131965.88
101914,5011417,Closed,-2037,0,1125.24,67251.51,104570.07
201166,5011418,Closed,-2189,0,1348.26,31639.89,105741.85
102771,5011419,Closed,-1494,0,5449.71,62214.85,26729.03
109140,5011420,Closed,-2395,0,714.52,47331.62,168555.77
107161,5011421,Closed,-1628,0,1071.39,270677.19,2682.84
101814,5011422,Closed,-333,0,10896.13,171309.93,76420.69
104578,5011423,Closed,-2758,0,793.29,452949.39,34512.46
200557,5011424,Active,-325,0,845.23,841489.75,227973.38
108828,5011425,Closed,-17,0,4396.81,166106.25,3784.86
201263,5011426,Active,-2243,0,1383.92,37499.96,13578.44
100747,5011427,Closed,-2229,0,888.13,195472.16,54086.11
100346,5011428,Closed,-363,0,1916.09,793185.56,159380.29
101792,5011429,Active,-2895,0,12098.48,506482.83,64424.3
109422,5011430,Active,-2561,0,1632.74,25616.15,1202.35
101522,5011431,Closed,-1797,0,3201.8,185672.31,37523.23
105517,5011432,Closed,-2444,0,16213.88,275452.28,26208.27
108035,5011433,Closed,-722,0,8256.91,45447.03,491529.11
106446,5011434,Closed,-94,0,13293.95,36291.4,191505.63
102393,5011435,Closed,-700,0,12620.65,94421.68,38896.76
102724,5011436,Closed,-2187,0,7782.61,90438.06,9571.99
100748,5011437,Active,-2161,0,110.97,225769.72,69825.02
108076,5011438,Closed,-160,0,12134.89,960.05,74732.84
102652,5011439,Closed,-350,0,2062.02,42601.99,30436.44
200147,5011440,Closed,-1352,0,15752.14,106991.36,5762.31
101696,5011441,Closed,-793,0,1598.96,485499.52,86951.44
200635,5011442,Closed,-206,0,5943.9,196064.67,110123.95
106188,5011443,Active,-1938,0,1041.93,112557.09,51720.86
108003,5011444,Closed,-2549,0,2566.63,131065.34,11248.33
100458,5011445,Closed,-2028,0,2085.7,354459.9,64591.17
109751,5011446,Active,-844,0,797.7,39494.51,73509.94
102572,5011447,Active,-2689,0,5655.83,48609.0,57731.67
104186,5011448,Active,-1804,0,4815.37,190827.15,30515.78
107368,5011449,Active,-2410,0,2028.0,6050.64,43473.44
106737,5011450,Active,-2897,0,3008.54,207723.42,17760.76
105498,5011451,Closed,-1323,0,9413.45,166869.33,188262.23
107456,5011452,Active,-1755,0,7014.97,69913.13,104642.07
100629,5011453,Closed,-448,0,7210.6,175561.97,5767.23
101685,5011454,Active,-603,0,7265.22,140000.86,109938.98
103624,5011455,Closed,-1011,0,2873.97,94545.86,208737.22
101413,5011456,Active,-2039,0,1362.26,70818.22,331792.69
104933,5011457,Closed,-929,0,16158.78,26374.27,60711.41
107136,5011458,Closed,-2304,0,2938.07,45192.81,49186.35
102483,5011459,Active,-124,0,4995.87,218384.21,304088.88
102789,5011460,Closed,-549,0,9559.38,46720.7,60102.68
101426,5011461,Active,-1536,0,1675.88,422913.75,23514.21
101509,5011462,Closed,-1108,0,6499.21,139987.14,73960.69
200575,5011463,Closed,-2932,0,9204.76,112366.13,155442.47
102310,5011464,Closed,-2143,0,4180.71,251280.97,23546.96
108318,5011465,Active,-2254,0,8985.1,824226.47,64975.19
103842,5011466,Closed,-2167,0,3648.23,210459.84,53552.1
200752,5011467,Closed,-121,30,1701.4,501255.94,50541.11
105689,5011468,Active,-1523,0,3179.39,6899.92,276401.94
106851,5011469,Closed,-2239,0,3914.09,612868.2,23541.96
106763,5011470,Closed,-455,0,2413.65,43652.06,4237.51
201498,5011471,Closed,-1294,0,722.94,159076.78,40548.29
200288,5011472,Closed,-2513,0,3538.72,228765.06,23741.34
109769,5011473,Active,-2529,0,4762.8,214961.88,18639.19
106128,5011474,Active,-763,0,1018.88,489484.18,181797.82
103522,5011475,Closed,-1247,0,14481.77,473831.62,41180.6
102638,5011476,Closed,-668,0,1069.9,27679.13,3768.31
104199,5011477,Closed,-1620,0,432.43,765920.71,4286.69
105948,5011478,Closed,-709,0,1207.3,19777.29,51328.73
106088,5011479,Closed,-2092,0,3007.37,1771.39,124346.55
101132,5011480,Closed,-189,0,775.01,2248.21,191242.85
108043,5011481,Closed,-2487,0,4034.42,270254.04,56516.98
200622,5011482,Active,-1513,0,6900.72,648344.59,75430.4
105344,5011483,Closed,-258,0,2267.98,177910.29,139621.16
100750,5011484,Closed,-1265,0,6051.09,408056.75,148900.32
107495,5011485,Closed,-1644,0,9.02,12256.32,102793.99
107013,5011486,Closed,-2351,0,10142.33,3739.49,236776.32
102978,5011487,Closed,-935,0,1954.68,259548.71,37392.08
102262,5011488,Closed,-2749,0,264.96,382992.47,147927.02
105327,5011489,Active,-1775,0,8142.21,494034.31,84616.8
107626,5011490,Closed,-1877,0,26240.03,8322.04,19819.38
102354,5011491,Closed,-1976,0,2963.27,199555.64,240274.77
101617,5011492,Closed,-2609,0,14077.0,211515.44,19242.34
101606,5011493,Closed,-584,0,6414.21,176871.72,29314.3
107240,5011494,Closed,-1870,0,3095.7,164489.87,163949.69
200280,5011495,Closed,-715,30,3393.21,320501.76,172530.42
107297,5011496,Closed,-258,0,3421.24,53623.42,467581.86
105025,5011497,Closed,-1583,0,4845.47,116525.37,33375.26
101729,5011498,Closed,-2715,0,403.03,85251.27,162336.83
102411,5011499,Active,-518,0,7062.12,47994.93,60072.77
105820,5011500,Closed,-2839,0,1544.68,177807.92,25324.65
105807,5011501,Active,-2155,0,1817.33,174858.59,78506.06
103464,5011502,Closed,-794,0,5911.72,323156.18,148687.22
108065,5011503,Closed,-573,10,2067.55,14325.15,45842.0
107382,5011504,Closed,-670,0,4246.35,87975.6,25306.46
108249,5011505,Closed,-2788,0,6708.69,369977.75,123235.2
102139,5011506,Closed,-1002,0,1476.57,5280.75,30412.47
200480,5011507,Closed,-267,0,2889.52,12112.4,103812.98
200944,5011508,Closed,-630,0,23.62,254148.07,48163.31
100860,5011509,Closed,-800,0,7493.51,29138.63,44113.87
109732,5011510,Closed,-2370,0,5676.66,176221.52,25105.65
105673,5011511,Closed,-2736,0,4170.43,511096.8,30391.66
101495,5011512,Closed,-1858,0,927.19,1116881.45,43555.97
106717,5011513,Closed,-1469,0,3904.44,120904.22,356731.33
200448,5011514,Closed,-2662,0,2892.62,106834.21,109406.34
101322,5011515,Active,-1390,0,1104.04,10698.36,131385.32
100244,5011516,Closed,-2712,0,6410.6,1050906.78,68996.74
100687,5011517,Active,-2243,0,7320.18,196709.16,81952.5
102491,5011518,Closed,-1301,0,3213.33,335745.6,89757.55
102548,5011519,Closed,-1117,0,1382.5,94991.84,47307.37
100627,5011520,Closed,-993,0,2186.92,288967.23,109189.66
201474,5011521,Active,-2549,0,936.75,112654.09,98092.29
102253,5011522,Closed,-1184,0,8746.64,284773.64,35477.65
102842,5011523,Closed,-1441,0,1395.44,653906.57,5615.8
200072,5011524,Closed,-1142,10,591.7,169587.89,12089.75
102153,5011525,Closed,-1557,0,1401.89,165800.45,25830.33
100732,5011526,Closed,-1187,0,7246.59,188885.02,57326.19
201835,5011527,Closed,-817,0,1950.6,29554.25,10918.01
104306,5011528,Closed,-2103,0,8878.38,292098.38,53296.36
102907,5011529,Closed,-1227,0,430.12,94726.81,166889.02
101274,5011530,Active,-2914,0,661.5,89828.79,45809.37
200064,5011531,Closed,-2129,0,9927.65,115896.58,47055.28
103917,5011532,Closed,-5,0,13358.79,95256.19,71990.43
106870,5011533,Closed,-671,0,4159.8,386602.66,159327.4
101838,5011534,Closed,-1846,0,6926.5,11352.19,32747.06
101819,5011535,Closed,-2877,0,6271.06,152376.92,171000.98
201642,5011536,Closed,-675,0,2453.56,377065.55,203944.51
105175,5011537,Closed,-423,0,3569.2,4002.1,33270.83
104677,5011538,Active,-1524,0,6870.28,30788.65,30198.98
105285,5011539,Closed,-2946,0,1743.93,164164.23,144198.61
106200,5011540,Active,-946,0,1471.61,63556.48,12374.52
100551,5011541,Closed,-1321,0,6889.41,228763.38,80977.88
100019,5011542,Active,-660,0,1276.0,135334.82,19970.48
104700,5011543,Closed,-1535,0,13157.06,18812.05,68542.54
107354,5011544,Closed,-1560,0,3616.34,227212.31,82866.37
200221,5011545,Closed,-1548,0,2292.68,78298.68,91134.51
105497,5011546,Closed,-1378,0,7847.48,43296.41,149758.86
107269,5011547,Closed,-1009,0,3050.49,18541.32,36238.52
102214,5011548,Closed,-1793,0,12885.0,248120.64,18838.03
101744,5011549,Closed,-24,0,4772.17,18008.5,5790.73
103405,5011550,Closed,-729,0,11206.67,73400.27,208370.58
107462,5011551,Closed,-20,0,9094.12,165646.74,98484.45
104721,5011552,Closed,-960,0,12191.13,108128.66,30688.56
106844,5011553,Closed,-175,0,1402.76,328711.69,12228.86
100004,5011554,Closed,-1664,0,1770.01,136187.45,71164.44
109115,5011555,Closed,-1469,0,9452.81,346184.47,12482.14
107687,5011556,Closed,-387,0,1290.71,480471.84,19138.57
102959,5011557,Closed,-1744,0,1086.0,60991.91,102105.97
103804,5011558,Closed,-1087,0,4811.59,25833.8,5001.44
108554,5011559,Closed,-364,0,3720.86,174227.38,35245.15
103925,5011560,Closed,-1809,0,796.6,412991.24,56082.03
100506,5011561,Active,-759,0,1594.23,102353.12,15191.47
106850,5011562,Closed,-1558,0,2876.14,280079.76,32275.2
100205,5011563,Closed,-1287,0,3818.7,52625.14,117431.57
103127,5011564,Closed,-1265,0,672.84,677005.14,58978.2
100269,5011565,Closed,-1061,0,192.41,195880.58,126447.54
101715,5011566,Closed,-2200,0,133.27,98416.29,76904.5
102992,5011567,Closed,-648,0,3825.3,78331.66,4035.1
104282,5011568,Active,-1289,0,5111.23,434264.43,7582.65
200677,5011569,Closed,-2369,0,7283.63,139053.29,11107.26
101695,5011570,Closed,-2953,0,6893.98,47739.0,125301.05
101824,5011571,Closed,-1754,0,2146.29,13384.74,16972.76
105785,5011572,Closed,-2012,0,12328.1,10144.61,105468.96
200545,5011573,Closed,-612,0,4850.76,150899.79,8258.62
100285,5011574,Closed,-2231,0,9630.64,527871.67,228355.65
101577,5011575,Active,-1067,0,8677.74,265928.9,126126.7
200330,5011576,Closed,-1133,0,9861.78,178466.22,86382.13
106476,5011577,Closed,-311,0,4546.38,17812.11,143459.0
106248,5011578,Closed,-287,0,2744.26,199945.59,78703.52
109536,5011579,Active,-2083,0,9828.7,875464.01,31139.41
101371,5011580,Closed,-659,30,2245.01,501723.06,3104.78
101142,5011581,Active,-1503,0,15204.36,236628.94,57366.86
109688,5011582,Closed,-1232,0,289.36,526341.53,7054.17
106194,5011583,Active,-704,0,6688.99,530299.25,125401.48
106610,5011584,Closed,-1557,0,61.74,191239.15,14429.66
107239,5011585,Active,-1303,0,920.78,300741.52,19188.32
106559,5011586,Closed,-1457,30,5553.66,20758.32,45792.79
101158,5011587,Closed,-2055,0,3629.39,9430.47,32217.92
109961,5011588,Closed,-1646,0,872.48,197923.5,15477.78
108518,5011589,Closed,-1960,0,6.85,19482.84,17585.13
107607,5011590,Closed,-1920,0,337.73,614618.07,111581.12
201748,5011591,Active,-2063,0,1850.34,45767.99,130883.05
200735,5011592,Closed,-1578,0,9485.96,487007.13,31243.22
109407,5011593,Closed,-62,0,695.9,244623.46,49004.62
200548,5011594,Closed,-1397,0,1902.84,893070.54,19190.19
104066,5011595,Active,-91,0,4500.94,300400.53,94115.39
100136,5011596,Closed,-1016,0,606.33,109053.45,967.6
201841,5011597,Closed,-1602,0,2906.02,47685.47,90418.68
102728,5011598,Active,-2189,0,3712.23,484813.92,1277.31
200778,5011599,Active,-951,0,6203.04,241372.11,131740.35
201839,5011600,Active,-1984,0,4852.78,208593.56,121185.83
107929,5011601,Closed,-2823,0,705.73,141719.61,40443.74
105273,5011602,Active,-291,0,6534.11,127239.71,124694.43
102649,5011603,Closed,-8,30,688.41,110079.63,28684.13
104463,5011604,Closed,-2037,0,11227.17,44561.82,58758.02
102796,5011605,Closed,-5,30,3531.36,20920.17,100431.96
108422,5011606,Active,-176,0,2790.13,77181.73,104080.75
105156,5011607,Closed,-617,0,1221.41,143767.55,115514.15
109626,5011608,Closed,-2059,0,7303.33,40003.8,63490.57
103096,5011609,Active,-2966,30,7268.94,172822.05,49992.44
106394,5011610,Closed,-689,0,2961.47,3314.13,31660.04
102001,5011611,Closed,-1038,0,291.62,46678.17,36828.43
109835,5011612,Closed,-1250,0,1636.25,119771.99,21138.63
101368,5011613,Closed,-1595,0,3285.34,370452.53,131552.17
108225,5011614,Active,-889,0,6687.99,272132.3,52291.59
106708,5011615,Closed,-2591,0,4455.94,117920.08,88386.07
201667,5011616,Closed,-298,0,297.0,5549.03,16496.47
107698,5011617,Closed,-2019,0,4730.86,250507.18,96276.4
200227,5011618,Closed,-2171,0,17221.75,8530.08,427073.35
102114,5011619,Closed,-756,0,10610.56,45421.09,1307.81
104872,5011620,Active,-2976,0,2230.04,309030.72,5637.24
200168,5011621,Active,-564,0,9045.31,189442.26,78385.6
102778,5011622,Closed,-2877,0,918.79,55812.0,36742.12
109716,5011623,Closed,-1111,0,2725.95,88508.45,120500.18
103390,5011624,Closed,-2314,0,1719.66,375070.79,132741.15
102176,5011625,Closed,-1341,0,7694.64,160511.03,64565.93
102487,5011626,Active,-2099,0,101.71,106258.88,48725.22
101816,5011627,Active,-2682,0,3000.09,422972.69,46083.38
200672,5011628,Closed,-2839,0,58.55,174180.61,23114.61
201096,5011629,Closed,-2184,0,1615.06,26868.29,60076.53
102485,5011630,Closed,-889,0,11533.9,17845.91,79836.98
101820,5011631,Closed,-36,0,3665.39,251280.37,113173.59
103760,5011632,Active,-1433,0,15931.55,92118.94,41595.26
101615,5011633,Closed,-1714,10,797.41,176172.11,195539.09
108760,5011634,Closed,-1573,0,3904.67,588016.2,22474.45
104636,5011635,Closed,-2334,0,1829.72,159278.38,99086.76
105910,5011636,Closed,-458,0,8474.05,43404.69,27350.55
104511,5011637,Closed,-2418,0,246.76,194947.04,3799.33
101266,5011638,Closed,-1947,0,6889.92,327363.89,304756.51
104706,5011639,Closed,-2744,0,4888.37,104574.46,65002.62
105878,5011640,Closed,-2806,0,5089.29,347315.78,30510.88
103209,5011641,Closed,-717,0,2463.85,76995.62,2994.09
101789,5011642,Closed,-1723,30,620.87,288416.89,28085.13
201864,5011643,Closed,-464,0,1985.07,85937.68,136456.51
100393,5011644,Active,-1474,0,4076.19,22287.85,26571.66
108895,5011645,Closed,-1828,0,13347.98,593191.58,61898.85
103196,5011646,Closed,-1220,0,1111.03,10341.66,65941.2
101694,5011647,Closed,-1682,0,5137.54,62026.74,89831.49
200529,5011648,Closed,-1990,0,495.52,57263.76,25175.47
103026,5011649,Closed,-2875,0,574.46,174646.48,9458.25
201970,5011650,Closed,-1625,0,19597.89,102287.58,2041.8
103036,5011651,Closed,-2074,0,2008.04,414153.75,114228.52
108890,5011652,Closed,-582,0,3414.57,236161.58,31000.6
108539,5011653,Closed,-2868,0,2528.48,76145.27,28898.74
102784,5011654,Closed,-1112,0,4110.53,156713.72,215718.64
102720,5011655,Closed,-514,0,5625.66,255644.21,57127.85
106627,5011656,Active,-527,10,738.4,98372.87,69365.21
200841,5011657,Closed,-2690,0,22530.82,25142.2,138531.12
106869,5011658,Closed,-1892,0,3197.69,629929.97,31133.6
106276,5011659,Closed,-1749,10,11934.92,19067.51,10691.1
103169,5011660,Closed,-2112,0,875.95,61602.27,108531.27
200214,5011661,Closed,-274,0,974.84,1438.71,106508.41
104431,5011662,Closed,-1577,0,3709.64,355055.43,71781.94
201978,5011663,Closed,-183,0,6604.23,51086.36,19560.13
103114,5011664,Closed,-2830,0,1335.82,16042.51,62502.42
106965,5011665,Closed,-40,0,9484.82,37422.42,60684.65
102626,5011666,Closed,-2058,30,1575.1,226398.14,24325.74
102210,5011667,Closed,-1845,0,553.31,406075.52,40695.95
100528,5011668,Active,-2911,0,99.87,13695.96,53420.57
200830,5011669,Closed,-2602,0,7372.61,97256.97,160715.86
201164,5011670,Closed,-456,0,4324.99,164037.9,51562.97
100530,5011671,Active,-897,0,694.22,163573.55,62155.64
200556,5011672,Closed,-2341,0,965.02,323579.16,64511.35
109532,5011673,Closed,-458,0,392.98,81207.19,284656.91
107848,5011674,Closed,-2562,0,32438.82,2449.01,44034.63
107391,5011675,Closed,-1579,0,190.57,518103.55,90286.87
109989,5011676,Closed,-76,0,19370.39,15896.74,95526.93
107625,5011677,Closed,-2403,0,3279.28,143840.6,45559.54
107775,5011678,Closed,-2191,0,3161.76,437263.9,148355.59
105691,5011679,Active,-1090,0,23371.91,18478.05,47672.13
201551,5011680,Closed,-1941,0,6147.32,84554.69,81594.67
109990,5011681,Closed,-2526,0,888.03,19359.42,28275.55
103821,5011682,Active,-2145,0,6031.24,29302.73,911.53
200211,5011683,Closed,-2807,0,7135.67,64266.42,130572.77
109987,5011684,Closed,-1601,0,3561.16,17298.62,39348.85
104776,5011685,Closed,-732,0,594.15,674381.58,138515.8
107680,5011686,Active,-1306,0,7255.63,213443.24,53050.67
102942,5011687,Closed,-929,0,7271.98,211897.6,22666.57
103829,5011688,Active,-2833,0,5360.1,85427.76,257718.55
102330,5011689,Closed,-542,0,4176.43,209549.48,39545.49
101342,5011690,Closed,-1633,0,4781.6,284946.2,22345.51
200132,5011691,Active,-2750,0,11016.69,72977.96,227354.06
200452,5011692,Active,-32,0,3680.42,46292.9,25840.93
103042,5011693,Active,-2644,0,7679.93,77188.5,57458.77
109652,5011694,Closed,-2729,0,4916.61,457226.6,133301.42
101531,5011695,Closed,-2003,0,11933.61,279835.89,10401.25
104101,5011696,Closed,-1007,0,7756.15,50752.16,28389.0
201629,5011697,Active,-2730,0,1506.05,43407.77,15050.13
104313,5011698,Active,-2802,0,3810.69,265444.58,104601.8
200350,5011699,Closed,-35,0,824.64,459505.6,25656.52
200837,5011700,Closed,-879,0,296.78,51908.51,85153.5
100024,5011701,Closed,-1577,0,359.6,213233.5,116352.95
200951,5011702,Active,-2636,10,9131.16,54360.16,3170.51
101677,5011703,Active,-1062,0,2748.82,24670.98,89451.89
107490,5011704,Closed,-939,0,3963.01,155394.8,12591.36
201851,5011705,Closed,-138,0,1801.62,128774.4,2299.73
201417,5011706,Closed,-1073,0,1546.21,86162.43,85042.54
107644,5011707,Active,-1739,0,3765.6,207110.56,37900.18
106204,5011708,Closed,-956,0,6128.63,156029.55,6450.79
105966,5011709,Closed,-1628,0,427.73,33595.28,12742.59
103932,5011710,Active,-2840,0,2670.81,371299.13,251132.27
108538,5011711,Closed,-549,0,1082.87,83779.14,31858.84
108963,5011712,Closed,-2392,0,421.57,552578.95,63446.86
107884,5011713,Closed,-1916,0,11071.23,95612.92,11764.09
200137,5011714,Closed,-245,0,24440.89,117322.29,9696.38
105916,5011715,Closed,-1824,0,8868.25,24927.59,48750.82
105646,5011716,Active,-679,0,4232.42,28170.67,214687.61
109022,5011717,Closed,-563,0,9957.42,17195.76,67907.03
103740,5011718,Closed,-2389,0,10201.64,792512.67,5706.2
103551,5011719,Closed,-197,0,2541.73,479310.25,31704.31
108276,5011720,Active,-153,0,5938.58,12978.96,16646.02
102986,5011721,Closed,-1870,10,2628.34,81407.37,15482.02
107079,5011722,Closed,-1824,0,1662.36,2838496.86,26255.83
103241,5011723,Closed,-2692,0,4623.13,11076.34,18392.13
104050,5011724,Closed,-2383,0,7582.05,285659.9,114351.11
106137,5011725,Active,-2221,0,684.95,253571.72,10251.23
201164,5011726,Closed,-1074,0,1145.83,31053.58,114583.41
103018,5011727,Active,-1934,0,6126.27,107800.58,84322.24
201263,5011728,Active,-2188,0,12553.95,97753.49,50721.66
100062,5011729,Closed,-1167,0,1306.14,73169.95,21133.99
101056,5011730,Closed,-2220,0,5307.58,197155.95,10168.06
109097,5011731,Active,-2880,0,1500.28,191171.42,182734.35
100238,5011732,Closed,-803,0,2395.86,205029.45,220803.18
200376,5011733,Closed,-803,0,1878.98,250793.91,100697.84
102593,5011734,Closed,-259,0,8799.57,275918.95,131601.15
108901,5011735,Active,-421,0,13261.68,181311.98,30795.88
106024,5011736,Closed,-1680,0,4494.86,268769.82,44948.41
100454,5011737,Active,-354,0,415.66,350690.2,306996.88
108835,5011738,Active,-2868,0,27.61,32480.6,133213.25
100572,5011739,Closed,-2880,0,2059.86,397413.89,6832.21
102919,5011740,Closed,-1219,0,77.66,59122.31,37846.16
103808,5011741,Active,-1196,0,5144.52,78789.5,40639.19
103869,5011742,Closed,-1,0,1234.31,245731.01,39908.45
103707,5011743,Closed,-245,0,7735.77,78668.8,71993.57
106701,5011744,Closed,-2085,0,2904.18,171363.77,14337.81
101489,5011745,Closed,-1808,0,11285.22,285267.96,65879.96
200903,5011746,Active,-260,0,1894.1,136701.75,11698.25
200625,5011747,Active,-1903,0,786.06,177949.91,58932.35
200620,5011748,Active,-1199,0,2566.43,79959.07,35075.99
108949,5011749,Closed,-2909,0,1771.49,24830.23,25848.56
107141,5011750,Active,-1047,0,1137.61,6250.23,74089.47
106167,5011751,Closed,-1051,0,5293.09,135122.57,159243.27
106899,5011752,Active,-2313,0,583.78,232359.35,7544.55
107031,5011753,Active,-2203,0,3354.71,126948.21,57267.91
201431,5011754,Active,-862,0,3762.31,88826.44,19335.45
105238,5011755,Closed,-2153,0,6.03,201180.99,202333.27
200666,5011756,Closed,-963,0,2666.38,172782.39,15426.91
104925,5011757,Active,-749,0,9202.96,57475.99,66353.88
200410,5011758,Closed,-569,0,664.96,69388.13,260599.73
109500,5011759,Active,-1716,10,2523.45,300760.63,55134.6
102753,5011760,Active,-207,0,1774.73,162455.94,52285.54
109834,5011761,Active,-1410,0,955.02,29065.2,19560.59
103803,5011762,Active,-1073,0,5708.65,32763.77,14782.97
104295,5011763,Closed,-1875,0,777.78,650888.51,163800.41
104801,5011764,Active,-2739,0,321.94,357022.88,152.45
105250,5011765,Active,-366,0,5227.83,229757.36,563765.96
106330,5011766,Closed,-2016,0,5617.6,292360.42,10000.67
104701,5011767,Closed,-677,0,2624.88,18291.5,24753.06
200451,5011768,Closed,-910,0,3668.24,392255.89,7109.68
104586,5011769,Closed,-822,0,19140.72,577346.59,23161.91
109860,5011770,Closed,-38,0,15055.39,21743.3,289151.48
109233,5011771,Closed,-903,0,8347.14,151289.41,104386.94
100140,5011772,Closed,-665,0,8764.96,178846.73,99745.07
101435,5011773,Active,-1627,0,674.9,251506.97,183423.54
104099,5011774,Closed,-1607,0,9737.13,86456.33,7351.36
100303,5011775,Closed,-442,0,6239.28,403256.52,32762.97
106979,5011776,Closed,-124,0,1091.65,41986.01,85568.13
108731,5011777,Closed,-1156,0,516.32,442618.05,60155.62
200998,5011778,Closed,-1632,0,2517.41,11462.93,81998.67
107339,5011779,Closed,-903,0,1924.57,13879.92,1228.86
103621,5011780,Closed,-737,0,6368.93,294870.88,13143.78
104937,5011781,Closed,-725,10,10430.01,160800.45,93074.57
102179,5011782,Closed,-1872,0,2481.79,150671.63,52216.91
101183,5011783,Closed,-1446,0,3211.82,318333.33,271980.24
103586,5011784,Closed,-725,0,251.31,995.25,67078.84
101449,5011785,Closed,-1939,10,2983.42,543932.79,141810.18
109673,5011786,Closed,-1917,0,2965.05,275645.04,70343.89
100540,5011787,Closed,-1460,0,4400.73,1273424.61,54331.19
105116,5011788,Closed,-2981,0,6018.57,717502.3,11532.86
108786,5011789,Closed,-714,0,1152.12,380228.39,19543.27
107916,5011790,Closed,-2584,0,1736.94,128546.98,3745.4
201759,5011791,Closed,-2702,0,3081.79,286345.36,22166.38
102958,5011792,Closed,-299,0,1766.46,397873.38,202695.66
101734,5011793,Closed,-1004,0,6999.47,288193.33,42425.45
109078,5011794,Closed,-2034,0,23255.62,33130.64,2381.04
105237,5011795,Closed,-1004,0,3304.77,139821.65,85275.97
107162,5011796,Closed,-80,0,2144.35,241694.35,159868.71
201512,5011797,Closed,-2300,0,2736.46,333366.91,16110.34
100451,5011798,Active,-2430,0,950.01,731683.82,77878.83
101408,5011799,Closed,-1606,30,1536.87,5679.13,32920.97
200999,5011800,Active,-25,0,2901.14,327570.21,46641.96
108743,5011801,Closed,-511,0,1505.58,567763.11,50590.23
200912,5011802,Closed,-1862,0,9060.63,18862.63,227622.32
200099,5011803,Closed,-1521,0,6450.91,681707.88,12451.87
105140,5011804,Closed,-2517,0,735.9,208881.4,47785.3
200770,5011805,Closed,-111,0,209.53,183717.42,19126.74
102515,5011806,Closed,-1061,0,5815.27,195611.51,38834.75
102879,5011807,Closed,-2099,10,5760.09,420759.19,30386.69
101623,5011808,Closed,-2207,0,2248.06,11030.59,78600.44
101169,5011809,Closed,-2015,0,1634.66,54694.73,2341.1
102562,5011810,Closed,-1135,0,1839.43,108774.54,25536.24
109458,5011811,Active,-330,0,9899.66,180206.98,49103.34
103745,5011812,Active,-263,0,581.68,698731.01,246308.17
102569,5011813,Active,-463,0,1925.32,664871.81,58839.06
107933,5011814,Closed,-1359,0,366.89,321335.34,172937.89
103145,5011815,Closed,-2135,0,730.89,5633.52,22590.84
108637,5011816,Active,-819,0,2440.7,203556.33,30157.42
105749,5011817,Closed,-1315,0,534.71,371120.82,5086.77
106169,5011818,Active,-2114,0,2989.04,39680.68,57878.88
101784,5011819,Closed,-1623,0,7781.76,30191.76,55227.82
106901,5011820,Active,-1275,0,1535.14,107694.41,376192.1
104979,5011821,Closed,-1820,0,6212.39,70764.26,4429.25
109979,5011822,Active,-1877,0,18443.57,46647.45,130741.66
108427,5011823,Active,-738,0,5158.8,46909.04,20416.66
106945,5011824,Closed,-2820,0,66.98,438212.27,134034.8
100558,5011825,Active,-2226,0,8818.6,33688.3,102056.88
109647,5011826,Active,-576,0,14781.85,35503.59,14754.04
108036,5011827,Closed,-610,0,842.94,63094.02,129846.22
109810,5011828,Closed,-1272,0,471.12,12101.31,228303.25
106477,5011829,Closed,-591,0,6685.97,135406.62,4702.14
104753,5011830,Closed,-56,0,446.89,6678.23,13173.35
109089,5011831,Active,-206,10,751.74,571259.28,74220.54
106236,5011832,Closed,-2349,0,391.46,68017.68,42065.55
103933,5011833,Active,-1252,0,269.24,28219.62,35543.92
102664,5011834,Closed,-2141,0,7117.19,174972.17,62476.19
104960,5011835,Active,-1266,0,8092.86,117012.73,143985.79
101734,5011836,Closed,-1986,0,1967.14,22641.39,43449.02
102646,5011837,Closed,-2877,0,21471.64,25750.99,33063.83
101009,5011838,Closed,-2056,0,605.05,232944.8,268906.8
106729,5011839,Closed,-50,0,4840.98,45394.0,33585.77
104465,5011840,Closed,-1473,0,3839.79,947012.17,7450.42
100478,5011841,Closed,-1635,0,491.73,285880.61,26431.85
103112,5011842,Active,-2965,0,1233.93,253033.32,8842.31
201797,5011843,Active,-2860,0,472.99,34203.83,1322.68
105654,5011844,Active,-969,0,340.32,121586.17,165940.2
200551,5011845,Closed,-783,0,1246.07,274165.59,56531.35
105452,5011846,Active,-2617,0,528.78,119634.2,385722.36
109816,5011847,Active,-1064,0,162.44,180519.05,34763.12
105011,5011848,Closed,-912,0,2130.96,215776.48,16548.65
107536,5011849,Closed,-846,0,2784.31,37590.59,81490.43
100437,5011850,Active,-603,0,3026.39,8189.33,27592.41
100379,5011851,Active,-309,0,5343.67,241765.0,42363.16
104870,5011852,Closed,-1448,0,3056.14,457524.05,89891.61
103584,5011853,Closed,-1728,0,3334.95,747587.59,51647.6
100771,5011854,Active,-1011,0,429.65,35419.89,9794.29
101899,5011855,Closed,-1046,0,1061.12,166679.11,127988.34
101693,5011856,Active,-2087,0,374.99,258215.91,31406.21
106370,5011857,Active,-1284,0,7615.07,4131.76,27187.15
103665,5011858,Active,-2874,0,6974.5,189864.36,149265.26
201027,5011859,Active,-116,0,6245.8,649698.63,14095.32
103162,5011860,Active,-131,0,5003.13,6085.27,132315.83
101300,5011861,Closed,-2813,0,1362.96,372985.39,86887.59
102762,5011862,Active,-1608,0,156.2,331922.05,23633.03
106141,5011863,Closed,-2074,0,3498.6,260113.68,171171.66
100995,5011864,Closed,-2822,0,431.99,229709.77,1799.08
107732,5011865,Closed,-2353,0,5425.19,1751.17,13923.21
101152,5011866,Closed,-2504,0,6621.01,28120.84,27907.76
103563,5011867,Active,-2243,0,4236.17,35935.51,20870.04
107861,5011868,Closed,-50,0,2449.93,40870.85,83924.07
102102,5011869,Active,-1671,0,6803.65,180350.05,20046.35
102029,5011870,Closed,-1413,0,12032.33,26757.73,31048.24
108317,5011871,Active,-657,0,2471.18,211589.52,20041.55
107466,5011872,Closed,-2104,0,3638.02,363119.85,25281.39
108617,5011873,Closed,-848,0,2932.93,637296.96,16527.38
104613,5011874,Closed,-119,0,4622.04,215162.18,11573.03
109532,5011875,Active,-2856,0,3593.32,81819.22,118381.64
105075,5011876,Closed,-673,0,3.96,95036.44,25741.48
103069,5011877,Active,-904,0,1746.75,795034.87,27200.01
101143,5011878,Closed,-130,0,974.68,3994.91,230556.24
102696,5011879,Closed,-1382,0,5209.08,88021.55,99682.11
109951,5011880,Closed,-1550,0,2155.41,175080.35,103511.9
102265,5011881,Closed,-2962,0,8334.1,122517.7,7357.55
108345,5011882,Active,-2432,0,198.2,62327.51,57960.63
102615,5011883,Closed,-2235,0,28107.45,236014.05,123088.28
102561,5011884,Active,-1842,0,408.21,460688.85,43278.26
201110,5011885,Closed,-2226,0,7128.28,17873.14,87168.98
201244,5011886,Closed,-333,0,5588.95,104936.44,117061.71
103804,5011887,Closed,-1459,0,2856.41,560383.36,1370.6
201133,5011888,Closed,-1540,0,3349.55,289145.45,79103.32
100140,5011889,Closed,-650,0,3472.47,39211.1,17420.67
106368,5011890,Closed,-1069,0,2326.48,162110.49,62412.99
104804,5011891,Active,-2960,0,4862.53,182976.71,213793.39
109540,5011892,Closed,-2319,0,2426.23,36137.84,30096.58
200292,5011893,Closed,-2530,0,553.7,65010.26,111967.55
101290,5011894,Closed,-2011,0,412.25,234784.01,6605.58
106986,5011895,Closed,-2359,0,8403.62,55107.0,29188.02
100237,5011896,Active,-2395,0,3161.67,456629.44,60231.28
104017,5011897,Closed,-796,0,4931.77,335693.79,17329.14
102020,5011898,Closed,-732,0,8354.23,124881.88,33766.56
200169,5011899,Closed,-675,0,2045.01,72466.19,177221.65
109747,5011900,Active,-1207,0,1992.09,82054.96,40302.7
100902,5011901,Active,-2954,0,1344.54,129422.2,99137.87
200839,5011902,Closed,-379,0,1579.69,7038.5,124120.56
101884,5011903,Active,-470,0,2411.88,63319.63,107477.8
101297,5011904,Closed,-1600,0,3443.7,1644.89,45917.08
108421,5011905,Active,-703,0,4654.08,555917.56,88504.79
200761,5011906,Closed,-756,0,4788.13,143961.48,61677.18
102156,5011907,Active,-2193,0,7178.22,82326.6,91219.77
200402,5011908,Closed,-1068,0,7072.97,168018.91,7516.38
200295,5011909,Active,-1067,0,12450.77,349454.85,10212.47
100383,5011910,Closed,-800,0,24424.65,327700.7,58683.61
102308,5011911,Closed,-1480,0,7734.97,235902.21,74.06
201792,5011912,Active,-857,0,5726.73,186977.43,46569.12
107103,5011913,Closed,-142,0,6034.73,23188.47,5465.7
105681,5011914,Active,-2139,0,1686.83,31005.9,100162.39
100993,5011915,Closed,-2090,0,11856.06,331862.52,91470.75
109157,5011916,Closed,-1378,0,3687.7,233543.34,218593.87
101669,5011917,Active,-1306,0,2921.32,87281.05,1028.17
107972,5011918,Active,-2268,0,22008.54,267623.89,542858.63
101608,5011919,Closed,-821,10,766.64,35392.0,167158.44
108320,5011920,Closed,-1070,0,5105.41,10712.34,53539.95
200366,5011921,Closed,-134,0,6730.21,57525.58,149559.22
101300,5011922,Closed,-180,10,1215.22,254363.32,24988.0
102437,5011923,Closed,-629,0,7993.99,73344.91,196706.24
105639,5011924,Closed,-1983,0,2478.9,34626.69,63551.21
102865,5011925,Closed,-2636,0,689.87,361518.41,36476.8
106680,5011926,Closed,-2713,0,751.95,10121.34,52308.19
201890,5011927,Closed,-40,10,8244.39,2687.16,30695.27
102892,5011928,Closed,-2003,0,19560.34,155083.15,22716.95
108073,5011929,Active,-469,0,800.7,136259.87,33378.6
105612,5011930,Closed,-988,0,2759.6,376507.08,30873.97
201129,5011931,Closed,-1602,0,6331.11,162797.24,118375.58
108282,5011932,Closed,-660,0,1216.64,45388.68,13380.96
100209,5011933,Closed,-2290,0,1486.55,34419.99,161258.62
104348,5011934,Closed,-2871,0,6985.04,331840.46,30578.1
201503,5011935,Active,-2743,0,742.37,327493.33,32887.08
105551,5011936,Closed,-2365,0,131.4,181192.02,37888.4
106324,5011937,Closed,-1846,0,1219.44,72244.15,208031.59
103828,5011938,Closed,-662,0,3231.47,102449.27,28267.44
108741,5011939,Closed,-937,0,3735.87,88735.24,34364.24
103939,5011940,Closed,-1100,0,5153.48,271801.13,4471.15
106758,5011941,Closed,-2623,0,6301.8,32376.57,14737.32
106785,5011942,Closed,-578,0,3698.61,41781.25,64751.43
104083,5011943,Closed,-1969,30,7695.95,68754.18,138330.13
109292,5011944,Closed,-1325,0,2057.69,45673.0,62672.93
101321,5011945,Active,-2426,0,1680.95,91799.99,11009.81
108489,5011946,Closed,-523,0,2692.91,91083.36,37007.3
100758,5011947,Active,-117,0,727.85,299396.69,155835.17
108398,5011948,Closed,-1854,0,185.72,64460.3,119858.49
108095,5011949,Closed,-1198,0,494.23,33118.79,37952.49
100399,5011950,Closed,-243,0,6824.63,41223.98,38129.09
104245,5011951,Closed,-16,0,766.19,525408.06,65448.59
102288,5011952,Active,-137,0,9797.38,251606.96,1616.75
104444,5011953,Active,-1342,0,6718.72,307835.55,32373.45
200938,5011954,Active,-871,0,5695.65,172591.55,91961.99
101678,5011955,Active,-1436,0,162.99,2654.01,26781.57
101995,5011956,Closed,-1947,30,1680.91,35721.91,17350.75
103742,5011957,Closed,-2798,0,6912.93,184669.12,120488.83
103700,5011958,Closed,-2347,0,4683.33,12003.06,298947.5
105899,5011959,Closed,-193,0,1915.16,545662.59,84820.12
109771,5011960,Closed,-1216,0,233.23,8118.54,73464.05
101263,5011961,Active,-2627,0,143.3,327740.44,61312.99
107745,5011962,Closed,-1568,0,1643.97,100248.08,36384.88
200673,5011963,Closed,-974,0,733.94,220427.56,97747.39
102045,5011964,Active,-920,0,14945.74,60637.91,147706.11
201821,5011965,Active,-1695,0,5769.92,105392.12,13466.9
102257,5011966,Closed,-2110,0,4193.0,119426.66,152640.42
100497,5011967,Closed,-1439,0,1295.76,150585.87,120190.82
107735,5011968,Closed,-1873,0,3684.18,306446.77,22501.76
109717,5011969,Closed,-2235,0,866.66,258376.2,52609.63
104360,5011970,Active,-44,0,6806.59,27399.5,48426.43
201138,5011971,Closed,-1089,0,2200.42,513193.85,71857.79
109660,5011972,Active,-1654,0,6470.66,280850.02,11945.94
200532,5011973,Closed,-883,0,5552.08,12454.65,173880.67
104741,5011974,Closed,-2805,10,9826.88,182047.7,73964.69
102560,5011975,Closed,-1165,0,10409.14,32250.49,42179.11
107293,5011976,Closed,-1865,0,470.33,83658.13,85827.49
108973,5011977,Active,-2456,0,6004.15,3257.26,46839.05
201451,5011978,Closed,-1960,0,1356.53,11368.22,43529.85
106457,5011979,Closed,-44,0,701.08,502587.5,16127.7
109194,5011980,Closed,-2480,0,6107.28,11204.18,75292.09
103035,5011981,Closed,-2324,0,761.48,192001.93,80637.84
102898,5011982,Closed,-1641,0,3536.66,1604.31,139449.15
103987,5011983,Active,-2235,0,13218.06,421545.65,11577.23
101040,5011984,Closed,-1424,0,10849.81,87001.29,2146.33
201798,5011985,Active,-1937,0,6793.68,96043.32,10092.4
105698,5011986,Closed,-2261,0,1729.24,416329.68,211361.23
201777,5011987,Closed,-668,0,1643.44,215205.37,25134.67
106560,5011988,Closed,-45,0,1449.36,112344.7,22894.08
107677,5011989,Closed,-631,0,325.39,5142.01,7418.12
107482,5011990,Closed,-1256,0,364.46,13311.2,119580.68
108905,5011991,Active,-2925,0,4085.4,403453.21,73842.6
103031,5011992,Closed,-1779,30,4551.1,79709.0,5190.16
201204,5011993,Active,-2863,0,2290.67,361193.35,17631.61
102078,5011994,Closed,-2932,0,10403.42,19208.44,121284.44
102487,5011995,Closed,-649,0,3748.45,22522.97,8450.11
103150,5011996,Active,-2855,0,647.06,157750.12,67032.77
103785,5011997,Closed,-2091,0,2419.27,76811.64,49890.54
201925,5011998,Closed,-35,0,712.54,517376.57,11136.16
105884,5011999,Closed,-1809,0,7383.32,21739.43,132433.24
200995,5012000,Closed,-1718,0,10333.44,166412.04,87397.79
200858,5012001,Closed,-1145,0,5659.58,108144.43,114596.15
106473,5012002,Closed,-2886,0,2221.21,605890.94,167962.06
201164,5012003,Closed,-846,0,9058.11,562501.31,5056.62
103692,5012004,Closed,-2464,0,508.47,6421.1,24785.2
102449,5012005,Closed,-2237,0,11577.87,35482.02,23336.15
109869,5012006,Closed,-2515,0,2774.46,335118.51,61864.96
108146,5012007,Active,-2595,0,3494.7,300973.32,154170.69
102527,5012008,Active,-2588,10,19735.44,13384.53,165476.95
101950,5012009,Closed,-20,0,2329.03,13825.12,5609.15
102020,5012010,Closed,-2839,0,4461.28,87366.58,43621.76
100995,5012011,Closed,-781,0,2291.99,124678.67,21567.07
105873,5012012,Closed,-1085,0,45.39,654542.0,9977.08
108832,5012013,Closed,-2133,0,22551.78,232242.09,43005.99
200522,5012014,Closed,-2260,0,210.39,281153.19,18195.56
103837,5012015,Closed,-2631,30,1694.67,391262.19,85013.03
103985,5012016,Closed,-1966,0,7223.2,15774.62,177951.44
103071,5012017,Closed,-2449,0,8411.58,162027.24,104237.17
105580,5012018,Closed,-2410,0,5280.8,22362.52,68281.32
105994,5012019,Closed,-341,0,8452.95,110175.72,160151.06
108119,5012020,Closed,-1263,0,1421.5,238660.07,7205.39
103311,5012021,Active,-517,0,1813.66,265845.98,20246.41
200797,5012022,Closed,-1177,0,17196.79,354472.86,96610.29
100369,5012023,Closed,-25,0,87.78,219483.76,46349.51
102006,5012024,Closed,-429,0,4694.64,84820.73,20936.16
106933,5012025,Closed,-1404,0,6912.28,137161.88,37685.79
200954,5012026,Active,-404,0,3947.83,385559.94,132113.16
104601,5012027,Closed,-1221,0,231.95,20356.02,12270.7
109276,5012028,Closed,-2602,0,1330.32,324748.41,56386.65
106332,5012029,Closed,-761,0,2295.08,88969.11,63848.8
103712,5012030,Closed,-2937,0,928.21,211344.75,94353.89
107320,5012031,Closed,-1902,0,1580.72,99308.82,63395.16
101464,5012032,Closed,-56,0,400.78,604592.9,42798.43
107592,5012033,Closed,-1319,0,2618.71,27117.56,135396.3
100188,5012034,Active,-1710,0,115.26,388481.64,7731.59
102166,5012035,Closed,-2669,0,1543.88,142283.43,269707.1
102833,5012036,Closed,-1446,0,3590.58,18133.01,20494.24
109077,5012037,Closed,-1107,0,6864.25,25051.09,28127.44
107060,5012038,Closed,-1246,0,5773.56,66944.78,76855.85
201178,5012039,Closed,-1144,0,5027.74,544309.91,19483.44
102927,5012040,Closed,-2635,0,369.9,60579.52,35461.27
201688,5012041,Closed,-535,0,1628.37,71410.87,330961.54
108765,5012042,Closed,-2803,0,1042.39,47254.07,51256.74
200902,5012043,Active,-524,0,3760.6,36404.25,101902.65
107930,5012044,Closed,-2173,0,903.11,136643.17,157247.27
101994,5012045,Active,-1025,0,5096.75,136613.34,99945.73
105391,5012046,Closed,-2502,0,8735.78,226039.62,1280.18
106280,5012047,Closed,-56,0,9247.84,21778.08,45131.06
200829,5012048,Closed,-806,0,2027.94,93290.96,18107.74
107140,5012049,Closed,-555,0,8872.57,18814.73,42952.27
103112,5012050,Closed,-1648,0,5492.48,629784.15,145862.04
102313,5012051,Closed,-1825,0,540.55,331926.48,72299.16
108519,5012052,Closed,-545,0,4168.66,303811.33,13535.13
107436,5012053,Closed,-2416,0,10899.93,97296.91,20540.31
107712,5012054,Closed,-2635,30,614.63,69861.74,351338.27
105134,5012055,Closed,-596,0,6520.78,451243.84,23377.37
101103,5012056,Closed,-486,0,2068.29,494954.48,29807.7
104115,5012057,Closed,-2807,0,9476.56,190668.31,225060.25
108483,5012058,Closed,-1703,0,3707.68,161456.72,66251.36
107784,5012059,Closed,-854,0,6233.26,727483.93,94039.14
106446,5012060,Active,-1346,0,456.23,43627.52,34096.7
106863,5012061,Closed,-2172,0,1007.93,28740.24,72274.81
201083,5012062,Active,-1227,0,121.05,591463.91,64685.97
107656,5012063,Closed,-2044,0,1257.3,56985.69,126183.34
101203,5012064,Closed,-824,0,1965.37,285274.22,4723.45
100015,5012065,Active,-2712,0,9224.58,1504780.91,130571.39
200630,5012066,Closed,-1545,10,5646.45,266975.1,51227.92
200529,5012067,Closed,-951,0,949.42,214922.2,220019.95
101496,5012068,Closed,-111,0,3820.55,55240.84,46439.79
103632,5012069,Active,-2354,0,3661.49,183387.85,48467.58
109524,5012070,Active,-976,0,2836.8,181382.13,15942.05
104251,5012071,Closed,-2192,0,2121.25,1034717.8,68622.34
106753,5012072,Active,-2228,0,2903.5,184597.48,92136.26
201164,5012073,Closed,-568,0,5390.81,521070.2,1324.55
107940,5012074,Closed,-2398,0,607.27,11964.82,22191.26
102774,5012075,Closed,-2144,0,15257.55,137786.36,152683.7
100372,5012076,Closed,-624,0,2296.98,80022.56,138275.39
101637,5012077,Closed,-398,0,7355.26,81720.58,234819.19
101006,5012078,Closed,-1126,0,6313.27,94861.95,92188.91
105498,5012079,Active,-2870,0,2773.1,64972.32,68413.67
105476,5012080,Active,-2340,0,65.68,1562.76,13445.89
105802,5012081,Active,-2489,0,11607.81,19854.28,215311.03
200334,5012082,Active,-1322,0,4445.56,93146.2,6095.33
108080,5012083,Closed,-269,0,1668.52,139932.15,47915.57
106557,5012084,Closed,-874,0,2954.18,165837.39,50577.67
201096,5012085,Closed,-2427,0,3537.32,90300.34,189829.17
103962,5012086,Active,-2969,0,10647.93,469211.84,89241.37
109044,5012087,Closed,-1335,0,7001.9,55644.81,91588.7
103467,5012088,Closed,-167,0,2881.34,124786.9,33425.23
106992,5012089,Active,-990,0,6734.18,11824.41,246886.54
104622,5012090,Closed,-2886,0,1212.19,383175.54,25845.89
200649,5012091,Active,-2718,0,1924.84,180846.26,219208.49
105943,5012092,Active,-1136,0,1313.6,222499.71,44526.82
101113,5012093,Active,-1294,0,6526.45,22256.38,21383.76
109877,5012094,Closed,-394,0,17236.14,303141.72,6086.65
201123,5012095,Closed,-2588,0,554.36,373908.71,46348.22
102999,5012096,Closed,-1024,0,10086.5,3501.32,317125.35
201422,5012097,Closed,-136,0,1495.38,40816.8,16615.89
100053,5012098,Closed,-1322,0,2983.62,113594.17,83055.3
105964,5012099,Active,-1570,30,11345.67,417663.49,54080.32
200409,5012100,Active,-2499,0,1223.54,219699.45,66648.67
106676,5012101,Closed,-2060,0,3854.07,117898.04,300056.52
200185,5012102,Active,-1793,0,8994.6,154094.96,205593.49
109311,5012103,Active,-787,0,1561.23,240480.06,209794.18
101326,5012104,Active,-1031,10,6191.63,118872.05,12329.79
107445,5012105,Closed,-2007,0,3021.35,52612.89,15399.14
104946,5012106,Active,-1233,0,10680.36,107936.61,60490.87
200530,5012107,Closed,-330,0,2036.3,125322.27,54458.23
105202,5012108,Closed,-708,0,13648.97,34626.25,18610.41
101950,5012109,Closed,-1457,0,5969.86,62693.16,85616.0
103938,5012110,Closed,-1213,0,11912.06,45941.31,42848.37
105101,5012111,Active,-1782,0,242.85,62834.21,71113.87
200692,5012112,Closed,-20,0,7035.92,247537.53,71793.82
108196,5012113,Closed,-543,0,4362.81,403252.36,69364.95
201428,5012114,Active,-1082,0,3445.45,86417.1,54715.9
101356,5012115,Active,-1858,0,7819.96,1011360.32,199118.17
101722,5012116,Active,-1004,0,3365.53,17121.26,73725.93
104855,5012117,Closed,-2574,0,2132.47,54855.69,7008.22
106795,5012118,Closed,-895,0,5230.61,134519.7,27704.1
105500,5012119,Closed,-1769,0,2140.8,273908.52,117857.72
102350,5012120,Closed,-1316,0,6231.77,103685.17,17521.86
103885,5012121,Active,-2184,0,1459.38,70347.14,133697.91
200718,5012122,Closed,-912,0,1020.45,88252.21,4971.26
104748,5012123,Closed,-2757,10,8888.74,60616.48,60859.42
102021,5012124,Closed,-1651,0,4097.98,214231.49,16270.21
105941,5012125,Active,-1164,0,9184.88,79754.06,3563.01
102496,5012126,Active,-1557,0,8767.09,395421.02,32356.35
100932,5012127,Closed,-2316,0,921.24,160831.91,45085.54
103389,5012128,Active,-343,0,245.46,612890.28,95790.18
109331,5012129,Active,-1136,10,110.37,41776.5,64507.07
102259,5012130,Active,-1263,0,2704.94,452651.22,96980.27
104770,5012131,Closed,-877,0,15447.76,349562.92,77202.57
200644,5012132,Active,-1529,0,7557.71,286238.34,36260.5
108216,5012133,Active,-273,0,1282.1,158627.08,6648.2
107585,5012134,Closed,-139,0,3695.51,418224.63,172825.61
101155,5012135,Active,-1190,0,612.8,308810.32,32638.55
100954,5012136,Closed,-1731,0,3582.99,322226.03,70392.16
105182,5012137,Closed,-317,0,440.02,42862.09,260799.38
103824,5012138,Closed,-187,10,2692.82,545247.56,74452.26
102327,5012139,Active,-865,0,22925.51,826237.97,3637.1
200868,5012140,Closed,-2767,0,6282.5,164667.02,131935.92
104460,5012141,Closed,-487,0,15814.06,334577.42,8234.92
101824,5012142,Closed,-1309,0,5478.88,173411.19,51329.62
109773,5012143,Closed,-2724,0,3960.79,59712.17,8756.73
104118,5012144,Active,-2056,0,4443.32,238108.22,55915.79
201083,5012145,Closed,-124,0,283.66,167132.87,66437.05
101486,5012146,Closed,-651,0,2050.4,56453.14,58436.87
105014,5012147,Closed,-1213,0,19915.69,228218.36,83775.01
103944,5012148,Closed,-322,10,3895.94,56884.35,73330.0
101929,5012149,Closed,-181,0,10691.75,29997.83,27989.68
105004,5012150,Closed,-291,0,9202.51,170441.93,6446.45
109908,5012151,Closed,-1310,0,4413.99,119142.24,44195.38
107344,5012152,Active,-573,0,1187.27,220017.91,52938.46
109457,5012153,Active,-2785,10,7485.14,383808.89,19851.98
102300,5012154,Active,-1359,0,802.09,347034.01,41121.4
201358,5012155,Closed,-1477,0,14875.35,250146.38,315850.05
109574,5012156,Closed,-128,0,16476.33,25250.87,5862.46
104408,5012157,Closed,-812,0,1577.03,167757.81,3487.95
201758,5012158,Closed,-2504,0,11905.27,39200.85,74659.41
108463,5012159,Closed,-2330,0,8802.88,37840.42,72051.15
103695,5012160,Active,-2176,0,5293.85,61535.34,190211.62
107498,5012161,Closed,-1226,0,11831.03,367002.01,53394.59
200293,5012162,Active,-1876,0,13218.85,236497.16,94613.13
109342,5012163,Active,-498,0,389.31,63956.9,262712.98
106844,5012164,Closed,-2561,0,3632.87,79789.36,28628.6
106189,5012165,Closed,-758,0,2539.88,83390.54,47913.87
100412,5012166,Closed,-754,0,375.52,185422.25,144519.6
201665,5012167,Closed,-1044,0,5056.37,55398.39,53195.76
105485,5012168,Active,-27,0,531.88,41893.01,95833.19
201551,5012169,Closed,-2071,0,6457.74,439883.86,4304.67
201192,5012170,Closed,-2413,0,2152.77,61882.97,16057.24
105879,5012171,Closed,-100,0,1591.86,308217.25,88262.06
105481,5012172,Active,-1145,0,11201.87,126027.39,17238.92
108994,5012173,Active,-587,0,83.57,572342.42,31305.14
104841,5012174,Closed,-988,0,2899.69,493297.47,365.79
109599,5012175,Closed,-183,0,2981.26,257000.51,154888.46
103281,5012176,Closed,-2398,0,4269.14,216849.6,68153.65
107911,5012177,Active,-644,30,4754.43,24672.99,3835.74
102617,5012178,Active,-1252,0,2736.2,11622.55,93859.86
104963,5012179,Closed,-2679,0,14777.98,208294.47,189054.39
103765,5012180,Active,-1637,0,1740.5,536248.85,15027.89
108414,5012181,Closed,-191,0,19231.39,11368.9,15997.57
103462,5012182,Closed,-137,0,12326.64,103598.76,95485.89
106679,5012183,Active,-568,0,9671.55,262095.3,103822.49
101459,5012184,Active,-2056,0,214.94,361300.86,13362.66
201591,5012185,Active,-2738,0,738.67,323331.68,98434.14
108258,5012186,Active,-2116,0,1548.87,33065.57,19291.9
107407,5012187,Closed,-127,0,4235.53,11332.57,68192.85
102069,5012188,Closed,-1031,0,1155.6,300372.33,612.84
106100,5012189,Active,-668,0,4024.81,52277.41,16942.57
108403,5012190,Closed,-961,0,151.06,140862.84,120028.35
103250,5012191,Active,-1226,0,242.29,494861.75,18792.51
101105,5012192,Closed,-2952,0,4769.75,48525.61,2796.37
108413,5012193,Closed,-1003,10,1788.8,25125.87,256165.84
108108,5012194,Closed,-1839,30,3576.5,53378.27,95327.78
107730,5012195,Closed,-62,0,12320.75,38284.42,32166.86
104348,5012196,Closed,-1425,0,5991.39,104216.2,75687.68
103034,5012197,Closed,-1669,0,12422.35,97279.17,124570.01
108941,5012198,Active,-2832,0,2451.79,53332.07,47560.79
200880,5012199,Active,-2606,30,4340.46,514731.48,5203.88
104490,5012200,Active,-460,0,4332.37,40519.06,59517.57
200178,5012201,Closed,-2024,0,2337.97,172836.41,8101.13
105635,5012202,Closed,-635,10,2724.91,11968.31,46368.86
200007,5012203,Active,-2469,0,3229.55,9820.4,29951.39
100970,5012204,Closed,-244,0,9341.49,524262.47,28627.35
101696,5012205,Closed,-1086,0,15357.47,20426.74,126452.55
102234,5012206,Closed,-137,0,2172.36,67917.81,9821.52
104824,5012207,Closed,-371,0,11321.71,140862.12,19441.88
108286,5012208,Active,-59,0,10632.68,278442.91,12537.55
107361,5012209,Active,-2126,0,1106.79,134696.12,83333.69
100332,5012210,Closed,-2469,0,2658.03,19044.5,1085.33
200153,5012211,Closed,-2391,0,2512.76,139823.86,1759.57
201339,5012212,Active,-638,0,322.79,753206.27,73926.77
105557,5012213,Closed,-1934,0,6975.53,188694.46,47473.86
105891,5012214,Closed,-2307,0,678.03,50254.85,1900.21
105956,5012215,Closed,-467,0,88.81,90729.16,109624.81
200288,5012216,Closed,-335,0,3123.94,156992.45,33337.07
102756,5012217,Closed,-565,0,2098.16,13019.63,304888.73
104330,5012218,Closed,-729,0,3597.84,211709.18,75762.63
101539,5012219,Closed,-2455,0,386.52,169135.78,8626.85
201877,5012220,Closed,-1907,0,3678.39,126508.86,56302.19
102320,5012221,Active,-405,0,14066.52,146441.76,114751.31
106860,5012222,Closed,-118,0,2002.77,245925.08,79811.79
107626,5012223,Closed,-2636,0,2586.95,235810.84,443583.5
102761,5012224,Active,-1492,0,11324.28,26667.78,17430.78
200337,5012225,Active,-6,0,1598.94,202688.6,83088.56
200912,5012226,Active,-1814,0,3704.68,313771.97,55634.32
100731,5012227,Closed,-2154,0,14139.86,51346.49,418.08
104588,5012228,Closed,-1009,0,16883.28,245426.69,210934.29
104500,5012229,Active,-726,0,8181.61,308516.47,32155.7
200910,5012230,Closed,-1531,0,8134.45,227944.61,39475.74
200411,5012231,Active,-624,0,9393.24,372070.3,27485.52
105084,5012232,Active,-2788,0,2873.74,247276.18,8327.05
103826,5012233,Closed,-1253,0,450.47,47109.04,4198.05
101591,5012234,Closed,-2252,0,803.18,91857.23,12914.97
200487,5012235,Closed,-1272,0,6406.99,120591.62,20025.11
105939,5012236,Closed,-2668,0,4330.87,18579.36,2997.76
200922,5012237,Closed,-298,0,7675.11,70930.62,22193.45
101797,5012238,Active,-1796,0,3730.54,466044.91,17330.25
107536,5012239,Closed,-2391,0,3703.46,218317.82,61785.0
107917,5012240,Closed,-2511,0,642.98,246118.31,39162.34
200825,5012241,Closed,-482,0,910.0,203557.24,55276.78
102986,5012242,Active,-1243,0,2079.88,181841.04,95226.77
102655,5012243,Closed,-423,10,2355.3,181814.73,23269.39
107264,5012244,Active,-2327,0,4218.29,176546.7,13894.19
104321,5012245,Closed,-2475,0,540.07,858539.8,50216.1
102706,5012246,Closed,-2574,0,2964.03,18476.43,119436.95
109629,5012247,Closed,-2644,0,3855.17,214325.51,291967.32
104007,5012248,Closed,-2050,0,1050.0,216400.12,40401.18
100106,5012249,Closed,-1754,0,6139.22,235569.06,50456.45
109182,5012250,Active,-804,0,322.94,743719.61,124600.26
106202,5012251,Closed,-410,0,105.64,571197.47,13552.53
100845,5012252,Closed,-1730,0,4974.52,63231.74,42003.71
100090,5012253,Closed,-447,0,1065.95,203573.27,143913.67
106494,5012254,Closed,-532,0,6710.76,722430.57,38750.05
105646,5012255,Closed,-1248,0,5271.53,167108.85,139165.49
108923,5012256,Active,-744,0,8746.66,54345.01,14266.58
106703,5012257,Closed,-2822,0,2213.42,70463.33,48681.4
100036,5012258,Closed,-1056,0,5607.44,288724.89,20615.47
101646,5012259,Closed,-910,0,6457.85,197162.19,72724.33
105755,5012260,Active,-308,0,4635.66,12827.95,1344.75
201742,5012261,Closed,-2547,0,7416.45,104091.76,48577.75
105606,5012262,Active,-1019,0,1401.48,105023.39,77779.16
100213,5012263,Active,-2768,0,426.89,79648.32,48789.88
200953,5012264,Closed,-794,0,2630.0,22627.23,340.21
105971,5012265,Active,-594,10,229.21,682181.4,729.5
108289,5012266,Closed,-804,0,692.56,13634.14,193223.47
201846,5012267,Closed,-2556,0,7643.14,390082.75,266306.68
107681,5012268,Closed,-1166,0,157.65,15611.37,39979.5
107599,5012269,Closed,-1810,0,505.79,628551.01,64354.21
107354,5012270,Closed,-743,0,262.89,9777.5,85750.43
107439,5012271,Active,-2317,0,3498.64,76161.08,36633.42
106082,5012272,Closed,-2397,0,5284.39,25224.4,129555.48
201350,5012273,Closed,-2963,0,2990.58,86846.81,29075.4
102236,5012274,Closed,-591,0,4280.55,809862.22,75088.34
108461,5012275,Closed,-2338,0,4264.98,236179.56,39880.52
109968,5012276,Closed,-159,10,487.59,23433.93,165423.2
109337,5012277,Closed,-809,0,11573.66,116510.79,186016.07
104647,5012278,Closed,-419,0,7597.02,104506.47,97012.99
200767,5012279,Closed,-2303,0,2864.27,96099.79,45154.69
101137,5012280,Closed,-1902,0,23992.38,325296.21,169343.79
104845,5012281,Closed,-831,0,1908.64,278394.88,57465.69
107232,5012282,Active,-1563,0,1815.89,136799.5,62287.28
101895,5012283,Closed,-1573,0,27022.79,260979.48,140210.66
108155,5012284,Closed,-605,0,1034.28,63925.37,36698.04
105548,5012285,Closed,-320,0,10182.95,27696.52,6144.83
107939,5012286,Closed,-1150,0,2001.65,55571.85,28556.6
108432,5012287,Closed,-236,0,1332.12,7352.85,112358.22
101534,5012288,Closed,-331,0,6350.84,170733.23,17658.3
106568,5012289,Active,-1485,30,3856.74,435579.29,4894.11
101967,5012290,Closed,-2455,0,27381.01,110380.89,164161.36
101963,5012291,Closed,-2242,0,599.21,91950.61,32774.52
201712,5012292,Closed,-2982,0,32485.8,168204.62,233548.63
102551,5012293,Active,-2807,0,6499.0,4090.9,40293.81
200903,5012294,Closed,-1461,0,1270.72,192745.14,68934.33
200950,5012295,Closed,-1767,0,14119.78,178713.99,66908.27
103293,5012296,Closed,-2484,0,2470.21,109261.55,32576.42
100088,5012297,Active,-1093,10,10865.31,226854.41,82761.66
108144,5012298,Active,-555,0,134.92,251072.14,22508.18
109315,5012299,Closed,-2645,0,1126.07,765272.68,32734.66
104491,5012300,Closed,-2691,0,9221.04,585600.27,19162.8
101405,5012301,Closed,-2985,10,4109.04,216817.75,71957.58
106636,5012302,Active,-1678,0,10043.91,254226.66,839.89
106305,5012303,Active,-1331,0,12007.84,45706.94,34.28
107670,5012304,Closed,-1897,0,2858.97,322307.35,18725.95
109412,5012305,Closed,-1071,0,1756.68,31054.84,90403.51
108184,5012306,Active,-2858,0,1455.53,513448.1,287715.23
106362,5012307,Closed,-2569,0,563.43,130823.93,26271.33
100354,5012308,Active,-2689,0,4312.0,426726.44,7821.67
105273,5012309,Closed,-2717,0,1550.7,269375.55,5690.51
108662,5012310,Active,-905,0,2879.05,169643.0,170209.22
108219,5012311,Active,-93,0,19386.3,110403.19,20688.1
106545,5012312,Closed,-1351,0,5275.01,225555.37,7238.81
104615,5012313,Closed,-1464,0,5240.23,51890.36,133548.42
100683,5012314,Closed,-2642,0,5217.8,152184.52,15745.0
109861,5012315,Closed,-459,0,3175.41,1201773.16,2738.68
109843,5012316,Closed,-1268,0,13688.71,131716.9,271283.59
100316,5012317,Closed,-2307,0,37062.52,181930.21,408.89
201005,5012318,Closed,-1873,0,2082.24,649728.2,13291.51
100622,5012319,Active,-470,0,2167.73,648477.55,47567.84
102576,5012320,Closed,-886,0,8531.49,349742.9,264637.44
105846,5012321,Closed,-2939,0,5315.88,88658.53,850.68
201370,5012322,Closed,-2015,0,6162.77,23370.59,17278.47
200057,5012323,Closed,-26,0,13742.86,72755.8,152004.4
102403,5012324,Closed,-229,0,1318.5,585646.4,337601.18
104829,5012325,Closed,-67,0,4605.46,72483.31,456300.46
101174,5012326,Active,-1244,0,4128.11,189195.54,30161.2
102233,5012327,Closed,-877,0,254.01,296904.4,117320.12
108922,5012328,Closed,-1547,0,1978.2,3426.32,10010.68
103015,5012329,Active,-1896,0,6056.7,142718.34,31250.04
103619,5012330,Closed,-5,0,7663.66,444647.38,50556.9
201999,5012331,Closed,-1857,0,2913.9,122296.35,50997.32
104179,5012332,Closed,-2895,0,943.22,337687.28,149850.12
200974,5012333,Active,-2925,0,2440.36,55265.57,31295.14
101432,5012334,Closed,-1747,0,13892.28,535680.6,94145.99
106885,5012335,Closed,-763,0,1513.47,125372.51,3294.36
102813,5012336,Closed,-664,0,9827.61,103766.28,34425.67
100043,5012337,Active,-2292,0,593.88,412068.01,89074.01
201690,5012338,Closed,-401,0,26231.63,67759.49,247290.3
105709,5012339,Active,-846,0,8802.69,21608.03,155633.92
103953,5012340,Closed,-1878,0,290.8,55135.0,43.82
109573,5012341,Closed,-1118,0,69.4,240823.06,181467.81
106973,5012342,Active,-1599,0,17621.67,98730.12,13745.01
108830,5012343,Closed,-305,0,76.44,553840.47,71601.22
106995,5012344,Closed,-448,0,4416.67,14468.91,29046.09
200322,5012345,Closed,-1030,0,15768.77,360674.45,20154.55
109463,5012346,Closed,-1580,0,20084.48,55483.51,218046.19
100430,5012347,Closed,-2232,0,7490.33,46221.99,116848.26
201386,5012348,Active,-275,0,2002.58,138707.17,142738.09
108639,5012349,Closed,-2511,0,1834.26,142760.58,275964.23
104612,5012350,Closed,-1307,0,5968.89,67868.9,54387.93
102825,5012351,Closed,-1727,0,13764.71,117004.04,16345.76
104852,5012352,Active,-2583,0,10183.62,240432.66,55447.33
201672,5012353,Active,-1266,0,1058.91,124202.55,133643.53
109778,5012354,Closed,-479,0,16101.09,40209.35,80202.3
103171,5012355,Closed,-947,0,7319.6,15487.53,74963.74
109034,5012356,Closed,-788,0,1291.18,143355.64,12880.16
101041,5012357,Closed,-2144,0,12229.47,91604.32,43648.65
104057,5012358,Closed,-548,0,45.04,296948.81,278442.31
106773,5012359,Closed,-2519,0,2047.74,28043.33,14372.01
103854,5012360,Closed,-200,0,585.61,926502.95,84841.87
105119,5012361,Active,-1955,0,4720.34,379493.82,94664.85
108605,5012362,Active,-378,0,195.05,62029.05,264625.8
104645,5012363,Closed,-2562,0,6887.37,553052.54,25103.1
100469,5012364,Closed,-1411,0,2700.98,36026.98,13640.66
103886,5012365,Closed,-746,0,1301.22,530035.33,755925.05
201475,5012366,Active,-74,0,8082.4,91681.21,4174.99
201109,5012367,Closed,-1580,0,332.32,165051.45,81453.55
108807,5012368,Closed,-1123,0,1080.38,29212.14,119463.23
104822,5012369,Closed,-419,0,2427.29,193960.88,59259.54
102586,5012370,Closed,-2340,0,5642.01,113353.06,39598.42
200773,5012371,Closed,-669,0,1504.1,39107.15,86961.57
107828,5012372,Active,-2890,0,818.81,405113.92,85519.32
100547,5012373,Closed,-1660,0,261.88,167382.61,35947.92
102151,5012374,Closed,-577,0,2935.82,44286.29,141216.22
109950,5012375,Closed,-17,0,5854.14,666662.84,81502.11
102926,5012376,Closed,-2821,0,4877.05,275038.98,18321.65
104327,5012377,Closed,-935,0,9847.17,13500.13,114633.3
106074,5012378,Closed,-2378,0,12243.7,27128.02,99622.46
106324,5012379,Closed,-2282,0,1895.28,380918.37,36850.96
200563,5012380,Active,-2288,0,3393.4,14916.94,118070.51
106338,5012381,Active,-2861,0,1301.58,141772.52,173385.99
105404,5012382,Closed,-1151,0,4752.76,37981.75,169265.42
109939,5012383,Closed,-138,0,9267.26,103810.14,27565.02
106088,5012384,Closed,-2601,0,1169.18,38619.73,256704.47
103901,5012385,Active,-2024,0,3868.17,29395.58,6488.56
107433,5012386,Closed,-320,0,3202.62,47282.07,406538.26
103331,5012387,Closed,-1581,0,3341.93,1007121.57,14775.11
102380,5012388,Closed,-832,0,5268.93,71207.16,52004.42
103867,5012389,Active,-1137,0,16739.87,1023998.45,204768.58
200319,5012390,Active,-441,0,4973.13,226585.69,113475.98
201506,5012391,Active,-441,0,4644.94,468951.81,230937.72
101545,5012392,Active,-1390,30,76.43,562.81,14684.12
104673,5012393,Active,-760,0,3954.84,275680.07,46950.81
105919,5012394,Closed,-2902,0,6598.87,29693.19,15523.64
107721,5012395,Closed,-726,0,3655.75,224305.86,36354.05
103394,5012396,Closed,-975,0,2092.71,352460.56,3952.27
103921,5012397,Active,-2903,0,2988.97,97338.79,188023.96
109690,5012398,Active,-1209,0,8204.89,92616.4,22752.24
105564,5012399,Closed,-141,0,2640.6,53590.76,8274.33
102668,5012400,Closed,-1843,0,11732.36,21273.67,47793.21
100255,5012401,Active,-598,0,3197.07,51007.31,126769.79
201002,5012402,Closed,-19,0,10227.38,52318.08,87126.95
200060,5012403,Active,-1445,0,2850.27,617549.87,284103.4
106557,5012404,Active,-2645,0,1067.41,99255.0,56609.61
102576,5012405,Closed,-169,0,4919.72,33791.18,77890.38
200114,5012406,Active,-1710,0,20552.04,134734.43,159299.75
103069,5012407,Active,-1486,0,4084.69,31110.8,11274.16
101176,5012408,Closed,-812,0,1577.32,162396.92,90889.91
106907,5012409,Closed,-1133,0,3390.17,226414.29,61925.34
101545,5012410,Closed,-864,0,4689.08,337886.36,5942.13
105824,5012411,Active,-2517,0,548.91,105902.87,49258.76
104730,5012412,Active,-2688,0,3853.33,17601.61,67501.0
201126,5012413,Active,-1655,0,3765.68,421073.31,71831.67
107975,5012414,Active,-1567,0,12778.83,690.41,88551.0
100475,5012415,Closed,-655,30,2923.67,212891.0,43287.8
102152,5012416,Active,-2180,0,11197.84,130085.38,123149.0
105668,5012417,Closed,-1654,0,1809.17,562285.1,3713.12
106544,5012418,Active,-273,0,568.4,301332.51,76487.21
107625,5012419,Active,-1956,0,3020.68,396575.57,33495.35
101874,5012420,Closed,-740,0,2765.87,1042562.91,66098.96
100525,5012421,Active,-90,0,3856.68,72594.67,106075.99
107901,5012422,Closed,-2192,0,5446.22,202577.93,148289.17
108599,5012423,Closed,-1772,0,11950.12,91378.42,5041.84
100161,5012424,Closed,-1949,0,6779.45,409558.44,47600.7
102166,5012425,Active,-2526,0,15964.37,180053.94,301911.55
108502,5012426,Active,-2741,0,3770.34,49676.44,6185.94
108540,5012427,Closed,-1632,0,13690.81,32002.44,17726.27
105042,5012428,Active,-2431,0,29.95,127498.76,1062.88
105337,5012429,Closed,-481,0,4027.74,162164.42,110230.51
200238,5012430,Closed,-81,0,792.42,9591.11,88410.36
102465,5012431,Active,-644,0,11258.09,76923.99,128635.38
109331,5012432,Active,-1632,0,1173.23,686203.85,30919.24
102366,5012433,Active,-553,0,1356.15,133047.31,16256.02
106149,5012434,Closed,-2111,0,4925.36,27066.11,46741.45
102691,5012435,Closed,-2917,0,5587.83,70930.14,10561.74
107373,5012436,Closed,-2912,0,599.23,115705.15,79743.22
103443,5012437,Active,-949,0,2879.26,289008.48,109438.75
200208,5012438,Closed,-168,0,7134.17,388187.01,30729.68
100500,5012439,Closed,-2975,0,6360.44,378916.84,41491.57
105909,5012440,Closed,-522,0,262.14,27182.05,122144.03
103771,5012441,Active,-828,0,10960.79,6849.53,88748.66
101473,5012442,Closed,-262,0,5227.65,143366.39,96962.57
104539,5012443,Closed,-842,0,25856.93,158820.98,23454.99
201839,5012444,Closed,-766,0,5167.39,82348.51,6269.78
101232,5012445,Closed,-2541,0,163.61,66899.92,46541.37
100513,5012446,Closed,-1384,10,12303.83,431466.14,181232.39
109641,5012447,Active,-1389,0,3820.38,800084.67,96846.19
105230,5012448,Closed,-524,0,116.95,319940.3,11838.58
103911,5012449,Closed,-58,0,11532.6,60271.91,31720.58
108009,5012450,Active,-201,0,4389.31,81506.1,66348.46
100965,5012451,Closed,-2334,10,10149.07,20109.46,107190.62
104343,5012452,Active,-530,0,20322.83,451786.01,10820.33
100629,5012453,Closed,-1888,0,45.4,338366.34,35567.5
106899,5012454,Active,-1320,0,2876.29,227838.35,57821.64
201519,5012455,Closed,-1722,0,1660.07,62810.71,64002.91
100402,5012456,Closed,-843,0,15294.51,309711.95,110456.78
101669,5012457,Closed,-1214,0,4995.52,327895.44,99691.26
107324,5012458,Closed,-1681,0,1932.66,606105.98,316989.09
107966,5012459,Closed,-947,0,7345.78,105834.36,42617.96
105511,5012460,Closed,-2517,0,9808.97,110828.85,22220.73
102954,5012461,Closed,-572,0,24100.03,80775.54,22035.7
101905,5012462,Active,-129,0,12634.0,390451.77,20444.51
107723,5012463,Closed,-639,0,5899.62,98003.53,19078.0
101345,5012464,Active,-2651,0,1498.97,536968.75,14074.26
105094,5012465,Closed,-2833,0,3127.6,411035.02,53785.99
107052,5012466,Closed,-2605,0,736.75,430115.81,9212.8
201784,5012467,Active,-1864,0,10928.11,473985.65,5455.11
103333,5012468,Closed,-2287,0,546.37,126153.97,80084.36
201298,5012469,Closed,-2112,0,6087.0,40854.98,16389.62
101719,5012470,Active,-2818,0,3211.3,235819.47,104338.09
108580,5012471,Closed,-498,0,5016.6,307799.31,36306.61
103185,5012472,Closed,-931,0,688.7,300186.29,291779.8
105149,5012473,Closed,-1063,0,1078.14,156189.76,86464.77
201097,5012474,Closed,-1632,0,3900.64,33841.0,137237.95
101709,5012475,Closed,-2337,0,7980.6,246151.45,52341.09
102787,5012476,Closed,-170,0,1144.41,233865.89,162778.06
105279,5012477,Closed,-1776,0,1511.77,50488.82,480833.23
101078,5012478,Closed,-2418,0,1774.14,32165.67,131370.3
100641,5012479,Active,-60,10,2251.33,66508.33,100836.67
100744,5012480,Closed,-862,0,17036.26,131616.97,18025.08
101748,5012481,Closed,-1168,0,1225.34,10923.32,16270.98
109713,5012482,Closed,-2787,0,3527.72,153191.16,89434.98
102398,5012483,Active,-2839,0,1378.56,8508.28,75451.6
106316,5012484,Active,-1562,0,11652.87,18040.62,40988.13
106870,5012485,Closed,-1663,0,3117.97,6300.52,12937.58
103139,5012486,Closed,-850,0,2223.33,554582.48,42364.82
200659,5012487,Closed,-2787,0,4004.77,569635.77,154102.05
101328,5012488,Closed,-2698,0,1523.34,5332.03,43242.61
109820,5012489,Active,-1206,0,2181.26,430461.16,22718.98
201861,5012490,Closed,-434,0,1380.71,44594.09,117672.28
105638,5012491,Closed,-31,0,4571.18,537957.04,43212.01
105004,5012492,Active,-1571,0,20386.45,9797.3,6220.02
103267,5012493,Closed,-2384,0,4830.95,226630.91,104751.81
200704,5012494,Active,-1230,0,105.08,83045.2,175048.41
100157,5012495,Closed,-1111,0,1399.94,461015.46,74913.13
107960,5012496,Active,-1031,0,18333.31,37348.3,5394.06
101078,5012497,Active,-2069,0,1979.31,114424.19,57569.27
102677,5012498,Closed,-1604,0,1965.18,61198.21,82175.73
201393,5012499,Active,-1926,10,6931.12,207590.6,39114.49
100513,5012500,Closed,-399,0,2670.09,23694.88,26290.76
201280,5012501,Closed,-491,0,3743.99,161613.86,127724.34
108791,5012502,Active,-2682,0,14947.87,383335.34,102446.49
200239,5012503,Closed,-1202,10,1474.85,907948.73,56938.19
108510,5012504,Closed,-2556,0,10929.77,280655.53,46645.75
104245,5012505,Closed,-43,0,1089.43,194820.59,14543.56
107425,5012506,Closed,-875,10,5839.68,38472.51,4625.72
201253,5012507,Closed,-1640,0,15025.47,166945.28,163356.45
200654,5012508,Closed,-1018,0,2459.74,7972.55,63443.6
105407,5012509,Closed,-2321,0,7947.35,113393.33,9908.92
106252,5012510,Closed,-2581,0,1095.37,118218.15,125921.47
101801,5012511,Closed,-1990,0,159.93,790333.38,75559.12
104341,5012512,Closed,-267,0,1362.79,68870.64,163964.62
101538,5012513,Active,-261,0,6457.31,80580.57,57439.23
108803,5012514,Active,-531,0,7004.93,105406.79,14871.3
200228,5012515,Closed,-1160,0,1454.46,142784.04,41493.19
104760,5012516,Closed,-1695,0,7136.13,196752.53,67430.95
105261,5012517,Closed,-1642,0,30383.88,349293.84,2620.55
101915,5012518,Closed,-126,0,1553.29,173049.94,79310.7
106454,5012519,Closed,-2185,0,754.07,232600.85,34027.19
107570,5012520,Active,-2302,0,1958.13,271315.09,12888.28
109119,5012521,Active,-1735,0,4958.12,396012.28,19491.17
103271,5012522,Active,-282,0,2278.55,386399.37,69232.82
104635,5012523,Active,-2017,0,1322.45,219713.74,144339.55
105489,5012524,Closed,-2526,0,2004.71,148875.2,20267.72
106201,5012525,Closed,-269,0,5492.78,57119.57,39748.43
105983,5012526,Active,-498,0,6327.41,206474.59,53868.24
108261,5012527,Closed,-1868,0,13116.44,537980.32,7650.72
200721,5012528,Active,-70,0,2401.36,159385.28,912.22
106059,5012529,Active,-2695,0,4199.62,73332.54,7584.36
106775,5012530,Closed,-2884,0,1072.12,50111.38,100382.97
103187,5012531,Closed,-1461,0,5185.4,270892.19,37275.18
109701,5012532,Closed,-1190,10,289.03,177.14,45701.99
200209,5012533,Active,-1796,0,15728.24,290757.68,202849.64
101263,5012534,Closed,-1794,0,4353.47,118784.1,193523.59
102418,5012535,Closed,-2388,0,7531.2,728921.03,95596.91
105898,5012536,Closed,-1677,0,70.8,283556.26,84508.89
201093,5012537,Closed,-1211,0,180.08,367335.89,285607.25
100121,5012538,Active,-822,0,6650.99,158668.39,148835.4
107899,5012539,Closed,-2861,0,628.96,217699.83,118407.01
108369,5012540,Closed,-737,0,4173.16,13503.31,3436.76
104871,5012541,Active,-1804,0,4792.31,142021.08,13292.27
103413,5012542,Closed,-812,0,9709.92,14232.39,61477.87
104496,5012543,Closed,-1524,0,16167.28,31732.93,8850.42
104125,5012544,Closed,-402,0,148.58,535112.73,137795.9
107136,5012545,Closed,-468,0,8656.09,46265.09,87922.71
105014,5012546,Closed,-207,0,3412.89,71485.02,80588.86
106920,5012547,Closed,-584,0,5669.5,2893.91,144179.72
105095,5012548,Closed,-1164,0,1759.54,56933.13,239045.22
103836,5012549,Active,-1402,0,5727.74,1004594.36,55415.71
105645,5012550,Active,-1468,0,2781.33,438576.81,1589.69
100186,5012551,Active,-1862,0,3582.6,502022.62,29356.7
107609,5012552,Closed,-1989,0,6353.71,456427.3,41634.17
107972,5012553,Closed,-2068,0,7070.51,136036.21,121301.02
104782,5012554,Closed,-1595,0,6606.48,129876.11,130204.94
108885,5012555,Closed,-2357,0,7912.5,78687.36,3598.12
102448,5012556,Closed,-945,0,4869.63,117031.69,38940.9
100249,5012557,Closed,-2277,0,9738.75,419210.76,22007.57
100090,5012558,Closed,-1334,0,3843.88,4433.8,7860.29
107955,5012559,Active,-1083,0,5917.08,166587.86,55214.95
104724,5012560,Closed,-469,0,1632.31,422682.99,102386.83
200045,5012561,Closed,-881,0,1953.82,196554.56,276755.72
108585,5012562,Closed,-1453,0,845.5,9924.66,112045.88
201626,5012563,Closed,-594,0,1544.68,166102.65,95705.98
200155,5012564,Closed,-2296,0,10312.75,259906.23,47599.17
104218,5012565,Closed,-534,0,13837.52,131810.81,90888.58
106056,5012566,Active,-1850,0,2432.69,47933.25,137278.4
104278,5012567,Closed,-2879,0,6074.54,505941.92,13051.52
106390,5012568,Closed,-2592,0,7815.54,725130.82,111656.05
102496,5012569,Active,-1223,0,17833.38,99048.9,42660.12
101181,5012570,Closed,-2982,0,1110.58,134329.36,15844.76
105478,5012571,Closed,-172,0,2333.0,299355.97,10734.59
106340,5012572,Active,-393,0,443.55,505576.2,159933.83
201931,5012573,Closed,-1525,0,8696.95,30700.09,115684.5
100676,5012574,Active,-2267,0,1435.28,34190.46,42506.34
105231,5012575,Closed,-1160,0,1298.57,139538.05,23002.44
101061,5012576,Active,-1366,0,1211.28,34019.56,10717.0
106983,5012577,Active,-2263,0,8229.05,123757.2,61328.0
103305,5012578,Closed,-374,0,7867.81,142825.92,76314.07
103261,5012579,Active,-1475,0,2545.4,204931.71,2458.56
201653,5012580,Closed,-2823,0,980.21,275602.06,142256.53
103204,5012581,Active,-1384,0,2135.39,410234.79,37232.25
103887,5012582,Closed,-1642,0,4959.48,66981.6,13071.93
102395,5012583,Closed,-2441,0,10793.48,85005.42,29648.16
201622,5012584,Active,-509,0,8210.74,22289.33,41551.65
101046,5012585,Closed,-67,0,3490.93,535194.2,58837.57
100955,5012586,Active,-2450,0,3843.02,171925.17,91114.77
200460,5012587,Closed,-1807,0,2198.19,5441.37,3970.73
108511,5012588,Closed,-1084,0,7062.08,24494.6,1078.08
101596,5012589,Closed,-1879,0,6295.98,63713.64,526.14
103045,5012590,Closed,-1034,0,8409.52,405361.66,129746.99
100495,5012591,Active,-83,0,2733.58,423372.05,232038.13
103860,5012592,Closed,-2695,0,4604.84,19063.84,77160.14
100230,5012593,Closed,-1107,0,4865.01,133159.48,175056.8
106635,5012594,Active,-2564,0,7759.39,43691.56,17648.44
201298,5012595,Closed,-1128,0,224.23,423177.28,104538.88
104569,5012596,Closed,-2353,0,2337.04,410776.7,27731.43
102026,5012597,Closed,-2407,0,4406.95,137268.19,12103.06
108399,5012598,Closed,-1865,0,212.49,105250.66,64249.68
106606,5012599,Closed,-1828,10,4761.35,42996.8,39368.94
109129,5012600,Closed,-2862,0,143.13,320617.29,131625.59
201782,5012601,Closed,-1735,0,1591.56,65743.34,16386.21
100133,5012602,Closed,-2656,0,11590.9,180333.06,45397.91
200429,5012603,Closed,-1203,0,4046.01,2417.17,51694.14
104238,5012604,Closed,-2447,0,2256.46,24312.56,133514.09
200048,5012605,Active,-778,0,9300.36,166902.63,33179.51
100217,5012606,Closed,-1222,0,11953.16,393464.4,49636.58
100694,5012607,Closed,-552,0,3234.5,222868.07,17230.14
100305,5012608,Closed,-1748,0,10399.01,353948.86,75112.98
104276,5012609,Closed,-2636,0,919.74,139881.66,31905.07
109520,5012610,Closed,-2277,0,1767.79,900196.39,30947.45
108516,5012611,Closed,-2811,0,3883.0,216542.69,140132.37
102425,5012612,Closed,-1247,0,2834.81,99155.17,107452.99
108679,5012613,Closed,-502,0,1129.59,133798.47,51136.97
100407,5012614,Closed,-370,0,18483.19,796553.69,36262.35
103582,5012615,Closed,-1410,0,3140.03,114622.31,431090.92
100342,5012616,Closed,-1070,0,1154.6,69963.49,72565.98
107046,5012617,Closed,-732,0,7457.52,96985.07,140267.59
101203,5012618,Closed,-505,0,5875.77,230891.76,53854.5
105007,5012619,Active,-1302,0,653.34,707647.71,63676.5
201250,5012620,Active,-936,0,4844.75,223420.03,15963.4
100295,5012621,Closed,-2922,0,5317.57,17165.97,451961.31
105259,5012622,Closed,-2894,0,10220.09,931987.97,49372.81
200277,5012623,Active,-2156,0,9942.15,722377.18,267497.1
107873,5012624,Active,-2141,0,12012.91,329791.18,85149.93
108250,5012625,Active,-448,0,3138.55,359279.04,78384.31
100952,5012626,Active,-87,0,6601.77,11846.65,108796.1
102165,5012627,Closed,-1798,0,90.56,682338.28,2299.32
102573,5012628,Active,-305,0,5017.01,79881.51,48409.8
200251,5012629,Active,-890,0,18745.33,415455.23,152013.85
201791,5012630,Closed,-454,0,7133.24,58936.34,152888.9
106510,5012631,Closed,-1996,0,2493.68,130308.95,331412.6
102872,5012632,Closed,-1776,0,3357.54,162176.43,292762.17
108410,5012633,Active,-321,0,9456.77,126003.9,15507.38
103666,5012634,Closed,-2825,0,10366.59,175289.65,55733.18
101383,5012635,Active,-103,0,4520.3,575649.8,56048.25
109118,5012636,Closed,-1505,0,5772.98,112657.57,18831.66
100562,5012637,Closed,-2188,0,1487.26,332974.54,207408.15
106877,5012638,Closed,-238,0,1237.39,434970.52,77902.51
101278,5012639,Closed,-694,0,3474.72,798810.25,37496.02
201029,5012640,Closed,-2564,0,199.31,85661.38,47390.65
107860,5012641,Active,-2559,0,16172.73,13748.32,227774.16
103163,5012642,Closed,-2080,0,1555.9,40081.99,8940.16
200153,5012643,Closed,-655,0,2563.25,65945.92,15171.8
200690,5012644,Closed,-167,0,13907.73,306537.59,39860.05
107691,5012645,Closed,-996,0,3226.55,101717.15,182397.96
201701,5012646,Closed,-1101,0,276.51,897421.12,57946.98
107780,5012647,Closed,-2405,0,13463.89,17676.51,1451.32
108751,5012648,Active,-271,0,667.87,266442.96,91644.09
200449,5012649,Closed,-23,0,1641.03,259666.68,122840.47
100325,5012650,Active,-2190,0,2360.94,60634.25,200.49
103460,5012651,Active,-382,0,3005.75,410883.25,4728.0
100391,5012652,Closed,-2652,0,4371.06,173975.63,92991.26
109116,5012653,Closed,-236,0,2256.11,49473.07,37041.59
102483,5012654,Closed,-33,0,3018.58,7717.63,2138.12
105088,5012655,Active,-1935,0,1302.69,161325.21,38408.64
201728,5012656,Closed,-957,0,5836.36,348230.26,45926.8
101785,5012657,Active,-2068,0,3685.71,99725.76,74989.96
106357,5012658,Closed,-1002,0,6209.35,370357.05,10157.63
103903,5012659,Closed,-559,0,3349.27,257979.0,15173.34
107145,5012660,Closed,-2528,0,36.65,43309.69,71597.74
106254,5012661,Closed,-1861,0,5310.51,20220.65,18423.55
106263,5012662,Active,-135,0,7893.76,261720.22,92397.61
103069,5012663,Closed,-2464,0,627.35,918467.9,20843.16
201890,5012664,Closed,-611,0,6353.78,84787.2,10804.81
106392,5012665,Closed,-80,0,4976.23,87.98,141489.17
109532,5012666,Closed,-1790,0,17005.88,98635.71,5253.34
106177,5012667,Active,-2723,0,10363.13,70210.65,181318.7
107623,5012668,Active,-2603,0,5420.68,248527.03,64373.76
104881,5012669,Closed,-126,0,11445.31,17380.79,77884.53
109981,5012670,Closed,-1906,0,3926.05,98881.92,46441.95
102110,5012671,Closed,-870,0,1859.14,10719.78,75236.0
201759,5012672,Closed,-2182,0,2177.05,359002.48,35630.55
102553,5012673,Closed,-230,0,1978.26,96177.41,72608.57
108512,5012674,Closed,-1759,0,9168.92,50702.91,11436.99
109043,5012675,Closed,-2043,0,7477.92,234085.18,173889.07
109020,5012676,Closed,-1231,0,11782.84,149977.14,21948.26
109744,5012677,Active,-1760,0,5315.89,10482.97,44477.88
109496,5012678,Active,-978,0,975.77,44554.73,188708.34
201063,5012679,Active,-482,0,909.83,135603.97,52515.34
105435,5012680,Closed,-2064,0,1285.82,400136.78,99483.9
201542,5012681,Closed,-2232,0,10054.1,82102.32,66364.26
109427,5012682,Active,-920,0,6467.33,981295.86,5788.46
201551,5012683,Closed,-2835,0,5462.02,17104.72,32556.84
104353,5012684,Active,-2197,0,4071.98,49370.5,6871.28
104188,5012685,Closed,-1438,10,464.24,163125.56,88722.9
101062,5012686,Active,-2248,30,3686.95,138106.47,23652.01
101942,5012687,Active,-1402,0,2472.0,46640.1,113358.66
105736,5012688,Active,-1616,0,715.02,264860.21,34257.95
100791,5012689,Closed,-1304,0,786.91,42861.59,12885.83
201661,5012690,Closed,-2866,0,835.1,283176.33,73195.46
105980,5012691,Active,-2184,0,2116.53,338693.08,36840.39
201590,5012692,Closed,-1154,0,860.54,84481.5,177804.12
103254,5012693,Closed,-390,0,2278.72,214275.0,87971.13
109046,5012694,Closed,-40,0,2446.87,122790.3,163389.44
101491,5012695,Active,-2200,0,9889.05,53624.28,20767.58
200292,5012696,Active,-1111,0,2904.57,59649.58,5484.4
100475,5012697,Active,-304,0,622.79,19884.77,33987.71
200149,5012698,Closed,-1083,0,338.09,12079.99,60794.46
201134,5012699,Active,-204,0,4485.78,205515.25,53872.31
102027,5012700,Closed,-2724,0,13272.97,509001.4,59143.26
107896,5012701,Active,-1644,0,12228.82,464723.97,98616.49
105291,5012702,Active,-2472,0,11551.31,187534.5,39558.2
101398,5012703,Closed,-857,0,5609.51,373369.67,121115.63
107151,5012704,Closed,-1388,10,1682.7,16710.26,8399.47
101828,5012705,Closed,-2725,0,4778.99,153953.87,336649.04
101332,5012706,Closed,-1779,0,3461.1,392557.03,145027.24
102288,5012707,Closed,-1861,0,702.91,494769.81,90721.07
108011,5012708,Active,-1657,0,1015.84,194542.62,71097.44
107158,5012709,Closed,-1375,0,3105.2,324648.89,138458.23
101217,5012710,Closed,-2783,0,3297.2,15995.25,29355.91
104419,5012711,Closed,-800,0,1494.72,86866.07,21968.2
108096,5012712,Active,-1311,0,22302.78,1121893.67,46690.18
106880,5012713,Closed,-1964,0,2617.83,350176.03,163341.98
109678,5012714,Closed,-1257,0,2934.42,16164.6,9317.38
104551,5012715,Active,-46,0,801.4,489649.98,30792.16
108938,5012716,Closed,-1328,0,3382.14,213899.32,230697.98
104084,5012717,Active,-1023,0,11913.65,273679.33,66565.74
103968,5012718,Closed,-2980,0,4473.42,390014.97,32786.72
107294,5012719,Closed,-992,0,874.03,159363.89,230242.41
109334,5012720,Closed,-431,0,4055.68,56381.86,100964.5
105396,5012721,Closed,-75,0,3078.16,435038.38,25644.34
101669,5012722,Active,-2507,0,1660.11,117356.58,79530.64
106870,5012723,Closed,-2873,0,19211.92,601815.67,21898.17
108128,5012724,Closed,-2546,0,910.39,41112.97,13995.81
108383,5012725,Closed,-2835,0,10692.18,31295.78,31131.26
109866,5012726,Closed,-1778,0,1580.94,5949.92,286410.22
107759,5012727,Closed,-2583,0,12430.73,217915.18,36052.47
102616,5012728,Closed,-1124,0,5384.21,143849.95,2224.41
100530,5012729,Closed,-2875,0,18460.77,163880.51,295209.48
102677,5012730,Closed,-426,0,605.32,170420.05,23405.29
108037,5012731,Closed,-460,0,161.22,357577.97,80736.16
108347,5012732,Closed,-2446,0,5327.96,206665.25,3471.47
106119,5012733,Active,-2478,0,3035.24,84648.94,39079.29
100803,5012734,Closed,-142,0,2715.25,44321.22,1493.92
101198,5012735,Closed,-2114,0,917.06,105046.17,170116.84
108777,5012736,Active,-1554,0,4566.35,47111.61,64626.73
101896,5012737,Closed,-2918,0,6444.62,69357.65,193837.07
103766,5012738,Active,-1761,0,10120.68,143903.16,52475.56
106519,5012739,Closed,-2131,0,1127.76,100108.07,21118.61
201693,5012740,Closed,-2537,0,817.72,18453.86,2178.81
105501,5012741,Closed,-943,0,271.17,66018.43,88700.72
108855,5012742,Closed,-1167,30,3508.89,159472.22,57402.44
107156,5012743,Closed,-2248,0,9416.89,260812.0,7097.72
103120,5012744,Closed,-2798,0,1473.36,22863.66,26953.48
201581,5012745,Active,-1631,0,10917.87,53286.12,13269.25
106152,5012746,Active,-1476,0,6596.21,244601.3,14594.88
100454,5012747,Closed,-1954,0,5836.81,205470.58,118954.79
201780,5012748,Closed,-1603,0,847.73,512797.31,67190.33
200075,5012749,Active,-1792,0,1766.94,127864.75,69174.37
107979,5012750,Closed,-2583,0,14098.3,362440.99,221105.8
109513,5012751,Closed,-141,0,4918.06,39434.1,1910.5
109673,5012752,Closed,-196,0,8348.28,325638.28,206124.02
104627,5012753,Closed,-1303,0,2140.87,1382485.72,93126.45
106176,5012754,Closed,-319,0,11278.17,101870.62,222377.15
103332,5012755,Closed,-2808,0,5012.14,125106.69,70485.69
201297,5012756,Active,-609,0,6336.56,111787.98,82117.93
106341,5012757,Closed,-1500,0,9305.36,225066.06,55972.47
103945,5012758,Active,-1845,0,6682.8,79090.37,74464.29
100917,5012759,Closed,-804,0,1480.6,122984.95,156439.99
101735,5012760,Closed,-1046,0,9460.44,270490.34,13205.26
100351,5012761,Closed,-1100,0,3495.26,55861.64,161194.3
108974,5012762,Closed,-703,0,7609.39,279708.66,23453.13
101200,5012763,Closed,-2106,0,5479.73,140176.54,91322.03
103562,5012764,Closed,-843,0,5983.09,372585.07,155145.05
109146,5012765,Closed,-393,0,2059.43,29408.36,28996.77
104488,5012766,Closed,-2020,0,4158.78,17637.02,97140.05
201006,5012767,Closed,-1642,0,2697.74,806405.72,454875.62
107284,5012768,Closed,-2464,0,5591.45,97544.95,148823.29
107579,5012769,Closed,-2618,0,963.99,56178.41,66481.95
105143,5012770,Closed,-2383,0,4160.78,37483.84,21143.27
109247,5012771,Closed,-996,0,286.63,25289.42,49904.24
109336,5012772,Active,-2086,0,610.0,65281.89,65864.88
109337,5012773,Active,-1475,0,4079.16,28488.67,17395.43
102246,5012774,Active,-1084,0,1939.92,503764.58,100721.09
108468,5012775,Active,-2783,0,8731.98,311087.62,14940.83
100166,5012776,Closed,-1647,10,341.6,1458984.3,22876.9
102944,5012777,Closed,-1087,0,2690.57,218080.24,119572.78
101013,5012778,Closed,-2773,0,4762.62,17716.79,16719.58
200521,5012779,Closed,-2916,0,11043.49,97429.09,197807.19
100287,5012780,Active,-578,0,3780.57,419961.12,33464.66
109786,5012781,Closed,-1796,0,2257.52,257838.52,26280.82
109805,5012782,Closed,-2477,0,19831.08,300265.64,77877.61
102524,5012783,Closed,-1744,0,314.91,167592.28,132275.45
105447,5012784,Closed,-2318,0,3975.33,36306.03,146473.25
104559,5012785,Closed,-1465,0,350.59,178567.6,9701.31
201352,5012786,Active,-1780,0,3948.7,192890.89,74152.91
109598,5012787,Closed,-153,0,996.17,2511.21,24644.31
106766,5012788,Closed,-1676,0,9777.72,207827.32,125577.88
101369,5012789,Active,-2822,0,5948.38,907539.42,47431.15
108198,5012790,Closed,-694,0,5309.31,764431.04,27988.77
100833,5012791,Closed,-628,0,12012.41,203494.36,3318.45
107470,5012792,Closed,-1081,0,3109.59,53117.0,121997.8
200467,5012793,Active,-2886,0,372.2,125822.95,125986.01
104919,5012794,Closed,-2259,30,704.55,263156.34,418.47
100316,5012795,Closed,-555,0,3407.93,795049.8,51169.1
103903,5012796,Closed,-1940,0,8931.58,204962.48,64320.22
109400,5012797,Closed,-985,0,2367.54,99376.58,19109.61
104104,5012798,Closed,-120,0,1789.26,895468.53,287859.94
106703,5012799,Active,-1536,0,899.58,132928.0,130760.16
201976,5012800,Closed,-514,0,992.64,78737.3,153487.43
104129,5012801,Active,-1245,0,11139.88,9573.14,51232.25
102238,5012802,Closed,-616,0,2850.0,50584.28,155128.6
100415,5012803,Active,-1484,0,7946.9,248035.31,21048.13
106026,5012804,Active,-1043,0,462.84,223281.89,132280.95
200877,5012805,Active,-1756,0,2776.83,402558.12,132877.58
101006,5012806,Closed,-914,30,4161.77,159792.08,47666.44
201475,5012807,Active,-1938,0,942.51,449893.59,121947.47
200282,5012808,Closed,-2650,0,11501.32,369577.17,163827.34
101525,5012809,Active,-1444,0,4950.75,56912.42,132016.47
200000,5012810,Active,-2791,0,1107.33,13102.01,4267.43
102951,5012811,Closed,-1463,0,2631.55,37220.34,111644.42
106588,5012812,Active,-1624,0,9653.3,105203.37,8454.83
105375,5012813,Closed,-2411,0,266.74,5261.3,690.05
106874,5012814,Closed,-2071,0,18735.25,39604.35,21549.19
100700,5012815,Active,-1446,0,614.07,403490.54,118158.9
104083,5012816,Closed,-808,0,5253.74,101265.64,57167.16
108420,5012817,Active,-2392,0,2942.67,194856.61,140042.1
106209,5012818,Closed,-2561,0,1202.87,171894.73,217471.24
106471,5012819,Closed,-2674,0,1177.71,108292.99,1919.34
101494,5012820,Active,-585,0,3337.82,83350.77,230521.08
106667,5012821,Closed,-1446,0,614.88,53097.07,288517.83
105586,5012822,Active,-2101,0,521.36,22968.9,38925.51
108077,5012823,Active,-914,0,889.77,181844.27,74179.87
104106,5012824,Closed,-2217,0,184.92,93247.63,90237.53
108774,5012825,Closed,-546,0,6672.51,177718.79,32105.38
109414,5012826,Active,-919,0,4365.38,463371.45,147669.98
100677,5012827,Active,-2103,0,3448.4,60356.26,1074.6
102682,5012828,Active,-2048,0,10514.56,152443.25,36118.73
200224,5012829,Closed,-1304,0,3807.89,14624.43,189999.61
100183,5012830,Active,-360,0,3759.82,169999.07,8197.09
200373,5012831,Active,-1823,0,9604.37,225907.01,343021.38
108956,5012832,Active,-2752,0,2043.65,34641.45,7818.88
109651,5012833,Active,-459,10,2164.82,85396.12,212589.3
109390,5012834,Closed,-2601,0,2334.8,99263.37,39542.21
100384,5012835,Closed,-1971,0,10141.4,152892.51,75310.42
201655,5012836,Active,-1141,0,1000.38,49734.68,145178.71
104298,5012837,Closed,-2513,0,6422.5,30449.19,17347.85
108367,5012838,Closed,-533,0,951.4,328846.51,4209.85
106816,5012839,Closed,-2541,0,534.94,717353.6,16437.28
109938,5012840,Closed,-1867,0,6534.43,22498.5,3209.75
100687,5012841,Closed,-2932,0,2470.63,284690.52,116383.96
109640,5012842,Closed,-292,0,1283.91,108446.57,60048.65
109988,5012843,Closed,-624,0,6366.88,98995.6,10342.92
102144,5012844,Closed,-2671,0,157.74,131796.87,153055.2
109264,5012845,Closed,-2143,0,3537.44,57981.51,45934.98
101590,5012846,Closed,-1351,0,2159.67,263890.57,47375.94
201498,5012847,Closed,-328,0,184.26,273719.57,12912.5
109579,5012848,Closed,-2521,0,2990.81,29854.03,483307.7
201966,5012849,Closed,-1890,0,1481.11,240331.82,14883.73
100331,5012850,Closed,-2952,30,172.01,13109.59,15422.6
200579,5012851,Active,-1205,10,2774.71,256487.93,102276.43
108010,5012852,Active,-603,0,11628.14,198621.49,228251.29
104577,5012853,Closed,-2598,0,1205.45,20135.85,14094.18
200654,5012854,Closed,-2699,0,1349.17,412458.4,42476.27
107146,5012855,Closed,-2879,0,4112.6,57041.81,106565.88
109608,5012856,Closed,-2617,0,705.09,44935.55,194402.05
108827,5012857,Closed,-352,0,1810.19,404738.26,112352.01
103533,5012858,Closed,-2005,0,1371.84,29241.64,232816.66
109865,5012859,Closed,-338,0,4748.93,168367.32,45157.98
106632,5012860,Closed,-2078,0,14852.22,368177.47,108481.53
201812,5012861,Active,-1742,0,555.66,31462.06,112070.79
103454,5012862,Active,-532,0,4661.19,59784.55,22393.25
101759,5012863,Closed,-1982,0,12863.89,1018.53,89499.61
102846,5012864,Active,-314,0,4563.45,23660.61,21878.06
108061,5012865,Closed,-660,0,3202.39,92717.32,53482.85
103961,5012866,Closed,-2612,0,636.84,190040.71,5444.56
200947,5012867,Active,-2869,0,1850.0,245090.37,93617.73
107907,5012868,Closed,-1246,0,3885.88,207834.68,29538.06
101148,5012869,Closed,-1291,0,12830.32,285680.21,168700.28
107763,5012870,Closed,-1457,0,3268.46,298500.61,8150.69
100310,5012871,Active,-1304,0,2455.49,10224.4,8203.55
201212,5012872,Closed,-2615,0,5507.54,61830.25,10637.6
200710,5012873,Active,-344,0,8813.48,88614.93,20992.8
105117,5012874,Active,-2469,0,3734.78,36572.21,94109.51
100903,5012875,Closed,-776,0,1118.77,331649.95,21011.94
200717,5012876,Active,-2563,0,1030.19,349099.66,92261.45
109291,5012877,Closed,-831,0,8893.99,146252.04,182423.34
201855,5012878,Closed,-2453,0,23195.5,348977.33,94990.74
106301,5012879,Closed,-2637,0,955.97,11736.32,99361.82
200870,5012880,Closed,-307,10,5903.18,113496.67,49028.93
104086,5012881,Active,-1952,10,1180.64,1239897.85,238244.34
107836,5012882,Active,-274,0,2039.32,45996.9,12251.96
100810,5012883,Closed,-2639,0,565.69,265200.42,292215.45
104024,5012884,Closed,-622,0,9925.47,127984.14,80777.07
108903,5012885,Closed,-2081,30,7136.57,513415.82,171767.22
201727,5012886,Active,-342,0,10833.25,279480.98,38159.61
103933,5012887,Closed,-1808,0,4705.98,310998.7,57591.14
100296,5012888,Closed,-1181,0,3811.24,152018.72,12643.74
104535,5012889,Closed,-1648,0,955.19,599984.23,33140.27
201307,5012890,Closed,-43,0,4072.66,35491.6,67353.1
107613,5012891,Active,-1411,0,1699.7,50216.64,149213.14
103073,5012892,Closed,-1459,30,1693.63,102134.18,113556.33
109427,5012893,Closed,-606,30,12699.38,133932.94,96700.51
100203,5012894,Closed,-2409,0,576.52,35025.26,144546.73
107775,5012895,Closed,-292,0,1587.22,73972.5,38893.75
201022,5012896,Closed,-712,0,4663.0,39841.6,18832.59
109517,5012897,Closed,-986,0,9462.31,5067.92,508692.02
106723,5012898,Closed,-1108,0,11250.31,88034.34,155717.08
102780,5012899,Closed,-491,0,6510.18,5400.54,62322.24
100489,5012900,Closed,-2803,0,2792.89,62731.5,149319.14
108548,5012901,Closed,-327,0,18386.33,321763.73,105398.74
201606,5012902,Closed,-1523,0,2817.04,234217.06,138786.94
105057,5012903,Closed,-589,0,208.64,10197.67,362378.92
201834,5012904,Closed,-571,0,7782.7,1576.81,31919.79
101476,5012905,Closed,-104,10,1024.54,14916.99,76766.64
107385,5012906,Closed,-2393,0,1310.02,526414.82,98367.61
200735,5012907,Active,-2631,0,3217.54,67745.62,94879.91
201285,5012908,Closed,-1798,0,9893.3,23581.46,64898.94
100761,5012909,Closed,-927,0,5294.68,229251.8,49646.64
109236,5012910,Closed,-2027,0,9629.31,77771.09,63177.6
109018,5012911,Active,-1667,0,4880.91,171420.49,92778.32
106794,5012912,Closed,-377,0,612.17,279720.47,19594.0
100364,5012913,Closed,-793,0,290.08,299558.56,110945.92
103305,5012914,Closed,-1331,0,7793.72,276119.02,15780.55
104376,5012915,Active,-915,0,7265.16,79782.3,30627.45
107955,5012916,Active,-2012,0,9578.16,223458.63,36956.52
109752,5012917,Active,-2636,0,1817.83,176288.4,33976.38
200239,5012918,Closed,-2593,0,6297.55,522792.87,86425.64
106443,5012919,Active,-914,0,949.12,293460.92,35420.73
102243,5012920,Active,-359,0,7262.97,198637.59,11107.2
106733,5012921,Closed,-1569,0,1014.7,209700.1,109288.54
109553,5012922,Closed,-1566,0,3246.6,90151.71,10165.21
102553,5012923,Closed,-1837,30,16057.97,166213.57,165397.02
105156,5012924,Closed,-2985,0,1431.46,27795.35,12352.37
101045,5012925,Closed,-2339,0,4407.85,194305.51,146694.36
103453,5012926,Active,-124,0,7979.44,57743.25,178291.08
200526,5012927,Closed,-2627,0,3953.9,46600.59,33679.45
101296,5012928,Closed,-1358,0,322.49,331710.7,175486.9
103315,5012929,Closed,-140,0,1720.13,135671.89,50651.05
104970,5012930,Closed,-950,10,11949.04,45470.63,278173.01
105852,5012931,Active,-869,0,1162.49,30293.16,131922.2
106430,5012932,Active,-474,0,8599.14,115517.08,94964.43
103288,5012933,Closed,-2008,0,4196.86,306242.26,31490.15
109440,5012934,Closed,-1704,0,4033.89,119488.69,354238.93
100287,5012935,Active,-2722,0,16723.08,98526.38,68559.93
105687,5012936,Closed,-1914,0,1270.23,63542.05,45460.96
100935,5012937,Closed,-2857,0,9092.84,126407.63,78718.36
104262,5012938,Active,-2013,0,212.94,247184.51,51385.88
102938,5012939,Active,-410,0,6793.1,71537.13,7086.76
107650,5012940,Active,-531,0,1991.87,18759.43,29307.05
201531,5012941,Active,-2526,0,1787.4,15931.39,142524.84
109833,5012942,Active,-1780,0,9889.07,133324.04,51270.5
107204,5012943,Active,-164,0,1181.96,151512.6,23099.19
108588,5012944,Closed,-2438,0,1317.78,54131.96,31172.83
100648,5012945,Closed,-1175,0,385.83,92428.59,49161.07
106353,5012946,Closed,-2646,0,1366.05,387508.05,9446.74
200119,5012947,Closed,-177,0,4057.69,158677.09,12791.46
108961,5012948,Active,-2641,0,22169.99,155025.06,227680.88
108130,5012949,Closed,-2975,0,484.54,147052.6,44359.68
102166,5012950,Active,-2993,0,310.16,267783.34,323847.21
104982,5012951,Closed,-1657,0,2318.04,29894.73,15605.88
104454,5012952,Closed,-2417,0,481.76,20262.96,48435.46
100329,5012953,Active,-985,0,1688.11,188095.38,38733.19
201319,5012954,Closed,-562,0,1345.81,982273.78,154034.68
108697,5012955,Active,-1188,0,2582.84,29881.35,6339.37
100920,5012956,Closed,-2003,0,11168.83,113784.49,32186.63
102943,5012957,Closed,-1351,0,7356.23,108312.05,41852.74
100263,5012958,Closed,-1153,0,7479.98,48091.98,49296.99
106189,5012959,Active,-2051,0,1941.91,38477.73,138019.62
101072,5012960,Active,-1983,0,5428.03,279267.52,121027.39
108113,5012961,Closed,-1256,0,3315.28,682101.05,241732.88
101827,5012962,Closed,-1835,0,4571.99,295009.19,12973.56
106762,5012963,Closed,-868,0,2295.82,69438.68,577751.08
101987,5012964,Closed,-2896,0,5437.66,307038.14,19942.83
200361,5012965,Closed,-2152,0,1373.27,21271.78,105737.83
106487,5012966,Closed,-1985,0,7656.79,214434.21,3157.35
100049,5012967,Closed,-1583,30,12425.16,286739.58,26116.32
106661,5012968,Active,-852,0,2631.19,9607.24,67946.55
201882,5012969,Closed,-2344,0,3728.6,440093.85,32522.79
104334,5012970,Closed,-2852,0,4098.54,186239.05,334.45
106124,5012971,Active,-68,0,3047.29,15185.14,227032.36
107407,5012972,Closed,-78,0,219.42,94244.9,273550.57
201762,5012973,Active,-2871,0,3439.74,319035.01,6149.12
106748,5012974,Active,-2795,0,160.2,343986.39,112452.77
107387,5012975,Closed,-1679,10,11784.51,178019.05,17593.59
109238,5012976,Closed,-1156,0,1152.86,141839.37,18410.94
106747,5012977,Active,-1959,0,4871.2,470428.94,28083.41
101672,5012978,Closed,-1449,0,3892.68,253003.83,193944.17
200857,5012979,Closed,-263,0,7184.84,41728.47,44223.31
103111,5012980,Closed,-466,0,9102.32,172681.8,61922.14
201711,5012981,Closed,-2053,0,4464.79,20645.76,36852.27
100102,5012982,Closed,-561,0,5460.85,24173.15,10750.09
107401,5012983,Closed,-2763,0,647.78,128785.66,10928.83
201987,5012984,Closed,-1790,0,4403.17,354453.05,179379.08
102115,5012985,Closed,-984,0,22601.7,32199.39,238910.47
105960,5012986,Closed,-2711,0,6008.08,84358.07,89514.92
105654,5012987,Closed,-1097,0,42.01,178093.1,85023.56
107893,5012988,Active,-1982,0,14430.89,157614.18,34319.95
109856,5012989,Active,-2818,10,2414.76,102966.08,138199.56
108680,5012990,Closed,-1616,0,5503.34,85336.46,146102.33
101354,5012991,Active,-1871,0,836.67,667626.05,220638.3
200948,5012992,Closed,-2131,0,978.57,15430.8,11995.46
108275,5012993,Closed,-1435,0,10787.64,220770.21,44706.06
201964,5012994,Closed,-2327,0,377.82,319930.4,294798.26
101436,5012995,Closed,-898,0,2348.04,20752.6,72821.27
109534,5012996,Closed,-2480,0,5486.54,41786.23,4518.19
108050,5012997,Closed,-1165,0,11613.39,517198.22,86555.99
108026,5012998,Active,-1044,0,1381.91,277071.39,251526.81
100051,5012999,Closed,-825,0,4712.82,189303.04,22242.33
100731,5013000,Active,-2861,0,602.15,52783.64,16082.78
200361,5013001,Closed,-1054,0,540.28,34542.28,16614.66
107871,5013002,Closed,-1905,0,1529.92,397113.26,160327.2
103509,5013003,Closed,-12,0,2042.81,166062.63,70400.64
109649,5013004,Closed,-2747,0,5251.11,451071.67,58262.24
108467,5013005,Active,-1596,0,12020.08,151193.08,2702.84
106399,5013006,Active,-1611,0,3165.46,86277.03,31092.34
107743,5013007,Active,-2978,0,222.38,145310.2,9053.7
104590,5013008,Closed,-1243,0,9007.56,118538.31,1834.16
201221,5013009,Closed,-1562,0,668.53,198595.67,117606.91
104808,5013010,Active,-1366,0,13814.63,49085.86,34027.95
108425,5013011,Closed,-2422,0,2704.92,84826.87,96276.72
101467,5013012,Active,-664,0,1691.08,197118.78,20778.27
201425,5013013,Active,-1762,0,10049.17,114016.46,319972.27
106184,5013014,Active,-1428,0,4241.21,189716.34,8871.82
107264,5013015,Closed,-529,0,3261.98,162863.61,97130.85
108275,5013016,Active,-1530,0,28697.07,335544.66,114856.22
106408,5013017,Closed,-1488,0,2663.35,63272.76,202615.06
107125,5013018,Closed,-620,0,2890.29,261420.74,19808.94
105673,5013019,Closed,-1465,0,2858.54,56870.94,68359.57
201243,5013020,Closed,-1134,0,3778.36,42949.89,44193.0
103634,5013021,Closed,-1684,0,5072.73,138867.24,57837.42
200601,5013022,Closed,-1446,30,12861.76,162093.52,80695.3
100308,5013023,Closed,-2496,0,2651.07,95265.45,29736.94
102654,5013024,Closed,-535,0,21012.1,241352.82,111119.66
200535,5013025,Closed,-1008,0,3256.98,683259.53,59596.08
101882,5013026,Active,-1643,0,690.75,59637.43,25324.46
106796,5013027,Active,-2308,0,931.69,1263.46,86467.53
200094,5013028,Closed,-1588,0,4170.49,180492.31,35441.35
109337,5013029,Closed,-1009,0,209.72,39432.17,158758.59
107472,5013030,Closed,-1495,0,7057.24,95862.16,171709.68
103829,5013031,Closed,-1675,30,2255.33,107949.08,87568.74
106596,5013032,Closed,-2030,0,417.27,168337.72,42875.99
106558,5013033,Closed,-227,0,2587.0,64759.06,53044.71
101597,5013034,Closed,-1111,0,7203.44,24379.13,158231.68
102944,5013035,Active,-2393,0,1545.96,15779.21,13428.78
100079,5013036,Closed,-2027,0,8740.97,69269.67,60837.99
200627,5013037,Active,-1821,0,1327.59,138934.11,200974.1
102156,5013038,Active,-2811,0,18335.64,176771.43,88887.77
105076,5013039,Closed,-2152,10,1279.72,489063.68,47987.14
200424,5013040,Closed,-1588,0,2353.26,99485.96,102359.98
106082,5013041,Closed,-64,0,11098.41,221905.2,73710.79
102855,5013042,Active,-74,0,12359.91,179036.4,41656.33
103824,5013043,Closed,-1467,0,2574.71,7661.93,159215.18
107266,5013044,Active,-980,0,4011.03,381960.34,25798.99
101548,5013045,Closed,-472,0,1581.29,128824.04,35540.83
101300,5013046,Closed,-1079,0,5631.51,122306.05,157005.31
104725,5013047,Active,-155,0,1784.8,32014.64,100925.84
107164,5013048,Active,-1299,0,513.88,150298.7,136064.61
101033,5013049,Closed,-1058,0,10105.2,41526.51,16904.74
109675,5013050,Closed,-1818,0,1806.59,580496.31,72280.46
200626,5013051,Closed,-639,0,3475.1,197737.92,18438.49
108401,5013052,Active,-2914,0,12708.99,76896.92,69803.65
200554,5013053,Closed,-153,30,1044.76,212445.14,19699.81
109631,5013054,Closed,-2043,0,3049.85,82408.22,18122.48
201285,5013055,Closed,-601,0,16681.41,142055.09,106543.18
102747,5013056,Active,-191,0,6279.8,35300.55,5868.34
201296,5013057,Closed,-2410,0,2645.13,217208.07,83339.13
105129,5013058,Active,-1218,0,3.59,489003.78,124784.16
103030,5013059,Closed,-1244,0,1191.4,358854.58,26311.96
201449,5013060,Active,-2601,0,1703.88,19059.86,42335.63
201591,5013061,Closed,-2663,10,6797.39,306522.04,145777.64
102437,5013062,Closed,-2435,0,4266.46,51661.12,82855.71
107790,5013063,Closed,-369,0,1658.17,814027.14,35472.83
106186,5013064,Active,-1359,0,4594.15,64968.5,3971.22
108975,5013065,Closed,-2004,0,9956.59,174358.32,61973.27
104995,5013066,Closed,-487,0,1954.57,60662.25,114673.51
104566,5013067,Closed,-2129,0,3513.13,35138.56,103382.77
101934,5013068,Closed,-501,0,4228.08,33271.62,96019.82
105006,5013069,Closed,-717,0,554.85,189657.83,291455.61
106658,5013070,Active,-2713,0,4195.48,177809.87,181508.87
108005,5013071,Closed,-137,0,2592.54,76457.34,3858.42
108894,5013072,Closed,-1329,0,1505.45,9654.54,15604.67
108647,5013073,Closed,-570,0,3563.44,231556.0,18826.5
101838,5013074,Closed,-2713,0,6450.74,301488.96,116009.21
109698,5013075,Closed,-2716,30,11133.97,151380.69,55181.07
103158,5013076,Closed,-1931,0,9466.77,48912.91,157409.12
101652,5013077,Closed,-199,0,868.72,229693.85,45368.64
106915,5013078,Closed,-2618,0,470.48,73663.67,7232.56
104553,5013079,Closed,-1275,0,333.99,431527.1,8036.6
108769,5013080,Closed,-974,0,9042.71,418025.74,76930.64
100156,5013081,Closed,-2347,0,961.74,64140.17,116833.04
101446,5013082,Closed,-135,0,1485.99,120232.05,1355.29
108540,5013083,Active,-1460,0,12069.73,198181.29,626.06
109293,5013084,Closed,-1174,0,558.94,400226.81,45275.73
200825,5013085,Active,-890,0,9010.28,497087.21,127000.2
103586,5013086,Closed,-2291,0,585.42,514199.35,70558.08
102016,5013087,Active,-78,0,8219.08,80964.98,9289.6
108256,5013088,Closed,-680,0,3166.61,17984.15,26763.15
107403,5013089,Closed,-466,0,1880.43,11876.04,12377.08
105962,5013090,Closed,-2547,0,278.95,45243.98,26148.08
103097,5013091,Closed,-530,0,4071.22,359569.39,27876.13
104600,5013092,Closed,-694,0,2422.99,14234.16,20437.83
201167,5013093,Closed,-2956,0,2967.84,186703.25,62451.73
102636,5013094,Closed,-445,10,119.79,222284.41,79397.25
105846,5013095,Closed,-330,0,3980.05,94143.92,181994.97
201212,5013096,Closed,-2142,10,3352.06,725948.29,7860.89
109392,5013097,Closed,-2072,0,5111.12,52597.72,30698.99
109130,5013098,Closed,-783,0,4540.48,135282.66,25658.25
101078,5013099,Closed,-2472,0,2433.6,31826.91,20434.58
101164,5013100,Active,-656,0,566.35,95901.19,206701.82
102307,5013101,Closed,-1336,0,2791.85,70253.47,6467.7
102948,5013102,Closed,-1225,0,4454.96,354069.88,61361.18
100853,5013103,Closed,-582,0,6859.41,497277.57,52794.61
103906,5013104,Closed,-609,0,2128.96,227862.35,10746.17
104771,5013105,Closed,-1023,0,2086.41,65370.67,130737.82
109456,5013106,Closed,-1014,0,705.34,412523.44,55825.9
106021,5013107,Closed,-2163,0,3120.04,45791.6,136660.43
109014,5013108,Active,-268,0,5682.26,136476.18,3956.78
102172,5013109,Closed,-1772,0,2121.34,201266.28,123667.73
201978,5013110,Closed,-1443,0,870.51,279016.22,33848.37
101712,5013111,Active,-2701,0,5393.71,439738.34,35744.58
200020,5013112,Closed,-1052,30,2644.07,206246.56,43413.25
103326,5013113,Closed,-2324,0,2997.99,397840.18,23989.46
100656,5013114,Closed,-350,0,5928.55,54395.71,42168.59
201141,5013115,Closed,-2260,0,136.73,137656.96,78819.65
102080,5013116,Closed,-1484,0,2506.81,345465.74,9163.53
106154,5013117,Active,-1925,0,5874.91,220877.54,26631.65
201273,5013118,Active,-1872,0,7696.53,2242.44,92775.25
103691,5013119,Closed,-2615,0,6347.3,119248.5,70219.82
109983,5013120,Closed,-1955,0,12945.42,52807.27,44610.09
109551,5013121,Closed,-497,0,535.65,611215.35,22370.71
107191,5013122,Closed,-2139,0,13082.76,32377.45,149174.47
201429,5013123,Active,-2616,0,4635.43,171083.87,108059.24
108237,5013124,Active,-47,0,2606.03,153976.42,51822.79
102951,5013125,Active,-261,0,2053.49,442578.94,46354.81
104618,5013126,Active,-922,0,9306.5,146629.45,23628.94
103583,5013127,Closed,-950,0,17184.27,404344.96,101352.05
201635,5013128,Closed,-1397,0,11901.39,67277.45,64053.15
105454,5013129,Closed,-2047,0,580.84,40857.32,63703.63
108086,5013130,Closed,-129,0,4706.95,86897.88,31887.15
103467,5013131,Closed,-2271,0,1794.99,4965.29,83851.74
108843,5013132,Active,-249,0,2674.61,75331.6,1977.69
109152,5013133,Closed,-868,0,1743.28,50036.14,8202.16
104242,5013134,Active,-1593,0,2018.98,187991.11,127258.2
102645,5013135,Closed,-756,0,3713.86,61546.75,18351.99
104987,5013136,Closed,-1015,0,7619.09,370553.64,38478.77
200564,5013137,Active,-485,0,14186.35,278511.25,40485.87
108241,5013138,Closed,-1725,0,4689.3,491095.05,62214.93
104050,5013139,Closed,-2886,0,1897.84,122973.77,189833.69
100228,5013140,Closed,-2941,0,804.49,99876.24,63902.86
102390,5013141,Active,-169,0,1326.34,123374.43,82724.72
108027,5013142,Closed,-1786,0,867.11,142440.59,16729.48
200829,5013143,Active,-353,0,3446.52,86072.51,109840.06
102733,5013144,Active,-954,0,27441.05,73996.8,11713.89
101722,5013145,Closed,-2611,30,8986.43,326941.03,157177.2
108985,5013146,Closed,-814,0,1514.11,619031.12,85322.37
102705,5013147,Active,-1952,0,7586.35,864111.8,20374.38
105668,5013148,Active,-1412,0,2948.26,246107.62,26083.78
100949,5013149,Closed,-2089,0,304.41,445597.84,64276.02
106053,5013150,Closed,-809,0,2125.06,468574.53,217510.75
102377,5013151,Closed,-1264,0,4879.86,355546.72,151739.66
200843,5013152,Active,-2771,0,3097.7,543243.91,35142.74
103492,5013153,Closed,-24,0,7985.15,315318.03,1997.41
201962,5013154,Active,-2941,0,12828.01,132585.3,16565.03
200552,5013155,Closed,-1194,0,1139.33,208507.98,40163.75
100929,5013156,Active,-327,0,1231.33,22721.57,62050.82
106767,5013157,Closed,-420,0,2219.06,6470.47,58134.52
102873,5013158,Closed,-1038,0,1790.51,16740.9,1676.94
106735,5013159,Closed,-1397,0,6507.88,353057.63,92205.69
103047,5013160,Closed,-2211,0,2168.18,124617.49,9504.98
103149,5013161,Closed,-2884,0,2304.04,295292.48,29962.91
109886,5013162,Closed,-1444,0,2600.45,176660.85,18145.12
101226,5013163,Closed,-1244,0,1292.36,219561.54,15739.47
100913,5013164,Closed,-177,0,3709.8,22918.66,69959.85
201012,5013165,Closed,-2195,0,17065.91,693180.47,11224.79
107522,5013166,Closed,-2016,0,10970.3,99382.02,28684.68
102146,5013167,Closed,-196,0,1838.09,85330.95,163688.06
102990,5013168,Active,-1265,0,3545.35,266486.0,133762.01
104124,5013169,Closed,-1303,0,819.9,350218.9,22894.82
107743,5013170,Closed,-2608,0,5820.1,37958.88,152138.38
200062,5013171,Active,-224,0,172.47,258678.96,119857.1
100948,5013172,Active,-793,0,6368.9,33140.96,80894.5
106516,5013173,Closed,-1809,0,4149.86,329692.55,43385.06
105062,5013174,Closed,-2500,0,6678.37,133825.11,197005.64
102802,5013175,Closed,-126,10,3730.78,188794.53,19377.86
100328,5013176,Closed,-2151,0,3004.89,160375.13,49944.0
106010,5013177,Closed,-1363,0,7861.29,61367.98,126602.37
107982,5013178,Active,-2875,0,4252.8,32611.4,182230.8
100245,5013179,Closed,-1592,0,3925.39,266105.4,49783.86
107142,5013180,Closed,-1982,0,6993.17,18951.09,67609.96
103346,5013181,Closed,-1279,0,5624.3,203874.96,9370.85
100519,5013182,Active,-1997,0,3093.33,152063.12,2544.49
109049,5013183,Closed,-2826,0,615.61,169751.05,32979.44
108615,5013184,Closed,-2130,0,590.94,356351.68,275322.49
106612,5013185,Closed,-626,0,4284.75,138129.08,139791.1
108123,5013186,Closed,-537,0,2693.36,254470.73,8269.45
101321,5013187,Active,-671,0,5435.22,284739.65,37161.94
105081,5013188,Closed,-766,0,3745.12,609226.89,91740.58
106315,5013189,Closed,-2997,0,1448.23,231167.75,25869.6
108291,5013190,Closed,-561,0,4346.24,47196.93,134742.06
104186,5013191,Closed,-673,0,5660.47,245204.52,13089.39
103758,5013192,Closed,-1572,10,294.52,34252.43,411419.72
103879,5013193,Closed,-627,10,12460.43,91330.87,12312.12
109404,5013194,Active,-1475,0,1186.74,98067.84,174896.05
200633,5013195,Active,-2390,10,3121.79,123822.39,82859.46
104109,5013196,Active,-1732,0,14455.67,407028.1,28323.32
104085,5013197,Closed,-143,0,7974.06,170521.59,20799.38
200090,5013198,Closed,-803,0,8103.04,58817.52,49695.23
107696,5013199,Active,-1636,0,9334.03,498654.12,26743.62
103315,5013200,Closed,-924,0,1354.36,102381.46,71943.24
101263,5013201,Closed,-2114,0,8266.47,225837.21,164042.9
105926,5013202,Closed,-1182,0,13147.44,203759.78,176393.6
100522,5013203,Closed,-1897,0,8723.71,43560.42,169329.67
200347,5013204,Active,-1765,0,6347.33,97013.46,8025.15
105441,5013205,Active,-2219,0,740.35,131012.5,105808.05
200146,5013206,Closed,-2633,0,1937.03,493531.67,106187.05
200191,5013207,Active,-153,0,6181.81,140055.22,124528.77
101509,5013208,Closed,-824,0,2418.06,120342.28,99041.92
104170,5013209,Closed,-641,0,6325.36,99063.64,116108.0
201546,5013210,Closed,-41,0,16557.04,59083.52,104599.41
109323,5013211,Closed,-1467,0,484.66,284405.29,42070.17
106354,5013212,Closed,-1515,0,24957.77,30169.74,4101.99
100400,5013213,Active,-2977,0,59.86,204537.15,1375.67
109439,5013214,Closed,-844,0,11917.35,237933.06,174412.74
107760,5013215,Active,-366,0,910.94,672889.05,176276.2
100380,5013216,Closed,-2726,0,4592.5,83929.55,2247.76
106450,5013217,Closed,-2666,0,3919.58,20207.03,21838.16
104577,5013218,Closed,-1549,0,856.73,47244.26,62184.66
109215,5013219,Active,-1563,0,7181.53,35084.59,7323.39
107112,5013220,Closed,-2197,0,2516.94,71321.24,25064.62
109893,5013221,Active,-615,0,19047.9,33768.69,129770.11
103316,5013222,Active,-538,0,65.6,70892.36,37780.46
104118,5013223,Closed,-313,0,15599.3,45085.14,8396.95
107736,5013224,Closed,-1534,0,2602.54,129749.59,191675.17
100229,5013225,Closed,-222,0,4051.48,18118.27,118322.4
101509,5013226,Closed,-531,10,3107.06,366655.83,15974.31
109743,5013227,Closed,-770,0,28446.73,42956.81,169043.92
106587,5013228,Closed,-426,0,5911.45,38524.12,474667.23
100881,5013229,Closed,-1309,0,13546.93,98432.17,17905.95
105493,5013230,Closed,-2452,0,4408.79,135351.83,17343.75
102855,5013231,Closed,-947,0,1276.63,112932.15,19794.09
100239,5013232,Closed,-738,0,2577.77,172438.84,133091.82
105136,5013233,Closed,-2518,0,10164.44,40246.93,96593.28
201262,5013234,Closed,-1385,0,10229.28,30088.1,187626.65
103264,5013235,Closed,-2003,30,11004.18,43221.94,117885.01
106745,5013236,Closed,-495,0,1374.08,1956.0,125827.05
105694,5013237,Closed,-1086,0,1542.22,352208.84,2574.64
104634,5013238,Closed,-956,0,839.97,302156.19,35588.27
103875,5013239,Closed,-1890,0,1623.46,505106.77,74212.75
103915,5013240,Closed,-1082,0,4064.71,197956.14,766.04
106696,5013241,Closed,-1867,0,4177.49,23616.19,21690.22
108041,5013242,Active,-517,0,3205.32,19127.57,6277.97
106843,5013243,Closed,-1024,0,348.46,17505.7,9700.82
105997,5013244,Active,-753,0,3958.14,3957.01,9130.44
101726,5013245,Active,-129,0,6564.26,173762.03,82680.25
101886,5013246,Closed,-2304,0,5827.12,5821.03,3881.3
109402,5013247,Closed,-1548,0,260.77,5315.84,133262.73
109224,5013248,Closed,-2293,0,1835.18,957382.36,178499.5
104155,5013249,Closed,-2549,0,9347.06,48863.11,108640.34
108650,5013250,Closed,-916,0,2441.81,101122.93,129190.23
106851,5013251,Closed,-2045,0,2301.79,147016.12,5355.66
102377,5013252,Closed,-2450,0,12764.59,210937.1,21980.99
201179,5013253,Active,-2905,0,57.4,9895.9,204686.69
101721,5013254,Closed,-452,0,5926.59,3573.8,12446.55
201013,5013255,Closed,-1692,0,2210.34,72842.93,40189.04
106564,5013256,Active,-2327,0,5995.52,47442.41,20933.84
108809,5013257,Closed,-2505,0,10062.64,155348.3,210928.33
104100,5013258,Closed,-1722,0,3685.86,12469.21,17108.85
109917,5013259,Closed,-915,0,1253.03,611835.69,35267.32
108859,5013260,Closed,-105,0,9750.91,377549.78,9629.61
200472,5013261,Active,-2666,0,10471.49,17383.15,19454.98
105500,5013262,Closed,-351,0,8703.91,6386.68,1301.65
109897,5013263,Closed,-657,30,7810.04,139308.38,47922.32
102508,5013264,Closed,-1236,0,11971.97,9436.13,16976.29
107082,5013265,Closed,-1873,0,423.56,10803.63,76092.91
101710,5013266,Active,-2377,0,6082.54,962666.45,3579.26
105494,5013267,Closed,-833,0,781.51,788586.21,8686.4
105934,5013268,Closed,-2437,0,3901.51,78643.32,150033.6
107552,5013269,Closed,-572,0,5810.87,275.93,69797.44
109959,5013270,Closed,-608,0,456.42,496378.79,139214.75
106803,5013271,Active,-2059,0,2192.59,30512.13,183844.48
100291,5013272,Closed,-32,0,2228.66,185875.7,12047.08
107601,5013273,Closed,-1702,0,2474.9,209300.44,65365.19
102772,5013274,Active,-1265,0,4212.12,161447.27,64756.73
100599,5013275,Active,-1174,0,2017.5,320493.76,1327.12
103197,5013276,Closed,-2407,0,2781.12,22538.95,17934.28
100867,5013277,Active,-204,0,7811.22,120845.93,64465.49
103126,5013278,Closed,-2688,0,1019.71,59252.93,131587.04
105345,5013279,Active,-890,10,9138.62,189507.92,3927.12
101114,5013280,Closed,-1428,0,1815.66,448744.98,24067.69
107138,5013281,Closed,-2021,0,943.17,207359.2,22960.18
200098,5013282,Closed,-2016,0,51.08,36342.7,4622.93
101890,5013283,Closed,-2965,0,4089.47,178582.83,46490.33
104914,5013284,Active,-758,0,1430.79,156979.44,3239.7
100030,5013285,Closed,-1843,0,7349.71,346628.01,37695.72
102126,5013286,Closed,-2205,0,19280.05,288659.98,11441.21
103695,5013287,Active,-2851,0,8238.35,48180.72,20471.38
101888,5013288,Closed,-1081,0,5408.84,4058.7,319589.61
104799,5013289,Active,-91,10,3968.39,392223.47,217951.42
201703,5013290,Closed,-551,0,20713.57,10836.32,180165.85
108902,5013291,Active,-1380,0,4886.09,466058.31,39025.57
107298,5013292,Closed,-1988,0,1287.67,117320.59,42308.27
105973,5013293,Active,-21,0,1000.4,365259.9,151531.11
101754,5013294,Active,-1924,0,7358.38,243971.42,10499.85
107932,5013295,Active,-2628,0,2463.45,149640.88,130569.15
104560,5013296,Active,-2548,0,6866.12,225273.59,41993.29
201490,5013297,Active,-2369,0,2742.37,441323.34,15250.96
103884,5013298,Active,-1199,0,7116.72,547839.37,191426.35
107774,5013299,Closed,-1498,0,6069.17,76554.03,7210.64
103746,5013300,Closed,-1034,0,4965.83,50947.46,38905.37
104655,5013301,Active,-2404,0,5179.07,350797.54,232612.88
106142,5013302,Closed,-846,0,1780.22,328204.4,295897.76
108427,5013303,Closed,-1933,0,869.79,736793.26,59509.69
104339,5013304,Closed,-2315,0,2457.39,555178.67,149554.04
106573,5013305,Closed,-1944,0,9998.84,225055.11,33485.12
108909,5013306,Closed,-295,0,6714.21,290696.0,44296.22
200493,5013307,Closed,-2910,0,12583.83,7353.6,14717.72
200178,5013308,Closed,-1523,0,5922.98,163339.24,112344.57
101109,5013309,Closed,-2935,0,17414.59,19207.2,1474.57
101564,5013310,Closed,-2551,0,759.21,885794.87,124946.64
200675,5013311,Active,-1435,0,4510.36,397803.28,51892.9
104999,5013312,Closed,-2826,0,1908.13,206652.61,207350.71
102797,5013313,Closed,-2440,30,5030.92,48856.0,49542.21
107303,5013314,Closed,-2616,0,10047.96,18574.85,128595.59
200481,5013315,Closed,-1396,0,10011.69,14175.62,181244.63
200810,5013316,Active,-2461,0,20839.67,98298.29,10702.26
107935,5013317,Closed,-2225,0,13693.68,43471.37,53565.57
103840,5013318,Active,-106,0,5954.24,204988.95,121971.51
101444,5013319,Closed,-2896,0,1006.92,176301.4,22434.6
200831,5013320,Closed,-1741,0,8379.47,482995.96,147534.34
101525,5013321,Closed,-1095,0,5072.84,63840.01,180665.0
200164,5013322,Active,-401,0,1071.35,167818.52,2709.47
106406,5013323,Active,-2519,0,4225.27,333325.54,78838.37
109552,5013324,Active,-1853,0,4085.41,15290.85,145910.56
108878,5013325,Closed,-2521,0,14104.72,293160.05,6441.7
109340,5013326,Closed,-2947,0,897.38,375681.63,97827.39
106718,5013327,Active,-2123,0,4280.22,131438.01,80137.83
109925,5013328,Active,-816,0,3295.25,162168.18,130060.5
104640,5013329,Closed,-2088,0,3712.52,208650.01,121719.31
107644,5013330,Closed,-1005,0,5641.71,112875.63,57465.18
104085,5013331,Active,-2604,0,14190.97,25983.5,108106.66
104174,5013332,Active,-360,0,8012.3,436787.72,2412.35
102153,5013333,Closed,-684,0,1242.02,63377.47,934.59
104497,5013334,Closed,-890,0,51.52,51988.67,7320.26
105363,5013335,Active,-903,0,3916.14,451363.98,525849.32
201819,5013336,Closed,-1708,0,476.77,103775.92,376592.93
108819,5013337,Active,-1647,30,650.09,75967.46,40339.75
104519,5013338,Active,-347,0,1326.11,75547.22,62687.08
108082,5013339,Closed,-2159,0,6.04,121618.13,204626.03
200416,5013340,Active,-1999,0,5466.09,49087.67,262454.32
200130,5013341,Closed,-2432,0,735.85,90701.18,58475.53
101807,5013342,Closed,-673,0,3370.77,36232.83,24096.09
200254,5013343,Closed,-2684,0,5123.32,407858.14,119045.22
108039,5013344,Closed,-1596,0,4588.13,105169.25,280.47
103368,5013345,Closed,-912,0,9068.18,149914.22,51578.02
108775,5013346,Active,-2242,0,5611.87,257072.21,1620.46
102424,5013347,Closed,-2543,0,513.25,197002.57,205257.28
106641,5013348,Active,-2957,0,2077.65,67657.7,33122.27
109825,5013349,Closed,-381,0,790.94,780688.06,190292.69
104305,5013350,Closed,-897,0,2796.45,77754.69,169817.65
103144,5013351,Closed,-1539,0,909.54,33101.98,121387.89
107992,5013352,Closed,-1920,0,9891.66,85187.36,497234.59
102965,5013353,Active,-2320,0,2401.65,131698.64,41991.71
200522,5013354,Active,-1390,0,7481.4,235544.05,181635.86
108406,5013355,Closed,-71,0,192.44,328066.28,22871.35
106990,5013356,Closed,-1705,0,16467.84,104183.31,52739.16
104436,5013357,Closed,-159,0,3453.84,123722.66,55687.97
100633,5013358,Closed,-2366,0,6396.91,171861.71,100406.28
200500,5013359,Closed,-2915,0,1380.81,149500.09,80274.61
200337,5013360,Active,-2913,0,799.94,190811.18,127141.25
201699,5013361,Closed,-1597,30,10979.42,285813.93,92108.25
109603,5013362,Active,-191,0,9273.03,6583.71,121232.63
106591,5013363,Closed,-2950,0,4472.96,309146.08,58470.06
109595,5013364,Closed,-2456,0,7869.14,331168.56,28741.85
201190,5013365,Active,-999,30,5641.72,82297.29,123107.79
201485,5013366,Active,-374,0,3379.5,432288.61,6674.77
106019,5013367,Closed,-236,0,4398.65,119182.17,181478.08
105872,5013368,Closed,-376,0,67.33,416119.41,8721.13
106220,5013369,Active,-2408,0,2241.72,178891.55,78964.09
106995,5013370,Closed,-190,0,1570.43,1011574.65,29480.74
106100,5013371,Closed,-1626,0,15608.51,205595.67,265315.3
105843,5013372,Closed,-259,0,43.7,531023.81,16033.34
103921,5013373,Closed,-2982,0,14013.75,124560.84,137486.17
106328,5013374,Closed,-2648,0,5774.44,329249.14,19539.52
201312,5013375,Closed,-1708,0,206.72,959392.37,15271.65
102947,5013376,Closed,-1565,0,509.97,331429.06,75522.82
104597,5013377,Closed,-348,0,3887.2,14250.48,79803.49
200815,5013378,Closed,-2862,0,11618.69,19620.19,46672.81
104950,5013379,Active,-285,0,1988.54,86683.59,27946.23
100935,5013380,Closed,-730,0,1502.86,133283.77,35837.44
104731,5013381,Closed,-29,0,4727.24,1798.48,161316.06
101191,5013382,Closed,-2308,0,4767.39,36855.44,61864.98
102468,5013383,Active,-1854,0,306.12,200575.26,31816.56
102097,5013384,Closed,-1967,0,5169.63,132455.23,72028.03
101529,5013385,Active,-1944,0,897.28,4857.41,6981.6
109403,5013386,Closed,-44,0,8116.86,126098.01,95260.61
201620,5013387,Active,-1167,10,3729.82,208222.29,85187.86
105880,5013388,Closed,-1931,0,4900.32,356026.23,71693.51
107744,5013389,Active,-1713,0,8678.31,17131.66,82346.07
106031,5013390,Closed,-926,0,1437.01,107589.65,29082.61
102783,5013391,Active,-2768,0,8569.67,186594.55,12205.11
102742,5013392,Active,-738,0,9805.62,122406.13,13372.17
101205,5013393,Closed,-2991,0,10885.94,2169.9,80396.92
201053,5013394,Closed,-834,0,2487.18,371279.25,19710.13
102621,5013395,Closed,-1546,0,2533.27,94959.76,135139.51
200696,5013396,Closed,-2906,0,8947.49,438279.29,3282.48
109458,5013397,Closed,-164,0,13676.26,31033.75,32403.52
109753,5013398,Active,-368,0,2670.22,100161.0,24794.07
201405,5013399,Closed,-1180,0,2985.1,6169.21,10833.4
106862,5013400,Closed,-1664,0,2146.54,241011.42,117186.9
106479,5013401,Active,-2755,0,1330.3,30620.55,83905.96
103911,5013402,Closed,-905,0,14075.59,74190.77,343266.28
103758,5013403,Active,-1410,0,147.03,343331.36,54737.51
105230,5013404,Active,-2347,0,2252.34,254112.6,110462.21
104461,5013405,Closed,-2804,0,4552.47,111034.29,20300.24
101599,5013406,Active,-1900,0,242.13,351314.95,81502.06
106709,5013407,Closed,-2142,0,9043.22,61200.6,125980.09
200184,5013408,Closed,-926,0,896.33,26447.86,15573.44
107149,5013409,Closed,-193,0,6601.14,251342.35,142925.31
103109,5013410,Closed,-2943,0,17795.97,177661.4,56300.5
101471,5013411,Active,-1470,0,2712.15,69115.37,6343.7
104918,5013412,Closed,-1592,0,16341.99,431343.07,89409.97
100683,5013413,Closed,-28,0,17580.17,168748.85,7253.61
101185,5013414,Closed,-1030,0,1598.81,588967.69,73768.1
102023,5013415,Closed,-1576,0,2767.36,543657.07,25660.33
103104,5013416,Active,-2494,0,13267.3,214671.49,78628.45
201704,5013417,Active,-1380,0,640.55,184956.78,1127.16
101355,5013418,Active,-1419,0,3567.21,353950.46,31345.62
105091,5013419,Closed,-2953,0,15510.51,10681.2,49054.59
103225,5013420,Closed,-1681,0,481.25,243215.09,126583.73
103621,5013421,Closed,-302,0,15770.49,33296.89,4651.88
104254,5013422,Closed,-542,0,2272.99,99997.49,78706.63
106692,5013423,Closed,-1887,10,7984.36,474759.04,24032.57
107340,5013424,Closed,-1359,0,1435.05,43194.97,3395.48
106371,5013425,Closed,-1800,0,7231.36,31505.25,132298.5
101039,5013426,Closed,-889,0,2855.43,48488.53,28743.85
104581,5013427,Closed,-1585,0,5815.99,321998.17,79675.04
101732,5013428,Active,-357,0,1821.5,150962.83,62906.67
201047,5013429,Closed,-46,0,14482.18,253695.51,84298.73
102242,5013430,Active,-2075,0,97.84,137565.74,43012.07
102771,5013431,Active,-1263,0,11777.99,354587.92,130322.14
108908,5013432,Active,-1543,0,523.6,454730.59,36500.02
104082,5013433,Active,-2972,0,7132.17,44043.94,24174.36
109979,5013434,Active,-910,0,1679.22,153726.24,4765.56
100042,5013435,Active,-633,0,7802.6,47629.98,126521.99
200584,5013436,Active,-1835,0,1216.06,29009.02,112048.39
107537,5013437,Closed,-221,0,1024.16,566505.13,136711.3
103170,5013438,Active,-1453,0,5905.42,278429.4,7061.05
107987,5013439,Active,-2225,0,330.75,1082939.83,163934.44
101127,5013440,Closed,-985,30,425.09,198281.06,143386.21
101132,5013441,Closed,-1691,0,346.32,100167.17,38561.57
102270,5013442,Active,-819,0,2968.99,447090.44,27959.12
200383,5013443,Closed,-514,0,598.98,45894.27,46664.91
105786,5013444,Active,-534,0,8330.83,101078.87,62795.81
102729,5013445,Closed,-2314,0,5573.8,56788.92,63588.81
107514,5013446,Closed,-2788,0,67.3,63896.53,111256.23
200921,5013447,Active,-1978,10,8353.72,109832.72,23546.9
102513,5013448,Active,-1868,0,3915.76,107840.74,61179.27
108855,5013449,Active,-864,0,7705.29,57948.69,12654.16
103313,5013450,Closed,-2613,0,1534.99,84357.3,81206.17
109201,5013451,Closed,-184,0,3509.26,314305.62,28573.0
103990,5013452,Closed,-1188,0,702.8,155937.3,655.7
106961,5013453,Closed,-1781,0,3658.04,273578.75,34396.62
105438,5013454,Closed,-2234,0,1344.98,91969.67,85787.92
102404,5013455,Active,-298,0,5029.98,354437.5,23196.65
108398,5013456,Closed,-1739,0,950.76,177874.63,6046.65
108096,5013457,Active,-821,0,2081.67,64617.17,52619.17
103660,5013458,Closed,-350,0,13826.0,200228.55,94956.74
200785,5013459,Closed,-38,0,10764.17,50410.78,6318.26
101719,5013460,Active,-568,0,84.98,72790.95,15021.21
201238,5013461,Active,-2930,0,6024.23,60561.01,73258.97
107462,5013462,Closed,-2485,0,8544.73,174139.03,41064.51
105761,5013463,Closed,-182,0,7351.05,373815.14,67929.53
102143,5013464,Active,-1206,30,2259.93,3375.32,1468.76
104925,5013465,Closed,-2658,0,1488.84,285421.6,14732.36
200656,5013466,Active,-1182,0,6418.44,199676.47,51293.08
106995,5013467,Closed,-1926,0,8064.82,59516.22,102913.67
109384,5013468,Active,-346,0,174.73,24535.54,59295.95
201710,5013469,Closed,-1559,0,4721.76,117706.93,254048.53
201819,5013470,Active,-2565,0,4295.41,221646.74,33822.61
201582,5013471,Closed,-2084,10,5976.48,217924.23,18047.68
200322,5013472,Active,-525,0,10036.46,346120.91,185208.51
201654,5013473,Closed,-263,0,1491.69,145774.33,249548.14
105374,5013474,Closed,-1714,0,1129.39,37344.73,157559.42
106409,5013475,Active,-2202,0,2320.85,76476.38,19443.91
104390,5013476,Active,-850,0,4593.58,198240.56,77202.55
105749,5013477,Closed,-1795,0,1553.18,18501.89,101546.26
109919,5013478,Closed,-580,0,10398.98,424562.1,6648.11
100395,5013479,Closed,-2166,0,654.71,8445.77,133880.76
102536,5013480,Active,-1111,0,76.89,47301.81,222287.04
100551,5013481,Closed,-1443,0,7305.91,287076.07,30826.19
103629,5013482,Closed,-2201,0,3197.96,311305.55,166823.44
108689,5013483,Closed,-1631,0,5832.73,117400.73,260220.45
201084,5013484,Active,-2061,0,95.1,31269.2,14299.54
102765,5013485,Closed,-1576,0,6492.09,409617.57,5365.26
109653,5013486,Closed,-2355,0,576.54,58571.58,7533.06
101916,5013487,Closed,-496,0,4405.57,85997.36,69341.66
102451,5013488,Active,-2878,0,7756.66,55531.71,2625.57
105223,5013489,Closed,-2173,0,11150.78,300801.64,97582.82
109516,5013490,Active,-2121,0,8464.15,511397.01,118132.43
100845,5013491,Closed,-2714,0,5088.2,131835.94,22051.24
200046,5013492,Active,-1152,0,5891.27,345514.04,51294.02
105061,5013493,Closed,-2108,0,11481.29,288871.4,11457.82
201890,5013494,Closed,-715,0,1021.32,157758.99,191051.35
200537,5013495,Closed,-875,0,1293.23,110611.58,188031.6
109001,5013496,Closed,-113,0,4955.01,909917.63,85921.24
201979,5013497,Closed,-2952,10,1092.57,34833.82,11547.07
108590,5013498,Active,-1358,0,5935.15,1630.08,6712.51
107732,5013499,Closed,-174,0,318.12,52174.03,26423.52
101548,5013500,Active,-1062,0,220.14,293413.51,146051.44
108767,5013501,Closed,-341,0,1802.3,48858.97,83562.65
103418,5013502,Closed,-2854,0,296.13,44341.4,59496.6
109925,5013503,Active,-2193,0,3011.3,86935.12,246339.25
104382,5013504,Closed,-2827,0,14877.18,82624.13,87675.96
101649,5013505,Active,-2882,0,3989.61,303907.31,90845.33
109283,5013506,Active,-1873,0,678.21,261487.38,82248.55
103011,5013507,Active,-792,0,7080.58,161316.64,103485.21
105131,5013508,Closed,-2242,0,2399.89,347970.85,4046.22
108317,5013509,Active,-1100,0,2378.57,755663.55,194587.32
109600,5013510,Closed,-2261,0,3447.68,599947.4,23479.41
106281,5013511,Closed,-639,0,13581.44,119137.85,137847.28
101151,5013512,Closed,-1952,0,1863.34,716946.6,75434.11
101989,5013513,Active,-1982,0,1100.02,63838.78,146182.45
103086,5013514,Active,-1505,0,354.91,91995.1,107582.08
105074,5013515,Closed,-1537,0,1385.99,50760.9,39020.07
200642,5013516,Active,-1820,0,3261.61,410012.73,72296.29
109764,5013517,Closed,-1416,0,914.49,68719.91,35754.76
101577,5013518,Closed,-1870,0,18208.65,18484.34,37867.79
109729,5013519,Closed,-1789,0,1411.26,91638.79,74879.72
104074,5013520,Closed,-190,10,19589.47,143230.95,13876.53
107226,5013521,Closed,-39,0,2073.4,122580.11,138668.81
107098,5013522,Closed,-2531,0,2794.55,112886.45,14701.53
105282,5013523,Closed,-2363,0,3496.71,121413.14,13260.77
106963,5013524,Closed,-2530,0,2148.78,662775.94,48313.68
102216,5013525,Closed,-1869,0,2621.67,647662.33,29059.04
101145,5013526,Active,-2381,0,2972.89,718099.76,26625.67
200418,5013527,Closed,-104,0,129.8,1406.07,92443.17
102218,5013528,Closed,-1809,0,3969.12,430279.71,151474.42
105706,5013529,Closed,-2302,0,1949.08,222487.49,69275.05
201833,5013530,Active,-990,0,473.43,80144.98,241821.83
103619,5013531,Active,-499,0,4423.28,19623.92,168459.54
200191,5013532,Active,-1348,0,8246.29,107010.32,8873.52
105877,5013533,Closed,-964,0,7211.85,90231.84,225871.51
106084,5013534,Closed,-2861,0,2083.88,417.21,92420.42
107777,5013535,Closed,-1222,0,171.81,117083.45,119402.56
109146,5013536,Closed,-1886,0,9111.46,461969.71,44635.31
101396,5013537,Active,-2456,0,4155.65,73308.16,63406.33
201053,5013538,Closed,-1210,0,9233.16,49993.19,203541.58
200200,5013539,Closed,-892,0,9047.82,80843.21,165402.87
104376,5013540,Active,-2640,0,1219.64,96295.83,3578.51
106906,5013541,Active,-2863,10,5736.93,68719.32,169513.98
109711,5013542,Closed,-2017,0,4108.74,118993.76,110703.61
101240,5013543,Closed,-2806,0,80.96,267404.6,8011.44
104191,5013544,Closed,-2193,0,16377.07,299840.51,19737.61
109018,5013545,Active,-555,0,12334.38,368907.3,35630.45
108486,5013546,Active,-2538,0,8716.97,32443.94,130181.57
101068,5013547,Active,-1387,0,1488.59,14554.81,38338.53
106149,5013548,Closed,-573,30,3216.97,192.52,30129.03
200404,5013549,Closed,-190,0,350.98,72084.55,1505.76
105233,5013550,Closed,-1858,0,1524.17,23550.8,352772.63
104934,5013551,Active,-1684,0,7368.87,252643.4,35816.61
108431,5013552,Closed,-1313,0,1763.17,44043.13,111159.28
200104,5013553,Active,-2302,0,2328.97,323167.79,25271.18
102588,5013554,Closed,-362,0,1344.67,115398.66,21878.05
100463,5013555,Closed,-1953,0,662.39,20668.18,109896.76
100011,5013556,Active,-2951,30,11763.63,134699.98,116414.36
200835,5013557,Active,-1855,0,1451.13,15658.01,124375.7
107967,5013558,Closed,-2433,0,2104.98,150848.51,12219.05
104766,5013559,Active,-2040,0,1596.95,98777.55,122587.04
103661,5013560,Active,-1787,0,4638.62,263395.37,59817.58
100616,5013561,Closed,-1049,0,719.88,110495.78,4764.54
105039,5013562,Active,-906,10,1099.5,96780.59,41867.35
101072,5013563,Closed,-1599,0,1111.73,102812.4,133688.8
200493,5013564,Closed,-2736,0,308.7,299754.28,125413.46
101502,5013565,Closed,-2095,0,21200.12,161221.53,5686.07
108911,5013566,Closed,-2124,0,1250.15,61370.16,89283.01
101821,5013567,Active,-932,0,2367.72,500926.95,60605.51
201228,5013568,Closed,-2828,0,5585.05,168366.52,1184.94
201469,5013569,Closed,-649,0,5905.14,217065.93,210738.99
106678,5013570,Active,-1627,0,694.69,15772.58,17445.25
103773,5013571,Closed,-411,0,1911.17,115492.68,4393.63
108552,5013572,Active,-1222,0,519.06,70567.91,150182.34
200015,5013573,Closed,-1784,0,2147.89,536627.98,53708.84
200619,5013574,Closed,-1816,0,4544.28,453317.12,11024.3
101341,5013575,Active,-1720,10,15592.19,91157.52,3203.36
103037,5013576,Closed,-175,0,3370.78,298741.92,144161.37
104862,5013577,Closed,-1104,0,4813.12,97222.02,71675.35
107837,5013578,Closed,-952,0,627.27,94081.57,97137.1
102480,5013579,Closed,-2849,0,11261.14,34879.16,4000.57
200458,5013580,Closed,-1992,0,3027.32,67872.78,208977.1
103129,5013581,Closed,-28,0,76.46,205203.97,77821.44
201100,5013582,Active,-1797,0,6.99,29129.32,23272.85
201748,5013583,Active,-771,0,4375.41,236057.21,23719.81
109670,5013584,Closed,-1086,0,4577.93,63522.69,304525.73
106451,5013585,Closed,-2892,0,3384.32,1001736.15,2750.55
107770,5013586,Closed,-573,0,9986.84,82189.74,35884.77
104222,5013587,Active,-2586,0,3522.18,79075.78,64878.15
101329,5013588,Closed,-2223,0,118.1,24817.59,118639.52
108784,5013589,Closed,-1228,0,7653.62,113116.59,82564.86
109478,5013590,Closed,-2409,0,1648.47,738918.85,120163.68
100602,5013591,Closed,-2804,0,5859.34,13255.41,167150.06
200687,5013592,Active,-1812,0,6789.18,22678.5,151592.89
102016,5013593,Closed,-1195,0,1835.05,114328.27,53711.85
108647,5013594,Closed,-1417,0,3409.41,357071.41,4626.95
200590,5013595,Closed,-966,0,383.01,104615.55,31119.22
106910,5013596,Closed,-539,0,1116.92,94938.79,176568.22
109822,5013597,Closed,-1874,0,723.97,123837.32,30193.7
108719,5013598,Closed,-475,0,903.55,220992.21,51093.77
108979,5013599,Closed,-758,0,369.96,17968.41,465.2
100483,5013600,Closed,-1230,30,11701.38,46238.11,29932.19
104001,5013601,Active,-2968,0,1967.45,628254.83,42350.78
102426,5013602,Active,-182,0,2044.53,256123.26,93372.23
104240,5013603,Closed,-74,0,412.67,108758.4,38724.25
106519,5013604,Closed,-1053,0,1871.94,163844.05,51943.88
102121,5013605,Closed,-628,0,958.05,217175.31,115831.95
109685,5013606,Active,-1700,0,1458.09,223463.56,81110.44
107630,5013607,Closed,-2911,0,308.29,145537.21,50941.65
104303,5013608,Closed,-2034,0,267.57,76217.89,238622.8
100829,5013609,Active,-1326,0,392.74,225535.99,36751.75
200417,5013610,Closed,-2646,0,10163.92,41713.75,35958.79
104838,5013611,Closed,-133,0,4416.56,106525.93,9895.24
104409,5013612,Active,-2499,0,730.06,133299.03,37472.47
109642,5013613,Closed,-2037,0,6719.1,75731.57,14102.66
201879,5013614,Active,-883,0,7894.25,131831.16,48883.13
105962,5013615,Closed,-2051,0,13154.47,138804.03,38209.43
103410,5013616,Closed,-2248,0,753.08,17222.72,76356.39
108961,5013617,Active,-2984,0,2311.08,10474.33,160830.19
100729,5013618,Closed,-2625,0,3397.59,214193.67,43922.49
104953,5013619,Closed,-2253,30,199.82,203830.32,155238.29
107053,5013620,Closed,-166,0,473.99,437189.98,30746.94
108214,5013621,Active,-1037,0,3660.0,280481.68,4215.07
200375,5013622,Active,-1348,0,1531.69,101227.82,34753.33
200575,5013623,Closed,-1950,0,9541.65,26421.33,32518.16
104306,5013624,Closed,-627,0,4318.7,164928.86,72851.18
102027,5013625,Closed,-291,0,3597.95,196385.07,72770.19
200520,5013626,Closed,-661,0,4994.36,62424.12,8957.47
100896,5013627,Closed,-2138,0,4414.14,293820.89,98995.27
100442,5013628,Closed,-322,0,2051.84,12719.64,20299.03
201825,5013629,Closed,-2846,0,4142.07,1581.45,74301.73
200745,5013630,Closed,-647,0,5167.26,45430.76,153923.48
106727,5013631,Closed,-1656,0,1449.17,38727.68,307494.13
106396,5013632,Closed,-1105,10,6167.15,57924.99,132578.16
107121,5013633,Active,-2518,0,2576.63,309499.56,207585.78
104781,5013634,Closed,-492,0,2940.87,295502.57,8146.75
200022,5013635,Closed,-1173,0,25395.34,61045.64,25627.57
105181,5013636,Closed,-2304,0,1323.36,20272.83,46889.43
101918,5013637,Closed,-2584,0,4254.66,25384.08,117561.43
107310,5013638,Closed,-739,0,154.72,441695.61,71549.51
106686,5013639,Closed,-1537,0,10365.24,353925.08,140593.4
103093,5013640,Active,-2035,0,2449.12,289047.88,34823.22
108159,5013641,Active,-1843,0,525.08,95406.23,51669.96
107446,5013642,Closed,-2145,0,5702.19,214561.6,121599.68
100118,5013643,Closed,-30,0,2555.34,405289.32,117945.37
106748,5013644,Closed,-180,0,378.01,167841.04,76010.63
106597,5013645,Closed,-143,0,1763.79,635.72,61249.42
108986,5013646,Closed,-1385,0,7502.63,98401.46,26129.62
201116,5013647,Active,-599,0,384.22,331593.17,122872.72
100530,5013648,Closed,-218,0,1732.96,55396.48,18116.58
102277,5013649,Closed,-2870,0,1186.01,51648.7,109283.37
101945,5013650,Closed,-2900,0,1019.43,882778.5,2597.26
101497,5013651,Closed,-2560,30,1577.64,579243.97,23779.71
109917,5013652,Closed,-479,0,2048.97,7911.49,315676.72
108685,5013653,Closed,-1857,0,5520.78,101560.59,46268.68
106398,5013654,Active,-2322,0,233.74,105752.28,38999.56
101463,5013655,Closed,-1718,0,2681.09,33179.72,29961.25
200937,5013656,Closed,-1598,0,17.63,245399.85,1555.33
107600,5013657,Closed,-1018,0,1852.87,429703.77,366388.87
104824,5013658,Closed,-1918,0,12248.84,612147.56,14945.39
200066,5013659,Closed,-1201,0,770.1,60997.82,26769.48
107061,5013660,Closed,-625,0,11086.9,326727.87,204488.48
102096,5013661,Active,-2992,0,3798.45,103206.01,78219.12
101889,5013662,Closed,-564,0,11055.84,229008.19,18681.71
102372,5013663,Closed,-1995,0,2791.22,160653.08,71084.28
102162,5013664,Active,-850,0,2765.03,33936.64,340012.35
104604,5013665,Active,-1150,0,631.57,18581.4,49036.39
103909,5013666,Closed,-2764,0,6638.09,84126.21,20352.11
104895,5013667,Closed,-1021,0,3822.23,220106.48,44053.9
106862,5013668,Closed,-1337,0,7343.33,36055.84,86880.29
107534,5013669,Closed,-2481,0,7635.69,41813.21,35400.63
103688,5013670,Closed,-1343,0,850.23,393602.66,125450.78
105789,5013671,Active,-1207,0,5031.29,296736.97,38626.03
200832,5013672,Closed,-395,0,2367.96,476078.79,15134.01
102368,5013673,Closed,-204,0,16749.8,71719.16,16807.28
105773,5013674,Closed,-1048,0,11463.58,72224.52,7140.63
102183,5013675,Active,-2972,0,4049.15,171962.99,101101.8
104406,5013676,Closed,-1515,0,1597.33,70929.42,72791.95
106164,5013677,Closed,-510,0,4891.51,198070.11,41666.76
100087,5013678,Closed,-540,0,13413.24,504887.95,22988.8
101646,5013679,Closed,-2215,0,913.48,42113.54,24570.08
200438,5013680,Closed,-1740,0,8835.28,22494.39,9486.46
107995,5013681,Active,-1874,0,3943.74,30059.66,103337.92
109680,5013682,Closed,-1389,0,4765.78,2148.12,31251.35
103722,5013683,Closed,-1247,0,2533.62,365330.46,43918.59
103830,5013684,Closed,-1449,0,868.27,29750.37,180656.79
200847,5013685,Closed,-943,0,5115.31,371363.48,20100.33
102664,5013686,Closed,-1164,0,1971.68,214906.33,34860.71
100534,5013687,Closed,-2995,0,2136.88,384116.68,31187.15
107405,5013688,Closed,-469,0,7991.24,46429.3,182.07
107564,5013689,Closed,-789,0,4545.84,212597.77,107976.23
105098,5013690,Closed,-1810,0,7183.42,574343.31,162072.61
200125,5013691,Closed,-2084,0,1452.67,150006.03,65802.78
104015,5013692,Active,-2013,0,3918.84,35482.23,301256.12
108386,5013693,Closed,-2427,10,9372.7,25008.43,15179.02
201901,5013694,Closed,-473,0,20507.06,392286.39,246973.35
104023,5013695,Closed,-735,30,446.08,427881.62,306231.79
106233,5013696,Active,-720,0,3096.88,379602.24,82514.42
102408,5013697,Closed,-155,10,9874.94,273606.26,67459.75
104031,5013698,Closed,-423,0,3719.45,197696.92,128984.16
101991,5013699,Closed,-811,0,1999.68,50147.83,19903.56
100140,5013700,Active,-2552,30,7574.26,198858.78,126300.55
101287,5013701,Active,-2408,0,3381.49,156804.79,151824.42
109478,5013702,Closed,-1583,0,1939.56,60986.41,62245.7
100110,5013703,Closed,-2126,0,5833.88,188896.47,12736.39
108254,5013704,Active,-753,0,2820.1,27667.42,92813.55
100465,5013705,Active,-1740,0,2687.53,38632.2,68502.09
101655,5013706,Closed,-2707,0,8740.5,290472.88,4315.84
103711,5013707,Closed,-2452,0,573.27,46656.93,40486.94
105843,5013708,Closed,-1380,0,2454.84,284526.85,50351.28
104342,5013709,Closed,-2863,0,9877.51,107682.0,68338.79
200484,5013710,Closed,-211,0,2449.22,456919.97,114410.72
106132,5013711,Closed,-89,0,4340.15,168330.46,40048.34
109939,5013712,Active,-21,0,809.6,67376.28,393.39
106850,5013713,Closed,-828,0,1403.43,158055.66,42688.18
102756,5013714,Closed,-1601,0,1658.0,121095.22,36637.45
101859,5013715,Active,-2823,0,3684.0,97478.42,74689.31
105257,5013716,Closed,-216,0,6402.8,150043.61,153847.79
100282,5013717,Closed,-1909,0,1957.29,48378.37,2551.15
101563,5013718,Closed,-73,0,5649.71,48962.67,145872.67
104725,5013719,Closed,-2954,0,1995.92,340969.41,155082.21
200728,5013720,Closed,-2781,0,835.91,287735.4,77408.92
201832,5013721,Closed,-399,30,2869.52,43461.64,65128.42
108713,5013722,Closed,-1895,0,4358.85,1995.12,51986.62
107898,5013723,Closed,-629,0,5955.8,31498.93,39394.93
200773,5013724,Closed,-1221,0,2777.06,331361.51,11355.47
105485,5013725,Closed,-2221,0,7676.66,82872.19,89165.43
109203,5013726,Closed,-103,0,1220.19,174313.28,82324.39
101554,5013727,Closed,-1253,0,2258.67,37195.16,6489.39
103481,5013728,Closed,-2452,0,625.05,79965.9,101264.1
201643,5013729,Active,-1765,0,13756.06,169016.97,129224.04
108064,5013730,Closed,-2722,0,6446.56,209294.65,23265.26
107345,5013731,Closed,-1759,0,5848.57,1454.16,26743.36
108543,5013732,Closed,-729,0,15917.62,175202.95,35409.41
109390,5013733,Closed,-598,0,3605.79,48922.58,54187.13
101204,5013734,Active,-398,0,2299.8,213280.71,72959.33
104266,5013735,Closed,-2816,0,3707.08,32938.26,44346.18
108378,5013736,Active,-773,0,1205.07,92606.36,14301.97
104800,5013737,Active,-2283,0,7546.91,67874.62,13130.32
200470,5013738,Closed,-1554,0,9801.92,901558.56,71830.05
107188,5013739,Closed,-2495,0,8949.5,3323.05,12440.33
100634,5013740,Closed,-981,0,4854.52,96422.14,35151.94
100444,5013741,Active,-1047,0,14496.74,18793.49,40492.45
105602,5013742,Closed,-2250,0,13799.49,433393.81,31034.65
109444,5013743,Closed,-1782,0,591.99,59294.22,5111.34
106146,5013744,Closed,-1836,0,5486.16,370521.52,208368.18
201228,5013745,Closed,-2498,0,4850.92,386720.34,127873.71
107720,5013746,Closed,-2123,0,1701.97,266914.06,101139.04
201546,5013747,Closed,-2553,0,3939.3,15121.68,180088.45
103262,5013748,Closed,-1704,0,12441.79,1233.04,65806.0
200888,5013749,Closed,-1,0,34175.9,288915.57,31078.56
200736,5013750,Active,-2555,0,2182.19,205221.04,58588.72
105373,5013751,Closed,-1011,0,8383.49,34230.26,10306.43
105036,5013752,Closed,-1667,0,620.26,109187.85,4190.73
103191,5013753,Closed,-327,0,1046.4,78253.46,57062.31
108688,5013754,Closed,-2538,0,15913.31,41485.23,2.45
102387,5013755,Active,-2365,10,1114.99,139964.56,78322.68
104666,5013756,Active,-2974,0,449.35,94775.06,21192.6
106042,5013757,Closed,-2716,0,3123.06,392119.1,63472.11
200964,5013758,Closed,-2,0,1501.12,86720.67,48308.64
109640,5013759,Closed,-1858,0,713.95,62472.4,150212.93
102159,5013760,Closed,-1397,0,1148.41,135882.36,40317.99
109328,5013761,Closed,-1539,0,17698.47,159425.52,114161.77
108096,5013762,Closed,-1900,10,2356.54,568061.12,127628.8
104890,5013763,Active,-1505,0,10847.23,3356.12,12268.09
100592,5013764,Active,-1260,0,8698.28,15441.13,277515.13
201121,5013765,Closed,-801,10,1621.89,356275.23,131847.65
200274,5013766,Closed,-2550,0,5467.67,8197.25,144103.87
100507,5013767,Closed,-1435,0,3274.46,77477.18,36618.62
106923,5013768,Active,-887,0,12621.36,51319.14,153222.19
104412,5013769,Closed,-723,0,11744.23,37248.9,12153.67
201157,5013770,Closed,-3,0,3959.9,123649.9,38107.18
105892,5013771,Active,-1443,0,12320.94,311074.73,43302.85
101680,5013772,Closed,-212,0,5163.7,15315.79,53231.85
201904,5013773,Closed,-2026,0,739.49,17562.38,72844.07
104258,5013774,Closed,-2671,0,2803.01,57042.51,144754.73
105062,5013775,Active,-81,0,3223.08,238707.76,140357.27
109192,5013776,Active,-2651,0,2451.42,691043.53,13185.93
201471,5013777,Closed,-2088,0,4541.51,236297.53,17017.54
107475,5013778,Closed,-1401,0,2604.29,96057.09,101996.06
104938,5013779,Closed,-1251,0,97.63,660637.76,48124.85
105677,5013780,Closed,-215,0,1621.07,235717.27,11559.84
107073,5013781,Closed,-1282,0,5600.66,188820.88,29816.12
101342,5013782,Closed,-1814,0,6745.75,86370.4,333498.22
108990,5013783,Closed,-2930,0,1328.84,852784.33,20540.6
107175,5013784,Closed,-2693,0,2258.17,147241.58,117677.62
106639,5013785,Closed,-2225,0,6141.82,81553.89,4098.49
104342,5013786,Closed,-223,0,2180.83,149182.07,45064.51
106895,5013787,Closed,-861,0,4713.25,66503.23,6302.82
100698,5013788,Closed,-1887,10,5207.77,24789.21,113816.53
104107,5013789,Closed,-2233,0,2568.51,414102.44,55232.86
201973,5013790,Closed,-2232,0,2390.59,44733.64,131432.2
100441,5013791,Closed,-997,0,5401.68,126727.73,69731.76
201187,5013792,Closed,-1543,0,13783.2,303071.85,55184.49
102701,5013793,Closed,-2198,0,10542.18,854841.9,245557.67
106037,5013794,Closed,-130,10,2182.32,67736.27,85050.02
108395,5013795,Closed,-1493,0,1751.99,58272.2,80450.67
200442,5013796,Closed,-2706,0,2141.76,290872.07,4357.29
109253,5013797,Active,-2726,0,7627.48,58036.74,87617.45
103320,5013798,Closed,-1609,0,2346.37,8143.42,492077.8
201176,5013799,Closed,-2289,0,7222.05,193212.07,8308.47
107254,5013800,Closed,-1208,0,67.71,275324.41,146747.2
201377,5013801,Closed,-1464,0,5526.16,29204.59,20944.06
105249,5013802,Active,-490,0,1050.93,355400.4,1347.71
106918,5013803,Closed,-1499,0,3468.93,235220.53,30445.88
108484,5013804,Active,-2702,0,5545.64,20344.57,3886.93
108487,5013805,Closed,-2676,0,658.2,104269.45,10893.51
105354,5013806,Closed,-183,0,1454.4,365336.01,243474.26
108193,5013807,Closed,-2142,0,3140.15,269732.65,263340.23
104073,5013808,Closed,-2814,0,2538.01,67097.48,25147.3
109587,5013809,Closed,-889,0,11030.42,153206.53,18534.27
107758,5013810,Closed,-2069,0,7539.88,108786.74,66614.8
109846,5013811,Active,-1139,0,3842.48,582317.56,50789.69
200026,5013812,Closed,-2785,0,4530.81,59433.1,48828.63
106884,5013813,Closed,-679,0,17600.07,177008.13,110350.03
102360,5013814,Closed,-23,0,7252.44,659436.07,34181.53
100723,5013815,Active,-1086,10,1259.85,16011.87,93778.73
107356,5013816,Closed,-40,0,1227.95,29420.77,49477.3
109154,5013817,Closed,-933,0,3562.94,99764.8,137610.07
101035,5013818,Closed,-2510,0,3033.09,256213.07,5596.59
201210,5013819,Closed,-1991,0,3691.31,449954.17,205189.77
103969,5013820,Closed,-2264,0,9381.55,15140.08,7839.76
100253,5013821,Closed,-144,0,4029.46,131116.58,22581.66
105798,5013822,Closed,-1264,0,1175.59,61148.44,19687.83
200133,5013823,Closed,-2486,0,15868.75,367235.6,20174.75
200946,5013824,Active,-291,0,9173.91,247168.52,157583.5
100225,5013825,Closed,-2255,0,1227.41,252918.31,39670.75
102380,5013826,Active,-2552,0,15252.4,8958.13,34096.32
108982,5013827,Closed,-2617,0,10422.7,120028.73,1296.15
201355,5013828,Closed,-1074,0,843.5,132479.95,144523.44
107802,5013829,Closed,-1519,0,2854.01,87904.44,162591.01
101277,5013830,Active,-690,0,12399.4,6682.28,77964.13
200747,5013831,Closed,-1550,0,379.86,76108.68,11959.69
107870,5013832,Active,-649,0,7768.66,423642.21,12657.51
201474,5013833,Active,-2518,0,10845.47,129776.6,91157.82
103815,5013834,Active,-1806,0,20650.7,81232.35,124501.42
100973,5013835,Closed,-1084,30,9289.29,301886.58,27503.77
101800,5013836,Active,-2397,0,583.03,130040.98,88010.63
106159,5013837,Closed,-1153,0,1104.34,278876.24,1069.0
101764,5013838,Closed,-1506,0,7694.8,131791.45,19605.0
100801,5013839,Active,-2409,0,12412.25,123743.66,377262.84
105719,5013840,Closed,-1718,0,15158.99,58283.0,9928.36
106980,5013841,Closed,-2692,0,767.92,69257.8,79320.39
104100,5013842,Active,-894,0,3651.2,419918.29,6154.36
201850,5013843,Active,-2721,0,876.29,220628.2,29544.7
103546,5013844,Closed,-42,0,90.79,48767.5,312393.66
200730,5013845,Closed,-666,0,897.47,567298.46,22889.78
102543,5013846,Closed,-764,0,4173.26,218935.52,49588.61
104978,5013847,Active,-1468,0,155.86,648725.64,53108.03
107873,5013848,Active,-2328,0,3819.56,411.13,69929.42
103565,5013849,Closed,-1157,0,12139.91,21410.5,24004.6
100736,5013850,Closed,-1422,0,1992.34,412424.11,70304.45
107344,5013851,Active,-1905,0,3349.49,1120.52,54132.61
109531,5013852,Closed,-2928,0,6764.47,47023.34,71603.63
103934,5013853,Closed,-2386,10,4384.9,543876.94,105783.95
101082,5013854,Closed,-333,0,638.49,256733.93,5581.84
108509,5013855,Active,-1359,0,1218.3,124597.77,51173.46
201906,5013856,Closed,-1826,0,9793.43,168231.4,150299.86
104077,5013857,Closed,-2110,0,3239.24,231764.56,1893.48
109301,5013858,Closed,-656,0,14937.38,293083.25,347074.05
108457,5013859,Active,-2405,0,607.49,19718.54,12004.57
108490,5013860,Active,-772,0,433.07,40854.2,70320.5
108611,5013861,Closed,-2794,30,5539.76,141753.51,740.3
200156,5013862,Closed,-2731,30,4051.0,121442.89,283603.07
107413,5013863,Active,-1203,0,2981.45,17251.3,29996.23
102340,5013864,Closed,-1396,0,564.37,172275.72,54809.46
100233,5013865,Closed,-1554,0,20227.74,80967.22,69310.43
101438,5013866,Closed,-664,0,16932.81,7237.66,124585.73
102557,5013867,Closed,-306,0,13398.92,30095.44,56419.4
109377,5013868,Closed,-2595,0,1236.72,463232.32,17161.22
109887,5013869,Active,-51,0,151.26,48121.55,287046.12
101025,5013870,Active,-2815,0,592.0,36909.88,107774.35
102166,5013871,Active,-2961,0,8754.96,54744.96,60206.47
102071,5013872,Closed,-2461,0,531.57,524584.0,30137.66
100051,5013873,Closed,-2986,0,3191.74,585311.15,8797.99
105072,5013874,Closed,-2348,0,1654.31,296101.45,113268.54
103619,5013875,Closed,-1114,0,19.27,68588.6,8535.59
201060,5013876,Closed,-2058,0,239.63,469292.91,125829.95
200972,5013877,Closed,-2565,0,7936.02,218584.89,133668.41
101220,5013878,Closed,-940,0,6587.37,27103.22,157474.03
106762,5013879,Closed,-1970,0,733.34,380090.77,23173.09
107709,5013880,Active,-2413,0,3299.52,239442.1,63957.23
201661,5013881,Active,-2779,0,4661.29,152176.42,82493.8
102603,5013882,Closed,-813,0,20.06,402349.53,56179.34
201241,5013883,Closed,-2919,0,1299.7,64237.19,24774.28
100226,5013884,Closed,-2617,0,2092.67,32711.84,26135.44
104295,5013885,Closed,-2539,0,38.7,238662.99,14658.47
100579,5013886,Active,-1708,0,7932.01,20956.76,2063.68
102641,5013887,Closed,-2786,0,1439.66,240553.07,248346.48
101360,5013888,Active,-205,0,9013.44,266369.05,120746.63
200080,5013889,Closed,-522,0,874.55,34082.87,87547.32
104855,5013890,Closed,-699,0,4492.48,842.31,15706.78
101685,5013891,Active,-1360,0,3211.26,90198.75,87831.51
103709,5013892,Closed,-834,0,1843.66,114273.67,97488.07
106753,5013893,Closed,-536,0,5884.91,161007.99,85564.13
106887,5013894,Closed,-1577,0,2528.45,12826.51,41076.66
103017,5013895,Active,-2741,0,6043.4,27859.88,7388.01
104648,5013896,Active,-1921,0,2453.94,362588.37,69282.85
201919,5013897,Active,-632,0,1067.05,284979.42,195630.75
200151,5013898,Closed,-1079,0,237.08,351.6,26009.58
201057,5013899,Active,-2483,0,1877.72,33753.68,127139.05
100560,5013900,Closed,-2413,0,3642.09,278529.61,42423.58
108530,5013901,Closed,-2097,0,5053.08,37216.55,8625.38
102985,5013902,Active,-2086,0,813.27,122202.03,101726.29
200823,5013903,Active,-1482,0,5029.52,219615.83,146326.13
100320,5013904,Closed,-1189,0,9162.68,234497.4,54688.75
108885,5013905,Closed,-1436,0,466.55,224158.22,23387.85
200405,5013906,Active,-2613,0,6190.91,62116.64,46950.86
100204,5013907,Active,-1014,0,1652.83,42425.44,173818.14
201078,5013908,Closed,-2262,0,432.11,48993.9,2763.42
103182,5013909,Closed,-198,0,798.62,72720.63,49796.63
109202,5013910,Active,-2116,0,545.7,31556.96,5551.84
201422,5013911,Closed,-1883,30,76.66,500120.61,54947.75
103635,5013912,Closed,-2164,0,4106.45,164956.78,339960.27
107512,5013913,Closed,-910,30,2855.49,93820.3,22371.23
102786,5013914,Closed,-1496,0,2038.22,54462.15,242307.58
104613,5013915,Active,-305,0,5143.53,297349.62,82089.27
100981,5013916,Closed,-1816,30,4609.95,714153.93,1385.57
108826,5013917,Closed,-461,0,402.15,3111.47,42607.57
103152,5013918,Active,-1240,0,10863.83,89127.77,19954.83
105550,5013919,Active,-1275,0,6235.33,242555.7,17172.45
104023,5013920,Closed,-1661,0,612.52,1535.96,59859.65
201386,5013921,Closed,-293,0,108.01,36665.13,19223.29
101909,5013922,Active,-872,0,1462.56,204920.86,31167.72
104144,5013923,Active,-1184,0,6100.5,180577.63,95981.14
108027,5013924,Closed,-948,0,8010.38,203150.2,34211.92
105327,5013925,Closed,-2222,0,2132.89,322371.44,196450.25
100706,5013926,Closed,-1684,0,18770.31,6170.54,81938.69
106473,5013927,Closed,-31,0,1742.22,53945.32,13043.99
105485,5013928,Closed,-1749,0,3235.92,349895.62,32151.14
101962,5013929,Active,-1411,0,255.56,50717.28,584136.31
100008,5013930,Active,-1339,0,13725.63,120225.15,32275.22
105568,5013931,Active,-1002,0,13430.43,102123.13,71849.45
103045,5013932,Active,-2698,0,6144.75,500.88,8638.13
105529,5013933,Active,-579,0,14208.04,1714.5,85960.26
200837,5013934,Closed,-925,0,9423.22,204201.74,31803.9
105301,5013935,Closed,-2283,0,3332.61,4210.45,39009.49
102524,5013936,Closed,-1172,0,6522.55,42248.52,67923.05
107750,5013937,Closed,-693,0,1114.05,101710.74,34195.39
100589,5013938,Closed,-2477,0,613.56,469536.25,7275.88
109151,5013939,Active,-925,0,6119.97,15584.4,21016.92
106435,5013940,Active,-1417,0,3834.54,23085.41,100859.64
101312,5013941,Closed,-2853,0,713.92,1266671.36,15401.5
200639,5013942,Closed,-165,0,15632.32,42021.39,35933.57
102463,5013943,Active,-2077,0,1829.57,344062.51,11734.1
102785,5013944,Active,-2719,0,9047.41,174298.52,21292.52
108836,5013945,Active,-1327,0,2286.61,81714.64,6722.41
109088,5013946,Active,-253,0,17719.38,104828.99,39692.66
107468,5013947,Closed,-1246,0,875.18,55149.67,681728.34
102879,5013948,Active,-1208,0,6367.47,594842.16,7789.12
100935,5013949,Closed,-2398,0,20772.12,28320.33,62908.49
107574,5013950,Closed,-1889,0,33.64,19562.65,54848.45
109491,5013951,Closed,-1474,0,21860.1,268480.87,10732.61
102117,5013952,Closed,-2077,0,12995.25,602189.64,91443.39
107539,5013953,Active,-493,0,9047.56,72321.47,32301.04
102252,5013954,Closed,-1336,0,2612.82,495214.84,93062.31
105857,5013955,Active,-430,0,14152.46,850975.47,31711.09
102155,5013956,Active,-509,0,3994.41,761463.81,89808.99
102134,5013957,Active,-771,10,895.06,45544.99,31105.57
102971,5013958,Closed,-2528,0,677.29,40156.85,145251.05
105331,5013959,Closed,-1922,0,1560.88,3029.53,2736.43
109942,5013960,Closed,-1578,0,13559.14,296284.18,2710.89
200694,5013961,Closed,-400,0,275.2,228442.38,13824.05
106734,5013962,Closed,-2973,0,5179.89,203955.61,6154.12
100565,5013963,Closed,-2690,0,444.2,52120.98,176754.45
100380,5013964,Active,-1606,0,4546.42,238237.05,116950.02
106723,5013965,Closed,-2596,0,4595.21,218930.99,58774.56
104399,5013966,Closed,-1792,0,1523.44,64131.85,15142.29
107112,5013967,Closed,-2592,0,1559.97,105950.14,13247.39
102966,5013968,Active,-1686,0,5635.94,82857.84,2711.87
106357,5013969,Active,-2276,0,9448.7,38707.77,12385.8
201235,5013970,Closed,-2161,0,642.5,153474.29,81518.42
109328,5013971,Closed,-81,0,8942.36,29942.74,71790.65
106454,5013972,Closed,-2684,0,200.31,486808.07,26544.51
107277,5013973,Closed,-2586,0,1821.24,377320.93,80701.7
108597,5013974,Closed,-515,30,5196.66,222290.74,70259.97
109434,5013975,Active,-2688,0,7111.33,72744.41,95756.86
103653,5013976,Closed,-2877,0,1045.91,224325.33,5407.29
201469,5013977,Closed,-1428,0,4751.7,171536.04,107589.47
201340,5013978,Active,-1690,0,5257.24,119770.47,202643.79
103154,5013979,Closed,-2715,0,340.4,492406.65,22048.79
103937,5013980,Closed,-1520,0,6016.92,110124.33,47747.26
106720,5013981,Closed,-1634,0,5508.94,252024.92,51938.65
102849,5013982,Closed,-2655,30,459.09,302497.91,27754.25
104191,5013983,Closed,-1951,0,1029.43,133898.16,50164.36
101926,5013984,Active,-64,0,834.99,109012.09,6972.9
103057,5013985,Active,-1754,0,2291.49,316734.71,3702.48
105739,5013986,Active,-2528,0,5574.67,171050.95,25719.84
105297,5013987,Closed,-1958,0,1213.64,124730.46,13984.85
109410,5013988,Closed,-2388,0,2156.51,72277.95,139141.17
102086,5013989,Closed,-514,0,746.64,89375.47,164687.11
105528,5013990,Active,-373,0,9823.8,288472.71,78366.91
108525,5013991,Closed,-2209,0,2634.92,686371.84,111185.85
106851,5013992,Closed,-668,0,13.36,41935.11,35337.08
103418,5013993,Closed,-2184,0,1080.7,245881.7,105197.75
103745,5013994,Closed,-1548,0,10016.34,71269.09,69887.92
106635,5013995,Active,-1036,0,367.82,697829.89,33875.55
102399,5013996,Active,-2493,0,4928.28,295442.78,6717.35
109388,5013997,Closed,-627,0,1375.47,108014.91,103323.65
107103,5013998,Closed,-1200,10,3206.86,738986.56,4988.39
105179,5013999,Active,-2997,0,15093.51,784379.86,22301.39
104759,5014000,Closed,-456,0,3350.09,634621.85,113283.2
103335,5014001,Closed,-1297,0,1886.77,263089.48,75255.92
103351,5014002,Active,-1558,0,228.47,249651.24,20358.99
100360,5014003,Closed,-2830,0,10247.46,284639.08,121095.11
109468,5014004,Active,-289,0,7807.16,36452.25,54343.92
104287,5014005,Closed,-2940,10,4105.13,986571.46,4072.12
106577,5014006,Closed,-2959,0,1141.07,63363.91,10302.51
101945,5014007,Closed,-1815,0,4426.35,34387.62,55972.39
106792,5014008,Active,-218,0,10761.29,195997.84,18546.63
105271,5014009,Active,-1557,0,7383.65,7824.18,88077.81
109272,5014010,Closed,-2337,0,14725.72,130212.95,234386.77
106049,5014011,Closed,-1540,0,5917.3,312985.27,157490.76
107020,5014012,Active,-34,10,3184.53,492310.86,511774.39
101272,5014013,Active,-681,0,859.55,75543.59,74709.79
201641,5014014,Active,-2871,0,176.91,123371.19,22880.04
105885,5014015,Closed,-851,0,399.5,385072.95,91459.19
109953,5014016,Active,-604,0,7524.82,699329.44,312517.26
105292,5014017,Closed,-1291,0,1384.3,284022.35,2545.69
106643,5014018,Active,-523,0,1911.96,87803.52,2694.31
106908,5014019,Closed,-758,0,13668.83,96591.21,26228.82
109496,5014020,Active,-1547,0,1493.15,1045260.01,1650.05
103791,5014021,Closed,-830,0,10790.21,31577.59,87655.36
200622,5014022,Closed,-51,0,2486.58,436012.99,9866.67
200266,5014023,Active,-1705,0,2198.95,291425.71,110091.05
103972,5014024,Active,-2095,0,3418.59,33207.57,127678.64
104007,5014025,Active,-166,0,7928.0,290778.02,13933.88
106640,5014026,Active,-1719,0,2245.82,196276.4,17496.59
201463,5014027,Closed,-2430,0,3457.92,16938.23,8852.76
201659,5014028,Closed,-1144,0,1158.12,459308.24,188092.6
200596,5014029,Closed,-667,0,1081.28,76457.41,4134.28
200986,5014030,Active,-2338,0,1430.01,456789.63,41382.07
103664,5014031,Closed,-1944,0,1434.86,180897.97,70017.63
107336,5014032,Closed,-1202,0,3998.01,37711.52,142228.68
107685,5014033,Closed,-1928,0,223.45,559516.77,22522.65
106488,5014034,Closed,-980,0,11803.27,33167.57,27587.78
105087,5014035,Closed,-929,0,2247.55,347521.08,55384.75
100638,5014036,Closed,-1927,0,11504.78,78384.94,7865.76
104239,5014037,Closed,-1927,0,2536.38,99881.94,29974.8
106865,5014038,Closed,-857,0,827.32,48797.5,34473.86
105481,5014039,Closed,-475,0,5850.62,2554.14,42950.7
101784,5014040,Active,-834,0,288.96,278666.71,275740.36
101973,5014041,Closed,-872,0,3346.56,152558.22,160630.75
109239,5014042,Closed,-573,0,1638.15,364251.9,23010.22
108164,5014043,Closed,-1848,0,645.71,141571.69,50568.78
106039,5014044,Closed,-629,0,2428.77,3622.5,65306.91
101087,5014045,Active,-1622,0,7933.14,49175.54,31218.04
105251,5014046,Closed,-2784,0,7512.52,90664.37,90124.12
201779,5014047,Closed,-98,0,6032.74,130034.9,129011.56
109301,5014048,Closed,-232,0,2838.3,61584.53,32399.41
200166,5014049,Active,-1731,0,6778.76,310362.59,14946.3
101443,5014050,Active,-1801,0,5513.52,604823.26,110207.93
108940,5014051,Closed,-152,0,4328.38,407820.56,5664.18
200118,5014052,Active,-1827,0,4636.38,332195.93,168698.65
105134,5014053,Active,-1438,0,13269.29,123188.84,41983.39
105247,5014054,Active,-1632,0,11836.85,277759.96,41782.45
101890,5014055,Active,-2273,10,153.39,537937.11,1935.92
106579,5014056,Closed,-109,0,998.94,14003.55,138672.97
106087,5014057,Closed,-1459,0,8630.84,87165.26,36737.57
101156,5014058,Active,-1546,0,327.7,143699.25,6813.88
103509,5014059,Active,-1505,0,1713.69,63002.89,68650.78
109677,5014060,Closed,-1260,0,20610.51,24942.26,6863.72
104855,5014061,Closed,-1186,0,7918.01,187254.87,85563.51
109892,5014062,Closed,-2467,0,5176.92,415306.67,167766.79
101470,5014063,Active,-1028,0,3322.12,20186.31,4299.41
106320,5014064,Active,-323,0,1454.46,694134.05,9844.63
102782,5014065,Closed,-700,0,69.4,11510.74,22269.03
108159,5014066,Closed,-418,0,10560.44,141061.6,201565.52
200454,5014067,Closed,-2668,0,11911.63,43481.88,11890.82
108605,5014068,Active,-2788,0,5235.88,28324.58,59412.26
201132,5014069,Closed,-2632,0,449.56,364796.85,6673.38
109451,5014070,Closed,-434,0,3634.17,171263.58,14778.85
109412,5014071,Closed,-2832,0,6229.4,180465.66,56796.89
201528,5014072,Closed,-222,0,3966.82,37483.43,193655.05
107402,5014073,Active,-2651,0,2973.73,59275.48,698.35
108425,5014074,Closed,-1787,0,941.14,408964.44,303603.88
107107,5014075,Closed,-1885,0,7593.85,261124.27,16387.56
108091,5014076,Closed,-1347,0,10900.2,25191.99,14624.83
101427,5014077,Closed,-452,0,1036.27,1488.99,29784.37
201079,5014078,Active,-957,0,1237.52,93488.11,70825.35
200616,5014079,Active,-1349,0,13215.77,259636.25,37270.78
104454,5014080,Closed,-829,0,2835.73,125518.76,9956.11
101832,5014081,Active,-731,0,946.29,120107.72,39289.78
109225,5014082,Closed,-1794,0,671.65,62706.17,29565.93
108000,5014083,Closed,-149,0,11949.21,406977.55,53718.79
105355,5014084,Closed,-2618,0,3608.05,42203.81,150651.64
109523,5014085,Closed,-468,0,12596.46,181404.35,105584.58
103108,5014086,Closed,-262,10,1181.19,238290.24,114772.27
105255,5014087,Closed,-1905,0,1074.24,23198.82,165252.44
109957,5014088,Closed,-852,0,910.32,27020.2,28560.58
107850,5014089,Closed,-1642,0,6209.11,13426.21,1333.6
105379,5014090,Active,-734,0,16273.64,62687.13,115666.91
109353,5014091,Closed,-1441,0,12585.35,484296.73,68674.89
200774,5014092,Closed,-321,0,289.14,105504.71,146612.22
104754,5014093,Active,-1442,0,1918.22,7603.55,16056.05
100072,5014094,Closed,-1723,0,3437.43,248786.87,111955.54
102900,5014095,Active,-75,0,1869.73,161457.88,52399.17
104789,5014096,Closed,-2620,0,6890.76,68251.39,61925.71
107254,5014097,Active,-2201,0,1171.31,25463.34,121721.83
101935,5014098,Closed,-2860,0,942.21,7667.41,46918.7
107704,5014099,Closed,-1288,10,8410.39,3358.92,133584.95
103503,5014100,Active,-43,0,5426.35,56475.9,40219.8
100521,5014101,Active,-1453,0,4467.92,369112.6,111302.42
109056,5014102,Closed,-2280,0,1329.79,225497.55,314900.77
102543,5014103,Closed,-2199,0,333.8,102184.3,13909.07
107540,5014104,Closed,-746,0,7879.15,138076.78,6728.77
201638,5014105,Active,-2230,0,4166.38,62933.25,32959.1
102011,5014106,Closed,-154,0,5948.28,285523.33,9976.87
109591,5014107,Active,-1722,0,2846.66,329309.72,41009.99
106935,5014108,Closed,-1965,0,15850.17,123506.37,30191.83
101285,5014109,Active,-1014,0,8363.56,76037.13,56026.78
108055,5014110,Closed,-1700,0,15686.48,42220.74,60475.29
106471,5014111,Closed,-2688,0,36746.11,167346.82,9093.63
106880,5014112,Closed,-2626,0,6133.2,26677.41,231437.57
104645,5014113,Closed,-2402,0,16633.96,697059.92,103557.29
108537,5014114,Active,-2399,0,11353.53,106065.05,98071.72
201114,5014115,Closed,-2638,0,10211.87,131908.12,45495.61
102818,5014116,Closed,-152,0,12976.52,160471.4,20944.17
108078,5014117,Closed,-2055,0,9107.01,429525.98,32054.1
201975,5014118,Closed,-355,0,7211.95,235481.09,214775.09
103497,5014119,Active,-2413,0,5035.48,292732.71,187736.43
102454,5014120,Closed,-1173,0,2832.95,419140.5,50177.57
101494,5014121,Closed,-1946,0,2458.38,387742.24,26580.37
109542,5014122,Closed,-2298,0,8304.59,177055.97,44127.97
108849,5014123,Active,-890,0,2154.31,73679.51,228019.09
100850,5014124,Active,-2803,30,6532.5,25935.51,87336.38
105348,5014125,Closed,-2065,10,24830.03,118470.06,87095.88
108398,5014126,Closed,-999,0,11862.7,567794.43,140055.44
103065,5014127,Active,-93,0,1559.77,656444.94,57742.35
107393,5014128,Closed,-249,0,332.44,169507.98,39441.65
104985,5014129,Closed,-2985,0,2201.58,293427.12,128900.24
201524,5014130,Active,-542,0,10875.5,37666.81,37773.39
104139,5014131,Closed,-1517,0,6322.77,6305.62,24412.49
105542,5014132,Closed,-2000,0,5033.23,354153.73,63155.64
100218,5014133,Active,-2949,0,13209.82,207823.09,54027.01
105647,5014134,Closed,-2205,0,7373.17,86062.75,119442.88
106392,5014135,Closed,-284,0,1374.6,211438.12,27708.12
103331,5014136,Active,-2552,0,3822.24,1045771.73,62675.26
108218,5014137,Closed,-1272,0,170.46,50509.18,55176.59
200113,5014138,Closed,-2549,0,429.79,25630.15,9584.27
106118,5014139,Closed,-2350,0,10914.66,121927.87,133889.32
105695,5014140,Active,-2903,0,1100.11,16305.76,35254.49
104772,5014141,Closed,-1119,0,391.7,186866.64,5878.38
105852,5014142,Closed,-451,0,945.84,122260.02,72829.76
107095,5014143,Active,-2459,0,3366.67,355965.56,116891.03
100416,5014144,Closed,-997,0,3145.03,99619.13,36720.31
109824,5014145,Closed,-2006,0,231.72,762533.07,61248.65
201592,5014146,Active,-1072,0,4566.28,51982.55,8910.9
106744,5014147,Closed,-2693,0,14385.2,259570.19,233417.52
107934,5014148,Closed,-2373,0,3027.91,235265.25,53187.3
103897,5014149,Closed,-1271,0,7700.81,55456.39,24093.09
108613,5014150,Closed,-1973,0,7256.91,144635.79,27078.23
105984,5014151,Closed,-824,0,7950.07,219390.46,97980.1
108367,5014152,Closed,-1708,0,1893.33,77804.02,140188.13
108083,5014153,Closed,-1494,0,3652.72,159132.86,11816.33
102635,5014154,Closed,-2618,0,2206.19,148189.3,42260.3
106744,5014155,Active,-2627,0,1090.62,26722.25,242129.36
107362,5014156,Closed,-1408,0,3963.77,155284.07,88800.58
106641,5014157,Active,-727,30,3557.95,41794.58,102261.06
200781,5014158,Closed,-1222,0,16927.35,127781.42,88841.09
109082,5014159,Closed,-2863,0,1596.13,376392.5,72373.05
103196,5014160,Active,-1621,0,7150.48,55058.16,36481.02
105857,5014161,Closed,-2932,0,10516.32,77177.2,67144.26
201799,5014162,Closed,-797,0,10968.48,49061.31,57440.37
102363,5014163,Closed,-1765,0,16219.4,168495.44,21634.12
103962,5014164,Active,-663,0,2388.41,320108.3,31875.28
200092,5014165,Closed,-2427,0,2675.49,152611.61,22609.47
106554,5014166,Closed,-2439,0,17435.48,533059.13,89205.81
102569,5014167,Closed,-2873,0,1214.88,4731.18,19317.26
100561,5014168,Active,-2843,0,7458.84,117312.7,291788.4
109798,5014169,Closed,-1574,0,3397.64,153884.54,88479.57
103133,5014170,Closed,-430,0,1560.99,27610.42,50297.97
102629,5014171,Closed,-1911,0,1045.41,83826.38,24879.97
101163,5014172,Active,-259,0,3670.51,330217.95,11228.13
105540,5014173,Closed,-875,0,10895.82,358893.03,17960.57
105870,5014174,Active,-893,0,2325.88,815170.07,12586.46
107596,5014175,Closed,-2125,0,1504.02,301286.61,74770.48
109010,5014176,Closed,-586,0,5727.47,117604.28,5351.26
102898,5014177,Closed,-2415,0,8763.35,117933.61,57911.6
108372,5014178,Closed,-1976,0,3294.12,80114.4,59782.47
107437,5014179,Closed,-1402,0,12917.02,114637.76,10988.42
104711,5014180,Closed,-912,0,4967.39,15497.66,26059.22
101810,5014181,Closed,-638,0,5092.34,73883.94,29937.41
100710,5014182,Active,-2571,0,1844.21,64827.82,19220.08
101696,5014183,Active,-2453,0,832.76,323653.52,306874.9
108273,5014184,Closed,-2830,0,10003.13,256510.56,65546.5
106359,5014185,Closed,-249,0,2246.93,233234.11,11225.22
104851,5014186,Closed,-2655,0,1518.91,1055004.96,28825.54
109934,5014187,Active,-2064,0,18639.54,81623.07,51648.26
103478,5014188,Closed,-1035,0,2315.02,205711.77,56775.7
100727,5014189,Closed,-805,0,8021.08,262545.71,66868.31
100791,5014190,Closed,-1030,0,3648.01,579243.68,71718.32
106559,5014191,Closed,-2890,0,402.06,143489.88,211708.0
102816,5014192,Closed,-2164,0,1628.55,68928.9,93719.43
103760,5014193,Closed,-225,0,1945.51,2816.81,117613.49
108180,5014194,Active,-2216,0,1106.41,64740.65,1804.29
106805,5014195,Closed,-2882,0,4081.31,688719.43,43502.59
201090,5014196,Active,-1720,10,2960.45,1008285.87,177776.92
200686,5014197,Closed,-2989,0,9498.47,2173.88,221629.95
100563,5014198,Closed,-915,0,7343.23,104596.9,34756.55
100056,5014199,Active,-1639,0,2895.6,518930.99,5281.78
108488,5014200,Active,-1134,0,672.91,137128.08,348724.4
105132,5014201,Active,-2354,0,549.67,143257.85,17614.56
106398,5014202,Active,-2017,0,867.54,94337.64,11310.67
200433,5014203,Closed,-319,0,4985.15,172868.87,70930.35
100208,5014204,Closed,-617,0,908.93,201391.74,102378.14
105260,5014205,Closed,-1197,0,6720.69,86618.77,19957.14
108661,5014206,Active,-1119,0,8067.64,541702.59,282630.45
201799,5014207,Active,-1004,0,6259.45,666484.62,50217.83
101708,5014208,Closed,-1381,0,76.79,48466.56,55730.4
109551,5014209,Closed,-1768,0,9264.47,635762.58,145289.02
200753,5014210,Closed,-2337,0,3327.81,71170.4,19424.22
106784,5014211,Active,-1386,0,16660.72,298887.18,109884.51
107416,5014212,Active,-1854,0,301.76,19439.56,15146.54
108978,5014213,Active,-526,0,4413.0,566948.08,55279.15
100697,5014214,Closed,-2789,30,1073.82,191234.97,48590.0
108093,5014215,Closed,-491,30,1618.74,190093.56,44155.03
104977,5014216,Closed,-1430,0,719.24,203941.44,95923.43
105746,5014217,Closed,-1409,10,706.62,351428.54,23418.3
201382,5014218,Closed,-1783,0,3273.02,210281.53,59510.61
102222,5014219,Active,-805,0,714.97,97589.54,117638.86
201752,5014220,Closed,-920,0,2005.63,54849.57,99414.24
103792,5014221,Active,-2698,0,2137.69,43885.66,144509.08
106433,5014222,Active,-1047,0,23060.85,189772.04,16015.72
107785,5014223,Closed,-657,30,3989.33,110455.8,662.59
108368,5014224,Closed,-2297,0,9998.74,716449.87,5506.43
108057,5014225,Active,-314,0,8124.55,20408.76,213077.45
109348,5014226,Closed,-2171,0,748.82,17271.95,1028.46
103550,5014227,Closed,-906,0,2412.46,289059.84,15563.03
101181,5014228,Active,-2637,0,1293.13,9372.14,89816.77
106371,5014229,Closed,-2327,0,552.78,93889.49,233353.81
201628,5014230,Closed,-554,0,2782.99,80963.94,75721.76
103069,5014231,Closed,-1109,0,2864.95,380456.18,146747.17
107845,5014232,Active,-231,0,3977.47,206352.73,30499.09
104441,5014233,Closed,-1155,0,1079.59,294233.68,3855.16
105603,5014234,Active,-233,0,871.08,739117.62,28400.74
100607,5014235,Closed,-1485,0,6748.55,504900.23,32158.67
105030,5014236,Closed,-1489,0,392.77,11543.1,8543.67
109172,5014237,Closed,-1124,0,1123.2,130815.1,59656.7
200680,5014238,Closed,-1909,0,4196.72,691.53,4561.59
200036,5014239,Closed,-1765,0,7462.17,52316.64,4654.45
107912,5014240,Closed,-2836,0,3746.55,112269.59,25266.15
106241,5014241,Active,-249,0,9531.44,167144.64,56337.97
107838,5014242,Active,-427,0,1004.23,780194.62,15390.35
101276,5014243,Closed,-1236,10,21588.17,4607.75,93453.32
104088,5014244,Active,-2847,0,6769.17,3846.46,379871.32
102276,5014245,Closed,-281,0,20862.88,175088.65,71240.13
201853,5014246,Closed,-1157,0,3793.36,316348.3,52595.3
201487,5014247,Closed,-1245,0,6566.01,941515.34,241196.41
105806,5014248,Closed,-1041,0,7449.83,192583.34,21594.14
104007,5014249,Closed,-2231,0,279.79,2918.05,65218.79
101749,5014250,Active,-2873,0,9567.49,24679.18,266690.15
201382,5014251,Closed,-1943,0,2531.97,42787.73,38134.36
200641,5014252,Closed,-2004,0,3292.17,346154.66,41487.92
108334,5014253,Closed,-871,0,1667.4,26268.03,54969.1
105439,5014254,Active,-1740,0,2323.98,69624.94,1614.88
106400,5014255,Closed,-2247,0,6558.23,368037.82,25282.66
107142,5014256,Closed,-2076,0,5148.31,140513.28,97971.5
106369,5014257,Active,-1689,0,1487.82,192759.23,41445.94
107799,5014258,Active,-2539,10,6714.3,289271.52,3307.35
109494,5014259,Active,-2898,0,8764.04,194279.09,22385.2
100439,5014260,Active,-2974,0,8570.01,122902.36,107058.09
103748,5014261,Closed,-2305,10,4390.8,43504.15,3971.3
107217,5014262,Active,-2912,0,662.67,310778.75,47563.37
100655,5014263,Closed,-1314,0,444.77,475411.17,30428.51
108879,5014264,Closed,-2470,0,483.17,166822.98,137677.01
103590,5014265,Active,-853,0,2304.31,515158.31,107352.84
104149,5014266,Closed,-809,0,1061.97,90784.82,92514.99
201069,5014267,Closed,-1790,0,5835.56,183320.68,107252.26
109487,5014268,Closed,-2800,0,594.04,39814.77,7685.93
107495,5014269,Closed,-2085,0,4236.48,54402.15,133607.14
107319,5014270,Closed,-2914,0,23963.21,22328.74,6879.62
201589,5014271,Closed,-489,30,16303.74,296529.5,25537.19
104729,5014272,Closed,-1481,0,33.98,94285.82,57865.64
101360,5014273,Closed,-45,0,2126.12,107344.59,26708.59
106663,5014274,Closed,-1197,0,7917.13,105189.0,24393.68
104429,5014275,Active,-203,0,8119.68,351051.27,110005.79
201478,5014276,Closed,-1879,0,8041.71,72073.55,8603.67
201640,5014277,Closed,-689,0,4578.46,517599.88,209170.87
104032,5014278,Active,-798,0,21477.47,128100.02,23274.73
101070,5014279,Active,-245,0,6175.74,10775.04,96823.37
109150,5014280,Closed,-378,0,8767.28,22276.03,7492.51
201575,5014281,Active,-1318,30,3866.72,189849.01,66711.39
105198,5014282,Active,-2154,0,6879.48,17670.47,414151.91
100417,5014283,Closed,-218,0,21288.31,106341.06,176881.44
102327,5014284,Active,-1452,0,11727.43,222806.19,9330.09
105521,5014285,Closed,-2107,0,2309.89,424864.9,255.25
201772,5014286,Closed,-25,0,10940.55,199389.82,3637.94
101743,5014287,Closed,-18,0,6062.64,235485.27,119908.55
201553,5014288,Closed,-556,0,1701.97,174410.4,8.8
106269,5014289,Closed,-1835,0,13993.71,103697.06,210450.09
106085,5014290,Closed,-364,0,2601.26,16341.12,22893.48
104547,5014291,Closed,-1859,0,2795.2,452044.93,1142.31
200106,5014292,Closed,-2246,0,8863.65,62381.8,128611.35
106573,5014293,Active,-1681,0,8006.62,535129.15,7262.67
100590,5014294,Closed,-1592,0,4955.05,44331.27,80935.04
105858,5014295,Active,-137,0,1036.38,513892.51,23569.44
107108,5014296,Closed,-1446,0,14292.97,399885.67,135212.45
106636,5014297,Closed,-949,0,583.8,76680.25,39864.98
100914,5014298,Closed,-2960,0,12662.9,373908.6,18734.89
100306,5014299,Closed,-594,0,14828.93,15619.0,49863.47
103704,5014300,Active,-2719,0,647.34,223018.7,6896.02
103975,5014301,Closed,-1256,0,3358.91,272762.21,118363.35
103762,5014302,Closed,-1794,0,2286.51,404028.13,71644.85
105234,5014303,Closed,-2340,0,1368.86,24707.48,118693.73
102280,5014304,Closed,-2973,0,8021.48,814969.06,72484.64
100864,5014305,Closed,-1804,0,3092.23,166071.27,55368.77
101979,5014306,Closed,-106,0,12230.92,139312.57,25909.79
105123,5014307,Active,-1133,0,17.57,37119.31,113220.85
200784,5014308,Closed,-1507,0,2773.68,228968.0,23404.08
104291,5014309,Closed,-66,0,1508.66,136158.41,208029.62
102935,5014310,Closed,-2533,0,10267.0,149582.15,63718.64
105704,5014311,Closed,-1099,0,5639.76,215253.44,20171.5
101816,5014312,Closed,-2950,0,7550.89,248370.19,16650.98
200366,5014313,Active,-319,0,2825.07,280843.89,86111.69
109430,5014314,Closed,-2816,0,2376.38,20275.2,5436.13
108816,5014315,Closed,-2445,0,4996.61,54244.49,82834.08
104758,5014316,Active,-2761,0,3962.42,53964.44,30099.34
102410,5014317,Closed,-919,0,1178.61,22259.55,45172.45
105669,5014318,Closed,-2265,0,157.21,83830.43,100039.86
104414,5014319,Closed,-2832,0,929.78,260693.19,19818.99
100587,5014320,Closed,-2859,0,17.02,75415.88,147508.76
105724,5014321,Active,-103,0,2592.19,358179.4,19027.44
105870,5014322,Closed,-1632,0,2341.67,108838.5,49306.85
103326,5014323,Closed,-276,0,59.68,152568.64,945.18
103295,5014324,Closed,-2611,0,2127.82,61255.2,64250.44
103325,5014325,Active,-2858,0,839.31,473115.36,105381.98
109966,5014326,Active,-1045,0,10528.56,85218.77,24816.3
102851,5014327,Active,-347,0,1132.53,44007.52,27414.38
101041,5014328,Closed,-1171,0,5889.16,415910.1,144046.2
200319,5014329,Closed,-2913,0,5238.03,192028.28,8054.44
101124,5014330,Closed,-2058,0,5488.59,858.35,347471.72
108900,5014331,Active,-2732,0,479.59,983862.82,163401.41
102119,5014332,Closed,-2506,0,2507.42,536538.49,109388.7
104051,5014333,Active,-2609,0,4896.59,837410.43,63851.91
104808,5014334,Closed,-199,0,1136.96,83175.56,102929.05
108913,5014335,Closed,-34,0,5712.12,156216.4,20569.25
107788,5014336,Closed,-1088,0,1692.42,70615.87,119421.62
102996,5014337,Closed,-2562,0,12615.47,187974.11,29901.75
109184,5014338,Closed,-2310,0,2815.26,214088.56,43582.26
101857,5014339,Closed,-300,0,2852.61,74920.33,5980.23
102338,5014340,Closed,-111,0,4298.17,200466.43,192258.26
100869,5014341,Closed,-1419,0,1949.61,169293.78,13398.42
200506,5014342,Closed,-2187,0,3644.55,255257.76,12566.44
109879,5014343,Closed,-765,0,6918.76,592816.99,439417.08
201538,5014344,Active,-660,0,1553.91,71240.27,32516.78
102084,5014345,Active,-2264,0,1894.29,152526.94,44512.1
200254,5014346,Active,-1368,0,1488.53,238217.3,6022.89
107491,5014347,Closed,-2841,10,5949.33,807250.22,229563.93
100098,5014348,Active,-2796,0,1784.11,52.37,63973.54
108613,5014349,Active,-2028,0,3800.52,2154.63,161136.9
105387,5014350,Closed,-212,0,17284.89,23888.13,97524.63
200674,5014351,Closed,-1102,0,1377.54,112702.57,10240.77
106619,5014352,Closed,-1224,0,2270.47,103339.22,35379.7
109670,5014353,Closed,-2206,0,5563.15,243443.13,158799.96
108971,5014354,Closed,-1227,0,5314.28,59420.04,136818.14
106756,5014355,Active,-2106,0,2401.79,390192.54,30056.54
109148,5014356,Closed,-2516,0,8402.72,695703.53,116284.17
100091,5014357,Closed,-2147,0,438.74,122055.91,238330.36
106173,5014358,Closed,-2273,0,236.15,105413.85,28498.54
106114,5014359,Closed,-1518,0,8665.73,124162.14,7149.2
106527,5014360,Closed,-489,0,610.77,152756.18,74905.87
200903,5014361,Active,-653,0,3117.08,231265.95,155952.23
200190,5014362,Closed,-690,0,596.57,293708.91,92818.98
201097,5014363,Closed,-1312,0,2162.58,96905.53,297312.06
104141,5014364,Closed,-1854,0,1463.15,86241.49,120722.65
107587,5014365,Closed,-1675,0,573.03,256126.71,33774.13
107282,5014366,Closed,-2856,0,393.89,300833.2,64085.83
102709,5014367,Closed,-180,0,7637.94,23815.37,40380.07
107819,5014368,Closed,-325,0,1773.45,568849.45,63389.6
105368,5014369,Active,-944,0,10330.7,235564.55,94690.6
102335,5014370,Closed,-586,0,7570.25,69924.3,15508.28
109311,5014371,Closed,-2122,0,492.02,113998.98,13632.66
109088,5014372,Closed,-2718,0,1198.83,13747.17,68872.0
107805,5014373,Closed,-1041,0,1740.85,58957.48,175401.38
200003,5014374,Closed,-1339,0,23.43,78450.79,17599.88
201828,5014375,Active,-1101,30,482.52,44999.06,15172.95
106848,5014376,Closed,-2782,0,4427.4,4479.62,63970.74
109357,5014377,Active,-1396,0,4577.44,626936.0,7730.7
102667,5014378,Closed,-455,0,9337.76,254897.5,35231.55
200711,5014379,Active,-2859,0,2893.97,541237.72,37991.58
106685,5014380,Closed,-1567,0,1010.93,192700.88,114784.71
101204,5014381,Active,-340,0,708.02,403075.87,47.29
200564,5014382,Active,-2690,0,1407.22,379348.34,7885.18
107214,5014383,Closed,-647,0,3100.75,282647.32,28557.18
103084,5014384,Closed,-1720,0,3358.95,662120.45,67963.58
106266,5014385,Active,-1182,0,9118.44,17958.1,127182.89
106339,5014386,Closed,-2356,0,4474.46,298055.98,12489.35
101680,5014387,Closed,-2822,0,9741.81,37100.0,165266.5
103585,5014388,Closed,-34,0,7133.45,310477.34,12277.41
105118,5014389,Active,-1097,0,247.24,22955.03,54437.14
103087,5014390,Closed,-1853,0,6363.57,122873.11,98735.04
101158,5014391,Active,-1416,0,1805.85,279131.45,34934.37
201773,5014392,Active,-1686,0,4915.82,1156430.07,7124.19
105771,5014393,Closed,-1700,0,1026.32,212960.69,106287.77
104538,5014394,Closed,-1127,0,3416.49,59212.48,380103.34
105421,5014395,Closed,-1261,0,6440.92,278430.86,88839.11
104645,5014396,Closed,-1740,0,5650.05,538327.16,64148.08
107084,5014397,Active,-2807,0,16391.41,207031.85,76621.79
200521,5014398,Active,-2359,0,33293.22,218838.92,6655.92
102116,5014399,Closed,-562,0,1477.43,325447.53,117205.18
100053,5014400,Closed,-2879,0,1159.95,114010.33,8175.55
102298,5014401,Closed,-1675,0,3762.38,397074.9,133118.43
109180,5014402,Closed,-158,0,551.74,47173.77,14574.55
200063,5014403,Closed,-628,0,3378.39,28106.27,170339.08
108348,5014404,Closed,-2820,0,1875.27,33783.47,262673.81
105067,5014405,Active,-1443,0,6672.71,190134.86,232835.44
104130,5014406,Closed,-581,0,1148.05,109876.5,64784.57
200946,5014407,Closed,-2142,0,6.98,395237.29,135667.31
108702,5014408,Closed,-1635,0,3725.18,54148.23,40502.69
105157,5014409,Active,-1976,0,1909.59,314128.11,40898.37
104345,5014410,Closed,-833,10,701.99,149422.95,24026.81
102554,5014411,Closed,-2398,0,5855.55,98570.6,393478.47
107653,5014412,Closed,-1151,0,2051.7,263410.99,63782.51
100743,5014413,Closed,-1516,0,6517.36,545398.33,13464.21
200097,5014414,Closed,-2662,30,3232.69,427820.61,60731.31
108608,5014415,Closed,-1330,0,588.77,137937.25,552075.61
104303,5014416,Active,-214,0,501.79,236945.7,58795.33
200638,5014417,Closed,-1850,0,1281.53,399590.35,213709.43
200059,5014418,Active,-2398,0,175.34,67149.14,62084.86
101681,5014419,Closed,-577,0,2366.33,215002.42,75773.46
102237,5014420,Closed,-16,0,8088.7,271964.82,76226.44
200309,5014421,Closed,-505,0,254.12,176395.64,164384.17
107735,5014422,Active,-1440,0,1837.14,15717.1,6074.28
200934,5014423,Closed,-1004,10,4481.77,127885.42,107313.72
104985,5014424,Closed,-2887,0,217.85,40243.17,100196.61
108145,5014425,Active,-2134,0,2460.24,97883.06,84563.76
201341,5014426,Closed,-1020,0,14063.06,101003.02,31907.88
201267,5014427,Closed,-2617,0,2769.02,302503.76,24664.71
108294,5014428,Closed,-2398,0,21832.77,20999.22,70113.02
100108,5014429,Closed,-2049,0,6136.53,412764.72,40701.1
200215,5014430,Active,-756,0,4189.37,356060.96,77640.02
108507,5014431,Active,-1788,0,11031.01,81581.84,46849.82
201253,5014432,Closed,-2276,0,932.34,51230.9,122646.01
108662,5014433,Closed,-1268,10,6770.17,589834.36,328810.07
109104,5014434,Active,-2460,0,1780.37,287012.85,60862.33
100715,5014435,Closed,-1545,0,5333.95,58183.45,232758.07
101236,5014436,Closed,-2568,0,7352.97,7983.65,22700.58
100861,5014437,Active,-2509,0,7200.0,646930.52,48234.26
104355,5014438,Closed,-1776,0,3716.06,166773.31,99214.82
100243,5014439,Closed,-2645,0,689.56,278478.24,20496.68
107933,5014440,Active,-1817,0,2060.6,922954.96,46018.17
106826,5014441,Active,-987,0,10959.48,154359.3,168655.9
106055,5014442,Closed,-941,0,6232.77,228520.37,22705.85
106495,5014443,Closed,-1707,0,3359.18,127209.42,24001.28
101596,5014444,Active,-1385,0,6595.3,137620.43,25720.4
109896,5014445,Closed,-835,0,712.15,81023.49,113614.5
105234,5014446,Closed,-2808,0,1391.91,527463.65,26492.38
104135,5014447,Closed,-2817,0,25340.69,94382.28,253231.69
107188,5014448,Closed,-1544,0,12346.2,189647.4,115257.88
105018,5014449,Closed,-1062,0,10265.79,141905.33,189686.84
100077,5014450,Active,-995,0,4193.76,300204.36,33844.23
101314,5014451,Active,-1343,0,3384.35,95279.97,42271.95
108405,5014452,Closed,-1810,0,9045.58,128270.99,93657.86
201296,5014453,Active,-1186,0,1023.13,54245.21,91634.62
100328,5014454,Closed,-2261,0,2771.59,24112.74,234264.87
102800,5014455,Active,-139,0,3917.98,50554.54,28853.57
101664,5014456,Closed,-2465,0,3154.52,37814.48,90403.41
108322,5014457,Closed,-1866,0,2385.47,9302.71,50448.71
104628,5014458,Active,-2351,0,5420.42,326360.15,27143.26
105652,5014459,Closed,-1299,0,516.5,435204.73,50755.46
201986,5014460,Active,-48,10,4225.46,82598.33,37546.85
102530,5014461,Closed,-2381,0,326.67,483773.1,15512.5
107910,5014462,Closed,-2921,0,4003.03,4528.71,242373.44
101950,5014463,Closed,-2980,0,3358.94,86270.12,164835.97
104197,5014464,Closed,-691,0,4198.21,35409.6,26302.86
105472,5014465,Active,-1572,0,92.05,63837.64,282248.42
200457,5014466,Closed,-1941,0,954.53,195278.49,8984.5
101835,5014467,Closed,-2250,30,227.69,235090.26,107814.56
108371,5014468,Closed,-2011,0,16775.27,21573.03,174405.79
103604,5014469,Closed,-2823,0,15809.44,45648.61,48078.0
200020,5014470,Closed,-1203,0,3520.17,172908.59,20977.22
104777,5014471,Closed,-1891,0,3794.39,145624.45,160983.26
200951,5014472,Closed,-1681,0,9802.6,124663.3,85609.25
102190,5014473,Closed,-1708,10,2772.07,304837.01,5929.21
105741,5014474,Active,-450,0,2566.61,127951.69,30221.1
200080,5014475,Active,-393,0,2889.37,554486.29,56286.7
101816,5014476,Active,-1347,0,1308.22,9780.84,173160.91
101250,5014477,Closed,-1284,0,2454.48,5519.88,15898.62
201465,5014478,Closed,-833,0,6748.55,247066.54,17491.39
109038,5014479,Closed,-1409,0,4053.82,96089.52,15430.3
201576,5014480,Active,-949,0,9155.76,31151.19,156622.36
103931,5014481,Closed,-2625,0,6182.9,16219.55,139414.1
200788,5014482,Active,-2505,0,590.19,80348.23,19469.31
102415,5014483,Active,-2118,0,6353.7,59142.0,160241.04
107617,5014484,Closed,-782,0,1637.48,188973.83,158013.2
200260,5014485,Closed,-491,0,9573.22,210224.21,85456.11
100768,5014486,Closed,-925,0,3751.74,219823.89,139803.26
200441,5014487,Active,-2629,0,6359.24,1188993.37,11206.29
102076,5014488,Active,-2697,0,3507.36,749718.42,48916.5
106991,5014489,Active,-1305,0,1334.31,206757.48,9585.98
201748,5014490,Closed,-1196,0,8828.69,42108.78,55764.79
200039,5014491,Closed,-516,10,3338.02,161698.82,126120.2
108753,5014492,Active,-1165,0,4007.45,15009.86,22395.93
109913,5014493,Closed,-1946,0,7334.4,561321.16,133321.57
103447,5014494,Active,-646,0,13052.07,82380.39,1321.18
104421,5014495,Closed,-1660,0,4549.04,61067.24,132360.33
106269,5014496,Active,-256,0,7455.68,220028.14,100404.18
103011,5014497,Active,-2181,0,2690.17,143502.43,64402.13
105003,5014498,Closed,-2496,0,4445.91,171747.58,94025.78
108691,5014499,Active,-2794,0,1720.65,282482.19,82797.36
100740,5014500,Closed,-1784,0,3799.93,49636.41,132076.65
107273,5014501,Closed,-2146,0,4051.64,345302.82,68249.68
107612,5014502,Closed,-180,0,1166.48,168466.69,69387.52
100846,5014503,Closed,-2207,0,728.41,242873.04,221986.8
107198,5014504,Closed,-2392,10,10410.83,34929.02,65031.66
104028,5014505,Active,-2802,0,22032.22,55403.99,36621.9
101489,5014506,Closed,-285,0,7635.71,25757.99,23560.32
104823,5014507,Closed,-2017,0,3686.08,65910.75,5071.34
101104,5014508,Active,-1691,0,15868.32,50119.48,4379.02
200440,5014509,Closed,-574,0,11639.98,51702.68,96088.09
109018,5014510,Closed,-2626,0,691.67,645424.08,1751.02
106187,5014511,Closed,-2280,0,9233.15,65232.73,44267.99
105288,5014512,Closed,-233,0,5309.24,787555.93,87245.07
101944,5014513,Closed,-1330,0,2591.15,4163.23,715352.45
103727,5014514,Closed,-603,0,149.36,21623.61,28783.59
106074,5014515,Active,-442,0,2573.91,50942.24,66364.72
106073,5014516,Closed,-165,0,1453.83,270860.64,52201.27
107616,5014517,Active,-531,30,4674.33,579284.01,18105.26
104668,5014518,Closed,-1351,0,2172.45,54343.8,6396.37
200820,5014519,Closed,-1216,0,2012.46,834235.94,141196.5
107563,5014520,Active,-2464,0,836.01,406494.4,39846.19
105411,5014521,Closed,-1986,0,1002.87,97982.79,47382.68
106905,5014522,Closed,-1735,0,4467.7,65240.06,176640.25
107453,5014523,Active,-1539,0,2056.67,835764.25,68933.99
101840,5014524,Closed,-1628,30,3316.99,127980.67,94258.22
104416,5014525,Closed,-2793,0,5065.33,19173.98,205339.94
100292,5014526,Active,-128,0,17409.81,103328.83,42778.77
100891,5014527,Active,-2006,0,5743.56,388197.23,275456.45
107293,5014528,Closed,-2430,0,7919.29,3860.56,113901.33
105900,5014529,Active,-2476,0,6006.37,840.61,92880.42
104850,5014530,Closed,-2518,0,478.11,195838.13,26160.18
105776,5014531,Closed,-1819,0,1065.07,491437.96,58124.53
105222,5014532,Closed,-1056,0,8920.03,127356.93,2922.98
107116,5014533,Active,-243,0,676.24,44166.14,17526.78
102132,5014534,Closed,-2674,0,8113.79,25960.63,157668.7
103970,5014535,Active,-571,0,1550.61,204916.95,103483.32
107526,5014536,Closed,-1397,0,6611.27,541263.44,73562.44
103669,5014537,Closed,-1773,0,7926.88,107685.88,67108.34
109540,5014538,Closed,-2969,0,391.42,264613.97,135464.13
100000,5014539,Closed,-970,10,2601.28,181186.66,55818.79
100318,5014540,Active,-580,0,703.61,77973.5,100919.55
105404,5014541,Closed,-2783,0,311.75,285881.6,121481.67
105020,5014542,Closed,-749,0,18983.43,29282.68,248.47
101095,5014543,Active,-1878,0,1299.18,141298.7,28935.62
201521,5014544,Active,-1788,0,898.82,181418.77,107000.64
103127,5014545,Closed,-1953,0,3415.4,95350.38,67211.38
201693,5014546,Closed,-729,0,5040.32,274029.99,116117.47
100717,5014547,Closed,-18,0,11121.8,231477.75,68005.13
103789,5014548,Closed,-2742,0,3383.75,60200.44,125366.83
104051,5014549,Closed,-1433,0,451.89,405801.05,47769.75
102940,5014550,Active,-1689,0,2421.04,14674.92,4709.42
109070,5014551,Closed,-2085,0,10413.36,238109.6,73086.41
103396,5014552,Active,-282,0,875.34,66525.73,203361.0
101069,5014553,Closed,-826,0,883.99,226002.65,38547.68
100611,5014554,Active,-2800,0,511.54,28853.22,6919.45
102808,5014555,Closed,-1236,0,1686.85,602493.29,58877.37
107130,5014556,Active,-401,0,45.02,530874.91,45401.82
201275,5014557,Closed,-131,0,5812.67,38845.5,48970.43
101405,5014558,Closed,-267,0,3826.51,132878.77,69264.73
201940,5014559,Active,-691,0,4723.06,8515.94,25528.9
109959,5014560,Closed,-1729,0,3138.15,72427.65,184902.82
104917,5014561,Closed,-2661,0,4373.04,616687.87,101967.38
101612,5014562,Active,-1917,0,4023.52,16157.41,31604.88
101852,5014563,Closed,-2400,0,599.57,78208.45,32997.75
105939,5014564,Closed,-102,0,2727.46,218171.09,217787.73
106662,5014565,Active,-2802,0,4210.15,278757.05,70303.63
105098,5014566,Closed,-1370,0,9808.43,2076.79,41638.44
109074,5014567,Closed,-2912,0,944.64,110524.39,17022.04
106640,5014568,Active,-2631,0,7766.62,14120.77,199771.56
100063,5014569,Closed,-87,0,11493.21,58063.19,31474.82
200205,5014570,Active,-2619,0,4045.47,366268.47,59342.1
101131,5014571,Closed,-2888,0,2495.75,322281.84,62129.06
104356,5014572,Closed,-937,0,4338.93,890634.57,22682.9
103131,5014573,Closed,-1755,0,3606.62,136374.59,13461.33
106894,5014574,Closed,-2626,0,8611.04,167319.93,137593.28
107076,5014575,Active,-928,0,1926.98,32065.24,26172.09
102395,5014576,Active,-2508,0,1416.35,125718.01,81135.66
103112,5014577,Closed,-1174,0,15450.85,312395.47,53350.78
200402,5014578,Closed,-2911,0,4798.07,195782.7,5311.74
108044,5014579,Closed,-239,0,13007.61,105817.35,18002.19
104210,5014580,Active,-28,0,17215.47,66984.79,67868.82
105079,5014581,Closed,-454,0,50.62,322423.99,141471.95
201713,5014582,Closed,-2923,0,6056.53,153137.89,12309.66
100864,5014583,Closed,-233,0,3680.58,368975.67,18864.5
108996,5014584,Closed,-1253,0,1517.53,193220.94,33416.69
103716,5014585,Closed,-1786,0,4508.59,686448.44,37203.23
102660,5014586,Active,-92,0,7992.42,69903.3,28403.56
200149,5014587,Active,-851,0,2500.4,107641.81,224104.6
200697,5014588,Active,-2099,0,8810.81,53185.47,108757.74
108407,5014589,Closed,-1908,0,3694.3,222.39,16857.27
200972,5014590,Active,-855,0,8219.92,342215.69,26169.98
102421,5014591,Closed,-2180,0,5220.36,196881.82,128036.15
109257,5014592,Closed,-162,0,3135.99,232013.38,57511.32
100267,5014593,Closed,-25,0,2007.83,87005.41,70044.57
201360,5014594,Active,-1140,0,5356.49,30534.25,15915.64
201104,5014595,Active,-549,0,3686.86,258105.41,32291.46
201328,5014596,Closed,-2928,0,4152.96,141239.69,47660.87
102360,5014597,Closed,-2568,0,4261.85,179757.56,95396.41
106849,5014598,Closed,-1247,0,8458.7,119478.25,243841.62
105950,5014599,Active,-2734,0,2760.79,278260.61,29785.19
104706,5014600,Closed,-2578,0,2304.84,142081.43,170499.7
103122,5014601,Closed,-1225,0,1034.08,262084.73,89523.43
201869,5014602,Closed,-963,0,6881.61,72507.44,119256.56
103945,5014603,Closed,-1877,0,678.22,161202.88,42160.89
107231,5014604,Closed,-2109,0,1515.12,141056.1,34222.82
200915,5014605,Closed,-2654,0,434.07,344899.02,83306.05
105064,5014606,Active,-2038,0,2028.55,71782.56,23373.55
109195,5014607,Closed,-613,0,2236.01,27895.06,17158.07
201970,5014608,Closed,-2135,0,162.92,544042.33,2471.96
102689,5014609,Closed,-652,0,4152.15,553848.62,253159.35
108436,5014610,Active,-2130,0,10491.0,321489.11,96608.65
104841,5014611,Closed,-696,0,195.62,45173.56,344959.73
200391,5014612,Closed,-504,0,2001.3,6486.59,17663.38
105919,5014613,Active,-447,0,8274.83,18495.8,71393.46
101405,5014614,Closed,-990,0,2180.26,8719.9,29832.53
200514,5014615,Closed,-908,0,2095.83,36729.28,54210.38
200459,5014616,Closed,-793,0,4827.25,140649.74,56851.45
107856,5014617,Active,-1277,0,377.42,65273.89,180610.75
106106,5014618,Active,-533,0,6870.34,35447.48,237982.93
200166,5014619,Closed,-1255,0,55.23,4069.5,123747.48
104767,5014620,Active,-2098,0,7894.26,2274.17,40832.58
108844,5014621,Closed,-1160,0,312.62,133965.46,33679.74
103814,5014622,Active,-2311,0,7640.88,187961.97,48812.03
106840,5014623,Closed,-788,0,23369.78,94811.26,71657.46
109849,5014624,Closed,-169,0,9288.57,27430.02,54674.52
107046,5014625,Active,-2734,0,3432.56,33176.41,42643.84
200253,5014626,Active,-1682,0,1761.86,3960.05,95432.4
102484,5014627,Closed,-212,0,5415.13,224668.36,19141.84
102722,5014628,Closed,-1817,0,520.12,21650.46,98989.8
109748,5014629,Active,-2897,0,1573.4,28772.17,274562.99
201559,5014630,Closed,-2165,0,12089.41,1488.33,20244.44
100855,5014631,Active,-186,0,2021.9,242640.88,19099.72
105910,5014632,Closed,-1650,0,5600.63,98420.67,12347.07
104655,5014633,Active,-982,0,3664.46,440381.33,22933.61
108050,5014634,Closed,-2741,0,3566.13,195710.01,91768.65
107624,5014635,Active,-660,0,81.99,12608.66,14101.46
104063,5014636,Active,-534,0,6604.17,394069.92,98826.51
108851,5014637,Active,-1121,0,44.98,478569.36,122179.33
108256,5014638,Closed,-1425,0,5652.77,298548.3,5167.69
107231,5014639,Active,-2139,0,6765.24,303632.73,144708.1
106358,5014640,Closed,-1967,30,2944.92,68692.47,144180.56
108635,5014641,Closed,-1204,0,2395.36,70626.4,85194.77
106959,5014642,Active,-919,0,1101.12,316216.42,176794.42
105749,5014643,Closed,-2003,0,8224.1,120581.21,131324.73
100438,5014644,Active,-1440,0,4417.4,156731.37,58177.21
100187,5014645,Closed,-466,0,10651.32,11965.16,16990.13
108137,5014646,Closed,-2962,0,3004.45,2920.59,40969.0
200514,5014647,Closed,-1269,0,10759.18,236125.68,72256.79
201870,5014648,Closed,-1830,0,261.0,120008.18,3937.37
109991,5014649,Closed,-2700,0,6017.68,143582.43,41113.98
108580,5014650,Active,-2686,0,3473.69,6570.02,145593.3
105384,5014651,Active,-122,0,872.57,59165.48,73382.91
103695,5014652,Active,-1953,0,5658.35,396618.12,53883.63
108329,5014653,Active,-51,0,3883.5,509993.4,76686.68
105673,5014654,Closed,-79,0,2407.39,110817.46,21159.22
101648,5014655,Closed,-2709,0,6836.56,14164.3,12040.93
109655,5014656,Closed,-259,0,2347.28,547045.02,59730.29
107715,5014657,Closed,-1422,0,4299.28,325929.58,235182.38
105737,5014658,Closed,-2232,0,10939.42,183087.22,67314.64
104544,5014659,Active,-2994,0,1182.07,59912.81,117441.67
101651,5014660,Closed,-737,0,1242.36,229834.42,289940.45
104475,5014661,Closed,-2064,10,41.64,61580.08,9047.08
103522,5014662,Closed,-2396,0,5168.77,57462.08,119933.19
104767,5014663,Active,-1499,0,12382.24,683247.21,82745.28
108271,5014664,Active,-1652,0,5387.73,453006.71,490241.16
106719,5014665,Active,-248,0,1163.99,368205.18,60586.8
107815,5014666,Closed,-1221,0,332.53,7214.79,43908.57
107332,5014667,Closed,-985,0,1551.84,376662.57,410552.68
109446,5014668,Closed,-2927,0,8949.66,276382.01,18.69
103451,5014669,Closed,-500,0,1508.75,280540.99,273795.12
108054,5014670,Closed,-2561,0,112.48,111147.71,75146.88
101765,5014671,Closed,-843,0,2794.74,127735.92,19507.39
104029,5014672,Closed,-1424,0,631.45,51233.88,185245.56
201742,5014673,Closed,-62,0,287.04,68605.75,11016.0
102270,5014674,Closed,-2342,0,1456.5,75266.15,15277.11
104432,5014675,Closed,-1252,0,1348.05,16956.97,52937.55
104452,5014676,Closed,-1039,0,15152.44,20005.72,1212.59
105255,5014677,Active,-330,0,13745.53,110233.89,48569.6
201825,5014678,Closed,-549,0,13141.08,72016.52,77409.61
108585,5014679,Closed,-283,0,7556.5,112401.19,280360.97
103741,5014680,Closed,-2758,0,969.26,279727.36,111584.45
105590,5014681,Closed,-1568,0,7785.71,145415.86,303532.79
103205,5014682,Active,-2762,0,2964.85,83919.97,73562.66
109005,5014683,Closed,-1781,0,6468.34,51237.93,4459.44
106413,5014684,Closed,-1084,0,265.21,246082.16,113680.27
100104,5014685,Closed,-2820,0,2172.54,25516.48,511868.73
101897,5014686,Closed,-2899,0,2906.02,68826.09,25750.2
106896,5014687,Closed,-176,0,7810.86,801523.68,21026.49
101656,5014688,Closed,-445,0,4308.76,94019.73,36867.41
103720,5014689,Closed,-1939,0,29932.3,210698.02,35273.31
106305,5014690,Active,-707,0,15344.82,49752.06,320546.64
104393,5014691,Closed,-1889,0,892.91,8162.05,171093.61
108868,5014692,Active,-2315,0,2092.24,220829.45,60923.47
104834,5014693,Active,-429,0,6600.16,162392.45,29655.35
201721,5014694,Closed,-2465,0,3710.95,47629.37,212281.65
108506,5014695,Active,-2644,0,1585.46,9375.39,164420.54
105500,5014696,Active,-2651,0,1199.56,276593.73,18169.27
106597,5014697,Closed,-1371,0,22936.23,44098.08,171991.14
102106,5014698,Closed,-10,0,2998.56,77360.11,123150.97
106415,5014699,Closed,-133,0,1464.03,74405.77,51146.19
107288,5014700,Closed,-594,0,5755.25,110405.88,122637.86
100813,5014701,Active,-2029,0,12390.57,251399.28,154607.8
108668,5014702,Closed,-3,0,6068.09,399421.84,4143.2
103698,5014703,Closed,-509,0,2501.0,361840.52,60736.0
104793,5014704,Closed,-2754,0,10386.97,18080.95,156375.54
201371,5014705,Closed,-1334,0,3088.11,24395.38,11058.72
108283,5014706,Active,-2937,0,5589.93,26436.91,32704.29
105072,5014707,Closed,-2528,0,6398.15,79650.66,22286.87
109299,5014708,Closed,-1899,0,6629.71,113189.7,41696.56
200301,5014709,Closed,-2313,0,18.14,115256.54,200813.56
102984,5014710,Closed,-2474,0,1392.74,101391.54,73291.8
107014,5014711,Closed,-1902,0,13860.69,241557.94,30728.51
102300,5014712,Closed,-2442,0,26972.28,531959.13,83813.74
101576,5014713,Closed,-2237,0,1557.82,271478.44,20997.78
105130,5014714,Closed,-519,0,21527.22,449747.35,5494.38
200706,5014715,Closed,-2102,0,8227.85,14221.61,59184.55
100009,5014716,Active,-515,0,270.83,88053.35,72313.33
105038,5014717,Active,-1528,0,7789.94,334137.36,22561.07
100997,5014718,Closed,-2547,0,3907.31,306470.8,58314.21
200195,5014719,Closed,-170,0,924.83,44486.82,94005.36
107532,5014720,Closed,-2044,0,2161.34,34062.69,62141.81
201526,5014721,Closed,-1765,0,20614.11,166715.58,129445.26
201451,5014722,Closed,-22,0,571.31,64801.18,15007.68
107033,5014723,Closed,-972,30,5643.64,63641.67,53857.67
108069,5014724,Closed,-2085,0,3196.19,346965.27,50601.24
102092,5014725,Closed,-2649,0,9065.51,28832.89,50455.57
108798,5014726,Closed,-2294,0,5853.26,61719.59,259341.36
106415,5014727,Closed,-1905,0,2488.45,19404.12,84831.84
108481,5014728,Closed,-1485,0,1651.45,128003.51,52819.92
101326,5014729,Closed,-1151,0,1751.4,26043.47,59288.65
100888,5014730,Closed,-265,0,1274.03,127681.88,46146.48
106381,5014731,Closed,-742,0,14276.97,40155.17,25620.21
101103,5014732,Active,-2453,0,380.25,10511.11,43709.19
102309,5014733,Closed,-1727,0,3222.12,59037.17,1113.27
103047,5014734,Active,-2562,0,2335.96,19660.81,220314.24
109727,5014735,Active,-1313,0,26.47,145872.61,5847.37
201187,5014736,Closed,-2060,0,392.85,137279.54,141389.36
201634,5014737,Active,-2613,0,2764.91,209427.57,89638.01
107524,5014738,Closed,-844,0,6939.64,113968.28,108399.75
105325,5014739,Closed,-2950,0,631.29,220227.43,204500.22
104382,5014740,Active,-405,0,4134.6,8916.74,77223.79
104131,5014741,Active,-1641,0,2662.84,217674.79,139228.59
200381,5014742,Closed,-651,0,5149.06,343403.88,31585.78
101321,5014743,Closed,-1694,0,4146.26,241732.25,170171.79
108580,5014744,Closed,-2910,0,5582.4,89535.51,47962.83
103026,5014745,Closed,-1982,0,2066.46,57753.94,200187.24
108708,5014746,Closed,-1240,0,1168.0,77299.44,350516.07
107416,5014747,Closed,-2145,0,3810.65,68865.56,66359.32
200936,5014748,Closed,-701,0,5194.46,607640.65,49861.14
101196,5014749,Closed,-2336,0,2489.14,85760.22,2172.34
105234,5014750,Closed,-1225,0,105.97,147556.04,91352.43
106077,5014751,Closed,-1593,0,356.29,197434.26,61939.54
108491,5014752,Closed,-949,0,2247.59,188745.54,108845.04
101077,5014753,Closed,-2806,0,4912.01,349296.95,122429.95
108756,5014754,Closed,-2838,0,7157.48,8335.11,144599.54
103359,5014755,Closed,-1163,0,10595.73,210572.18,4756.19
201214,5014756,Closed,-2675,0,6040.59,24118.84,156149.57
201985,5014757,Active,-2873,0,5717.26,70717.72,6600.73
102130,5014758,Closed,-479,0,3870.31,260515.79,4231.0
101670,5014759,Closed,-2535,0,4263.87,146159.96,38285.98
101763,5014760,Closed,-418,0,1153.93,187406.4,3510.61
100459,5014761,Closed,-905,0,7427.07,285048.06,10126.78
201120,5014762,Closed,-672,0,2941.0,27610.12,35160.16
101024,5014763,Closed,-2631,0,7503.17,195719.59,86017.05
201768,5014764,Closed,-2616,0,5149.0,290180.22,107430.42
109380,5014765,Active,-2031,0,2507.01,21011.76,44293.34
104472,5014766,Closed,-970,0,1468.13,256322.53,83490.37
102371,5014767,Closed,-2479,0,6223.28,480204.75,44998.23
102406,5014768,Closed,-1815,0,3137.06,205789.62,182377.03
108595,5014769,Closed,-336,0,1103.47,96729.23,20694.79
106409,5014770,Closed,-883,0,1263.96,5576.11,134672.85
100168,5014771,Active,-648,0,3821.86,108372.62,37196.97
104765,5014772,Closed,-496,0,11662.97,329531.6,33331.12
102106,5014773,Closed,-2288,0,2719.66,25428.33,3454.54
107224,5014774,Active,-2960,0,680.75,391464.34,139563.58
107084,5014775,Closed,-2476,0,1661.6,1486.06,62369.91
109309,5014776,Active,-837,0,3614.2,201475.41,222581.88
109688,5014777,Closed,-1717,0,3348.24,655252.95,223335.9
102846,5014778,Closed,-2728,0,5402.51,219737.9,446907.69
201974,5014779,Closed,-268,0,11955.66,188881.42,12077.05
109913,5014780,Closed,-1254,0,436.18,19766.02,18732.42
107794,5014781,Closed,-2034,0,2574.87,841044.8,95374.89
106796,5014782,Closed,-1885,0,2959.19,61007.3,120969.03
100045,5014783,Active,-334,0,3952.31,267509.2,66134.59
101427,5014784,Active,-1577,0,27301.76,314336.01,38595.75
201008,5014785,Active,-294,0,2379.05,54893.79,27984.73
101451,5014786,Closed,-761,0,1310.36,98204.28,10967.74
104840,5014787,Closed,-1906,0,3073.1,172777.04,110477.14
100457,5014788,Closed,-1991,0,7010.46,319662.87,32128.37
200896,5014789,Closed,-195,0,8051.07,221073.63,7008.33
102107,5014790,Closed,-934,0,2108.65,285997.47,173192.53
104218,5014791,Closed,-636,0,3350.04,745750.6,82994.52
201078,5014792,Closed,-483,0,5849.74,358347.7,202264.5
108731,5014793,Closed,-1178,0,8522.16,476831.48,42526.37
103401,5014794,Closed,-2287,0,14340.08,229377.81,546.24
200403,5014795,Closed,-2872,0,4237.56,446810.35,290146.54
108687,5014796,Closed,-311,0,4484.43,648950.46,144536.34
101166,5014797,Closed,-2606,0,6179.08,493837.77,139329.76
106064,5014798,Closed,-42,0,377.39,156625.48,66870.81
201757,5014799,Active,-292,0,3047.11,36139.33,337783.1
101275,5014800,Active,-2016,0,11637.46,4856.96,64965.03
108813,5014801,Closed,-57,0,1528.8,48955.99,4361.08
100228,5014802,Closed,-219,0,4105.52,202928.06,25283.19
105548,5014803,Closed,-1510,0,3839.38,460958.59,77628.28
201716,5014804,Closed,-291,0,7700.36,17735.8,65830.17
103504,5014805,Closed,-1159,0,13197.23,402891.69,58969.55
106792,5014806,Closed,-421,0,4005.16,57073.88,64504.79
109141,5014807,Closed,-2011,0,1495.79,116567.72,9088.45
200953,5014808,Active,-1123,30,12851.63,250946.9,163509.09
105010,5014809,Active,-1115,0,7638.35,6040.42,25085.38
102640,5014810,Closed,-243,0,2200.4,84007.94,34176.93
103344,5014811,Active,-1692,0,4824.19,62144.62,54900.96
200781,5014812,Closed,-1227,0,1558.06,84513.03,37261.81
102800,5014813,Active,-1314,0,6747.5,10000.7,2296.93
201916,5014814,Closed,-1773,0,34.23,129169.96,151537.4
106107,5014815,Closed,-1133,0,3983.03,461062.39,16117.55
104159,5014816,Closed,-2188,0,356.27,5464.8,80374.18
108228,5014817,Closed,-2157,0,6543.11,47495.71,68316.14
105199,5014818,Closed,-1863,0,252.36,16300.46,154063.34
201126,5014819,Closed,-2929,0,11803.98,135632.69,79601.38
106025,5014820,Active,-204,0,524.18,3107.15,47523.36
105594,5014821,Closed,-1898,0,1562.71,33670.42,20762.04
105545,5014822,Closed,-1920,0,1295.31,66242.41,3452.62
100935,5014823,Closed,-2584,0,565.97,803061.03,11650.8
104480,5014824,Closed,-137,0,1857.48,1003.94,55993.88
201628,5014825,Closed,-1968,0,6633.84,1763.62,21610.77
101134,5014826,Closed,-1750,0,4834.27,424536.46,22285.07
101678,5014827,Closed,-2613,0,8147.64,171302.78,266783.63
102892,5014828,Active,-41,0,3047.77,184521.22,172349.94
105407,5014829,Closed,-2420,0,396.57,96033.91,44224.36
103973,5014830,Closed,-2482,0,502.57,47178.29,11758.7
108258,5014831,Active,-884,0,2872.34,1014888.25,61948.15
108197,5014832,Closed,-2982,0,331.28,10730.9,74789.64
100643,5014833,Closed,-2599,10,520.11,145631.58,65756.43
201582,5014834,Closed,-1115,0,3872.13,272344.21,103040.39
201491,5014835,Closed,-2303,0,23.16,14884.49,141543.77
102689,5014836,Closed,-2279,0,1151.9,11354.65,11508.46
107574,5014837,Closed,-1627,0,12345.14,419312.14,7951.66
200253,5014838,Closed,-2045,0,6963.73,311941.13,102352.03
201782,5014839,Active,-1650,0,5417.29,529494.32,35985.03
104496,5014840,Active,-1270,0,13525.08,44172.86,73302.19
108232,5014841,Closed,-2589,0,637.23,332529.31,10523.14
106403,5014842,Closed,-1925,0,1342.43,503896.2,17059.61
201573,5014843,Closed,-379,0,2612.33,70182.57,15502.6
100245,5014844,Active,-459,0,2596.54,385752.9,214798.19
201406,5014845,Active,-164,0,11433.87,204724.57,19905.83
104717,5014846,Closed,-2457,0,5117.09,68419.16,68443.64
105206,5014847,Closed,-425,0,5757.56,96470.14,7398.0
200724,5014848,Active,-132,0,11405.21,52880.51,49581.32
107884,5014849,Active,-1367,0,3052.12,41505.56,54951.9
201702,5014850,Closed,-1945,0,10906.03,85092.05,343247.34
101039,5014851,Closed,-2062,30,1746.83,294850.57,79321.61
109361,5014852,Closed,-1006,0,6658.15,203976.67,13998.66
100229,5014853,Closed,-231,0,5752.89,300567.62,101314.68
201107,5014854,Closed,-2686,0,13933.45,134795.25,11262.45
102857,5014855,Closed,-277,0,3612.63,616535.07,124215.23
101803,5014856,Closed,-95,10,2672.69,369547.69,18056.24
100803,5014857,Closed,-2436,0,3265.63,20235.53,18040.91
104570,5014858,Active,-19,0,856.51,198675.09,15957.73
201875,5014859,Closed,-1799,0,611.54,92761.98,81102.0
106729,5014860,Closed,-1985,0,3086.51,157850.82,68200.88
102539,5014861,Closed,-1157,0,17405.68,223252.77,88641.23
104906,5014862,Active,-679,0,9500.75,52465.16,137196.59
105237,5014863,Closed,-2208,0,8381.11,77278.77,35952.07
105637,5014864,Closed,-1581,0,16493.77,52875.15,28314.02
201669,5014865,Closed,-314,0,10169.45,229830.34,15293.97
105402,5014866,Closed,-2982,0,665.97,311106.27,22670.41
101316,5014867,Active,-519,10,2048.62,11158.18,4959.9
201206,5014868,Closed,-310,10,1722.97,14785.98,79578.46
106277,5014869,Closed,-2763,0,638.36,108507.29,109566.3
106532,5014870,Closed,-198,0,129.86,41718.15,487.6
101391,5014871,Closed,-651,0,14714.1,94313.66,41922.25
101992,5014872,Closed,-2530,0,2277.75,935036.67,75509.07
103100,5014873,Closed,-1713,0,9945.48,329298.47,13507.85
101849,5014874,Closed,-2162,0,8725.1,201088.77,40153.78
104012,5014875,Closed,-2992,0,5531.89,206363.24,16592.42
200696,5014876,Closed,-990,0,1373.32,23802.06,72.93
100450,5014877,Closed,-437,0,3831.93,47875.17,64266.44
100168,5014878,Closed,-2744,0,7738.49,341850.39,33530.3
102886,5014879,Closed,-2199,0,1813.87,245386.63,533.5
201199,5014880,Closed,-1296,0,6568.39,380396.23,9767.81
100512,5014881,Closed,-2617,0,8920.59,9549.61,52.29
104859,5014882,Closed,-2813,0,11199.77,21849.21,194223.4
106491,5014883,Closed,-488,0,9760.63,235862.91,41901.59
101561,5014884,Closed,-38,0,51.76,508019.63,53989.3
201047,5014885,Active,-1665,0,3386.63,10971.62,4587.5
106462,5014886,Closed,-2109,0,1645.74,24429.3,19714.79
103839,5014887,Closed,-740,0,5759.37,163114.07,65445.83
109276,5014888,Active,-496,0,2695.11,262880.36,18091.78
102149,5014889,Active,-2673,0,3864.77,190842.29,39138.12
201552,5014890,Closed,-1793,0,9992.95,160096.19,74092.13
200952,5014891,Closed,-2235,0,18068.95,145563.64,95872.09
100607,5014892,Active,-1641,0,10163.26,405565.95,99900.09
101636,5014893,Closed,-1078,0,6318.62,109910.47,15562.35
107950,5014894,Active,-2499,0,2953.44,198599.73,29721.9
102401,5014895,Closed,-1542,0,479.63,77903.11,80389.51
100051,5014896,Closed,-799,0,984.0,56246.42,31084.62
200865,5014897,Active,-2692,0,2888.21,280918.04,159580.55
100265,5014898,Active,-2011,0,1855.61,6071.79,192926.07
108365,5014899,Closed,-1615,0,3378.53,492563.57,109072.59
109992,5014900,Active,-2459,0,1397.4,305385.86,7684.66
100670,5014901,Active,-2029,0,10423.57,30839.34,84694.16
105580,5014902,Closed,-866,0,5275.59,49689.25,112374.41
105055,5014903,Active,-2210,0,8571.92,262432.58,49052.7
200870,5014904,Active,-1260,0,846.83,6275.43,9377.08
108900,5014905,Closed,-1949,0,5366.74,104190.9,17761.23
106084,5014906,Closed,-2218,0,9779.25,98375.13,6467.17
200319,5014907,Active,-1059,0,9286.32,187625.38,126702.03
102726,5014908,Closed,-1949,0,6371.44,74441.95,28047.12
109310,5014909,Closed,-1971,0,2070.87,62168.11,74635.93
109737,5014910,Active,-2723,0,272.76,95185.85,158439.9
106240,5014911,Closed,-2265,0,1471.58,224120.92,78503.61
100686,5014912,Closed,-2786,0,11031.79,482895.09,41994.3
105761,5014913,Closed,-2559,0,2965.46,66796.03,18773.03
100897,5014914,Closed,-70,0,3524.32,265889.35,8760.65
102909,5014915,Closed,-520,0,1589.31,120612.93,174143.2
108242,5014916,Closed,-439,0,7907.56,305184.33,57255.61
104016,5014917,Closed,-703,0,2684.18,23336.63,362968.33
108758,5014918,Active,-1493,0,878.74,83144.64,28639.98
102348,5014919,Closed,-1782,0,5028.03,118679.0,81458.12
201968,5014920,Closed,-613,0,6553.46,153746.9,103557.98
200539,5014921,Active,-15,0,5068.65,279964.98,12970.6
105676,5014922,Closed,-2175,0,12462.4,1667.81,56437.21
200632,5014923,Closed,-2977,0,11035.81,23674.05,1185.38
102849,5014924,Closed,-2094,0,674.5,339982.77,5541.22
106047,5014925,Active,-2168,0,3385.33,45493.3,62373.84
201276,5014926,Active,-2757,0,3463.75,60125.2,80854.97
104037,5014927,Closed,-2074,0,2166.07,19138.84,151280.05
103547,5014928,Closed,-1168,0,10002.94,269916.25,71468.09
200743,5014929,Closed,-1451,0,7107.46,298543.64,4638.36
101908,5014930,Closed,-2491,0,707.07,750421.76,49498.75
200298,5014931,Closed,-10,0,1315.1,100484.76,268068.69
200393,5014932,Active,-1914,0,689.28,175878.61,108751.99
109474,5014933,Closed,-2197,0,967.9,417053.63,40231.89
104745,5014934,Closed,-1922,0,9877.96,211633.02,11391.16
103305,5014935,Closed,-71,30,3987.1,266882.74,19264.54
103420,5014936,Closed,-1211,0,6677.77,39806.89,64728.2
108785,5014937,Closed,-1306,0,2639.74,103008.02,318885.93
107941,5014938,Closed,-1726,0,464.27,157810.43,42313.58
103022,5014939,Closed,-1333,0,1568.1,204650.0,15060.52
107257,5014940,Closed,-1040,0,765.71,17457.29,151127.12
201975,5014941,Closed,-435,0,4290.23,405297.96,43896.01
103877,5014942,Active,-618,0,1265.86,47519.46,32282.6
105410,5014943,Active,-897,0,1004.3,4743.3,63664.76
201449,5014944,Closed,-211,0,374.91,139079.77,33929.02
201033,5014945,Closed,-2031,0,4890.73,14746.92,47031.88
101167,5014946,Closed,-112,0,82.22,137645.57,128899.45
107598,5014947,Active,-879,0,231.96,128716.23,46986.15
105763,5014948,Active,-2632,0,3826.09,760688.89,65636.96
201980,5014949,Closed,-1402,0,4585.95,68809.18,112247.2
103559,5014950,Active,-1784,0,7868.26,451428.56,129488.51
106212,5014951,Closed,-2484,0,5270.61,779832.73,59753.42
105082,5014952,Closed,-1765,0,1978.46,178185.44,42084.32
107249,5014953,Active,-70,0,2406.09,63451.02,208032.17
109182,5014954,Closed,-1296,0,3417.87,144713.62,84971.35
104443,5014955,Active,-2789,10,531.7,419358.29,278969.08
106969,5014956,Closed,-1800,0,232.49,727069.61,388.32
102535,5014957,Closed,-2576,0,397.9,18999.69,4691.72
101219,5014958,Closed,-231,0,5210.59,21418.27,33568.06
102521,5014959,Closed,-1674,0,550.12,137788.68,5607.25
201702,5014960,Closed,-2900,0,3751.56,10792.34,5177.39
100407,5014961,Closed,-894,0,8924.46,10204.03,14859.7
107365,5014962,Closed,-2879,0,259.95,309311.02,48083.99
107336,5014963,Closed,-2889,0,1002.57,230435.49,71160.92
101367,5014964,Closed,-2315,0,1910.79,197811.2,78493.58
102890,5014965,Closed,-291,10,2234.85,92363.82,38892.59
101975,5014966,Active,-448,0,2435.6,198072.52,33125.32
104570,5014967,Closed,-373,0,11322.69,79620.42,109437.13
101172,5014968,Closed,-1606,0,1465.03,160971.28,11643.59
109002,5014969,Active,-1863,0,477.68,97785.53,206294.44
201667,5014970,Closed,-1517,0,4144.19,465969.91,133679.95
101786,5014971,Closed,-71,0,1710.26,194982.1,15675.54
107032,5014972,Closed,-1009,0,1424.59,19239.56,38264.18
106233,5014973,Active,-1419,0,1896.32,38111.86,95492.06
107971,5014974,Closed,-2653,0,577.97,365499.4,17512.75
107476,5014975,Active,-2787,0,1661.24,38171.82,26695.78
201110,5014976,Closed,-1089,0,318.77,129419.31,24685.13
201725,5014977,Closed,-1688,0,5481.49,486360.73,20211.14
108554,5014978,Closed,-890,10,12765.74,147982.49,31610.41
100833,5014979,Active,-1591,0,7834.56,351516.97,69986.88
200401,5014980,Active,-1210,0,924.01,93024.0,25336.92
108568,5014981,Closed,-1495,0,6404.93,69242.99,269764.14
108904,5014982,Closed,-1692,0,12915.62,375855.25,30867.49
102341,5014983,Closed,-2014,0,10349.03,540249.97,21520.26
107779,5014984,Active,-1675,0,425.34,191911.91,254835.14
200566,5014985,Active,-2910,0,3630.29,76025.02,81024.05
100555,5014986,Closed,-1894,0,10370.34,195533.53,49957.07
200041,5014987,Active,-2722,0,10130.74,82239.97,16027.67
200010,5014988,Active,-129,10,7194.0,281394.29,58905.09
103544,5014989,Active,-2929,0,958.21,206097.72,16243.9
200995,5014990,Closed,-158,0,974.95,20919.91,108130.49
103089,5014991,Closed,-1995,10,4051.48,1360.87,11160.99
200028,5014992,Active,-4,0,1562.45,72067.44,56305.97
102153,5014993,Closed,-1130,0,476.88,173259.03,128787.49
105234,5014994,Active,-137,0,8036.66,66264.0,103012.71
105053,5014995,Closed,-2409,0,2182.55,202048.34,18034.55
105228,5014996,Closed,-2420,0,2098.51,8128.17,57010.62
200529,5014997,Active,-2467,0,475.58,497418.0,191811.87
101584,5014998,Closed,-1007,0,1486.67,185304.04,55253.58
101842,5014999,Closed,-1055,0,1471.18,43859.1,5043.51
