SK_ID_PREV,SK_ID_CURR,MONTHS_BALANCE,AMT_BALANCE,AMT_CREDIT_LIMIT_ACTUAL,AMT_DRAWINGS_ATM_CURRENT,AMT_PAYMENT_TOTAL_CURRENT
1006262,104795,-28,24120.09,200000,11107.99,20801.65
1001865,200513,-25,316345.13,100000,20321.36,981.48
1006534,108491,-24,34788.32,100000,5741.35,984.31
1000447,109492,-29,27279.3,200000,31328.73,4510.78
1001191,101341,-23,92743.81,200000,50938.44,46511.69
1008655,105886,-4,73918.47,50000,4363.54,25828.8
1002534,105271,-9,24924.38,50000,589.29,15638.96
1003947,100990,-28,59705.53,200000,7740.18,3343.78
1005734,108238,-22,159370.96,200000,5226.66,18037.55
1004934,104484,-27,703.63,200000,6780.05,3535.6
1009865,103963,-29,37701.75,100000,7539.45,43529.56
1002370,104816,-32,11665.37,50000,19488.34,2530.6
1005224,106273,-21,5620.35,50000,1573.08,43196.68
1009047,100319,-25,15109.13,200000,6146.96,24235.71
1004632,107486,-21,1427.99,100000,14220.57,32978.85
1000613,109397,-21,31405.06,200000,3310.45,4278.22
1002968,103642,-23,140045.02,200000,18826.71,5437.93
1009813,201370,-7,70138.11,200000,4266.02,16967.19
1009922,201623,-2,73854.58,100000,41676.24,2140.74
1005903,107568,-5,33577.91,50000,11596.8,20944.81
1009693,101073,-14,14918.2,50000,7291.24,20312.23
1005702,101673,-12,48353.48,200000,9690.11,2118.1
1000688,107550,-23,680.97,200000,1126.86,11465.09
1005265,105497,-1,11755.65,50000,3328.69,22896.09
1009470,100278,-6,1874.43,200000,16549.3,23475.15
1007366,109823,-22,24822.76,200000,7479.26,19509.44
1003344,103517,-29,2784.96,50000,3048.84,16723.31
1006988,201496,-24,22122.48,200000,16350.43,42901.49
1008970,102821,-19,16578.83,200000,19654.34,1146.8
1006327,109387,-19,61635.03,100000,5887.7,4011.58
1001359,102083,-29,64010.09,100000,204.44,19871.39
1009990,101937,-31,2519.02,50000,250.3,43198.49
1009096,201734,-13,26445.68,50000,12261.08,10262.76
1001429,108341,-30,72875.82,50000,13072.12,25444.56
1005967,105374,-27,49983.99,200000,5489.49,12063.01
1002634,104836,-33,92725.13,50000,9778.82,55921.4
1006604,200837,-23,16985.25,100000,15627.23,25872.61
1003526,201704,-33,45869.91,50000,263.25,6895.83
1004532,108582,-30,42606.07,50000,5219.99,208.09
1003065,201600,-3,81377.43,100000,6433.96,33451.84
1000381,108714,-8,38476.92,200000,7766.81,49255.23
1001131,100208,-7,1685.2,50000,9166.95,4592.81
1003747,107571,-27,138868.01,200000,9223.08,7829.19
1008774,104724,-21,543.49,50000,5185.92,22575.17
1007674,100035,-12,63207.03,100000,4799.88,7606.76
1003787,103380,-15,21180.81,200000,36303.46,44019.97
1001251,200709,-26,64895.63,200000,4482.9,310.71
1002023,200082,-25,7726.28,50000,21154.3,24737.27
1004812,201013,-14,14763.73,50000,2903.69,4876.2
1000306,201668,-26,21217.34,100000,957.03,29748.77
1007687,200666,-21,50500.73,50000,6415.63,21644.56
1006641,201109,-31,13599.51,100000,30426.41,5806.7
1007452,105066,-7,66551.22,200000,22816.62,2761.6
1004082,102907,-3,8051.35,200000,3533.69,50964.17
1002232,107115,-2,11516.43,200000,64.11,34417.02
1004066,104187,-22,8495.75,200000,2885.16,12098.0
1009364,107536,-2,81029.92,200000,2998.8,2859.21
1002163,200840,-5,19708.19,100000,17467.91,12209.12
1004742,104428,-24,11587.68,100000,1092.63,28273.7
1007209,200876,-7,175615.31,200000,380.65,5798.68
1000340,101639,-24,2494.37,200000,14192.0,22787.02
1007287,109626,-8,85790.09,50000,9640.51,12939.61
1006802,105848,-29,9589.1,50000,19331.99,14674.07
1001814,100981,-8,161039.49,50000,5099.49,16993.0
1006767,201547,-10,4311.76,100000,42150.31,2184.08
1009317,104189,-35,39947.74,100000,19874.11,325.73
1003493,100500,-17,101059.84,100000,20343.26,18056.56
1009799,109588,-4,11760.59,200000,6486.37,14363.85
1005353,103318,-22,14572.34,100000,4462.97,18380.06
1004783,201674,-20,14897.29,200000,7200.12,24314.13
1006995,102230,-3,26388.33,50000,11000.02,11474.64
1000451,200421,-12,4752.85,100000,24394.67,7659.55
1003182,106349,-3,8632.54,200000,20289.23,38684.31
1007579,102873,-32,33030.83,100000,16140.22,3819.8
1006898,109339,-7,69688.45,200000,6315.09,5835.38
1007226,102870,-30,260079.12,200000,2399.3,4372.21
1001594,103908,-31,111035.23,100000,13872.74,10203.93
1008737,103545,-18,56012.57,100000,1122.35,10772.44
1006913,107927,-5,24009.98,200000,5029.05,7361.64
1002121,109222,-9,105230.05,50000,26413.32,11937.47
1000273,105102,-24,40158.37,50000,35.97,17951.46
1002246,101463,-30,144032.77,200000,2712.49,4146.47
1007907,102475,-27,124934.42,100000,17043.39,12888.49
1001951,100396,-22,14441.35,50000,20603.25,4895.89
1004456,101667,-7,37301.27,200000,17764.26,11109.51
1005615,104311,-19,67099.81,100000,5195.79,10085.14
1002900,106817,-3,53033.58,50000,15020.99,50181.57
1001916,108497,-16,72894.38,50000,6754.49,1684.07
1008926,200284,-20,19344.03,100000,21091.42,11200.48
1008846,109965,-30,111477.0,200000,1731.11,56703.59
1006203,100461,-24,7512.45,200000,294.93,7679.83
1009266,200031,-1,75442.07,100000,11142.18,9045.88
1001447,109503,-2,23937.55,200000,6083.68,21338.48
1009677,104215,-2,35486.11,100000,4398.9,10124.84
1008484,102950,-9,15135.4,200000,3006.96,8234.37
1002714,107561,-35,63926.84,50000,14032.35,22772.33
1002494,107417,-16,2385.26,200000,24042.79,35408.25
1005743,102770,-5,57004.09,100000,10410.8,2301.16
1002663,200516,-18,34138.73,200000,693.03,0.79
1006288,104034,-2,16873.87,100000,17221.05,8202.8
1002642,109414,-13,24993.66,100000,2419.46,20298.18
1009948,104430,-7,16888.79,50000,26569.54,4147.93
1000620,108947,-11,104543.35,50000,2961.99,4045.6
1003761,104688,-9,19276.71,200000,9952.19,57655.06
1008794,201224,-12,206856.94,200000,6847.46,1694.36
1003823,106693,-22,2148.04,200000,2165.03,9876.81
1009025,104100,-7,42796.45,100000,15874.14,6444.77
1005118,103092,-1,26822.37,50000,1087.79,26961.32
1009180,201961,-16,15008.32,100000,5957.37,8313.69
1008526,107441,-25,72311.85,100000,7701.77,5724.26
1006117,104401,-9,51004.46,100000,74748.31,6933.93
1000035,101409,-32,153607.1,50000,1594.44,27193.73
1001670,100255,-21,15656.41,100000,3308.25,24562.48
1003941,109419,-33,13178.64,200000,7560.73,6413.51
1009418,200904,-20,31958.9,100000,14101.26,6364.91
1009172,105805,-16,23381.34,100000,2146.45,18426.06
1008336,100238,-29,11903.96,200000,17253.32,7696.64
1007534,106327,-13,40728.43,50000,9274.58,876.57
1005011,101397,-29,145863.16,100000,1433.5,20194.92
1006404,106063,-10,36313.15,100000,7308.11,17442.53
1001929,100089,-32,61337.19,50000,4895.29,9756.72
1008882,102197,-19,33471.54,100000,7611.13,6206.74
1000239,104223,-26,3548.77,100000,858.52,378.93
1007704,200778,-19,7960.72,50000,147.88,19408.16
1001230,101950,-4,7011.31,100000,8348.37,25379.79
1006576,102647,-6,31644.72,100000,3865.47,13940.74
1007548,104340,-4,174036.52,100000,23746.04,22600.04
1008204,200682,-19,4485.62,200000,2777.81,1193.15
1009148,105062,-11,2498.45,50000,3841.91,61.21
1002594,109745,-15,77835.03,200000,9124.75,4125.59
1004319,200110,-18,225967.72,200000,20316.28,24858.85
1007524,107289,-23,198982.24,50000,5570.11,1589.71
1005414,104909,-5,34790.97,100000,21465.73,36222.96
1002376,109695,-29,36970.88,50000,485.0,30590.16
1000352,200934,-28,65579.42,200000,4716.04,6148.12
1004707,101570,-3,9101.16,100000,6731.5,30186.75
1005412,105287,-31,218596.82,200000,5698.14,3142.44
1008095,107991,-13,94696.2,100000,26821.32,13702.43
1009107,104563,-8,86397.0,200000,22146.8,9011.61
1007347,108054,-7,33395.44,200000,7242.95,68652.61
1001212,108619,-9,33101.63,200000,13253.7,12605.57
1007768,102244,-18,109015.11,200000,19891.61,37374.39
1006142,200468,-16,82726.77,50000,24495.25,2667.32
1009594,100924,-34,25528.55,100000,2446.62,1438.51
1000765,103045,-7,57329.81,200000,819.13,15303.52
1002633,105092,-16,71421.98,100000,18325.08,3802.08
1007438,101840,-12,80002.37,200000,5372.33,1417.01
1000539,200411,-29,69722.8,200000,563.48,14776.7
1005161,104317,-22,134959.5,100000,1357.44,32460.03
1004879,104097,-3,173974.57,100000,1345.03,23246.36
1009752,105064,-11,54129.68,50000,5130.84,2614.56
1001915,201534,-13,50588.33,200000,4982.35,4284.13
1005319,108518,-22,54776.62,200000,7542.87,16497.37
1006899,106447,-23,41985.29,100000,4534.89,56271.58
1008895,102769,-27,42590.12,50000,8589.0,11816.0
1000118,102145,-8,19722.85,200000,6237.12,4644.12
1001544,107181,-27,69979.61,100000,38828.43,7575.9
1006047,107102,-26,25.82,50000,10204.22,221.72
1002028,104554,-7,25733.36,50000,3468.45,30453.04
1003110,109854,-9,80615.71,50000,16986.36,2432.9
1006405,108682,-4,11744.6,100000,6955.64,28187.86
1008465,100922,-35,10453.41,50000,19122.8,5204.74
1008330,105195,-28,68628.03,50000,5999.75,338.29
1002433,108910,-26,91321.41,100000,2892.9,2059.61
1001701,108550,-27,25315.35,200000,7429.45,1877.55
1004462,104438,-5,26242.48,50000,3934.82,19877.71
1007152,109794,-12,14015.76,100000,20386.86,3510.84
1006850,102886,-29,185832.08,200000,934.35,5831.21
1003761,104688,-27,8360.03,50000,51630.78,5394.5
1002938,100229,-13,32003.25,100000,8779.64,1208.6
1007095,200303,-26,25404.75,50000,3649.76,4283.76
1003134,104152,-31,24.04,100000,10469.39,9390.45
1002199,109050,-14,79861.44,200000,2289.27,13407.55
1002460,200372,-6,8511.26,200000,11440.87,18082.03
1007072,107118,-25,7749.49,100000,6179.33,9217.81
1008162,100259,-31,227317.27,200000,7184.28,14718.63
1001305,200568,-11,32253.41,100000,3027.86,13987.27
1006651,105954,-8,30274.86,100000,13358.76,9853.34
1001528,200597,-18,180500.59,200000,9362.45,989.46
1003570,108491,-6,43010.2,200000,1241.1,1318.46
1008814,102448,-21,53063.44,200000,1635.97,3517.01
1004061,106493,-13,4777.12,100000,3964.51,27463.35
1005000,100859,-22,107255.14,50000,4335.33,5532.61
1003300,200633,-11,317.54,200000,28814.83,972.07
1004511,102507,-20,29580.94,100000,3340.54,86889.52
1001699,200411,-15,8873.28,200000,17632.62,4359.02
1003416,102650,-19,15717.76,200000,19149.6,27803.55
1003949,104758,-13,31540.09,50000,16362.82,13747.96
1007994,109232,-16,5176.18,50000,1535.57,52853.48
1003268,200387,-25,26738.07,200000,2944.35,18410.92
1000261,109606,-25,40412.56,200000,6361.97,43291.75
1006180,102895,-17,25754.64,200000,13494.29,21556.5
1003733,103875,-2,68831.24,200000,6478.8,19700.98
1000706,102334,-26,52622.42,50000,5543.93,30648.85
1001374,109663,-1,23285.72,100000,1903.38,12097.34
1001677,101888,-9,9513.57,100000,20612.23,10122.05
1002489,102227,-1,76907.56,200000,984.72,21704.33
1006957,103950,-12,132104.63,200000,11372.19,6870.24
1003213,108098,-16,12247.61,200000,4771.71,872.67
1004778,201687,-12,11036.42,100000,4497.35,21860.68
1005405,103193,-27,121145.2,200000,3129.17,4074.7
1001610,101977,-30,13398.69,100000,4060.76,9741.14
1000502,103387,-20,13695.03,50000,3085.24,10623.78
1005980,107183,-8,42695.18,100000,28636.1,18939.39
1003486,104808,-15,120286.83,200000,23928.57,20721.35
1008413,101753,-25,81076.65,200000,9094.03,8442.18
1005993,107966,-12,135729.9,100000,23373.16,25004.96
1006785,103271,-18,65344.78,100000,4674.12,17306.73
1002249,108980,-9,2084.3,100000,1855.54,9402.32
1005437,201421,-14,126720.35,200000,15718.19,34830.16
1001339,107458,-4,24964.52,100000,1612.56,2757.63
1007889,106337,-20,69492.72,50000,9123.38,17251.71
1000195,103847,-31,33736.95,50000,2396.52,14791.34
1007283,100446,-4,19574.92,100000,8897.28,14599.12
1008129,201942,-12,114344.41,100000,6535.75,10264.29
1009776,101232,-13,25976.43,200000,19518.7,10081.02
1008542,104321,-14,26077.05,200000,9316.99,14529.6
1008675,101470,-22,62852.16,200000,11825.41,28288.84
1006217,100256,-12,13990.2,50000,10965.98,2688.13
1007752,108865,-24,10068.6,50000,1240.67,10196.33
1005695,102421,-7,32393.89,200000,2224.24,18586.77
1002239,201302,-25,77761.42,50000,10319.92,14313.71
1008393,200281,-2,64256.99,100000,36085.1,22584.61
1006654,105576,-29,39489.95,200000,2599.26,4553.82
1006527,103804,-29,48958.08,50000,18320.23,7553.13
1009856,102181,-10,83775.83,100000,9749.04,1627.75
1003770,101085,-19,5813.47,200000,6898.61,18838.78
1009385,102748,-20,51837.58,50000,13355.1,1204.56
1004348,105835,-27,135217.71,50000,5078.38,4837.08
1002877,100258,-35,49502.34,50000,903.17,78448.41
1005121,105603,-26,3307.39,200000,3507.08,5334.56
1000064,102562,-23,28111.8,200000,1093.64,14747.47
1003080,109667,-25,26754.55,50000,3782.85,5589.67
1007116,107173,-7,49110.22,100000,12120.98,256.56
1005137,201549,-15,199754.16,50000,7402.21,5301.15
1003389,106107,-15,198920.37,50000,7530.5,29580.82
1006138,108712,-17,243153.23,100000,5974.65,9737.6
1002739,107386,-11,67360.19,200000,319.21,8096.13
1002298,109011,-27,197755.22,200000,3134.59,4161.98
1003097,200437,-22,46107.24,200000,3924.36,46461.28
1005371,103432,-23,126994.04,50000,12783.41,9441.23
1000529,107549,-8,62478.58,100000,3894.44,10188.86
1007450,100032,-9,121559.68,100000,1238.94,12324.22
1008928,104540,-26,2662.67,200000,370.33,59079.29
1005836,101437,-31,4859.78,200000,9754.29,33667.79
1007198,100337,-5,6846.56,100000,8241.97,9100.79
1005650,101990,-26,1671.93,200000,19373.39,9964.41
1009723,108737,-28,34258.9,50000,231.26,887.06
1002182,103685,-11,105534.92,50000,20524.01,33419.14
1002296,109103,-30,4430.08,50000,11508.4,17028.97
1009634,105179,-5,66744.25,100000,30384.55,7288.77
1009624,200290,-17,22383.69,50000,1833.48,7460.43
1006685,101073,-16,22760.8,50000,2960.99,22746.7
1006803,100438,-11,34604.68,50000,6200.43,812.05
1005941,102499,-35,9643.86,50000,7921.59,5288.3
1000409,101114,-9,44070.56,50000,10524.89,2246.18
1000036,101489,-24,2006.51,100000,1123.67,3770.47
1008822,103394,-10,418.18,50000,52164.26,6544.5
1000378,201090,-26,49672.96,100000,1014.4,34940.36
1005101,200785,-31,122039.34,200000,7004.85,39218.33
1004420,103409,-19,63613.8,50000,22127.47,6636.06
1007496,109282,-27,23162.18,50000,2878.9,15235.15
1006430,106879,-11,27741.91,50000,10652.03,10676.28
1003049,107740,-11,1062.51,50000,1318.13,36807.29
1005786,102210,-32,3269.19,100000,33842.12,460.17
1002597,104947,-24,90090.39,200000,4124.95,5730.71
1000004,100056,-7,66348.79,50000,6441.72,30760.01
1005561,100309,-19,104293.68,200000,19560.86,219.68
1000309,109137,-22,108441.71,50000,16945.08,6593.41
1008737,103545,-19,23015.28,200000,18610.6,33144.53
1004835,102627,-18,267120.59,200000,4079.46,3652.88
1004108,201977,-17,36884.24,200000,18196.33,1802.17
1000491,201920,-29,75318.33,50000,14028.97,18586.32
1002705,102720,-29,29001.07,200000,13944.07,5275.03
1008173,105475,-31,54220.85,100000,15607.07,16345.87
1002584,108795,-22,24973.87,50000,3153.57,27914.05
1008424,101645,-6,54063.4,100000,10311.46,2661.98
1008231,107288,-30,26804.1,200000,82.29,33672.69
1007316,107353,-20,6315.23,100000,3637.86,1341.04
1000390,201536,-33,100105.42,100000,13009.17,839.81
1008593,201342,-21,36738.35,50000,32509.63,468.25
1000298,103627,-13,21100.08,200000,24185.72,13482.01
1004703,103015,-8,10244.83,200000,32256.27,9979.65
1006752,107182,-33,113356.63,200000,19727.81,9407.08
1005255,109728,-3,373.04,200000,1886.12,3671.48
1000214,105387,-30,46617.44,50000,8905.37,4167.21
1004721,104879,-14,21874.56,200000,11588.32,22487.01
1006817,101629,-33,571.1,100000,3182.92,16718.91
1004834,103331,-17,22976.45,100000,12202.33,33278.95
1004370,100034,-11,25569.19,100000,17324.12,15610.87
1004826,105433,-12,828.53,100000,29896.91,44862.81
1007667,107712,-20,105921.0,100000,4015.99,7041.16
1003040,101467,-3,104084.74,50000,16405.07,22896.23
1005399,100733,-7,26455.98,100000,21649.17,32242.82
1004477,105533,-21,168525.42,50000,7068.98,29578.57
1000850,201305,-7,7237.67,50000,4003.18,35874.95
1008485,104859,-21,63313.41,200000,2429.54,22490.35
1002027,103783,-19,16268.17,100000,12013.8,44554.87
1003375,106837,-19,28219.1,200000,18036.79,11125.0
1001733,102888,-12,30752.94,50000,18808.3,58642.76
1008360,201205,-6,60994.36,50000,1397.74,16563.33
1005184,101103,-5,28742.18,200000,9167.8,6129.38
1000729,106566,-32,56827.71,200000,2958.21,12721.06
1008091,104988,-10,124775.61,50000,3720.84,8005.64
1002547,106317,-10,44691.76,200000,2757.78,3180.71
1005164,201955,-21,178753.04,100000,21774.62,19099.76
1006813,107189,-12,6179.87,200000,4128.94,6341.88
1005753,100176,-12,89070.75,200000,1836.68,9806.7
1007721,103016,-20,101205.18,100000,6937.42,12189.02
1006606,201614,-22,36236.08,200000,9504.62,18963.22
1001128,106903,-30,2861.68,50000,1047.96,6400.71
1008870,101132,-23,78709.72,50000,9683.34,28143.81
1000599,201186,-24,18810.38,50000,12690.67,8768.78
1002725,100760,-19,37781.09,200000,21987.68,2175.47
1006541,100074,-1,81313.65,100000,24131.34,11957.12
1005414,104909,-22,92974.34,50000,5841.92,13410.98
1000647,100890,-5,45779.56,200000,8176.08,27.39
1006371,103182,-11,7235.59,200000,1359.99,22288.29
1009817,106949,-34,57155.72,50000,12245.47,1753.59
1004497,109004,-16,26856.7,200000,11031.34,8532.56
1008859,100190,-16,27407.13,50000,3139.21,8244.47
1006464,103685,-23,22979.53,200000,1657.93,24496.4
1008415,106371,-34,126783.61,200000,18748.06,1399.44
1002739,107386,-15,12265.02,50000,9646.51,106828.93
1006934,104095,-23,37676.58,200000,2467.24,6935.04
1002896,201005,-2,11111.83,200000,15958.14,27775.72
1009046,107784,-32,18475.96,50000,23697.69,55105.57
1001161,100816,-23,1018.8,100000,34996.12,2357.6
1003956,106230,-18,75197.79,100000,9309.74,1795.23
1006252,107010,-4,233536.29,100000,16830.1,13034.6
1009964,108400,-29,1694.98,50000,25208.81,23847.09
1000475,109460,-33,2656.94,50000,7521.27,6975.45
1001431,103444,-17,9819.49,50000,2301.11,15013.92
1001547,200391,-11,49913.26,50000,310.76,2689.19
1008244,103929,-23,41152.27,100000,9661.4,12209.98
1001435,106129,-11,5275.89,50000,33334.01,1914.96
1005487,106970,-33,22798.95,100000,30923.69,48014.5
1008634,105974,-23,863.98,200000,5419.43,7228.35
1008702,200515,-25,85969.91,50000,26568.73,31784.27
1001985,200262,-23,92683.63,200000,10623.89,1010.9
1003850,109875,-32,43899.59,200000,7065.51,18384.67
1005436,100041,-32,16155.89,200000,422.14,15307.78
1005491,106730,-8,59243.07,50000,7528.55,2930.68
1002745,105664,-3,40242.03,100000,2711.08,10909.91
1003697,105171,-33,11316.07,200000,2285.56,7421.47
1002559,105869,-27,6839.31,200000,4845.39,2743.58
1009604,105946,-33,25179.37,200000,8470.32,1681.32
1006321,104621,-17,39155.4,50000,6949.17,10037.73
1003744,105209,-32,27755.77,200000,11460.54,13033.15
1009507,104196,-17,20799.97,100000,1151.66,31209.6
1008067,108511,-29,48624.96,100000,2825.87,4789.17
1007609,201119,-14,818.29,200000,20319.66,30466.23
1000865,201150,-24,14050.03,200000,12380.03,1500.9
1001229,201240,-24,50784.04,200000,20678.4,6667.32
1000734,102621,-29,3033.35,100000,15132.74,680.86
1009064,105197,-32,51572.15,200000,5526.1,7161.24
1009812,106827,-21,128975.03,100000,6369.21,8645.23
1005321,107732,-27,127151.33,50000,4012.5,23797.09
1002536,103952,-15,5237.96,200000,1989.14,23375.07
1007305,105155,-29,13019.81,200000,41627.71,15533.67
1003772,101310,-11,67493.91,200000,16373.16,8711.95
1002692,201095,-34,24098.09,200000,24513.42,31629.21
1005798,108600,-2,67673.49,50000,15871.33,11511.61
1002364,201154,-17,2954.51,100000,6145.04,1101.7
1002177,201773,-12,13101.17,100000,1394.71,4181.28
1003213,108098,-35,62461.39,50000,1640.91,9267.66
1002406,106191,-1,9935.98,50000,1249.86,21282.44
1000642,101938,-22,29849.68,200000,16517.2,83623.98
1004771,201068,-22,8857.97,50000,2770.31,11925.79
1003732,108744,-31,28274.32,100000,20475.3,837.59
1005093,103388,-24,84279.84,50000,53303.1,29550.25
1008860,107587,-25,26825.51,50000,3298.85,19419.86
1007817,104136,-32,20843.78,50000,8916.37,7038.37
1001493,200566,-14,39823.07,100000,1132.08,16370.54
1003583,103651,-7,3108.3,100000,2613.24,13205.15
1009932,106659,-33,181727.54,100000,733.83,707.63
1007053,106307,-26,202722.72,50000,46244.79,16179.61
1002600,106482,-29,4132.01,100000,6995.69,11639.33
1005367,105053,-29,8220.77,200000,10702.65,54821.48
1003518,108704,-30,14775.62,50000,4983.59,38728.62
1009073,200891,-23,33176.95,100000,1297.26,18518.27
1007908,109528,-31,40416.78,50000,7498.74,18580.39
1005306,201874,-19,134962.72,200000,2868.82,9223.8
1001211,102326,-5,44054.36,100000,23652.43,5592.61
1008564,101343,-6,103305.48,50000,4040.38,7926.58
1001487,107305,-14,13307.67,200000,13388.31,3137.0
1002500,109517,-16,10503.7,200000,14944.54,61926.45
1000775,201777,-13,33689.86,200000,2511.97,4274.39
1001020,201713,-4,75346.8,100000,35037.18,13970.48
1002713,109295,-17,6443.72,50000,4791.01,1087.73
1007658,108726,-15,99659.67,50000,2004.05,18290.86
1006646,201078,-22,295419.99,200000,6910.21,6256.38
1008698,109486,-6,20518.1,100000,10417.86,60624.51
1009360,103819,-6,20306.75,200000,4024.43,9136.82
1005581,101594,-28,6552.45,50000,357.8,8184.61
1003410,100246,-22,18289.5,50000,13634.49,1534.45
1002120,106113,-22,27532.78,200000,900.71,3201.45
1000244,102725,-18,19703.85,100000,4593.98,8506.43
1002547,106317,-31,781.68,100000,10720.67,32073.44
1002291,200688,-20,193.35,100000,181.76,5300.4
1000174,107048,-23,57331.89,50000,13082.34,14103.39
1002326,104883,-10,1123.15,200000,22125.7,206.16
1003604,105151,-18,49166.86,50000,7936.52,3503.46
1000612,107948,-34,32548.0,50000,3049.1,7683.54
1007405,100977,-32,96573.25,50000,10909.59,3973.33
1005401,103593,-12,12805.61,200000,4615.05,28525.31
1002266,105614,-5,39398.4,50000,2365.8,854.89
1009472,106642,-5,11203.73,50000,15474.3,5947.25
1008329,104494,-11,22264.4,200000,809.28,2111.92
1007445,101769,-26,3928.79,100000,20181.11,6095.94
1003215,109302,-21,40919.71,50000,13011.07,948.42
1001790,105568,-18,37437.14,200000,5366.7,18578.95
1007169,104402,-1,2336.21,200000,23085.88,15314.7
1009941,104268,-7,17163.51,100000,1282.66,6831.28
1003281,201065,-4,4143.13,50000,2154.55,1069.66
1001623,108126,-8,78149.7,100000,2497.92,6362.5
1003063,107870,-12,7190.64,50000,7014.05,22065.18
1001733,102888,-20,34200.22,50000,8499.84,4685.32
1007459,104333,-34,14573.19,200000,4435.08,5065.27
1009200,107844,-27,9497.21,50000,19997.97,1318.85
1006272,200731,-10,1076.74,100000,2208.75,20766.85
1003843,108779,-21,93941.68,200000,5574.06,2348.24
1002271,106976,-22,58363.25,200000,6593.5,9092.65
1005553,109541,-15,383078.39,200000,464.53,2582.05
1008746,108359,-33,55640.55,200000,38719.6,52959.56
1008906,102325,-32,86334.34,50000,31293.4,7975.82
1008656,108350,-27,166245.2,50000,13860.78,15679.08
1000713,100355,-10,58707.59,50000,15453.98,2534.36
1009115,105952,-13,23439.43,100000,47563.68,11568.25
1001182,107157,-4,51219.25,100000,6983.04,1481.67
1002748,109166,-16,44311.82,50000,21624.96,38876.29
1009851,107970,-15,106406.13,200000,33811.87,24670.74
1007358,201027,-22,5667.36,100000,13521.05,1392.38
1001489,107928,-7,8154.66,200000,5158.37,29854.19
1004616,102458,-2,54972.14,100000,1558.6,5532.79
1002182,103685,-4,7675.27,100000,6273.76,17943.72
1007829,109615,-13,38250.82,50000,1911.69,84700.15
1009015,102495,-7,67741.06,100000,1475.87,17047.01
1007677,109926,-24,13191.19,50000,6431.96,1525.36
1006102,103095,-10,68650.48,50000,8457.22,21489.33
1006110,105950,-5,34962.06,200000,14498.39,18994.09
1001775,103666,-7,374.46,100000,551.14,11566.45
1001253,100262,-26,64479.92,50000,2118.5,5156.02
1005543,107751,-15,5347.47,200000,13122.28,10637.89
1007946,200058,-28,37894.29,200000,15205.3,361.72
1009815,103272,-29,115521.64,200000,1801.27,6894.99
1007890,108483,-26,59803.48,100000,4778.44,76657.02
1002135,107754,-24,175938.04,50000,12586.82,8548.07
1000030,109744,-11,12224.53,100000,18825.41,3951.32
1008683,102229,-20,7166.36,50000,8929.18,17119.18
1003423,104440,-10,132318.73,50000,36054.33,6363.39
1007506,108843,-33,11216.15,100000,21233.67,3403.03
1005296,103451,-1,3292.46,100000,9516.44,8489.89
1009009,107443,-21,109936.99,50000,10057.62,23203.96
1002600,106482,-6,24543.53,200000,3247.18,31705.16
1004821,101391,-13,135267.55,50000,10372.12,15069.99
1009051,103561,-23,132067.58,200000,3664.44,18663.85
1008634,105974,-35,46243.0,50000,5346.71,4556.88
1001688,108431,-21,95703.04,50000,9039.05,15724.46
1002950,108232,-15,33631.14,100000,8568.01,7716.27
1006113,105588,-26,37386.66,200000,328.58,3894.19
1007313,108661,-17,36252.68,100000,26740.42,695.16
1007037,100216,-9,85582.41,100000,3066.2,8236.34
1009328,109160,-14,106629.82,200000,14319.41,1331.12
1001098,101974,-34,9265.48,100000,13101.26,5479.79
1008041,108582,-18,110537.04,100000,5818.7,18796.49
1004596,105937,-7,61963.27,200000,1976.43,44673.89
1000975,108955,-23,58588.52,100000,23328.96,17954.36
1008782,104316,-1,26538.58,200000,6057.27,31698.23
1002289,103182,-13,117791.84,100000,10633.84,31835.74
1007245,101125,-13,7378.85,100000,17788.04,5806.07
1005544,105665,-8,72252.73,100000,2448.07,67104.05
1007245,101125,-10,1694.52,200000,10690.86,11857.12
1008314,106589,-16,37414.25,200000,20751.27,19146.73
1006776,101916,-28,8019.35,200000,10664.35,9994.09
1005759,109414,-5,83950.0,200000,12972.89,32574.6
1004268,108565,-10,31647.99,50000,10622.01,23508.72
1009490,200498,-14,61455.92,50000,13480.1,789.27
1005056,109890,-29,6568.12,50000,1394.4,21357.05
1008432,103061,-25,407.35,50000,451.45,54.58
1008625,108835,-14,9511.56,50000,4447.97,6629.33
1007681,106891,-3,5601.48,100000,9495.44,5816.29
1003210,200453,-32,37469.63,50000,1615.98,525.34
1005098,100785,-9,3749.16,50000,2963.23,6205.26
1007779,103795,-26,45557.35,50000,23914.18,1069.18
1003336,201941,-19,1220.37,100000,8528.37,19396.17
1008229,102551,-16,3399.27,50000,12691.86,855.9
1009342,201484,-19,67114.55,50000,12203.89,19201.82
1009994,108839,-17,2607.2,50000,7735.81,6173.02
1006399,100426,-16,54424.99,200000,568.01,869.73
1000648,103424,-33,89753.93,100000,35261.56,3204.5
1002317,105956,-1,2068.02,50000,8504.02,3035.74
1005911,107887,-13,44198.03,50000,2729.26,382.21
1000534,101528,-27,143172.52,50000,933.86,874.36
1000755,106570,-29,14085.41,50000,11054.88,6533.9
1007977,109310,-23,62113.44,50000,27910.56,30109.65
1000982,105100,-10,18043.69,50000,13188.71,21293.33
1003937,105035,-24,10972.79,50000,429.59,69070.27
1009670,200831,-14,92852.61,50000,15050.2,40291.69
1004948,201377,-15,103974.1,50000,3857.08,12881.92
1000087,107893,-3,33958.08,100000,2843.96,10194.79
1007040,102418,-24,6365.53,200000,11942.59,17095.91
1000832,108091,-34,131704.06,50000,1898.88,9068.6
1004904,105444,-5,2943.1,200000,7028.34,5946.67
1004902,102499,-25,39737.27,100000,2654.82,24535.76
1004199,104904,-32,77248.57,50000,15036.99,35655.97
1000835,103243,-18,4279.56,100000,7031.69,24523.8
1001738,105629,-7,40988.08,100000,9263.01,20202.69
1005273,103562,-24,27623.64,200000,8399.86,24083.13
1005697,105968,-30,71162.08,100000,11085.56,5692.18
1008646,200461,-19,21805.17,200000,33021.24,17835.85
1005096,102620,-21,12901.08,100000,2037.88,20542.92
1001174,107065,-35,12570.86,50000,4161.17,9280.13
1006861,109101,-23,22173.64,50000,19242.6,493.4
1009656,108616,-31,121769.39,200000,1217.12,21741.9
1002946,200134,-31,4553.99,200000,6859.14,305.23
1002490,105433,-31,28278.94,100000,7108.09,222.65
1003082,103806,-8,88683.38,50000,48.8,6332.56
1000524,200151,-21,11340.03,50000,36234.7,23270.99
1001782,102489,-4,231071.39,100000,12404.11,53484.05
1009337,103492,-26,10033.74,200000,19659.26,42297.48
1005446,201944,-26,16669.63,200000,21395.7,13079.48
1009109,100124,-12,13791.2,100000,9815.41,3642.33
1006649,101624,-23,37599.63,100000,2855.49,233.02
1006168,100883,-34,34707.05,100000,7984.73,1652.57
1005035,200044,-35,35612.18,200000,12164.2,7381.14
1009861,201178,-22,2774.67,50000,9865.13,32920.17
1004603,109091,-21,64757.48,100000,10253.35,18343.81
1004444,105693,-18,7434.43,200000,8122.57,605.34
1000639,100181,-29,163688.97,100000,5989.89,9561.22
1000795,201974,-30,7107.59,50000,25883.72,20729.63
1002331,103199,-20,8259.94,200000,4386.05,40689.53
1004097,108036,-35,7707.07,50000,16563.86,10329.06
1000219,109085,-26,3662.15,200000,3221.9,7124.94
1003387,106627,-27,117785.43,50000,38570.17,62137.47
1007946,200058,-29,85379.27,100000,3497.69,3648.68
1003026,104251,-19,30110.14,50000,33193.02,9447.37
1006446,200209,-2,17030.68,100000,2287.48,35407.31
1002448,201173,-9,28712.35,50000,7276.5,27699.02
1009325,107612,-1,27301.32,200000,3079.12,1553.72
1002731,105521,-23,11513.59,50000,14297.42,35490.52
1004338,101566,-4,55647.25,200000,13235.72,4453.22
1004193,109727,-22,8109.71,200000,7109.06,17940.74
1005826,104580,-6,7046.37,200000,3189.36,5731.08
1009205,105021,-14,27991.67,100000,2218.17,4209.99
1000763,104654,-5,65629.71,50000,1114.1,7403.64
1004120,107255,-5,27249.69,50000,2643.14,43741.73
1006474,109928,-31,11011.89,200000,13104.32,426.6
1006040,107947,-14,102304.06,100000,3443.3,16785.5
1003170,108197,-33,5768.97,200000,12489.98,467.54
1000770,102241,-1,49970.93,100000,17694.81,14632.25
1002640,107914,-9,79212.21,50000,8037.13,1785.74
1004796,104918,-20,19711.2,200000,3719.43,1096.78
1009661,105150,-34,42701.63,200000,11417.13,3147.35
1003638,100011,-19,3721.84,50000,8096.24,8660.99
1008360,201205,-23,67895.7,50000,25690.49,7155.26
1008217,201402,-11,66249.96,100000,35021.82,8276.73
1002665,109978,-23,17553.61,100000,5470.85,26086.08
1008084,201209,-9,23251.04,50000,903.48,4032.09
1002330,102409,-34,2959.18,200000,8555.07,4401.64
1006657,109902,-14,14123.78,200000,11303.19,13424.87
1006665,105893,-20,51821.06,100000,10118.05,54996.53
1001966,109356,-17,24914.78,100000,33384.57,47740.63
1006542,106351,-33,140349.43,200000,8675.58,8162.97
1000734,102621,-24,40456.38,200000,11085.08,6197.82
1000788,100978,-3,1958.35,100000,9889.13,12224.07
1007680,103941,-19,24068.75,50000,29336.87,28079.91
1002006,100610,-17,128.08,50000,26230.86,5453.9
1009277,100709,-12,25456.73,200000,1338.01,9427.64
1004558,107949,-33,89256.62,200000,28237.47,19070.91
1006381,106719,-20,1169.04,100000,2142.57,4522.48
1006012,102177,-24,21025.62,100000,357.78,17203.68
1002880,103531,-22,125565.8,100000,2311.66,4030.22
1001337,104368,-21,4757.97,100000,6156.13,13162.03
1005336,105444,-25,261506.19,200000,20565.79,17830.93
1002427,106220,-20,20786.99,100000,17235.65,4545.5
1008530,104944,-24,1009.03,50000,2741.48,15040.88
1001710,108209,-3,64983.17,100000,4010.58,15658.94
1007980,103620,-9,139000.82,100000,218.14,35300.12
1000920,104984,-21,85215.84,200000,29.17,21739.04
1007813,101839,-31,12557.94,50000,9026.94,4983.02
1008167,109802,-21,19975.8,200000,19036.58,18167.7
1004333,106913,-25,70403.02,100000,9588.8,1040.87
1005966,109928,-1,52081.96,200000,7087.17,12730.05
1000684,100112,-8,17009.58,100000,745.3,11126.93
1006772,100759,-1,6116.13,200000,22979.97,2708.31
1002361,100178,-8,45162.98,100000,2757.28,64123.39
1003612,201040,-27,21902.2,50000,14636.04,18463.86
1005779,107092,-18,124277.75,100000,3867.36,6993.12
1007345,106042,-21,22246.44,50000,5589.37,6241.59
1008254,107401,-12,62695.04,100000,8531.52,9779.97
1008078,108251,-2,32599.2,200000,4522.04,6050.41
1000640,101120,-27,70538.45,200000,5548.16,2967.75
1008002,102862,-33,120953.52,200000,1478.95,11403.19
1002444,108261,-15,8714.04,100000,12729.5,13188.37
1008115,105133,-11,11434.45,50000,8702.78,11359.14
1008484,102950,-29,140868.68,200000,53055.59,10529.3
1006183,108828,-16,24108.58,200000,2810.5,24979.34
1007062,106499,-17,17750.62,50000,11531.65,19810.92
1007147,107856,-7,40764.92,50000,5340.89,606.58
1001935,109173,-22,31353.07,50000,1748.65,6234.27
1000989,104818,-28,59716.15,50000,1901.43,32466.23
1008086,106153,-32,17342.26,200000,6648.91,5077.68
1006649,101624,-24,36471.01,100000,4113.51,12926.43
1006049,104776,-34,6755.7,50000,6789.76,14238.62
1000561,103241,-12,40534.34,50000,3562.42,18198.58
1002730,200632,-33,7157.14,200000,31942.61,18266.92
1008065,107070,-18,113587.7,100000,3764.84,4830.43
1002269,104804,-4,2156.59,200000,4898.2,53686.44
1009721,107798,-34,41688.4,100000,86.04,4081.46
1008362,201316,-24,30117.31,100000,4189.17,2169.33
1003086,101665,-18,18361.8,50000,6259.56,7586.79
1003696,100223,-16,4686.45,200000,10215.9,7895.79
1001733,102888,-30,53298.17,50000,16449.33,8761.85
1003588,100894,-2,23931.27,50000,725.57,17136.88
1002812,201076,-16,243921.62,100000,1461.61,1136.77
1007785,101457,-17,9720.08,200000,21970.18,17508.23
1003953,103589,-16,94298.01,100000,17700.89,856.86
1002859,105227,-22,13881.75,200000,774.61,19914.94
1004061,106493,-27,31908.63,50000,1045.36,2507.29
1004072,104416,-21,146065.38,50000,5886.42,1869.53
1005131,100399,-29,29120.92,200000,11073.88,22210.3
1001043,200071,-9,201146.39,50000,16025.44,19087.9
1001019,103492,-13,4184.48,200000,1203.45,4618.9
1000941,109344,-7,60312.64,200000,1946.12,6695.5
1004869,108296,-28,58776.06,50000,823.27,17971.92
1006090,201133,-21,4211.54,100000,2496.9,12062.46
1008448,109934,-27,116217.86,50000,2764.66,2738.93
1008354,100392,-6,110448.85,50000,1038.5,4391.95
1002930,102437,-27,5317.33,200000,19041.03,6575.93
1008119,201672,-3,14191.77,100000,2055.71,43630.3
1009641,108581,-26,4499.01,50000,32570.92,1946.46
1007656,201377,-19,43797.62,200000,551.46,1445.05
1008438,102534,-19,36306.88,100000,36534.34,10649.49
1006406,106006,-11,49883.34,200000,9526.5,19650.18
1008264,106983,-1,24537.43,50000,2795.57,39396.59
1003764,101592,-19,53538.0,100000,1374.15,4441.65
1000085,107918,-12,1193.65,100000,3346.25,16312.65
1008218,107554,-8,11658.03,200000,4986.43,27977.15
1004094,102853,-24,10013.06,200000,351.34,46719.54
1004394,200812,-7,100957.39,100000,6100.02,10380.88
1008613,101621,-7,18320.54,100000,2611.06,16955.91
1000021,201029,-34,3159.14,200000,538.46,25549.24
1008124,102083,-25,35893.5,50000,19296.54,8461.95
1006569,107792,-10,747.65,100000,4356.15,17057.62
1000494,101387,-23,16033.0,100000,1890.13,14303.52
1005114,104851,-21,8236.27,100000,12347.05,543.57
1004865,107911,-26,41651.92,100000,3629.52,14655.8
1007297,200643,-6,43976.86,100000,3040.08,7148.26
1008163,103492,-13,9620.46,50000,8450.59,1712.33
1006867,201185,-24,13227.48,200000,5445.51,13310.74
1009630,200952,-24,31369.32,50000,24449.58,4083.08
1000766,201012,-11,57218.12,200000,6039.91,2546.77
1004129,103365,-1,56492.49,100000,21410.51,29677.36
1007990,109901,-10,71106.45,50000,31122.86,2092.85
1006229,201472,-2,76438.02,50000,432.56,14449.23
1006931,101792,-30,14907.49,100000,9241.86,15764.21
1001606,100245,-5,29694.43,50000,23597.81,19387.0
1008780,201472,-27,8976.0,50000,19497.23,6313.73
1006064,103117,-23,167078.74,100000,1862.57,20201.72
1002259,108853,-4,45876.79,200000,3369.94,3476.27
1001204,102729,-13,55982.27,50000,2951.04,16690.88
1002168,200148,-31,34659.09,50000,8569.71,39985.89
1009896,103288,-14,36084.86,50000,2128.77,324.97
1009695,100862,-2,52417.65,100000,21366.12,27485.04
1000682,101169,-32,57093.7,200000,4419.41,771.29
1003810,108086,-17,49473.79,200000,22784.03,16141.44
1003346,108954,-18,143548.61,50000,10653.93,9425.76
1009579,105374,-35,67562.17,50000,6616.22,6741.77
1002632,109742,-9,54685.02,100000,1259.58,43236.52
1006787,201393,-30,166705.22,50000,7981.59,26760.85
1003036,106207,-9,934.5,200000,24783.45,7754.24
1007802,109412,-30,87709.95,200000,153.98,16909.7
1002423,101413,-30,5480.06,100000,372.92,9679.07
1002524,100205,-29,8510.55,100000,8523.79,4532.08
1002498,108268,-35,34097.41,50000,7607.04,6361.32
1009038,103961,-10,104289.53,50000,11903.03,3350.73
1006982,104021,-11,76235.34,50000,3285.46,627.62
1002580,107902,-23,37185.25,200000,2491.35,24468.62
1000289,102331,-11,26944.61,50000,25774.92,46878.11
1007841,104367,-31,46963.42,200000,3106.47,9957.39
1006631,108008,-28,7260.64,200000,935.03,4639.97
1005200,101421,-26,72647.07,200000,564.99,2737.83
1007412,105218,-15,88838.21,200000,5106.06,6454.33
1000888,103613,-18,127778.43,50000,15032.46,4430.42
1006648,104096,-7,5960.8,100000,16152.12,5636.15
1008119,201672,-32,11685.6,200000,4612.13,134.77
1004020,102095,-10,126481.96,100000,20663.95,10504.32
1007111,201160,-21,14912.34,100000,2161.95,42115.1
1008469,103007,-13,14822.2,100000,9730.92,933.54
1008894,103963,-11,20613.56,100000,259.42,12645.09
1007063,100267,-12,11281.11,200000,10742.02,19223.42
1007669,100603,-35,33920.42,50000,8758.78,26261.57
1007171,102005,-8,57345.83,100000,6737.63,6073.04
1006762,200748,-16,22826.47,50000,3052.83,37998.98
1004531,106052,-17,34963.38,100000,1862.14,20580.55
1004375,100804,-25,41102.44,200000,2348.55,3811.74
1003744,105209,-18,13770.03,100000,2871.0,2571.12
1004816,201125,-18,10182.86,200000,4058.58,1333.33
1007775,100647,-17,10748.62,100000,9853.68,3439.03
1008787,102349,-12,213917.77,50000,2079.36,4194.99
1002839,200175,-30,2173.02,100000,5492.03,15711.33
1000719,101541,-19,29249.37,200000,613.63,28665.14
1002679,201057,-27,2095.03,200000,678.59,1241.48
1008392,104138,-20,3473.25,100000,21710.27,5657.76
1003190,108947,-5,36449.73,50000,31459.22,11593.53
1009331,108526,-7,30895.41,50000,1787.67,15660.29
1007597,201819,-11,88637.14,200000,2546.64,7710.54
1009598,103427,-16,45811.27,100000,480.1,12651.92
1003182,106349,-20,20687.02,50000,15963.5,1891.05
1007353,109502,-16,12794.84,50000,17627.16,9344.45
1003942,102318,-1,40054.91,100000,8649.04,29185.75
1000385,107787,-9,41056.09,50000,10058.08,1698.6
1002725,100760,-25,82140.24,200000,12866.25,8914.45
1003430,104850,-33,74709.57,100000,4345.92,77506.73
1009187,201893,-28,82665.66,200000,7710.51,8097.88
1001835,103714,-34,6890.81,200000,4053.73,7684.56
1003696,100223,-16,125044.88,50000,20581.98,4581.8
1008604,100493,-20,27823.21,200000,6065.54,4887.96
1008830,105344,-3,14508.68,50000,4445.22,35374.8
1002601,103605,-30,1027.39,50000,7958.01,563.21
1002712,100149,-17,39281.47,50000,585.26,451.58
1009288,108231,-7,48147.37,200000,1156.96,5601.73
1004673,102209,-21,25579.4,200000,28318.57,4062.44
1005101,200785,-7,12732.31,100000,2612.46,3122.85
1003621,106278,-4,236209.08,100000,5940.29,26050.87
1007021,201823,-15,68702.44,50000,170.17,19587.1
1003787,103380,-6,21780.92,200000,21337.07,23311.28
1000715,108709,-9,3917.78,200000,9090.8,10597.92
1004316,106916,-2,2954.29,100000,763.88,25513.73
1004971,108539,-10,149098.62,100000,2035.84,17002.1
1003169,100007,-3,68050.09,50000,2410.01,8647.56
1008173,105475,-4,78306.38,100000,231.27,26764.75
1000014,103377,-11,31888.39,100000,8549.11,29667.27
1000252,101120,-3,41932.05,200000,8224.6,11271.09
1006429,103030,-31,7860.4,200000,1793.75,39904.4
1005204,103853,-24,49120.35,50000,12355.1,905.91
1002381,106599,-19,31520.84,50000,8499.42,35233.62
1007864,102167,-29,22634.29,100000,4476.42,1801.54
1002773,106976,-9,13759.14,100000,5493.83,1556.72
1006355,105490,-30,84793.02,50000,1747.82,3951.57
1009707,105919,-12,33518.65,200000,986.61,1378.92
1002074,108334,-1,11857.76,50000,693.39,11461.31
1002192,101549,-7,162734.05,50000,20.23,27190.67
1008188,200831,-25,44677.47,100000,7085.69,11942.08
1004453,102453,-32,37954.96,50000,4761.4,657.3
1000307,108972,-35,15854.44,50000,4737.59,371.79
1008127,100719,-8,92400.7,50000,7555.01,26882.83
1006113,105588,-17,76604.49,100000,7096.99,8994.32
1008702,200515,-14,11041.88,50000,7856.97,20504.91
1007971,100378,-27,65864.78,200000,11284.48,7340.3
1001802,200218,-19,100328.72,50000,13880.47,17450.16
1008879,100168,-15,98405.81,200000,1436.54,9680.04
1001937,106804,-7,117534.05,100000,13211.13,20989.32
1004222,100661,-5,270.25,200000,2099.09,47444.81
1006887,106460,-30,93514.18,100000,32518.66,21642.85
1003982,102872,-25,97309.9,100000,12632.33,15636.31
1006631,108008,-27,20311.97,100000,3422.33,4876.95
1005864,102065,-18,125851.14,50000,4834.99,19565.9
1009269,104293,-32,17559.07,100000,7933.23,2333.33
1005650,101990,-16,27190.81,100000,20908.64,10244.85
1002130,104746,-26,5990.01,100000,25321.07,14206.07
1004015,200763,-15,19784.23,200000,5731.73,6052.27
1008555,102587,-19,99458.01,50000,2394.95,24375.93
1005975,201038,-9,26034.87,100000,28604.02,19104.45
1007923,201080,-3,5788.71,200000,17786.45,110.87
1002347,101441,-35,93348.97,50000,7944.26,9256.09
1001195,200746,-10,78769.69,200000,1176.65,4903.72
1008956,200160,-25,177376.14,100000,102403.18,11083.5
1009873,102204,-10,15989.2,50000,23494.73,25857.33
1008381,200975,-23,62314.9,200000,1642.37,27866.18
1009013,104327,-24,49280.93,200000,6485.89,4445.48
1008083,105654,-9,62806.95,200000,6950.95,5224.03
1002429,102186,-16,40611.17,50000,21678.98,2034.29
1009081,200116,-4,27471.23,50000,13208.38,19478.98
1002803,107968,-10,71550.76,100000,20109.6,11226.43
1004246,107847,-14,131793.36,100000,8503.73,57465.69
1006616,200725,-29,3093.08,100000,4150.98,573.21
1003236,106862,-2,22978.3,50000,4233.54,8432.48
1008206,105085,-28,48442.4,100000,16495.62,3952.21
1000268,106074,-29,5070.74,50000,8941.38,15757.86
1007009,105584,-30,41862.61,50000,1217.39,9745.47
1003306,200785,-21,5332.16,100000,16460.3,20493.62
1002406,106191,-29,4864.44,100000,39693.51,25404.42
1003777,201092,-35,65075.11,50000,8173.83,10205.23
1002802,105473,-19,103477.43,100000,17363.51,8548.68
1005940,101921,-13,6736.08,100000,20297.29,7519.12
1001723,108001,-2,31875.5,100000,8635.19,113.91
1000634,103013,-7,170619.42,100000,12103.23,2246.54
1006899,106447,-9,8658.4,100000,8369.81,19376.22
1004138,102427,-24,20157.67,100000,1450.53,31914.74
1008266,107595,-20,86262.83,100000,11246.55,12209.29
1009371,106446,-6,3153.82,200000,16952.27,5768.45
1005505,103500,-34,31146.41,50000,10554.31,1492.81
1005196,100229,-34,34059.99,200000,6416.84,1143.14
1008116,109247,-9,22172.02,100000,16187.99,10598.26
1006099,105563,-15,95941.05,50000,37774.23,370.18
1008749,106384,-11,59407.7,200000,3694.58,4955.26
1009165,106318,-34,1744.57,100000,3804.5,5203.64
1004293,101595,-5,8819.39,100000,24963.26,20893.32
1007467,104319,-29,58881.73,100000,30561.36,39346.07
1004776,102458,-4,18517.09,50000,3474.99,7000.51
1006799,105466,-31,164515.76,100000,22852.62,21456.33
1002681,102727,-31,61988.17,100000,12804.17,8725.01
1009125,200345,-35,6278.89,50000,2060.3,683.19
1007443,107809,-26,84646.54,100000,20924.86,2667.84
1000643,107898,-20,27379.7,50000,17703.24,36543.97
1001155,105592,-6,74322.47,200000,4536.13,21885.91
1000668,107579,-14,8244.49,200000,41220.44,64202.3
1000435,107596,-22,3224.13,50000,15090.45,848.72
1006871,106515,-2,138925.1,50000,2013.49,11866.37
1009720,105197,-18,82496.42,100000,10809.88,1573.03
1007394,108015,-25,48332.84,50000,8131.32,61015.04
1008707,106236,-16,38886.11,200000,6202.43,4880.63
1003677,102449,-33,35558.53,50000,3740.87,12577.2
1006106,107032,-26,52223.44,200000,1619.91,9113.2
1008361,103697,-15,5541.05,200000,732.94,27264.72
1007743,101345,-27,7963.3,200000,2461.2,4846.27
1007054,104730,-20,44128.17,200000,10503.76,12216.7
1006238,102158,-19,77453.52,200000,13376.71,5860.85
1007322,100578,-35,20281.96,50000,13011.63,5182.54
1003534,105998,-34,434.09,100000,6429.76,13751.91
1004563,107990,-5,31328.26,100000,6246.2,9129.54
1008183,103575,-13,43643.8,200000,17474.15,6243.84
1008545,104273,-15,48413.59,200000,2376.38,10642.35
1000736,100102,-30,28016.08,200000,6756.91,31242.56
1005141,101775,-10,176236.5,200000,23424.78,601.82
1008563,104571,-21,10144.47,50000,2961.13,31143.36
1003719,100293,-33,140167.34,50000,3417.43,43635.84
1005231,105460,-19,48240.29,200000,1549.59,5370.09
1001190,100403,-9,130739.45,200000,11418.66,1300.6
1003297,106513,-17,33234.05,100000,234.19,3083.46
1004414,108744,-5,4138.64,100000,4859.12,63975.37
1004554,107218,-20,65465.59,50000,176.84,24276.57
1003275,104671,-35,52797.73,50000,1187.09,48704.38
1001957,100213,-14,6677.52,100000,2343.72,11618.93
1006154,109677,-8,124629.5,200000,885.23,2301.65
1003951,101819,-16,42871.57,50000,26472.83,39067.04
1005027,102957,-20,186285.97,100000,78.11,20802.65
1004348,105835,-14,131125.08,100000,132.19,8488.58
1009201,103446,-6,94516.7,50000,1685.26,1652.66
1003178,109038,-7,52421.15,50000,23851.87,74887.04
1009684,109561,-16,90084.53,100000,6756.4,10123.72
1000296,103419,-13,47958.19,50000,573.18,28662.2
1006866,103651,-7,734.75,50000,2361.38,9013.73
1007488,103003,-33,15917.88,100000,3673.75,23917.72
1003517,101240,-12,31949.34,50000,7082.67,6904.4
1000010,105163,-34,38679.77,50000,23878.36,8322.26
1000141,101926,-23,95325.19,200000,5679.25,12095.69
1000745,109363,-20,21967.89,200000,7186.02,17307.13
1000985,107699,-30,32665.21,50000,2479.37,697.67
1005177,109905,-14,153582.59,200000,3521.8,468.67
1002278,200494,-19,9306.45,200000,37152.77,3125.26
1008801,103129,-33,4871.06,200000,2650.46,5749.08
1006352,102162,-35,36310.87,50000,13902.94,1592.81
1005112,109223,-3,3482.63,50000,15616.29,10958.75
1004476,107374,-34,33711.35,200000,1757.43,2835.55
1000663,108732,-8,10289.23,200000,34764.12,27818.91
1008028,101878,-23,87737.73,200000,421.46,33933.74
1003219,103623,-33,47969.08,200000,6797.95,18084.16
1003057,102732,-5,50155.19,100000,1377.23,16895.65
1006215,201702,-25,1011.55,100000,5161.15,19631.96
1003530,107507,-18,22248.36,100000,22958.22,3210.33
1007681,106891,-25,41459.28,100000,20283.96,24713.66
1008422,107992,-22,60048.47,200000,594.15,510.0
1003249,108238,-15,31397.24,50000,2668.16,8177.3
1003430,104850,-24,110534.56,50000,289.36,51294.81
1006746,200910,-8,11589.45,50000,5426.67,3967.77
1003316,109108,-16,9691.78,200000,17903.72,26782.02
1001428,201751,-2,31772.05,100000,13785.97,9199.03
1001367,108681,-9,61522.34,50000,555.44,22.45
1004821,101391,-20,8504.18,100000,22120.36,54.18
1005347,104060,-14,14636.09,100000,470.6,1864.02
1000322,200347,-8,54134.31,50000,4631.49,2575.54
1009521,106190,-8,65375.76,50000,1872.14,604.3
1003233,108353,-31,75118.72,100000,28846.96,433.01
1000969,109287,-14,16804.66,200000,2268.02,11867.41
1002398,104807,-33,27804.96,100000,3142.38,9415.15
1005247,105719,-8,28460.59,100000,3638.87,19006.76
1009151,103186,-5,11639.82,100000,3039.52,19437.54
1004436,103087,-29,73452.98,100000,22712.27,11458.06
1007579,102873,-14,64787.96,50000,9975.91,29062.72
1004507,106741,-33,74328.87,100000,427.39,1983.47
1003002,107730,-29,13697.38,200000,9812.67,8267.64
1007129,200115,-31,76654.8,200000,17629.38,7057.7
1008939,106016,-15,48010.93,100000,9131.06,922.92
1004741,102741,-4,23463.07,200000,414.37,4866.57
1007715,201185,-4,20483.2,200000,533.48,3139.85
1002499,108010,-23,12587.28,50000,771.41,44734.31
1004117,109865,-30,3925.5,200000,5376.57,5126.1
1006344,105250,-34,30452.02,200000,8284.0,23070.09
1008200,102802,-6,202349.21,100000,30828.61,4513.99
1007715,201185,-3,37345.94,100000,34955.98,2993.03
1005789,108728,-21,95863.02,100000,6128.83,18538.58
1008297,104818,-2,83081.48,100000,11825.73,24632.66
1001265,108078,-15,28112.02,100000,16071.74,3173.25
1000344,201983,-13,4116.94,50000,5987.78,24720.07
1009724,105437,-18,34072.15,200000,1467.76,10749.05
1005897,102837,-34,110719.6,200000,9180.54,11450.86
1002976,103321,-31,43512.33,50000,2146.69,1137.55
1000734,102621,-26,60226.12,50000,3805.63,6294.4
1007490,103366,-3,3311.85,100000,9857.48,3696.38
1008874,200444,-1,33644.89,100000,4616.89,3134.5
1000250,109661,-6,777.04,100000,14860.2,2144.54
1001161,100816,-23,92271.99,100000,24025.13,37.38
1000395,109745,-24,28083.43,100000,26982.05,16577.67
1002492,103053,-12,95379.39,100000,20119.1,42747.1
1001561,108352,-31,100092.71,200000,12294.38,6558.06
1004035,105410,-9,47715.0,100000,2658.75,14670.5
1007584,100320,-19,65728.87,200000,35543.6,6641.59
1007050,107461,-24,97122.63,100000,2715.56,28020.8
1001665,108876,-11,42253.73,50000,15436.0,4645.96
1001748,200077,-11,41854.67,100000,20791.46,13095.12
1008566,103030,-9,78090.29,200000,11925.82,32283.9
1004813,100583,-28,6723.87,50000,3367.51,23895.25
1003426,103110,-6,184844.73,200000,21697.53,19761.84
1003995,108441,-21,18416.64,200000,1737.07,1106.11
1004618,103751,-7,75345.24,200000,29451.8,17842.23
1007065,102518,-1,34643.4,50000,1633.71,11263.5
1000626,102642,-24,10022.69,100000,1389.19,1613.76
1007311,103074,-10,44099.78,100000,38412.59,17779.84
1001660,100481,-24,39167.8,50000,6876.98,15967.84
1001437,201200,-32,67606.33,50000,21754.22,30809.39
1005294,104171,-20,50683.65,200000,7539.08,13792.39
1007506,108843,-4,40876.73,50000,7981.37,7232.18
1000711,101176,-3,37011.57,100000,1659.09,21242.9
1002682,108823,-30,73668.0,100000,15135.23,951.27
1009254,106792,-24,6672.64,50000,4385.28,8194.26
1004942,105415,-26,91499.51,100000,5815.4,32401.47
1002065,106515,-19,13704.3,100000,2327.93,15304.14
1004222,100661,-13,16128.73,50000,9253.8,1662.68
1005350,109751,-30,177785.22,50000,6218.25,8131.81
1009686,106843,-18,11543.0,200000,20759.88,29579.66
1008754,104523,-27,21370.3,200000,14438.63,4264.33
1005886,105622,-16,53959.18,100000,16309.97,53420.8
1006809,104445,-8,108770.63,50000,13196.64,27119.9
1005734,108238,-32,43034.26,100000,4030.97,8640.52
1003197,105223,-25,82039.44,100000,12601.22,37093.63
1001731,103014,-21,26758.42,100000,1884.61,7849.39
1003227,108841,-2,34800.44,50000,1339.03,9670.42
1009865,103963,-21,16070.58,50000,23034.84,6282.16
1006476,201665,-7,21709.23,100000,4479.09,5057.29
1005376,100076,-17,92451.16,100000,6473.49,58207.9
1003952,105410,-8,61329.69,200000,34281.34,9074.67
1009666,108411,-22,6184.79,100000,26770.27,13368.78
1007332,107459,-7,78150.65,200000,566.63,27016.36
1004170,103088,-10,33352.79,100000,5350.86,11428.41
1008012,102273,-7,145710.39,200000,12088.94,20838.43
1004303,104014,-16,23937.31,100000,6194.65,34222.77
1007210,106770,-8,3022.99,50000,8629.9,17446.98
1009620,107447,-33,17984.25,50000,3923.91,5235.47
1006421,105078,-4,82569.34,100000,1256.88,3836.82
1000097,102942,-31,3082.1,50000,20134.31,9296.96
1005595,104091,-11,57129.23,50000,9521.64,8314.75
1001878,200167,-1,5219.58,100000,10765.83,6924.35
1002254,108214,-10,23957.17,100000,3385.04,15419.66
1000170,103032,-5,26066.45,50000,6194.59,18504.09
1002380,100622,-34,37595.27,200000,181.13,6371.48
1007750,106764,-13,84268.3,100000,12003.35,7783.11
1003029,109085,-5,82951.08,100000,1930.99,17563.38
1007647,200904,-35,32162.64,50000,3355.6,2856.23
1005843,105443,-3,115461.31,50000,7485.05,130263.67
1000857,107977,-21,114562.42,200000,776.88,4883.2
1002730,200632,-31,30592.64,200000,9403.51,12745.41
1004115,106003,-20,74235.6,100000,5633.53,13807.74
1001736,200845,-7,26899.01,100000,14780.57,8321.77
1009947,201329,-29,105165.99,50000,5170.73,17300.54
1000299,104252,-33,30478.27,100000,8449.07,1001.41
1003077,104152,-29,35917.11,50000,8177.56,15479.16
1005904,201034,-21,30889.27,100000,4020.97,1355.15
1008136,102117,-5,49471.76,200000,19172.67,350.87
1008060,107006,-11,109996.98,100000,6507.53,48792.75
1009639,100679,-27,2182.46,50000,1851.07,26401.23
1000886,109167,-6,165862.48,50000,9325.1,10248.19
1007944,100943,-1,73845.72,50000,7756.49,3671.86
1006362,108088,-6,43177.12,50000,21624.29,982.22
1000355,104267,-35,29263.77,100000,1020.35,1780.8
1008630,103207,-19,9579.28,50000,1959.58,41027.64
1009672,200390,-20,53410.71,50000,36167.68,5.04
1008389,102327,-34,26769.57,200000,801.75,1304.53
1009299,107828,-24,122617.97,100000,25289.18,15672.89
1006361,104358,-25,95678.0,50000,2320.65,6860.63
1000984,102471,-29,67191.21,200000,4837.49,12669.75
1005083,102157,-20,90169.7,100000,16969.96,276.48
1005965,104952,-18,84265.13,50000,1117.28,3800.96
1001921,107591,-18,6240.01,100000,8040.72,33455.74
1006888,107335,-13,25415.74,200000,6578.38,21622.49
1003133,101213,-13,17564.79,200000,371.56,339.68
1002290,201073,-13,51951.52,200000,992.51,23952.44
1005232,109678,-1,70466.83,100000,918.93,844.24
1000795,201974,-8,19181.39,100000,18532.75,1299.27
1003627,101992,-29,107948.66,200000,4139.24,20836.78
1006730,105832,-27,8787.18,200000,8774.25,48278.17
1006414,201805,-9,49220.28,50000,1718.31,3860.46
1002259,108853,-32,45159.52,100000,18662.44,12223.53
1005892,100213,-29,10978.42,100000,15355.68,9880.95
1002944,106484,-20,5501.04,50000,2355.25,1317.31
1001411,101542,-7,15215.01,100000,13045.78,9813.15
1005261,108846,-21,22372.6,50000,4317.59,30260.71
1004701,106648,-17,139426.47,100000,2951.35,10476.42
1006932,108995,-2,5698.68,50000,32767.34,2679.28
1006325,105510,-11,36691.14,50000,2829.31,11227.09
1007095,200303,-8,23974.73,200000,955.93,6172.99
1000852,105944,-7,33016.12,50000,17628.31,31243.79
1001567,100553,-13,47546.65,100000,10896.53,5435.1
1005521,100919,-5,71283.4,200000,13733.42,15341.2
1003353,102290,-1,299834.69,100000,6542.45,7874.54
1000500,101757,-3,74457.86,50000,15210.88,970.43
1006306,106486,-14,69976.95,100000,3481.42,63513.35
1007642,107667,-32,32457.54,200000,26997.17,5461.87
1003914,101303,-24,5835.27,100000,8701.29,61940.97
1009806,107738,-35,22981.36,100000,46814.14,483.75
1000464,106381,-8,10300.33,50000,1794.35,31189.87
1001973,103908,-14,17332.03,200000,8718.72,68779.55
1008339,103501,-31,7211.35,100000,3299.65,24406.16
1001352,102761,-13,22860.74,50000,10928.53,21072.87
1005198,102197,-35,7498.17,200000,8692.62,6690.76
1003891,105287,-32,116744.98,200000,22668.24,10420.87
1004080,101698,-25,6801.21,100000,5209.21,2500.77
1001188,201030,-18,9841.44,100000,5026.95,12757.77
1005657,105664,-4,66286.39,100000,9088.46,13594.94
1004403,104013,-26,8350.56,50000,32175.0,16366.79
1009139,102074,-33,63261.48,50000,1598.59,945.37
1001205,100168,-17,12260.81,200000,1814.21,18834.62
1002706,103874,-34,62563.18,100000,2895.8,20902.45
1001505,108584,-28,68148.02,50000,1310.9,27985.55
1001328,200538,-11,50126.44,50000,5642.82,16543.42
1000492,105772,-26,2621.52,100000,9838.13,12966.32
1003770,101085,-34,54865.05,100000,1805.11,13392.59
1004239,107152,-1,119532.48,200000,15045.97,25271.55
1009462,201252,-4,67796.17,100000,17784.92,3243.13
1001866,109893,-15,28537.23,100000,1104.38,10697.75
1000712,102536,-10,43446.48,100000,4837.61,7746.81
1005308,201745,-2,2083.06,50000,3789.6,6337.52
1009647,103964,-20,88415.44,200000,28768.54,43880.36
1008735,104772,-13,98247.42,200000,4507.35,7017.97
1009144,104876,-15,2934.54,50000,1795.52,29212.79
1008931,101406,-4,64510.42,100000,11934.5,2810.04
1008240,104143,-33,102342.35,200000,17481.48,23306.96
1009676,201209,-19,57049.51,200000,1084.81,27891.07
1005911,107887,-25,69623.09,50000,1537.64,11316.6
1005818,108807,-15,89561.28,200000,215.42,10917.41
1004385,201309,-22,142109.24,100000,10904.99,42981.86
1009875,104448,-27,91342.61,200000,10087.72,24818.97
1000420,200153,-14,14222.77,100000,16005.59,6577.87
1000478,100816,-11,26267.04,200000,7986.67,67446.35
1005443,105826,-11,7317.22,100000,7357.37,11177.22
1006102,103095,-34,6230.71,50000,26548.93,46946.25
1009873,102204,-17,49744.26,50000,22136.32,5882.55
1001220,103448,-25,51968.89,200000,53607.56,6839.65
1007424,200252,-9,17233.53,50000,36347.32,44699.71
1002190,106569,-13,11406.58,100000,8026.57,8892.84
1008773,108730,-23,40730.56,50000,5107.86,18783.5
1005121,105603,-3,27017.08,100000,17694.82,25778.83
1008063,104044,-12,31749.4,200000,7585.1,2033.2
1009869,100502,-28,128867.92,100000,7035.04,8228.92
1009795,102787,-11,97413.88,100000,5078.07,4333.12
1007566,106254,-5,11537.58,200000,1568.17,4874.65
1008191,105459,-5,2619.74,200000,9364.21,17674.03
1000226,100810,-31,45065.78,100000,10871.33,4524.98
1006328,105491,-17,38715.93,200000,5870.11,11089.96
1000235,201127,-32,74898.43,200000,10609.02,13524.22
1007878,105620,-16,224611.7,50000,5429.6,5056.23
1002221,108410,-34,53584.94,50000,6049.07,40706.54
1007223,201939,-14,24290.13,200000,14555.93,6943.04
1007315,104495,-5,58699.92,200000,5797.89,3206.44
1005144,108709,-4,5988.39,50000,2543.63,37526.42
1007656,201377,-1,75137.89,200000,2621.49,24643.55
1006364,108190,-32,44786.38,50000,5791.26,15369.36
1009179,109015,-16,8535.81,100000,10095.5,842.08
1003688,105253,-18,97156.11,200000,6045.23,10141.15
1004015,200763,-4,152018.85,200000,711.33,51439.05
1004206,103507,-10,2001.75,100000,20071.96,1545.91
1002333,107588,-26,12673.86,50000,315.65,25318.2
1003944,108531,-19,72370.41,100000,33173.73,17527.35
1009359,100364,-6,32914.06,200000,7813.33,980.17
1001918,101911,-22,20763.94,100000,14514.53,12015.81
1001492,106226,-25,40978.2,200000,25551.01,11596.11
1009852,103661,-20,17695.37,200000,14774.76,13285.31
1001323,102817,-22,39120.36,100000,15796.45,9725.17
1008205,107240,-8,116392.03,200000,3106.92,12952.07
1005514,108284,-17,20077.43,200000,7617.64,8841.61
1003827,104304,-30,62242.66,100000,7377.61,3573.3
1006019,100570,-18,49676.33,100000,23498.35,6672.02
1005737,109935,-21,15753.32,200000,11422.69,1151.39
1005782,109518,-3,86897.94,50000,7453.88,20580.83
1005937,109592,-5,195482.51,50000,33702.18,16307.0
1008255,108157,-5,137016.9,100000,18859.1,9171.73
1000462,200096,-3,62707.41,200000,32689.05,2848.54
1005960,107182,-4,186008.2,100000,16102.08,5742.87
1006629,100399,-33,31390.12,200000,7258.46,1170.12
1001548,109267,-5,20997.2,200000,18807.72,17832.57
1000299,104252,-27,54432.48,50000,16666.37,421.84
1004485,102260,-19,15361.21,100000,4474.93,22099.5
1005859,102639,-13,115208.77,50000,16085.29,4425.11
1004114,109380,-1,51716.92,50000,18629.01,2271.11
1006651,105954,-19,11103.71,50000,19421.11,1464.13
1004044,100635,-1,45316.51,50000,4439.0,8747.42
1007770,108070,-29,1074.52,50000,9198.75,11385.36
1004900,201340,-6,80871.73,200000,7292.35,50324.38
1009945,105124,-4,48384.56,200000,7131.06,19405.18
1003877,100527,-9,19409.93,200000,749.9,927.6
1000831,105929,-13,62744.53,200000,2477.82,489.19
1009000,101421,-19,64835.1,200000,737.35,1456.19
1009070,102321,-11,63673.68,200000,21797.12,6533.16
1004722,104243,-10,59377.8,200000,22211.43,1619.74
1007720,103084,-35,21531.46,200000,5508.17,855.55
1007283,100446,-35,84050.53,100000,4842.12,9721.72
1004684,200553,-7,12338.68,200000,3940.32,3264.42
1005413,106200,-21,49876.56,200000,6286.72,4961.45
1001680,102808,-22,82222.49,200000,3937.7,1299.3
1006078,201803,-15,73708.67,200000,2664.61,12466.04
1008646,200461,-23,17186.36,200000,105.56,24506.64
1008476,104397,-16,129196.85,200000,2272.72,7860.01
1009149,104061,-16,37379.86,100000,5935.64,17812.86
1008326,108125,-15,73856.64,200000,3517.84,169.59
1006927,103530,-25,8235.69,100000,15672.0,27346.74
1003898,105589,-13,84475.71,50000,1283.73,11746.07
1000193,105535,-25,17186.21,100000,19558.33,3696.09
1006861,109101,-19,87291.26,50000,3226.27,17677.14
1004768,100591,-31,20976.94,50000,20107.4,5545.83
1003500,200902,-1,127628.68,200000,31408.12,18684.54
1009021,107014,-13,65400.7,100000,7368.18,6307.35
1003871,107122,-20,8773.8,200000,19264.93,55479.96
1006397,104198,-22,7107.36,50000,2016.14,8599.73
1000952,107566,-34,209776.58,200000,9053.9,9180.77
1007188,100476,-16,58724.2,200000,19629.17,36258.55
1006986,103508,-12,102463.84,200000,30161.38,4668.82
1009067,105664,-35,24770.76,200000,14070.72,6318.17
1008779,107456,-7,173500.63,50000,29401.8,13690.04
1005395,200630,-12,72418.48,50000,6877.86,2122.08
1007855,103683,-14,83021.42,100000,3423.9,13334.42
1009032,108526,-4,6025.06,50000,3182.81,35133.12
1002655,109668,-1,2782.1,200000,4620.64,32051.71
1002937,103358,-16,12519.04,200000,5160.38,3004.61
1002870,103936,-6,25371.35,100000,1993.48,10973.38
1003525,102564,-32,106672.71,50000,14438.76,11726.2
1002615,100214,-35,47615.15,50000,3593.45,10446.89
1000149,201437,-25,51677.19,100000,6457.76,21989.76
1003825,104799,-9,214911.55,200000,2145.33,2371.65
1003908,109031,-11,22389.39,200000,6710.48,792.2
1008824,106054,-35,16386.74,200000,13770.45,10074.44
1006996,100265,-15,26090.6,100000,5263.65,17245.45
1002224,107886,-6,25551.5,200000,22091.15,4804.7
1003690,105487,-7,31096.46,50000,996.39,39666.57
1002097,100035,-6,30208.01,100000,5134.0,21422.37
1004970,100824,-20,2537.44,100000,7847.88,62201.04
1008859,100190,-6,27985.28,200000,11606.67,3954.47
1004757,109022,-7,126339.37,200000,3376.03,16843.99
1008421,108458,-16,99035.52,100000,15318.25,6943.26
1001037,107593,-10,5791.27,100000,13368.09,51356.56
1006810,105816,-2,2941.53,100000,23654.12,6405.14
1008030,107282,-18,17931.89,200000,4846.39,58401.71
1004381,101474,-32,5672.08,200000,978.59,11100.9
1002079,107421,-35,22960.8,50000,4743.76,21962.68
1007243,107272,-1,32804.76,50000,32354.82,5555.07
1003329,107947,-16,13027.28,200000,2944.85,5749.8
1005684,200448,-10,93689.2,100000,6736.74,4297.31
1009232,105002,-12,93264.83,100000,5150.11,7604.08
1006112,201433,-3,53822.99,200000,4794.48,11812.42
1006144,201804,-31,12304.71,100000,13367.46,4800.73
1007909,105460,-8,104547.07,200000,16235.37,4651.04
1001735,107199,-16,46835.84,100000,5940.74,55009.37
1004111,106737,-5,32021.79,50000,269.01,9018.95
1002020,101572,-8,40935.68,50000,3578.36,3414.23
1000961,201752,-20,72197.78,100000,11902.82,13612.85
1003495,105280,-33,27815.34,200000,3462.66,3201.57
1006419,100807,-12,20185.61,100000,5437.86,3659.02
1006433,100525,-31,5354.88,50000,8513.9,14740.28
1003961,200539,-9,5350.1,100000,5157.58,6115.74
1008702,200515,-14,5849.42,200000,35408.39,19923.42
1009864,104764,-8,4358.34,100000,4416.57,23450.65
1003058,106820,-3,24575.71,50000,7237.45,2433.62
1007766,101389,-21,359.85,200000,1046.74,11651.9
1004424,108163,-9,11590.12,200000,2775.14,42023.39
1003307,100921,-12,19456.84,50000,20495.28,30394.95
1006176,105467,-15,3157.09,200000,7190.77,1821.48
1008424,101645,-2,71438.28,200000,269.98,13987.47
1007764,108528,-33,88385.02,200000,5977.96,4227.56
1006326,108222,-1,101428.44,50000,12376.83,3771.0
1009940,101588,-34,169711.22,200000,35998.15,3644.73
1005844,106377,-25,150337.6,50000,10002.58,14607.0
1002017,101896,-29,15721.45,100000,4484.88,11613.85
1001984,100021,-34,63762.49,200000,7030.71,10627.31
1006127,102645,-34,19653.6,100000,3494.04,3257.58
1009611,108299,-3,15523.58,200000,15107.2,4173.46
1002090,100054,-4,10686.54,100000,4313.57,68589.81
1001147,108691,-10,1956.06,100000,12691.81,31347.78
1002639,200996,-35,189817.92,50000,972.82,5082.29
1005933,200007,-1,191796.57,100000,180.93,7800.8
1008743,108510,-11,6961.74,100000,22060.02,2439.42
1009416,103988,-21,19744.29,100000,5586.73,1444.89
1003615,105920,-2,42855.8,200000,22920.69,8925.29
1007372,200546,-33,16982.68,100000,24238.77,20635.47
1001503,105583,-17,2606.67,50000,4322.16,41144.91
1001011,100461,-28,53403.31,50000,43448.48,25867.26
1005343,100045,-27,50879.17,50000,11865.74,14331.86
1006034,102899,-9,143270.08,200000,8724.07,523.66
1009547,201893,-18,39787.82,200000,684.14,3933.81
1002708,106823,-28,27401.27,100000,15176.41,5803.2
1007056,105523,-15,60420.26,100000,9609.19,12679.95
1004484,201283,-23,224842.32,200000,12109.79,36125.43
1006534,108491,-23,7843.96,100000,5691.96,8022.67
1005917,108334,-32,62798.96,50000,7516.39,21811.57
1004971,108539,-29,129855.61,100000,18309.98,7830.06
1005303,108966,-21,60191.42,200000,35113.82,1233.73
1009431,200599,-35,5071.77,100000,13874.86,12156.04
1007828,108994,-16,572.81,100000,15952.29,22717.99
1009802,201216,-6,5928.53,50000,8419.87,8606.15
1006214,107412,-2,4177.2,200000,28365.94,10905.47
1009244,104807,-17,4347.16,200000,8441.77,59927.08
1003116,105540,-8,6272.18,100000,5909.31,22433.36
1002869,101296,-10,1798.65,50000,15949.22,8362.77
1004541,106719,-22,76153.81,200000,5694.91,24993.13
1004128,102245,-11,5530.43,200000,3529.1,24665.97
1009276,109810,-26,96862.54,200000,13376.32,4887.25
1001245,100481,-5,150189.27,200000,4661.01,14390.09
1000648,103424,-9,16461.04,50000,2781.13,562.31
1004142,106662,-3,78721.69,100000,582.65,927.14
1003259,101710,-28,93412.18,50000,3153.42,113994.29
1003350,106299,-18,31654.57,100000,12960.09,925.21
1007158,107756,-7,53889.24,200000,5604.19,3270.07
1008900,105972,-21,1900.34,50000,8971.32,10200.67
1004227,201610,-4,6531.92,200000,12484.28,30149.22
1007355,103136,-35,10731.22,100000,2937.91,27873.95
1002295,102950,-33,8180.04,200000,35236.01,12705.96
1000854,102888,-27,21874.05,200000,3612.2,26770.03
1000892,103526,-14,5659.91,100000,40317.71,2126.82
1009475,101850,-33,31102.98,100000,6084.4,18008.65
1009055,101327,-11,24044.57,100000,15534.17,5891.27
1002739,107386,-3,168736.68,100000,8970.68,3411.23
1005857,106527,-27,36468.57,50000,7776.59,16054.95
1007147,107856,-16,33516.55,200000,29038.19,31488.9
1008337,104292,-18,55058.09,100000,2183.78,8923.17
1003629,104037,-33,44466.42,50000,17485.04,37799.8
1007323,104671,-33,5447.8,50000,18781.64,10801.06
1004956,109909,-8,139721.45,100000,11161.85,46429.04
1009683,103455,-3,13164.98,200000,30845.06,14415.04
1009305,102669,-6,26076.46,50000,4772.05,17301.81
1005311,108819,-5,7921.98,200000,18868.21,20362.43
1006302,109556,-22,101617.62,200000,5127.13,5121.89
1007014,104810,-30,84319.22,200000,1127.49,16747.59
1007654,109726,-27,32006.01,100000,156.51,6423.05
1009705,200105,-19,15456.26,100000,4768.29,8382.27
1002720,200375,-7,192962.63,100000,15793.86,4141.87
1004250,201530,-32,53637.4,100000,13597.62,14371.25
1006014,106475,-15,11367.71,100000,494.03,1785.76
1001839,201356,-25,65151.61,50000,10188.48,23232.25
1004415,103575,-19,27923.13,200000,38439.02,28854.6
1006116,108389,-34,5211.44,50000,2555.49,8195.24
1001609,104550,-2,168612.55,200000,15992.42,8754.16
1006320,104786,-31,27893.82,100000,6240.49,24808.99
1005614,102805,-23,81115.13,200000,10225.92,28943.18
1006700,103752,-1,63040.46,50000,15328.66,7394.72
1004816,201125,-3,21576.72,200000,18522.8,1529.44
1009441,107865,-8,63727.51,200000,6167.61,20556.11
1001366,109733,-29,40304.94,200000,17238.06,8873.2
1006679,106695,-30,34013.64,100000,320.91,4370.97
1009857,108086,-24,12420.42,50000,1534.39,14330.4
1001654,104900,-5,50897.44,50000,8104.96,663.31
1005835,107890,-6,6254.59,50000,3594.24,11086.09
1000567,107816,-35,28026.57,50000,26315.47,13110.08
1005581,101594,-16,2741.9,100000,30266.92,21492.09
1005482,102460,-5,46371.94,100000,18703.22,2435.3
1005366,108863,-26,85786.55,50000,18312.37,7595.45
1006706,107490,-11,124351.38,200000,10212.79,3306.33
1003227,108841,-16,17458.73,200000,4765.95,5629.93
1002913,105249,-12,18957.58,50000,10695.07,10147.23
1006747,200160,-13,33047.92,100000,5512.65,359.77
1000879,104610,-13,18650.05,200000,7681.7,29095.8
1006440,200683,-6,171985.72,200000,46043.72,15611.84
1009570,109027,-5,54619.05,200000,11136.31,5246.99
1004305,105469,-34,41759.65,100000,15673.51,11752.6
1009377,200993,-7,1547.67,100000,6630.32,17291.38
1001157,200821,-4,55739.8,100000,1754.64,40728.41
1005644,104600,-7,32547.32,200000,2722.19,15024.83
1001272,102976,-18,76414.96,50000,19170.67,2933.92
1006698,201386,-22,55570.09,200000,13851.26,52209.53
1007114,108211,-18,113610.82,100000,4385.29,2636.92
1001098,101974,-2,42740.85,50000,22085.7,15295.53
1006154,109677,-2,41929.99,100000,4154.64,6664.0
1008173,105475,-26,105934.83,100000,8154.08,287.5
1004181,105623,-17,18332.92,200000,6840.46,20625.62
1007616,108185,-34,128419.79,100000,11828.11,13215.47
1007548,104340,-11,7223.74,50000,4111.11,28774.11
1007378,109631,-20,118178.5,200000,17721.65,26133.52
1005119,100232,-25,20051.57,100000,1512.37,13056.12
1002866,107068,-17,38636.36,100000,20688.41,1192.19
1004000,100904,-20,21440.11,50000,18931.14,14337.06
1009601,101578,-4,20395.87,50000,6881.04,15498.77
1003042,200075,-9,61281.8,100000,16680.92,6794.35
1008647,107614,-28,212.91,100000,11056.24,35576.2
1001972,201970,-31,14116.36,100000,2848.8,1098.92
1009174,101632,-28,16008.22,100000,46637.06,1435.98
1003592,102673,-24,27309.32,50000,18681.95,15384.92
1009981,104256,-6,3738.58,100000,3653.48,6057.69
1006395,105023,-33,47189.77,50000,5152.31,13885.49
1004222,100661,-6,30984.59,200000,13590.85,4932.8
1000720,100890,-19,171398.23,200000,4203.7,61966.73
1000762,101950,-31,16712.9,200000,1700.63,6811.5
1002295,102950,-27,55267.09,100000,3448.39,37329.73
1009821,106508,-20,70815.89,200000,16530.16,2886.52
1000696,104120,-4,48080.35,50000,868.17,11802.73
1004461,101042,-29,15646.08,50000,4891.69,8262.03
1003404,107400,-8,111750.43,200000,9184.32,6142.36
1003200,200532,-3,20527.43,100000,5332.73,27137.92
1007110,109408,-24,9443.0,200000,13053.16,878.0
1006332,104647,-34,1744.4,200000,17689.42,8154.5
1007070,100509,-11,20819.4,50000,3892.41,319.48
1004594,104475,-6,38423.38,200000,1171.26,31125.41
1000721,103284,-27,7893.01,200000,2412.07,18506.4
1002972,201482,-5,18469.09,100000,3307.78,5139.26
1000746,105261,-31,74547.98,50000,7878.82,10711.09
1006708,102415,-31,53329.42,200000,15268.05,9786.57
1003872,201380,-7,56861.71,50000,11965.49,5447.27
1001541,103610,-35,20953.81,50000,3554.8,44368.69
1005746,200129,-25,221371.46,100000,5038.32,19825.03
1004731,103043,-8,103611.11,50000,6867.57,4482.81
1004173,104334,-2,10929.06,50000,7928.58,15734.66
1001744,108629,-8,8761.19,100000,4659.28,2657.41
1000134,201099,-35,9483.55,200000,11556.35,2710.91
1003165,100874,-31,94021.45,50000,14694.71,14711.75
1009436,106041,-16,108439.14,50000,11855.3,489.35
1008957,107956,-25,29653.26,200000,3101.25,13133.6
1008584,104223,-13,54241.42,50000,5190.84,15579.92
1008314,106589,-20,67648.92,100000,1955.24,12442.28
1009993,103908,-4,77177.78,200000,8646.12,24850.33
1005135,200300,-3,64910.46,100000,7356.0,19347.02
1003541,106422,-13,51072.91,50000,3667.48,15766.3
1007884,102949,-12,21324.11,100000,15723.85,2520.76
1002328,103485,-26,24921.71,200000,15623.48,24704.36
1007607,100077,-15,4422.33,100000,2512.1,24355.98
1002602,100390,-2,64105.86,100000,15320.74,1745.16
1005145,201090,-18,8281.07,200000,6042.6,34961.55
1006533,107608,-9,124463.41,200000,3456.48,20009.86
1004280,102279,-13,10738.5,100000,1659.46,9518.17
1004791,109279,-26,85263.79,100000,9635.53,4027.94
1001915,201534,-14,20562.22,50000,29970.67,6142.69
1001883,105144,-22,180483.09,50000,25713.35,16330.57
1009835,200880,-5,21673.52,200000,4792.29,2748.74
1007016,108453,-11,45556.28,200000,11187.94,3569.03
1005443,105826,-21,168683.36,50000,6385.67,5786.11
1006352,102162,-16,11829.58,100000,1220.11,5262.96
1005557,102686,-16,12327.34,100000,219.49,3774.45
1006740,106266,-13,21223.95,100000,480.05,1115.5
1009317,104189,-14,72050.22,50000,6824.73,2916.12
1001316,100587,-1,176390.17,100000,9148.55,1102.38
1000108,102399,-10,98914.76,200000,34708.49,14766.71
1005254,101207,-31,27009.21,100000,3192.36,31665.46
1000566,200541,-1,348.02,100000,276.49,1731.41
1003358,100350,-29,6026.24,200000,21435.99,18632.92
1002264,103023,-7,674.12,200000,18228.92,32619.59
1007404,105563,-6,7177.15,200000,16871.21,7796.36
1005634,201367,-6,45285.46,200000,1470.52,37310.5
1008968,103710,-22,22297.21,200000,4132.03,4661.44
1002497,200053,-21,29923.51,200000,1686.13,7197.4
1002681,102727,-8,129639.78,50000,6751.93,20269.11
1001979,103238,-16,35689.79,200000,14139.93,34974.33
1008156,200181,-6,66561.58,100000,1072.57,11687.87
1001481,200925,-27,147141.5,50000,671.43,6276.56
1006435,105749,-13,4572.41,200000,11422.91,2040.95
1001806,105442,-35,44165.9,200000,4228.29,14871.45
1006039,106041,-32,16928.5,200000,1151.95,1997.4
1008588,200895,-28,59272.2,100000,736.74,3534.31
1004035,105410,-10,14511.64,200000,16315.75,8525.98
1001945,100699,-17,20064.44,100000,8603.6,34914.2
1008836,100740,-9,108522.13,50000,5530.29,14621.83
1000254,103536,-19,40352.82,50000,10241.94,53768.22
1007605,101240,-14,21358.34,50000,2766.47,1482.27
1002235,101279,-6,155729.36,50000,21912.72,20257.4
1006000,108449,-34,77303.81,200000,21926.9,1778.07
1008599,106167,-2,9628.82,200000,3419.81,29941.71
1006285,106466,-33,33772.19,50000,23915.23,1311.38
1001636,108965,-8,2576.96,100000,4960.89,5539.27
1005460,201462,-16,95005.47,200000,8071.38,1132.85
1005868,104755,-9,135325.15,100000,3509.1,44948.19
1001431,103444,-3,82540.26,200000,13726.39,1589.64
1000080,106617,-4,32906.25,100000,3942.27,6925.24
1008045,200141,-16,31960.17,100000,228.79,9902.6
1003802,102714,-8,123588.11,100000,8084.88,1948.97
1003233,108353,-1,13729.06,200000,2533.39,10156.59
1008275,109049,-28,30634.89,200000,3897.31,29918.83
1003497,105788,-30,34125.42,200000,1731.87,11545.17
1001102,201560,-34,8032.95,50000,10712.43,6333.99
1007322,100578,-31,27520.73,200000,3180.71,9601.64
1004354,201850,-15,17884.64,50000,2665.69,11597.48
1002772,108839,-7,59341.78,100000,16063.56,5346.9
1000738,101406,-31,16154.54,50000,8024.64,2248.61
1009252,104993,-3,46155.61,100000,604.61,41304.68
1000416,105843,-2,9619.19,100000,438.8,20968.38
1009619,108540,-13,25593.92,50000,4294.3,5965.97
1000270,109971,-19,5737.64,200000,15716.36,5451.51
1009478,103799,-2,161476.62,50000,8422.34,3169.82
1003378,108963,-31,45956.95,200000,15025.51,101.11
1003299,109160,-14,20245.65,100000,1032.32,1134.17
1002876,103720,-31,133128.49,100000,7894.65,8267.99
1000054,201824,-21,4655.63,200000,1892.68,1718.15
1000233,102513,-28,31307.08,200000,11218.91,12712.58
1002739,107386,-12,29542.59,100000,4563.77,8131.56
1008059,100377,-2,16794.79,100000,2544.19,5839.82
1000316,109914,-4,70062.1,50000,5037.16,42626.16
1006370,201254,-22,86332.8,200000,3501.52,2231.5
1007653,106349,-34,81611.95,50000,1202.54,18986.46
1008770,108483,-20,6024.11,200000,9422.81,73541.68
1007667,107712,-21,26388.16,100000,9314.85,32453.92
1004653,102814,-25,3542.0,50000,6587.75,32768.41
1009549,104289,-16,26309.89,100000,28892.92,13164.89
1005190,200775,-32,23601.32,200000,22246.74,1605.31
1004270,107485,-1,66673.85,200000,14676.28,668.72
1008137,200864,-15,40054.74,100000,28173.54,23356.59
1006926,105070,-11,139412.02,200000,9995.08,41919.19
1000186,103555,-26,64650.79,50000,2023.7,38323.71
1007908,109528,-22,82920.87,100000,759.57,13962.74
1000947,201477,-35,166122.77,50000,13525.25,2811.72
1002630,107699,-6,29924.58,200000,4905.55,915.64
1005492,108541,-11,35040.42,50000,7483.0,16907.32
1009860,200776,-1,132089.89,50000,1766.29,1319.66
1009225,100352,-12,42619.05,100000,46433.86,48520.42
1003599,104580,-32,36362.02,200000,4892.91,28696.49
1007697,103590,-7,86857.14,50000,14458.22,18273.38
1005200,101421,-3,42620.44,200000,3532.75,10462.64
1009630,200952,-23,38582.01,100000,3875.81,35107.19
1001967,108488,-22,44704.6,50000,1771.61,19061.92
1009065,200573,-3,378736.02,100000,6036.95,284.4
1004362,100227,-3,25662.16,200000,1130.19,65076.84
1004177,106291,-9,12053.55,200000,26355.53,13313.71
1008267,103081,-17,179857.25,100000,18463.27,13954.88
1006982,104021,-9,80660.67,50000,4926.12,2255.62
1009432,109409,-8,50540.38,200000,17332.04,21809.63
1003699,109948,-27,360.78,100000,6379.73,5827.77
1003830,109981,-29,84328.5,200000,2550.0,19648.71
1005129,106578,-22,2650.81,200000,4945.98,1545.21
1009700,100036,-17,63140.83,100000,1756.76,33192.47
1001145,201583,-16,1501.45,200000,1498.57,5127.93
1000858,105394,-21,37521.56,50000,9796.18,4879.11
1008696,103672,-13,20668.91,200000,8466.6,23536.32
1006019,100570,-28,181610.18,100000,12893.45,6450.84
1000482,107050,-34,17870.12,100000,22290.71,15736.45
1001439,201442,-35,37286.8,200000,18235.77,10536.69
1001110,101179,-21,7943.71,50000,28761.2,15065.09
1006893,109290,-18,5319.56,50000,42194.05,25.75
1006593,201755,-33,11009.63,50000,908.04,14679.39
1001292,100334,-28,7041.93,200000,4475.62,23928.1
1009831,105708,-2,82637.08,100000,659.72,25784.63
1008049,108267,-18,80016.89,100000,29521.72,16282.68
1006189,105334,-25,64433.81,100000,24342.82,3498.0
1006024,101785,-14,29034.06,50000,4274.75,9635.94
1005419,104854,-9,72063.57,50000,2588.69,8674.65
1007753,103299,-30,54059.87,200000,4486.63,57687.55
1006988,201496,-12,3788.95,50000,7894.14,12005.69
1000443,106957,-5,19903.25,100000,14180.72,12347.86
1001750,104618,-19,27688.68,200000,4552.33,85.04
1003482,109861,-6,7582.28,200000,281.16,6974.11
1003301,108765,-6,481.51,200000,7058.12,2046.0
1005568,100021,-19,4769.58,200000,28915.13,5782.43
1007597,201819,-8,30165.33,100000,3360.13,22643.91
1006227,107605,-30,83389.69,100000,427.45,3152.54
1005617,201978,-26,11144.74,50000,16788.65,2046.96
1006657,109902,-22,20751.97,200000,8354.63,2198.78
1002699,109893,-20,26383.64,100000,18796.14,14328.54
1006555,103577,-6,4926.81,50000,26804.84,8442.52
1009988,103264,-23,25727.62,100000,24209.19,8156.95
1007014,104810,-9,11276.27,50000,5476.92,24398.71
1007740,101400,-18,6317.28,100000,12082.8,7592.7
1004220,200283,-15,55191.16,50000,5767.37,585.8
1001828,101626,-15,51622.4,100000,16023.7,5515.52
1000127,108278,-6,82994.52,100000,18293.68,26320.97
1004662,109410,-24,10103.35,50000,3375.04,2635.03
1003465,109687,-26,87896.34,200000,8778.27,5682.96
1003869,108657,-25,6224.79,100000,2342.4,86023.58
1002654,100386,-3,96719.99,200000,3919.38,4629.95
1007925,100377,-27,42375.41,200000,4432.75,13348.49
1004935,102480,-33,10065.82,200000,7058.7,17541.99
1008764,105604,-23,108016.65,50000,527.47,14042.34
1006654,105576,-31,49218.47,200000,1236.1,12793.91
1008217,201402,-5,109422.31,100000,31639.28,16391.46
1001371,100368,-33,14748.71,50000,19690.54,10420.18
1003616,108122,-28,30984.18,100000,3495.98,5448.05
1000613,109397,-17,95187.35,50000,2639.44,28100.73
1003706,108503,-26,56017.75,100000,29879.75,10311.45
1003695,200807,-35,59829.31,200000,4856.01,8775.54
1005358,102760,-35,24213.12,50000,21766.68,6533.97
1008670,200083,-21,172204.38,100000,4518.79,3892.51
1003506,104097,-20,19274.36,50000,1070.74,11446.88
1007069,102936,-8,106883.8,50000,4705.84,26684.34
1004799,109417,-33,45730.93,100000,14969.72,5837.65
1009234,104984,-9,28513.31,200000,5854.0,12948.56
1001385,106448,-13,1232.91,50000,18210.29,5604.22
1002404,106310,-3,52054.26,200000,9427.43,44126.93
1006051,104505,-25,29043.6,100000,13282.03,10069.27
1006541,100074,-35,18427.6,200000,6000.98,3880.14
1006340,100610,-11,171217.69,200000,2913.27,17940.32
1000919,102394,-12,66112.86,50000,823.29,19427.02
1003144,108203,-5,42835.37,50000,18029.62,2484.69
1003067,201092,-26,28984.84,200000,17756.4,11488.46
1009364,107536,-34,54945.52,50000,1631.16,248.71
1008577,105990,-2,66283.89,200000,7523.67,13152.28
1008030,107282,-19,38207.7,50000,542.64,14219.53
1003623,108028,-15,108889.02,200000,19735.04,18777.49
1000921,103031,-7,45039.78,50000,615.47,14034.53
1000171,108406,-10,81291.44,50000,6237.93,7055.38
1000732,105279,-25,40933.35,50000,1353.71,38510.59
1006977,201089,-9,9769.73,200000,3982.53,20433.23
1002975,100428,-25,45929.83,50000,54586.74,5470.96
1000603,108447,-12,23857.15,100000,7351.04,24261.27
1000023,109312,-8,46215.21,100000,9132.81,6389.8
1007194,104611,-31,78713.16,50000,6306.47,2392.16
1008178,101865,-31,94126.65,100000,6089.81,9743.73
1000548,201890,-20,1992.49,100000,10011.97,22424.74
1003871,107122,-12,81250.64,100000,4882.02,7782.23
1006155,109060,-17,37772.21,100000,14040.66,11862.05
1006159,104699,-31,20782.0,50000,7436.81,5933.94
1007998,108429,-28,24265.38,100000,7324.58,17206.69
1004466,100715,-30,28029.82,50000,947.93,58601.09
1001290,109303,-22,97181.93,200000,4007.12,857.98
1009875,104448,-31,20492.7,200000,9007.02,13661.71
1003961,200539,-8,21830.56,100000,2310.93,48.67
1004263,108131,-35,5987.87,200000,11851.32,6098.92
1008887,101109,-7,16870.7,100000,6078.6,3712.3
1003552,102956,-15,48777.29,200000,1055.56,8273.9
1001645,102321,-9,19725.6,50000,1740.4,27740.33
1001434,104678,-10,759.77,50000,479.7,7285.03
1002415,201446,-29,8062.2,100000,2583.49,32365.03
1002046,100411,-25,1661.45,200000,4085.74,31228.08
1000894,101186,-15,35185.1,100000,22353.27,5426.8
1006038,105046,-1,65899.42,200000,24207.1,6977.33
1005856,200299,-22,15371.28,50000,3366.86,3223.55
1001435,106129,-12,24223.86,100000,2241.78,7599.13
1007030,103781,-35,1527.68,50000,8351.46,54303.09
1009652,105229,-3,21008.42,100000,936.2,5392.13
1000993,100134,-35,37163.11,100000,7949.37,4191.26
1004437,102324,-23,167170.08,100000,27220.51,9538.05
1000429,108014,-34,40769.4,100000,9099.92,4726.44
1002769,106900,-13,51000.3,50000,934.53,414.77
1008724,201818,-30,3105.06,100000,3864.97,13961.9
1003734,200733,-11,61506.54,50000,10035.24,9974.79
1008967,109201,-10,59881.0,200000,184.23,5287.67
1008638,101743,-25,2718.52,200000,8005.59,36.09
1001913,100706,-4,86747.56,100000,306.91,14553.34
1002795,103652,-35,35187.07,100000,15078.56,8561.28
1003874,103943,-22,44695.38,100000,10445.74,2181.91
1006459,109667,-22,43502.03,50000,1176.22,2155.33
1000307,108972,-15,88862.07,100000,6412.33,14295.22
1008290,101385,-1,47942.84,50000,2339.69,6420.51
1006126,104206,-12,56349.38,50000,7232.32,17795.06
1007884,102949,-4,441.02,200000,697.84,24731.45
1003796,108845,-20,35906.15,200000,27561.12,62214.52
1001678,100838,-23,18225.08,50000,15779.93,41251.72
1000706,102334,-32,50727.11,50000,22096.79,40028.38
1001871,105202,-32,4596.9,50000,3472.75,6312.23
1008148,101278,-6,26543.89,100000,9212.47,41957.49
1002895,201295,-22,10593.72,100000,13046.11,3769.32
1007394,108015,-34,96893.68,100000,3414.78,7334.37
1003011,107678,-9,22411.8,50000,16224.41,8387.61
1001846,100827,-23,39112.64,200000,2534.64,39909.12
1001475,101287,-29,18780.48,100000,12248.57,6904.54
1006615,106651,-12,78215.52,50000,617.97,24406.93
1008152,103937,-3,49375.49,100000,7710.48,2395.3
1004180,102878,-16,41717.25,100000,679.94,5360.06
1009862,100476,-22,5572.58,100000,40484.77,23083.83
1002333,107588,-4,38728.42,200000,7272.89,7785.71
1000727,107254,-9,7153.91,50000,1191.35,13940.75
1005119,100232,-4,46962.02,50000,10052.35,11015.84
1000930,105046,-21,67803.41,200000,11120.69,27944.2
1007388,103848,-17,19836.05,200000,11817.55,16286.65
1003174,103629,-27,71415.25,50000,3181.95,9562.47
1000522,103548,-3,4344.97,50000,243.46,13450.52
1004954,101326,-18,26754.99,200000,15081.82,4413.16
1007884,102949,-27,20379.35,100000,10473.22,6086.49
1003936,107045,-4,5521.83,200000,1573.9,10112.69
1007703,109599,-27,123696.93,50000,12059.27,3945.74
1008637,103274,-10,58122.46,50000,2098.18,4813.81
1003714,201245,-29,127729.0,200000,21069.37,21882.71
1005655,107611,-22,24780.42,100000,3424.28,31997.42
1008067,108511,-35,1518.29,50000,34007.42,303.43
1009648,103176,-30,19312.44,100000,6513.99,3786.15
1005935,200559,-11,48589.67,50000,16023.16,3056.69
1005932,106130,-5,30182.73,50000,1830.64,17034.74
1009976,104046,-34,84461.1,200000,3567.99,14328.34
1005002,105190,-33,60594.18,100000,6362.52,9118.07
1000113,100105,-9,83781.79,50000,2784.99,17517.81
1002303,105284,-11,29135.24,50000,11084.72,8058.83
1003241,107884,-11,9784.28,100000,5393.66,11046.44
1002655,109668,-16,73358.4,100000,25818.4,69620.1
1005852,100968,-16,18262.74,50000,50740.85,20088.27
1006098,105266,-21,2317.57,200000,1344.45,2270.77
1000412,102266,-31,31440.0,200000,17023.32,2624.81
1000039,109418,-7,60289.96,100000,2820.12,20511.72
1007298,104457,-13,20277.54,50000,15804.28,9385.57
1007108,102298,-23,31990.03,100000,15362.24,7193.23
1005336,105444,-1,25856.74,50000,1959.89,15105.81
1001834,101889,-14,117555.19,100000,15120.96,30866.08
1007519,101371,-1,76888.06,50000,1114.81,284.56
1004081,108969,-23,45404.3,100000,8243.38,7793.02
1007760,102052,-19,16946.59,50000,5976.42,14647.85
1009918,108515,-1,5863.46,50000,6728.66,5839.31
1001849,101312,-10,23562.21,200000,7656.82,9961.65
1008019,105631,-7,41683.8,100000,7022.08,20748.32
1002757,107324,-27,117079.46,100000,1942.89,6918.48
1007129,200115,-4,13939.77,200000,1277.54,15516.22
1002823,101894,-26,50684.88,100000,162.87,7637.41
1006399,100426,-29,39312.66,100000,278.44,28535.09
1003173,201835,-13,15945.7,50000,36070.82,15341.41
1007730,201788,-22,94420.14,50000,2097.67,39136.77
1008808,102823,-31,26104.9,200000,10898.55,8362.78
1005912,107266,-2,6680.82,50000,6211.2,4904.94
1008383,103963,-13,88837.98,100000,10804.84,11648.31
1006140,101448,-4,897.86,50000,23289.18,36049.73
1005292,107929,-10,43052.15,100000,1551.56,5282.68
1003946,201792,-28,29746.32,50000,28617.92,13342.24
1008043,105128,-13,54193.55,200000,6231.79,3219.14
1002606,104097,-21,37144.69,100000,32662.19,8916.56
1007122,102485,-6,15581.32,200000,9502.92,39099.91
1002980,105575,-12,4516.41,200000,33748.94,3476.06
1002901,109518,-34,46461.91,50000,58464.93,696.19
1001582,104822,-26,65095.94,100000,2889.2,15929.65
1008381,200975,-34,19565.28,200000,2255.44,4261.77
1007346,201330,-23,4094.1,50000,3827.69,6609.94
1000313,106966,-30,95021.5,50000,11196.04,2207.51
1007688,100901,-26,31527.96,100000,846.68,14453.44
1003555,108210,-4,34095.76,100000,38500.69,16955.19
1005930,102234,-18,24009.45,50000,24410.5,4622.17
1005004,106417,-12,55266.23,200000,2852.82,22435.85
1003301,108765,-18,8950.93,100000,15811.11,35499.75
1005679,107945,-22,19095.79,100000,4813.04,849.93
1003082,103806,-19,11181.54,50000,4949.96,8335.63
1000878,101826,-8,12106.0,200000,17723.05,22628.01
1008267,103081,-3,8258.04,50000,13241.99,7933.59
1009531,200055,-27,83768.6,200000,31874.77,35776.9
1006758,101515,-20,16031.06,100000,6380.27,16672.2
1009719,104902,-29,49622.21,200000,213.22,2333.64
1002867,107655,-11,40490.28,100000,914.0,20463.61
1006151,103802,-16,14362.46,200000,1620.11,12868.43
1006520,100706,-35,4423.06,50000,25919.71,10073.6
1004506,101280,-32,4985.14,50000,5283.61,17190.49
1002448,201173,-30,9809.14,50000,16404.97,7258.9
1006199,103991,-5,21766.03,100000,4816.21,6767.79
1005635,107046,-9,9282.03,100000,10167.52,22232.45
1002477,106389,-29,8006.72,100000,2083.39,101344.57
1006873,100672,-11,94926.71,200000,4100.8,27925.21
1001473,200670,-10,38643.22,50000,11763.07,13572.71
1003219,103623,-15,14355.54,50000,20429.28,7171.9
1008932,106544,-6,39885.48,200000,198.64,5730.24
1009487,106544,-18,31040.22,200000,1973.05,979.64
1000752,200108,-29,18331.97,200000,10557.11,7641.77
1007106,106744,-2,67221.5,50000,5404.16,1728.14
1009636,109474,-26,175661.74,100000,25231.07,15181.53
1009643,106945,-5,7705.18,200000,1655.29,9509.45
1001855,101102,-16,23182.03,100000,688.83,3421.45
1007074,105208,-24,29508.41,50000,10938.75,15474.6
1008254,107401,-14,4553.59,100000,4454.28,16399.74
1003646,201858,-21,98864.24,100000,8113.47,35939.4
1002738,106296,-25,7528.77,200000,6818.61,3699.25
1005751,104129,-34,2864.01,50000,52.33,23325.7
1000461,106885,-26,8968.79,100000,11560.39,9619.06
1003178,109038,-5,234489.23,200000,1565.11,7761.3
1008475,200819,-30,49087.86,200000,19030.87,6164.77
1009090,200627,-1,6099.21,100000,21336.3,8910.25
1008342,103062,-4,92934.87,200000,20005.12,1485.02
1005694,109703,-23,705.04,200000,23446.46,12159.17
1005950,103671,-10,106841.73,200000,10648.56,11107.61
1008931,101406,-30,468.81,100000,290.41,13608.55
1009330,109138,-35,1098.78,200000,3113.43,5751.67
1009503,105628,-25,64008.52,200000,7928.8,18200.79
1003106,102845,-8,98462.05,50000,8189.77,33508.56
1009734,201464,-13,20489.41,50000,4662.32,2383.29
1001918,101911,-19,93169.91,200000,9678.24,8159.72
1003037,200565,-17,83190.25,50000,1364.54,6206.3
1001401,200292,-29,64176.93,50000,10841.17,2826.37
1009395,106870,-1,73136.17,200000,26261.56,20444.35
1008635,109829,-27,61398.82,100000,1206.75,57502.73
1006237,100661,-12,26410.48,200000,2607.21,6201.66
1002298,109011,-26,56970.26,200000,23327.42,36430.42
1007761,104257,-5,59458.42,100000,9232.93,6748.98
1003493,100500,-16,21071.79,200000,984.46,20399.84
1002308,201930,-1,107736.51,200000,406.79,49831.71
1001896,102807,-27,16854.54,50000,3376.91,6878.5
1003728,201338,-14,9770.9,50000,17735.53,19785.48
1006148,109242,-19,3617.32,50000,9435.66,7661.94
1004911,101605,-30,5704.78,200000,4612.35,25673.72
1006196,101767,-19,48435.33,200000,7162.31,26910.69
1002717,200140,-13,7297.03,100000,12213.86,37182.05
1006594,105933,-25,78076.18,100000,4850.41,135.08
1002063,100164,-32,238497.77,50000,5778.34,21400.25
1003305,109866,-31,37988.33,100000,21404.23,1802.69
1003215,109302,-31,4366.27,50000,15160.98,14399.57
1007586,103384,-4,38315.52,100000,1949.31,33895.12
1003611,108820,-8,37631.84,100000,11937.37,5069.14
1008223,104640,-30,3237.58,100000,26724.17,3976.66
1009608,201918,-10,87644.06,50000,12491.63,5890.23
1007991,200679,-2,3722.48,100000,31214.6,13124.53
1005037,103267,-25,30543.19,200000,6480.38,6979.85
1003455,105030,-6,31221.71,200000,5408.78,40919.52
1009235,107010,-5,14081.34,50000,1395.1,10618.63
1009429,100426,-10,5198.19,200000,2630.98,13659.05
1000779,101957,-15,33472.46,50000,9801.56,14182.43
1009342,201484,-16,48031.15,200000,9375.26,15973.76
1002768,107016,-33,14569.98,100000,4165.46,1766.31
1003156,109173,-29,16057.39,100000,26413.78,38560.54
1004982,106443,-33,23464.98,200000,4599.72,8152.8
1004814,106943,-29,45766.23,50000,23384.65,47915.26
1005847,104844,-7,48980.22,200000,23791.53,10132.16
1006719,101464,-4,14112.21,200000,3155.02,23505.87
1001852,106688,-18,26660.64,50000,3902.61,11796.74
1003656,100071,-13,13236.88,200000,5583.34,4105.23
1008278,108056,-6,10850.69,200000,6449.9,12507.06
1001176,107687,-27,67582.76,200000,10159.05,19617.96
1000855,102294,-6,58063.29,50000,14041.19,27801.17
1005058,101905,-24,8866.4,200000,2190.8,6812.5
1003825,104799,-13,27932.95,200000,5491.73,33397.9
1002345,201321,-30,3513.41,100000,6862.41,12487.18
1007527,201100,-17,42964.45,100000,1998.36,2135.71
1003312,101547,-2,25264.47,100000,10340.59,504.62
1001959,105021,-9,136545.62,50000,795.24,6551.85
1003990,104922,-4,10143.08,50000,1922.74,14227.77
1003394,105229,-26,10395.45,100000,27072.64,10213.28
1001789,106881,-28,33730.63,50000,3206.26,8899.85
1001647,101942,-27,10746.26,200000,28459.16,18745.89
1002907,109722,-11,75869.83,200000,37157.15,26775.81
1002797,109397,-15,11452.64,100000,17889.21,63933.85
1002370,104816,-19,69675.94,50000,2338.4,10391.04
1000769,101268,-22,41433.44,50000,1578.86,13425.53
1005950,103671,-11,161792.45,50000,45738.2,8.63
1009724,105437,-21,9614.12,200000,10217.89,38963.12
1005809,109697,-18,92169.68,50000,23776.25,33854.72
1005305,100231,-20,18659.58,100000,4924.52,26996.41
1004376,107422,-27,53458.61,200000,4880.96,123.52
1007628,104293,-19,12583.18,50000,4085.41,825.96
1003744,105209,-11,7405.2,200000,12896.46,27479.28
1006323,107449,-14,6634.72,50000,15999.82,12542.44
1000691,200269,-19,73434.67,100000,9571.8,7435.99
1000251,106366,-18,105718.53,50000,1438.86,6833.5
1004253,201281,-2,39577.41,200000,21086.68,6568.04
1009087,108116,-19,46720.7,100000,13115.05,1805.16
1005257,107162,-14,44198.31,200000,97.37,46182.45
1001067,100477,-17,2277.83,100000,11694.94,18279.09
1009514,106459,-30,8425.43,50000,33042.7,20322.77
1003105,100777,-29,110871.98,50000,3580.34,2030.14
1004918,104918,-24,108935.94,200000,9436.57,1915.72
1000228,102504,-21,35670.91,50000,8154.91,8751.97
1008430,100204,-2,53520.16,200000,1630.15,10361.85
1003741,101309,-7,115399.93,200000,4757.32,3155.61
1009738,105727,-26,2103.4,100000,24170.77,2361.46
1000944,100515,-9,65614.32,50000,9315.66,3292.93
1005804,108099,-30,21644.6,50000,45593.88,24026.15
1006979,109537,-22,49215.49,100000,15573.04,382.25
1004443,100294,-2,25410.96,100000,7085.23,40635.51
1001423,102800,-25,18963.87,200000,8278.12,17950.33
1003125,102512,-22,21030.11,100000,7259.35,1173.92
1007680,103941,-4,158697.18,200000,3960.24,9404.43
1009327,201733,-11,15042.5,200000,7290.35,8796.71
1002926,106863,-16,63833.24,50000,12649.15,11965.47
1009627,103381,-22,15900.2,200000,26653.04,32805.3
1005074,104245,-28,98011.46,50000,21327.92,13568.84
1008313,103727,-15,998.12,100000,1678.37,9555.59
1000057,109273,-25,32152.25,200000,8300.09,9340.46
1009323,108177,-9,40914.23,100000,40.38,15457.8
1000493,104006,-12,32102.88,50000,8383.77,19544.7
1009294,201901,-27,15604.98,50000,19002.98,7000.13
1000086,101314,-6,62368.77,50000,16331.37,13098.54
1002755,201080,-20,13778.61,50000,14718.51,12022.75
1006837,103922,-24,15381.94,100000,7406.08,8014.24
1003360,109550,-24,137565.04,100000,20387.47,5701.89
1002866,107068,-14,8427.62,100000,8742.52,3027.65
1001189,108720,-2,44963.86,50000,7404.39,8448.63
1005347,104060,-27,61320.21,100000,3081.93,26577.62
1006660,101360,-17,26553.19,200000,7546.98,22513.12
1001625,107664,-11,24122.33,100000,4718.42,10572.3
1008414,105175,-33,44477.11,100000,7142.86,34748.19
1000401,102850,-30,43724.14,100000,1577.06,696.73
1002285,100601,-3,95756.42,200000,3372.5,5013.18
1007764,108528,-5,9771.85,200000,17700.09,8481.64
1009664,200973,-18,7455.05,100000,3549.32,23317.66
1009446,106178,-33,129043.91,50000,3060.11,1444.0
1005822,108818,-5,102757.48,50000,7764.27,34492.95
1009508,102813,-29,5459.86,100000,3454.22,32517.67
1008663,101025,-16,66953.97,200000,26.62,772.66
1007109,200232,-18,83425.41,100000,286.93,15401.3
1005544,105665,-35,31869.19,200000,44859.18,4027.48
1003510,103005,-9,84228.68,100000,10419.54,34454.37
1008655,105886,-30,16539.88,200000,8816.22,9778.77
1003596,106965,-7,36788.29,50000,1781.99,26273.21
1009327,201733,-19,7258.34,100000,6694.47,2565.3
1007451,105270,-13,94031.79,100000,12458.41,35575.69
1004948,201377,-17,119222.28,100000,253.23,31505.92
1001323,102817,-35,49213.69,50000,2077.04,49686.55
1005740,108707,-16,16264.94,50000,5322.53,5947.83
1008313,103727,-6,18675.08,100000,4660.82,6125.46
1006887,106460,-30,272.13,50000,15241.46,2355.38
1009113,102499,-30,46931.44,100000,20458.49,13414.55
1008866,102705,-16,6205.9,100000,52774.33,1229.76
1005351,108140,-20,24644.73,200000,10054.33,3760.04
1005485,104379,-33,69444.02,100000,1073.49,29817.46
1002648,201238,-32,57518.84,100000,10381.63,741.21
1003972,107527,-7,30105.0,100000,19872.45,20225.89
1009688,105373,-6,11414.69,200000,4413.42,931.59
1007432,103487,-13,47503.13,50000,4104.4,9113.97
1000679,106835,-21,170329.15,100000,3575.68,13566.36
1005244,106800,-25,51243.71,200000,13080.93,30312.56
1009220,108294,-29,10280.24,200000,2678.23,2329.7
1001777,108636,-33,21418.15,200000,5123.97,12485.5
1003617,201513,-10,13926.57,50000,8043.49,22072.71
1009851,107970,-30,3462.8,100000,4970.13,8876.18
1001835,103714,-17,16702.26,100000,530.42,25140.14
1007963,102387,-1,64046.96,50000,3599.45,20198.76
1004622,107934,-2,51081.92,200000,5941.13,11131.15
1007520,106042,-16,29892.7,100000,20868.32,3430.78
1006681,105761,-14,6807.93,200000,9587.12,3941.84
1007246,200470,-18,87771.28,200000,146.37,57801.14
1000212,108648,-19,4003.17,100000,42861.65,1788.86
1004511,102507,-18,20356.41,50000,5369.62,15622.72
1003518,108704,-19,18939.69,100000,14549.88,28043.63
1006412,104600,-29,38622.23,50000,256.36,6571.81
1005249,104693,-27,35350.48,50000,13322.06,3220.95
1001153,102648,-19,44258.5,100000,217.42,14520.69
1003993,101056,-3,6407.79,50000,9674.26,11920.3
1009029,105391,-5,917.93,200000,20481.14,6005.54
1006946,102170,-5,20057.89,50000,6001.96,4108.52
1006471,101169,-6,34459.32,200000,6709.29,4756.45
1007104,104839,-3,261749.55,100000,8347.66,11092.84
1004494,104491,-2,78699.91,200000,3404.0,4044.31
1006892,107000,-31,14617.09,200000,4148.07,18814.47
1004566,100810,-7,37602.93,100000,11602.73,16419.15
1001933,104641,-6,18304.03,200000,6057.32,17667.92
1002644,102327,-19,32978.33,200000,2619.77,957.03
1002178,103618,-6,101940.33,200000,39702.03,5873.65
1007991,200679,-32,13797.99,100000,4132.02,15938.16
1002088,102295,-33,3038.69,200000,34935.31,34584.05
1006908,104434,-12,120449.52,100000,2336.05,6320.58
1003888,104490,-25,8684.56,50000,12986.82,29870.07
1003226,105568,-14,19838.03,50000,13007.42,6604.22
1006421,105078,-14,20288.4,200000,13937.53,328.79
1006502,108055,-30,29248.24,200000,647.72,6804.59
1002137,109128,-34,133506.7,100000,26250.44,11731.97
1008245,108417,-29,47979.45,100000,6431.85,1909.26
1002680,109486,-7,12653.39,200000,30017.52,29174.98
1008833,104112,-6,3494.84,200000,6965.08,11141.74
1007868,103417,-6,40414.38,100000,5155.38,11282.85
1004190,106282,-35,9883.81,200000,22782.83,468.54
1007350,200581,-1,49957.95,100000,476.6,4753.66
1008632,109579,-15,71401.7,100000,694.21,12358.22
1002659,102174,-4,114528.53,100000,10886.22,42557.91
1004724,107145,-34,8603.81,50000,5533.22,5913.69
1003139,102920,-20,55071.2,50000,22687.23,19465.87
1006404,106063,-14,1950.07,100000,5192.63,2331.54
1005339,100134,-9,24225.92,200000,7829.97,36571.3
1009041,105111,-16,47461.63,100000,9118.86,8.03
1004977,106191,-27,33820.49,50000,1599.52,17065.47
1007501,103069,-11,26682.7,200000,33695.72,23061.32
1001568,101905,-6,15570.2,50000,28041.98,6413.76
1009401,104515,-21,71729.95,200000,5696.04,10004.74
1000924,201155,-29,80096.35,200000,475.27,36250.25
1006881,105025,-25,56792.67,200000,1751.77,27743.81
1000093,107125,-30,105883.31,200000,7286.16,7927.75
1005941,102499,-26,42627.4,50000,4863.44,13611.61
1004439,100567,-6,17742.38,50000,4715.55,16271.91
1004219,100098,-5,32592.2,200000,1402.4,51839.56
1005967,105374,-27,93639.73,100000,10143.82,17084.94
1002721,200254,-24,8208.63,50000,886.74,12197.36
1001136,103083,-22,34818.62,50000,141.26,13619.38
1006079,105086,-35,10580.19,200000,1046.28,40525.93
1000278,101485,-31,104183.17,50000,15568.22,18915.15
1001869,104786,-30,40747.09,50000,3987.09,2122.95
1008261,200155,-29,26394.85,100000,16830.97,19983.84
1009149,104061,-18,122874.9,100000,50.74,30154.42
1002874,104801,-14,63812.09,50000,1101.75,9930.05
1000487,200758,-9,14804.61,50000,8177.67,20138.88
1004052,100465,-34,7442.28,200000,15002.8,8533.8
1002369,107912,-1,75474.67,50000,2578.67,8508.82
1002857,200305,-19,14136.4,200000,10126.7,5124.25
1000431,105230,-32,110865.31,200000,29060.56,4013.03
1001637,108714,-8,29408.1,100000,6206.41,7874.56
1007846,200151,-11,60137.58,200000,3626.45,32731.83
1008981,200977,-2,77379.36,100000,39071.26,27768.51
1009697,107429,-8,13751.61,100000,5321.2,5414.13
1008973,100474,-4,74589.75,100000,528.0,6442.39
1008671,109305,-14,5754.88,200000,2053.16,3108.03
1002965,101060,-35,70437.35,200000,13973.26,5925.09
1009417,101586,-28,33430.36,50000,21653.96,8549.78
1002496,109188,-29,35021.24,100000,1751.27,4990.76
1002985,103756,-31,148178.41,100000,1724.7,32106.9
1001007,107250,-26,20963.47,100000,29744.02,6956.82
1000114,201578,-6,44046.76,100000,20933.05,298.08
1009460,201337,-2,51919.04,50000,9101.6,29247.47
1006426,102632,-19,94035.77,200000,5075.92,27127.32
1001570,108690,-16,61218.73,200000,2626.36,9716.06
1003994,104281,-9,26575.26,100000,10407.65,1857.56
1007749,104083,-3,103174.71,200000,19947.52,24034.32
1009486,103475,-4,3124.79,100000,2995.59,4021.22
1007878,105620,-34,55650.34,100000,5437.26,6021.95
1001429,108341,-26,39897.64,100000,9486.78,3448.58
1004988,101758,-17,28233.83,50000,9625.34,6983.14
1003560,101672,-25,10428.67,100000,16467.31,9127.71
1006744,201940,-27,6617.1,50000,4317.96,10400.41
1001863,201281,-21,4072.25,200000,13524.57,7707.29
1001536,107755,-34,119331.22,200000,6719.75,5352.85
1009302,100335,-11,28293.95,50000,10411.47,14959.93
1004242,102210,-24,29585.21,200000,25381.35,14637.96
1002414,101001,-15,33532.43,50000,10642.59,26203.37
1003595,101315,-13,15304.84,200000,899.79,4654.49
1007438,101840,-14,32139.36,200000,17774.5,34472.07
1004532,108582,-19,17391.55,200000,27000.81,1736.75
1009861,201178,-22,203990.17,50000,6540.12,4124.6
1003596,106965,-9,7569.06,100000,10933.95,5297.5
1008121,103311,-30,181937.33,50000,11275.94,81581.77
1008683,102229,-28,33262.42,100000,28679.78,15994.45
1006196,101767,-32,54424.02,50000,8465.66,15857.6
1007672,108719,-14,12857.49,100000,8858.58,9892.47
1001652,101163,-20,2487.14,200000,10198.21,8774.26
1007519,101371,-34,316165.79,200000,818.35,4090.7
1001231,201672,-25,53664.32,50000,1928.85,6840.12
1005784,105296,-33,14144.86,50000,8369.06,5228.47
1004844,104015,-27,69309.0,50000,3924.51,7096.82
1008303,101832,-23,89959.64,200000,32223.86,11184.72
1005113,105766,-32,28496.55,50000,3758.89,9663.28
1005385,104287,-32,61771.94,50000,8234.91,6253.38
1002470,104748,-16,104420.77,50000,24424.1,17857.36
1007676,103305,-22,12369.44,200000,12026.34,22558.05
1006453,107671,-13,22677.6,100000,3984.47,21091.31
1006284,201371,-24,2195.1,100000,15202.36,1288.85
1000394,103660,-17,137130.72,50000,15578.52,127.38
1009138,101465,-9,78929.28,100000,7548.9,30326.72
1006593,201755,-17,1125.32,100000,10498.03,6742.46
1001766,107636,-8,199.11,100000,9144.05,10002.36
1007386,105559,-33,104074.32,50000,7285.44,13714.57
1009209,103496,-25,9383.02,50000,2520.48,4799.15
1002107,106156,-13,73251.54,100000,23802.83,2363.59
1001358,103244,-17,55913.76,100000,6207.84,15788.05
1007175,109234,-17,12980.48,100000,1454.44,1687.86
1001608,107816,-34,49627.03,100000,354.54,21796.0
1005333,108907,-8,13612.69,50000,342.89,6538.09
1007158,107756,-29,193306.79,100000,1407.54,5475.07
1001303,109133,-16,85796.79,50000,36780.85,3190.24
1003407,108901,-24,129070.77,200000,18526.62,27620.99
1008263,200696,-9,25374.64,100000,59393.88,25638.52
1006916,107103,-34,51671.23,200000,70872.16,5911.05
1000825,107057,-25,141822.04,200000,9220.31,9240.19
1001058,102048,-16,56076.56,100000,1958.28,14605.53
1006325,105510,-10,16656.58,50000,12412.86,8883.65
1003527,106642,-11,113384.31,50000,6431.66,36915.57
1006550,102509,-3,110066.93,100000,27750.98,7990.87
1006770,109237,-29,32780.67,50000,9989.86,18630.28
1006269,106979,-27,74408.07,200000,27521.28,4069.45
1000910,103217,-30,74769.02,100000,23237.2,17396.23
1009673,103067,-35,84905.34,50000,8266.31,9917.65
1004436,103087,-24,32816.54,200000,9127.51,22638.76
1005769,102409,-13,124175.76,100000,14973.17,7292.59
1009576,103083,-17,49987.24,100000,5288.85,20541.23
1009830,106636,-15,43288.96,50000,5405.96,694.23
1005217,108614,-10,2323.08,100000,4147.82,2650.64
1008495,101867,-25,20035.64,200000,2645.66,16570.6
1005707,104165,-12,2602.56,200000,30798.44,7012.46
1007752,108865,-23,135488.6,50000,2977.26,19592.85
1000438,105307,-22,4933.88,50000,1804.67,14673.48
1006519,107354,-17,68058.53,200000,13440.57,18518.99
1009150,103113,-13,37979.01,50000,3866.02,12310.64
1006456,102802,-26,16020.16,100000,259.98,24238.06
1009453,200856,-23,106134.12,200000,782.15,1744.72
1007773,107000,-19,14390.47,50000,2959.56,12867.72
1006440,200683,-2,13211.63,200000,20438.36,16.78
1005630,102785,-27,15376.11,50000,1021.8,355.09
1008068,105077,-23,395.16,200000,1079.54,36603.02
1003853,102770,-5,484.69,200000,33592.91,13762.53
1004589,201859,-7,66863.0,50000,28803.99,5111.26
1003326,106182,-35,837.28,100000,13872.15,6598.56
1004307,201679,-17,7010.71,200000,12700.67,17391.79
1007067,200133,-33,34248.29,100000,16048.38,4360.87
1001133,106877,-31,94496.41,100000,857.33,2489.27
1009878,106394,-25,10991.69,100000,333.16,2710.1
1009401,104515,-26,47554.61,50000,8533.15,44014.76
1005098,100785,-3,41277.64,200000,4690.48,18122.15
1000743,105035,-23,4459.49,200000,154.72,28688.76
1008660,101364,-33,64136.62,200000,1213.45,6935.86
1002259,108853,-24,1335.55,50000,28393.17,26976.35
1009005,107687,-4,131914.73,50000,1832.12,39457.91
1009374,102777,-8,81285.48,50000,29998.41,4026.66
1005285,100595,-11,18230.66,100000,6753.28,38872.62
1009091,107817,-22,75681.47,50000,40275.79,23006.78
1001990,105123,-14,64942.08,200000,3554.82,14745.22
1006111,105896,-34,123784.99,50000,6514.62,59554.92
1006493,109227,-28,12318.62,100000,8820.04,2887.17
1002424,101073,-1,14663.51,100000,3820.02,15270.11
1007060,109205,-15,41202.03,200000,7483.29,37657.74
1009209,103496,-35,55436.36,100000,17187.19,2044.83
1004783,201674,-4,69674.4,50000,1915.13,4074.94
1008992,109979,-5,86128.8,100000,1814.54,10589.4
1008632,109579,-21,28991.91,50000,14025.48,6120.27
1003972,107527,-35,7991.49,100000,5731.62,1079.21
1009960,102637,-3,124919.62,200000,16399.33,10856.51
1005329,201829,-19,12962.4,100000,5234.5,3643.94
1007583,100960,-6,36540.06,100000,1760.14,5707.52
1009405,200291,-8,129842.58,200000,2311.64,12981.02
1001641,107832,-13,48102.32,50000,2373.72,3511.51
1006359,101462,-16,89092.54,200000,13184.35,5063.33
1006326,108222,-28,38342.24,200000,15837.03,644.78
1009387,102162,-6,2366.17,100000,1663.13,14459.33
1000880,103722,-30,27668.02,100000,14452.59,14950.93
1008519,103679,-26,35274.53,50000,13488.19,8952.79
1003759,108600,-12,179435.94,200000,22880.32,5670.04
1000699,101256,-27,41549.71,50000,4839.3,624.09
1007435,108605,-19,73901.05,50000,12678.83,3627.87
1002534,105271,-16,4219.62,100000,11565.47,2808.27
1008573,100532,-35,50009.21,50000,7198.51,8212.92
1008373,106156,-29,31941.97,50000,14034.91,6980.56
1008019,105631,-25,95395.74,50000,8570.0,11468.76
1005928,109066,-8,12487.92,50000,9141.87,453.02
1002325,200541,-31,34384.37,50000,4065.27,12250.21
1008829,200079,-26,44959.39,100000,10983.88,18281.55
1008272,104191,-23,40746.89,200000,4066.21,10155.48
1009501,201052,-35,11091.78,200000,2129.57,139.87
1006628,102851,-26,19502.34,200000,11834.79,2381.72
1003675,103183,-11,6405.06,100000,12765.71,39848.01
1009647,103964,-18,17432.3,100000,3791.77,7953.09
1006559,200353,-12,48240.33,100000,4791.97,3684.41
1008584,104223,-25,27452.65,50000,12582.58,13713.16
1004483,100387,-31,14905.51,100000,2174.2,8125.21
1000033,100187,-12,92545.59,50000,6578.75,14278.62
1000120,104192,-29,239833.73,50000,5897.26,4762.11
1006922,104727,-10,34245.19,200000,9543.93,8948.32
1001246,100342,-15,30275.61,50000,25909.89,4717.38
1006471,101169,-19,140879.34,100000,4891.02,17522.09
1008985,104773,-28,43714.37,50000,3133.93,4723.02
1008109,100230,-33,6035.88,100000,26291.12,9502.98
1006371,103182,-2,33044.58,100000,18990.08,1717.69
1002510,201769,-15,21196.49,50000,2792.03,1718.82
1003320,107721,-1,20002.2,100000,4831.96,3053.07
1006858,200881,-25,37473.39,200000,2741.16,15985.17
1009869,100502,-17,122715.16,50000,1095.82,25221.92
1009024,104952,-12,41348.61,100000,14524.01,2226.2
1004628,100489,-25,39273.98,50000,1509.13,15105.01
1003332,108941,-19,139322.26,50000,2703.99,34943.64
1003707,108535,-10,7475.76,100000,3199.17,6933.61
1002612,108906,-11,21046.81,200000,15754.76,3715.79
1001394,104442,-11,5243.27,100000,4772.46,3389.76
1004469,109831,-13,19392.32,200000,8579.97,17436.06
1008248,105622,-16,3263.2,50000,1634.59,26903.27
1003150,103697,-10,9576.23,200000,16366.34,4713.28
1002062,200229,-16,9536.11,200000,15821.66,18778.59
1009242,104685,-27,63057.78,100000,14199.95,20155.05
1006537,101515,-14,235416.66,100000,1550.15,22406.21
1000510,200496,-34,16320.35,100000,14888.12,23100.97
1007993,200770,-12,109287.69,50000,8617.65,16593.02
1006560,200366,-27,24681.82,100000,96570.75,854.16
1006392,201378,-23,135161.61,100000,9298.73,21533.11
1009446,106178,-21,34569.79,50000,13347.81,3743.21
1003125,102512,-20,12678.75,200000,8443.67,31.2
1006579,105517,-2,54819.15,50000,2673.06,9592.85
1009437,108924,-16,68873.78,50000,6830.66,27811.63
1009032,108526,-5,77631.81,200000,13754.85,1195.96
1001338,201747,-20,17847.05,200000,3455.07,50955.72
1008533,106411,-3,32207.32,200000,2245.73,2866.03
1007400,200118,-20,71220.45,200000,11751.1,7181.6
1008761,101049,-33,70877.12,50000,9808.93,10630.9
1005194,109400,-6,11080.59,100000,19939.93,18255.61
1003391,201716,-29,40987.72,200000,217.03,1257.22
1005128,104686,-33,15855.28,50000,192.62,9962.62
1009458,105489,-12,87100.8,100000,5966.42,6318.0
1004888,200970,-29,19155.18,100000,9502.88,74915.53
1004522,201785,-19,18299.53,50000,1268.63,6275.08
1008002,102862,-8,6128.04,100000,7542.22,30932.3
1002051,101710,-8,13451.37,50000,31315.27,26761.64
1006652,109584,-23,1733.28,100000,1020.01,21396.19
1009237,108486,-1,34094.77,100000,13280.23,12035.78
1009498,105494,-14,11059.83,50000,43.28,26615.64
1000429,108014,-18,4209.79,200000,4799.02,25814.51
1003011,107678,-30,26379.7,200000,2032.93,36417.0
1006177,103389,-13,31687.15,100000,13769.11,18418.53
1002321,104661,-24,23464.93,50000,4287.01,12028.34
1005875,102635,-5,7665.63,100000,3778.88,8184.51
1003889,101710,-31,11647.46,50000,235.51,15485.37
1006279,201988,-29,4703.36,200000,7104.77,21016.45
1005582,104081,-26,19559.54,50000,3272.45,8163.5
1005481,105730,-7,52564.18,200000,13380.11,21781.59
1005663,102428,-12,9293.45,50000,6124.17,663.69
1006893,109290,-7,81207.67,50000,32775.97,15686.64
1003549,100165,-3,385.73,100000,3126.04,13141.12
1009475,101850,-26,200304.3,50000,37587.87,1400.28
1001744,108629,-19,95816.75,50000,34556.08,29679.1
1006385,106112,-7,65877.53,200000,25152.15,20368.83
1003858,102841,-15,2332.99,200000,21108.07,4605.51
1000731,200855,-8,62941.44,50000,11133.16,19344.92
1003669,101204,-10,109928.73,50000,3789.63,20146.63
1002954,100445,-23,53852.61,100000,7287.59,33683.29
1007603,106382,-7,14912.6,50000,1054.28,10522.79
1000756,105083,-10,13690.88,50000,6664.52,1562.8
1006098,105266,-32,20162.39,50000,7819.02,743.02
1008261,200155,-8,14528.5,50000,3619.11,2196.19
1008724,201818,-14,14988.82,200000,1.07,2464.16
1009046,107784,-6,14298.73,100000,7215.01,38341.11
1007338,106627,-9,18500.73,200000,17509.7,19600.53
1002873,109721,-31,20280.79,100000,9625.84,3394.44
1004564,201189,-26,130884.15,100000,15860.01,1023.78
1007994,109232,-16,75303.75,200000,16565.15,3943.57
1007133,108700,-6,7884.89,50000,17650.68,10526.97
1009937,201163,-7,119937.92,50000,6791.15,20794.32
1009459,109785,-4,75288.58,200000,7803.4,2407.88
1000559,106819,-27,150706.17,100000,11626.47,5717.2
1009419,109148,-8,6500.67,200000,10299.2,298.85
1007580,200122,-20,101865.36,50000,6246.07,12677.2
1000314,109486,-6,147891.84,50000,8251.28,6364.35
1008176,109873,-23,10880.22,100000,7508.42,18055.12
1007417,107945,-8,70062.96,200000,4690.74,21034.94
1002319,106296,-5,215.36,50000,5461.23,3501.76
1003627,101992,-21,5687.76,100000,26113.63,19157.94
1002074,108334,-8,32233.09,50000,5681.58,2640.84
1003561,200846,-17,45237.9,100000,302.88,9141.89
1004562,106836,-13,19426.12,50000,1452.57,5595.97
1004348,105835,-13,23559.93,200000,28298.34,518.93
1006494,101746,-24,98950.74,200000,8154.31,10080.02
1006347,103802,-26,44199.97,100000,8700.79,25090.57
1009270,108122,-31,4866.96,100000,5981.93,30537.79
1004111,106737,-33,12331.95,50000,31613.39,16873.29
1006016,106776,-17,16408.34,100000,27910.69,8444.27
1007054,104730,-33,22744.13,50000,6951.59,8583.39
1007798,108024,-3,33215.25,100000,984.43,70141.85
1009845,106095,-29,118502.48,50000,26392.77,8449.27
1003653,201356,-22,928.63,100000,30848.12,9213.22
1001950,109230,-23,14931.42,100000,3257.58,2576.28
1007624,200021,-11,34045.63,100000,6787.31,5692.47
1008079,200488,-25,84760.26,50000,20266.67,13360.01
1006929,109555,-22,32718.81,100000,3524.84,364.58
1003174,103629,-15,13385.65,50000,24266.26,12363.13
1002488,200179,-5,77075.96,200000,18734.68,704.62
1002899,201043,-29,46652.34,200000,3235.68,34393.88
1007922,106254,-11,25168.29,100000,8402.86,2267.78
1000277,101096,-6,22926.73,100000,845.91,10899.17
1005873,104056,-25,149181.9,50000,10587.73,3488.98
1008337,104292,-26,1539.83,200000,1040.6,5644.13
1007867,105600,-7,3315.41,200000,231.42,4225.02
1000231,107695,-4,26485.36,200000,17452.38,61306.04
1007147,107856,-12,36272.03,100000,6419.65,28947.59
1001757,108528,-9,47592.46,100000,2840.48,593.75
1004532,108582,-6,81568.44,100000,11215.63,29624.18
1008154,109757,-13,22127.89,50000,5121.96,2887.15
1005799,106166,-32,47594.54,50000,2132.3,13950.06
1004071,201660,-12,50966.7,100000,9584.0,14686.32
1006062,104445,-15,103748.96,50000,1508.77,12219.78
1002638,107674,-30,66835.24,100000,8202.55,4795.07
1000255,200931,-27,31592.15,100000,2918.29,13244.85
1009003,102775,-5,71940.77,200000,5083.4,576.32
1007531,200500,-35,14219.24,100000,40257.26,7078.71
1000843,102095,-24,101123.06,200000,8690.69,8010.26
1002278,200494,-11,64583.15,200000,13812.07,15573.43
1007224,109681,-24,13051.7,50000,115.92,6244.45
1000063,109033,-17,66723.34,50000,542.2,4175.11
1008317,106578,-32,35778.69,50000,1193.12,51489.64
1008563,104571,-13,8865.98,50000,311.3,9297.81
1004646,108200,-10,27800.64,100000,10302.05,6678.34
1001834,101889,-33,112686.32,200000,1518.94,12100.75
1000206,106484,-13,29549.72,50000,1814.44,2464.56
1005972,105361,-9,13234.25,200000,17115.25,42883.88
1000952,107566,-7,11286.9,200000,18374.7,30500.38
1008382,107519,-6,112198.32,200000,2099.23,19513.6
1000147,102605,-4,109062.17,200000,20442.15,2019.91
1002326,104883,-30,118267.52,50000,1818.01,36310.79
1003854,100290,-5,47454.65,50000,20630.38,97540.59
1009011,105176,-21,197442.55,200000,32528.83,1993.23
1000479,104561,-16,24956.49,100000,41636.01,17001.48
1007723,100502,-19,10653.97,100000,1500.5,11164.68
1002070,100448,-26,898.87,200000,6958.37,12706.94
1000738,101406,-4,68550.13,100000,913.07,5073.26
1004431,101047,-22,1289.53,50000,5377.08,51160.46
1008009,102014,-2,49640.42,50000,21804.02,19754.1
1006902,105249,-25,31728.03,50000,22832.26,6108.36
1000103,107117,-5,75264.48,50000,8639.04,13605.08
1007773,107000,-11,79978.01,100000,3829.23,12505.58
1009937,201163,-34,54647.11,100000,9338.75,1180.33
1000894,101186,-21,97458.21,200000,8714.04,15782.76
1008969,108817,-1,10310.01,50000,2915.06,12463.42
1003799,107453,-12,5277.65,50000,5316.57,35267.89
1000488,105178,-25,9258.27,50000,484.1,15202.12
1001375,104952,-24,44728.66,50000,28030.56,3236.86
1008969,108817,-4,47496.68,100000,4899.01,2325.21
1009870,103303,-7,45378.52,100000,4776.27,14977.84
1002875,102165,-2,209617.33,100000,1761.63,2764.19
1000412,102266,-30,90585.72,200000,14880.17,25141.89
1009343,109951,-12,9158.44,50000,14517.97,11342.2
1007796,103416,-8,11763.2,100000,7783.99,5114.73
1001036,200257,-18,33878.65,50000,8451.65,16983.68
1006644,103752,-24,16290.93,50000,19398.49,22228.03
1004899,102362,-6,87829.14,200000,4055.77,5946.09
1008216,105977,-13,219609.91,50000,9943.62,38331.92
1004230,108579,-11,149049.3,100000,32872.58,19546.24
1001362,201366,-7,15041.0,50000,14134.54,4905.05
1008491,106742,-17,42719.78,100000,545.67,18179.46
1006222,100463,-9,46369.43,200000,18470.7,259.7
1008006,108161,-24,14235.15,100000,38001.83,4164.85
1007204,100482,-9,84152.78,50000,4562.71,15157.22
1007667,107712,-3,23711.14,100000,8462.54,2732.99
1008546,201271,-22,77825.52,50000,14485.08,27085.57
1000331,104620,-1,34025.41,100000,14043.76,16693.61
1001770,100759,-8,16845.08,100000,25643.44,671.42
1007298,104457,-3,33800.17,100000,5033.46,15390.83
1008585,101927,-11,785.9,50000,4744.64,3163.29
1002104,200502,-27,38637.05,100000,3219.24,3470.96
1009830,106636,-29,29110.14,200000,29158.15,12245.27
1002435,200168,-31,3662.99,200000,10260.61,1116.04
1001799,104160,-29,14251.35,200000,9130.75,2931.68
1004341,107975,-2,53678.18,100000,11618.59,87664.05
1008006,108161,-33,4454.26,200000,2263.28,5373.23
1001889,106342,-5,59456.55,100000,11358.89,58186.01
1000547,106679,-26,4601.53,200000,5692.95,3808.83
1003682,105566,-1,144157.99,100000,2540.48,1951.42
1007937,101312,-4,2799.34,200000,1524.32,9828.86
1007316,107353,-33,49960.37,100000,2360.53,8104.13
1002967,105307,-33,27811.28,100000,594.6,15574.59
1005748,102132,-3,6586.12,50000,1299.76,12933.48
1006308,107150,-28,3833.74,100000,3558.6,34130.82
1008429,200300,-15,7149.56,50000,3953.59,23424.79
1000824,200406,-3,16398.84,100000,6967.73,25294.74
1008816,107165,-22,28535.68,200000,6037.02,17473.08
1002764,105016,-30,110625.32,50000,8449.04,26419.89
1006416,201461,-27,22086.71,100000,13865.95,12074.64
1003307,100921,-14,12954.83,200000,10449.41,10571.26
1005003,109970,-22,5190.31,50000,558.18,3334.38
1005161,104317,-33,14819.91,200000,1654.23,4660.97
1002172,201050,-12,16883.27,50000,18472.05,18650.1
1006599,107374,-19,4693.87,100000,272.08,3288.09
1006179,107343,-33,28262.22,50000,21171.08,14080.61
1003640,108932,-34,14784.48,50000,2781.6,2709.72
1000903,109721,-9,57226.72,200000,10134.78,23488.4
1008480,108383,-21,19725.31,100000,18152.39,11333.03
1009353,106400,-29,56248.92,200000,2616.3,3157.25
1003726,100067,-22,2698.25,100000,6288.96,7996.73
1001267,200095,-2,48523.82,200000,11105.3,32614.07
1005711,107504,-13,7763.69,100000,62653.12,23722.81
1006611,101176,-15,207149.36,50000,2192.07,18345.87
1009938,100079,-30,7296.64,100000,6398.35,20639.9
1001314,103417,-28,185532.03,50000,1385.24,6723.88
1002395,105197,-35,50064.58,50000,11152.85,11971.88
1008459,108431,-32,59521.93,100000,14943.25,8803.11
1000987,105666,-14,109675.4,100000,1773.48,10710.35
1003492,105043,-3,46594.84,50000,1382.46,12979.12
1009720,105197,-24,62752.62,100000,4230.69,17148.33
1007560,108462,-19,14320.85,100000,289.0,18596.24
1001244,102193,-6,77146.23,200000,1268.21,11999.82
1006208,201075,-11,20802.74,50000,30022.03,55745.65
1005370,108819,-2,4075.63,100000,34538.41,3534.04
1001451,109971,-22,22797.03,50000,30643.03,491.24
1009148,105062,-26,10592.88,200000,25883.96,800.98
1001704,106313,-24,75138.88,200000,2697.68,17718.98
1005821,103121,-1,19226.42,50000,5471.78,1809.36
1004701,106648,-11,50994.92,100000,1756.22,9326.41
1007073,108903,-6,16764.01,50000,4184.21,1220.29
1000756,105083,-16,74678.41,200000,1045.08,4061.96
1007802,109412,-29,782.88,200000,1762.12,4993.07
1003377,107492,-30,6493.34,200000,3383.41,23976.19
1003815,107357,-32,208629.81,100000,3909.33,18495.15
1006384,108986,-30,3260.79,200000,14265.69,11236.14
1003339,109339,-20,62623.42,100000,3086.03,1585.16
1001517,100880,-5,9153.09,100000,12297.81,21601.7
1001189,108720,-28,25539.47,50000,2813.71,13325.22
1007660,201712,-15,21458.02,50000,11188.2,23336.81
1002798,201792,-35,82562.3,200000,604.51,3542.88
1004438,102861,-18,182921.93,100000,12447.82,1215.53
1003986,200425,-8,1231.14,100000,4037.75,4176.95
1002971,201600,-28,87745.45,50000,14042.97,6155.39
1006029,100991,-11,136744.53,100000,7871.02,10518.16
1009394,105692,-22,41023.6,200000,1237.46,25468.5
1004440,201170,-25,347462.71,50000,30615.19,10463.71
1001448,104078,-4,73699.88,200000,4941.48,6551.28
1009484,102591,-23,3242.7,200000,14663.74,2401.64
1006570,101858,-9,77778.53,100000,1035.69,4072.36
1000623,108162,-11,7190.67,50000,8984.33,8470.81
1008267,103081,-31,95414.28,50000,10438.25,10478.45
1003111,200572,-22,6569.53,50000,6482.78,11277.71
1001182,107157,-23,35769.48,200000,6559.52,3085.13
1004883,104735,-9,11548.31,200000,2668.76,494.92
1001444,200686,-12,165550.87,50000,867.2,26796.77
1005363,100165,-16,104187.86,50000,16015.35,10738.33
1006893,109290,-13,7179.66,100000,25515.66,49832.39
1003048,104764,-11,20637.24,50000,35621.47,50647.12
1007435,108605,-25,68672.29,50000,2911.67,5318.44
1007996,106331,-34,124898.71,200000,6837.26,12241.02
1009371,106446,-7,6017.74,50000,12480.0,18110.83
1005129,106578,-6,172767.67,50000,1807.01,7183.37
1006511,200205,-24,4937.45,200000,16791.96,27113.21
1008403,101176,-16,17959.62,100000,1318.36,31256.25
1000198,201196,-9,4403.3,50000,1484.06,50828.76
1008942,104739,-2,3913.87,50000,42560.32,8540.23
1002389,200622,-18,128925.02,100000,8076.41,3179.2
1004741,102741,-29,2940.13,200000,6075.99,2117.87
1004535,100407,-13,14610.25,100000,898.45,12593.76
1002481,102605,-16,59810.44,200000,9430.23,62102.32
1003066,105259,-25,13015.63,200000,4164.19,13079.59
1001758,104924,-5,35209.33,50000,26236.1,10770.78
1008841,100023,-22,4262.63,100000,823.62,14783.04
1007756,109830,-23,1893.38,50000,8825.98,6569.26
1009479,201027,-33,22408.4,100000,16349.68,1730.18
1005897,102837,-3,16527.12,100000,18864.28,3689.33
1001550,200225,-21,40151.72,100000,19852.53,57004.99
1003452,103739,-5,30333.96,50000,21541.14,1733.89
1004499,100165,-14,2937.01,200000,13351.61,7879.36
1008079,200488,-10,72442.95,100000,7019.53,33104.98
1000125,201106,-33,13280.28,200000,10456.33,4534.6
1004777,105288,-9,67871.63,50000,3192.62,16485.49
1008155,101121,-7,843.63,100000,1558.27,4707.15
1006383,102863,-19,69495.62,100000,627.03,26212.28
1009041,105111,-4,112380.78,100000,3670.54,16235.45
1009539,108678,-23,114675.18,200000,4170.32,228.39
1000253,108012,-12,81529.63,100000,1374.12,9786.85
1000566,200541,-14,68363.19,200000,364.11,16385.27
1006012,102177,-18,133546.47,50000,763.86,3489.03
1001604,105600,-22,82900.15,50000,6034.43,1729.66
1003159,101888,-7,2838.08,200000,743.22,17339.61
1005735,102554,-2,65182.82,50000,3410.01,2102.02
1008903,104501,-15,65599.77,200000,7364.96,30152.84
1007541,101504,-1,12807.53,50000,9307.12,3203.75
1008276,108549,-33,10331.49,50000,5730.04,9808.89
1000521,105700,-19,6384.24,50000,35425.31,18239.52
1000650,107142,-2,20892.09,100000,19212.58,19923.33
1003413,102266,-23,7529.59,50000,9225.29,7126.77
1002144,109296,-17,30395.26,100000,2153.17,9749.54
1009904,200127,-15,21839.36,200000,9782.62,49996.26
1009798,104093,-31,77368.52,200000,429.05,119.35
1008177,105738,-35,10542.0,100000,495.37,2139.47
1000389,107100,-17,72350.93,50000,8945.52,17981.06
1004943,103004,-7,95105.81,50000,15056.81,9336.79
1001190,100403,-11,14300.87,50000,16978.76,816.87
1003956,106230,-13,28296.04,50000,1561.04,13501.1
1009536,107419,-34,30654.28,200000,3647.63,5629.17
1002991,200841,-27,7867.1,50000,3164.92,13878.37
1006620,108635,-12,60376.13,50000,2266.01,13334.99
1003189,106720,-20,73615.06,100000,18693.18,7805.59
1003601,106869,-24,142018.96,100000,9396.48,15367.57
1009775,101867,-29,45529.22,50000,5595.66,37.43
1009618,201030,-14,32769.21,100000,5502.88,31092.02
1000357,200381,-23,250301.47,100000,9987.69,9800.38
1005200,101421,-9,4877.2,200000,1451.64,4053.73
1005474,103131,-12,8572.4,200000,1587.04,19946.46
1001578,101803,-2,67287.4,50000,19108.3,19957.11
1008455,102867,-28,2579.49,200000,10175.45,402.75
1000384,100277,-6,9327.75,200000,2999.44,2029.33
1001629,102827,-18,107707.42,50000,4305.58,2006.7
1001529,108452,-20,161976.94,50000,12973.26,11908.12
1009628,102062,-35,120793.17,50000,10577.82,17698.95
1008374,107548,-18,1915.44,200000,5158.77,1570.24
1000415,108965,-28,4175.95,100000,26209.18,9843.63
1003924,107949,-2,4607.43,200000,19795.97,8767.68
1001385,106448,-5,125216.56,200000,1977.95,12241.31
1005684,200448,-14,23072.15,100000,17029.89,15794.96
1009833,105274,-9,28301.28,100000,2431.38,25767.97
1000248,107097,-10,5366.04,50000,11598.95,27390.81
1008323,100334,-17,30649.89,100000,394.11,6174.7
1009398,106763,-34,19087.77,100000,9885.49,10269.15
1009690,104960,-10,75364.5,100000,21973.21,16237.44
1005503,109326,-21,28297.47,50000,13884.36,18492.64
1008878,109194,-22,42205.44,200000,3329.28,3448.81
1008283,201800,-1,4168.02,200000,9164.58,20152.21
1008341,103301,-24,31194.22,50000,5027.34,20352.11
1003027,100323,-7,46871.42,50000,15482.54,19501.66
1005914,103732,-28,79320.35,50000,18460.34,6327.92
1003038,105117,-5,74094.19,50000,6138.14,706.91
1001534,106738,-17,131977.82,200000,8490.0,101.29
1002744,103512,-14,38691.95,200000,13216.91,25363.38
1001792,103939,-28,149527.9,100000,24691.03,2590.69
1002872,105214,-16,29235.86,200000,3172.58,1252.07
1008301,103795,-23,50761.98,50000,594.11,27.37
1007561,105333,-5,58921.14,50000,49.54,8408.26
1002280,201511,-31,26379.86,50000,266.45,10312.26
1005150,104507,-5,188319.91,100000,5210.29,28330.36
1007398,101520,-4,26672.52,100000,493.73,2652.23
1009359,100364,-12,5837.29,50000,21749.67,57.64
1000861,100309,-20,25409.48,50000,20185.74,4109.08
1005536,101788,-25,531.41,200000,10962.97,4115.73
1005868,104755,-17,30987.85,200000,6052.94,5347.03
1008903,104501,-30,28883.93,100000,17581.74,3631.73
1003410,100246,-30,74832.15,100000,694.98,2818.17
1005364,201238,-18,45590.57,200000,33682.4,10809.68
1005862,108513,-22,188671.99,200000,2019.45,936.15
1003759,108600,-22,7471.38,200000,4129.43,2838.48
1001542,108995,-8,36407.37,200000,4034.56,4484.48
1004808,105382,-17,33142.51,100000,37973.69,5073.21
1009434,105157,-21,66175.96,100000,5793.24,18260.08
1002491,200152,-15,69105.9,200000,422.7,1277.64
1009198,104866,-3,47588.68,50000,1802.04,3921.41
1005642,101109,-9,8504.75,100000,2454.51,23613.64
1001031,108871,-3,83779.03,200000,4839.99,4375.02
1002659,102174,-11,31037.66,200000,7319.76,25174.43
1008940,102346,-30,213671.45,100000,10026.15,3336.06
1009090,200627,-8,6342.1,100000,1041.89,17554.64
1008367,101587,-1,49087.08,100000,16591.35,145.05
1000129,107884,-4,141596.92,100000,16297.16,8788.36
1000494,101387,-30,13104.39,50000,36983.23,3287.61
1006956,106981,-33,33712.85,50000,10798.19,3690.55
1005420,105457,-34,263578.76,50000,3520.91,36957.66
1008930,104068,-18,27822.64,100000,21591.39,42542.1
1006938,107450,-18,26324.91,50000,10451.88,4481.91
1003764,101592,-6,128465.53,50000,825.89,14167.01
1006661,104611,-6,4490.11,200000,42643.17,1774.36
1007575,105746,-26,111435.59,50000,11589.12,12622.07
1002113,104335,-1,7840.08,100000,7246.74,11056.51
1000034,101004,-3,78747.52,50000,4444.29,8561.42
1002354,109291,-22,246986.16,100000,1934.08,22869.27
1009331,108526,-17,59435.1,50000,3596.74,16224.16
1008020,102059,-13,28176.22,200000,2959.92,3475.72
1007098,201865,-10,81853.8,50000,7858.24,18610.49
1008140,108473,-25,3694.52,50000,3645.71,3993.21
1009848,106579,-14,4564.16,100000,2094.15,1204.45
1006348,106412,-17,2824.34,200000,14021.28,13284.47
1004493,104478,-32,76391.86,200000,3467.65,8566.88
1001925,109969,-19,17223.73,100000,7468.89,2797.82
1002981,100106,-6,65243.37,50000,20143.11,10321.9
1003771,103528,-32,119393.01,200000,5825.12,12438.99
1001129,102923,-15,79899.5,50000,19318.2,7075.5
1006225,200125,-5,6266.91,50000,8513.48,883.89
1004501,201653,-14,90713.92,200000,7910.08,23234.48
1005640,101708,-28,18391.3,100000,2899.85,14427.21
1005466,200027,-31,22891.78,100000,3865.99,28033.9
1008336,100238,-31,1541.24,200000,6131.88,68593.58
1003396,101942,-24,522.1,200000,9710.45,3492.96
1006658,106017,-14,10128.87,200000,16346.86,12428.85
1007422,105726,-30,29088.18,50000,4337.48,11887.68
1004319,200110,-1,53238.05,100000,32841.21,10531.66
1005832,109124,-26,15588.28,200000,4845.06,23117.5
1000619,200802,-22,21350.87,50000,1087.1,9686.57
1002833,200559,-1,138529.57,200000,5043.14,6053.75
1002908,107497,-10,74621.92,200000,14917.08,9323.76
1000432,100071,-22,123419.17,200000,7821.27,21194.7
1005379,106451,-34,26955.66,100000,8248.78,30161.08
1007868,103417,-8,15041.48,100000,23953.52,58299.62
1008395,109471,-9,197860.1,100000,23977.38,14457.45
1002858,100393,-32,38300.6,200000,11279.65,9222.58
1006186,103288,-3,47335.37,200000,28299.29,5788.11
1003785,103275,-27,114488.9,200000,26157.79,8511.89
1005071,102758,-18,8408.17,100000,15418.68,141.17
1004297,108921,-33,58512.96,100000,19589.91,6268.02
1002036,107337,-30,63720.77,50000,42690.01,61495.45
1008972,103434,-8,129108.57,100000,22126.98,5897.92
1000746,105261,-29,6131.76,50000,9162.13,2058.57
1005766,102473,-5,40233.96,100000,7308.38,6013.36
1001348,103030,-22,34882.73,100000,4332.34,2706.59
1004310,105043,-18,116908.76,200000,5429.01,2424.06
1002838,106139,-24,9363.3,100000,25339.26,32531.77
1006403,101583,-25,35706.45,50000,4578.55,26027.63
1003710,103970,-19,72620.91,200000,9.15,24774.21
1009265,102023,-1,4570.64,100000,576.36,11291.08
1002310,100163,-35,62327.54,50000,11052.3,29935.71
1006667,103666,-29,61261.75,200000,6734.35,36807.2
1000728,104892,-32,76894.67,200000,18146.61,45998.98
1002274,101444,-11,8940.7,200000,4308.0,11340.49
1009897,105661,-12,19521.98,100000,12086.7,17455.54
1009666,108411,-19,21783.36,100000,27969.89,973.16
1000991,201842,-31,2908.56,200000,5316.31,19756.68
1004552,107631,-20,5908.61,200000,18555.42,14697.76
1005231,105460,-27,249448.46,50000,290.57,16108.93
1001220,103448,-4,163519.66,100000,12572.33,14554.34
1006170,104292,-4,49562.09,200000,47862.48,11943.35
1000136,201210,-4,12351.93,100000,5994.05,22319.9
1009873,102204,-28,34395.94,100000,10043.08,13270.12
1000484,103212,-26,28241.58,100000,28181.91,3114.38
1000092,101026,-21,23188.62,50000,6680.65,9315.49
1004265,104172,-5,1733.98,100000,37434.0,267.41
1006992,103748,-4,50221.08,200000,8884.12,7291.25
1002716,104439,-27,52291.77,50000,4590.07,21248.38
1003505,103974,-29,4924.68,50000,11135.23,2012.53
1009399,107735,-31,4262.5,200000,12562.61,2414.83
1000407,102434,-23,53737.45,50000,12106.6,30883.25
1000151,109480,-14,17053.24,200000,1158.95,14059.11
1003663,100325,-4,18873.79,50000,1174.28,1467.79
1003659,101701,-17,35604.33,200000,30326.02,42173.84
1000746,105261,-27,185217.89,100000,15296.67,12381.18
1006969,100168,-14,3225.04,50000,4239.66,7192.23
1000878,101826,-4,61827.99,50000,17229.12,29078.13
1005024,201323,-27,2849.4,100000,19880.38,3196.75
1005969,201574,-3,3689.18,200000,1987.8,3446.12
1007578,107665,-31,16406.81,50000,14166.82,3181.77
1001135,106658,-28,82618.04,100000,3429.53,13607.16
1006868,105424,-24,77643.62,100000,2273.65,6282.99
1000651,100529,-22,110932.93,50000,9043.72,15475.84
1009271,107608,-25,6588.89,50000,26558.03,524.36
1008165,106393,-5,160080.55,100000,7999.87,343.77
1001114,106688,-5,98495.94,200000,1705.82,17253.52
1008563,104571,-12,13332.57,200000,3922.91,3561.37
1008934,109746,-24,7801.39,50000,10243.48,867.85
1007208,109630,-16,18566.04,100000,21111.84,3220.86
1004919,201453,-3,2445.73,100000,2763.27,5914.47
1006225,200125,-24,19380.94,200000,30368.95,11224.98
1007685,106743,-16,86144.85,200000,47834.47,9396.78
1001514,104732,-5,11806.97,200000,11497.26,2560.28
1001610,101977,-9,66145.38,100000,18810.94,25474.1
1005129,106578,-11,57381.53,200000,5204.76,39792.64
1001663,105730,-34,7795.33,50000,1301.83,9566.57
1007335,108347,-28,96981.22,200000,5597.65,5296.07
1000163,201464,-27,152702.53,50000,2265.86,5539.56
1005390,108620,-27,26860.91,200000,30162.39,26496.04
1001946,104767,-6,42008.26,50000,18230.17,2298.87
1004562,106836,-4,128403.97,50000,614.78,28207.12
1009508,102813,-34,23447.14,50000,19824.27,21672.97
1003989,201506,-14,50722.03,200000,8353.73,114.59
1000550,108317,-22,584.19,200000,8926.91,7571.23
1000328,104781,-30,30333.9,200000,3940.75,16000.68
1009455,106230,-8,23635.25,50000,1476.64,7774.01
1001887,106500,-5,13764.69,200000,2480.83,6420.72
1001878,200167,-14,21135.83,100000,2160.54,1009.19
1001844,103953,-34,14201.28,50000,8143.49,10951.37
1006606,201614,-15,91295.96,200000,15668.75,663.49
1009430,109828,-1,4446.13,100000,18686.2,16616.72
1007907,102475,-3,14367.54,50000,3278.02,17876.66
1008190,108713,-10,20230.87,50000,18060.45,171865.11
1007729,108674,-19,47666.2,200000,35525.8,2227.48
1002044,106390,-27,6966.53,100000,6013.34,8791.89
1004595,200224,-20,27469.24,200000,14607.43,20124.44
1003613,106660,-31,95940.02,100000,6742.98,4045.58
1006130,103211,-32,166629.67,50000,3166.57,45333.39
1008612,105024,-3,142604.16,200000,2087.73,623.92
1003507,105482,-10,44540.82,200000,407.82,2263.89
1001547,200391,-16,45810.68,100000,19970.51,4024.33
1002078,103027,-6,6124.51,100000,27169.57,2670.08
1001820,105980,-22,6311.08,50000,19259.56,8551.85
1009734,201464,-20,41496.74,100000,7523.27,30462.76
1005126,103308,-15,755.42,200000,5626.24,3244.91
1002126,201922,-31,81414.72,200000,4755.64,1966.48
1005358,102760,-13,40160.03,200000,7238.61,11515.01
1002773,106976,-6,41952.96,200000,16807.82,13903.97
1007334,106721,-23,76586.33,100000,14203.48,3861.23
1003192,105584,-22,48029.38,200000,35163.15,18064.97
1001311,101796,-21,138525.06,50000,23098.74,60869.87
1005316,108607,-26,22031.05,200000,2571.67,7447.2
1001232,101533,-11,50223.44,100000,11683.68,6626.21
1006621,104144,-20,40779.79,100000,17725.45,4588.49
1003002,107730,-21,78877.9,50000,8812.05,15857.16
1009404,100379,-2,8640.28,50000,41085.04,28110.64
1007198,100337,-1,59559.27,200000,527.82,21069.96
1001586,109314,-18,38744.89,200000,7505.42,8090.39
1004328,108105,-26,9812.25,50000,119.41,7649.44
1000244,102725,-3,25326.83,50000,21690.58,11946.0
1002189,102650,-34,13007.86,100000,5117.25,26905.93
1009718,104852,-24,68415.76,100000,829.48,33016.73
1006111,105896,-34,3088.38,100000,16787.09,4677.64
1003054,107229,-13,70074.03,200000,956.58,1857.89
1002432,200373,-17,32341.53,100000,264.59,1055.49
1006847,104453,-13,4198.8,200000,27829.01,23300.34
1005109,107477,-2,9372.42,50000,3560.34,29633.0
1007758,109351,-27,15123.49,50000,11376.98,1274.6
1006509,107078,-9,106620.47,50000,5055.71,1077.88
1003122,201447,-22,104159.6,50000,12121.73,6138.37
1000703,100837,-14,12575.86,50000,21262.59,2283.09
1008902,107454,-6,47267.1,200000,9525.18,3550.76
1002945,108769,-7,40862.25,50000,4231.7,8283.43
1001497,102770,-19,8256.9,50000,12803.67,3191.44
1007726,108224,-28,39311.71,200000,19522.2,11984.21
1003971,201329,-13,5668.61,50000,3963.55,19096.56
1002030,100707,-1,20798.51,50000,7068.21,20638.63
1004979,109833,-26,12389.81,100000,25252.06,1248.47
1006338,105497,-15,66014.35,200000,1564.85,9498.64
1008334,105215,-13,50735.78,50000,13246.41,35039.72
1001587,109674,-26,13508.42,200000,12216.15,14761.92
1007439,103222,-12,19939.61,200000,4844.67,4045.43
1006133,105598,-3,24718.57,50000,2317.77,19953.13
1004463,100205,-6,18040.21,100000,2057.56,6065.2
1003880,105948,-13,106731.14,200000,32770.97,234.95
1005744,107467,-4,8837.44,200000,9825.16,7158.12
1006421,105078,-28,116059.38,200000,3298.95,7084.79
1008928,104540,-23,11452.55,50000,958.66,8545.13
1002467,100562,-6,82227.69,200000,11233.14,22531.19
1009885,109903,-8,22312.98,50000,6916.26,3421.99
1002933,104384,-25,66961.96,200000,13238.41,10519.01
1006083,109496,-30,11002.97,200000,8438.85,5857.5
1005007,200140,-13,32703.82,100000,4334.06,13513.51
1003223,102965,-5,48722.17,200000,17595.85,7722.68
1003223,102965,-16,14861.1,50000,3354.29,56813.42
1001389,201911,-1,37834.47,100000,14986.54,2095.34
1001262,108812,-6,1595.94,50000,2955.21,9023.38
1008089,105433,-11,59788.21,100000,21367.46,2963.39
1007865,106779,-16,2471.59,100000,7525.17,189.28
1005187,201154,-28,65547.55,100000,4951.89,53099.1
1000888,103613,-2,11020.96,200000,27345.89,8668.76
1009620,107447,-19,97363.0,50000,12268.22,3563.28
1000178,108115,-19,21678.96,100000,20443.41,26800.81
1003931,108350,-8,37847.98,50000,25911.01,48631.05
1008748,108127,-15,22880.97,100000,7391.23,20312.61
1009557,109947,-32,29440.37,200000,452.81,29455.33
1007736,109345,-21,8486.65,200000,4686.15,1812.48
1008690,200076,-16,15871.61,50000,6421.86,14805.95
1000758,108103,-15,5509.59,50000,16661.71,12022.02
1004005,100561,-1,29641.65,200000,1006.86,5597.63
1009854,108433,-1,47253.27,50000,2880.12,4977.49
1003665,201727,-30,34599.18,100000,25378.64,19203.66
1001467,103124,-20,20131.94,100000,3100.97,10959.05
1008592,109314,-16,26772.65,200000,7928.01,6295.03
1001458,103748,-13,75092.38,200000,23585.38,23610.19
1003845,103247,-1,61761.61,200000,16173.42,96790.22
1001014,102630,-3,932.0,100000,1325.03,41088.76
1007337,109615,-7,29669.11,200000,3372.44,118.01
1008063,104044,-17,20268.32,100000,28178.48,9801.97
1007663,104920,-12,78635.63,50000,3535.75,1363.68
1005545,108457,-5,1988.86,100000,6422.01,975.67
1005461,109277,-5,19579.33,50000,7309.18,6322.1
1008141,200906,-31,3685.29,200000,40850.49,7574.32
1003893,107637,-23,2845.23,200000,17562.86,17196.84
1005821,103121,-14,7893.5,100000,8891.65,6531.54
1003896,105177,-4,73616.14,100000,61032.63,2701.22
1005209,108226,-19,9467.61,200000,671.76,1898.57
1004573,103982,-33,33053.93,200000,21210.42,11390.32
1007027,200800,-35,46419.59,100000,7786.95,2648.6
1006539,104366,-33,25696.25,200000,751.86,19984.06
1005091,107548,-8,57382.71,200000,772.09,8353.18
1000979,100582,-34,64627.57,100000,8099.61,1313.76
1003730,200222,-34,226416.95,50000,28652.34,32854.77
1009171,103260,-15,23597.71,100000,2686.71,17269.68
1004560,100398,-15,37603.64,100000,10199.59,5369.34
1002053,109341,-3,156321.67,100000,6986.1,411.23
1007155,104254,-14,45154.72,50000,717.47,2560.44
1004875,102778,-2,10729.89,100000,5324.18,19318.82
1000946,200211,-24,52272.72,200000,11772.0,25469.51
1007669,100603,-19,1190.42,200000,4602.75,13.07
1009193,100913,-24,13822.03,100000,15995.13,9464.57
1004995,109839,-16,10500.41,100000,15580.62,47538.27
1003452,103739,-4,26120.89,100000,2363.11,5291.69
1006489,201311,-33,130555.38,50000,628.21,8950.63
1000068,108589,-13,66275.86,100000,23313.03,23220.45
1009285,107144,-18,12101.69,200000,1187.05,4790.23
1001770,100759,-4,68200.18,200000,699.88,4411.21
1006731,103005,-20,27523.93,200000,12941.79,1500.97
1008569,107396,-13,18680.93,200000,8430.93,42541.53
1003073,108918,-1,38941.12,50000,12600.72,9837.57
1003610,107326,-19,16216.57,200000,14995.28,8612.05
1003868,100039,-6,47307.93,50000,16898.41,20954.71
1002679,201057,-32,83143.92,50000,8517.29,2920.78
1006373,108824,-27,7714.62,200000,20661.54,19554.11
1009274,105558,-26,40672.62,50000,4952.89,13318.92
1001015,102205,-3,68366.63,100000,3904.45,15948.17
1006557,100849,-27,124021.64,100000,2059.08,10076.12
1003805,102190,-9,89734.96,100000,467.19,8693.14
1005304,106919,-12,526.88,100000,3059.33,1814.67
1009496,102432,-25,2934.83,100000,1488.62,2600.16
1004404,104599,-22,156957.04,200000,7986.08,4238.41
1008008,103988,-31,20897.46,50000,903.52,23561.85
1006252,107010,-23,122530.62,50000,31188.63,11199.03
1005228,102257,-1,64549.72,50000,9205.04,2963.1
1000792,107456,-21,88206.04,100000,1450.64,76030.32
1001123,104448,-20,24375.55,100000,6341.98,7887.33
1002612,108906,-8,39141.16,100000,274.68,9346.07
1002310,100163,-25,47957.77,50000,2215.9,394.92
1008889,100534,-25,27580.28,200000,13522.84,65817.23
1009736,101658,-20,104429.84,200000,3722.2,6949.49
1000737,107257,-31,1129.44,50000,5526.31,13891.64
1001866,109893,-34,160416.25,50000,2908.9,2137.75
1005036,103468,-3,39037.93,100000,563.17,2589.36
1009664,200973,-22,100497.61,50000,1587.52,101449.92
1002743,103925,-28,41692.73,200000,20407.96,44578.15
1004751,105351,-29,38897.83,200000,145.57,250.86
1001665,108876,-20,13010.48,100000,4130.27,71159.51
1003634,109948,-5,38153.47,200000,14005.15,38703.44
1004713,201741,-35,15967.92,50000,34411.35,11767.35
1008419,103003,-14,171769.28,50000,24670.2,21160.27
1001221,108785,-25,1216.62,200000,7260.42,8751.38
1007880,201185,-21,60099.25,200000,680.48,39822.87
1005680,102825,-10,27093.55,100000,2283.08,15854.64
1006096,200503,-31,8691.22,100000,32725.55,5559.12
1007199,102954,-12,94302.86,200000,6742.83,10544.18
1001505,108584,-17,365.03,100000,13734.99,4878.19
1007549,107580,-25,6929.18,50000,1277.28,4639.12
1004638,108493,-27,44755.71,200000,10544.74,11403.73
1001095,103379,-2,3371.1,50000,22898.67,28443.55
1008310,201224,-20,55431.99,100000,8057.36,50440.11
1005172,103855,-34,47315.96,50000,25769.85,10793.61
1002817,200334,-9,27248.8,200000,26958.31,1973.41
1009992,107653,-10,17276.35,50000,204.71,18553.74
1002679,201057,-31,2555.36,200000,6543.32,39573.27
1008517,104327,-2,98984.22,200000,1650.32,22244.83
1007804,104300,-29,69625.36,100000,2474.81,16917.86
1001620,103648,-22,47324.85,100000,10994.11,4485.13
1003453,108802,-9,29500.54,50000,23176.6,12175.72
1000292,105374,-24,82751.57,200000,9479.86,2693.5
1005304,106919,-16,41585.0,200000,23134.46,7545.61
1008209,100958,-23,67083.46,50000,5819.76,24962.89
1002733,103256,-19,226532.81,100000,3054.91,8471.19
1009689,101498,-3,33384.45,50000,7135.93,37756.72
1009584,100504,-35,14735.7,50000,924.58,3702.31
1006750,106211,-18,16764.06,100000,4867.4,12823.82
1006160,107471,-5,42153.39,200000,5961.25,10.13
1000238,200485,-32,63250.77,100000,9706.94,18809.55
1006892,107000,-3,5197.09,200000,8127.03,5094.33
1007788,108596,-19,13817.64,100000,2748.16,892.73
1006828,101272,-22,32519.14,200000,4918.96,5392.74
1009833,105274,-28,32958.91,200000,2926.83,4099.42
1003450,101839,-32,6588.1,200000,46.32,16064.43
1004301,109638,-33,71033.73,200000,11908.9,32544.67
1000906,105245,-26,101027.27,200000,2553.32,2306.84
1009209,103496,-31,16151.36,100000,5392.82,5014.05
1003898,105589,-18,57949.27,200000,7214.42,8763.53
1008517,104327,-19,46030.88,50000,10362.44,8247.86
1001280,102451,-4,17220.58,50000,8050.42,2995.89
1001363,108695,-26,7405.13,100000,188.93,6212.17
1003838,201813,-14,16309.48,50000,15694.08,24805.23
1007940,108489,-20,45989.99,200000,11345.13,1394.64
1008786,107117,-10,53175.19,100000,1010.12,44356.14
1000090,200782,-14,1484.47,50000,11510.25,1996.43
1009834,103287,-32,28826.15,100000,4845.34,18731.85
1006544,101574,-12,66055.57,100000,456.65,18660.51
1007679,109094,-20,5624.2,50000,522.4,29179.98
1002027,103783,-28,34696.53,200000,13704.32,15599.19
1000061,104062,-34,29831.77,200000,7839.19,27573.68
1006389,106457,-4,112907.51,100000,20970.89,9506.28
1005495,200288,-5,3124.71,50000,13202.35,17162.32
1005841,200790,-5,9800.17,100000,2951.66,54530.77
1002093,107350,-11,77128.4,200000,3082.42,6767.17
1008971,104757,-31,155.16,200000,13345.01,504.36
1005363,100165,-35,23969.87,200000,6406.54,11506.59
1001933,104641,-3,20740.71,50000,18770.34,3557.43
1005920,105646,-7,81413.58,100000,12586.23,4507.79
1009296,104863,-13,13770.83,200000,8891.53,3778.85
1006095,106423,-23,121421.87,100000,10015.8,3946.53
1004155,102963,-20,10297.23,100000,724.98,63929.33
1004988,101758,-24,2793.73,50000,3982.88,6008.19
1004478,109387,-19,21721.33,100000,18881.5,2022.04
1000755,106570,-8,75676.53,100000,2810.25,15566.32
1007584,100320,-22,100635.08,50000,2700.11,3856.16
1000692,201424,-27,14843.69,100000,8267.16,184.7
1006225,200125,-14,138264.25,50000,17500.17,25963.66
1007291,100132,-13,1790.02,200000,54712.61,5439.41
1003093,201153,-18,33486.88,100000,3341.46,32530.21
1002267,108710,-31,29592.57,50000,38705.09,25306.76
1001721,109831,-13,73181.46,50000,4270.13,3664.14
1007499,200507,-35,76670.32,100000,4403.49,26781.48
1004796,104918,-28,54611.75,100000,39626.24,23684.63
1002618,104814,-28,77033.66,100000,5568.81,21592.36
1009385,102748,-20,10645.69,200000,20263.89,47246.34
1000426,100106,-3,69645.52,100000,8682.76,22868.43
1008226,104664,-19,13520.11,200000,5326.99,24595.12
1000218,101538,-17,86018.11,200000,10118.73,27716.34
1007706,107387,-4,38849.07,50000,6320.59,55.31
1004029,103230,-35,139175.62,50000,9232.74,1381.76
1004338,101566,-19,64502.2,200000,11176.82,20591.2
1004750,102720,-33,355.97,100000,6263.08,7536.19
1003797,106876,-29,50158.4,50000,11715.52,23799.94
1005489,200925,-28,34071.69,100000,31767.91,2289.3
1006011,101099,-27,46669.4,100000,3264.6,11773.49
1008510,201642,-13,469.83,100000,455.15,7177.94
1001659,201588,-12,43894.59,200000,7337.33,25257.76
1004429,109560,-5,16375.03,50000,3966.65,168.4
1005028,104961,-7,52816.33,200000,4910.16,10855.37
1007640,103839,-1,24366.23,100000,2019.85,19292.32
1001616,107249,-34,37357.95,200000,908.19,2653.38
1009009,107443,-29,68308.14,200000,1995.88,8888.11
1003608,105686,-22,22871.35,100000,2900.36,6687.83
1001687,106542,-20,60319.6,100000,2169.78,16526.1
1008593,201342,-21,95937.02,50000,7895.01,139.46
1006766,106105,-2,41096.85,50000,2974.56,5877.57
1006019,100570,-1,3634.09,50000,4183.49,45828.45
1005308,201745,-19,7653.6,200000,204.2,3632.47
1007616,108185,-25,11265.98,100000,9653.49,13307.01
1004782,105816,-16,23652.01,50000,788.37,9829.91
1009360,103819,-14,5591.82,100000,19322.1,2986.7
1001678,100838,-20,27199.09,50000,7424.67,15096.97
1003295,106750,-28,13117.41,50000,15241.96,27978.73
1006229,201472,-31,46088.4,50000,15662.03,24.59
1007066,104518,-16,6062.97,100000,8999.69,35166.5
1000599,201186,-13,2074.32,200000,12243.18,5320.08
1006847,104453,-9,57723.65,50000,13662.67,12817.45
1006934,104095,-6,7857.92,200000,3081.31,35699.7
1009140,105374,-9,23153.44,200000,9128.02,26580.95
1008480,108383,-3,22343.36,50000,2207.96,4050.39
1007085,103248,-3,8331.31,100000,563.67,10133.44
1001983,200964,-23,3971.67,200000,20744.27,17910.75
1007787,108959,-9,104746.98,200000,24260.92,2046.28
1000636,201216,-11,17806.27,100000,2363.42,2687.53
1001874,105969,-34,59898.49,50000,4356.91,46270.85
1006875,107559,-11,17092.33,200000,47353.34,36390.96
1003225,108217,-21,121566.15,200000,1523.31,45589.23
1005153,107800,-8,24615.65,200000,24919.88,5446.97
1007735,102607,-10,17775.33,100000,4368.78,4916.84
1006731,103005,-1,117473.96,50000,26638.88,6773.06
1005072,102530,-4,70722.27,100000,4032.09,5408.56
1007981,200215,-15,60033.96,50000,4328.26,1989.9
1001665,108876,-9,2629.99,200000,2948.77,573.29
1002860,105768,-23,73375.27,50000,2416.89,13170.55
1000990,101701,-12,222639.69,50000,309.46,9236.53
1006111,105896,-13,72467.55,200000,57586.12,7433.99
1001328,200538,-25,10713.77,200000,13067.77,36489.92
1007520,106042,-17,9510.58,50000,5700.76,4930.0
1008162,100259,-16,69645.26,50000,2602.56,18198.25
1005326,109952,-20,3926.4,50000,27709.48,11832.73
1009036,107835,-2,21134.12,200000,2257.26,19125.6
1006720,201010,-25,43039.12,50000,3795.59,3389.59
1005598,103669,-16,24063.78,100000,1269.68,9951.67
1007436,108449,-7,38045.18,50000,86.97,17118.24
1003995,108441,-10,60633.54,50000,8873.73,19388.31
1007460,103019,-27,42423.09,50000,13171.03,333.44
1001786,102147,-7,63641.96,50000,3060.07,745.85
1004738,107037,-31,53604.26,100000,32970.58,2544.75
1006635,109405,-15,41955.27,200000,2311.28,36155.39
1005764,103328,-7,12757.81,200000,4614.19,2060.16
1008054,201981,-10,41899.71,100000,759.87,6125.56
1009452,106234,-29,63484.48,200000,23621.51,6317.85
1001298,100481,-26,9496.62,100000,435.0,5552.86
1000347,200985,-24,11036.32,100000,13138.8,18751.09
1008170,109183,-20,37810.92,100000,6630.63,688.67
1007332,107459,-32,24120.61,50000,4350.05,1892.32
1008685,200268,-17,84907.08,100000,3800.04,5256.05
1003536,104477,-11,24188.09,200000,15223.63,14300.06
1004937,105591,-28,727.13,100000,10490.98,5800.87
1008929,200742,-17,74458.02,50000,10542.14,6576.91
1005249,104693,-22,34550.44,200000,3615.09,40576.31
1002531,201018,-23,142290.81,50000,1821.57,14869.97
1007532,200328,-22,16928.04,200000,12709.0,44862.61
1009969,201535,-9,8933.38,200000,8714.32,2876.22
1002401,104538,-22,9439.66,200000,5028.91,6508.86
1004058,103159,-19,13253.32,100000,1406.21,11145.3
1006952,102263,-3,146131.62,100000,1023.29,3879.74
1001828,101626,-15,11948.68,100000,1108.91,6569.88
1006901,107677,-19,83790.86,50000,5840.6,3209.31
1007363,104022,-5,118187.11,200000,2215.72,24260.68
1006129,104535,-29,58111.81,50000,1707.69,14411.46
1008780,201472,-7,62447.53,50000,32344.6,3186.48
1009345,106846,-28,31112.19,50000,2082.4,5270.5
1004965,200054,-6,9225.67,200000,915.22,10949.76
1002311,100160,-22,29165.05,200000,43724.01,16195.96
1007179,107402,-24,34241.08,200000,1356.39,8667.34
1001227,109356,-5,55253.88,50000,14713.66,11327.79
1002639,200996,-5,28047.18,50000,8378.77,28903.17
1008670,200083,-34,41579.42,100000,5850.54,20321.73
1004242,102210,-31,34966.9,100000,10482.48,38467.0
1009195,100868,-8,97041.65,200000,26185.98,2222.87
1001013,106748,-14,10858.07,200000,12288.13,2898.87
1002422,108827,-8,64423.65,50000,1009.05,8178.1
1002293,103313,-34,30930.24,50000,19427.08,9314.07
1006678,200935,-13,40433.8,50000,4786.44,34238.2
1003092,200504,-23,129680.21,200000,11305.91,8226.15
1000017,108835,-32,45484.92,100000,10851.0,15595.41
1001839,201356,-15,18744.57,100000,11496.59,27231.28
1002031,106672,-17,108800.98,50000,3865.63,538.38
1003903,108764,-6,32607.74,50000,7503.58,7067.91
1002277,201359,-16,14408.84,50000,2846.85,18303.58
1008377,108792,-25,14057.0,50000,2994.48,11757.81
1008214,100803,-12,105482.76,200000,17098.83,57847.14
1007378,109631,-31,29930.1,50000,3189.42,23124.83
1008394,107083,-4,16780.34,100000,9048.4,8291.26
1006475,102499,-23,196481.06,50000,1132.45,24185.09
1005520,104635,-6,21346.13,50000,24547.7,10069.93
1001890,200842,-20,32787.81,100000,1781.42,28163.5
1002731,105521,-13,72820.6,50000,15857.85,77.06
1007914,101034,-9,928.48,200000,2349.36,3767.58
1005445,109194,-32,111315.6,50000,24648.3,6456.35
1002804,106872,-29,44162.13,200000,8093.96,28939.35
1006935,104032,-27,6562.43,200000,8659.12,12923.33
1000512,200584,-16,71945.05,50000,1052.15,15910.32
1000516,101414,-12,105807.04,100000,17682.13,88.75
1007756,109830,-9,52884.65,100000,3625.49,3236.55
1001139,201168,-6,7823.38,50000,3113.74,14944.09
1000573,103657,-18,25445.31,100000,1713.53,18317.31
1007157,100305,-20,3006.17,200000,4934.24,44275.65
1007110,109408,-12,72351.84,200000,6373.27,37656.87
1001817,103020,-16,178607.69,50000,15735.14,47703.04
1001791,100167,-28,118546.8,200000,5340.28,1168.52
1006583,107169,-24,24644.67,50000,6769.62,2909.96
1000029,201487,-24,5673.85,100000,3221.48,20107.1
1005054,200280,-20,107504.07,100000,4455.36,313.21
1002556,102445,-21,38221.23,200000,1376.7,4238.93
1007803,101794,-3,4762.7,200000,217.33,16942.02
1005686,103061,-15,31736.21,50000,672.54,6343.32
1005610,107480,-35,33846.23,100000,15154.75,23945.93
1007123,200163,-20,60684.65,50000,19107.14,8030.97
1000214,105387,-15,15630.48,50000,7151.97,465.96
1000142,104654,-4,7673.33,50000,15624.47,15144.09
1003231,101451,-32,6703.2,50000,3565.35,23306.47
1008031,104278,-19,54020.06,100000,619.6,9893.55
1005273,103562,-24,7638.55,200000,4011.32,27300.79
1002256,102296,-13,72335.66,200000,3118.41,5145.9
1004983,109692,-14,108440.96,100000,8921.57,32366.33
1009685,105269,-1,264912.78,100000,1168.86,6482.52
1000752,200108,-33,6199.49,100000,1888.5,238.04
1005976,102677,-11,8740.54,200000,3086.0,12405.89
1001337,104368,-15,9027.98,200000,233.77,4019.83
1001242,105723,-12,49986.9,200000,6494.89,3898.92
1001147,108691,-28,132328.04,200000,8920.94,47685.68
1006018,100726,-8,9043.86,200000,5558.2,12790.38
1003766,101355,-34,105502.38,100000,4076.68,2578.76
1001231,201672,-4,15775.56,100000,6314.35,786.27
1001854,108906,-19,71405.77,100000,1261.21,274.06
1003003,106913,-25,59185.72,100000,4676.23,22557.01
1000558,100102,-34,66130.58,50000,1979.26,6688.51
1002660,107612,-2,82184.77,50000,2292.68,28106.67
1007779,103795,-10,75347.92,100000,5452.33,8246.67
1003403,104950,-18,26296.91,50000,661.39,2320.78
1006884,105520,-19,48535.19,50000,1435.64,20169.24
1003669,101204,-3,25001.67,200000,881.59,5534.29
1005975,201038,-20,9643.47,50000,220.36,3204.79
1007721,103016,-3,189206.18,100000,29931.7,6501.25
1001291,101561,-24,37676.85,200000,30498.6,1632.86
1006301,102271,-3,37172.87,100000,17733.36,8895.21
1007564,200781,-27,84436.75,50000,28560.25,2491.83
1003445,109535,-32,96755.73,100000,472.27,31511.09
1005786,102210,-5,27401.97,200000,1772.12,5792.45
1008917,107545,-35,28668.17,100000,11098.85,10334.78
1009562,106471,-31,10202.01,200000,14262.44,18124.3
1005033,100466,-5,13258.83,100000,6262.92,19713.51
1002450,201230,-31,41964.99,200000,47955.31,10365.83
1006033,102498,-1,5949.32,100000,5441.54,9313.76
1008888,100242,-28,16818.49,50000,4659.04,2252.49
1003253,106405,-3,16197.05,200000,6337.37,1951.74
1001672,100801,-4,79709.25,100000,12795.24,581.36
1003183,105769,-31,33639.54,200000,3737.44,35138.76
1009072,104506,-11,128778.02,200000,544.92,28061.34
1001568,101905,-23,33223.91,200000,6236.13,1793.52
1004048,101250,-30,19992.4,50000,4796.24,3151.8
1003417,200494,-22,6447.49,100000,2273.89,3822.12
1008855,102678,-28,28267.75,50000,583.94,7989.68
1004831,201187,-16,15926.51,100000,10985.05,3472.27
1006598,200915,-4,1279.79,100000,105.1,31773.78
1003703,107157,-14,8021.95,100000,1443.31,6641.17
1009242,104685,-29,66329.47,100000,10899.97,9691.95
1004238,101035,-23,109156.2,50000,2211.29,13610.14
1000576,100561,-33,58709.09,200000,402.78,53256.04
1002230,103674,-21,41587.13,50000,19154.44,19161.66
1006598,200915,-11,78114.84,100000,4960.96,6261.29
1008569,107396,-29,9624.35,50000,1259.43,39898.24
1006179,107343,-13,68011.61,200000,10478.01,13432.56
1002706,103874,-11,229434.95,200000,20477.61,21783.58
1001923,107042,-4,45628.88,50000,5980.62,5198.79
1003060,108167,-32,61545.94,50000,24030.11,860.19
1001617,101310,-14,57203.37,200000,15459.2,7889.85
1001710,108209,-24,88692.95,100000,25676.99,1592.48
1004071,201660,-16,307.28,200000,6133.15,48310.57
1006352,102162,-2,65862.81,100000,5667.71,6449.0
1001160,200312,-10,93016.52,50000,13581.54,4909.23
1009294,201901,-15,101497.73,200000,29970.94,36778.76
1003479,200945,-31,281.01,50000,6695.25,29140.52
1003429,200768,-4,8966.25,100000,20794.42,3096.29
1006423,107957,-21,10919.42,200000,14184.66,3807.77
1008104,101595,-9,231392.36,100000,1466.22,9928.02
1000283,101519,-25,30921.34,200000,3431.28,27546.04
1003853,102770,-14,32507.0,50000,7261.18,5008.87
1009018,201590,-15,57519.85,100000,1943.89,36509.35
1005499,102414,-7,2707.01,200000,3053.8,17623.28
1004314,100562,-9,41300.52,50000,13642.34,133998.9
1007091,107884,-30,35036.39,50000,18385.07,8365.53
1000388,102534,-9,5370.74,100000,122.93,6764.42
1000861,100309,-17,67363.71,200000,7999.85,13051.5
1004736,104639,-24,32914.38,200000,7504.69,8082.74
1001220,103448,-19,105541.76,200000,1115.26,41437.17
1001439,201442,-34,57642.2,100000,8765.12,3199.31
1001684,105944,-27,74885.64,50000,2443.02,17469.12
1002755,201080,-32,126665.8,100000,8720.04,5503.95
1002253,100261,-23,17001.45,200000,19574.01,335.41
1009614,103307,-24,46732.26,200000,17012.93,13372.5
1004021,101992,-20,37130.18,200000,5904.1,508.8
1006976,105642,-17,12358.14,100000,6999.62,1647.84
1009631,108124,-25,148731.77,100000,3263.85,31927.74
1007864,102167,-8,13853.14,200000,4631.86,9283.8
1007504,109981,-20,12350.29,100000,5415.2,522.81
1002727,107331,-8,38662.5,50000,4594.63,6750.27
1006430,106879,-13,86491.01,50000,18494.71,16756.17
1009657,109138,-23,23095.77,50000,23095.24,7143.05
1001507,101730,-29,54431.44,100000,6304.53,32987.72
1008480,108383,-22,34126.11,50000,19183.98,10215.45
1003920,105785,-27,23645.54,200000,1356.83,1204.56
1008009,102014,-23,15499.1,200000,8204.3,19464.63
1006747,200160,-2,32038.52,100000,4197.08,30261.51
1001924,104363,-20,28196.06,50000,4009.79,17839.25
1000966,101247,-29,34681.53,100000,34270.04,4263.64
1002904,200935,-25,20956.73,100000,2811.06,14995.6
1004324,108715,-12,85635.73,100000,3837.97,967.65
1003518,108704,-32,561.97,50000,15779.43,3793.72
1006782,200241,-6,21020.81,50000,4513.94,1880.99
1001982,107095,-16,12140.49,50000,18532.32,13328.83
1002563,104578,-32,24620.47,200000,1715.82,6609.45
1005108,103362,-13,38368.94,50000,4697.01,48439.91
1004142,106662,-24,148861.42,100000,1739.25,1696.18
1003901,106718,-2,134912.93,100000,1304.83,8394.74
1006886,200875,-27,22748.91,50000,4698.49,2696.91
1003308,104104,-27,48521.72,100000,2382.4,29302.44
1002995,100443,-20,36583.71,100000,6080.8,10729.43
1006291,201957,-22,53282.04,50000,23344.63,38571.34
1001714,100642,-12,45870.1,50000,8850.17,11297.78
1009547,201893,-18,25092.5,200000,22284.36,15791.31
1008422,107992,-4,61619.37,100000,8824.44,34451.35
1009306,103941,-8,65604.56,200000,17141.87,14329.98
1000824,200406,-34,40156.41,200000,5064.35,1761.31
1008955,105429,-32,83578.45,200000,21962.94,10931.22
1003568,104393,-9,53472.24,100000,14080.59,17555.22
1008570,100183,-4,14097.52,50000,3687.85,3357.51
1008082,102800,-34,68618.71,100000,6110.87,5136.4
1006882,109522,-16,15131.49,100000,820.24,9900.71
1003957,109478,-23,2095.4,50000,7069.24,3165.54
1006185,102244,-2,18609.4,200000,13068.97,10265.61
1005253,105441,-27,43737.6,100000,4064.08,5699.16
1007028,102992,-11,1709.4,100000,3828.1,13997.14
1001148,105414,-28,1494.73,100000,3415.25,4931.01
1001526,105959,-7,52.74,50000,3111.28,158.84
1001214,101970,-17,1234.63,100000,6502.55,3457.52
1003329,107947,-16,33325.87,50000,7137.25,3206.3
1003857,109542,-25,117948.46,50000,3142.18,7092.62
1004193,109727,-10,38718.29,100000,10884.04,27213.79
1000122,100910,-6,21119.18,100000,961.5,2452.12
1000341,200752,-13,37472.44,50000,846.54,13843.53
1003910,201130,-16,2658.89,50000,15402.79,14848.13
1003728,201338,-23,58361.31,100000,904.41,2697.81
1008636,109267,-6,121856.41,100000,3913.0,11955.6
1007813,101839,-29,69159.51,100000,14040.85,13413.82
1005067,109080,-35,117310.16,100000,5982.9,2401.82
1004958,101771,-11,201615.01,50000,530.6,6360.68
1002026,109327,-3,30145.15,50000,25612.56,20590.6
1009262,108475,-17,32132.44,50000,3519.9,27508.59
1008918,200640,-26,92557.71,100000,1929.15,4242.33
1004453,102453,-2,50158.98,100000,8690.31,18674.69
1009689,101498,-11,147637.78,200000,4370.77,13181.53
1009615,200429,-22,102636.97,50000,6087.98,16724.0
1006388,103986,-10,12961.97,100000,4528.24,25311.43
1000747,104592,-29,87918.72,200000,28815.05,8412.07
1002758,108899,-10,9820.39,50000,9287.86,49545.73
1004702,104351,-34,39720.34,50000,7643.28,6094.23
1004811,105860,-35,49604.55,100000,1882.58,1456.46
1007782,100195,-4,10845.7,50000,4801.54,17079.79
1005004,106417,-30,13349.64,100000,841.79,73178.52
1000611,201188,-4,13623.56,50000,20372.49,11193.16
1001521,104325,-7,3115.48,100000,24771.4,8213.71
1001012,200453,-18,17683.03,50000,9133.86,44717.42
1001583,107297,-32,94141.98,100000,57892.79,32656.48
1001134,102612,-16,24093.76,50000,10729.11,22909.14
1007743,101345,-1,30491.07,100000,16000.08,94660.75
1008287,109480,-29,191058.48,200000,4901.49,3750.29
1006474,109928,-19,69105.5,100000,4415.51,21613.45
1001639,104260,-2,11075.93,100000,8394.98,714.83
1009402,201432,-18,63765.43,200000,2659.48,1097.27
1001655,101108,-29,25819.63,200000,3025.32,7790.37
1009851,107970,-26,27458.85,200000,5059.03,8683.99
1006007,102300,-8,12396.99,100000,5830.41,3516.13
1003140,106265,-1,39960.83,100000,26083.13,9750.29
1005941,102499,-3,32822.18,200000,10274.19,20788.91
1006646,201078,-3,37214.53,50000,34196.9,98594.83
1001981,106925,-24,25010.27,100000,15821.7,21351.89
1001754,109128,-16,146967.92,200000,15288.01,11508.43
1000189,102047,-28,20446.59,50000,23474.9,7001.35
1008231,107288,-4,217881.6,100000,2106.26,224.82
1008317,106578,-31,34555.02,100000,1073.37,3004.45
1000374,107771,-29,29324.02,100000,3663.91,40336.15
1004952,201372,-9,53739.12,100000,5142.76,22749.46
1004220,200283,-3,45908.81,50000,20460.42,9220.3
1004668,106773,-4,152104.13,100000,677.65,1404.98
1003699,109948,-27,42667.51,50000,6937.63,56579.47
1004506,101280,-3,18574.24,200000,25792.91,1783.17
1008135,201891,-17,55190.88,100000,8134.93,13758.02
1004575,106866,-21,62652.52,100000,8128.5,7665.43
1003689,108058,-7,24045.2,200000,7517.53,3089.37
1003402,200034,-23,3506.4,50000,21540.81,18208.99
1009635,107846,-4,22754.73,50000,4935.17,15272.91
1006219,108792,-27,19163.63,50000,2013.5,11071.71
1002416,105531,-23,123462.65,100000,6182.11,2280.41
1004287,105259,-19,68550.26,50000,2997.08,4676.97
1008825,107572,-29,13678.93,200000,31.09,28692.53
1002537,104424,-14,36180.44,200000,8763.95,19809.15
1002880,103531,-20,138644.94,100000,21765.4,4109.56
1009192,201550,-14,77604.98,50000,11259.18,909.29
1001907,103402,-14,17362.82,50000,11355.58,15212.58
1001083,106451,-31,30697.97,50000,1383.37,10794.59
1008929,200742,-25,59050.0,200000,2410.69,676.05
1000320,103408,-32,64668.48,200000,11978.82,8866.53
1002247,107134,-11,22249.94,200000,20971.25,12860.31
1005187,201154,-4,66910.81,50000,565.82,59991.6
1008850,107166,-5,32243.71,100000,13334.94,2231.52
1009995,106302,-10,35706.03,100000,4129.81,35582.49
1002066,100984,-4,18671.43,200000,6512.64,39239.53
1008518,100128,-17,13547.52,50000,12308.67,6669.38
1001493,200566,-29,4301.52,200000,2457.75,19351.97
1000508,200672,-14,149672.79,100000,20231.6,7738.81
1001346,106647,-35,81526.03,100000,3258.37,27291.61
1009946,104981,-26,30272.08,100000,11545.47,5207.88
1005824,200916,-35,13273.96,100000,10727.79,977.6
1006244,106418,-33,71855.98,100000,2283.73,32592.05
1007509,107623,-31,1721.07,200000,7401.6,5074.51
1008570,100183,-3,124479.54,100000,1253.31,21549.73
1009901,100265,-2,50915.24,50000,19122.16,6813.67
1003952,105410,-1,23257.28,50000,1274.13,24736.75
1003259,101710,-10,741.89,200000,1426.04,1443.18
1001517,100880,-8,9555.95,100000,3022.94,50238.44
1009364,107536,-1,102184.59,200000,1407.5,19633.49
1008345,105252,-24,13539.18,50000,3212.62,15175.75
1004999,102861,-10,2046.12,200000,12297.89,34358.53
1002131,104808,-24,45773.43,50000,694.41,4224.89
1002525,105024,-20,18268.36,200000,6553.98,25040.84
1009224,100336,-27,35329.18,200000,582.28,16766.57
1003149,109804,-14,57562.87,200000,18389.55,104.38
1005019,200413,-33,47310.65,100000,6365.32,3253.14
1005622,103409,-32,137568.52,50000,408.77,5745.52
1004055,107572,-17,2244.83,100000,2977.54,1888.93
1009373,101401,-15,160416.93,200000,26275.46,26771.68
1006202,101297,-31,24246.7,100000,38665.15,12112.25
1008374,107548,-32,22484.61,200000,5204.01,39318.18
1005516,104525,-35,61958.59,50000,61936.13,13574.05
1008067,108511,-1,37663.29,100000,1053.94,7740.0
1009778,102081,-20,44101.36,50000,3133.04,238.83
1000465,108632,-25,49240.34,50000,839.86,18754.96
1002292,107147,-35,32907.08,200000,14079.25,22093.93
1009486,103475,-34,31013.19,200000,10092.27,12266.12
1008653,106881,-34,103551.45,100000,7865.39,16195.23
1000623,108162,-9,66315.78,100000,4724.89,23281.94
1006812,103581,-24,60158.69,200000,13452.19,5982.78
1009681,200322,-1,64971.25,100000,6605.77,8154.85
1006088,106142,-1,16025.08,200000,38834.43,29995.58
1002935,102969,-22,2389.6,200000,6261.46,4166.41
1001957,100213,-28,33829.54,100000,814.83,35560.27
1002326,104883,-28,174208.23,100000,14038.59,1100.7
1008630,103207,-3,55620.96,100000,5974.99,14727.11
1006012,102177,-17,10660.94,50000,5289.15,897.76
1001263,109761,-18,31725.24,200000,138.03,20836.04
1009198,104866,-6,13588.88,100000,27197.71,11361.8
1003174,103629,-6,134827.8,50000,9504.48,2133.52
1004925,101800,-14,52744.98,100000,5390.89,3929.45
1002603,100317,-3,26574.63,200000,6830.57,52251.24
1001258,102146,-10,18031.89,100000,11671.57,409.95
1006775,109919,-31,206413.84,100000,2139.16,1265.4
1004486,201530,-25,241138.32,50000,3631.45,14911.58
1003242,100238,-32,123785.5,50000,11973.81,3204.32
1000422,109666,-21,68473.14,100000,20298.5,2947.04
1007580,200122,-15,9865.33,200000,15100.26,15826.02
1005963,103434,-2,26049.45,200000,22501.72,13239.65
1009803,100614,-17,99462.84,50000,12119.41,1384.12
1003079,201651,-7,75139.35,200000,29364.49,3215.99
1004743,200198,-23,142254.7,100000,2391.61,14439.51
1000735,104840,-33,160311.45,200000,37113.99,16688.42
1008146,201449,-5,27010.73,200000,28834.22,10942.71
1000377,108968,-8,12997.73,200000,8975.34,9686.63
1004233,101005,-30,9829.92,50000,10341.01,3514.34
1008789,101870,-4,4759.99,100000,1476.19,10951.48
1008310,201224,-11,121547.25,200000,3295.7,25099.75
1009912,101840,-24,43544.67,50000,2798.38,41263.29
1008753,107416,-9,27444.82,200000,4332.8,11790.5
1009071,109757,-30,41225.11,200000,2795.26,13220.76
1000713,100355,-15,58835.21,50000,2144.49,17865.88
1005202,108551,-13,68358.71,100000,2918.26,9046.38
1005689,109503,-32,3323.25,200000,3294.92,8592.16
1001040,200953,-23,46061.75,50000,33991.63,23180.98
1004164,100294,-27,8709.97,100000,4243.71,4739.41
1005452,106796,-7,4196.66,100000,6755.23,845.85
1007642,107667,-32,118531.34,200000,3595.25,21322.0
1003454,201065,-32,4205.04,50000,3650.25,8463.44
1008857,201734,-1,79373.96,50000,2687.21,16106.37
1003368,109273,-8,47927.66,100000,6692.28,11762.96
1001524,104439,-15,33621.38,50000,3428.57,1127.02
1008548,101994,-9,207480.93,50000,5818.25,103570.66
1007218,106142,-28,47582.09,50000,3011.55,43417.01
1000498,103573,-14,7636.63,100000,14141.96,4693.71
1000803,106580,-34,102936.86,50000,9499.33,18373.61
1003917,102130,-35,2611.39,200000,9885.25,17427.12
1007025,104082,-31,1580.77,50000,8097.1,17337.8
1001953,103989,-8,74049.29,100000,2926.87,4172.93
1007086,104114,-32,46036.97,200000,210.86,4466.77
1008334,105215,-19,13324.77,100000,41918.32,24996.95
1004452,109868,-12,28013.47,50000,21681.15,173.01
1008176,109873,-1,9367.71,50000,6954.03,19120.96
1003807,101606,-11,92855.16,50000,15609.54,11548.7
1007754,107209,-20,64161.71,50000,12594.84,13594.13
1008540,109982,-5,44467.92,200000,8509.3,319.25
1009450,102158,-33,30220.54,200000,9088.03,12157.66
1009604,105946,-17,92457.06,50000,15322.25,4660.93
1007184,103802,-7,12799.83,50000,10346.87,3612.39
1008580,100297,-8,65740.02,100000,12645.55,1331.19
1003858,102841,-19,33286.34,50000,2123.4,2522.46
1001638,105457,-17,227.23,200000,8240.39,33146.1
1007201,101848,-16,31548.22,100000,16032.65,15880.03
1009696,100017,-35,264314.37,50000,9815.32,9540.57
1001179,103844,-29,59193.3,200000,12347.47,1619.29
1005946,109482,-11,29541.36,200000,7046.8,20987.74
1000027,101282,-16,24388.23,200000,3122.26,33318.68
1000956,100750,-8,122133.7,50000,1054.76,2376.21
1006063,104375,-34,8622.75,200000,15315.68,18210.79
1005260,201236,-24,116342.98,100000,7935.69,6266.7
1003211,103797,-1,104265.76,50000,7782.21,10615.5
1004700,106691,-1,60689.38,100000,8979.33,28015.91
1004331,200747,-13,90175.71,200000,881.42,5134.41
1003388,108813,-22,187585.9,200000,3304.43,14181.79
1006957,103950,-24,1287.11,200000,13031.74,6066.17
1004738,107037,-10,114128.62,100000,17988.95,82.28
1007079,107546,-30,14162.34,200000,2270.04,284.09
1005798,108600,-15,75175.48,100000,27210.33,11454.27
1000284,103755,-15,68957.26,50000,1063.86,47130.93
1003532,201062,-19,27212.56,100000,3004.34,5272.73
1007489,107729,-32,179115.01,200000,13722.52,10443.03
1008534,105408,-9,44969.98,100000,16624.92,28288.85
1008478,200707,-20,66299.67,100000,21071.76,6840.26
1000439,107315,-17,78558.69,100000,9639.97,9113.95
1005581,101594,-33,96661.45,50000,2004.03,12376.4
1005015,101667,-14,183410.01,50000,5932.67,17968.45
1000968,102789,-12,100313.5,50000,14079.62,3292.03
1009566,104288,-3,5145.5,200000,10246.8,66360.86
1008876,101247,-29,71528.6,200000,622.72,19727.39
1007391,200975,-27,51804.82,200000,9786.26,29220.54
1001712,201130,-14,2230.69,100000,10780.04,28911.83
1002469,200043,-17,48814.51,200000,11925.78,3840.6
1009181,101059,-20,63654.02,100000,3311.39,24870.36
1005731,106433,-3,114792.65,50000,5318.7,23793.85
1008243,107291,-10,21517.14,200000,18773.34,28057.72
1003964,102405,-1,4149.34,50000,9780.9,72.73
1005531,201433,-1,69225.28,100000,24939.5,8524.72
1007219,102295,-32,65073.56,200000,1192.46,8273.87
1003907,200251,-23,24639.12,200000,4996.63,34458.71
1001798,200892,-21,250605.21,50000,10764.98,224.53
1002910,201150,-9,33137.04,100000,7326.9,4609.82
1005437,201421,-17,55742.4,50000,7530.39,4083.55
1001669,102798,-24,27735.75,100000,17775.96,6410.54
1007280,102269,-1,103179.1,50000,11553.67,3162.41
1009674,109767,-32,75471.13,50000,9322.69,8958.7
1008327,108482,-35,6711.09,100000,82.37,2360.47
1008148,101278,-19,92009.53,200000,4291.38,13397.21
1004748,109259,-4,55532.85,50000,14249.01,660.3
1008678,106276,-25,33889.63,50000,7320.97,4398.97
1001325,108258,-33,104383.32,100000,734.82,6216.73
1005024,201323,-14,4828.0,100000,12463.53,50609.92
1008506,106594,-27,4330.33,200000,6854.07,38353.3
1006723,109133,-21,29630.03,100000,8271.87,7456.8
1007294,107643,-1,19317.35,200000,18811.68,861.94
1002183,102900,-21,24432.63,50000,19631.09,8257.06
1002551,106339,-31,31635.0,100000,5926.48,922.87
1003705,102201,-16,60981.46,100000,2003.54,22449.59
1009126,106864,-17,7796.99,100000,4118.44,3168.57
1003003,106913,-12,46935.73,200000,3478.81,9351.33
1001364,105590,-25,26121.73,200000,25776.81,5938.19
1005712,105787,-4,2869.37,100000,7273.63,4149.91
1007393,101357,-3,49527.65,50000,14725.0,8232.98
1002832,105848,-31,44398.87,200000,9161.4,14907.28
1008363,102351,-29,50098.59,100000,9883.59,1540.94
1000081,106104,-13,65286.19,200000,11637.54,9118.54
1004820,105475,-33,26191.8,100000,745.87,9286.33
1005875,102635,-14,40119.81,100000,234.22,8875.21
1005075,107111,-11,42733.57,50000,14319.88,6899.66
1004957,102529,-25,98517.08,200000,40836.93,16266.86
1007539,103897,-17,29116.88,100000,2869.43,10281.16
1001615,100716,-29,9117.02,50000,2377.51,4807.65
1004045,102739,-19,31574.01,50000,2975.69,16487.48
1004719,201238,-28,63225.61,200000,3795.24,24258.69
1007093,107252,-23,26249.1,200000,7990.63,43721.99
1002707,104563,-16,29058.35,200000,23206.14,2122.17
1007867,105600,-18,3881.45,100000,17023.0,448.78
1005445,109194,-34,68157.18,50000,16843.5,25430.16
1006557,100849,-26,14475.11,100000,4686.15,568.92
1003787,103380,-7,14904.84,50000,9506.01,19463.62
1006636,105125,-16,16068.93,50000,21374.09,2365.65
1007728,101126,-17,66052.26,100000,6222.62,9750.12
1009563,103624,-20,8442.46,50000,32664.71,12001.14
1008999,107278,-34,73333.2,200000,5792.62,25380.86
1006729,100467,-28,855.2,50000,12114.21,8244.5
1006477,102390,-8,6715.07,200000,7419.12,2467.04
1009799,109588,-23,53992.73,100000,82634.07,14760.04
1007887,108863,-16,15475.37,50000,29293.97,4435.33
1000184,107471,-4,19034.47,200000,2609.69,83191.64
1002602,100390,-7,16088.84,200000,30503.49,5115.25
1005838,105580,-1,10425.84,200000,5720.67,14228.17
1003611,108820,-28,3555.78,100000,4259.5,23336.61
1000920,104984,-27,62321.92,100000,1018.01,1586.84
1000357,200381,-34,47584.73,200000,457.98,21331.9
1003278,103001,-3,61604.42,50000,10782.09,1323.39
1001874,105969,-17,13953.8,100000,19470.66,13993.72
1004941,104538,-30,74713.16,200000,3703.2,25698.41
1003069,102394,-6,49151.68,50000,1294.78,39190.76
1004847,109031,-24,127581.39,200000,1881.04,10357.31
1006443,108787,-27,22097.16,50000,15250.44,10925.05
1005004,106417,-21,28666.93,50000,6471.58,8040.15
1009532,103418,-35,160629.47,100000,36069.98,2260.17
1007656,201377,-8,87163.72,200000,77.52,3460.39
1007991,200679,-6,38304.63,200000,18672.3,17551.47
1004380,101788,-4,33665.59,100000,1285.61,35320.36
1005466,200027,-1,107216.74,100000,20067.54,1052.95
1004200,100936,-35,5347.65,200000,5042.56,34012.94
1003435,103315,-26,102409.79,200000,13685.56,16072.55
1002805,107391,-6,6725.59,50000,12116.68,39817.85
1001218,108701,-12,26058.44,100000,6141.86,1765.0
1004374,200108,-35,62080.48,200000,1975.0,6803.37
1009125,200345,-20,7507.04,100000,8057.56,1795.02
1004621,106398,-8,29712.41,50000,9355.54,7824.63
1001696,105344,-34,21202.72,100000,4558.28,2690.47
1001706,102235,-9,60360.89,200000,5054.71,15051.18
1005250,104622,-31,18009.15,50000,5832.9,3083.63
1006545,200044,-14,31937.19,200000,691.58,142.36
1004689,104000,-2,26441.5,200000,93259.7,14295.57
1000989,104818,-3,153593.39,50000,5166.48,8788.59
1004273,104468,-27,25965.74,50000,7757.36,14066.21
1005481,105730,-34,43001.38,200000,4461.98,24304.14
1004147,104069,-19,62643.1,50000,17905.88,2029.25
1002982,109657,-21,33328.82,50000,10928.88,11221.94
1004817,201213,-23,14756.75,50000,3759.09,21800.27
1001571,108181,-35,22456.57,100000,6360.42,11953.33
1001929,100089,-26,3023.83,50000,7467.47,17536.4
1006332,104647,-27,54169.18,100000,7080.0,1998.28
1007416,100097,-31,15220.24,100000,27778.53,10721.78
1001980,102630,-31,4206.56,50000,33734.33,7193.17
1000431,105230,-10,76745.51,50000,18210.6,486.92
1001232,101533,-22,14619.14,50000,8170.98,15784.46
1004922,201933,-30,58788.98,50000,4344.35,12775.54
1005280,103589,-31,12617.8,100000,1783.29,3930.66
1006401,107464,-15,144743.71,50000,3194.04,4563.86
1002410,107866,-18,135.8,50000,373.46,20611.61
1001826,107361,-10,27931.24,200000,2139.57,21128.43
1007336,200633,-16,8723.38,50000,3568.36,526.97
1003320,107721,-7,41694.22,200000,7869.96,29264.47
1009905,108895,-32,5523.52,100000,16402.49,12199.27
1005504,100472,-32,16107.59,200000,5418.45,7001.11
1003720,103077,-20,36633.34,100000,6184.03,7031.32
1002883,109393,-8,99408.77,100000,32838.75,7313.53
1002994,108675,-22,9522.15,100000,2710.01,13148.39
1009315,106576,-1,119476.6,200000,34654.39,7827.34
1007623,101450,-30,156812.61,200000,12463.45,18344.9
1006597,201204,-3,30531.19,200000,6502.53,4615.18
1006211,108452,-33,6000.36,200000,12909.98,50748.37
1006266,200627,-24,4516.84,100000,10896.33,10309.94
1008554,109263,-22,54773.22,50000,2007.93,3997.34
1002962,107128,-15,10815.38,50000,12389.46,11689.59
1005945,101752,-11,9204.17,100000,18597.15,13695.15
1007876,102441,-21,71945.43,50000,3163.76,3953.46
1008700,200867,-30,39368.38,200000,431.6,6217.55
1003709,107145,-10,45277.47,50000,11152.78,2298.84
1009908,103227,-7,36142.03,50000,1124.0,7841.58
1001675,109080,-26,51135.13,200000,2894.12,20176.22
1009921,102866,-7,92292.34,200000,9131.6,3337.91
1001725,103781,-19,99679.11,100000,43870.99,37712.58
1008439,102572,-28,19244.57,200000,5056.46,20404.41
1006172,103027,-9,33013.08,200000,4805.12,30922.4
1001982,107095,-25,21445.77,100000,10131.41,53743.92
1001661,105644,-31,3840.12,200000,3035.22,84731.14
1002315,103275,-21,75940.2,100000,9785.54,10558.77
1001239,102102,-4,22107.37,100000,3680.62,15564.34
1005311,108819,-18,17496.61,200000,11904.47,27860.81
1003545,201788,-3,87289.61,50000,4569.08,24829.34
1000625,200756,-30,38205.09,200000,25487.11,9103.68
1000353,103156,-12,125898.26,50000,172.1,28510.4
1006900,106150,-14,15992.3,50000,1851.82,12808.72
1004284,101764,-5,67573.72,200000,4670.82,4027.05
1000065,105415,-4,32737.68,50000,2627.13,18257.59
1002561,100219,-5,284702.13,50000,23759.47,27004.41
1005946,109482,-7,9289.75,100000,2558.55,52829.11
1000194,201881,-11,78820.65,200000,17319.81,23111.82
1008367,101587,-16,44479.61,50000,12980.27,37493.68
1000805,109568,-20,26859.27,200000,6850.21,26968.89
1003071,101861,-27,11597.93,100000,14270.57,43159.57
1005569,100652,-21,57329.96,50000,16163.16,13462.1
1002273,104614,-28,97651.25,50000,1097.7,8414.07
1001369,101963,-10,2093.92,200000,18439.72,10730.12
1002330,102409,-2,16965.42,200000,4737.87,22701.18
1002091,102596,-18,13328.71,100000,4611.62,1284.1
1005412,105287,-21,47931.53,50000,5838.39,9400.12
1003120,201259,-8,21544.84,100000,3610.86,611.41
1006878,105003,-15,38103.41,200000,40569.57,16151.14
1007896,107086,-29,11217.46,50000,1023.8,9037.99
1002664,103152,-22,9792.23,200000,4784.82,8873.69
1007105,200431,-4,32143.83,50000,9766.29,8749.71
1006385,106112,-11,51083.56,200000,3305.5,5199.06
1001789,106881,-7,56570.92,50000,4195.8,1492.94
1007348,105564,-2,52639.01,50000,9484.74,34094.42
1003782,200681,-17,5695.62,50000,15315.99,1472.75
1009826,107745,-34,9244.02,100000,557.35,3465.86
1000617,101660,-29,34437.52,50000,48067.94,7675.83
1001900,100104,-1,141809.12,100000,2210.52,12228.27
1000297,105059,-27,33856.83,100000,18723.08,3956.06
1007851,200569,-5,10176.08,100000,30175.01,14600.18
1002791,200505,-9,14415.2,50000,7331.71,10350.54
1002020,101572,-31,11487.77,50000,15253.18,12648.8
1001387,200074,-17,93217.46,200000,6305.08,31446.46
1003985,101410,-22,277507.26,100000,11269.6,3545.7
1009434,105157,-21,28022.36,100000,24403.44,659.62
1002512,104944,-14,36629.9,50000,42537.66,918.36
1000003,104391,-28,6971.86,200000,2622.46,18033.28
1001054,104371,-26,105501.17,50000,49.65,36868.84
1004879,104097,-6,45742.69,50000,3159.78,14820.26
1004095,103821,-29,19789.42,50000,5193.18,20136.98
1005290,107573,-32,95987.34,100000,2735.64,43320.46
1004803,201538,-32,19546.93,100000,10235.8,6998.52
1007473,107837,-25,26307.78,200000,231.69,13938.2
1003155,106517,-35,107810.45,100000,4347.64,11847.31
1006047,107102,-29,50897.91,100000,742.49,9712.96
1008332,106620,-14,35877.64,100000,18404.95,4019.35
1002747,109267,-4,145964.38,100000,4930.9,3764.61
1005049,103039,-25,86918.96,200000,5144.66,7126.58
1008628,109648,-10,3791.65,200000,1124.43,4043.65
1001255,100631,-7,9087.72,100000,18120.66,6599.1
1004268,108565,-3,100861.25,100000,22397.25,46619.83
1005660,107954,-1,18328.79,200000,4121.31,11244.63
1006827,106739,-22,48878.84,200000,10534.67,329.89
1002532,103316,-33,193489.91,50000,6207.3,20199.43
1002822,100826,-22,20365.55,100000,13077.68,24224.27
1002464,108006,-25,37669.59,50000,1900.41,42341.32
1002615,100214,-22,56089.91,200000,4619.79,17797.21
1003615,105920,-1,10179.89,200000,6420.82,5088.34
1004648,107081,-12,8888.92,50000,1148.49,2992.68
1002762,108983,-16,43136.49,50000,5164.6,69.89
1003825,104799,-19,29539.95,100000,353.84,6409.12
1005411,109558,-7,2109.76,200000,18422.32,41741.03
1004717,105391,-27,11842.63,200000,9636.55,8568.84
1003019,102814,-34,26029.39,50000,6348.65,21244.34
1007746,103566,-7,146579.74,100000,14698.86,22900.63
1000514,108954,-34,8476.79,200000,19633.83,3109.27
1005899,101970,-9,28823.18,100000,17523.46,11865.77
1008801,103129,-26,3428.01,100000,13444.21,10683.11
1002286,107620,-10,48614.09,100000,1591.26,1487.52
1000958,200990,-20,36067.46,50000,23224.61,6444.65
1009199,106778,-1,51722.34,100000,12430.86,9639.4
1008956,200160,-22,106277.05,50000,6846.69,15721.82
1009105,103684,-23,88.76,200000,17301.53,14400.61
1003195,105166,-14,15074.48,200000,5935.48,28759.16
1005720,100852,-6,3068.93,50000,2509.01,47681.86
1009953,104216,-12,57659.74,50000,2544.91,1015.46
1004781,200546,-19,2562.21,50000,4598.58,4746.5
1009776,101232,-35,4705.93,50000,3708.1,9587.2
1000601,103092,-8,39339.86,200000,24183.73,8943.65
1000995,105034,-5,64028.82,200000,26274.26,12736.61
1000158,102870,-28,57121.06,50000,12287.91,19433.73
1008053,101154,-12,73576.61,200000,4221.47,786.91
1008848,100031,-22,100269.54,100000,14403.64,15727.99
1009746,201115,-16,214912.14,100000,422.6,7450.32
1006682,101869,-2,92519.6,100000,11485.16,4281.11
1009849,106016,-27,31763.05,100000,12450.15,2492.45
1005016,104066,-7,8141.73,100000,988.29,46249.05
1007650,107891,-10,198.79,200000,7484.07,11779.13
1002447,100847,-13,20507.77,50000,155.02,28194.45
1008681,107941,-23,77616.02,50000,16491.04,19206.65
1001054,104371,-29,190506.98,200000,48849.58,120.6
1000343,102156,-21,22635.05,100000,16949.45,413.86
1000186,103555,-34,1904.42,200000,2172.6,12163.45
1002372,103511,-13,32836.41,50000,10639.5,55621.49
1001469,201062,-35,62521.21,200000,4747.36,25760.27
1001660,100481,-19,110889.41,100000,631.88,9927.58
1002013,102432,-21,15778.83,200000,16788.92,20258.56
1004077,103333,-35,16212.34,200000,16303.93,10935.16
1003606,100866,-9,61400.14,50000,512.42,1201.99
1004141,108999,-4,63264.76,100000,9346.17,8473.62
1009457,201241,-4,87175.58,50000,41514.61,3899.52
1005015,101667,-6,97406.72,50000,3141.25,1591.61
1005960,107182,-17,22562.28,200000,5209.76,3095.38
1002150,103743,-20,15234.75,200000,25348.52,6111.88
1000878,101826,-23,37134.08,100000,2275.79,6738.24
1000624,101955,-27,36634.85,200000,13473.3,11118.84
1009627,103381,-3,62447.33,100000,794.65,3907.26
1004415,103575,-18,29088.88,100000,23781.41,22937.73
1007211,201412,-4,38852.73,50000,545.25,32948.02
1009984,106870,-14,1980.26,100000,18811.81,5921.49
1007842,108102,-4,139611.06,50000,16869.08,11982.88
1002166,102298,-28,58897.87,100000,15272.98,5004.67
1002107,106156,-31,128286.45,100000,1238.16,12530.91
1006289,201197,-7,737.91,100000,6522.97,347.18
1006775,109919,-11,30129.75,100000,7630.05,14880.89
1004851,201305,-9,17637.72,100000,940.23,38316.49
1001662,109560,-2,103553.04,200000,4080.14,5959.38
1000384,100277,-15,18757.9,200000,8050.6,10687.38
1002721,200254,-12,23490.37,50000,6583.14,11359.99
1007271,109826,-7,14598.61,50000,47143.24,3444.06
1007045,105917,-34,40417.85,50000,10571.36,31507.96
1005654,108833,-34,40614.45,100000,1569.77,4046.97
1001662,109560,-29,121213.87,50000,11592.35,13652.19
1002923,109171,-6,90020.44,100000,6653.21,7651.26
1003723,107985,-28,18904.58,50000,19898.33,924.3
1001921,107591,-6,92552.38,100000,12079.7,718.8
1001604,105600,-23,149344.73,100000,21680.17,18033.28
1008440,106857,-29,83076.5,100000,7257.57,22442.73
1002466,103417,-30,25844.75,50000,5544.65,13543.02
1002002,102760,-9,7857.2,100000,7887.96,9391.94
1003006,106516,-13,7346.23,200000,10720.63,43421.12
1007497,105882,-22,32445.65,50000,1744.27,20734.68
1005638,103866,-30,96779.63,200000,5112.57,16416.87
1001342,101581,-23,19494.33,200000,26504.26,56517.12
1005866,107446,-7,3192.65,50000,4961.88,13139.39
1007606,109961,-11,64634.55,50000,743.47,3133.33
1006320,104786,-10,42783.28,100000,5979.14,14636.33
1000838,101541,-2,23096.82,200000,9881.87,18977.84
1007774,103491,-26,903.62,100000,6047.9,1662.37
1007046,101807,-22,27821.6,100000,5100.49,15720.72
1003572,103810,-28,74118.48,50000,8659.28,1840.04
1000120,104192,-12,28699.22,100000,53032.43,4083.93
1004136,102198,-14,408.79,200000,7223.18,5229.34
1000479,104561,-13,43197.46,50000,2935.77,9522.01
1003895,105769,-25,50892.6,200000,3282.2,3669.78
1006010,201037,-8,9687.05,200000,52421.34,6391.69
1006542,106351,-29,21266.82,100000,21691.65,3936.24
1003306,200785,-16,114083.32,50000,191.02,10602.91
1003839,105132,-5,40415.96,100000,7458.43,5041.76
1007066,104518,-9,3827.44,100000,2683.53,475.82
1001243,102226,-18,1964.08,100000,5366.5,3634.56
1008207,107884,-5,92478.24,100000,11410.2,22971.27
1002855,108230,-28,43663.67,200000,27151.19,30791.12
1004852,106410,-10,4710.16,50000,18074.38,91.02
1004237,201146,-8,9895.19,200000,8196.05,5199.94
1001207,109695,-10,2859.83,200000,9101.95,11184.34
1002778,108163,-18,37891.52,200000,2694.64,2535.98
1001711,201408,-9,104115.84,50000,27593.97,53743.78
1002340,108817,-9,66234.49,200000,24794.46,7301.44
1004584,106546,-1,118095.38,100000,5943.08,1126.09
1004586,102240,-10,35337.37,50000,9458.01,12143.74
1009399,107735,-10,36766.68,100000,1321.09,74790.37
1007913,201170,-12,92639.36,50000,9672.14,698.98
1000996,108763,-35,39181.62,50000,12847.46,11575.3
1006019,100570,-34,125500.49,50000,34340.24,15002.5
1007907,102475,-30,86738.16,200000,13311.15,38034.72
1005719,108581,-33,216.78,100000,7012.8,17696.76
1000093,107125,-15,48363.56,50000,658.07,2555.16
1002112,103187,-24,210594.83,200000,29246.25,899.4
1007124,109496,-8,113281.36,100000,1518.94,955.24
1003302,103608,-18,89200.87,50000,124.76,5355.01
1007039,200773,-35,45399.32,50000,10588.41,61261.62
1004277,105750,-14,144078.45,200000,10003.65,12863.34
1007684,101389,-23,33136.98,50000,4186.38,32303.84
1003749,109690,-11,9924.55,100000,116.82,9669.56
1002298,109011,-19,110215.45,50000,10405.83,3548.41
1009935,200974,-11,34123.12,50000,11589.53,25220.2
1009211,200887,-9,68368.46,100000,3137.72,590.7
1008435,109533,-21,62095.68,50000,17849.51,13234.43
1006831,103313,-18,77107.69,50000,1910.76,14050.12
1009911,104403,-27,5251.34,200000,12719.79,5137.3
1002722,200705,-32,210285.76,200000,737.02,35788.41
1007700,104302,-30,129130.92,200000,17393.47,10245.12
1003600,103143,-30,174449.8,200000,3828.98,3961.48
1006058,101732,-21,74760.6,50000,17073.58,7819.47
1004548,100980,-12,37647.09,100000,12711.72,2840.91
1006751,107276,-3,22737.24,200000,14981.96,2581.22
1007991,200679,-31,26860.51,100000,2843.51,8481.05
1002357,109856,-3,39499.86,50000,2013.62,8676.01
1000441,101348,-8,13342.35,50000,3543.67,16776.72
1008024,105790,-9,80885.3,100000,19642.98,5979.31
1007448,101666,-1,13402.14,50000,18645.16,30685.69
1000478,100816,-30,87476.91,50000,22857.25,34796.52
1009564,106312,-11,39461.55,200000,550.59,12850.84
1003786,104453,-4,30274.6,50000,7459.2,11571.4
1002170,106122,-9,95232.34,200000,4235.55,27455.36
1006901,107677,-7,1702.91,200000,8297.28,24658.16
1003411,100491,-14,89231.68,50000,7756.36,692.79
1008047,104364,-24,66474.0,50000,8254.19,19221.55
1007397,104617,-8,23106.11,200000,2565.28,5635.59
1009927,100252,-7,25853.94,100000,7478.38,10437.98
1003162,107454,-9,50133.48,50000,8771.8,13752.33
1005421,101181,-32,10537.21,100000,8329.56,20842.72
1002857,200305,-5,15349.0,100000,1436.81,12034.4
1001544,107181,-34,822.8,50000,3345.93,5559.55
1003448,109671,-32,198151.3,50000,6591.11,17754.88
1004960,109843,-32,59720.64,100000,1103.11,12479.02
1003881,200222,-8,3201.75,100000,4103.99,23270.24
1006661,104611,-11,41819.88,200000,1310.7,11244.66
1007838,101371,-9,55825.42,100000,3841.76,17691.51
1003430,104850,-11,36976.04,200000,10596.43,2414.25
1009423,100690,-19,16864.32,100000,15687.5,6735.43
1005585,103604,-27,32225.7,50000,7666.59,5218.1
1009555,107691,-12,106409.12,100000,10832.13,9316.32
1001917,109561,-34,9288.14,50000,23057.79,18728.38
1005861,101893,-17,10028.47,100000,1241.84,14859.0
1002506,109436,-3,62484.83,200000,10771.41,45106.82
1004754,101985,-9,147620.74,200000,10637.51,21169.47
1003240,106638,-31,8183.05,50000,4519.37,19259.02
1002590,108313,-32,9372.1,50000,1193.26,37913.78
1002974,102425,-30,33536.63,100000,6288.77,17495.78
1002165,200567,-2,28543.73,100000,7319.27,5299.22
1003159,101888,-16,22306.38,100000,212.6,60030.4
1000776,107853,-31,126870.36,50000,29197.43,4022.58
1009300,105628,-30,31127.32,200000,3903.94,6935.5
1008239,104298,-30,44117.5,200000,20584.02,30196.27
1009424,103671,-35,111678.7,100000,12832.16,27233.56
1007944,100943,-24,2559.27,100000,11748.53,27046.97
1004338,101566,-12,111368.63,50000,1893.07,14865.28
1005104,200160,-7,22191.48,100000,4008.41,18125.67
1003015,104260,-33,809.53,50000,774.16,29598.08
1006650,100395,-10,35014.08,100000,2149.09,1424.24
1009526,100986,-14,9479.45,100000,38139.55,36891.22
1004156,100005,-2,1629.1,100000,22896.7,7182.71
1006275,100700,-17,64161.76,50000,10546.54,3988.87
1003630,107232,-34,16403.19,50000,19995.62,35556.08
1000954,103910,-8,76800.89,100000,2347.36,5790.87
1005894,106382,-22,5379.4,50000,506.63,35546.98
1009857,108086,-28,16698.58,200000,11245.75,2130.85
1000745,109363,-30,8903.09,200000,13924.78,11445.9
1004268,108565,-12,67479.33,100000,17056.8,3080.92
1002701,109051,-22,89591.23,200000,4326.73,23528.42
1000440,200661,-19,1642.04,100000,2307.35,98373.99
1009581,103505,-23,20803.09,200000,9062.19,25708.81
1004189,101878,-13,71476.57,200000,4331.82,83238.55
1000445,109301,-24,47836.18,200000,8665.81,65722.38
1000023,109312,-26,16456.54,100000,4801.85,45221.84
1008203,102941,-32,76767.8,50000,3569.26,14411.41
1008660,101364,-15,6880.13,50000,760.09,7364.67
1005056,109890,-15,17289.62,200000,4275.68,51048.52
1003433,100802,-27,1468.16,200000,16079.03,9220.95
1006987,109170,-24,20464.38,50000,1475.46,81.06
1001860,109201,-12,30633.94,50000,6298.26,7205.83
1003666,108567,-11,160552.15,50000,239.52,2752.27
1007040,102418,-5,3473.34,200000,5764.92,14392.95
1005531,201433,-7,38404.89,100000,10417.02,3917.42
1004333,106913,-6,3208.57,100000,16045.69,13155.74
1003976,100960,-28,10987.19,200000,22936.12,8151.08
1003708,105672,-33,14773.3,100000,11619.78,4445.55
1004149,101486,-9,35215.05,200000,2303.16,10066.64
1007493,101866,-18,18249.26,50000,10892.33,22071.14
1007016,108453,-12,142006.16,200000,27323.6,38348.55
1007623,101450,-6,43713.82,50000,25232.54,20933.72
1002751,102396,-19,13977.96,200000,15099.1,2493.85
1000049,108522,-31,5207.18,50000,4163.07,6492.54
1007409,200056,-34,8874.3,200000,4906.23,12357.46
1002837,201432,-16,62508.11,200000,3691.88,8295.27
1000966,101247,-10,2899.63,50000,5036.48,27592.22
1007423,107488,-24,196662.83,50000,4986.99,18689.7
1008970,102821,-22,73495.79,100000,12744.09,7137.5
1005799,106166,-10,15930.21,200000,12070.64,12513.16
1004256,109529,-35,13520.16,50000,1666.22,34353.39
1008745,201965,-12,128656.47,50000,525.64,74707.81
1002526,105988,-34,34392.02,200000,3261.88,9649.18
1004388,101166,-30,59943.88,100000,10513.23,2095.94
1003103,200563,-22,54384.58,200000,4205.6,10573.83
1006917,105058,-14,92072.64,100000,7612.12,20443.6
1000374,107771,-2,89557.2,200000,10275.47,18575.39
1009282,106287,-35,16447.64,200000,10700.68,50483.63
1008089,105433,-2,10873.6,50000,12705.56,8306.0
1009500,101182,-4,9076.71,200000,2131.79,20384.7
1007787,108959,-11,15688.71,50000,26601.84,1775.03
1003465,109687,-35,65314.97,200000,1598.94,61200.11
1004283,201657,-25,49025.14,200000,22498.47,4575.69
1007678,107399,-31,9787.36,50000,18197.04,27170.66
1008963,102131,-30,38279.2,100000,16692.39,2187.87
1002169,106288,-25,73165.0,100000,14787.56,8211.41
1005200,101421,-27,272725.71,100000,4085.31,19891.87
1008547,101958,-12,157438.54,200000,25292.8,12576.08
1007110,109408,-2,43069.88,50000,3698.08,1136.79
1001767,201204,-21,27874.71,50000,2180.55,1796.94
1003045,108321,-7,114863.75,100000,16059.65,1469.31
1009225,100352,-5,71743.33,200000,15723.69,5189.86
1008469,103007,-18,92234.52,100000,15209.31,34436.21
1009591,106325,-34,2204.84,100000,5448.92,4020.32
1006103,108879,-7,4953.72,200000,581.32,14440.93
1000616,100835,-9,18605.6,50000,909.96,13886.49
1005203,201418,-29,3763.8,50000,1933.05,11520.13
1000745,109363,-8,2081.89,200000,4019.46,768.49
1008426,200153,-9,84946.34,100000,18416.96,1011.98
1009800,104358,-30,5717.92,200000,5081.68,14267.82
1009784,103585,-11,46380.62,50000,5911.14,7274.77
1008324,107945,-17,62213.55,50000,8838.54,2081.74
1002770,102649,-3,124466.7,50000,10616.86,43095.18
1004948,201377,-21,22607.47,50000,16821.82,290.92
1006537,101515,-24,27499.46,100000,920.91,4334.29
1007787,108959,-14,8451.3,50000,8845.35,10774.01
1002521,102563,-4,1584.33,50000,3158.94,8058.42
1000439,107315,-10,17374.97,200000,4118.99,6611.73
1004469,109831,-26,54511.32,100000,6314.66,13699.33
1008925,109508,-12,55744.38,200000,3745.74,15756.88
1002705,102720,-7,17616.68,100000,1175.42,14548.54
1008355,109240,-33,10556.09,50000,10147.31,9220.99
1005194,109400,-27,44883.4,200000,1221.85,14546.46
1004014,107488,-35,75988.9,100000,4473.71,36153.22
1000448,201186,-4,24097.3,50000,4581.86,156.42
1001220,103448,-2,40417.39,100000,6229.3,21784.55
1006358,103475,-18,44282.42,100000,2391.54,4928.27
1005179,104807,-13,4786.24,50000,6350.17,36659.22
1005928,109066,-13,47028.53,100000,4350.56,6224.5
1009599,108230,-30,7381.61,50000,18570.36,42279.25
1006346,108548,-6,1274.87,50000,3491.57,992.53
1000438,105307,-12,47962.89,50000,5113.43,2150.21
1006454,103611,-13,755.34,200000,16402.32,198.69
1002758,108899,-24,18712.67,100000,2169.23,25987.9
1003098,104987,-18,66491.94,50000,9851.57,16736.6
1003287,102911,-24,100426.39,50000,2893.97,40903.59
1006211,108452,-11,272473.13,200000,9906.71,9007.88
1002693,201677,-15,63927.11,50000,3939.73,6861.68
1003518,108704,-10,23827.82,200000,3841.38,10382.71
1001862,105437,-33,3412.03,50000,8656.42,9.83
1004988,101758,-25,19449.7,200000,2838.02,5578.3
1006150,102128,-17,22305.95,200000,3191.99,5208.18
1000421,105029,-17,45448.49,50000,13504.52,6068.82
1007814,201123,-29,31781.63,200000,31358.99,17693.26
1000713,100355,-32,26973.29,200000,103.18,20708.74
1000514,108954,-20,219.59,100000,3517.91,6386.95
1004267,107067,-29,146239.75,200000,2055.17,34817.75
1008429,200300,-14,50273.1,100000,27150.99,20488.84
1000222,107211,-32,52007.77,50000,38355.17,21712.1
1002606,104097,-11,81637.09,50000,18650.91,7068.67
1001069,103150,-18,106041.95,50000,5088.55,2762.22
1005094,107892,-9,8853.11,100000,9593.24,31287.42
1002616,104937,-8,70287.88,100000,11302.14,262.84
1009915,102305,-22,35471.31,100000,1003.7,13763.4
1003615,105920,-5,22487.94,50000,36577.2,259.74
1004231,200103,-5,935.18,200000,2621.48,16360.27
1000677,201071,-31,43917.97,100000,5215.06,3844.4
1005559,201437,-13,82647.96,200000,2165.46,14461.69
1009021,107014,-6,8406.66,200000,6123.98,1580.9
1004568,109547,-33,6322.95,50000,1094.21,41789.69
1006522,102362,-20,1217.18,100000,9673.04,786.24
1005490,102183,-13,28594.08,50000,15655.46,22090.22
1005148,108440,-11,20432.02,200000,21999.76,9890.06
1002799,104700,-12,22224.21,100000,6879.75,726.82
1001789,106881,-18,127335.34,200000,1149.13,2766.25
1006419,100807,-21,8009.55,100000,1472.46,7381.76
1002926,106863,-10,9198.63,50000,492.1,7499.41
1000518,109221,-18,2922.73,200000,43655.41,9211.17
1002544,101827,-30,111606.99,100000,9016.33,3433.69
1008418,102564,-10,59133.79,100000,7462.05,19752.12
1005267,109768,-9,82232.72,200000,343.08,7695.32
1009125,200345,-18,51907.66,100000,16330.9,9947.9
1006395,105023,-29,10242.02,200000,13048.24,941.44
1003499,201212,-5,41291.09,50000,2664.64,4029.82
1003617,201513,-10,7907.77,100000,179.67,23125.05
1009338,103361,-6,111477.65,100000,9706.43,13237.17
1004448,201990,-22,44287.46,100000,30703.03,2452.02
1005002,105190,-21,25161.56,100000,8766.12,6713.38
1000984,102471,-25,55599.01,50000,15440.38,2711.97
1007956,100906,-25,6853.74,200000,4496.62,16852.04
1005119,100232,-32,41319.6,50000,1660.96,23189.87
1009155,201659,-1,68337.23,50000,18163.35,26983.75
1008824,106054,-30,87084.67,100000,2770.8,2174.33
1004301,109638,-25,58653.85,100000,14666.04,12376.61
1008222,108403,-5,7293.31,100000,4247.3,4610.18
1007685,106743,-25,24816.77,100000,8057.55,5417.71
1004464,109766,-13,13091.8,50000,6683.36,9623.95
1005029,109844,-35,10852.4,50000,7803.74,15133.31
1001312,109877,-8,7117.82,200000,2989.63,2537.05
1001185,102527,-15,28830.73,200000,10121.45,190.59
1005400,106206,-20,139238.9,50000,2107.28,2013.67
1005077,106209,-28,78721.65,200000,7706.95,3082.69
1002320,101592,-27,39516.16,100000,3479.92,14639.04
1000071,105512,-1,17647.39,100000,3511.0,21300.61
1004783,201674,-9,68524.7,50000,11442.57,13835.93
1002709,100691,-11,20583.38,100000,3211.02,7686.3
1005594,103442,-20,85000.71,200000,2251.31,22627.19
1001111,103389,-24,8481.79,100000,8337.76,26155.0
1001840,103548,-21,54276.03,200000,8651.99,9568.63
1006889,102384,-16,20364.59,50000,4777.53,14921.78
1003923,105435,-8,46018.32,100000,21844.85,2385.85
1006309,201926,-32,7955.72,200000,24759.37,1136.57
1004778,201687,-17,35796.92,100000,16023.39,10405.66
1001304,109790,-20,182633.99,200000,11108.73,5898.07
1005006,107436,-9,29370.55,50000,9192.97,7474.46
1008949,200162,-24,52867.4,100000,12396.93,34131.04
1004965,200054,-22,129212.85,200000,355.18,17701.63
1008550,104556,-13,33686.17,50000,2616.96,13616.53
1007617,105161,-10,3921.1,200000,4434.21,3394.02
1008899,103973,-9,58314.72,100000,21026.44,29591.53
1006925,101255,-6,33035.57,100000,17925.31,44540.56
1006883,105026,-16,1126.52,100000,3342.54,7069.01
1000281,107943,-1,58866.12,200000,10329.67,11810.02
1008329,104494,-6,131947.37,50000,10710.19,8519.03
1007647,200904,-26,112665.62,100000,6748.5,11468.25
1009006,101207,-24,18418.21,200000,1764.5,31338.76
1003693,101053,-13,70611.29,100000,36765.97,2228.45
1006001,104042,-13,207685.46,50000,2874.14,137.28
1006418,108090,-3,23087.96,100000,3343.97,4304.77
1005328,101732,-24,51810.52,50000,7151.87,30986.24
1001189,108720,-31,49507.89,100000,2966.46,8087.96
1009888,101335,-14,8112.59,200000,24555.05,37648.22
1004111,106737,-21,33619.92,100000,4764.66,907.57
1001363,108695,-9,23254.38,200000,1501.07,2241.91
1002871,103916,-12,36123.99,50000,7713.75,27338.03
1003351,105030,-8,19497.91,100000,50375.7,17472.77
1002175,105599,-9,21023.72,50000,832.16,18182.66
1006425,100863,-20,2276.13,200000,5281.21,2108.42
1000359,106573,-30,61008.58,50000,23065.74,4437.39
1008873,200465,-4,27274.04,200000,5645.29,17059.6
1004731,103043,-24,34886.68,200000,9119.72,2405.82
1000931,100902,-16,157.82,200000,3321.0,7207.16
1001447,109503,-31,69815.44,200000,3833.97,13901.59
1003043,102020,-27,18180.02,200000,19983.85,12666.98
1004949,107828,-21,27033.11,200000,1559.81,3227.52
1009833,105274,-34,50940.71,50000,15730.94,44.18
1007086,104114,-5,11339.17,100000,1628.4,3654.45
1009298,104761,-6,14120.45,50000,1957.42,4217.15
1004085,107330,-20,1224.23,100000,17320.23,12706.54
1009470,100278,-19,96472.53,100000,6814.1,6833.9
1000057,109273,-27,112718.81,50000,8188.18,5972.96
1002597,104947,-30,64118.49,100000,30100.58,13972.43
1000921,103031,-17,9408.31,100000,10679.99,963.35
1009916,102981,-22,3761.06,100000,22971.48,7565.23
1008813,100137,-35,12182.52,100000,6565.6,23452.59
1006557,100849,-2,15922.9,200000,955.55,8604.75
1008167,109802,-22,47161.13,100000,58.74,11340.61
1007545,105954,-9,38918.15,50000,111.13,19904.74
1000353,103156,-6,10153.11,100000,20199.6,1542.51
1008872,108232,-8,27184.74,100000,331.85,167.07
1002204,103496,-7,142056.09,100000,765.7,24863.83
1000976,105811,-5,58276.0,200000,43058.74,56366.06
1006598,200915,-28,86565.18,100000,16717.71,8458.18
1001392,201082,-19,39768.76,200000,26969.11,6223.2
1008231,107288,-31,34342.77,100000,2586.62,35.96
1001261,103936,-23,23358.38,100000,14971.83,3829.04
1003554,107585,-26,28898.36,100000,3839.22,12345.96
1008091,104988,-27,66884.15,100000,2943.49,480.47
1001394,104442,-27,94200.2,200000,13516.31,3689.56
1006640,108691,-34,14168.52,50000,2724.02,1876.57
1008696,103672,-7,11444.56,50000,16453.23,8439.99
1005697,105968,-16,80795.98,50000,17998.11,9810.34
1003459,106207,-27,4639.33,200000,16543.7,5514.43
1002986,102580,-20,43314.29,50000,565.67,16438.02
1006024,101785,-13,73016.76,100000,3423.94,7751.3
1006642,200298,-6,19167.09,200000,5522.17,27575.97
1001074,102262,-17,23622.71,200000,694.24,14930.06
1000197,105971,-34,18589.08,100000,14366.03,5125.93
1006196,101767,-8,33082.8,200000,17358.35,6147.06
1009698,100667,-7,19262.87,50000,9236.67,28784.92
1007579,102873,-26,67655.19,100000,1897.04,14524.2
1001280,102451,-25,114428.23,100000,36702.19,179.94
1009298,104761,-24,32318.27,50000,13330.34,9152.82
1001552,104815,-20,46831.01,50000,17237.5,14618.56
1003978,106910,-20,28156.55,50000,4542.38,1121.46
1003820,102169,-12,13086.49,200000,2296.82,23846.58
1008737,103545,-31,16690.99,50000,5593.41,30138.07
1007104,104839,-23,1515.34,200000,14860.22,13241.97
1004721,104879,-16,69484.74,200000,7745.6,23419.91
1007438,101840,-25,34690.85,200000,5665.73,16884.96
1003665,201727,-2,7740.1,50000,9566.76,18587.82
1002176,101599,-17,31937.55,100000,4682.72,7297.79
1008766,200739,-19,35177.64,50000,33001.89,12499.64
1005365,201864,-13,16344.71,100000,5290.32,11717.64
1007010,102881,-12,59023.8,100000,1029.74,29153.51
1006873,100672,-30,47337.74,200000,14900.3,37276.4
1002214,109525,-2,67693.93,200000,45975.84,64774.78
1004380,101788,-2,139754.93,100000,8514.93,920.37
1003234,108659,-10,50204.13,50000,1941.82,41097.2
1005124,107848,-35,73747.03,50000,5752.28,15275.41
1004053,104131,-29,151548.26,50000,16784.55,3064.71
1005282,103166,-2,34422.18,100000,2386.77,38765.56
1001463,107111,-21,1675.08,50000,3419.31,23083.35
1001195,200746,-5,20407.94,100000,35146.96,4768.61
1000643,107898,-8,61123.66,50000,17686.37,5493.67
1008254,107401,-15,22429.31,200000,4185.46,19216.11
1002555,106141,-30,67997.0,50000,1143.64,9534.55
1004158,103027,-23,49976.8,200000,7147.06,17161.92
1005406,108346,-21,58412.11,100000,3143.8,12548.41
1004841,105251,-16,14215.36,100000,581.26,3652.64
1008450,201060,-5,204664.68,50000,4138.91,31056.7
1008927,105380,-6,149464.84,200000,31299.28,15163.81
1006749,105257,-21,5634.58,200000,6453.84,16147.56
1007067,200133,-8,31802.51,50000,1913.65,8991.07
1001801,103301,-3,121326.06,50000,3093.99,6176.49
1000643,107898,-23,15556.39,200000,13180.67,903.07
1009834,103287,-17,71971.3,50000,16419.43,8956.02
1002523,105363,-33,39572.13,200000,2210.25,3927.08
1008856,101558,-14,15754.65,200000,13515.08,7254.67
1001329,106023,-24,42084.2,200000,776.04,16785.56
1007317,101402,-2,73222.92,200000,304.8,22725.42
1004510,101714,-14,17450.26,50000,15859.15,1766.37
1008834,201040,-10,12830.83,200000,17371.46,13726.28
1003471,106104,-8,93336.52,100000,2291.8,41003.85
1009388,109051,-28,59406.61,200000,8185.69,2420.83
1006770,109237,-22,118345.95,100000,5873.12,20669.08
1009563,103624,-20,23258.31,100000,9925.38,59192.68
1001874,105969,-21,17520.77,50000,1001.35,50201.28
1001634,108922,-20,6929.95,200000,8466.14,9296.96
1004421,108220,-22,4285.89,200000,6783.04,9462.84
1002091,102596,-8,105619.16,50000,17962.53,4767.31
1005018,103349,-17,34184.7,50000,114.67,14010.15
1000864,106339,-35,58886.08,200000,3761.09,9048.0
1002428,100045,-17,27042.15,100000,2405.53,1687.66
1009675,108775,-12,12737.05,100000,6717.01,12340.2
1000858,105394,-19,94657.38,50000,10623.44,18779.85
1004963,104616,-18,23717.05,50000,1337.97,31049.97
1008679,201153,-34,67617.31,200000,2809.96,59973.99
1003598,100240,-29,891.65,200000,792.71,5803.47
1001145,201583,-32,64257.08,100000,23469.05,10353.95
1008220,100736,-1,73009.56,100000,1636.65,6139.67
1009489,109382,-33,2726.55,100000,2777.52,6039.85
1004930,200304,-10,12061.39,50000,47338.62,24275.42
1003962,101580,-3,36427.88,50000,6280.62,15440.24
1003054,107229,-20,22947.23,50000,2836.83,9733.17
1008108,104966,-27,132901.69,200000,5891.63,14736.16
1004890,107959,-29,104025.45,200000,11366.36,8078.25
1000802,104152,-24,2220.86,200000,8740.98,9051.43
1005840,101254,-15,4209.08,200000,1559.26,5167.29
1001661,105644,-33,103192.53,50000,3180.41,15593.82
1007227,109324,-4,22390.89,200000,5892.02,4047.24
1004835,102627,-27,131159.26,50000,8866.09,39339.77
1000927,103271,-3,13815.36,100000,9357.47,3521.09
1009613,106222,-25,102120.29,50000,3467.46,235.98
1008756,106298,-18,23199.51,200000,7558.49,5403.95
1006164,103158,-34,35059.55,100000,6235.71,2429.07
1001785,201792,-34,18814.64,100000,221.11,20664.95
1009955,106972,-30,30415.54,50000,18581.47,2157.71
1009365,105411,-29,32045.58,50000,37484.95,3057.9
1007926,200258,-32,43561.04,50000,16620.71,4856.72
1009468,201707,-31,15008.74,100000,3589.99,5199.79
1003423,104440,-7,2334.43,100000,5422.1,6593.43
1004643,108046,-8,17976.63,100000,12281.61,23960.27
1008040,101990,-33,15447.47,200000,13885.71,23441.58
1008110,103187,-25,41008.03,100000,24782.78,4859.66
1002987,104945,-35,21034.49,50000,25660.91,10050.16
1008482,201428,-7,37595.77,100000,5014.98,25256.02
1000333,106345,-34,189603.91,50000,30815.65,26760.15
1007914,101034,-20,10003.93,100000,12593.56,24699.63
1009056,104997,-23,1339.62,200000,880.01,11413.11
1002348,107271,-14,147190.69,100000,43654.12,6389.01
1006556,105591,-15,26246.02,200000,4964.04,43658.42
1003412,104323,-13,116066.77,200000,1839.72,1524.43
1005500,106564,-2,121026.88,100000,958.03,23895.99
1007905,108823,-24,72693.17,100000,10071.97,2809.54
1001117,100081,-20,4952.57,100000,3815.85,654.97
1007164,200904,-20,39.32,50000,3574.36,16948.62
1005154,106796,-32,85131.73,100000,3165.83,9269.6
1004987,109557,-28,1425.61,100000,9291.12,13919.0
1000073,102922,-29,36947.56,50000,8017.94,11142.37
1004361,103829,-29,29741.54,200000,8722.4,1481.58
1004981,105793,-20,28912.59,200000,13998.81,882.0
1002833,200559,-21,15792.86,200000,974.18,6256.76
1000463,101709,-20,25563.55,100000,2726.74,6197.11
1005153,107800,-20,121249.45,50000,5509.41,15675.34
1005884,109650,-23,45049.71,200000,5016.67,2359.6
1001531,109612,-29,96429.04,100000,10743.01,4700.73
1005706,101377,-33,101501.22,50000,10967.89,6123.65
1005673,102435,-17,36329.54,50000,13333.75,432.5
1001385,106448,-35,57578.38,200000,14031.57,8999.73
1004791,109279,-29,32096.7,50000,3895.86,1764.94
1000473,106215,-10,27417.37,50000,12797.87,6828.59
1008228,109876,-24,21343.69,200000,10758.17,7613.38
1003412,104323,-2,49695.02,200000,2509.31,3888.79
1008954,104743,-17,86327.76,100000,19423.68,5614.03
1000808,104613,-32,31391.67,200000,2209.36,2554.46
1008953,108049,-23,40589.06,100000,12489.22,5333.22
1005635,107046,-3,29730.41,100000,2468.3,1472.1
1006696,104809,-28,42357.3,50000,22242.42,9081.78
1008510,201642,-8,8654.22,100000,3606.5,10979.69
1001458,103748,-20,16107.1,100000,202.23,22134.96
1009213,104014,-35,9698.63,100000,12627.45,19466.59
1002375,105790,-4,55052.6,200000,6086.32,44539.65
1009939,200639,-13,70292.92,100000,15468.87,18147.07
1008427,105415,-31,927.89,100000,5647.05,6570.24
1001569,104241,-1,80374.11,100000,2388.89,11940.49
1006217,100256,-4,8799.54,50000,2673.77,5683.22
1008297,104818,-5,79844.15,50000,13988.94,3031.8
1002458,104073,-2,24055.02,50000,10011.48,17440.83
1002147,201516,-7,17792.75,200000,7594.65,14678.84
1004220,200283,-7,55465.37,200000,54.89,3932.69
1001285,107195,-16,46303.9,50000,2079.16,10014.82
1002093,107350,-16,73667.3,100000,6834.92,49390.69
1005406,108346,-26,25139.9,100000,42035.49,9023.49
1000795,201974,-35,31023.68,100000,2413.47,24374.01
1006910,106543,-5,70569.35,100000,297.3,3287.24
1002538,200416,-28,88220.29,50000,4856.13,3012.85
1008424,101645,-34,115044.75,200000,4540.13,8697.27
1008197,101809,-13,24037.7,200000,899.87,14576.89
1008283,201800,-26,36539.32,50000,16518.32,4182.7
1006010,201037,-33,147383.23,200000,21408.24,7697.87
1008432,103061,-10,10411.22,100000,20194.95,5511.49
1003019,102814,-3,199041.43,50000,4582.59,6017.26
1004983,109692,-17,16624.93,50000,3230.62,2689.87
1005218,100760,-18,43101.49,50000,4610.16,15.31
1008475,200819,-8,54105.82,200000,3430.72,16792.43
1004383,105119,-8,42469.81,200000,1865.04,11533.11
1006425,100863,-31,85657.57,200000,27889.63,13146.06
1004878,201714,-28,14594.46,200000,25413.71,8830.78
1006543,201161,-3,20621.64,200000,418.75,16684.71
1004579,102377,-18,49927.61,50000,12125.71,563.61
1004987,109557,-10,19924.07,50000,18809.82,8475.51
1006664,102630,-3,7279.67,50000,21098.1,7605.24
1000643,107898,-8,74330.53,100000,19335.17,541.41
1005520,104635,-26,154.68,50000,4594.79,27866.22
1005515,102948,-14,16785.49,100000,7354.17,16039.55
1009733,103630,-2,79671.38,100000,10942.33,28120.57
1002025,200381,-31,11960.31,200000,5297.08,7611.92
1009193,100913,-19,9094.42,200000,2163.27,6239.21
1000192,106569,-27,15818.62,200000,4130.64,38466.42
1001804,105810,-25,92925.03,50000,13681.16,32334.88
1005373,101776,-33,7000.43,50000,14767.03,19606.91
1004641,103620,-14,7840.14,100000,8621.45,26439.1
1003837,100983,-7,11463.24,50000,20592.74,861.15
1002461,106671,-22,162010.36,100000,9982.14,24929.5
1005378,107769,-28,14669.78,100000,7389.32,23649.54
1002638,107674,-32,12945.91,100000,14727.57,4940.63
1008220,100736,-35,91326.4,200000,11949.76,14132.53
1008892,101717,-11,157748.91,100000,4818.37,830.08
1006691,100180,-12,6912.21,50000,3579.1,9822.34
1005906,201345,-15,170949.8,100000,18589.22,18184.56
1009546,103316,-34,5025.95,50000,5273.15,25488.84
1003584,105229,-30,20008.04,100000,28619.86,21704.82
1003720,103077,-14,7863.59,100000,1951.3,28171.94
1002837,201432,-13,7891.33,200000,3870.32,24584.73
1002268,107470,-35,51428.07,50000,22276.65,19683.01
1003994,104281,-13,46092.36,100000,8973.97,22366.46
1003930,103675,-11,23368.35,50000,11733.26,19296.21
1000792,107456,-6,16687.86,200000,14030.72,2259.09
1008946,104780,-18,91021.08,200000,20088.88,43117.61
1005454,200954,-20,1255.94,200000,4285.14,14161.35
1004454,104474,-19,47725.11,50000,304.01,20511.83
1007437,102655,-29,26241.38,200000,17622.33,20488.69
1004162,103680,-16,39811.28,50000,6778.55,64495.85
1009062,103019,-5,51938.97,50000,3254.84,8597.05
1007284,200701,-17,58219.89,100000,2889.93,1329.43
1009627,103381,-4,39471.9,50000,2691.44,12600.77
1007181,200677,-23,69282.65,200000,1971.58,22558.82
1006052,104862,-4,204117.74,100000,950.31,14746.52
1002390,105939,-28,143777.75,50000,3160.28,988.1
1000928,106089,-22,51039.2,50000,2436.29,5398.21
1002576,100073,-27,34061.31,100000,4246.13,6065.77
1001724,108893,-18,44715.93,50000,18791.96,7081.32
1006248,105554,-4,41217.58,50000,631.1,4660.63
1002014,102613,-5,26682.74,50000,8925.66,3350.13
1002822,100826,-25,53520.55,50000,408.07,54092.32
1009269,104293,-18,21179.4,100000,91.65,30734.55
1001253,100262,-32,28190.24,200000,11783.71,17628.91
1007508,106997,-15,62812.51,100000,2635.17,18570.25
1002840,103042,-11,106611.62,50000,630.52,59723.69
1002525,105024,-17,9866.48,200000,30504.55,17238.41
1000543,200508,-2,27023.02,50000,9229.37,4675.03
1003277,102050,-21,23272.49,100000,148.1,1039.96
1000071,105512,-6,20440.91,100000,11347.09,7639.0
1008298,106276,-26,26739.39,100000,14.29,22567.7
1004580,101675,-23,37227.53,200000,1736.52,15700.45
1004541,106719,-20,197151.83,100000,13438.98,24632.89
1004396,106391,-14,44877.64,100000,3622.63,41798.11
1003541,106422,-31,130022.14,50000,21010.39,14672.56
1000317,109165,-24,30137.3,50000,2449.99,25687.18
1009714,107466,-12,6738.49,100000,2598.59,26277.61
1000842,200701,-11,286.54,100000,8084.52,3921.88
1002262,105638,-30,16132.63,50000,9372.55,19336.29
1007668,102582,-26,80805.89,100000,1329.77,79761.76
1005614,102805,-9,3483.39,50000,2036.68,27442.16
1005414,104909,-4,10296.19,50000,3259.14,818.97
1001915,201534,-7,43381.37,200000,7616.36,1420.73
1007597,201819,-30,68759.97,100000,2440.64,9722.59
1004262,105655,-6,113949.52,50000,11940.75,2191.39
1007400,200118,-8,40634.13,50000,6953.14,12208.44
1007947,109445,-1,183424.14,100000,1329.72,834.3
1003849,101121,-7,90060.57,100000,10191.64,1175.73
1003303,101893,-30,16767.3,100000,3476.94,4426.05
1000818,201396,-5,13573.25,50000,1801.33,812.65
1008562,106850,-31,48021.44,50000,28392.8,26670.11
1001057,103929,-5,4559.14,100000,5883.31,24628.82
1000934,101117,-11,118863.67,50000,17871.46,8519.37
1004297,108921,-1,28898.41,50000,1118.9,63641.57
1005128,104686,-20,39321.11,100000,6572.14,49616.67
1005201,102063,-1,147243.69,50000,7986.14,46.43
1009601,101578,-33,21210.72,50000,2278.3,2536.29
1004613,201049,-4,230260.9,50000,13517.48,1027.72
1002666,108411,-15,43255.99,200000,8444.19,24534.16
1004200,100936,-23,10042.92,200000,4811.43,7601.91
1003827,104304,-9,57140.89,50000,962.45,48948.33
1004884,108361,-16,83502.21,200000,20329.75,6693.53
1009088,108061,-1,81964.54,200000,32935.56,17696.8
1004655,108788,-23,12925.75,200000,14060.59,1021.79
1007482,108142,-19,28589.52,100000,5291.61,32925.52
1004511,102507,-17,152770.03,200000,1820.49,15378.59
1003088,101257,-26,49063.17,50000,7101.53,10334.61
1003494,105627,-35,31713.06,200000,2945.26,1669.87
1009891,106769,-1,9212.47,50000,23691.59,9579.27
1009443,100116,-16,20274.56,200000,3303.6,18667.6
1009658,101283,-17,25204.12,200000,9256.44,515.19
1004059,102337,-32,30449.66,100000,3414.96,22748.81
1003160,108165,-29,150116.91,100000,3967.97,345.19
1005706,101377,-5,60777.25,200000,391.18,8805.09
1004279,108775,-35,17559.23,100000,12931.66,37140.06
1008986,106778,-10,100244.98,50000,11861.29,4104.74
1005522,104320,-16,5621.16,100000,1571.85,15947.42
1001689,103379,-25,29861.63,50000,32676.75,28394.81
1002053,109341,-12,33007.5,50000,14777.37,22837.15
1004768,100591,-5,41026.1,200000,7431.28,5004.71
1003394,105229,-32,1789.32,50000,8654.57,6699.65
1004059,102337,-20,64779.52,100000,4745.07,27757.3
1001040,200953,-4,58083.41,200000,2405.92,5066.31
1005919,101848,-6,114239.87,100000,14048.77,17844.03
1001390,101295,-13,104327.9,100000,4980.88,27395.38
1000271,101433,-13,98467.68,100000,2211.45,6532.03
1007807,200074,-12,2506.08,50000,16847.63,22633.93
1000840,102946,-31,28334.17,200000,15058.29,847.1
1006535,201157,-8,56125.72,100000,9937.17,17388.53
1006780,104974,-22,32958.3,50000,2829.75,19676.62
1000429,108014,-6,44578.47,100000,17656.73,10659.6
1004058,103159,-19,44775.49,100000,2160.66,47814.36
1000764,107569,-21,9799.45,50000,19816.83,27191.86
1001488,100917,-18,46253.89,100000,28944.05,16611.67
1005883,100201,-4,18859.09,50000,2376.69,6601.32
1000669,102741,-14,94948.85,100000,9383.64,17548.36
1004832,102212,-25,8940.84,100000,13839.69,1755.27
1005385,104287,-1,12177.38,200000,3611.15,7590.94
1005659,108367,-8,2475.1,50000,1138.91,2696.02
1001087,103407,-29,41476.41,200000,14314.2,4490.49
1007772,108842,-32,44099.66,50000,1384.06,17609.31
1002504,109725,-16,20410.99,100000,17011.43,20694.6
1007871,109824,-3,40967.71,50000,3249.07,539.62
1001725,103781,-20,23302.13,100000,9184.85,15476.15
1003114,103864,-10,8339.01,100000,5042.26,948.08
1009218,109171,-14,4788.25,200000,25574.42,10495.49
1003150,103697,-23,31545.54,100000,826.3,59780.72
1000820,109422,-29,135461.77,200000,12091.93,22916.14
1001971,104100,-19,77345.58,100000,7115.95,17676.49
1004791,109279,-16,5193.2,50000,8522.23,13046.02
1002938,100229,-12,17768.63,100000,3127.31,7280.69
1007547,201861,-20,29486.12,200000,6606.47,30505.75
1008059,100377,-8,26022.76,50000,40889.88,15733.99
1002990,108570,-24,9953.91,200000,5347.4,31221.4
1007526,107146,-24,26691.74,100000,11929.18,135.83
1004295,108122,-1,3240.63,200000,5098.53,26661.47
1006762,200748,-29,108107.65,100000,30496.63,3630.42
1009166,100531,-15,56564.37,100000,1454.11,189.88
1004512,103675,-4,1780.84,50000,24756.64,3268.41
1006161,107215,-15,82705.34,200000,5129.7,15283.04
1007062,106499,-7,49452.53,100000,5901.12,15980.83
1004373,108281,-1,130627.69,100000,272.89,7999.04
1002424,101073,-14,38559.26,200000,7170.83,8390.78
1008006,108161,-5,144640.08,100000,7579.3,1982.11
1009191,103512,-11,1850.98,200000,7621.03,23391.86
1006037,109333,-23,103248.39,200000,33043.75,18662.42
1007335,108347,-27,24477.23,200000,3010.45,2882.36
1008351,107914,-35,30140.45,100000,1627.01,5039.02
1000134,201099,-3,98217.37,50000,26724.84,5764.06
1002168,200148,-31,57564.99,100000,6584.57,25141.06
1003033,201023,-33,21951.15,200000,2777.99,3815.81
1007516,103563,-11,191257.74,100000,2504.63,18767.01
1006653,106812,-18,1506.72,100000,11575.38,6810.49
1002901,109518,-1,5902.69,200000,10368.4,5727.45
1008652,100427,-35,17405.85,200000,4620.16,1951.9
1006032,101762,-33,5319.96,200000,4606.16,16650.62
1006914,108734,-9,8038.29,200000,17338.0,15211.7
1002982,109657,-30,5174.47,200000,13718.66,6115.23
1003057,102732,-21,74909.72,100000,35515.61,15873.81
1000899,101872,-17,29137.34,50000,15866.54,85440.59
1003869,108657,-8,9893.35,200000,12027.85,48467.09
1003273,107649,-4,67242.58,50000,5619.68,8148.12
1005799,106166,-9,193341.02,100000,4960.27,26494.99
1008271,200039,-24,12043.31,200000,1199.81,19144.03
1000570,107894,-17,136714.35,200000,792.2,34952.1
1005265,105497,-21,1575.53,100000,2891.85,77.87
1003311,105557,-15,161396.78,100000,436.29,51022.03
1007855,103683,-20,30759.42,200000,18782.9,6515.22
1008575,101868,-4,13078.11,100000,100.99,3620.65
1005955,108277,-23,81165.15,100000,1171.85,36287.67
1008643,105602,-8,119.68,50000,20977.19,9777.1
1007841,104367,-27,29153.56,100000,25159.74,12871.57
1007481,109150,-6,67471.78,50000,10994.55,36384.47
1004316,106916,-26,44410.19,50000,4160.89,5908.14
1007248,108286,-31,51811.62,50000,17826.69,10931.39
1004973,101950,-32,57246.83,50000,8206.98,25504.43
1009215,104871,-27,57681.64,50000,2129.63,44462.43
1000806,105084,-11,42849.59,50000,194.76,16857.06
1005065,104841,-15,28091.78,50000,4959.11,1087.01
1005547,105123,-26,95100.55,50000,41313.03,11951.99
1007307,200436,-16,27728.01,200000,841.5,34702.0
1003195,105166,-27,717.66,50000,241.41,3349.81
1009185,104656,-3,14475.87,200000,1559.37,2892.7
1006933,108461,-28,20992.54,100000,4240.33,47554.62
1001362,201366,-17,133776.65,200000,29450.31,49855.57
1007734,102747,-19,58752.74,50000,18680.48,2722.11
1004852,106410,-27,27519.27,100000,9945.79,7066.82
1009635,107846,-18,11280.35,100000,2835.03,12307.25
1002218,109452,-29,34269.67,50000,11035.96,20067.67
1002131,104808,-20,27967.9,200000,2035.34,2526.94
1008529,108616,-28,21207.83,200000,20770.01,14064.02
1005898,102350,-27,1851.64,50000,15041.88,13238.11
1002590,108313,-5,116268.74,200000,12966.95,26236.59
1005481,105730,-3,255.67,200000,8160.41,56878.79
1003206,107218,-24,18455.34,100000,2741.73,8006.73
1001137,104785,-30,98485.56,50000,7212.81,41610.12
1002418,109336,-21,36373.09,100000,4935.12,3771.47
1005217,108614,-20,28666.21,50000,883.93,2704.84
1003352,103311,-12,91298.97,50000,868.54,12413.23
1003569,100375,-3,52.32,50000,13080.07,38176.0
1005856,200299,-3,21969.38,100000,44058.39,12273.2
1009375,100696,-5,164327.82,100000,193.64,19877.4
1005777,102341,-12,8570.01,50000,6610.88,17290.24
1007784,101007,-29,34451.69,200000,24538.56,3420.6
1007316,107353,-6,77117.07,200000,7443.01,3593.89
1000349,108138,-3,4726.29,100000,3803.35,1419.81
1006086,103205,-6,3048.34,50000,4885.64,14478.73
1001059,100723,-20,26787.48,50000,12789.95,22478.66
1002311,100160,-15,71620.49,50000,956.58,2828.49
1007777,201410,-6,6723.4,100000,4478.68,2588.2
1008601,100322,-33,95187.64,200000,7840.86,46942.69
1006726,102835,-29,43905.48,200000,1684.63,4809.84
1003449,108040,-22,13968.89,50000,20814.19,6464.57
1007214,106987,-27,14548.66,200000,5688.26,22798.56
1005865,106014,-20,4946.21,100000,6663.6,573.83
1003689,108058,-17,33906.2,100000,18049.23,2537.26
1008790,103151,-8,44362.72,50000,4860.12,2982.86
1001272,102976,-11,6380.82,50000,10071.86,2212.44
1006440,200683,-7,117155.34,50000,595.85,3444.88
1007063,100267,-10,201479.15,200000,13597.28,11770.59
1005607,106811,-6,1498.95,100000,14352.84,10909.9
1005461,109277,-18,48542.46,200000,3474.67,31782.75
1001247,104119,-18,17346.65,50000,38892.27,13045.72
1008728,100611,-20,71360.92,200000,3609.31,3570.63
1001249,101569,-12,129400.78,200000,11001.07,4907.17
1006088,106142,-12,38207.44,50000,3920.62,9563.82
1009335,107615,-31,15945.15,50000,21622.04,2204.32
1000123,108909,-6,36848.93,50000,31090.23,5534.02
1001167,102819,-12,171088.73,200000,3124.23,29047.57
1002268,107470,-21,12762.72,200000,40751.01,3957.85
1008124,102083,-13,72909.89,200000,542.85,43045.43
1009870,103303,-25,28345.09,100000,6354.08,6528.94
1004392,200964,-9,27113.19,50000,11137.6,36747.38
1004996,105891,-19,78950.02,50000,36833.71,4539.49
1001305,200568,-26,118551.94,50000,7545.5,865.0
1004315,103752,-19,118508.55,50000,2556.82,5626.46
1003388,108813,-9,89383.59,50000,1088.08,5743.16
1005250,104622,-34,19484.61,100000,11521.98,34093.94
1003806,102563,-17,16466.45,200000,4005.39,28641.73
1001634,108922,-30,24880.28,100000,38022.21,4831.58
1006484,103092,-17,27876.23,100000,3931.91,72062.14
1009341,101333,-5,18284.59,200000,3766.56,12551.7
1006403,101583,-10,68095.84,200000,4948.85,545.14
1000588,107586,-11,86095.21,100000,3223.46,32938.9
1005751,104129,-30,68890.69,50000,27338.66,6685.3
1001987,201250,-17,44035.18,200000,992.19,42417.0
1009441,107865,-14,32312.29,200000,3270.06,4791.05
1001629,102827,-29,139251.61,50000,2198.94,32205.41
1005709,107719,-2,9744.89,50000,25352.6,13235.41
1009949,103528,-10,15688.7,100000,21608.65,1321.75
1009438,104439,-5,110245.21,100000,2305.3,9072.55
1009099,101148,-33,26280.77,50000,18760.24,13461.02
1007327,106508,-33,58400.24,200000,1484.41,17331.24
1000890,100679,-17,75186.09,100000,12634.27,1867.27
1001322,105680,-30,502.03,100000,12814.62,20388.6
1001871,105202,-29,146046.95,50000,20514.86,2972.29
1003931,108350,-20,71130.48,100000,7845.0,5513.66
1006591,103598,-35,33572.74,100000,14056.72,2078.88
1006690,104070,-13,13869.74,100000,6871.01,4631.28
1001477,100727,-15,31861.46,50000,2096.32,34277.94
1005956,100332,-28,16060.68,50000,6224.76,16664.5
1008572,108824,-4,8920.27,100000,29503.58,35885.2
1000543,200508,-28,56110.39,50000,29635.9,9491.3
1000790,101932,-22,101059.11,100000,10902.93,569.47
1008730,104936,-25,252652.44,200000,6971.36,7915.01
1004041,200610,-29,4344.16,50000,7537.08,1596.02
1001256,106297,-30,63278.48,50000,33528.12,27.29
1008033,100977,-11,118507.19,100000,1531.57,3199.18
1007051,104525,-16,46727.68,200000,17568.76,12788.74
1006061,100493,-31,44695.34,100000,6235.58,16273.7
1002399,200075,-32,46118.94,50000,6125.37,34585.13
1006679,106695,-19,108543.43,200000,1947.71,7906.91
1003663,100325,-21,116885.58,50000,8.98,90.75
1004461,101042,-34,14102.67,200000,20342.74,33655.91
1002802,105473,-30,2390.83,100000,6087.39,5995.62
1009675,108775,-32,68770.35,50000,8582.75,943.97
1008099,101085,-16,114983.84,50000,236.68,12869.97
1009484,102591,-14,4831.93,50000,1381.42,11237.42
1008911,104275,-35,76415.73,100000,1534.12,8056.33
1004992,106244,-16,28161.43,50000,1302.7,34590.25
1008386,201523,-23,29417.39,200000,7994.96,34033.18
1000057,109273,-16,95062.96,50000,11024.68,6922.2
1000378,201090,-10,46579.17,200000,5627.17,3927.05
1007107,105566,-8,18755.33,50000,19918.55,16696.94
1002522,201947,-17,2478.35,200000,9017.14,268.83
1002998,102791,-18,24351.59,50000,1478.85,2118.34
1004557,105905,-6,71064.12,100000,27176.84,5550.71
1000622,102198,-26,6148.43,200000,3222.4,1928.86
1000040,109107,-23,17644.1,50000,16529.46,57686.76
1002909,201414,-30,75974.59,100000,6559.21,63735.67
1009132,107254,-10,15444.81,50000,14497.61,3493.43
1006496,104806,-3,17749.2,100000,7877.89,2472.26
1004566,100810,-26,178978.45,200000,12116.83,9159.04
1001765,105689,-11,34556.13,100000,510.53,7643.72
1008263,200696,-7,236738.26,50000,3045.65,4836.91
1000438,105307,-2,10310.83,50000,2098.37,2750.55
1007000,107256,-14,41437.45,50000,501.11,5059.75
1000225,103167,-20,60390.99,100000,6397.48,1998.12
1001693,109471,-32,53640.87,100000,2291.0,947.01
1001428,201751,-21,16752.12,200000,4953.71,7499.25
1008539,201894,-32,108885.88,100000,9285.0,7653.57
1006905,101999,-33,90916.56,50000,8009.54,11295.9
1009458,105489,-3,1017.81,100000,3638.52,1647.49
1003861,103992,-1,90360.28,100000,15668.84,15651.24
1006290,104455,-33,9337.18,200000,6430.4,21331.05
1009874,108322,-22,34389.43,50000,937.5,14991.97
1003317,102208,-21,63004.58,100000,14105.46,11321.01
1007718,104081,-6,58410.61,200000,914.09,56330.28
1007331,102255,-13,89430.65,50000,4335.1,16276.86
1002183,102900,-28,90498.25,200000,2026.38,8855.33
1002250,103347,-9,25436.78,100000,7050.58,1546.61
1000137,100836,-19,109487.23,200000,6542.97,363.51
1006703,106626,-17,34682.61,200000,942.16,7941.31
1005394,102058,-23,33132.72,200000,21713.57,7184.3
1004828,108336,-11,26904.99,50000,2075.93,2360.66
1004864,101102,-24,58428.65,50000,255.35,19434.6
1002601,103605,-17,92843.97,50000,34149.64,8368.52
1005286,200337,-9,24931.8,100000,5252.38,14178.17
1003409,106635,-11,61360.93,50000,1428.14,9676.87
1004517,106549,-8,166710.3,200000,14459.56,52307.33
1004680,201492,-17,44980.49,100000,2769.67,20257.0
1009838,103626,-2,13380.87,200000,1331.3,2148.29
1001318,100294,-23,35681.84,50000,5210.79,18518.47
1007920,109191,-23,4952.04,100000,18639.95,65631.53
1007370,107593,-4,12795.34,100000,20097.99,16075.73
1009900,106040,-29,47482.55,100000,25471.69,2989.37
1000904,105571,-26,94454.53,50000,9767.65,9460.47
1004864,101102,-35,41798.05,50000,13054.3,18905.54
1006391,107287,-29,45941.08,50000,17551.73,4124.7
1003799,107453,-23,6899.22,100000,3093.43,85.35
1007208,109630,-7,86304.94,100000,5919.5,38053.32
1001264,201222,-33,45826.99,50000,28563.79,13725.77
1001542,108995,-6,94257.14,50000,5936.81,1862.27
1007260,107018,-25,19566.41,50000,11449.75,1410.73
1003792,201284,-23,187178.93,200000,24319.57,28123.43
1003783,106713,-27,75894.59,50000,9532.9,29518.45
1001360,100495,-20,71681.63,100000,33799.89,2619.48
1006530,104725,-10,50141.16,50000,2081.93,19392.49
1000153,106081,-27,166504.47,50000,7308.55,6780.32
1009685,105269,-8,71022.29,50000,10423.28,3404.43
1001643,100289,-32,18579.78,50000,2652.68,6246.8
1004795,201458,-18,60587.41,200000,2312.82,7996.12
1006121,201872,-15,86293.1,100000,8570.71,9347.05
1004201,201655,-29,26765.91,50000,4971.02,29897.41
1003725,104456,-1,113819.8,50000,3382.88,3935.5
1002310,100163,-35,23081.03,50000,6156.34,22300.89
1000424,103042,-9,41153.33,100000,9029.6,12936.86
1007710,100335,-35,60865.93,50000,2028.39,4867.7
1000194,201881,-9,130540.98,100000,1737.82,32723.73
1001013,106748,-23,1139.43,50000,5231.67,9849.97
1001154,106833,-15,7123.69,100000,3097.03,2964.1
1006958,106275,-34,74333.06,50000,27155.82,35426.99
1007655,102836,-25,44396.62,200000,7551.95,36988.33
1000170,103032,-8,2139.39,50000,1412.55,25321.25
1004115,106003,-24,193026.68,200000,2714.33,28527.65
1006218,108813,-21,50162.23,200000,14765.65,17983.89
1003856,105856,-6,85102.82,200000,1179.34,18159.05
1008306,106128,-15,48847.81,200000,8405.8,18710.78
1002631,101939,-24,22102.38,50000,4060.96,889.98
1003148,105506,-10,100091.41,50000,2929.34,2665.17
1000386,201610,-9,59389.65,50000,7157.25,8212.21
1001031,108871,-3,191325.89,200000,715.62,10127.89
1003990,104922,-18,27951.78,200000,17944.91,15906.7
1002901,109518,-19,64500.81,200000,3179.88,10902.78
1002313,105330,-34,442.11,200000,1379.12,3290.72
1008507,107828,-15,23648.29,100000,36.48,14948.7
1006579,105517,-7,171535.36,200000,12112.28,19474.67
1003606,100866,-10,50415.45,50000,11162.41,14254.27
1006666,103532,-22,878.51,50000,7152.62,2834.63
1003695,200807,-5,31174.03,200000,3230.23,3416.73
1000877,100316,-26,28056.48,200000,19242.41,9826.94
1007644,101491,-1,42022.87,50000,16255.63,36644.47
1008777,200088,-7,9138.77,100000,16751.02,1406.3
1008273,105542,-23,33784.67,100000,33519.31,31838.73
1004100,103950,-32,50284.35,200000,7147.22,27274.99
1003528,104876,-26,2137.16,50000,11962.54,5802.07
1006850,102886,-32,14682.37,200000,16766.89,2821.91
1006320,104786,-13,53832.7,100000,1381.05,5974.93
1009667,107104,-8,97.97,100000,3785.0,909.88
1000613,109397,-24,57329.25,200000,5555.63,19697.72
1002433,108910,-15,4076.37,200000,3405.02,20522.57
1000648,103424,-29,10704.03,200000,8594.42,92.68
1008516,105345,-16,2049.59,50000,7625.27,25940.49
1000542,103184,-30,41882.56,50000,7584.66,27077.13
1000127,108278,-22,83032.3,200000,6695.91,59418.45
1006951,108452,-19,8482.04,200000,15645.35,8940.27
1006070,109829,-27,20348.53,100000,24814.37,1237.2
1007563,102426,-21,70191.54,50000,2047.96,45881.95
1000457,201897,-14,7931.5,100000,20062.37,60211.55
1008141,200906,-30,122093.59,100000,15808.74,6078.02
1001053,107827,-25,66810.13,200000,2339.16,27359.64
1009173,105908,-21,21628.28,50000,11751.07,4988.37
1000092,101026,-3,29718.05,50000,4575.47,3186.22
1000157,105218,-32,118185.05,50000,4087.19,18609.4
1005487,106970,-3,9614.09,200000,6292.15,25943.31
1007619,109252,-27,3206.61,100000,4035.14,13707.17
1002887,106744,-7,70806.42,200000,12660.44,8024.42
1000351,101443,-8,49138.58,50000,272.02,21017.27
1008307,100218,-6,75085.4,100000,1577.55,12095.23
1007927,103845,-5,52693.48,50000,19653.19,43957.91
1006734,107076,-23,187841.17,200000,1707.28,4950.77
1007494,101570,-17,80907.68,50000,6549.59,39870.99
1007551,200732,-8,23712.63,50000,17915.61,1291.2
1007477,108630,-2,47953.08,100000,2099.56,35492.18
1000004,100056,-8,31145.4,100000,6736.72,4804.81
1002807,103382,-30,42691.55,50000,9024.91,4758.72
1006016,106776,-13,15438.83,100000,10267.9,5979.57
1009774,201727,-14,85995.49,100000,4689.98,15041.64
1007098,201865,-14,8022.42,200000,452.96,45268.94
1002408,107922,-25,1513.54,100000,8582.15,13655.43
1008673,107026,-10,259900.45,100000,6252.94,29179.87
1001827,200001,-5,1002.14,100000,17663.44,3687.16
1004862,201258,-5,2373.43,50000,9978.91,36095.41
1002128,104610,-2,18.38,100000,3916.17,2870.6
1005665,108783,-25,56941.95,100000,295.09,9068.76
1005064,101732,-25,21667.07,100000,13576.76,9144.95
1004060,200548,-6,41787.52,200000,18287.17,19534.75
1009571,107519,-11,30957.9,200000,684.95,5544.05
1002858,100393,-10,14555.89,200000,16215.04,5367.25
1009663,106853,-4,23328.83,50000,3344.58,11644.04
1004010,109279,-2,36942.84,100000,515.06,4278.33
1009240,103389,-25,22591.14,100000,9906.39,2375.8
1001735,107199,-10,39968.4,50000,25836.64,19433.33
1005799,106166,-20,22496.12,200000,1259.81,3414.01
1000827,104167,-30,32407.12,100000,24059.17,6522.53
1000633,109248,-5,145021.11,100000,9274.79,7471.75
1006471,101169,-8,103742.04,100000,6012.57,2216.65
1002152,200305,-17,17989.88,200000,5392.25,2424.99
1001666,104392,-12,56184.41,200000,33882.1,4898.74
1000413,100175,-22,31045.82,100000,10144.2,9285.3
1000981,105608,-23,86944.85,100000,9777.11,39493.06
1001120,107541,-31,79179.11,50000,13440.94,10969.24
1000073,102922,-3,4169.67,100000,2263.11,1814.61
1006140,101448,-17,81011.73,200000,4466.45,10465.49
1003872,201380,-22,231085.44,100000,53380.36,12676.11
1005690,109130,-23,26618.02,100000,36513.14,10961.53
1004795,201458,-10,89220.87,50000,7697.84,5669.19
1008695,108516,-26,115876.11,200000,16861.15,1009.21
1005697,105968,-7,5446.22,200000,12822.62,23985.18
1003220,104250,-32,66251.58,50000,4783.74,4859.75
1008303,101832,-24,28603.7,200000,8240.65,32026.21
1000568,101679,-23,53020.35,100000,4366.61,13142.36
1005632,200701,-18,7300.28,200000,11070.76,3831.82
1007942,101205,-33,32723.3,100000,2224.88,26105.76
1009100,201818,-33,7202.03,50000,46856.69,3556.36
1005207,201072,-31,207784.21,200000,20730.88,8434.77
1009906,106999,-15,18060.9,200000,2679.66,33849.03
1003945,106268,-12,12029.43,200000,44785.8,63667.27
1009131,103450,-1,49031.17,200000,32631.32,26661.09
1009623,101818,-12,23213.47,200000,7470.8,21787.32
1004233,101005,-2,128090.81,200000,16422.94,3849.85
1009808,105128,-6,21012.07,100000,5761.0,11054.58
1001233,109250,-28,7656.2,100000,8135.4,1125.04
1002636,100928,-31,81206.28,100000,11572.88,5834.49
1004124,104459,-33,12027.83,50000,1651.7,3742.98
1001432,106073,-26,151904.07,50000,1951.14,7277.01
1008873,200465,-31,80295.39,50000,30450.8,16886.08
1001622,107995,-9,4572.94,100000,16058.14,3327.55
1004503,106056,-13,34219.45,200000,4742.56,27523.55
1002610,109049,-19,141886.59,50000,3826.21,5493.01
1004360,106363,-13,29444.92,100000,9662.34,2651.93
1007970,201625,-20,17635.05,100000,13913.56,320.44
1008124,102083,-29,57732.51,200000,7167.16,1941.7
1000695,201314,-25,175.53,100000,52593.97,21999.71
1001544,107181,-1,119972.12,100000,19453.06,3480.11
1006231,105333,-8,7812.33,100000,978.31,25213.42
1009880,109173,-28,30385.23,50000,4077.94,15067.99
1006896,109106,-17,37789.79,50000,14649.7,1099.06
1002957,106794,-9,37609.84,50000,9960.06,8548.92
1006928,103413,-30,39822.66,100000,9264.04,22621.8
1001175,104422,-25,45397.36,50000,18134.18,17185.4
1003404,107400,-31,41987.55,50000,1361.91,2508.56
1009879,101165,-9,63564.68,100000,10900.63,20091.88
1001349,200409,-28,53081.03,50000,6714.87,36100.28
1003136,109341,-32,1963.29,100000,7265.04,10764.8
1001731,103014,-33,108356.76,200000,398.75,14197.74
1000919,102394,-22,37772.14,50000,5817.99,1336.05
1006010,201037,-10,15082.35,50000,8555.66,49219.79
1009093,103097,-28,59637.18,200000,6246.26,17009.87
1004475,106084,-23,266582.28,100000,3837.39,14592.7
1009196,103554,-13,104383.1,200000,9675.62,5673.63
1002684,105206,-22,34605.79,200000,15577.24,4263.68
1007663,104920,-14,179282.18,200000,4985.19,10573.97
1003828,106621,-32,16935.32,200000,5934.17,334.73
1007975,201986,-5,112308.9,100000,8004.88,9186.2
1001843,107558,-5,28206.43,100000,24216.62,41380.08
1003413,102266,-4,16603.98,50000,13981.94,13432.1
1002879,107075,-18,19496.11,50000,21690.62,414.87
1007692,103795,-27,80539.53,100000,5385.83,1058.49
1000328,104781,-4,22531.91,50000,27111.81,12031.88
1004254,106477,-13,63323.2,100000,1095.26,6628.94
1008940,102346,-14,29033.46,100000,4703.89,2816.63
1002127,105861,-18,79665.38,200000,907.26,7335.44
1000553,102634,-21,102657.82,100000,6746.78,3192.94
1009056,104997,-7,69516.03,100000,265.96,7996.82
1006160,107471,-12,144.15,100000,9882.05,36196.23
1007029,102404,-3,10618.23,200000,14916.74,2349.77
1003060,108167,-20,7509.0,100000,2464.33,651.58
1009026,102720,-17,12340.08,50000,13598.25,2351.39
1000316,109914,-16,41004.41,50000,24446.57,22574.47
1009899,108747,-7,25820.67,50000,1251.06,12898.96
1007316,107353,-24,70301.02,100000,905.47,572.77
1003526,201704,-5,128259.91,50000,16424.84,11428.61
1003756,104113,-23,8725.95,50000,7736.79,56087.17
1009722,103406,-4,21400.89,200000,1214.97,8347.4
1003929,103005,-32,75108.41,100000,18611.38,856.96
1009132,107254,-22,10599.64,100000,17766.41,7554.44
1003993,101056,-13,132133.5,100000,9508.32,6424.49
1008108,104966,-6,19618.62,200000,682.14,20733.93
1006648,104096,-6,92594.52,50000,7884.09,12712.24
1003816,104534,-30,15729.25,100000,24711.04,16850.65
1000741,109325,-35,79652.96,100000,6307.16,11015.2
1002625,100835,-2,73648.88,200000,10460.38,21015.0
1006746,200910,-6,26676.88,50000,59.97,47572.0
1009426,109791,-5,130452.7,50000,6231.64,8189.72
1001541,103610,-2,256182.74,50000,6810.05,9748.79
1006215,201702,-14,7233.71,100000,8944.39,2664.27
1002220,109508,-4,59967.63,200000,25279.29,12966.46
1001918,101911,-12,16221.04,50000,51948.43,5132.2
1005249,104693,-30,104156.01,200000,15963.21,4296.62
1002991,200841,-27,18138.4,50000,1146.35,15187.79
1005761,108705,-11,1319.38,100000,7895.54,4356.77
1005699,108063,-9,2335.02,50000,4727.28,26528.28
1001945,100699,-16,105037.36,200000,7882.42,4995.66
1008644,104757,-27,16330.93,100000,2577.25,3957.89
1008287,109480,-6,34605.08,200000,8194.49,9456.05
1005921,102194,-24,39194.81,50000,7125.15,2131.57
1005734,108238,-2,60473.64,100000,6011.0,18049.4
1002080,109604,-18,48324.99,200000,19731.04,21103.64
1008436,105148,-2,22483.47,200000,1787.43,6820.48
1006440,200683,-29,41375.44,200000,2047.18,15065.32
1004878,201714,-25,48022.86,200000,3103.28,31844.4
1000616,100835,-6,31111.65,50000,10494.33,23634.2
1008591,100636,-31,22569.81,200000,33878.21,18068.08
1001833,201933,-25,66050.29,50000,17902.01,22926.44
1007800,102047,-2,59829.15,50000,9600.94,3116.64
1001323,102817,-9,8878.24,50000,10849.57,14465.54
1006022,107302,-18,11412.9,50000,9858.82,28267.77
1003784,101797,-14,31059.86,200000,7769.36,3972.34
1007603,106382,-15,68283.32,200000,9721.0,114.58
1001147,108691,-6,116821.49,100000,3437.58,13168.3
1004499,100165,-33,13962.41,100000,45294.52,33993.95
1000344,201983,-24,10991.75,200000,12444.28,5163.13
1004617,107791,-21,8886.87,200000,13202.25,3582.64
1008316,201658,-5,2240.9,50000,4060.98,6909.55
1005557,102686,-24,34747.87,100000,5522.84,10211.27
1005350,109751,-27,20389.78,100000,24435.05,9093.57
1001767,201204,-29,19725.33,50000,3149.35,433.27
1009461,105293,-26,31851.52,200000,27127.66,35890.35
1005433,109926,-28,44897.79,100000,21552.96,1612.14
1005827,102186,-22,37259.24,50000,5902.83,7908.92
1001298,100481,-12,61440.57,50000,5635.15,2258.98
1001324,104019,-10,107863.97,100000,32849.15,1139.33
1009052,108190,-22,30433.54,200000,9301.88,14128.6
1006304,108701,-7,140713.16,200000,4655.58,12036.63
1006340,100610,-13,43973.46,50000,2440.34,8566.77
1000169,101759,-16,29561.52,100000,4366.03,10354.85
1003915,101700,-6,58641.24,50000,4552.51,54177.27
1003092,200504,-20,2795.56,200000,10293.43,13404.14
1000198,201196,-34,20693.75,100000,7250.53,6750.64
1008131,104454,-9,61100.14,50000,60.56,3243.37
1008414,105175,-15,17169.36,50000,6101.19,11999.22
1003608,105686,-27,32003.36,50000,9623.77,20836.45
1000875,104940,-4,74735.34,100000,13690.52,10446.45
1003130,201267,-29,70172.99,200000,16619.52,1967.05
1002322,100719,-2,53157.55,100000,11101.8,11893.32
1007024,200601,-4,77562.78,100000,4561.65,15812.14
1003027,100323,-33,8185.7,50000,18925.95,659.28
1001411,101542,-35,23981.33,50000,4348.29,20028.71
1009365,105411,-22,51373.02,200000,13224.92,20739.06
1005097,102810,-26,49085.17,50000,21693.17,60843.67
1001933,104641,-30,172470.19,200000,16347.57,16709.78
1001337,104368,-31,93101.2,50000,5626.81,7943.69
1001405,103938,-7,61936.17,50000,18657.65,1029.51
1007870,105968,-21,30529.27,50000,6372.85,1372.56
1001119,104041,-28,973.52,100000,16839.66,34204.97
1007974,103354,-28,122666.41,100000,9625.01,2843.33
1002618,104814,-35,110645.45,100000,439.78,26628.51
1000886,109167,-33,37336.08,50000,2704.25,9653.92
1009599,108230,-35,46018.97,200000,16560.44,553.36
1004037,107981,-8,38053.65,200000,39765.07,5094.29
1006783,103123,-13,81272.13,100000,5155.04,8484.04
1009419,109148,-2,13770.57,200000,13971.82,20765.94
1007472,108661,-13,95559.53,100000,7010.27,4240.77
1007995,100956,-18,796.18,200000,5981.57,12178.04
1002352,201301,-31,68430.72,200000,26205.17,1572.15
1008147,105753,-28,163433.29,100000,13118.93,6993.76
1003920,105785,-35,23200.52,50000,5995.04,20101.53
1004423,108721,-31,24704.27,100000,12149.61,16524.94
1001762,101887,-21,119469.93,100000,65535.22,3998.65
1009068,100360,-24,35363.8,100000,4915.48,19336.81
1003693,101053,-2,802.78,100000,12803.04,7944.03
1009000,101421,-25,4836.57,200000,10143.2,28432.47
1003433,100802,-20,91411.59,50000,7757.39,3409.93
1000556,201309,-17,30381.91,100000,32959.14,10677.32
1005699,108063,-15,5570.01,200000,8028.22,13837.99
1008783,105835,-23,27567.17,50000,7063.89,35180.79
1004791,109279,-34,10909.04,100000,9840.62,281.31
1007027,200800,-35,21998.78,200000,7730.56,257.31
1009571,107519,-23,4990.44,200000,13014.48,9544.34
1007902,108605,-25,14182.06,100000,7440.05,39609.07
1003479,200945,-23,37202.21,200000,10253.95,3585.65
1000342,107432,-31,195754.93,200000,7151.11,11409.96
1000844,201617,-16,15359.14,50000,7928.05,6375.9
1001176,107687,-34,34618.17,50000,11553.2,586.96
1009246,102592,-7,26768.24,50000,22536.31,12874.2
1009604,105946,-14,6717.45,100000,29711.08,11262.13
1000343,102156,-9,28038.81,50000,5203.26,11582.29
1003843,108779,-10,53829.57,200000,15502.26,8041.81
1009052,108190,-30,31717.96,200000,6587.43,4906.54
1001577,107175,-35,75240.08,200000,6451.95,8227.44
1003243,107750,-33,21016.42,200000,27533.94,17793.05
1003699,109948,-12,61853.67,50000,3673.1,14918.05
1004043,104112,-29,20685.66,100000,1249.2,5826.7
1003562,109153,-28,87500.22,200000,1887.79,6869.52
1004571,103307,-27,30825.28,200000,4694.07,5382.18
1009107,104563,-9,11703.98,100000,8322.46,11505.39
1006379,107512,-34,50499.68,100000,245.94,3108.88
1007162,109359,-30,156205.45,200000,6903.88,273.85
1008386,201523,-10,40167.31,200000,5154.54,20248.74
1007939,106570,-24,10810.43,200000,17442.42,3245.08
1003845,103247,-27,62323.3,50000,37.49,67050.14
1004066,104187,-35,35790.97,200000,2837.43,5343.24
1009820,109811,-6,177202.39,200000,12546.54,13775.97
1000539,200411,-1,5457.51,100000,2941.15,26954.07
1004706,108759,-7,42232.6,50000,12817.73,25470.48
1004630,100919,-15,227124.47,200000,1619.91,341.32
1009329,103507,-28,51115.79,50000,1903.37,19273.09
1008216,105977,-6,42075.88,200000,2735.65,749.53
1004371,104066,-32,24653.87,200000,48946.93,4972.35
1004798,106007,-3,21768.49,50000,50015.22,31568.82
1004914,200515,-7,221112.13,200000,2108.53,21862.09
1003559,109919,-21,9612.94,50000,2608.03,1948.33
1004359,104664,-6,9501.47,100000,1406.53,1867.47
1006169,201431,-9,17295.32,100000,4391.03,46333.88
1008360,201205,-28,14121.09,100000,21497.76,3543.14
1003134,104152,-3,28229.83,100000,8054.63,940.97
1008782,104316,-7,3848.55,200000,26711.01,46212.26
1004978,201007,-16,1273.02,200000,3851.29,13840.03
1003964,102405,-19,40396.86,100000,1478.64,7385.29
1006454,103611,-33,23688.54,100000,6765.04,4023.48
1005301,109047,-24,25850.04,100000,2168.69,19046.63
1009555,107691,-19,51925.72,100000,7033.14,8840.12
1001520,108476,-11,19442.19,100000,1125.04,16614.75
1009112,106505,-9,163773.69,100000,4184.03,2399.95
1004861,101188,-10,20738.73,200000,5371.77,13205.84
1007697,103590,-18,8072.71,50000,21709.77,9198.95
1006493,109227,-24,4064.58,100000,2580.18,803.28
1002873,109721,-16,114849.08,200000,15889.85,33756.68
1001221,108785,-18,90819.57,100000,2971.72,27096.27
1003116,105540,-32,77511.52,200000,5306.46,37506.98
1009757,107696,-4,125713.0,50000,4941.3,4774.38
1002661,201004,-4,141111.34,50000,13428.23,9210.27
1003504,201669,-32,207003.22,200000,9880.16,2611.13
1003799,107453,-32,3508.06,200000,2438.74,4648.85
1007522,104100,-24,91265.45,100000,11647.24,5049.59
1004648,107081,-25,83611.09,50000,42.72,17814.72
1009662,100250,-13,53487.21,50000,16372.59,10213.55
1004737,101203,-29,51563.97,200000,879.34,740.69
1000944,100515,-9,113450.46,200000,2055.61,3018.92
1004545,104013,-14,2100.95,50000,1978.91,21818.26
1000243,100806,-25,19611.57,50000,12059.31,18608.07
1000988,109755,-12,51017.36,100000,1731.84,9100.19
1002989,103887,-21,37892.74,50000,11230.19,51598.3
1004839,102709,-28,70354.38,100000,5113.52,22614.81
1007126,109716,-20,214708.72,200000,27398.66,10647.07
1008595,201730,-13,74724.46,100000,21322.78,11947.13
1002677,103435,-3,42361.28,50000,20858.25,11394.98
1007278,106301,-3,1011.2,200000,11630.3,1845.31
1003476,100140,-3,3531.34,100000,4426.83,15006.69
1008016,109986,-7,2657.94,200000,17185.26,2008.22
1007369,107193,-17,51763.92,100000,3910.66,5148.0
1000090,200782,-20,13570.49,100000,2413.13,11447.06
1005755,200242,-26,3955.04,200000,811.97,628.46
1009255,200787,-9,28936.03,50000,11059.75,6819.41
1008165,106393,-18,9442.93,200000,14621.76,8835.93
1002948,103190,-35,24335.7,100000,10827.95,18578.19
1008751,107312,-1,39118.11,100000,21730.67,282.3
1005312,104820,-9,11451.67,50000,6357.86,27791.53
1001562,106415,-31,4283.87,100000,14100.28,28634.3
1003875,102536,-19,49211.16,50000,41354.55,18218.1
1001792,103939,-1,14479.48,100000,3727.86,5261.1
1002930,102437,-9,118722.53,200000,11281.38,7235.01
1000278,101485,-4,97176.88,100000,3943.85,13799.85
1003862,100694,-2,44583.64,50000,30625.91,7942.32
1000251,106366,-35,76187.64,100000,3541.78,603.51
1006400,100374,-3,4859.48,200000,35212.54,1836.95
1001330,107181,-30,27231.54,50000,10693.64,23220.59
1000776,107853,-9,12897.88,50000,3427.27,44587.06
1009510,106089,-18,12671.69,100000,4071.25,1579.03
1007156,105389,-25,8771.72,50000,4842.87,43.72
1007073,108903,-33,5994.8,200000,13443.22,47979.85
1003404,107400,-22,29892.13,200000,4261.8,31535.08
1008308,103085,-2,18139.17,200000,5977.12,17483.01
1003304,106472,-6,45617.16,100000,1386.9,1673.83
1007107,105566,-10,72276.92,100000,28360.47,2909.37
1000443,106957,-20,76376.53,200000,16517.17,102561.09
1001247,104119,-30,83564.33,50000,9487.11,14506.6
1002956,100088,-18,5866.6,200000,7108.3,21456.05
1009335,107615,-9,16215.36,100000,16051.56,31217.1
1007002,103981,-12,40589.25,200000,3873.86,11943.39
1003604,105151,-2,52651.32,100000,10824.45,21918.37
1008107,100924,-26,121116.03,50000,894.75,45155.19
1007250,109369,-22,19930.6,50000,2259.8,215.17
1006551,103424,-5,66456.72,100000,4524.48,4235.48
1007400,200118,-29,54628.74,200000,517.78,27885.76
1007917,101458,-17,50430.98,200000,912.98,47913.64
1008267,103081,-16,102333.3,100000,6297.21,5707.74
1001835,103714,-29,115777.22,200000,1110.23,1590.98
1005523,106658,-34,90535.3,200000,2135.06,51098.84
1007226,102870,-13,35806.37,50000,17522.52,215.69
1003422,201600,-21,175756.33,50000,4428.62,8805.21
1007652,105343,-30,148269.99,100000,8799.95,7432.05
1006813,107189,-16,32196.54,200000,23415.72,25983.33
1009542,104695,-24,46761.89,200000,4227.63,19190.7
1000056,104157,-18,5395.06,50000,5818.11,9359.93
1008880,106306,-25,17312.45,50000,12149.08,31642.34
1000446,101655,-19,15397.89,100000,13906.1,13400.28
1006462,105171,-5,177167.79,200000,6068.14,7957.89
1004542,108816,-11,26628.53,100000,11934.83,10270.26
1001943,105102,-12,83870.25,200000,1159.46,3130.24
1007432,103487,-24,166657.68,100000,439.6,293.65
1003197,105223,-11,1870.22,100000,13239.59,25877.75
1004949,107828,-8,50061.54,100000,899.26,88179.71
1003414,101861,-23,139450.09,200000,6896.14,31596.09
1007164,200904,-27,15253.73,50000,29828.15,32127.47
1003454,201065,-34,19813.18,200000,13151.77,6535.69
1003399,108789,-25,14070.83,100000,4713.54,1794.56
1009151,103186,-21,17227.04,50000,654.01,31368.98
1008766,200739,-27,59943.12,50000,7002.26,11331.65
1000035,101409,-22,66676.08,50000,8847.85,3149.57
1008582,104358,-7,66373.17,100000,551.66,6628.68
1009566,104288,-25,95287.28,50000,923.98,7822.43
1000616,100835,-22,762.7,100000,2301.48,18749.99
1006855,109286,-15,28684.56,50000,31915.83,101911.46
1002646,200989,-8,200133.84,200000,10595.15,18374.93
1008079,200488,-33,95072.91,100000,2541.95,4323.2
1006389,106457,-5,23088.52,100000,800.41,27245.48
1003602,104351,-23,43689.5,50000,4598.19,8810.01
1001824,107848,-26,19060.53,50000,439.95,2472.19
1002951,108561,-11,81822.35,100000,11156.81,17536.65
1008759,106800,-28,202212.26,50000,27586.44,3544.02
1003691,200363,-35,4076.62,200000,1065.68,6043.24
1004904,105444,-34,42056.51,50000,12754.13,11563.74
1004158,103027,-8,24472.04,100000,12928.33,4647.21
1004480,108525,-19,55176.2,100000,418.32,302.08
1004464,109766,-10,76708.82,100000,13108.16,22275.47
1006499,201905,-10,38542.62,50000,14669.7,4984.99
1007591,104611,-28,31129.36,50000,11634.63,10207.2
1001338,201747,-6,96497.93,200000,10845.59,33329.36
1000701,200372,-9,69158.5,100000,6875.7,21355.63
1009217,104281,-18,16328.58,50000,23854.42,2109.6
1005551,106359,-18,743.81,100000,12458.15,5140.91
1006150,102128,-5,56601.5,100000,2184.37,22320.63
1003604,105151,-20,113191.51,100000,11330.5,12844.94
1000257,101927,-30,55289.4,200000,4006.39,10068.11
1009767,104903,-6,7826.26,100000,7201.05,4845.22
1006181,107478,-26,5763.2,200000,25936.56,294.97
1000137,100836,-29,412.87,50000,21232.22,8465.3
1000967,105477,-29,102976.62,100000,1871.28,7048.22
1004945,103693,-17,48153.12,50000,15837.01,9075.63
1006847,104453,-30,68874.92,200000,23000.46,759.73
1006947,100617,-20,33879.48,50000,4500.28,19953.21
1006872,106637,-28,15282.28,200000,1639.63,35075.51
1002157,108720,-34,73511.33,50000,16020.48,515.94
1006128,105182,-31,34125.03,200000,5412.79,21253.74
1009681,200322,-29,28583.76,100000,23850.49,65.76
1001469,201062,-27,5723.95,200000,13859.61,31028.26
1003362,104766,-15,34638.85,200000,30917.98,8711.03
1007396,105110,-23,137203.28,200000,6353.64,11647.16
1009285,107144,-35,43694.48,50000,14386.58,5429.77
1007139,107003,-34,10728.14,100000,13250.04,16308.36
1002216,107880,-33,83430.67,200000,13684.88,124.38
1003513,102559,-2,10559.16,100000,1436.85,19058.39
1000896,102852,-27,9771.54,50000,14975.85,2671.48
1009984,106870,-20,17740.42,50000,6724.06,735.3
1008789,101870,-6,72116.72,50000,5870.76,1110.11
1004294,101203,-20,23525.62,50000,1948.3,2707.6
1003971,201329,-29,50815.07,50000,818.04,23461.02
1009460,201337,-29,2818.16,50000,1416.14,4232.47
1006257,105402,-20,65748.34,100000,1556.9,6325.06
1006381,106719,-2,36806.46,200000,16575.83,1562.28
1004695,103568,-2,41129.92,50000,16630.18,12812.12
1009273,100406,-14,7599.34,50000,11432.82,44864.7
1004122,101111,-29,95453.18,50000,12087.66,2111.96
1009055,101327,-7,6739.48,200000,32029.05,15417.31
1009234,104984,-16,39648.96,100000,5291.91,7867.67
1006095,106423,-24,19789.35,100000,20785.29,8553.57
1000761,103722,-34,217226.37,100000,31747.29,18199.63
1008179,107083,-29,2528.69,200000,1591.84,3977.69
1007901,105307,-15,65893.13,100000,6373.9,5125.38
1002069,101888,-32,31540.7,50000,16784.41,21029.92
1006366,200230,-13,48342.47,200000,4759.4,15214.29
1008424,101645,-20,33716.04,200000,18776.75,49776.04
1006013,101041,-24,51832.02,200000,3451.24,17915.74
1007031,105156,-1,3353.75,100000,7033.98,50284.11
1003967,101296,-14,55382.71,200000,456.3,4189.12
1009755,109607,-7,59454.37,100000,11654.74,709.61
1005264,107333,-3,5587.36,50000,29345.56,1356.13
1007336,200633,-20,11838.05,100000,1743.6,9538.72
1003040,101467,-28,38623.61,100000,217.01,5954.77
1006230,101495,-29,111618.89,200000,11984.21,11183.08
1003518,108704,-6,13338.51,100000,3499.31,3421.11
1000605,108741,-19,56572.55,50000,3341.52,262.64
1002041,100494,-25,17763.5,200000,5574.38,2234.01
1000829,101287,-10,37012.24,100000,2669.35,34573.35
1002530,100842,-5,12079.01,50000,568.51,35203.5
1006555,103577,-2,97850.6,50000,1593.71,57350.3
1001625,107664,-8,123363.56,50000,1899.84,20400.33
1006618,201872,-32,46235.19,100000,217.64,11171.06
1006696,104809,-21,33575.24,50000,7387.46,10557.55
1000082,105906,-6,95121.07,200000,8869.25,621.1
1007366,109823,-26,99742.07,200000,2558.11,8146.7
1004758,106010,-2,96132.68,50000,2182.66,17657.29
1006012,102177,-28,157249.62,200000,189.77,7430.74
1009824,104451,-21,2148.25,100000,255.88,7846.75
1004520,103828,-5,101880.42,200000,6238.84,9311.64
1004107,101726,-21,66547.22,50000,604.42,6694.4
1000732,105279,-4,42.87,100000,5714.98,35799.71
1006789,104481,-11,22424.77,50000,2546.44,45977.57
1003817,201936,-23,4014.44,100000,21897.65,27185.01
1007299,105529,-11,2098.17,100000,14964.6,13677.55
1009979,105667,-6,1094.28,50000,8759.41,6521.57
1009111,201816,-14,44634.87,200000,24955.57,50582.93
1000942,101642,-17,14867.71,50000,3334.43,3247.96
1008871,201177,-19,17410.56,200000,5516.05,131873.77
1006140,101448,-18,12766.02,200000,14260.54,21763.78
1007558,107193,-16,14244.67,50000,10955.56,24424.48
1003811,201093,-6,34891.85,100000,4053.29,27436.18
1002991,200841,-32,73052.16,50000,5152.72,9475.2
1001349,200409,-27,28249.36,200000,7627.1,591.93
1001691,105961,-28,72.21,200000,13193.33,851.42
1004873,201327,-18,11283.16,50000,6503.81,44020.58
1000497,102947,-33,47040.14,50000,7702.43,34286.23
1004367,106892,-30,137167.44,50000,3175.02,21611.55
1007722,101942,-24,52080.72,100000,3035.99,9449.96
1009909,103251,-5,26832.28,50000,14262.92,12740.85
1002827,105909,-32,30235.65,200000,2672.15,29529.18
1004799,109417,-23,46615.84,100000,7283.38,2737.08
1001848,106270,-27,78439.6,100000,1424.52,7923.5
1006102,103095,-5,13623.95,200000,5063.0,5538.3
1009740,107434,-14,16753.71,200000,3893.68,27140.9
1003590,106589,-11,292918.38,100000,779.09,1208.35
1009659,107247,-29,33441.78,50000,1192.7,14004.68
1006613,100340,-19,24816.37,50000,1204.97,4185.06
1001095,103379,-4,210332.94,200000,12911.23,25323.6
1003963,101142,-3,36099.79,200000,2974.91,9918.52
1008907,104067,-17,15922.13,50000,25262.45,4011.94
1006368,201842,-3,73940.65,200000,13092.83,475.07
1007667,107712,-18,37829.2,50000,585.44,2963.96
1004247,200740,-27,35456.56,200000,6526.77,4089.66
1005387,109764,-33,31820.48,200000,10546.46,3334.67
1005247,105719,-17,22251.81,200000,1430.39,4046.62
1000546,109314,-20,79963.22,200000,20784.27,5798.28
1005454,200954,-30,137584.6,200000,1803.88,22933.35
1009413,107388,-29,19218.9,200000,18938.61,5205.13
1005005,201008,-34,110980.18,50000,27657.85,463.03
1004084,109150,-7,67904.24,100000,16590.66,10756.32
1001658,103900,-8,1753.12,200000,1486.24,13389.75
1009580,200392,-18,72958.09,100000,599.6,3699.09
1002743,103925,-13,315.46,100000,10104.51,4086.86
1000254,103536,-20,28907.98,200000,21005.4,35112.34
1007152,109794,-22,131798.76,200000,3372.26,32455.86
1008387,105993,-31,41719.2,200000,6548.12,75303.01
1005559,201437,-35,51283.61,50000,5097.99,8212.57
1005060,201478,-24,80594.26,50000,7976.19,8850.91
1001662,109560,-19,4245.07,50000,4438.28,16408.21
1003047,201260,-9,11758.3,50000,5636.4,4584.76
1009719,104902,-26,7121.71,100000,7061.12,7143.52
1003935,201579,-30,40560.38,200000,5123.56,219.84
1009444,200356,-26,86525.24,50000,10769.11,5499.13
1006873,100672,-30,1321.87,200000,27941.04,32017.78
1008300,100436,-8,113717.66,50000,12798.93,37177.17
1009581,103505,-16,16136.29,50000,6848.62,32936.64
1003162,107454,-15,136253.14,200000,15140.95,8548.87
1001535,103411,-27,6318.36,200000,4832.43,11464.91
1006397,104198,-21,103072.98,100000,14918.99,22288.13
1006217,100256,-14,68748.65,50000,45706.93,50986.32
1003924,107949,-26,16812.78,100000,6278.12,3826.15
1000035,101409,-22,256056.75,100000,2490.4,12429.72
1009958,104387,-14,27126.73,200000,5167.29,1852.32
1007200,108286,-8,7445.72,100000,1823.08,1886.77
1008684,100954,-16,23753.82,200000,31468.86,670.67
1008747,109012,-5,60301.99,50000,29624.91,44698.62
1000842,200701,-14,35358.93,50000,5307.88,26053.6
1001648,107685,-12,1634.67,100000,21764.92,32443.9
1001880,105920,-20,37234.2,200000,4910.59,4997.89
1006665,105893,-29,38912.13,200000,9690.95,19682.05
1005710,103489,-3,63352.45,100000,6653.36,38441.29
1005557,102686,-11,92264.82,50000,6662.52,2647.1
1001813,106686,-21,43860.82,100000,9828.14,14825.02
1005253,105441,-5,5119.88,50000,7055.23,9343.89
1000439,107315,-15,56191.93,100000,1149.93,7494.74
1002172,201050,-31,85386.34,50000,3059.59,153.16
1001552,104815,-29,178341.74,50000,21085.18,14127.68
1001738,105629,-29,15832.53,100000,4095.99,13276.81
1001984,100021,-4,35117.07,50000,2681.94,8499.51
1008306,106128,-15,27153.06,200000,17342.02,23668.06
1000845,105111,-14,20597.05,100000,18398.07,9957.24
1001708,106709,-5,58366.32,100000,13843.07,8249.85
1001099,103559,-13,41894.16,100000,539.96,63601.73
1004132,106526,-22,26520.0,200000,12347.24,3520.6
1001357,108692,-15,200549.24,200000,8975.9,2023.42
1002193,106599,-7,187730.29,50000,8788.71,176.37
1002595,101594,-7,38052.72,100000,11035.16,3127.98
1000523,105360,-17,45872.5,50000,32055.72,10392.05
1002223,109823,-4,10897.39,200000,6772.29,10798.4
1003731,104850,-22,53029.52,100000,33858.16,2825.19
1001742,102969,-12,11419.1,200000,33627.53,10767.9
1008697,108459,-17,15599.35,100000,3268.66,3930.78
1007479,200970,-7,30419.53,100000,10131.27,8137.74
1006086,103205,-29,107893.16,200000,2537.16,24288.31
1005079,200519,-31,8007.95,200000,10736.23,2339.84
1004240,108399,-4,83219.58,200000,13848.73,23544.14
1001926,109898,-14,95129.64,200000,13898.07,2615.4
1009474,109211,-6,67223.55,50000,16353.7,21265.24
1003583,103651,-11,50575.2,100000,1970.14,31544.56
1001297,102005,-34,294608.24,50000,969.97,44552.55
1001868,103516,-16,18192.09,100000,17037.42,3912.9
1004391,104969,-35,31619.53,50000,2418.89,25732.37
1008609,100939,-14,3731.27,50000,5600.42,1179.9
1001305,200568,-28,88564.92,50000,13574.64,3350.43
1007777,201410,-23,53109.88,100000,8830.17,2013.1
1007239,104682,-28,168816.72,100000,38974.29,5099.71
1005399,100733,-8,142743.58,100000,10033.06,676.66
1005862,108513,-29,59345.72,200000,62.23,8456.7
1009654,100988,-27,86824.64,200000,13193.82,9052.47
1003713,108235,-28,23612.13,50000,43653.08,15652.1
1002828,201271,-20,35083.66,50000,88.25,5081.97
1001620,103648,-11,64291.99,100000,167.64,423.58
1008667,109440,-6,46467.73,100000,16496.55,1560.92
1000488,105178,-33,816.47,200000,2773.58,9740.58
1007020,105449,-18,43881.23,100000,709.62,7861.02
1005022,201998,-30,50338.96,50000,11222.31,13819.31
1007216,105963,-33,22711.26,100000,4985.61,1925.18
1000232,107392,-7,34993.39,100000,39712.47,37046.9
1001544,107181,-6,5712.6,200000,1670.86,8985.13
1007479,200970,-5,18398.18,100000,4465.62,5495.17
1003353,102290,-24,96849.46,50000,129.79,7238.42
1005823,200040,-17,11181.67,50000,29943.57,15554.89
1009505,107091,-14,186333.29,100000,4242.37,3701.17
1007166,103115,-21,10187.12,100000,539.86,18148.94
1007622,103915,-33,6643.26,50000,7189.73,4761.9
1003625,104734,-5,17799.88,50000,8038.81,1024.41
1007381,100603,-27,4501.54,50000,1347.46,14434.56
1000922,200381,-4,108487.24,200000,15621.98,10546.23
1004840,101030,-21,2271.41,50000,4972.95,16638.4
1009371,106446,-4,117319.42,50000,10407.5,56462.83
1007207,101738,-2,727.38,50000,11094.65,2011.51
1003087,104889,-3,2979.2,200000,23248.3,5612.94
1007462,100187,-25,4108.74,100000,26766.93,641.98
1003365,105864,-5,71854.05,50000,2237.85,1215.5
1004287,105259,-1,5248.53,100000,14602.37,4059.23
1002709,100691,-13,1612.58,50000,3308.74,9126.35
1000312,107598,-14,31470.98,100000,628.48,28649.91
1009153,100048,-2,17529.53,200000,20744.91,4763.07
1008880,106306,-20,144971.02,200000,4992.43,9911.36
1002921,100134,-24,41416.89,100000,337.25,8096.44
1004809,201383,-29,18627.15,200000,11907.48,11290.34
1003680,104230,-2,41178.52,200000,34512.32,31.38
1006339,102749,-32,5494.79,200000,2672.96,23635.92
1005725,201969,-31,13480.21,100000,32673.87,4621.32
1002050,101353,-28,15939.07,200000,6458.95,3168.38
1000083,101527,-8,3555.17,200000,1507.08,18834.85
1001046,106712,-16,34665.62,200000,2388.72,32379.88
1001912,108423,-22,74891.56,200000,10593.88,7191.39
1005711,107504,-34,55680.05,50000,7999.24,15954.01
1005796,102541,-30,2547.89,50000,467.52,1498.19
1002609,107553,-33,30656.46,50000,8914.95,13234.96
1003626,101769,-4,23742.5,50000,1180.85,2022.77
1002282,104119,-18,128904.58,100000,3441.27,54234.43
1008989,103493,-5,92962.52,50000,4989.72,40974.45
1005937,109592,-29,84920.57,100000,5032.48,21459.1
1008068,105077,-5,5023.98,200000,8153.57,16927.36
1000454,109785,-21,8065.09,200000,666.91,46894.37
1007934,101076,-11,144616.95,50000,4899.73,6521.84
1000141,101926,-13,33590.47,50000,18310.27,9107.95
1001855,101102,-27,13114.6,50000,15554.84,347.36
1003561,200846,-4,26342.09,50000,5705.72,13998.03
1009556,105562,-31,31228.46,200000,22425.81,3508.39
1007686,200166,-18,86797.31,100000,13785.2,3740.07
1007344,107654,-15,7214.29,200000,6034.27,3665.83
1005039,101338,-32,1720.38,50000,4007.85,22318.53
1004139,106021,-23,83306.85,200000,5182.83,8996.62
1008707,106236,-6,26272.48,50000,15155.39,14610.56
1006350,200257,-20,4075.72,100000,6205.06,11119.9
1004272,103458,-9,9168.1,100000,1458.84,12403.5
1001655,101108,-9,13616.1,50000,3309.75,1018.79
1005481,105730,-27,77904.22,200000,2469.32,8844.27
1008475,200819,-33,55068.66,100000,327.02,24952.28
1004759,109480,-2,59867.1,200000,158.81,7447.77
1005683,200990,-3,38883.04,200000,10896.93,23447.01
1006707,106848,-24,142416.41,200000,4723.19,1451.45
1002259,108853,-4,16720.77,200000,25188.75,4804.83
1004396,106391,-28,12555.84,100000,32207.71,14573.41
1009808,105128,-14,81801.05,200000,482.46,18394.43
1000957,108333,-7,41356.95,200000,2970.28,12715.4
1007028,102992,-3,32372.76,50000,31473.79,1586.65
1007942,101205,-10,44768.77,200000,9329.55,11380.76
1005732,109218,-30,344.52,200000,26402.97,5136.33
1001686,104029,-8,5872.51,200000,7238.49,2372.05
1007880,201185,-2,47989.64,200000,7064.5,1664.12
1002169,106288,-11,45972.94,100000,33738.91,19435.8
1003022,105329,-21,91220.05,50000,4882.13,53273.56
1007333,200158,-27,98381.13,200000,10073.79,41408.23
1000800,107169,-20,9019.26,100000,21718.21,28191.8
1002828,201271,-5,38480.2,200000,2139.31,17526.79
1003846,200740,-3,30534.84,100000,9695.49,10452.84
1003474,108784,-17,92304.25,50000,2834.94,17036.58
1000551,109308,-26,32203.0,50000,5906.81,6042.67
1000578,107658,-8,14433.88,100000,1306.32,14920.05
1006766,106105,-21,8744.61,200000,2329.56,28204.07
1007100,104109,-6,1232.48,200000,86.76,29725.83
1000325,200427,-12,155896.15,50000,19055.25,47965.55
1002990,108570,-23,175409.01,50000,21563.02,16760.49
1002865,200184,-23,10776.91,50000,1489.1,853.21
1008427,105415,-5,82337.86,200000,10103.51,34486.89
1006652,109584,-27,106353.23,50000,39237.52,21276.92
1008476,104397,-16,20919.8,50000,14820.37,16919.12
1005750,201529,-1,42154.81,100000,1647.89,10283.0
1007670,101572,-35,64875.56,50000,5893.58,15879.81
1006195,100167,-10,295414.97,50000,13827.86,4719.52
1009774,201727,-28,59613.01,50000,11954.43,10511.39
1004075,100882,-27,17607.74,50000,9562.67,11311.01
1004955,201919,-21,18223.25,100000,26169.82,10211.5
1007759,105972,-10,20608.05,50000,3028.11,88944.13
1003456,106653,-15,75640.83,100000,2035.68,16346.06
1001806,105442,-22,8189.96,100000,24467.08,9960.53
1006563,105693,-2,203267.88,200000,29914.06,24041.11
1007995,100956,-27,52226.88,100000,45368.73,1963.35
1006554,108944,-25,43959.1,50000,25667.55,15037.75
1009995,106302,-18,160421.6,200000,17573.8,7340.31
1001295,200437,-22,54229.19,50000,27884.52,23959.09
1006018,100726,-10,23033.4,200000,19066.83,36473.58
1005538,201241,-20,49072.11,200000,3823.12,902.84
1003596,106965,-28,39960.47,100000,2432.56,4197.7
1003145,102582,-15,86425.77,200000,1283.34,2210.59
1005655,107611,-24,72537.87,50000,4209.73,38124.29
1001940,102357,-30,34082.71,50000,14998.68,6951.78
1006680,105629,-31,24713.53,100000,5653.1,6165.21
1008878,109194,-22,52756.49,100000,6371.56,4371.53
1007836,200497,-26,29201.78,100000,5991.5,3697.98
1008305,201784,-18,2331.15,200000,44228.51,51913.19
1006027,106918,-23,97060.29,100000,2641.35,3864.13
1001820,105980,-29,12899.83,200000,7538.48,3425.58
1005846,107800,-15,114536.81,100000,3779.81,29034.48
1005609,107553,-18,25006.68,100000,13658.47,25327.97
1000967,105477,-32,237.4,200000,1968.66,4995.65
1003061,201059,-4,61840.01,50000,326.14,10802.54
1004618,103751,-29,59586.66,100000,2620.49,5209.97
1001585,109215,-33,65732.57,100000,5262.36,358.73
1006836,103379,-11,126219.13,200000,4272.51,5875.08
1001145,201583,-3,30317.02,50000,10666.08,24018.4
1003490,105526,-6,20679.71,100000,3371.98,7175.59
1000167,106115,-34,9156.14,200000,13602.81,1409.83
1009277,100709,-29,65144.71,200000,9214.33,6679.35
1004728,105894,-13,101012.34,50000,44974.31,5073.39
1002840,103042,-34,76487.48,100000,12457.38,22653.7
1000905,109226,-12,24184.49,50000,22119.22,3439.76
1008220,100736,-7,75534.72,100000,2702.75,18751.63
1000100,201451,-18,43607.74,100000,7162.8,19973.4
1001653,107798,-25,17658.01,100000,3446.32,120.32
1001672,100801,-15,71384.08,100000,818.41,2727.88
1009512,105288,-1,3606.22,100000,361.56,3857.4
1009232,105002,-23,56711.7,100000,26025.03,2588.25
1002758,108899,-32,48545.79,200000,1698.42,29081.03
1007740,101400,-9,44170.19,100000,482.93,35985.95
1007191,108009,-34,114379.83,50000,999.65,827.68
1000801,105413,-6,28670.58,100000,5238.04,6076.38
1006170,104292,-19,55060.67,50000,2781.49,2756.45
1003555,108210,-22,71094.87,50000,9175.06,3886.46
1005893,200088,-1,6119.08,50000,23577.43,2780.68
1003872,201380,-32,76002.78,50000,3513.07,15850.12
1000181,108044,-12,43025.68,200000,15265.96,22845.45
1001213,105108,-29,43842.04,100000,493.61,13181.64
1009177,109563,-15,74849.76,200000,57260.86,4085.29
1007665,100019,-18,73677.07,50000,42429.89,32150.3
1007930,103746,-2,100249.74,100000,399.93,17919.36
1001826,107361,-16,29970.72,200000,1743.59,10915.52
1008463,109587,-22,33579.93,100000,2083.38,8550.93
1006551,103424,-25,18281.22,200000,3577.51,2224.54
1001552,104815,-34,13672.34,200000,2612.96,10602.76
1000262,104233,-1,17010.78,50000,3561.9,17063.41
1008228,109876,-33,68349.8,200000,1473.79,1699.89
1006055,102800,-5,17802.12,50000,769.03,43864.12
1001675,109080,-20,57395.46,200000,12664.55,6310.89
1002310,100163,-10,8342.94,50000,580.78,29397.63
1005866,107446,-11,21341.79,200000,194.39,24334.14
1002168,200148,-27,24231.64,100000,1791.02,33299.0
1009988,103264,-17,74806.29,100000,2263.76,28642.96
1007237,109634,-17,32156.74,200000,3340.18,2646.25
1007716,200188,-24,13687.54,200000,1042.55,5667.85
1009359,100364,-22,6159.78,200000,1932.08,5149.49
1008455,102867,-35,37508.44,200000,10562.83,9030.19
1009565,201378,-22,67364.1,100000,5132.5,30794.58
1000602,106771,-27,55461.57,100000,1975.11,16824.88
1003643,102517,-8,58398.49,100000,3608.45,1734.8
1006035,102927,-15,58320.34,100000,3608.75,29892.26
1007049,108328,-24,27323.1,100000,7718.25,2814.25
1006389,106457,-4,34874.33,50000,9551.63,30868.34
1009754,102136,-31,142620.08,100000,69797.48,2210.95
1004374,200108,-6,96914.7,200000,26030.81,24201.53
1002218,109452,-11,215812.71,200000,2814.61,19029.6
1009924,103375,-23,63919.0,200000,3479.46,2315.84
1000927,103271,-11,32834.08,200000,50.1,20121.68
1009258,108414,-12,201176.42,50000,8019.91,46150.03
1003057,102732,-28,6202.02,200000,5335.83,22801.5
1009785,104147,-34,140163.94,200000,3702.0,22940.8
1005700,109933,-35,30423.28,200000,9915.17,2183.93
1007361,102635,-33,61083.12,100000,9925.48,19278.01
1008287,109480,-13,29194.0,50000,5299.52,3054.33
1002433,108910,-18,2579.77,50000,2950.48,2311.48
1006193,201678,-30,14919.19,100000,13868.8,136.83
1004840,101030,-21,25935.65,200000,10710.62,3724.86
1009240,103389,-7,104709.08,200000,23799.48,9117.52
1002564,107898,-6,52066.79,100000,8709.36,40107.25
1000936,102005,-10,5027.94,200000,2271.03,4185.07
1006619,101007,-6,44209.47,200000,1886.14,2037.25
1004425,201190,-1,27158.29,100000,8187.41,92124.34
1000746,105261,-18,9801.23,100000,3845.21,15446.92
1001627,102135,-10,96537.22,200000,1777.54,18512.61
1009129,107326,-1,29605.33,200000,19191.59,887.73
1005591,104735,-33,120010.97,100000,17376.59,5789.43
1000534,101528,-6,3329.49,100000,3403.56,5688.6
1008712,108649,-12,90624.94,200000,2283.37,4689.46
1001354,200773,-30,165856.93,200000,6702.45,24525.18
1000921,103031,-16,20082.8,100000,4637.31,41585.86
1003733,103875,-21,15693.66,200000,14592.7,22343.17
1005630,102785,-27,12883.48,200000,16048.68,22668.5
1005968,201162,-5,11321.28,200000,5956.83,41766.83
1001424,106283,-29,30733.74,50000,1520.05,1409.68
1007037,100216,-11,5772.38,50000,2497.05,15186.19
1002269,104804,-25,25014.86,100000,5508.62,4444.8
1009563,103624,-21,19923.8,100000,2945.47,11162.1
1004304,100140,-20,13420.33,50000,3035.27,1886.19
1001312,109877,-32,33254.06,200000,3033.97,1466.6
1004397,106866,-21,22292.94,100000,10666.97,25121.37
1005432,103709,-32,18639.65,100000,654.39,1376.87
1008788,106583,-22,29980.4,100000,4341.11,719.54
1007793,105092,-34,39594.48,200000,1338.78,79751.33
1006093,201429,-3,13084.41,200000,2034.4,5685.24
1006120,109964,-29,26871.71,50000,25914.38,12046.43
1001146,104337,-22,18889.57,200000,49051.14,12971.15
1006164,103158,-11,9393.67,50000,6158.07,3345.55
1008868,107722,-4,14737.07,100000,8619.17,9658.59
1000433,104473,-28,82788.74,200000,4121.79,24696.13
1003213,108098,-31,10312.32,200000,9312.62,31355.69
1005279,101691,-8,23069.15,100000,2254.56,1141.27
1004640,106389,-2,97172.68,100000,7064.23,34526.6
1009775,101867,-15,7647.75,200000,988.55,6509.81
1009116,101788,-34,98966.75,100000,4178.62,23085.36
1001239,102102,-32,21805.84,50000,1545.98,1289.43
1002653,104257,-19,183331.93,50000,505.37,6816.76
1005119,100232,-32,127995.1,200000,5296.35,2854.79
1004059,102337,-34,61178.23,100000,15725.2,22176.33
1007647,200904,-16,124919.73,100000,2654.97,28707.51
1009472,106642,-4,24425.04,200000,3683.46,1346.54
1009611,108299,-11,127775.84,200000,3486.0,4880.82
1001201,108069,-17,15663.47,200000,271.12,22605.6
1004728,105894,-33,74276.28,50000,7875.22,28092.37
1008565,201861,-10,154198.21,200000,2383.23,10521.5
1008996,109536,-35,35434.53,100000,14161.06,614.32
1006780,104974,-32,50231.48,50000,5407.96,1686.42
1004368,103413,-22,17740.86,50000,904.68,8032.06
1009831,105708,-17,46668.48,50000,37.53,37316.01
1003299,109160,-6,33471.69,50000,11849.47,1510.84
1004901,109076,-17,173209.68,50000,4870.9,14451.69
1008610,201572,-25,197634.17,50000,24214.89,35622.32
1000735,104840,-33,66907.61,50000,2467.67,23103.56
1009750,103997,-24,3114.37,200000,7643.09,9400.09
1007122,102485,-18,35641.46,200000,7631.53,20233.97
1009663,106853,-28,732.66,100000,11249.25,21908.62
1006585,201721,-31,161618.12,200000,2571.21,36792.43
1009882,107193,-5,92260.7,50000,4090.53,9426.55
1004250,201530,-18,20077.69,50000,5386.99,11654.88
1000321,101147,-14,19712.84,50000,55575.42,2506.61
1005379,106451,-5,242291.44,200000,923.5,4521.56
1006479,108873,-30,55462.2,100000,7641.93,1103.89
1004225,201251,-20,3541.4,100000,128.43,5117.78
1009530,103340,-16,78936.95,50000,5800.37,28036.95
1006932,108995,-26,4640.96,200000,9030.89,5473.31
1004915,105998,-6,39151.09,50000,5990.8,7554.91
1005450,109101,-1,4204.94,50000,11518.38,2327.37
1006092,104950,-5,54833.74,200000,2651.54,31105.8
1003546,200178,-21,12673.17,50000,8791.86,64551.96
1003274,109339,-25,99924.63,200000,7487.41,6162.84
1006432,105183,-22,26519.67,100000,7166.62,320.43
1004699,105379,-33,38108.81,100000,8969.63,2324.07
1007804,104300,-28,6945.43,200000,4598.8,6654.3
1009234,104984,-15,174032.34,100000,10824.77,15177.28
1002471,100842,-14,28573.9,200000,3879.33,7959.65
1006278,201071,-20,8908.13,200000,2119.19,32519.14
1005565,108228,-1,167263.91,200000,4393.06,18633.14
1000475,109460,-13,12257.71,100000,9540.82,5276.93
1005571,101251,-22,113612.15,200000,31485.61,6389.1
1007806,102785,-26,135713.83,200000,14624.37,55545.87
1006178,101828,-3,2795.21,50000,15899.44,5230.3
1003390,109743,-2,83448.0,100000,30851.34,5718.04
1006903,100299,-32,518.34,50000,2531.86,23697.2
1004307,201679,-35,141294.7,100000,5759.89,17966.37
1004987,109557,-30,2842.19,50000,11412.67,2910.35
1001780,200518,-25,8354.35,100000,5550.56,3282.41
1000760,103165,-27,12393.15,100000,1702.69,6212.81
1008732,200097,-26,64187.15,200000,6407.74,5154.0
1002149,107762,-35,6590.92,100000,6391.05,19872.63
1009579,105374,-17,249672.59,200000,34464.17,8334.1
1005042,106038,-6,4578.94,200000,8863.3,5076.55
1009551,109409,-33,8977.33,200000,13125.15,724.82
1005401,103593,-2,55364.09,50000,31962.41,37960.1
1009903,104913,-16,214585.49,100000,9450.66,2257.87
1003189,106720,-35,29735.92,200000,2635.13,2130.43
1001109,108915,-2,38549.11,50000,5937.29,2078.28
1000879,104610,-31,46100.44,200000,13528.93,20248.72
1005178,100232,-20,106362.44,50000,3881.34,1765.02
1005266,200511,-15,32385.97,100000,6443.04,5.47
1006867,201185,-7,14857.47,50000,2911.77,32947.0
1002129,101994,-11,123970.42,200000,2971.6,32268.78
1004632,107486,-21,72248.24,100000,890.75,26989.3
1006330,109342,-5,3086.77,50000,8628.33,1538.63
1000384,100277,-28,14128.72,100000,2901.36,2180.69
1001574,109263,-29,89118.83,200000,762.64,7359.7
1009841,200477,-32,137468.2,200000,11744.56,2180.58
1001013,106748,-26,2695.73,100000,3257.36,13828.11
1004400,106540,-32,83774.24,50000,11227.8,53194.46
1001041,106821,-25,31922.57,200000,1668.33,1337.75
1007831,108743,-10,15124.44,200000,7598.43,20467.68
1009405,200291,-4,2751.38,200000,4996.64,12249.94
1009315,106576,-25,11964.55,100000,2406.75,6431.8
1004965,200054,-21,80310.75,50000,25612.63,9786.01
1008380,105863,-14,5462.04,50000,6746.28,12922.2
1006091,104712,-20,68210.42,100000,3200.58,19597.83
1005804,108099,-32,3328.48,200000,1119.63,56884.02
1007658,108726,-7,8153.83,50000,729.96,20401.4
1007626,102106,-29,71999.38,100000,21945.26,11255.98
1006674,201432,-26,53315.11,50000,19600.12,21521.5
1003464,109539,-7,158671.54,50000,1745.02,13498.14
1000911,105875,-4,27239.07,200000,32509.98,25630.45
1005966,109928,-29,49148.16,50000,8388.22,11810.7
1003810,108086,-21,73037.99,100000,3266.45,15896.35
1006183,108828,-20,44218.95,200000,996.69,9524.21
1002107,106156,-34,56191.37,100000,10575.27,11925.69
1003922,107661,-35,154881.5,100000,12801.26,18166.57
1008207,107884,-28,7420.94,50000,6168.72,11966.14
1008156,200181,-6,17327.12,50000,1103.45,17409.56
1003517,101240,-21,21240.39,100000,1113.78,15846.65
1002993,105600,-16,52019.39,50000,17227.15,9995.83
1006470,107983,-5,2626.98,200000,5465.96,1633.93
1006244,106418,-13,35672.74,50000,20149.39,12730.35
1006899,106447,-35,13997.22,50000,387.58,6137.59
1005322,106028,-21,349669.03,100000,2244.44,5611.87
1004549,106662,-28,19763.37,100000,2177.41,4755.6
1002344,101041,-14,19994.44,100000,9689.19,46317.06
1002970,104951,-16,120108.01,100000,3013.62,17302.27
1007391,200975,-26,35983.41,100000,6725.8,23547.95
1002117,200960,-2,34801.51,200000,14756.31,55920.75
1006097,109558,-20,95936.27,200000,9130.45,5269.71
1007465,107212,-18,34474.84,50000,20441.51,2383.04
1005412,105287,-12,11072.12,200000,23539.76,10410.51
1002980,105575,-25,132423.82,50000,6981.15,3766.55
1007362,106652,-32,37896.7,200000,4543.46,14256.13
1006880,103791,-6,14311.76,50000,46907.69,7559.79
1002631,101939,-24,32344.8,50000,3126.09,1934.59
1008917,107545,-14,117477.48,50000,3786.38,12854.57
1004327,103547,-24,33794.41,100000,5240.03,17955.6
1001361,102407,-15,33537.74,50000,12328.99,30296.17
1004170,103088,-15,45614.45,50000,291.18,1242.61
1005120,107987,-32,64301.73,200000,4056.38,15594.01
1005780,106728,-31,43582.54,200000,22533.16,3208.01
1007660,201712,-18,12146.61,100000,11606.88,3602.16
1009882,107193,-18,47927.17,200000,5018.37,5299.04
1007704,200778,-12,72286.53,200000,12624.03,10513.28
1002027,103783,-4,61540.58,100000,12018.99,1495.35
1003072,201158,-18,178414.4,200000,10368.87,7680.75
1000770,102241,-19,186077.87,100000,22184.45,16270.4
1007734,102747,-21,5784.17,200000,3623.35,42156.3
1008963,102131,-26,22820.93,200000,11074.34,41410.35
1009412,103600,-23,16630.61,200000,17230.36,4232.19
1007209,200876,-18,82515.37,200000,19324.06,39086.95
1003948,108636,-14,51799.47,200000,3619.22,5108.26
1009881,100887,-13,87791.92,50000,29923.14,21095.24
1005795,105494,-7,31708.25,100000,26346.58,64165.89
1008499,103040,-9,83326.14,100000,31485.3,4889.33
1001159,103771,-34,6392.24,100000,2503.89,12476.09
1008367,101587,-15,18679.67,200000,2510.57,5607.59
1001022,201780,-22,21820.6,100000,2131.47,1645.48
1001808,107935,-18,69498.82,50000,1818.85,3179.25
1001330,107181,-12,25884.67,100000,13161.12,11361.75
1007015,100693,-29,22651.49,200000,10301.41,12579.86
1001251,200709,-32,120425.37,100000,13872.05,9310.42
1007348,105564,-9,36018.73,200000,879.05,1752.26
1001524,104439,-2,105894.41,200000,12304.28,14125.61
1003239,106722,-32,12985.1,100000,10078.8,1710.25
1008814,102448,-16,6549.38,50000,4848.14,21582.72
1009521,106190,-29,28144.7,100000,15625.12,15210.69
1005636,100120,-8,16582.3,200000,39547.17,7688.55
1002624,101300,-15,62280.96,100000,17118.17,5644.0
1002341,107070,-35,58312.75,50000,35026.54,26288.08
1001624,103661,-29,23596.1,200000,6447.3,38938.1
1009462,201252,-16,42269.58,100000,25805.98,20811.92
1007472,108661,-22,43156.74,50000,4928.56,26364.7
1001281,200666,-24,94300.74,50000,16250.38,1632.93
1005094,107892,-14,274840.27,50000,17607.03,36456.25
1003068,109432,-6,87612.88,50000,1900.09,11281.2
1009221,107893,-14,5183.59,100000,2672.69,21224.65
1000729,106566,-10,16830.76,50000,2476.94,24137.12
1005328,101732,-9,37305.43,200000,57069.25,51156.72
1001830,105901,-12,28109.5,50000,32118.16,22417.1
1005671,106410,-30,33405.93,100000,812.39,1567.18
1008621,106343,-21,17739.04,50000,16202.3,26.57
1004374,200108,-9,185223.61,200000,8203.62,18139.86
1006679,106695,-17,53042.41,100000,50374.04,9198.61
1006286,201384,-12,54152.95,200000,6031.21,12318.51
1002429,102186,-35,129613.52,200000,5583.4,1431.84
1008605,101141,-15,116578.45,200000,14355.9,50179.01
1004394,200812,-2,26376.52,100000,3099.22,9062.08
1005746,200129,-16,156823.53,200000,3003.42,22542.92
1003286,108286,-15,84096.69,200000,19331.66,1339.1
1003862,100694,-21,32339.86,100000,3937.22,14638.4
1008641,109481,-29,11769.55,50000,1424.6,5433.31
1005203,201418,-20,16408.68,200000,2230.48,8766.64
1003051,108135,-12,17307.23,50000,7066.7,50963.44
1006524,109896,-13,8127.85,50000,5519.06,3552.85
1008842,105065,-11,71825.36,100000,17955.7,227.94
1009676,201209,-27,8219.61,50000,15204.59,526.13
1009117,102161,-5,7149.52,100000,14706.44,533.51
1008113,108008,-35,15649.81,100000,16118.43,5616.73
1000766,201012,-1,15284.01,100000,9825.27,11233.6
1005030,109587,-8,13851.38,100000,997.35,3939.05
1000171,108406,-2,98726.98,200000,2374.21,2485.41
1007501,103069,-22,29373.12,100000,33.79,18292.42
1002110,108851,-35,3463.21,100000,7865.97,2486.72
1000602,106771,-9,31785.38,50000,13587.89,11212.48
1003949,104758,-3,71579.63,200000,1863.44,3335.25
1000139,108200,-25,8778.52,200000,79.54,21146.95
1006886,200875,-23,20258.07,200000,20261.56,19800.28
1008113,108008,-31,84679.51,100000,7592.54,12715.49
1007250,109369,-10,85135.36,50000,2903.43,21244.47
1000744,107328,-18,74744.72,100000,4768.75,2454.43
1004632,107486,-7,17495.09,50000,10912.23,64568.74
1002461,106671,-16,16073.74,100000,26720.56,15790.41
1007848,109871,-25,53155.19,200000,19456.0,8928.9
1001287,105832,-11,24021.76,200000,8691.88,8062.68
1005272,108255,-2,69058.77,200000,2062.34,3846.16
1007352,101120,-35,24502.5,200000,8391.13,39315.74
1008038,104594,-17,24523.01,200000,533.79,25387.64
1007757,201314,-9,1007.93,100000,11931.32,253.36
1002614,101584,-12,9907.65,100000,3620.8,4536.1
1001519,104754,-18,13483.56,50000,1644.87,9215.49
1000150,105253,-4,1602.82,100000,2261.28,8772.23
1006668,107455,-28,19651.6,100000,3731.52,9984.14
1000424,103042,-5,5055.98,50000,5952.9,7371.55
1009778,102081,-13,33887.42,50000,8702.79,6047.08
1003346,108954,-25,59046.57,200000,339.99,404.15
1002491,200152,-32,21043.63,100000,4254.3,9064.68
1002567,107425,-13,10103.11,50000,3230.12,4774.2
1002287,108954,-5,23733.79,50000,4742.97,1450.32
1001947,200211,-16,4810.3,200000,8246.01,1564.91
1006130,103211,-21,171.04,200000,30537.72,4523.98
1001117,100081,-5,164292.41,100000,11799.64,5901.75
1007153,201414,-11,23827.05,100000,30113.35,5721.43
1000459,105930,-21,30996.99,100000,13229.13,24648.29
1008552,108720,-15,36582.37,200000,13745.83,13789.18
1005332,102050,-20,42237.67,100000,593.65,5072.88
1003215,109302,-1,13799.69,50000,11300.03,13829.34
1006253,107383,-34,550.81,200000,949.02,6152.49
1000745,109363,-35,132534.7,200000,27346.67,34306.57
1007443,107809,-29,42400.12,50000,6678.04,3152.48
1001560,102249,-19,2529.35,200000,3996.45,1089.41
1006212,101940,-3,70946.1,100000,8030.58,11485.24
1008731,104285,-8,16916.36,100000,8731.48,10428.1
1002580,107902,-20,18556.2,50000,15635.81,858.38
1000027,101282,-35,31367.32,100000,4011.57,408.88
1003626,101769,-25,89697.7,200000,4153.94,7711.21
1009445,101463,-3,15336.84,200000,17206.24,10842.58
1006918,108581,-26,1650.6,200000,5935.06,46480.02
1005546,100943,-23,6641.23,200000,1086.9,18500.83
1009710,104052,-7,51832.62,200000,10409.57,93.62
1006945,103288,-16,8386.0,50000,512.33,21039.46
1008612,105024,-24,49664.24,200000,16603.29,15958.84
1007744,108143,-28,220659.6,200000,10580.3,23238.4
1008150,201887,-35,16415.89,100000,6574.99,44736.51
1005612,108368,-18,46752.62,50000,24782.49,7009.08
1009171,103260,-30,24330.6,50000,33861.25,4532.82
1000674,200954,-2,4392.96,50000,157.41,31000.68
1001869,104786,-29,14667.3,100000,6567.76,9211.83
1001294,109117,-3,107840.1,50000,7512.9,5504.28
1004240,108399,-14,64348.73,50000,4271.51,15311.7
1007535,101966,-1,442.0,50000,17426.32,2625.17
1005257,107162,-6,39039.64,50000,262.11,12713.87
1003299,109160,-16,35933.09,50000,4877.37,7625.98
1009470,100278,-15,2216.39,100000,3644.28,900.71
1005264,107333,-6,11871.36,100000,33815.45,11523.96
1001421,107946,-17,5863.35,100000,1896.29,3579.58
1008595,201730,-31,1877.09,50000,3997.3,19762.07
1008168,103210,-24,12601.48,100000,5410.34,1719.79
1008107,100924,-2,11611.79,100000,8484.86,6730.17
1002843,101733,-29,72916.21,200000,787.24,10447.3
1005812,103709,-27,40754.6,100000,2093.84,8275.9
1004796,104918,-3,21296.12,100000,2216.63,5097.64
1008481,100585,-32,127016.51,100000,1090.87,4316.54
1003895,105769,-11,29060.71,50000,40034.54,24977.27
1005086,102183,-19,12827.62,200000,4565.44,9468.7
1005395,200630,-9,55706.71,100000,22423.58,19619.44
1003954,102929,-31,33847.27,200000,3228.87,3733.13
1007736,109345,-22,17152.79,100000,3004.62,12181.53
1001519,104754,-30,142718.39,200000,3836.05,4529.18
1005147,200620,-8,69479.99,50000,5549.85,18982.34
1001879,101040,-19,11375.31,200000,4016.91,43066.02
1004392,200964,-24,17286.0,100000,725.86,18867.89
1000933,200538,-7,16772.93,100000,10354.16,2493.25
1003194,103756,-19,137927.82,50000,5255.02,20543.47
1000618,107727,-25,2483.11,100000,9958.61,19282.2
1002035,101644,-33,61696.55,100000,2446.85,3106.82
1007097,107241,-8,172880.25,50000,3911.73,45960.66
1007265,101900,-4,79414.46,200000,33157.85,13381.29
1001507,101730,-17,75276.96,100000,1072.41,23145.8
1000444,100650,-30,26567.07,50000,5222.18,26022.23
1005562,108218,-3,74551.74,50000,8815.94,3083.66
1001311,101796,-3,17511.2,50000,2150.15,416.13
1008578,102385,-29,83014.18,200000,9567.73,177.84
1007390,103409,-6,31073.55,100000,6074.56,22873.01
1008776,103504,-22,33174.26,100000,1373.8,7804.45
1000475,109460,-21,17916.56,200000,7624.57,39725.77
1008674,200947,-31,46142.0,50000,15663.83,15745.16
1008516,105345,-15,79159.89,50000,11026.66,16293.19
1006135,108995,-8,7369.72,100000,322.82,24635.34
1007274,108458,-29,46437.79,50000,3495.11,2654.28
1006076,103193,-17,48543.07,100000,4179.46,16531.65
1004701,106648,-13,12522.96,100000,29273.81,41628.43
1008195,103668,-14,13936.4,50000,1472.68,11390.79
1005774,104709,-18,31841.14,50000,7963.23,19806.85
1008734,103403,-3,21210.81,100000,12716.88,20006.34
1009451,106428,-31,5717.53,100000,16964.16,2806.18
1003226,105568,-17,16859.6,100000,18528.06,2655.24
1006738,109082,-33,63178.48,100000,1826.94,11274.53
1009433,103423,-32,17612.54,50000,7873.91,61156.9
1008553,101599,-21,1911.95,200000,17589.29,16393.61
1001703,102564,-26,24832.7,100000,17487.08,22727.46
1001683,107727,-30,2598.52,200000,19900.07,18878.39
1009282,106287,-35,17031.63,100000,28585.76,1101.79
1001223,105897,-33,29607.94,50000,3742.71,5745.61
1002016,201391,-5,5712.69,50000,8686.12,7205.34
1003601,106869,-32,35664.69,50000,3553.08,15947.65
1007728,101126,-27,9406.19,50000,47599.97,36594.57
1004147,104069,-22,12995.18,200000,16287.15,1220.54
1009462,201252,-16,9094.4,50000,9403.9,81266.08
1008632,109579,-31,8372.31,50000,16421.98,639.05
1000355,104267,-22,89365.23,100000,6603.01,16219.37
1001650,103222,-11,33871.0,200000,14424.72,35096.92
1002068,102757,-15,68438.69,100000,10667.81,8956.23
1005957,100768,-11,46301.51,50000,1073.25,10398.9
1008953,108049,-7,2175.11,200000,13040.38,17290.25
1005615,104311,-10,9138.07,50000,8713.01,18713.61
1006784,104110,-14,16004.37,200000,3458.91,12013.91
1003263,200433,-26,36132.65,50000,3504.48,3942.31
1001338,201747,-13,15678.13,200000,14697.39,371.36
1003070,104186,-19,113039.36,100000,11712.19,24225.44
1001327,109925,-20,7167.69,100000,9707.13,4323.89
1004979,109833,-4,25336.72,50000,10671.3,12372.33
1005442,107519,-20,74447.63,100000,11256.48,17842.03
1002466,103417,-35,104444.8,100000,7023.83,39358.88
1003510,103005,-31,4859.23,50000,9090.6,10585.39
1003086,101665,-20,68057.97,100000,6195.3,2849.66
1002685,107166,-33,46172.51,100000,13347.66,41615.05
1003001,106833,-11,10551.11,100000,3261.46,23457.86
1004890,107959,-26,15218.55,100000,9682.47,2555.84
1008450,201060,-29,98613.08,200000,1214.05,45350.64
1001815,107830,-12,1189.68,50000,5397.02,9475.9
1009124,109194,-14,63196.37,50000,82.92,8668.29
1001175,104422,-4,31651.76,200000,7564.53,33855.56
1008787,102349,-27,3011.52,100000,17021.12,3728.56
1005753,100176,-10,53597.28,50000,24950.06,651.85
1004695,103568,-8,4907.56,50000,21252.4,3964.19
1008390,201600,-1,15841.91,100000,12926.74,53416.78
1002186,100015,-8,144187.18,50000,3662.88,1445.16
1006389,106457,-17,66939.13,200000,3990.59,9341.63
1005636,100120,-2,51369.17,200000,470.8,9978.42
1006833,200845,-19,81649.21,50000,3927.13,4128.97
1007922,106254,-22,103360.46,200000,55039.32,11315.75
1007217,103786,-29,2436.86,100000,7261.08,5977.68
1001504,201818,-26,30139.72,100000,10922.59,26473.39
1008414,105175,-12,9373.35,200000,591.56,70743.2
1009925,108052,-9,72422.68,50000,5827.75,33708.95
1001177,200729,-5,91259.1,100000,10694.7,16229.31
1005031,101982,-31,19779.86,100000,5249.29,8238.55
1008682,200919,-15,26557.94,200000,24803.92,12596.16
1002841,105637,-32,25647.45,100000,1519.43,1660.16
1002407,106933,-11,26448.9,50000,2458.8,42954.9
1000878,101826,-3,97677.91,100000,49973.6,11780.27
1006059,109600,-7,16596.96,100000,36614.02,52911.92
1001099,103559,-22,25214.07,200000,1201.93,15688.31
1005856,200299,-9,75496.81,50000,9652.37,2721.78
1006705,107100,-17,10109.45,100000,1217.61,2239.08
1007075,109413,-11,37566.63,200000,4217.93,26239.06
1008801,103129,-13,86020.48,200000,1443.41,19696.3
1000042,108572,-24,101090.47,50000,6291.71,11542.16
1003088,101257,-27,68338.09,100000,3324.97,16069.03
1005350,109751,-6,53507.82,50000,182.36,56512.42
1002197,103218,-32,23833.39,50000,5081.48,9950.46
1005150,104507,-25,6459.93,200000,1560.91,45859.52
1002424,101073,-11,17908.07,50000,3279.33,323.71
1007667,107712,-10,1982.77,200000,44451.69,9028.47
1006650,100395,-19,11857.01,200000,3356.02,484.81
1002622,106908,-22,79064.13,200000,10410.33,38937.51
1001642,104519,-17,6719.57,200000,2964.67,11872.31
1001284,200624,-4,2404.06,50000,7863.19,16548.82
1008468,106717,-10,11501.11,200000,2312.71,18233.2
1002031,106672,-24,75006.78,100000,2912.53,9596.72
1006681,105761,-12,10579.66,200000,2902.46,10017.04
1009363,106773,-23,6064.97,100000,1751.79,8929.32
1005323,106663,-21,68480.25,50000,4813.25,51508.74
1001455,107537,-30,33143.4,100000,3608.62,11161.43
1007428,109147,-14,48339.08,50000,3311.9,3856.7
1003016,102849,-7,30928.5,50000,12724.21,33909.29
1002619,104270,-12,21476.83,50000,12240.3,61769.65
1008944,107693,-15,180362.47,100000,16254.12,9133.41
1007214,106987,-16,20937.56,100000,33376.73,29043.77
1009176,200761,-26,141501.07,200000,9865.82,2134.62
1006927,103530,-20,124486.56,100000,17697.09,1414.94
1000361,102302,-12,74963.3,100000,18447.12,2770.69
1000384,100277,-34,2669.43,100000,8519.78,17095.42
1009638,107135,-34,43440.5,50000,4247.22,7441.12
1008732,200097,-2,1632.96,50000,12990.74,11327.76
1000485,100311,-34,110831.55,200000,24374.2,44516.95
1000336,102457,-23,142647.63,100000,5806.48,5157.9
1000150,105253,-9,35598.03,200000,6431.58,85032.88
1009235,107010,-20,22009.23,50000,5819.91,7367.12
1002563,104578,-11,16617.17,200000,10735.39,19367.46
1003993,101056,-30,43695.39,200000,26655.54,2519.04
1004316,106916,-32,146820.53,50000,6526.11,71.09
1008091,104988,-22,20243.08,50000,798.86,37087.31
1007091,107884,-11,24099.23,100000,21837.81,5444.21
1007992,106541,-11,9081.37,200000,36588.26,11656.37
1001029,101391,-11,115255.2,50000,6790.49,19944.91
1006116,108389,-2,25865.3,200000,4225.28,19559.18
1000591,105538,-34,44302.22,50000,19347.68,9529.19
1001896,102807,-33,128018.32,50000,2457.49,314.9
1001532,101226,-18,817.35,200000,376.06,59.78
1002052,108972,-9,107363.1,100000,12292.56,24817.06
1004468,109281,-8,13045.5,50000,3697.08,17895.02
1002019,200534,-28,60041.52,100000,8298.84,14590.16
1004292,109209,-30,92553.92,200000,3736.24,4522.54
1006721,104434,-12,55216.44,200000,19942.78,9748.69
1007190,102808,-9,106621.61,100000,5900.23,8275.3
1004042,109341,-2,90023.9,100000,1621.11,8154.98
1007140,201288,-24,15186.01,50000,10925.89,28347.24
1006075,101693,-13,71148.71,100000,934.72,2454.47
1002709,100691,-31,1963.2,200000,33631.16,3806.12
1004071,201660,-5,146479.27,200000,335.73,4168.35
1005554,107247,-33,32531.2,200000,6601.07,65430.91
1006054,105349,-13,13810.38,50000,11092.45,3412.86
1007901,105307,-17,12942.61,50000,12317.83,97.05
1007414,103236,-12,26399.51,100000,22487.81,1034.21
1008298,106276,-25,65010.02,200000,45.81,18454.58
1007922,106254,-5,2727.35,200000,262.84,26441.41
1000700,105195,-18,22710.4,200000,7591.86,24224.37
1006222,100463,-32,1362.61,50000,2891.05,45006.69
1008204,200682,-13,44505.83,100000,2524.81,19020.58
1001507,101730,-32,80705.35,100000,3845.47,7284.8
1007343,108087,-2,55351.39,100000,11653.29,14195.47
1004912,100591,-19,12358.71,100000,63932.0,100.1
1009141,106887,-6,50458.05,100000,1188.78,1006.21
1006695,100990,-29,111053.63,50000,21419.47,2500.03
1003293,100128,-16,12685.97,50000,6083.86,5661.22
1001300,100326,-31,9037.86,100000,1810.23,9317.48
1007886,100587,-31,73216.27,100000,9757.65,16899.3
1006349,103042,-7,117704.78,100000,5007.96,42001.82
1008843,109813,-5,39656.11,100000,2580.42,30696.49
1003916,106701,-29,34738.58,100000,17875.4,14128.85
1000076,105211,-26,59798.7,50000,8662.0,8025.74
1003673,201395,-10,18764.92,50000,12291.25,14152.86
1002151,105014,-34,61514.37,50000,21492.67,4170.64
1008460,104300,-22,12452.06,200000,16049.83,356.65
1000606,108832,-30,4160.68,200000,7678.06,1263.45
1006188,104954,-11,23129.52,50000,6357.55,10545.97
1003443,103048,-18,69271.53,50000,7721.18,17343.62
1003168,109915,-10,92299.86,100000,888.5,13281.23
1004829,105351,-34,31965.21,100000,34714.46,4683.04
1001349,200409,-9,54137.36,200000,2345.81,9638.72
1009532,103418,-11,6784.14,50000,6424.51,11763.87
1001515,102678,-5,76471.72,200000,3786.07,30876.58
1007637,102824,-27,151130.46,100000,16515.72,13053.24
1005148,108440,-17,9729.02,100000,3822.77,8874.19
1005707,104165,-24,92314.82,200000,22175.82,8925.94
1004861,101188,-29,14592.63,200000,5636.92,3101.77
1004079,102675,-18,54895.44,50000,3610.68,2382.79
1007084,201643,-30,31050.54,200000,5711.38,8325.7
1001591,103097,-18,64011.04,200000,726.12,24367.57
1001019,103492,-29,65558.52,200000,12376.12,13015.78
1005974,101736,-13,32248.0,50000,16018.34,1283.73
1003009,103747,-23,25259.67,200000,12028.15,30569.12
1007533,108523,-21,113814.61,50000,10212.64,3471.18
1002913,105249,-16,33023.32,200000,5898.9,26144.67
1004485,102260,-24,76437.5,200000,1575.12,10434.42
1006034,102899,-30,1378.27,50000,237.77,13256.04
1005537,101651,-10,519.35,50000,11265.43,8371.8
1004337,103556,-10,743.11,100000,20043.15,21231.3
1005596,200338,-26,34975.97,100000,22760.17,15162.67
1002018,104252,-26,8770.42,200000,8188.52,1588.83
1003810,108086,-17,11412.43,50000,4199.96,4817.03
1005263,100800,-3,8071.28,50000,9815.32,49544.5
1002570,108010,-22,54557.54,50000,4858.65,17287.27
1005951,106045,-14,84212.97,50000,4134.46,2984.38
1001927,106860,-22,44655.43,50000,771.93,380.76
1000753,103069,-24,29054.36,100000,3659.34,2493.82
1002633,105092,-20,135971.3,50000,12216.87,114115.6
1009898,201459,-19,15832.36,50000,7438.76,42912.55
1003101,104208,-17,52727.18,100000,3063.19,1676.6
1008172,200636,-14,3209.22,50000,11628.3,8084.59
1005980,107183,-25,68737.73,200000,1109.0,23060.72
1007238,103152,-6,160028.28,100000,13100.16,14188.18
1002919,108622,-3,23395.63,200000,31633.68,1496.85
1003632,104880,-2,11466.81,50000,882.29,35611.47
1001010,102880,-24,17443.52,100000,5312.14,29607.51
1003371,108608,-14,19821.65,100000,383.32,1569.84
1007672,108719,-11,32610.05,100000,10127.77,916.38
1005230,201670,-20,588.06,50000,12986.38,9246.61
1008548,101994,-35,32706.22,100000,6055.36,21228.47
1002464,108006,-22,77948.51,50000,606.94,1373.65
1007412,105218,-33,19204.49,50000,2889.92,18681.67
1005853,106597,-13,94720.95,200000,4353.81,1246.68
1006202,101297,-25,19195.44,100000,12804.05,21462.5
1003707,108535,-2,55259.4,200000,12708.4,2795.35
1005950,103671,-24,57570.08,200000,6245.8,15140.4
1004125,107350,-13,127969.36,50000,205.96,14927.01
1009367,109083,-19,65484.54,200000,14650.15,6199.8
1002571,104004,-13,127341.62,200000,2987.94,15202.21
1009287,109132,-22,126926.33,100000,1845.33,1560.55
1009767,104903,-12,32022.55,50000,30066.86,736.18
1006102,103095,-16,8207.68,50000,6295.14,16731.49
1008267,103081,-10,88624.57,200000,1888.88,16015.89
1006596,108240,-33,36807.31,200000,22796.69,41277.53
1002436,104570,-1,26894.71,50000,32168.72,5400.45
1008565,201861,-17,160001.27,200000,19836.5,30980.48
1007898,103824,-13,40925.95,100000,20807.15,31696.83
1007802,109412,-5,7561.4,200000,601.61,16148.58
1009499,201849,-22,49626.58,50000,13499.13,25164.21
1001720,102640,-7,41197.81,50000,752.57,2720.12
1009111,201816,-34,95683.36,50000,3922.48,9150.1
1005612,108368,-11,183097.06,100000,47906.11,96111.43
1006934,104095,-12,27615.54,200000,4070.4,2105.03
1009524,102083,-29,52791.55,50000,16310.93,4178.04
1007223,201939,-9,137481.23,200000,7294.08,17829.56
1005982,109537,-7,8075.16,100000,24984.16,12310.47
1006566,103310,-17,1091.66,200000,21886.6,15581.5
1003989,201506,-26,28586.79,50000,17353.36,6123.98
1008460,104300,-21,38225.11,200000,14214.38,19854.62
1000940,108534,-26,6347.14,50000,32627.04,447.85
1008368,102852,-26,7172.79,50000,1594.28,13387.41
1004487,103810,-18,27675.44,100000,5449.85,5826.42
1009513,104751,-12,110215.2,100000,17092.79,5214.44
1006199,103991,-6,8290.44,50000,30104.81,9379.5
1005506,109823,-8,67371.48,200000,7291.79,60848.33
1004716,109717,-27,14484.73,200000,32451.84,15585.12
1001070,109652,-17,13252.75,50000,14952.77,3530.67
1005236,108323,-9,133174.56,100000,626.16,3103.08
1002807,103382,-17,88609.26,100000,33104.33,4363.69
1002005,102291,-35,50737.81,100000,460.23,7389.12
1002194,200379,-35,5529.67,100000,3565.35,20733.79
1000261,109606,-22,40072.71,200000,16884.76,14626.1
1005878,106285,-7,57405.2,100000,6357.42,28351.23
1006540,104749,-8,11522.23,50000,15176.82,35061.24
1005493,106868,-30,16980.44,200000,21171.65,1479.74
1001437,201200,-10,11094.11,200000,13825.93,30014.93
1008358,107305,-13,281068.05,50000,5173.32,7243.06
1000835,103243,-20,227941.51,100000,47174.33,30033.48
1008599,106167,-5,32979.6,200000,20839.48,6668.38
1005598,103669,-31,287.99,50000,684.94,13780.45
1005016,104066,-13,11977.43,200000,28123.15,44190.79
1005866,107446,-14,196961.74,200000,8262.09,8794.81
1008511,104812,-17,62185.88,50000,2854.33,16412.55
1005908,100746,-5,26158.4,200000,37185.42,37935.49
1009873,102204,-24,54617.84,200000,4482.47,10685.6
1003244,107343,-28,109352.5,100000,3858.75,10673.32
1009466,101048,-18,5492.64,50000,5408.51,28827.41
1008649,107459,-26,10859.86,200000,15241.95,1219.03
1000935,103994,-28,39681.98,50000,13422.05,9221.02
1004997,109767,-21,62786.06,200000,45586.35,19339.89
1001324,104019,-9,870.2,100000,5848.47,5842.6
1001550,200225,-16,1281.41,200000,7917.5,24472.06
1008067,108511,-18,18426.17,50000,369.0,19438.12
1000961,201752,-15,76755.83,200000,1873.78,45053.16
1006038,105046,-31,85202.24,100000,4238.65,4965.0
1008982,104696,-21,41273.9,200000,21669.09,22523.16
1004274,108610,-34,7141.49,100000,7873.38,25980.29
1002550,100382,-20,4601.17,200000,4725.39,14116.32
1000799,107847,-22,6951.61,100000,27462.2,12000.26
1005601,200995,-2,73336.71,50000,1928.33,2958.58
1008697,108459,-30,9031.05,200000,2767.82,24314.47
1000965,201068,-11,212088.35,200000,5016.9,4532.08
1004112,201790,-27,33993.38,50000,2693.0,19336.11
1000272,201543,-4,98229.98,50000,4603.79,11923.17
1001829,109777,-32,98686.38,100000,13630.89,4341.04
1009432,109409,-22,11689.88,200000,19052.83,11186.77
1009320,106303,-21,41456.64,200000,1932.4,20202.42
1005485,104379,-26,11446.48,200000,775.1,9432.8
1007297,200643,-22,16083.92,50000,10135.23,1534.22
1006478,102964,-30,76955.11,100000,5013.9,7988.71
1006917,105058,-17,32631.08,50000,133.29,0.41
1008696,103672,-29,88212.18,50000,11482.76,17058.19
1006824,100027,-1,31214.33,50000,3256.33,877.38
1003985,101410,-34,108384.3,100000,4644.69,27396.32
1002306,108431,-6,6581.77,50000,11183.44,5812.19
1001329,106023,-6,27586.86,100000,4201.85,15496.59
1001214,101970,-27,835.42,100000,6418.35,30372.16
1009368,105448,-23,49109.46,200000,7498.96,13978.99
1007203,106156,-11,9540.5,50000,14693.83,24524.26
1000066,105982,-2,11018.91,50000,4269.25,1971.89
1002956,100088,-22,54.17,50000,1391.04,15476.73
1000612,107948,-2,3.97,200000,1254.0,226.93
1008909,109483,-29,22919.4,50000,6211.82,8040.27
1006951,108452,-20,29323.56,200000,1174.46,2621.6
1006779,109522,-23,76851.98,100000,4288.36,12806.16
1005400,106206,-9,195366.06,100000,10057.98,1748.36
1006576,102647,-18,111881.26,100000,1305.94,19315.91
1009491,101491,-34,58573.99,100000,1124.39,5758.39
1002123,103473,-11,142515.12,100000,15769.67,3569.96
1001254,201767,-10,85534.87,100000,31696.32,11394.33
1008027,201476,-8,7134.62,200000,44675.68,7862.26
1002986,102580,-18,41498.67,100000,3979.93,7814.98
1008165,106393,-8,7214.52,200000,3347.41,12768.42
1008642,106864,-24,98083.51,50000,59949.12,2096.11
1006360,107283,-35,26517.96,50000,11869.37,8223.74
1002519,105755,-17,126637.45,100000,16227.59,4043.39
1005306,201874,-2,25424.78,100000,12540.43,11599.75
1002682,108823,-2,5542.34,50000,1174.63,28546.22
1009851,107970,-7,29866.51,50000,4808.84,30203.01
1000709,104177,-31,91698.4,200000,19391.12,38805.99
1005001,105033,-33,12601.19,100000,4658.82,22265.01
1002251,105509,-18,44697.88,50000,9304.98,14679.82
1007944,100943,-14,8882.79,50000,3346.42,11843.08
1002883,109393,-25,106667.97,50000,30293.55,31405.0
1001551,100558,-23,22608.21,200000,74120.6,7195.02
1003982,102872,-8,228285.8,100000,2265.09,26730.84
1006936,103685,-9,5761.4,200000,11005.02,5273.01
1009263,200623,-28,78633.49,100000,2214.34,27967.66
1001317,102332,-3,47898.81,50000,30710.24,15297.69
1001895,104303,-35,68207.65,100000,50160.02,20043.31
1006620,108635,-28,8400.58,100000,7841.03,10560.16
1004069,109521,-6,90316.79,100000,35231.53,3060.43
1002147,201516,-8,32979.67,200000,4560.05,1861.5
1001649,100845,-11,18984.18,50000,13208.34,7813.9
1004772,106903,-23,1391.08,200000,32584.15,4031.25
1006384,108986,-4,128149.62,100000,2533.73,4432.78
1000186,103555,-33,381316.1,200000,15584.78,37177.23
1009021,107014,-10,22708.8,200000,7442.95,9083.28
1006472,108493,-34,80944.29,50000,1913.75,9532.0
1006905,101999,-8,20393.41,200000,8126.23,19656.71
1000360,109675,-22,53741.87,100000,424.41,2036.16
1009540,102322,-24,7185.73,50000,5900.36,7915.74
1001340,104161,-9,118712.12,50000,3973.23,10027.77
1007822,108960,-18,4527.2,50000,2642.31,513.58
1005318,107143,-17,134186.4,50000,32016.24,37353.27
1005651,107599,-6,25998.64,50000,1221.7,9227.5
1005501,105005,-13,22232.66,200000,5410.51,2322.93
1007903,108542,-11,4918.27,200000,10545.45,1289.97
1007302,107683,-17,85730.67,100000,8599.43,39770.09
1009464,108584,-5,141168.3,200000,1195.78,5614.23
1008300,100436,-26,49818.48,200000,20065.56,4930.95
1007959,101617,-22,75318.88,100000,2015.4,10325.71
1005428,101078,-2,257167.75,200000,3961.19,42135.08
1004325,108592,-13,76795.4,50000,4598.24,2125.73
1000756,105083,-9,4243.5,100000,11870.25,1472.59
1001918,101911,-33,9022.74,200000,6231.49,3088.81
1008134,107342,-17,97281.22,50000,12921.91,5556.15
1002065,106515,-9,17438.3,200000,31605.27,36824.22
1007028,102992,-26,49842.78,100000,15298.85,15174.61
1005094,107892,-6,91219.15,200000,6665.75,49353.45
1005195,104217,-24,6960.11,100000,334.0,518.08
1005238,201734,-9,45495.62,200000,3851.04,6453.34
1000286,105993,-24,29441.57,100000,8241.53,10734.11
1008876,101247,-18,1589.57,50000,3443.14,1869.69
1001676,100496,-18,24481.51,50000,1282.35,55381.84
1000318,105412,-1,22990.02,100000,2019.06,11121.55
1007197,104029,-18,38229.57,200000,4863.86,58607.47
1007024,200601,-10,104191.72,200000,15535.72,284.42
1002439,201410,-20,26408.6,100000,13063.4,4746.76
1003016,102849,-30,15338.59,200000,5285.03,32383.15
1007457,107925,-22,14377.45,100000,8817.0,7480.15
1007877,105334,-22,19099.05,200000,7084.84,179.37
1006505,103139,-4,99543.53,200000,8010.27,3277.09
1003559,109919,-1,17421.13,100000,1288.01,40816.31
1000054,201824,-9,990.26,100000,595.77,18369.01
1008474,107994,-8,4624.9,100000,1164.17,8700.81
1001422,103802,-19,6147.79,50000,4198.79,33235.82
1005021,200736,-35,26428.49,200000,1949.83,15886.58
1005418,103663,-9,16165.5,200000,9173.35,10414.43
1005011,101397,-34,50320.74,100000,2963.91,21437.0
1009978,109148,-33,175847.09,100000,1770.48,9744.83
1007717,200122,-1,22409.04,200000,35622.46,31567.5
1006385,106112,-31,8533.45,100000,11103.96,89256.1
1005563,200943,-30,29236.44,200000,6544.95,24542.58
1003680,104230,-29,24216.8,100000,3641.76,6097.44
1006916,107103,-21,43503.99,50000,146.27,12651.11
1004784,109646,-2,14764.2,100000,16565.15,10140.92
1003801,200999,-28,82868.75,50000,4556.23,6477.84
1009893,200791,-35,4648.83,50000,8408.94,5378.66
1008837,102291,-13,17444.4,200000,1003.85,2661.47
1007313,108661,-8,6186.88,100000,8780.56,2121.0
1000396,107060,-24,83973.54,50000,11759.68,16118.27
1000383,107629,-33,15305.02,200000,6752.61,6929.93
1000921,103031,-21,80209.6,50000,7071.6,39105.02
1003576,106859,-33,92718.91,100000,7779.09,15919.81
1008518,100128,-20,72418.07,50000,5417.79,13358.23
1002339,108615,-20,95272.29,200000,17032.99,5423.66
1000097,102942,-20,14364.78,100000,6346.59,19000.54
1007338,106627,-10,7749.75,100000,6957.02,287.07
1000894,101186,-24,28503.47,100000,5258.78,9492.4
1005198,102197,-24,65249.75,50000,12644.72,1197.52
1001627,102135,-9,33010.93,50000,4830.92,10989.79
1009872,201059,-13,48461.87,200000,15863.33,8862.18
1009971,108090,-34,227002.65,100000,59087.4,6299.21
1007860,109154,-5,18352.37,50000,18131.26,4948.43
1003432,102773,-34,273362.96,50000,3085.96,16316.27
1005294,104171,-16,16135.27,200000,4847.0,2492.38
1003399,108789,-24,10540.54,200000,11149.47,56727.03
1008657,106170,-19,15773.88,100000,855.56,9334.89
1005458,200002,-18,50686.84,50000,19542.65,5257.01
1002274,101444,-8,1712.59,100000,1838.73,21265.37
1006715,101388,-13,197576.84,50000,2060.58,3723.38
1005400,106206,-30,16209.05,100000,23059.6,64099.75
1003732,108744,-5,8281.29,100000,3364.82,5592.6
1002890,201871,-17,73478.72,200000,4496.04,6679.92
1004869,108296,-32,70321.96,200000,687.75,8307.71
1004854,105797,-26,43803.4,100000,19779.32,49239.28
1000855,102294,-30,49985.12,50000,3983.93,2789.77
1000118,102145,-3,89851.44,200000,1542.75,25770.51
1000147,102605,-25,56286.18,50000,7558.58,43593.16
1000344,201983,-12,34298.31,50000,17017.6,5492.72
1001984,100021,-15,3511.36,50000,35827.01,19116.62
1003489,104547,-35,152534.9,100000,87.87,22220.86
1002066,100984,-33,172679.48,50000,9268.84,30542.24
1009265,102023,-35,10256.01,200000,35943.78,26581.05
1001985,200262,-25,48510.79,200000,2554.05,13270.21
1003003,106913,-18,38582.21,100000,5161.48,3504.35
1009965,104681,-10,79717.38,100000,951.7,16339.12
1009938,100079,-11,8952.08,200000,5597.22,20349.71
1008857,201734,-6,6880.28,50000,1836.94,21892.35
1004313,106242,-35,126961.1,200000,5613.58,1549.55
1005477,201922,-33,52650.29,200000,9194.19,7195.12
1009472,106642,-22,123571.13,100000,16521.82,15944.61
1004225,201251,-14,239538.93,50000,5794.56,14686.75
1003957,109478,-35,349.41,100000,3833.84,33128.61
1001879,101040,-7,28851.42,50000,5952.72,5328.19
1007084,201643,-12,46545.44,100000,14334.89,14569.79
1002769,106900,-15,14605.46,200000,1145.78,2738.91
1007762,100136,-8,72254.19,50000,26238.69,1521.36
1009459,109785,-3,116264.15,50000,23350.77,13036.09
1007401,101574,-22,56478.0,200000,27628.46,7107.5
1000185,101927,-19,102980.4,100000,1408.63,517.41
1000282,108666,-20,27252.23,200000,4195.3,762.38
1000493,104006,-10,42030.19,100000,8009.3,71449.75
1006220,102406,-31,34947.74,200000,581.05,11817.56
1002968,103642,-21,30159.9,200000,2882.37,14345.5
1003218,201822,-18,72500.65,100000,2109.53,4443.58
1001412,105912,-16,9228.6,100000,4679.32,209.99
1002503,109147,-33,46869.04,100000,118.72,23130.93
1003040,101467,-12,11931.53,100000,40109.93,3635.39
1003200,200532,-11,28931.07,200000,1383.2,3310.75
1006750,106211,-26,2544.79,50000,3659.14,3895.66
1005642,101109,-13,83288.15,50000,11661.81,27149.9
1001895,104303,-20,566.51,100000,80.41,7366.07
1008039,108625,-16,1776.96,200000,253.86,9651.97
1002194,200379,-18,212309.46,100000,9486.87,13126.31
1006989,100807,-11,182113.68,100000,17383.9,11879.4
1007106,106744,-9,146081.3,50000,2234.58,2579.5
1009678,102174,-15,43849.77,100000,16504.45,25041.62
1003422,201600,-2,25239.71,50000,9579.76,2830.58
1001408,107419,-18,226956.84,50000,13078.58,31045.4
1006849,105206,-10,40027.13,200000,991.95,3712.01
1003117,201307,-34,67565.86,100000,4819.77,21159.38
1007686,200166,-20,4509.75,100000,208.91,10060.81
1002012,103287,-5,16126.91,50000,4240.69,321.99
1002905,201778,-19,3595.09,100000,857.4,11225.9
1008939,106016,-17,79753.2,100000,934.26,19344.85
1002662,107751,-11,32212.47,100000,1024.18,12152.43
1001979,103238,-6,47033.48,50000,4200.22,2659.5
1005945,101752,-15,10454.93,200000,932.51,12403.27
1001199,101103,-14,234.35,200000,8787.27,28410.85
1001441,100527,-8,34985.94,100000,2917.42,10271.02
1005635,107046,-35,115542.6,50000,10534.44,24635.4
1005140,107226,-30,21253.78,50000,14194.09,1678.3
1000411,105257,-28,186053.45,50000,36980.22,5030.74
1007306,109892,-10,28706.03,50000,869.65,1438.01
1000399,105980,-30,48513.08,100000,6788.53,18235.67
1009566,104288,-1,87544.18,50000,10828.55,18476.86
1000889,108621,-7,35752.18,50000,17362.11,822.79
1006327,109387,-19,101486.07,200000,1506.54,320.11
1009804,100893,-9,13740.62,50000,7422.08,8738.7
1007466,105358,-30,68178.98,200000,31623.66,10102.06
1006980,105770,-15,105550.38,100000,1637.24,2200.49
1002925,101726,-18,6068.0,50000,3066.15,10556.42
1006254,108728,-28,2851.74,200000,17402.06,31246.55
1009210,102194,-15,15492.96,100000,176.68,2823.86
1008081,109174,-16,1574.73,100000,18179.47,2952.57
1002131,104808,-25,66313.25,50000,7192.41,5673.52
1005201,102063,-2,50931.08,200000,20604.35,38770.22
1001899,100685,-11,28966.81,50000,1069.31,35153.9
1004459,200067,-1,106357.52,50000,6470.6,2735.32
1006787,201393,-18,98120.67,200000,1484.04,15023.04
1001181,105395,-10,304.99,50000,73.39,19555.48
1006188,104954,-22,83718.02,50000,12453.42,1887.15
1005959,102604,-35,10437.06,200000,3104.99,18429.96
1001694,101592,-6,100070.34,200000,7319.69,10193.54
1000336,102457,-2,1335.89,200000,896.89,2872.93
1007527,201100,-11,29392.98,200000,20.23,2587.4
1009833,105274,-18,54060.81,100000,8688.7,38192.94
1002465,105420,-26,8699.8,50000,15027.33,5127.41
1009456,104108,-35,1913.7,100000,177.22,11267.56
1001201,108069,-3,143877.17,200000,2196.14,13588.02
1005296,103451,-26,27003.32,100000,18788.84,5392.61
1003205,102033,-9,2935.61,100000,101.16,9874.13
1002305,108759,-24,1266.67,200000,8903.44,8231.23
1001489,107928,-3,20105.44,100000,7899.11,6942.84
1004854,105797,-25,42531.96,200000,17253.57,16593.21
1004384,106090,-29,35126.42,50000,2270.82,3053.53
1002536,103952,-4,143500.38,200000,4230.48,815.24
1009723,108737,-19,92742.13,50000,8788.08,21948.8
1007533,108523,-11,40093.54,50000,3004.27,8502.96
1004721,104879,-25,89369.74,200000,1541.57,638.48
1009233,102786,-11,597.65,100000,3784.39,73646.74
1008256,108108,-10,100124.16,100000,10419.06,1723.17
1000286,105993,-10,21424.0,200000,2289.14,10876.1
1009813,201370,-32,79879.73,100000,7685.44,5508.39
1008528,105920,-32,8825.23,200000,8947.62,8794.59
1008526,107441,-26,112262.76,200000,63601.76,35800.85
1005776,201164,-9,72154.76,200000,856.41,20655.75
1006149,109942,-3,298.7,100000,9530.98,44846.09
1008328,103401,-34,34137.09,200000,8503.17,11048.51
1000434,201699,-29,17893.84,200000,7718.24,15969.17
1006478,102964,-33,86433.11,50000,3191.81,6242.54
1006153,106379,-30,46145.72,200000,26691.94,14683.18
1004127,103902,-4,157841.51,100000,14183.44,35472.6
1005032,200371,-13,33992.53,200000,1482.77,5928.45
1004001,103320,-8,79947.87,50000,34440.16,2253.1
1009551,109409,-1,21008.75,100000,9837.37,31791.69
1003795,103460,-19,51910.34,100000,14.01,5219.03
1000233,102513,-8,52139.28,200000,9093.73,12564.16
1008042,104442,-30,1366.2,200000,5586.23,9880.58
1004029,103230,-12,25660.45,50000,1964.62,915.3
1002093,107350,-22,54714.42,50000,76897.29,3560.2
1007963,102387,-16,16690.65,100000,15060.3,7913.74
1007316,107353,-34,23903.59,100000,21976.64,27727.25
1000317,109165,-16,1623.4,100000,31074.73,10077.18
1002359,102923,-1,9453.8,100000,7363.33,1887.08
1009509,101142,-19,127470.03,100000,1056.67,5601.48
1001970,201304,-23,37169.92,50000,12165.54,7703.9
1005556,107024,-13,5419.8,100000,2650.3,330.66
1002102,109956,-24,1400.22,100000,10184.65,21680.93
1006812,103581,-6,13147.27,100000,15776.19,28103.73
1001736,200845,-12,26027.03,50000,5496.15,138.76
1004839,102709,-24,9185.13,200000,1015.91,7923.08
1007758,109351,-3,6150.96,200000,5237.66,10839.14
1004892,200205,-13,57748.32,200000,8604.34,23174.16
1005456,100208,-34,13689.42,50000,9420.92,74405.95
1009615,200429,-11,9559.7,200000,568.61,15793.57
1005198,102197,-28,123299.6,100000,26778.41,10055.44
1008013,201533,-1,26360.02,100000,3502.91,14737.33
1001476,103491,-9,41637.63,50000,19243.43,14864.1
1002426,106425,-11,29688.73,100000,59800.64,32934.45
1001052,104392,-33,12167.68,100000,5705.54,14881.23
1008969,108817,-10,37912.03,200000,14442.0,15418.56
1002654,100386,-14,7450.56,50000,1240.73,9459.32
1007203,106156,-5,117708.64,100000,19359.72,4269.54
1003422,201600,-1,20193.98,100000,13098.91,9252.5
1007145,106301,-1,28244.03,200000,12052.85,2401.1
1001411,101542,-6,35363.54,200000,9395.8,6889.71
1000710,200017,-27,47816.35,100000,7160.44,5527.52
1002544,101827,-21,75561.9,100000,5967.87,20277.25
1001329,106023,-5,56565.72,50000,7192.38,1175.65
1000295,105972,-27,50516.69,200000,3849.45,33156.55
1004038,105128,-28,1941.99,200000,30075.97,36308.81
1006861,109101,-19,7663.38,50000,4277.51,14808.01
1007816,106396,-18,25847.89,200000,14691.3,327.51
1006733,105164,-20,1097.3,100000,15126.59,29669.03
1006248,105554,-11,165924.99,100000,16087.41,14145.65
1004098,108456,-18,26095.35,200000,6004.86,9007.61
1006378,106696,-7,721.91,50000,4424.25,7258.93
1005939,201423,-17,58019.07,50000,40177.82,671.51
1003930,103675,-34,52129.19,100000,6149.14,12125.39
1008765,102758,-33,203205.04,50000,9883.79,19455.97
1001516,109379,-4,9364.05,100000,9003.74,28376.9
1007055,100030,-29,8543.1,50000,16180.82,3100.71
1006798,104379,-4,27197.91,50000,7940.87,19862.6
1002931,105879,-12,119901.02,50000,126.78,38640.92
1007833,108715,-14,39323.03,200000,16181.43,5591.88
1008752,102121,-34,28532.24,50000,35681.8,30305.03
1003881,200222,-34,7119.85,100000,10002.16,4249.93
1009960,102637,-26,31987.55,50000,4578.73,11951.21
1008729,106240,-6,54697.47,50000,11692.91,49073.81
1009674,109767,-12,117317.76,50000,185.92,48808.2
1002686,101143,-5,26824.94,200000,816.2,4414.12
1007787,108959,-31,19040.02,50000,4557.77,6635.04
1004472,102468,-18,10255.54,200000,14816.44,60924.15
1002828,201271,-27,51936.24,50000,24662.93,49365.35
1001958,200591,-22,24974.42,200000,31665.17,15713.38
1005080,106723,-32,132671.22,50000,16835.66,99059.2
1000932,108339,-13,27557.47,100000,25070.9,8657.69
1005666,104147,-34,90346.46,200000,20635.69,5545.32
1002881,106830,-32,25051.2,100000,9460.04,4454.17
1000800,107169,-17,7280.86,100000,593.81,7529.18
1000059,201892,-27,119979.1,100000,1220.55,11280.71
1000738,101406,-15,8021.33,200000,2373.0,2887.64
1004989,102290,-21,23797.2,200000,5442.08,11102.56
1008664,107678,-4,17298.25,100000,37580.14,3294.2
1000329,101994,-16,78401.79,200000,7003.34,23063.52
1003706,108503,-12,6248.52,50000,10752.4,2225.31
1008046,107618,-31,36029.86,100000,43096.95,5001.62
1002560,102490,-19,117052.05,100000,4837.38,2769.65
1006954,100365,-30,26779.73,50000,15294.63,10748.18
1007127,200840,-9,154994.13,200000,4944.61,169.37
1002228,102581,-6,83675.61,200000,26333.69,27859.85
1007955,200475,-19,4902.57,50000,790.01,3851.61
1000968,102789,-14,26014.03,200000,520.92,31747.99
1006269,106979,-14,11929.02,200000,33054.74,8899.55
1002407,106933,-4,84556.67,200000,5268.42,2096.25
1009013,104327,-21,116902.81,200000,22730.42,44519.0
1007990,109901,-6,17850.86,200000,5013.47,4305.37
1002799,104700,-26,19606.11,100000,1538.37,3770.28
1001598,107965,-21,1937.93,100000,10296.31,14626.86
1007179,107402,-9,13529.86,100000,22268.05,224.04
1006025,101973,-13,12565.1,100000,1185.65,546.95
1003752,108686,-27,7400.25,200000,10606.28,11358.44
1002421,105289,-8,17319.84,100000,36873.18,58408.73
1002472,201623,-29,77768.91,50000,3375.39,19778.09
1003034,105867,-14,25870.99,50000,4526.02,4173.91
1003351,105030,-23,29069.22,50000,17248.78,9824.02
1003984,102331,-10,13448.37,100000,3063.9,19475.26
1009686,106843,-16,110714.34,200000,20.45,9635.68
1004908,105338,-11,19676.46,50000,14329.81,8782.09
1004015,200763,-35,11446.55,200000,4965.21,3193.3
1008691,200585,-32,5828.39,200000,3689.5,37941.87
1003580,102536,-35,75616.07,100000,3554.97,3656.95
1003459,106207,-30,7677.65,200000,473.84,5239.49
1009380,103019,-29,17228.13,200000,7707.27,8039.58
1006424,109325,-27,83206.34,50000,1086.39,2806.67
1000620,108947,-22,12861.18,100000,3676.46,6676.39
1003382,109451,-3,6462.9,50000,984.14,10341.48
1001234,104314,-28,46518.15,50000,6061.4,10970.82
1005470,109409,-8,32164.73,200000,2173.34,12636.86
1009726,106529,-16,57799.6,50000,950.54,12274.63
1000221,100357,-23,63040.45,100000,5655.55,4229.96
1008281,104776,-33,50929.82,200000,16287.25,12158.41
1000631,105735,-26,6806.17,50000,30213.17,1115.14
1002238,201157,-17,38128.62,100000,5616.1,17742.28
1001527,101230,-14,20654.01,50000,14208.15,63303.59
1001355,200427,-6,61220.35,100000,3903.39,469.63
1008891,200655,-27,79335.91,200000,8100.04,3209.01
1002432,200373,-3,8831.94,50000,7268.68,18288.02
1003088,101257,-17,26154.58,200000,14510.78,7171.52
1008442,107435,-11,11389.7,100000,13121.04,1256.94
1006299,101063,-25,82178.34,200000,32757.82,51676.8
1000771,102699,-14,6487.44,200000,9100.88,11728.1
1009985,200244,-9,90464.63,200000,5989.38,3936.31
1000242,101233,-24,8988.8,200000,13876.24,16564.67
1000589,201067,-8,31879.56,200000,275.11,16112.97
1009372,104985,-3,103429.66,100000,27.49,47070.99
1000010,105163,-33,114824.39,50000,11778.44,1507.35
1007110,109408,-30,3784.07,100000,3910.6,16415.96
1003084,103402,-30,12286.65,50000,18713.87,3675.9
1003923,105435,-27,23720.92,50000,3570.82,79209.33
1009319,107658,-32,54995.34,100000,1485.33,12179.27
1008567,100572,-6,2894.04,50000,2831.2,25635.66
1000110,108179,-6,25235.66,200000,12838.51,45303.58
1003145,102582,-31,33638.29,50000,7270.62,10885.08
1008835,105932,-33,25899.62,100000,5425.32,27034.32
1003013,200577,-34,17973.8,50000,6880.63,10555.36
1009482,104470,-9,40608.12,200000,22418.27,1879.1
1007865,106779,-21,150305.22,50000,34717.9,5994.35
1003036,106207,-31,34422.84,100000,4178.43,74.64
1001419,200687,-17,44481.94,100000,8539.71,3134.62
1002471,100842,-24,59802.13,200000,4525.11,24325.27
1008440,106857,-16,59610.69,200000,20947.48,86.69
1005107,200905,-27,49572.98,100000,7277.65,8885.52
1007791,201900,-28,12541.86,100000,5376.59,27636.8
1002908,107497,-9,25666.02,50000,1005.19,7111.73
1007288,101866,-16,27145.28,100000,13343.16,78450.79
1000712,102536,-28,965.27,100000,15201.18,70883.12
1008824,106054,-14,23618.65,200000,22871.95,3887.53
1003383,101099,-9,73179.44,100000,12203.08,8026.33
1000329,101994,-31,62412.06,100000,4561.49,5272.42
1008101,106197,-15,28449.62,50000,27112.73,5741.21
1004546,200475,-9,63804.09,200000,5757.04,8073.69
1008045,200141,-24,4054.06,100000,356.14,5368.31
1007079,107546,-17,26291.17,50000,4131.14,6080.62
1009487,106544,-27,65154.47,200000,22698.25,4815.05
1002346,108707,-32,26754.42,50000,9023.16,36624.78
1004926,102194,-18,13783.37,200000,775.2,33738.57
1009829,200644,-26,71310.69,50000,1901.26,3787.14
1002465,105420,-13,6684.79,100000,12499.35,15362.77
1000572,108197,-23,6528.59,200000,8780.7,4649.69
1007764,108528,-29,11760.72,50000,58341.99,5585.5
1004757,109022,-21,280712.35,50000,197.51,11297.88
1003493,100500,-9,1499.8,100000,34393.63,1868.34
1006439,201445,-7,8446.24,50000,164.57,1830.29
1003872,201380,-8,13907.7,200000,8948.64,1874.08
1007652,105343,-24,18677.25,50000,3306.03,19704.01
1000799,107847,-18,14405.47,50000,1207.42,6495.35
1007575,105746,-12,45501.23,200000,4511.96,5962.07
1002425,104724,-5,10868.88,50000,9127.79,53045.61
1006074,201737,-4,1492.47,100000,10253.08,23592.99
1000262,104233,-18,6519.59,200000,3418.36,10745.8
1004709,102359,-18,133.26,50000,4705.72,20254.34
1007570,109491,-8,25433.78,100000,2347.97,711.93
1001009,104546,-25,18710.67,200000,6814.08,12224.82
1003523,100036,-23,53841.53,200000,23359.94,22875.83
1007129,200115,-1,27499.1,100000,1599.76,12393.34
1002115,100095,-27,41433.99,50000,2561.16,4391.09
1007521,200316,-24,40824.01,100000,29916.53,16886.71
1005254,101207,-23,11790.1,100000,16873.51,28309.18
1003035,106969,-3,24632.12,100000,21578.13,5243.81
1002574,100181,-24,107281.91,50000,1557.99,28008.57
1008424,101645,-28,2578.54,50000,4544.74,10468.06
1002662,107751,-17,28983.39,100000,8001.71,22816.62
1006720,201010,-21,46184.89,50000,6283.92,2460.54
1006962,200052,-22,12640.92,200000,1567.47,27005.7
1008848,100031,-4,37657.05,50000,3644.68,14004.61
1006693,105687,-30,23232.04,50000,13099.98,19704.93
1008059,100377,-27,61950.1,200000,2321.23,3016.75
1009121,103941,-24,121981.26,200000,34479.09,11440.89
1001943,105102,-15,122127.82,100000,8910.72,6527.81
1006545,200044,-9,14034.73,100000,8686.99,18436.48
1008423,101365,-10,48419.66,50000,7028.75,15752.31
1004006,105737,-34,167588.26,200000,296.2,41187.04
1009720,105197,-22,19401.49,200000,933.65,12976.87
1000326,102000,-15,46289.72,100000,40018.57,4888.08
1001484,107044,-1,20101.94,200000,6606.01,8831.32
1005388,109519,-8,3250.8,100000,11882.63,13560.48
1001247,104119,-33,27674.46,50000,23638.26,6141.24
1004181,105623,-21,43163.4,200000,1795.93,15211.83
1006066,106691,-20,9796.35,100000,12810.67,7009.71
1002720,200375,-27,27598.98,50000,7326.48,46324.4
1003458,108878,-11,10754.02,100000,257.07,34972.99
1000823,201280,-24,75155.3,50000,2477.08,7061.89
1000361,102302,-14,70940.24,200000,8611.13,2351.14
1004900,201340,-21,21658.21,50000,8388.53,24229.53
1009667,107104,-12,63498.08,200000,59.87,7786.61
1009164,106978,-9,40548.67,200000,1239.94,19763.82
1002829,109252,-33,6489.18,50000,4448.09,646.72
1003508,105710,-35,69853.05,100000,29582.44,563.87
1006200,201437,-8,13781.33,100000,1636.56,20431.71
1002036,107337,-23,79027.9,200000,2790.21,14570.29
1007726,108224,-10,217.98,50000,10065.27,28800.4
1007859,200696,-29,3125.58,50000,6530.4,7254.78
1007912,100962,-34,47155.8,50000,32157.68,5599.07
1002768,107016,-16,44203.95,200000,2000.03,24129.17
1004759,109480,-4,32662.37,200000,5226.0,13359.04
1006758,101515,-5,4407.93,100000,14802.4,23939.61
1001450,107696,-3,59264.91,50000,2830.23,8548.98
1000015,106824,-28,109431.5,50000,753.94,3636.1
1002858,100393,-5,6585.7,50000,540.23,9888.94
1006719,101464,-21,38004.1,100000,8111.58,3870.2
1003167,200340,-5,205098.88,50000,18229.47,13950.16
1000513,109409,-24,37835.59,200000,2714.33,3125.64
1006055,102800,-27,40465.01,200000,745.15,4479.02
1008470,107839,-14,125187.6,200000,3183.93,5702.5
1009827,100521,-35,210572.68,50000,5140.9,8252.3
1002408,107922,-7,24641.17,200000,20861.43,2788.75
1006727,109681,-13,62550.99,200000,15249.59,9308.54
1008303,101832,-15,65459.31,50000,12175.22,35839.27
1009764,108148,-13,3049.63,100000,1731.94,10693.01
1003002,107730,-27,8381.18,100000,17148.88,27594.05
1005666,104147,-14,25266.33,100000,12999.04,11302.02
1006340,100610,-31,32552.48,100000,1313.39,6790.59
1005937,109592,-4,69918.7,50000,2873.38,5671.08
1006681,105761,-5,118636.3,200000,2668.8,41465.06
1007564,200781,-4,49212.67,100000,7549.58,11918.77
1004083,109143,-16,67039.56,50000,911.44,8893.66
1006768,107055,-34,16292.56,100000,4043.96,22505.97
1004786,102662,-25,22683.09,100000,13080.82,16372.42
1008359,104569,-4,82980.94,50000,1600.14,4035.89
1009296,104863,-2,69.67,50000,19134.49,7049.82
1004425,201190,-14,27671.31,200000,25411.39,6847.71
1007270,105640,-25,49865.22,200000,3800.87,17053.64
1006210,101880,-12,54583.41,200000,1724.14,3081.09
1002872,105214,-17,2031.0,50000,23140.56,15519.52
1009278,107465,-34,40066.93,50000,3125.87,10847.53
1001014,102630,-17,124960.38,100000,8097.53,27730.86
1006561,106062,-29,15042.64,50000,19106.74,11371.23
1000002,105747,-19,24591.33,50000,2855.65,8139.63
1006148,109242,-2,85310.07,50000,10495.82,20583.3
1008582,104358,-25,34111.64,200000,40954.14,12428.23
1008627,104908,-30,83401.98,200000,2063.69,26642.58
1009638,107135,-17,49704.96,100000,2314.44,1434.47
1001609,104550,-27,26090.41,50000,3516.64,18149.45
1008877,201464,-24,112459.56,50000,13565.05,3437.95
1007641,201842,-8,101211.2,100000,14110.77,1316.01
1009875,104448,-16,56924.77,100000,8358.87,29771.05
1001768,109822,-33,101480.38,200000,4093.27,45892.42
1001315,104843,-24,14342.7,200000,7027.29,13802.37
1008042,104442,-18,2065.93,200000,10675.59,30352.15
1008827,108353,-23,54909.42,50000,7348.92,226.91
1007929,101047,-2,64398.84,200000,15764.82,5321.56
1007369,107193,-24,28986.65,200000,2233.59,2980.66
1009354,201856,-20,84717.69,100000,2482.17,10030.96
1008794,201224,-16,3051.95,50000,9127.64,8427.71
1001771,102090,-20,4168.6,50000,4626.89,3111.23
1006006,104911,-29,95476.05,200000,13256.97,22254.62
1002648,201238,-20,66072.11,100000,3952.77,37174.64
1002324,102896,-18,190602.23,50000,24258.39,6661.21
1004344,102362,-18,50171.03,100000,101976.33,565.24
1009195,100868,-23,11315.33,200000,6964.91,26529.16
1002096,201902,-8,41676.39,50000,1532.76,606.88
1003526,201704,-29,21462.11,100000,13952.63,43060.15
1006974,200214,-1,18699.65,100000,34131.74,9658.9
1000123,108909,-34,70923.86,50000,31353.01,4152.75
1005071,102758,-21,176080.94,100000,3096.92,47597.53
1008379,109786,-12,221876.21,200000,1745.02,15648.06
1001477,100727,-32,55581.34,50000,33418.8,29047.5
1007143,200224,-35,16864.44,100000,8331.42,10850.07
1002539,106400,-3,10782.49,100000,13062.08,25032.1
1007917,101458,-19,190330.68,200000,90.03,77634.49
1006872,106637,-24,85295.74,200000,30299.11,14368.94
1005408,109588,-34,7657.29,100000,1118.69,3422.85
1001589,200704,-31,897.29,200000,26664.66,23693.69
1007503,108582,-19,1225.95,200000,4248.51,26055.43
1002202,201729,-26,5466.48,200000,2898.12,6609.2
1006789,104481,-32,32978.91,50000,10546.3,41664.92
1000142,104654,-2,30301.82,100000,7322.67,751.04
1009842,102984,-26,3267.38,100000,2211.46,12139.2
1005310,106453,-29,29432.45,200000,1532.79,1155.88
1009456,104108,-20,15354.23,200000,286.2,8211.09
1009177,109563,-10,22765.57,200000,400.04,3872.61
1000071,105512,-21,26645.94,200000,11336.75,4090.61
1001342,101581,-27,21434.85,200000,478.64,12875.95
1003476,100140,-13,21336.18,100000,11346.71,13806.79
1002781,103214,-22,14623.93,200000,30311.19,30275.74
1007153,201414,-12,178175.91,50000,4385.08,1355.21
1009297,104662,-35,81877.61,200000,6993.36,30557.6
1002879,107075,-35,61195.02,100000,1667.28,1705.2
1009859,107868,-18,86798.81,100000,437.68,16032.33
1001380,106606,-23,109585.06,50000,3521.16,12542.26
1003318,100589,-15,92196.39,200000,22823.93,10456.61
1001411,101542,-14,6439.53,100000,194.47,68643.47
1003263,200433,-26,46217.71,100000,37472.26,4492.73
1000308,102186,-8,19932.02,50000,4300.88,1869.55
1005224,106273,-27,66872.94,100000,14745.01,4372.8
1004038,105128,-9,38380.24,200000,7974.63,18261.03
1007228,101125,-30,30476.39,50000,6524.36,17430.67
1008114,100550,-18,85601.49,50000,1156.6,18360.0
1003015,104260,-16,2881.36,100000,9008.37,4368.56
1005428,101078,-23,93680.27,100000,7386.73,4285.08
1002022,108604,-9,42447.25,200000,4589.12,23921.56
1007259,106496,-17,12280.95,100000,22842.51,3248.46
1000917,106974,-13,2548.7,100000,1530.53,24714.71
1008323,100334,-12,48793.83,100000,9951.68,16974.49
1001960,107286,-12,1226.12,100000,16554.58,16089.32
1009045,102686,-27,9559.08,100000,1123.1,4829.23
1005397,107443,-33,51542.25,100000,6708.68,12494.6
1004469,109831,-20,16639.64,100000,4925.92,2607.47
1002361,100178,-34,27020.91,100000,3581.24,195.41
1005455,108687,-13,3634.82,100000,2893.87,20536.02
1000238,200485,-29,22917.96,50000,13996.48,26599.75
1001948,102569,-1,1903.44,200000,1219.22,3787.3
1002345,201321,-9,18014.11,200000,1947.34,1862.77
1003142,201632,-27,1458.41,200000,17693.1,8202.82
1001287,105832,-12,16891.77,50000,28715.24,6332.21
1000795,201974,-14,26846.46,50000,3888.64,1157.49
1001060,108306,-30,94080.61,200000,12673.33,11296.02
1003922,107661,-6,20884.98,100000,4721.07,13619.03
1006222,100463,-21,160679.06,50000,830.6,3940.53
1003254,100343,-26,19714.33,200000,140.56,25493.46
1001908,102639,-18,71336.93,200000,3634.13,5503.1
1007570,109491,-33,15450.11,100000,1571.82,621.64
1006801,106735,-16,30401.31,200000,10383.15,8832.43
1009498,105494,-18,5624.53,200000,12224.89,24506.06
1004673,102209,-28,61014.15,100000,37142.69,32933.93
1006388,103986,-25,22651.26,100000,10718.03,2597.79
1000115,105173,-3,29352.95,50000,24533.32,19248.42
1009732,108205,-32,73419.92,100000,3699.1,40639.07
1009804,100893,-17,6951.79,200000,26364.31,36095.43
1001197,105074,-9,19701.08,200000,1866.46,2266.97
1002084,101130,-35,180190.93,100000,6203.95,4664.15
1004699,105379,-24,72002.89,50000,2281.95,1072.74
1004584,106546,-21,88842.79,200000,24389.68,8172.4
1000930,105046,-35,131158.35,100000,11522.92,8277.4
1004895,200806,-31,262867.22,100000,2356.27,8439.97
1003986,200425,-29,160116.25,200000,6641.88,31325.9
1001902,201185,-29,95633.3,50000,25825.85,26504.31
1005485,104379,-22,17410.3,50000,2391.11,2790.7
1007250,109369,-25,17320.8,50000,665.29,689.56
1003658,107888,-27,23072.01,100000,14818.1,8099.81
1009298,104761,-2,106463.93,200000,10952.77,444.25
1000793,108693,-10,4314.51,200000,10022.86,2975.52
1002740,108117,-20,37320.63,200000,10890.03,12255.86
1008743,108510,-10,10220.55,200000,7183.04,11020.96
1009663,106853,-10,7937.92,100000,1230.6,10566.43
1007124,109496,-25,70821.01,50000,7724.62,16605.26
1002455,103138,-9,22095.71,50000,10458.42,35231.7
1007908,109528,-9,33924.47,200000,7017.9,8711.57
1004464,109766,-3,4225.49,200000,4535.53,185.87
1000625,200756,-2,17650.75,50000,21904.36,4960.92
1002906,105963,-22,13182.17,100000,3631.83,9743.94
1004512,103675,-7,32208.3,200000,44192.98,6639.73
1009953,104216,-3,50606.77,50000,7511.49,53656.69
1008342,103062,-13,9071.16,200000,2081.5,4438.4
1006126,104206,-29,108284.36,100000,4549.72,111407.48
1007989,200692,-17,33707.13,200000,20459.68,3886.88
1001253,100262,-23,108552.2,200000,4686.14,5128.98
1003245,201282,-31,17874.84,50000,15962.8,4713.43
1002275,100594,-12,61288.71,200000,4382.32,3577.21
1004071,201660,-1,43765.76,50000,4935.3,6217.24
1003407,108901,-4,5260.45,200000,850.93,7855.17
1008867,107276,-5,7153.39,200000,13159.84,22347.03
1001063,106632,-23,88374.82,100000,13763.72,18407.15
1006767,201547,-19,1072.77,200000,3491.89,3234.41
1008012,102273,-6,61411.83,50000,8782.49,7599.2
1004933,103047,-7,29773.59,200000,15410.68,12643.75
1002685,107166,-14,153221.78,200000,2160.26,30277.33
1007393,101357,-30,42415.28,100000,6656.88,11218.57
1006175,100297,-28,20527.98,100000,8864.62,6813.31
1004114,109380,-30,44231.64,100000,7325.92,81759.53
1003465,109687,-15,55231.52,200000,425.72,13495.47
1008778,105915,-30,34177.15,200000,15025.03,47642.15
1001966,109356,-26,140441.07,100000,14522.45,12497.37
1008725,109340,-32,163684.01,100000,23145.1,30822.64
1008048,101731,-16,29799.19,200000,10443.4,7355.57
1002821,102436,-21,3215.61,200000,9123.64,1040.89
1009586,107488,-14,32555.16,200000,431.08,13346.64
1005042,106038,-18,23451.08,200000,15828.62,183.76
1005926,104419,-16,14197.09,50000,631.28,22364.9
1007646,105162,-19,268339.04,100000,20959.61,6191.6
1000659,106610,-3,6024.79,100000,5222.33,4956.99
1009054,200321,-1,99609.21,200000,61680.1,14543.66
1008054,201981,-21,10068.79,200000,2631.36,7660.03
1007383,101838,-25,20912.55,200000,5643.72,10301.7
1006994,201718,-22,5741.44,200000,2734.5,1717.05
1005182,101832,-6,130.96,200000,600.79,13504.22
1007576,102520,-30,79789.83,200000,22779.79,8257.87
1004163,104725,-8,2232.39,200000,11813.19,15526.0
1009840,100689,-11,35815.66,200000,3391.5,20698.76
1005641,103358,-27,6077.35,50000,31002.87,12619.5
1007423,107488,-8,5033.67,200000,5416.04,19925.89
1001372,102823,-17,758.05,200000,4321.66,10947.72
1008110,103187,-16,23015.98,200000,5283.68,23784.06
1002328,103485,-13,42478.04,200000,13362.08,28996.92
1001170,104460,-13,13449.89,200000,2475.0,18054.23
1001539,100799,-33,89945.09,50000,5700.79,1858.07
1003410,100246,-13,1408.78,50000,39084.27,8195.7
1001749,200509,-26,52124.63,100000,5155.68,2300.73
1000254,103536,-4,113558.14,200000,6188.29,35962.99
1004893,108116,-30,47962.14,200000,15389.55,1513.24
1006914,108734,-20,71938.33,100000,2751.39,4544.69
1001953,103989,-27,9843.18,100000,22002.01,17089.31
1008920,106697,-17,287212.1,200000,12639.32,6012.33
1008386,201523,-31,134103.08,200000,864.24,8303.03
1009145,108259,-22,104177.11,100000,5432.2,622.09
1009410,108052,-16,21782.57,100000,3604.46,27448.73
1006335,103008,-4,49630.63,50000,2092.44,1347.14
1007734,102747,-14,65541.12,50000,31373.56,3909.12
1001923,107042,-17,15953.52,200000,7255.8,74854.45
1004786,102662,-19,21725.55,100000,16363.27,4911.75
1004227,201610,-2,24888.06,100000,4582.58,1355.5
1003270,108790,-24,23543.47,100000,57138.22,29887.25
1009739,109061,-29,156432.03,50000,2315.43,23071.11
1003496,200028,-23,16886.41,100000,6362.73,2696.89
1009248,101864,-8,30743.03,100000,11293.92,4158.57
1003372,106745,-9,26828.79,50000,627.97,7877.18
1004219,100098,-17,134852.68,200000,6468.88,16737.8
1009185,104656,-17,37924.25,200000,119.4,25939.02
1003889,101710,-8,78774.07,200000,1942.8,6385.98
1001799,104160,-29,31784.51,200000,3249.85,15688.85
1003698,108132,-15,233844.89,100000,27624.46,6063.27
1006854,101067,-21,75713.96,100000,1075.63,4193.66
1001991,105869,-8,43564.95,200000,9405.14,24352.24
1002582,201593,-2,81572.94,200000,9574.04,11581.96
1003271,109136,-34,51782.07,200000,1665.35,7066.98
1003655,103020,-14,51677.79,200000,689.59,3620.43
1000779,101957,-9,7885.32,50000,16419.77,761.25
1002467,100562,-25,45033.99,100000,3309.39,15630.44
1003870,201155,-3,84554.12,100000,48.46,9759.03
1004176,102989,-15,31184.1,200000,14139.98,1298.75
1003411,100491,-6,5733.76,200000,7321.55,24375.12
1002996,105486,-26,36500.49,200000,10859.64,16878.35
1002020,101572,-1,26576.46,100000,3806.5,39589.58
1005309,100504,-21,8529.91,200000,6799.54,30025.43
1006875,107559,-13,41665.58,200000,712.41,1310.18
1009166,100531,-2,4635.7,100000,2012.64,18991.55
1009516,200624,-13,6260.23,50000,20306.99,5250.12
1004733,201954,-5,39810.32,200000,4428.15,71.32
1008595,201730,-4,65307.12,200000,6735.59,3343.27
1002652,105957,-27,11235.29,200000,26547.31,2971.59
1006678,200935,-6,87913.95,100000,12108.49,16691.74
1005885,104693,-35,112376.46,50000,587.29,5593.49
1003105,100777,-10,106483.84,100000,6598.48,3600.2
1004203,103183,-9,49361.38,50000,9445.75,35171.8
1007682,107591,-34,25734.64,50000,2536.0,2273.73
1004645,104643,-2,48398.92,200000,3814.79,2595.52
1000466,108706,-29,33069.87,100000,1716.45,5594.33
1007634,100488,-24,10149.58,50000,2228.79,3910.27
1008393,200281,-17,70534.46,50000,273.02,3131.65
1008152,103937,-18,3050.89,200000,9405.39,32707.04
1005541,105087,-35,71367.24,200000,2772.08,14400.75
1004917,108366,-2,3967.83,100000,24146.96,1883.7
1005340,200520,-16,49688.01,100000,29947.55,13037.26
1002308,201930,-12,20594.57,200000,13535.1,71143.3
1000370,107948,-8,62753.2,50000,1877.24,9431.7
1002281,106738,-30,42379.4,100000,4457.55,26516.73
1002685,107166,-31,42656.59,200000,7584.33,14714.92
1003126,100393,-35,45873.55,100000,1509.41,44588.63
1001311,101796,-4,24597.54,200000,11764.41,10138.02
1007887,108863,-16,26397.84,50000,10342.1,6898.12
1007170,103498,-19,33011.17,200000,1882.21,6264.49
1000122,100910,-6,138.37,100000,4453.48,7403.32
1008520,102790,-5,58580.73,200000,15721.08,1832.9
1006425,100863,-34,86557.42,100000,5488.0,87457.02
1002289,103182,-20,166640.79,100000,2836.02,29543.58
1009859,107868,-29,55030.38,100000,4097.23,16989.17
1008664,107678,-34,41820.11,50000,14093.43,2014.41
1004638,108493,-22,1240.52,100000,20294.56,15234.42
1005817,109125,-25,61033.1,200000,1755.89,8901.51
1009165,106318,-33,29627.66,100000,8665.9,20197.17
1001843,107558,-31,23641.82,50000,7951.5,868.16
1001736,200845,-15,44522.81,200000,95753.88,8010.71
1008802,107299,-27,12220.6,100000,35206.28,21493.84
1008576,106874,-3,16505.98,100000,957.08,23289.66
1002949,101510,-31,66547.17,100000,1388.55,25444.7
1008401,105652,-4,36509.75,100000,9008.47,11642.94
1005496,100920,-10,63551.05,50000,7176.54,44378.13
1001241,103491,-4,3565.04,100000,2611.65,29052.52
1006989,100807,-18,18734.64,200000,6259.89,11011.68
1007091,107884,-5,111752.22,200000,11386.08,18438.31
1004403,104013,-14,3716.17,100000,2013.42,3711.01
1001865,200513,-1,33612.13,200000,12337.0,1547.61
1005190,200775,-33,5889.59,50000,9253.51,38446.17
1007560,108462,-13,25663.58,100000,2475.17,4833.45
1007153,201414,-15,59355.45,50000,20092.59,23288.66
1008326,108125,-3,51046.78,100000,5842.66,20618.66
1003096,108012,-3,28900.16,100000,49459.95,10724.5
1002955,103726,-24,53699.38,50000,684.14,41904.24
1002698,103721,-29,43252.88,200000,1188.58,2351.21
1000135,105050,-4,60583.76,200000,1365.44,5184.07
1009437,108924,-9,58373.92,100000,2259.5,24019.96
1001901,201567,-26,51086.89,50000,1020.27,3106.36
1003031,108548,-23,69991.96,200000,6607.85,5912.91
1008024,105790,-31,132777.41,200000,8321.41,15013.8
1000809,106150,-5,93258.26,200000,10884.34,19291.07
1006836,103379,-7,1986.52,200000,24930.12,35789.56
1000460,200365,-7,23662.33,100000,7448.97,2191.08
1008025,201769,-32,18020.11,50000,1310.24,8923.74
1005954,106248,-3,2806.12,200000,6454.59,36250.84
1008477,103390,-23,18376.85,200000,62.72,13687.5
1009035,107416,-8,9369.52,50000,2189.73,17722.93
1006067,109104,-30,149847.1,100000,6940.24,15118.81
1004160,106436,-17,77571.39,50000,8781.14,720.34
1008292,201135,-17,8624.45,50000,3043.45,23779.46
1005947,108406,-32,21708.69,200000,14346.37,96104.29
1007480,104951,-6,101984.17,50000,11841.61,28352.28
1004113,200854,-10,26558.05,200000,1169.42,7829.98
1009344,107296,-7,57700.84,100000,15810.84,33307.58
1009131,103450,-4,49319.44,200000,37648.3,15799.38
1007053,106307,-11,10225.89,200000,12944.76,51.06
1008139,101416,-8,70881.23,100000,42595.24,2641.45
1003258,107042,-22,6098.31,100000,503.18,14936.87
1006029,100991,-22,74558.37,100000,675.67,1721.25
1007095,200303,-10,16441.97,50000,7832.51,1744.74
1000276,108201,-28,29861.76,100000,6791.52,2610.23
1004990,105934,-13,44050.73,100000,4591.94,661.84
1009351,106440,-14,19960.27,100000,5933.1,22663.74
1006867,201185,-18,10403.25,100000,15829.19,652.72
1006900,106150,-6,28061.02,50000,49450.5,10318.12
1001957,100213,-31,53450.29,200000,3817.99,10043.43
1003274,109339,-6,12916.77,100000,13902.46,14469.57
1008023,103232,-5,7104.35,50000,1365.29,31513.9
1007278,106301,-33,48763.22,200000,3886.28,7570.64
1008642,106864,-28,2433.6,50000,3331.83,2488.51
1005050,105608,-35,49274.11,50000,5600.87,43526.6
1002670,104127,-16,14782.61,200000,4738.66,59347.32
1009268,103984,-26,24363.03,100000,9774.63,11846.46
1008962,102697,-35,40359.98,100000,1127.85,38067.65
1003069,102394,-8,3880.79,100000,2920.7,1600.11
1002121,109222,-31,1052.73,50000,1913.03,29496.8
1008195,103668,-3,239602.28,100000,1538.94,12044.95
1002834,109640,-10,28023.8,50000,7404.25,5864.8
1006543,201161,-10,59708.7,200000,12620.56,5271.34
1000326,102000,-35,11235.89,50000,5393.73,3459.69
1007989,200692,-3,13036.25,200000,11283.93,30052.57
1001958,200591,-18,1000.96,100000,10498.73,31578.29
1004657,107624,-33,58975.53,100000,5438.08,30198.06
1001875,108447,-14,81316.3,100000,13468.93,19605.12
1004976,109994,-7,57819.72,200000,11535.62,1305.49
1004642,101006,-1,33596.17,100000,33493.4,2029.2
1005633,101550,-29,90605.01,100000,13826.78,19376.08
1005003,109970,-31,4857.8,100000,21721.4,20659.29
1003925,103546,-33,34678.61,200000,9009.74,1069.02
1001913,100706,-34,51238.46,100000,1432.49,52433.21
1002053,109341,-20,93018.03,50000,10900.76,6882.42
1005611,101318,-34,2312.74,200000,1690.2,3912.64
1007198,100337,-3,133545.19,50000,3682.23,56200.68
1001693,109471,-34,14187.36,50000,20940.7,53139.92
1005112,109223,-23,6375.91,200000,11993.5,701.05
1004035,105410,-26,9613.63,100000,46264.32,27630.36
1009992,107653,-32,144502.0,100000,20078.5,2517.68
1008128,105476,-2,25384.03,100000,1919.25,19437.59
1005643,105303,-11,137257.09,50000,33206.49,5984.17
1005781,200431,-17,17055.26,200000,19820.21,33457.21
1004712,107109,-12,7813.08,200000,31343.85,49068.95
1009599,108230,-24,9579.98,100000,1945.36,20793.98
1003819,104038,-28,7559.33,100000,2113.65,1009.59
1006622,105590,-22,77706.71,200000,1243.16,13453.71
1006528,102240,-18,8543.69,50000,4017.37,1015.67
1008540,109982,-26,31157.14,200000,4401.04,9489.41
1005973,101276,-5,33222.75,200000,984.16,3027.47
1005178,100232,-2,7105.83,100000,8748.67,26270.26
1002648,201238,-22,20713.45,200000,6629.24,863.52
1001510,109261,-8,7094.5,100000,158.24,11469.75
1003918,108652,-22,39946.99,50000,6114.78,11389.95
1003599,104580,-28,30628.48,100000,15816.95,13725.35
1000516,101414,-2,73618.42,100000,2841.74,11331.42
1001539,100799,-23,48133.65,50000,10038.85,682.35
1003072,201158,-28,39934.76,100000,10956.35,12381.52
1009420,102508,-19,1401.73,50000,3202.28,37869.34
1005551,106359,-19,18216.56,50000,8408.46,4815.18
1008338,102505,-32,69281.34,100000,12215.72,44631.91
1004909,109415,-16,58047.27,50000,8204.96,1797.8
1001066,200222,-8,154699.03,50000,628.61,4849.09
1002259,108853,-34,59206.97,100000,5449.59,17721.93
1009025,104100,-24,4164.13,100000,3555.35,17562.89
1008736,100526,-27,20076.54,50000,7298.62,8279.96
1002658,201654,-35,9728.24,50000,8360.57,19937.14
1002196,109054,-25,144405.96,50000,2998.75,11926.84
1001334,201947,-18,29221.9,50000,888.28,1289.6
1001909,101717,-10,45384.33,200000,128.31,12067.22
1007577,104457,-1,28916.44,100000,15808.56,4278.64
1004379,100281,-31,25198.25,200000,7282.27,1569.94
1004810,100535,-17,21136.39,200000,2960.36,14092.88
1004091,200285,-34,124398.07,200000,19332.65,44240.77
1003434,108018,-34,124535.76,50000,1966.18,22241.28
1004874,104738,-29,15386.33,200000,2646.62,12640.63
1002085,109169,-3,47633.28,200000,11546.63,1035.94
1007952,104113,-25,12482.12,200000,10510.13,25063.56
1008835,105932,-10,103191.74,50000,2193.71,21970.76
1006611,101176,-32,24155.46,100000,1515.49,13796.54
1003146,200219,-13,41932.51,100000,37456.77,6827.8
1005124,107848,-32,5824.97,200000,3837.2,57424.61
1006163,109854,-15,35808.57,200000,6267.38,13880.29
1002907,109722,-35,29005.24,200000,3461.07,12703.98
1005260,201236,-7,62293.35,100000,4837.72,2528.68
1006971,109435,-2,63671.84,200000,632.61,5343.57
1008461,106004,-34,26516.04,50000,5356.0,9465.01
1006033,102498,-7,11560.46,200000,26477.57,46857.71
1002518,105138,-20,33599.11,200000,4981.83,2036.98
1005801,200935,-10,21306.94,200000,20322.9,2241.94
1003870,201155,-9,74737.73,200000,172.71,19391.81
1005816,201481,-15,40813.12,50000,12189.19,34340.99
1009095,107565,-12,38099.35,100000,3848.2,23324.22
1003078,107446,-15,72771.11,200000,2743.71,30285.85
1004961,200175,-30,16806.76,200000,9003.61,157.91
1007804,104300,-8,66263.95,50000,11929.41,13340.68
1008871,201177,-13,22742.02,100000,10560.12,20978.88
1000739,105689,-25,228068.69,50000,5197.48,16915.94
1003972,107527,-31,22197.91,200000,6108.13,4295.38
1007236,103415,-14,139858.44,100000,9293.18,19418.88
1002649,100701,-32,92304.54,100000,9160.03,2474.42
1004431,101047,-7,154156.03,200000,5869.74,16722.57
1009444,200356,-3,86469.47,50000,5915.17,7371.42
1002352,201301,-18,58502.66,100000,8324.76,821.45
1001676,100496,-12,169742.09,100000,735.51,26844.21
1007281,105381,-30,42744.51,50000,5773.73,32531.77
1001715,107586,-21,12931.81,100000,5768.93,15386.93
1008156,200181,-9,24703.02,100000,105.46,4526.79
1005573,105190,-28,50454.53,200000,748.1,13883.47
1001412,105912,-20,8641.08,200000,3809.13,2597.16
1009550,101839,-28,41212.03,200000,9148.69,5888.36
1002557,108380,-18,12097.6,50000,14475.3,6432.02
1005088,108603,-10,12094.98,50000,45894.5,15059.25
1008756,106298,-4,10001.6,50000,4507.81,7007.58
1007051,104525,-30,3992.7,100000,23734.82,5644.53
1001200,105640,-21,124945.27,100000,235.48,12312.33
1000591,105538,-33,106062.73,200000,11225.28,6962.2
1009871,103964,-2,47179.22,50000,4447.29,26635.6
1006729,100467,-16,35180.97,50000,24285.01,75724.79
1003563,108002,-2,13560.82,50000,12811.18,13334.26
1002372,103511,-3,4571.39,200000,3129.42,4676.79
1006913,107927,-9,43746.92,50000,39.42,35179.07
1009030,106855,-14,168521.49,100000,8360.58,18582.95
1006125,201418,-23,60149.58,100000,11292.26,1407.28
1007759,105972,-8,142204.98,50000,17325.79,7148.99
1008010,109487,-30,24474.58,200000,1615.45,856.84
1006142,200468,-27,15664.3,50000,15521.88,4435.78
1001497,102770,-30,95595.96,50000,339.76,9724.12
1008119,201672,-24,11325.87,100000,2504.17,22124.45
1003035,106969,-9,10638.57,100000,10936.7,25512.62
1009282,106287,-24,140802.11,200000,1506.34,85697.94
1005383,108616,-2,139410.39,100000,11665.24,77156.32
1008292,201135,-3,163903.43,50000,8761.32,29355.85
1004461,101042,-11,17384.51,100000,916.07,54414.89
1006443,108787,-4,161414.32,50000,10671.47,32488.63
1005314,102939,-20,40103.47,50000,14865.7,4027.77
1009875,104448,-9,48523.12,200000,6227.84,8704.35
1004120,107255,-20,56250.45,200000,7926.6,22475.13
1005757,105341,-30,16112.98,100000,51271.53,27212.73
1009753,200068,-29,11385.94,100000,13983.84,23475.89
1003154,109232,-12,12371.1,100000,17554.53,4123.52
1001783,109991,-20,50768.96,100000,18552.53,35748.04
1004641,103620,-7,34806.62,100000,33826.97,469.25
1003072,201158,-3,59277.94,100000,9979.01,824.08
1002649,100701,-25,14031.32,100000,23045.88,20286.81
1003069,102394,-31,2305.18,50000,4936.45,11857.8
1005636,100120,-16,74087.08,100000,16039.93,3467.95
1003270,108790,-18,177233.48,200000,4336.15,24907.26
1004501,201653,-4,69189.97,200000,13694.57,13352.97
1002017,101896,-30,74284.71,200000,12064.99,24541.77
1001056,104022,-14,39729.14,200000,3833.82,4471.32
1003552,102956,-20,7800.84,100000,2087.1,2484.17
1001833,201933,-13,134777.36,200000,2831.47,9655.96
1007203,106156,-6,16353.73,50000,21495.53,17443.97
1004390,106764,-27,4580.87,200000,4626.38,39926.74
1008241,101965,-32,38173.01,200000,8175.46,2476.82
1009580,200392,-18,26282.4,200000,8346.69,1239.44
1009437,108924,-16,39363.72,200000,7809.21,29005.23
1002985,103756,-9,86839.71,200000,12916.2,1073.15
1009115,105952,-19,3143.69,100000,574.32,29400.75
1005635,107046,-11,11211.5,100000,1801.42,6070.96
1008136,102117,-2,11666.0,100000,1650.7,7427.47
1004209,109062,-26,134373.53,200000,10943.93,25756.69
1004255,104484,-21,151098.25,50000,17249.55,2561.23
1001975,108733,-11,83191.81,50000,6106.19,46091.86
1005876,107678,-35,18015.27,100000,2810.73,81161.57
1004860,200413,-16,44272.63,50000,13145.18,10778.12
1005929,200508,-16,18140.01,200000,7059.06,21502.68
1001999,106491,-4,71378.06,100000,3010.44,4089.53
1006114,107463,-18,29014.6,200000,6870.17,19291.55
1008353,101193,-19,96393.35,50000,18835.54,19203.17
1004949,107828,-4,33830.23,200000,4292.28,247.08
1003902,109701,-14,97567.26,100000,4515.31,30177.11
1006538,106526,-6,130039.16,100000,14640.61,17274.96
1003682,105566,-24,85243.78,200000,11962.83,38234.97
1005654,108833,-6,23841.5,50000,9747.79,14613.37
1003082,103806,-19,39835.77,50000,68353.59,15322.3
1006999,200130,-29,48595.34,100000,3123.84,10467.78
1009908,103227,-2,11198.6,100000,26768.0,12206.45
1007309,104003,-30,98298.18,50000,65.71,7698.07
1004765,100094,-13,35164.62,50000,5970.9,25809.36
1003970,103665,-20,18787.43,50000,10407.58,19454.17
1000748,101885,-29,77394.06,200000,13731.37,2803.99
1006721,104434,-6,81198.16,100000,3652.69,18087.78
1003266,201097,-24,27521.75,50000,16666.53,16932.88
1002459,100724,-10,135625.2,100000,1132.34,3758.48
1000796,105430,-18,24211.97,50000,7073.29,12556.18
1004417,104333,-22,64451.37,50000,8899.65,10995.71
1000863,107997,-16,69180.27,200000,4634.57,71.55
1008636,109267,-3,83624.02,200000,6919.39,4065.09
1009883,106967,-5,5798.77,100000,3196.4,3380.37
1000624,101955,-1,28397.09,100000,130.96,14207.0
1003786,104453,-31,24938.15,50000,12639.72,11619.47
1008592,109314,-3,41593.15,50000,8910.14,12140.09
1000795,201974,-26,81382.98,100000,11925.27,2278.05
1008610,201572,-28,76646.4,50000,17056.04,7052.97
1009708,200734,-12,18622.82,50000,5254.78,19027.4
1006999,200130,-19,24145.03,100000,3641.1,3643.13
1000215,101744,-24,35335.83,100000,16992.53,11216.79
1003863,200779,-10,42945.63,50000,5040.78,20400.06
1001826,107361,-27,28468.71,200000,2267.17,5664.47
1005479,105871,-9,6615.91,200000,13516.45,14290.05
1003610,107326,-30,34912.58,200000,38725.55,9927.04
1009111,201816,-6,88522.87,200000,8095.39,17335.93
1007576,102520,-14,67041.59,100000,259.0,44845.98
1008070,105483,-1,33018.14,200000,20405.49,36726.05
1004660,105604,-1,111784.59,100000,10403.33,38833.22
1004015,200763,-22,36777.67,200000,63787.01,5282.26
1003615,105920,-1,50131.55,100000,2415.23,5815.52
1001944,105615,-21,59528.66,50000,14511.13,6979.22
1001033,107754,-33,15003.35,50000,34439.33,47037.6
1002775,200428,-17,39547.52,100000,7067.57,30634.1
1004792,101717,-25,157131.33,200000,6691.3,4101.72
1007171,102005,-26,5464.31,100000,9303.03,33538.35
1002915,100657,-16,96156.52,50000,13919.42,5902.28
1006622,105590,-20,13502.4,200000,850.18,5802.15
1005365,201864,-10,14676.32,100000,2634.57,8941.51
1001559,102241,-24,169305.63,50000,16671.08,21464.21
1009110,200538,-29,14135.02,100000,9006.29,2165.53
1005812,103709,-26,50384.34,50000,103.88,3872.46
1006575,100909,-19,35595.74,100000,8792.14,8128.34
1008030,107282,-4,126805.8,100000,2023.81,5079.69
1005781,200431,-1,5110.57,50000,31430.15,21191.7
1003582,101130,-5,32803.76,200000,2645.8,7770.88
1005357,102671,-2,229665.89,100000,53084.19,5043.81
1003028,108077,-23,268005.17,200000,4421.26,374.41
1008743,108510,-9,119955.18,200000,17354.92,2475.25
1000619,200802,-35,18399.42,200000,5599.19,3896.54
1003915,101700,-3,41300.94,100000,8123.83,942.61
1005318,107143,-29,26171.83,100000,13370.74,9702.23
1008386,201523,-32,80869.71,50000,503.27,53611.74
1001190,100403,-14,4268.48,200000,2893.0,59125.01
1000801,105413,-23,16317.71,200000,46.6,6703.46
1004867,106332,-6,125303.86,100000,15177.51,17444.59
1000033,100187,-33,172268.3,100000,19590.1,6403.06
1004444,105693,-14,30797.28,200000,8752.49,20046.18
1004274,108610,-3,42325.16,50000,3245.01,9840.96
1000856,201157,-18,259467.8,200000,20420.56,22642.25
1006635,109405,-4,84481.16,100000,9747.76,8321.74
1009639,100679,-10,52490.64,200000,4312.54,15401.73
1003432,102773,-29,46879.81,200000,34720.09,37296.96
1003203,109294,-28,15996.0,200000,37201.93,1026.58
1007573,101219,-20,42471.13,50000,9766.46,4871.85
1009562,106471,-31,5080.83,100000,7254.46,17791.01
1008995,201734,-7,22441.19,50000,17335.78,1092.44
1003376,105140,-24,100906.99,100000,1802.09,49660.4
1004692,103685,-16,48685.67,200000,8732.13,5214.79
1000699,101256,-6,50593.11,50000,7279.55,36693.8
1003988,102612,-14,11698.05,50000,21730.87,12136.65
1009803,100614,-29,28334.19,200000,1213.46,2599.43
1006594,105933,-17,23549.74,50000,8930.08,33494.43
1009745,101219,-14,55461.8,200000,7664.48,31723.53
1002013,102432,-25,14828.0,100000,14749.27,16667.35
1003106,102845,-34,28934.91,100000,9095.34,5061.06
1007055,100030,-6,1002.31,100000,1897.36,30908.98
1001881,109915,-29,73067.27,50000,8698.01,9259.55
1003302,103608,-30,9268.15,50000,4121.45,4043.37
1009459,109785,-1,30238.27,100000,2422.33,7098.14
1002017,101896,-22,1935.82,100000,10585.26,4436.54
1009318,105309,-9,9615.57,100000,19090.3,18434.78
1005495,200288,-23,44422.66,50000,9731.96,9963.99
1001324,104019,-30,11831.82,200000,11015.81,1577.76
1009995,106302,-27,87367.47,200000,16850.33,43762.4
1000085,107918,-29,23304.68,100000,8623.1,16863.0
1006565,100763,-2,2241.41,100000,2864.28,10832.44
1000767,105585,-17,93263.84,50000,10599.83,4012.43
1006859,102051,-11,7390.97,100000,1776.54,2485.19
1003875,102536,-6,29868.44,50000,24750.17,19818.06
1008914,105602,-19,35482.73,100000,48958.43,115.84
1006450,102226,-16,18386.49,200000,10743.58,35799.81
1007116,107173,-19,13952.01,50000,16125.2,5827.08
1009484,102591,-9,3071.32,50000,8980.84,8662.47
1007179,107402,-5,104594.82,100000,2826.98,331.05
1001731,103014,-34,39022.21,50000,1539.08,8221.72
1001743,105629,-17,204568.13,200000,48356.59,97130.64
1004000,100904,-28,17501.61,100000,1824.86,4877.89
1001113,106307,-7,2065.79,50000,115.25,53264.27
1004668,106773,-5,8272.94,50000,11341.58,3062.54
1004631,201189,-17,532.75,200000,300.16,19941.61
1009043,104646,-11,41809.37,200000,3189.57,3206.86
1004461,101042,-18,12274.53,200000,28059.96,5053.35
1004784,109646,-33,1028.78,200000,2135.55,6448.14
1000560,103794,-26,26958.46,100000,5544.9,14635.14
1009284,101681,-32,55956.77,200000,28192.17,22450.4
1004794,200782,-10,5614.95,50000,4323.81,13349.81
1000106,108599,-5,27595.09,200000,12773.74,3252.33
1001819,102090,-12,25806.9,200000,9855.98,2122.06
1002546,104190,-17,15871.13,200000,22669.24,18902.97
1002480,201120,-11,3268.1,50000,1778.7,5032.69
1001417,107877,-28,55943.89,200000,29569.61,6343.26
1006688,109456,-24,26113.36,100000,6373.21,4840.24
1000503,100390,-15,41675.27,200000,25222.22,328.45
1009462,201252,-5,36312.45,50000,1236.89,623.49
1001683,107727,-21,71411.69,50000,17141.67,18742.47
1008598,101769,-13,7459.97,50000,36992.11,27098.7
1002426,106425,-4,96645.27,200000,711.36,14424.83
1003703,107157,-8,10502.96,50000,619.86,2476.06
1003162,107454,-9,12807.72,50000,36364.39,10961.73
1003428,107431,-28,42250.28,200000,4507.15,3163.01
1001636,108965,-22,67032.03,100000,6155.68,9855.26
1005280,103589,-34,16960.76,200000,7458.98,5582.25
1005010,200350,-16,148728.97,50000,1043.16,3194.68
1004471,201384,-1,39000.43,200000,8442.9,24696.98
1009734,201464,-11,33141.7,200000,759.53,33823.18
1001633,103610,-21,21825.39,100000,4373.66,2821.65
1005831,200671,-23,77651.06,50000,5680.24,21469.31
1002173,100975,-12,16874.52,200000,12726.73,58064.72
1007738,105075,-32,6039.38,200000,7829.04,8338.78
1002917,105577,-13,3274.8,50000,3204.9,5830.38
1003610,107326,-29,19176.89,200000,12334.17,4490.69
1006973,101637,-22,132530.43,100000,5208.42,19719.92
1006165,109701,-10,46467.81,100000,12874.72,7844.58
1005970,106546,-6,6527.16,100000,3910.45,46295.93
1007187,104356,-32,10963.84,50000,11953.6,1714.16
1007086,104114,-1,43731.07,100000,10712.86,29657.07
1009208,101801,-7,41002.34,100000,62253.11,2997.35
1002917,105577,-20,82855.54,100000,2500.56,9247.37
1007679,109094,-17,67513.03,50000,1726.1,30836.54
1000860,109646,-3,25081.08,50000,1638.07,12699.78
1001808,107935,-16,88193.1,200000,8289.22,28502.22
1002154,100775,-15,26722.94,100000,17778.59,25809.16
1001751,109293,-18,22641.11,100000,9615.36,4260.09
1000706,102334,-6,3792.87,50000,695.36,10817.53
1001962,109311,-9,9201.98,100000,5110.68,33246.72
1003148,105506,-20,24927.18,200000,2705.93,8647.57
1006441,104252,-22,63825.14,100000,12046.36,595.8
1008118,107454,-32,2746.55,50000,19099.89,29957.81
1008561,106184,-18,813.29,100000,17126.52,21820.22
1001955,104447,-2,21407.42,50000,7251.52,3002.87
1001919,103756,-3,10131.78,50000,6159.81,43551.75
1002915,100657,-25,36905.46,200000,4143.46,7630.99
1007943,104944,-12,79002.99,200000,1438.41,18180.33
1002473,109614,-3,16706.26,100000,14753.29,220.96
1004741,102741,-27,69242.66,200000,322.7,11897.71
1005139,200497,-29,4552.09,200000,4909.26,8795.94
1001116,100674,-13,11345.1,100000,24138.17,1492.25
1007106,106744,-3,20736.0,200000,1291.64,7852.07
1009321,108634,-4,223355.69,100000,43156.65,20273.81
1009132,107254,-19,9957.67,200000,3611.94,49136.3
1001198,104885,-26,62907.54,200000,11108.25,14873.56
1001099,103559,-24,50668.44,100000,8439.52,18642.39
1009444,200356,-7,66911.15,50000,5645.15,2001.53
1003085,105300,-20,56881.38,50000,22322.8,13227.03
1005095,105260,-23,17892.79,100000,5619.6,6755.12
1009283,109722,-25,168482.5,200000,3309.04,8158.05
1004561,104863,-20,6830.79,50000,18446.75,15061.39
1000924,201155,-14,24486.05,200000,14759.77,19332.69
1008611,201082,-28,4895.97,200000,11903.38,23847.91
1000343,102156,-33,29126.45,50000,3102.2,61191.46
1008197,101809,-32,56520.67,200000,22208.53,9205.22
1004265,104172,-14,11280.28,100000,3679.32,9249.16
1009546,103316,-25,102409.6,100000,44373.09,3887.13
1002967,105307,-17,4984.72,100000,5667.18,25670.13
1005430,105148,-10,29208.41,50000,33270.7,11165.99
1002927,102234,-26,33195.41,100000,5145.41,13998.64
1000095,102650,-4,27995.56,50000,446.28,99.35
1004969,201988,-2,76938.58,100000,1819.86,3057.37
1000166,107605,-10,54355.19,50000,1454.62,26450.88
1004967,104693,-35,25967.11,50000,13199.15,27039.84
1007179,107402,-6,159252.89,50000,760.92,20023.15
1003131,102991,-5,22307.41,200000,5379.64,4916.83
1009861,201178,-32,62839.34,200000,477.07,46224.43
1009365,105411,-6,56174.66,200000,9910.76,7496.62
1004042,109341,-8,25481.57,50000,4071.04,3190.56
1007996,106331,-2,12731.03,100000,968.19,347.38
1000880,103722,-15,31401.51,100000,1522.23,42789.64
1003824,103130,-11,6555.63,50000,6453.02,17197.65
1009247,102483,-14,47166.81,50000,16972.69,26103.56
1007384,105743,-24,6426.46,200000,7357.6,20496.52
1007262,107932,-16,66860.35,50000,21341.52,37863.55
1005184,101103,-20,39854.87,100000,2862.11,316.05
1006272,200731,-3,2625.39,200000,3071.45,15141.26
1007740,101400,-12,85926.98,200000,910.12,8133.91
1004223,200257,-16,30207.71,200000,1915.59,4832.33
1002600,106482,-8,26025.11,50000,3214.4,6424.35
1000248,107097,-26,44053.73,100000,1282.86,3497.7
1006750,106211,-15,46257.62,50000,12589.52,6351.41
1001276,104798,-10,22312.51,200000,6776.56,19007.27
1000730,100481,-9,37328.25,50000,479.3,5161.39
1009888,101335,-8,27514.15,100000,6259.71,8068.28
1004621,106398,-16,6897.37,50000,29305.77,47917.22
1000250,109661,-4,10644.2,100000,20744.63,38776.97
1006948,201811,-22,138439.86,50000,24563.89,28326.61
1008145,102788,-8,7443.69,100000,24803.91,6441.8
1001956,101755,-29,48630.39,100000,50277.37,11935.91
1009994,108839,-14,36825.28,50000,11374.51,7.5
1006625,100264,-22,8155.62,200000,2953.03,1832.44
1003272,108189,-23,1025.27,200000,9732.61,30047.07
1005761,108705,-31,85392.47,50000,5514.1,11448.27
1004811,105860,-24,77660.48,200000,11409.65,1523.59
1002851,201462,-32,1799.24,200000,47034.05,14987.94
1004179,106568,-20,179479.0,100000,24683.92,9471.57
1007845,109886,-3,147711.06,100000,8892.88,23875.15
1002878,107811,-33,91418.12,200000,10495.22,14672.9
1009153,100048,-6,56266.76,100000,11176.34,13883.93
1003334,200097,-1,19290.35,50000,6844.1,5687.33
1008904,102534,-9,146581.79,100000,3830.13,7573.81
1005467,103040,-2,2680.5,50000,2038.57,4215.65
1003046,106125,-12,1014.95,200000,830.75,12950.45
1004301,109638,-8,81501.29,200000,3367.44,25942.37
1004314,100562,-15,101561.25,200000,861.63,18479.72
1000002,105747,-24,67551.27,200000,41125.61,11791.28
1009802,201216,-34,16260.68,200000,5250.9,503.64
1007078,104632,-13,89664.21,50000,15884.33,2276.61
1007410,200764,-25,529.26,100000,4464.21,9011.32
1003910,201130,-11,11070.07,100000,25378.97,11492.38
1008304,200498,-6,41257.31,200000,7179.02,25433.09
1006133,105598,-2,20218.43,200000,1935.84,15503.67
1004857,109666,-26,35178.37,100000,17388.23,30164.6
1008169,200966,-25,93975.16,100000,2442.34,20411.72
1009957,100749,-8,39258.23,100000,51241.99,37008.64
1001120,107541,-28,45156.83,100000,7705.36,19894.84
1004463,100205,-34,19446.9,50000,21187.84,1933.44
1000944,100515,-7,26286.97,200000,16070.25,6784.9
1002422,108827,-13,69274.69,100000,47250.25,32492.26
1004439,100567,-14,4157.7,200000,26352.37,20503.28
1002315,103275,-15,21112.17,200000,7786.34,14149.3
1002651,105082,-4,19129.62,50000,5948.02,3613.92
1006344,105250,-6,41899.53,200000,7603.22,34682.61
1005732,109218,-18,1937.67,100000,20531.8,40346.9
1000252,101120,-27,83689.4,50000,3988.13,8558.3
1001165,107040,-8,164066.04,50000,2526.84,9830.48
1002353,103687,-22,25412.07,100000,42598.19,35125.6
1005998,106496,-4,124919.76,200000,13046.35,33146.91
1002787,105835,-13,63095.89,200000,1036.44,3081.38
1003060,108167,-18,53388.88,200000,5353.98,3577.9
1004240,108399,-30,18301.03,200000,27977.21,158.53
1004145,101408,-5,6906.84,50000,942.11,3861.38
1002331,103199,-15,61985.52,50000,17857.73,6864.19
1005730,201355,-35,104413.24,50000,217.6,13863.35
1006040,107947,-32,44131.65,50000,34577.38,24050.24
1006233,201040,-31,41284.05,50000,5349.84,1496.14
1006040,107947,-28,25385.8,200000,4551.99,10417.1
1002565,107373,-15,141634.5,200000,21096.98,10719.78
1001381,104900,-25,72132.29,200000,5038.36,5788.08
1008779,107456,-6,34787.16,200000,2582.75,32631.84
1000267,105715,-11,11958.35,200000,9736.19,2466.25
1005606,201262,-6,79961.04,50000,17226.28,5157.05
1004858,100702,-26,14679.77,100000,3062.99,20217.9
1008332,106620,-12,49954.6,50000,9081.45,9999.4
1007980,103620,-6,79307.47,50000,104.78,7544.73
1004673,102209,-7,24738.99,50000,23985.8,2044.38
1002504,109725,-6,76597.02,50000,193.31,15680.34
1005452,106796,-32,268.33,200000,26545.25,5391.64
1008372,109368,-26,15330.27,200000,18018.88,1441.41
1008836,100740,-6,104461.37,50000,3861.53,2911.75
1003068,109432,-14,29408.07,50000,2711.05,11101.93
1000088,108057,-30,30617.3,200000,11918.54,5018.43
1007984,100179,-33,29256.81,100000,10860.18,12205.02
1002290,201073,-20,77438.96,100000,4573.76,26917.62
1004726,201501,-17,90451.84,200000,6383.08,9203.5
1000949,107935,-5,74232.37,50000,18776.81,29530.25
1006409,104348,-20,44806.38,100000,19289.69,6067.65
1006012,102177,-22,52888.01,100000,12333.71,18477.73
1009600,201740,-23,98548.76,100000,3075.59,21559.91
1003953,103589,-20,45460.69,100000,738.32,1712.76
1003227,108841,-7,97599.64,100000,4925.79,19024.42
1007506,108843,-27,12936.36,200000,15880.53,19250.62
1001753,103214,-29,52307.9,200000,23512.11,18008.31
1003997,106822,-7,64335.69,200000,7204.87,37149.71
1003754,106415,-22,1271.11,200000,17499.62,4243.5
1001552,104815,-31,96796.15,50000,2127.33,7100.06
1008832,101967,-4,39525.01,200000,4231.84,19642.41
1007745,104982,-3,33908.39,50000,3452.06,5119.69
1009610,201097,-5,7486.55,100000,19687.37,2460.43
1007833,108715,-16,42603.58,100000,10390.75,11095.74
1008502,103492,-26,16595.7,200000,2387.5,4210.05
1001698,100512,-9,44883.13,100000,1389.42,2485.22
1007886,100587,-27,84263.28,50000,2789.05,4991.23
1007420,109758,-12,29127.87,50000,18263.95,1904.13
1008931,101406,-18,32375.63,100000,1361.19,17263.23
1007072,107118,-25,21616.76,100000,10971.84,18038.5
1009117,102161,-15,53253.47,200000,8217.62,7007.49
1003091,106023,-22,19582.18,200000,10689.2,4507.35
1004934,104484,-1,74164.08,200000,5153.3,1650.86
1000415,108965,-34,993.5,100000,165.53,810.23
1006298,102930,-24,6352.77,200000,5583.63,4306.58
1003773,105793,-3,23922.7,200000,10635.14,14931.11
1008739,101590,-18,22082.79,100000,30921.41,32766.45
1007655,102836,-28,167759.31,200000,12950.83,21834.16
1004191,103827,-3,41766.68,100000,10619.34,10380.48
1003702,200965,-8,61369.71,100000,5700.89,26257.27
1008341,103301,-11,17337.52,200000,4136.64,1539.02
1009577,106926,-11,96413.06,200000,6634.31,13860.46
1005381,106001,-26,37262.47,100000,10899.73,18295.09
1002616,104937,-14,14871.04,100000,6456.42,8525.49
1008828,105939,-33,40105.25,200000,3037.01,958.19
1009127,107066,-27,44009.67,200000,833.64,15563.64
1008499,103040,-26,44927.83,100000,10105.91,8746.77
1005211,109607,-33,1631.45,100000,13668.3,15173.85
1000969,109287,-29,68669.91,50000,3667.2,480.43
1002233,105999,-35,15998.24,200000,9014.41,5341.84
1009905,108895,-15,125852.86,200000,1132.64,10390.05
1005698,200686,-11,9310.66,50000,4465.15,46661.26
1001436,200297,-6,1355.29,100000,5480.35,35937.22
1002856,101736,-34,97451.89,200000,9627.95,17477.32
1004137,200269,-23,145257.75,100000,7377.87,951.85
1005766,102473,-34,16479.43,200000,799.82,4604.07
1005369,109353,-34,2633.41,100000,26064.86,2053.27
1007679,109094,-29,5586.59,100000,2910.2,3263.89
1008893,104573,-14,51880.26,200000,3526.95,4223.18
1000827,104167,-17,11784.97,200000,12815.21,28559.26
1007953,109006,-15,57600.66,200000,13313.61,8104.54
1005161,104317,-2,34923.58,100000,1118.95,24691.31
1009490,200498,-35,139034.3,100000,4868.11,10552.57
1003656,100071,-23,42391.45,100000,24460.96,17847.77
1004289,109991,-3,14742.5,200000,2564.33,26578.39
1004293,101595,-9,201233.84,50000,4478.76,20527.25
1003461,103419,-31,33596.08,100000,4643.78,55725.71
1007670,101572,-12,31526.0,200000,3565.2,15854.21
1008437,105397,-33,173751.99,200000,8485.53,28654.9
1007759,105972,-17,157536.02,200000,4000.92,32577.14
1000581,104701,-20,1805.62,50000,5526.26,22027.88
1006715,101388,-28,14558.24,200000,23018.9,32218.52
1009186,201249,-26,3904.16,100000,6002.37,11210.84
1003504,201669,-6,8751.46,200000,4882.58,12975.6
1003777,201092,-28,111362.1,200000,46742.2,2341.33
1004368,103413,-15,84822.7,200000,11134.83,2093.38
1005848,105713,-25,4810.04,50000,21382.57,13058.85
1004982,106443,-9,18397.24,50000,243.41,18693.16
1008395,109471,-20,6007.27,100000,2284.1,57907.59
1009239,107166,-27,22883.5,50000,30705.9,18061.03
1009202,102132,-20,130505.59,50000,2280.54,5822.98
1009341,101333,-28,100109.3,50000,8655.95,14367.48
1006716,106606,-13,33606.4,100000,2977.5,3579.82
1003184,201086,-29,30688.65,100000,7014.28,8123.51
1006410,201888,-26,74603.59,200000,15033.01,13393.62
1004423,108721,-17,6856.38,50000,5171.33,10317.11
1008182,107224,-30,20313.98,200000,4244.46,2579.59
1002436,104570,-24,237679.31,50000,4822.94,9471.55
1002742,107986,-31,43370.73,100000,3878.13,27347.95
1004202,103089,-26,2035.41,200000,3507.39,33490.24
1006701,200250,-28,41487.26,200000,4440.43,2406.74
1004730,109305,-32,11568.16,200000,10601.61,13669.71
1002739,107386,-18,60193.58,200000,40347.2,7844.83
1000689,105541,-31,67246.9,50000,3865.38,18402.9
1002186,100015,-17,10060.94,200000,1309.0,15503.63
1001492,106226,-22,43683.87,200000,7385.31,9952.34
1008289,109567,-26,37730.47,200000,2241.66,24627.33
1009569,201378,-4,82257.47,50000,16070.22,14391.85
1009996,108552,-4,19391.03,50000,11292.97,27393.17
1004575,106866,-15,48778.32,200000,2627.55,8272.16
1001945,100699,-15,34991.36,50000,47160.94,5903.68
1007851,200569,-34,35324.12,100000,11550.77,18408.03
1003487,109709,-22,21278.23,100000,3618.0,62898.31
1003211,103797,-16,2010.66,200000,10753.83,2584.18
1001750,104618,-31,51306.43,200000,1381.96,23163.13
1006335,103008,-21,91000.3,200000,11288.69,5830.06
1001641,107832,-25,24892.73,50000,902.16,5701.8
1005741,105069,-28,164562.28,200000,24277.01,12101.58
1007395,106505,-1,55021.25,200000,15775.92,2745.64
1006307,101958,-9,8878.83,50000,2469.46,667.94
1002783,201261,-11,8207.63,50000,10058.43,74966.59
1003774,107251,-19,230873.57,100000,4535.0,7947.04
1004774,107491,-22,10741.83,100000,762.21,21130.07
1001961,107280,-31,55784.82,200000,42216.09,4410.65
1005205,201059,-1,173611.48,50000,17535.64,7411.31
1001818,109014,-2,71933.84,100000,7942.64,40866.48
1003970,103665,-23,18413.72,100000,4680.32,17402.07
1002623,100088,-15,7629.65,100000,5033.93,1406.53
1002972,201482,-11,21940.15,50000,12921.39,2808.73
1004064,105329,-11,1290.92,50000,14013.64,4305.21
1008778,105915,-16,61461.13,100000,141.9,14534.78
1009980,109107,-20,89262.65,50000,2106.49,5238.24
1003653,201356,-7,33635.37,100000,15801.62,27767.46
1001078,103131,-18,46188.28,200000,12319.01,18449.55
1000092,101026,-10,3377.61,200000,14322.54,9105.52
1003217,103774,-10,196157.77,50000,253.36,14097.18
1006061,100493,-2,36355.27,200000,8888.09,18460.99
1009135,105892,-18,41132.72,200000,1430.2,5494.62
1003344,103517,-8,8887.97,200000,5444.55,44552.93
1001513,106450,-17,9713.95,200000,1230.47,1019.76
1002437,104022,-14,48135.53,200000,2494.96,1155.79
1003823,106693,-12,18796.47,200000,2127.88,30868.92
1009544,104275,-16,109676.38,50000,17177.5,5715.94
1002065,106515,-22,5351.16,100000,6004.99,2729.65
1001865,200513,-2,113868.48,50000,21920.7,3124.15
1003569,100375,-26,86672.58,100000,10017.93,30991.24
1009574,107996,-6,15072.71,50000,4628.14,474.46
1002074,108334,-33,1058.9,50000,17957.03,15909.86
1006424,109325,-31,2330.5,50000,425.2,3969.32
1008789,101870,-11,30118.24,100000,11015.84,26537.82
1007302,107683,-17,39614.64,200000,31775.65,17892.56
1009432,109409,-34,68171.09,100000,19807.43,14328.55
1004981,105793,-24,142708.31,200000,973.39,1551.9
1003307,100921,-24,8765.48,50000,1849.22,495.6
1004911,101605,-21,30890.75,50000,10122.73,1700.55
1009015,102495,-7,3158.5,100000,46011.04,7121.73
1003507,105482,-32,97088.32,100000,3112.9,8311.23
1005022,201998,-29,12182.89,200000,217.72,8609.18
1005668,200402,-30,14226.96,200000,2002.08,919.06
1005888,201433,-29,13979.98,100000,5164.96,4802.5
1007729,108674,-30,68403.07,200000,142.28,7287.25
1002151,105014,-18,21629.93,50000,753.48,3064.67
1003360,109550,-26,76550.81,200000,1911.38,25832.05
1007141,104077,-23,17253.85,200000,6191.46,8627.18
1007235,100162,-9,25066.36,50000,9669.56,9368.69
1007172,200613,-25,210635.41,50000,2978.86,770.78
1005791,109330,-9,21057.53,200000,6822.15,1989.98
1006287,108126,-29,130551.9,50000,1967.38,2772.28
1009015,102495,-18,60454.27,200000,6305.71,43551.3
1007067,200133,-11,17557.67,100000,10966.52,3978.47
1000618,107727,-25,57859.1,50000,4320.25,4392.6
1009551,109409,-25,59746.71,100000,21089.4,8519.78
1008864,201969,-33,90045.34,200000,2885.51,59002.58
1000826,201361,-20,67066.32,50000,9647.13,3316.11
1009989,100974,-13,61993.64,200000,2593.6,965.51
1009614,103307,-23,70197.47,50000,22467.58,17460.18
1007192,100781,-3,95318.01,100000,1621.08,8272.81
1000913,201152,-35,57890.63,200000,5047.84,1977.55
1001920,101186,-12,35148.2,200000,4127.02,16885.08
1000079,201945,-32,52690.81,50000,26118.93,46.13
1004668,106773,-22,96216.62,50000,8775.78,15040.95
1007407,104239,-24,365.63,200000,2316.8,17631.94
1004474,102232,-7,2208.0,200000,3278.8,24903.97
1003007,100039,-33,35562.47,50000,4579.43,7425.38
1009240,103389,-23,6997.77,50000,24241.01,8570.83
1003791,201622,-4,17061.52,100000,4866.39,1145.79
1002866,107068,-6,39452.24,100000,3211.8,5491.51
1008136,102117,-33,57619.35,50000,2181.22,25628.88
1009825,201995,-19,2012.4,100000,28128.9,4848.9
1009571,107519,-28,114849.1,50000,10333.66,14123.6
1001255,100631,-14,22307.71,200000,13292.14,10916.65
1000135,105050,-5,95604.69,50000,15731.7,11585.56
1008249,109103,-21,2209.01,100000,207.81,9093.53
1005853,106597,-17,31398.0,100000,28493.44,24047.22
1008500,200389,-15,43888.5,50000,28198.66,14625.72
1002364,201154,-7,82169.32,50000,2357.59,11311.32
1003686,201154,-14,46735.28,50000,33482.86,34307.36
1005710,103489,-13,18997.79,100000,544.69,2411.86
1003263,200433,-20,52955.16,200000,10694.33,2741.62
1006349,103042,-31,148128.53,200000,21104.87,4906.21
1009694,109668,-26,11731.53,100000,36781.87,27370.64
1001666,104392,-17,81037.42,200000,23618.63,35490.98
1009040,102293,-3,34201.1,200000,18856.43,7546.12
1000850,201305,-10,38584.11,100000,20620.84,1617.01
1000949,107935,-35,52086.2,50000,28470.81,23143.59
1008929,200742,-16,94919.77,50000,2018.79,18100.52
1007233,109635,-13,111911.4,50000,22.96,15106.61
1009882,107193,-11,67348.29,50000,27.7,8488.86
1000416,105843,-7,13017.18,50000,2307.12,4305.63
1001435,106129,-3,61664.25,100000,19350.33,4091.16
1004325,108592,-33,16825.03,100000,14207.12,28993.06
1006504,109086,-11,91625.38,50000,6872.03,29949.51
1002183,102900,-8,88748.52,50000,3552.86,1932.12
1001229,201240,-26,57168.05,100000,10106.53,4657.27
1007865,106779,-35,32480.08,50000,1592.23,17762.79
1008988,109531,-17,55388.03,50000,2518.53,19416.03
1004719,201238,-29,37893.96,100000,15463.26,33843.84
1003628,109194,-2,11267.47,100000,5692.28,10731.69
1001058,102048,-2,51155.35,200000,13085.15,35799.77
1001376,103377,-28,59984.62,50000,6503.41,4275.45
1008918,200640,-32,3105.15,200000,1112.58,6109.29
1006556,105591,-30,116333.48,100000,3280.84,13819.7
1000097,102942,-6,22256.46,50000,7807.19,2072.06
1000314,109486,-32,13713.52,50000,23867.57,3592.01
1003872,201380,-15,35712.13,200000,8755.43,11402.93
1008201,102094,-14,5605.78,200000,1281.6,8569.37
1008468,106717,-16,29302.29,200000,7659.53,3557.41
1005029,109844,-25,47698.61,100000,6150.3,24724.12
1002713,109295,-29,16920.42,100000,5058.18,17651.7
1001639,104260,-27,1994.69,100000,3478.69,6842.57
1007702,201967,-7,70536.61,200000,2360.75,19924.25
1009308,108846,-13,32635.63,100000,6064.13,10134.9
1000313,106966,-29,135148.51,100000,14756.39,1221.57
1002827,105909,-18,9576.44,50000,1371.46,2188.19
1006143,104309,-11,102728.73,50000,2101.59,10188.78
1000071,105512,-14,14165.94,50000,6505.71,1637.43
1002998,102791,-30,31074.31,50000,4769.19,3673.55
1004152,101466,-24,13177.73,200000,9161.94,30736.9
1005325,101663,-19,44804.25,200000,7294.01,6622.76
1007832,102844,-15,35349.86,200000,34.42,3972.77
1005780,106728,-23,8337.77,50000,14288.4,2678.55
1002253,100261,-27,57192.11,200000,1530.93,11621.66
1002461,106671,-34,62868.13,200000,1100.86,7200.06
1004164,100294,-22,12546.02,50000,1421.5,18255.53
1009965,104681,-31,42542.4,50000,21144.58,7666.39
1006962,200052,-17,83410.27,100000,9167.13,14306.62
1003431,107653,-14,82288.54,100000,8113.09,26280.53
1005573,105190,-18,9339.11,100000,8045.63,2298.92
1000201,101028,-31,2203.9,100000,4055.04,37740.17
1006120,109964,-25,58881.84,100000,12364.26,1020.85
1006804,201424,-12,23100.1,200000,7115.56,43619.27
1007371,102871,-31,53264.45,100000,8985.99,14376.27
1001215,100794,-4,25692.23,50000,9550.5,45580.26
1006461,108244,-10,377650.25,100000,3628.65,21684.28
1002069,101888,-33,37422.95,200000,15186.07,25078.5
1002136,107153,-25,22438.11,50000,7393.69,4323.89
1006982,104021,-28,43605.99,50000,8034.05,13416.03
1008953,108049,-32,4747.25,200000,2357.76,9893.0
1007262,107932,-16,20497.7,50000,6585.6,4798.14
1005970,106546,-13,64350.23,50000,22918.25,354.58
1004233,101005,-21,30497.77,100000,2734.37,4238.02
1000627,107129,-17,67763.62,100000,7952.33,6243.15
1009013,104327,-13,31254.41,100000,1160.94,3158.6
1003627,101992,-19,85596.99,100000,3453.78,13739.24
1003402,200034,-26,15258.61,200000,8392.62,4652.88
1009322,103886,-29,4148.27,100000,33498.77,1156.13
1009808,105128,-3,127149.03,100000,5543.29,639.45
1003095,201139,-21,82514.21,50000,4735.28,6102.5
1007494,101570,-12,70649.7,50000,1034.7,4478.4
1002921,100134,-1,45440.91,100000,4924.58,10734.55
1004471,201384,-19,13067.72,100000,2322.57,11393.31
1004022,102825,-17,156629.84,200000,1961.59,20511.89
1007762,100136,-1,46085.82,100000,1419.08,16083.24
1008421,108458,-1,36882.06,50000,3705.67,2567.16
1005050,105608,-16,16843.51,100000,3508.37,5759.95
1000511,106475,-33,69019.49,100000,11182.17,1456.82
1003261,109342,-11,24819.38,200000,2156.77,3851.6
1007623,101450,-9,14591.6,200000,5051.66,6019.02
1005843,105443,-15,49725.79,200000,16125.48,23160.24
1007597,201819,-35,7127.14,100000,7734.29,11237.22
1003460,104230,-11,80945.77,200000,865.78,12323.31
1003434,108018,-11,33720.66,200000,15653.25,24276.24
1007937,101312,-34,66415.45,100000,13944.15,34145.05
1009229,107171,-32,21123.52,50000,1174.93,43264.52
1009854,108433,-27,48648.67,200000,9393.61,7001.26
1003087,104889,-24,16863.41,100000,8405.43,5588.23
1004868,102792,-11,2673.31,50000,8544.21,464.42
1004438,102861,-21,55122.65,50000,3659.23,62637.05
1001593,107763,-32,108028.75,200000,11239.18,9962.71
1006429,103030,-24,39552.38,100000,2810.88,16870.14
1005796,102541,-21,4573.04,100000,11881.54,940.01
1002002,102760,-22,5065.58,100000,3605.97,7200.17
1002624,101300,-24,66936.22,200000,5160.54,21358.81
1005579,104649,-18,99708.06,50000,25460.53,21796.78
1005536,101788,-32,125989.72,100000,34084.76,18982.91
1004949,107828,-18,65384.93,200000,39765.74,1189.15
1008784,104192,-33,27860.05,100000,4858.11,7318.28
1000044,200392,-30,24868.68,50000,10715.9,5601.93
1003175,201678,-25,16201.89,50000,5656.69,14696.85
1004083,109143,-18,56803.9,50000,938.64,399.28
1004709,102359,-30,19315.64,50000,13759.93,11873.45
1007954,106958,-18,22311.27,100000,28029.27,30356.72
1009991,200056,-32,11537.57,100000,4912.93,4106.78
1001506,107025,-8,76425.26,100000,50128.04,24228.55
1000295,105972,-1,125292.6,50000,3773.21,7054.31
1003893,107637,-23,18540.26,50000,37.18,25434.61
1009175,102791,-34,26947.86,200000,5208.39,5027.32
1004964,108805,-12,107362.58,100000,13203.51,8315.19
1006460,106847,-31,20224.5,100000,9055.08,7670.48
1003800,200692,-16,17590.79,50000,21506.21,3062.7
1000408,201074,-34,52726.6,200000,2035.32,24172.53
1005436,100041,-29,65254.74,200000,852.87,8719.41
1006310,109882,-27,1055.79,200000,39224.63,246.99
1003285,101366,-32,16870.08,200000,15061.83,6038.3
1001511,104126,-5,5918.4,100000,507.94,10353.15
1000225,103167,-8,2587.34,50000,530.26,7185.43
1007379,105388,-21,13375.13,50000,1521.44,9142.54
1008836,100740,-20,2479.92,200000,924.59,27999.13
1007032,107633,-22,27241.39,100000,32841.48,4416.26
1002268,107470,-13,29172.49,50000,2142.16,6513.82
1007065,102518,-35,57848.51,50000,2710.88,19751.96
1001115,200990,-26,116542.34,100000,2457.94,21625.29
1008415,106371,-26,314375.55,50000,8216.92,2707.54
1008218,107554,-18,51954.72,200000,26783.33,2164.4
1006803,100438,-34,10796.47,200000,18724.22,3287.99
1006782,200241,-21,20884.83,200000,13918.56,20232.83
1007593,103259,-7,65543.12,50000,2320.23,20079.84
1001486,109032,-26,53286.46,100000,9184.09,18570.75
1008839,100692,-32,72313.46,50000,1024.31,1711.63
1000052,201234,-14,76359.2,100000,10943.31,1067.08
1000779,101957,-1,15819.97,50000,6324.13,6171.28
1005464,104606,-9,20190.23,200000,7940.42,52476.33
1001003,200673,-13,25205.37,200000,2478.33,3546.37
1007589,201626,-18,41911.75,50000,38.48,41056.01
1006852,105388,-3,8592.97,50000,1027.35,29077.44
1008702,200515,-31,131826.57,50000,22519.84,2768.33
1006448,101039,-22,53192.44,50000,3023.68,18163.16
1007530,201320,-12,9965.45,100000,7753.68,4841.82
1001988,102666,-18,34023.88,200000,12283.51,20625.75
1008972,103434,-31,31160.01,100000,12692.46,9856.75
1003619,106971,-18,50169.08,100000,13498.5,8654.82
1009857,108086,-6,10308.3,200000,2050.58,12441.77
1003699,109948,-23,48141.31,100000,8648.2,6154.81
1000599,201186,-2,87594.33,100000,16883.5,1199.99
1007653,106349,-30,18968.04,100000,14410.34,12664.97
1002034,107227,-21,68209.75,100000,7602.82,3577.03
1008275,109049,-13,17035.31,100000,5396.14,28912.56
1004619,108952,-6,168.24,50000,4048.49,2092.64
1006612,102386,-17,30768.82,50000,32480.32,49555.71
1002136,107153,-12,63804.68,100000,6294.07,2888.41
1006773,109682,-23,3939.37,50000,2712.79,15186.15
1008825,107572,-1,44689.13,100000,4991.78,26909.05
1002802,105473,-10,79038.65,100000,45309.55,5538.93
1008380,105863,-10,49876.44,100000,1584.48,30085.37
1006191,106589,-29,29571.07,100000,8552.41,6935.25
1006943,200101,-3,213.86,200000,16202.27,1328.54
1001596,102613,-11,59749.56,200000,10456.4,9655.18
1009145,108259,-26,72300.72,50000,3756.12,48463.07
1005697,105968,-31,18340.65,100000,6201.14,2171.69
1004700,106691,-30,33157.79,200000,7974.1,17357.72
1005265,105497,-18,31244.44,50000,426.48,2194.77
1005167,108613,-23,9967.19,50000,436.21,3305.74
1002137,109128,-24,30060.69,200000,1848.17,11228.98
1007979,106376,-13,133318.89,200000,25318.64,152.18
1001287,105832,-9,21490.41,50000,1357.44,172.85
1003829,102960,-34,66981.79,100000,24380.05,41464.25
1001871,105202,-20,34239.02,100000,8765.34,51.26
1002323,106741,-19,12959.28,100000,15237.4,42342.18
1002979,201931,-24,104350.29,200000,25757.83,10601.6
1008555,102587,-29,32863.59,100000,10232.72,1705.45
1007106,106744,-32,14053.76,200000,17780.18,10764.01
1002913,105249,-32,15156.84,100000,4974.08,42327.63
1002432,200373,-19,764.61,100000,10514.92,8808.45
1005440,108592,-23,788.71,200000,3032.53,2148.72
1008395,109471,-7,8758.46,100000,3115.13,15702.7
1003580,102536,-9,135577.21,100000,2773.26,13483.14
1007306,109892,-17,939.4,100000,2158.86,1239.75
1006667,103666,-27,9886.27,200000,7396.91,8308.54
1000406,105688,-21,21911.68,50000,8717.72,31899.42
1004858,100702,-22,22078.84,100000,11751.26,2785.55
1000391,106275,-22,4276.87,200000,368.07,4250.72
1004163,104725,-26,51756.79,100000,5130.35,18136.89
1007375,105937,-9,30452.81,50000,2239.87,5857.52
1004894,104448,-14,3309.58,100000,12135.52,4321.13
1006950,107576,-9,31721.81,200000,6201.02,100027.22
1006916,107103,-10,108379.68,200000,14773.59,7605.26
1008002,102862,-5,3815.62,200000,3791.26,35540.05
1004655,108788,-35,29710.02,100000,11321.97,13169.99
1003021,101183,-34,55268.33,50000,14234.63,21711.0
1007870,105968,-5,65707.96,100000,4431.39,16688.66
1005117,105005,-9,78858.98,50000,444.37,791.15
1004352,109115,-6,31470.21,50000,9224.81,32997.08
1003904,107718,-4,52903.8,200000,9469.14,19123.1
1005317,100507,-7,4673.76,50000,14237.2,35064.42
1007892,200207,-9,41966.22,200000,11095.24,25666.03
1007364,100634,-35,29787.51,50000,6539.15,11840.68
1009930,108318,-22,38029.05,100000,2592.8,23503.03
1009974,104190,-5,35514.93,50000,17276.12,79154.86
1006937,100864,-8,45097.65,50000,3221.07,5734.29
1009556,105562,-8,95522.89,100000,18039.06,32671.58
1007362,106652,-22,46315.37,50000,11349.23,25163.95
1009243,108674,-11,11882.34,100000,4958.43,5100.42
1009470,100278,-25,33609.59,200000,3514.39,6727.06
1007635,201366,-29,74002.99,100000,11312.38,26209.6
1003050,106352,-4,34823.61,200000,20385.94,19429.98
1003867,106117,-17,79173.47,100000,2583.73,3151.48
1006503,105220,-22,40289.3,200000,28554.53,11439.71
1008546,201271,-19,109249.75,100000,8629.35,2446.74
1007703,109599,-15,17776.93,100000,8849.57,9063.19
1004332,100027,-26,33543.23,100000,748.79,11079.14
1005068,106706,-23,17613.1,200000,3691.46,22029.82
1009138,101465,-4,13189.88,100000,3277.06,12756.62
1006153,106379,-3,2365.68,100000,409.22,11194.02
1002192,101549,-26,3281.01,100000,4007.25,14528.49
1005557,102686,-14,32121.77,200000,3120.36,14618.68
1008829,200079,-31,36493.55,100000,1402.04,8703.45
1005911,107887,-18,121079.81,200000,3790.62,10384.91
1007425,100150,-18,110724.33,50000,4123.41,19608.07
1002617,104467,-32,29630.64,100000,8658.79,10775.55
1006495,103942,-16,16381.79,100000,3940.92,5774.7
1006185,102244,-23,113786.12,50000,12611.85,19117.49
1005765,201030,-27,35885.67,100000,802.15,26671.17
1009085,101519,-31,74081.86,50000,6735.99,1439.23
1004704,100716,-17,42472.6,200000,7321.25,8180.05
1007696,105603,-21,14324.38,100000,3534.78,41671.29
1004579,102377,-24,15883.24,200000,2324.48,24617.52
1007280,102269,-4,29279.88,100000,1040.89,17133.29
1009044,200003,-4,32966.91,50000,14031.02,14151.34
1007212,109284,-8,470.37,100000,3880.61,1617.98
1006987,109170,-21,5098.25,50000,7564.2,7904.39
1001036,200257,-12,2475.16,50000,3790.84,7194.57
1005974,101736,-3,174563.39,100000,8873.73,1471.46
1007299,105529,-33,47329.4,50000,11579.7,5309.42
1007684,101389,-25,153900.24,200000,4753.95,1748.78
1003791,201622,-6,6747.02,200000,7675.21,28412.58
1000590,106050,-5,34081.95,200000,22161.55,7283.14
1004896,104361,-21,34404.83,200000,19671.91,18356.15
1004827,102975,-28,60781.49,100000,3899.77,18830.7
1005711,107504,-33,14504.49,200000,10979.41,16811.3
1006131,108139,-6,50190.82,100000,9098.61,1078.32
1004340,109099,-22,15372.31,50000,18884.26,521.38
1009816,107421,-24,20923.07,50000,17853.17,7210.31
1005717,104033,-32,39870.59,200000,1556.85,598.28
1007095,200303,-17,4271.57,100000,411.6,7155.33
1005068,106706,-16,37664.5,50000,15302.93,13398.86
1005371,103432,-31,51225.12,100000,9758.78,33132.06
1002089,102921,-4,111260.82,100000,112.22,9444.56
1000584,106509,-4,14558.91,200000,1539.67,17635.54
1008332,106620,-21,20167.85,100000,11828.06,33517.1
1005091,107548,-10,1758.17,100000,35544.31,14455.93
1003379,200008,-16,122661.03,200000,3163.43,16652.84
1001845,108056,-27,20659.81,100000,4229.36,24683.87
1004397,106866,-10,150200.51,100000,2977.11,17039.36
1006905,101999,-32,26556.44,100000,10571.55,11944.76
1004397,106866,-19,31111.54,200000,3587.81,928.84
1008296,103173,-8,18339.99,100000,4991.17,9241.18
1003635,102852,-33,44.01,50000,2428.76,18244.99
1006678,200935,-18,58090.19,100000,4724.18,7974.88
1002675,102374,-17,2426.78,100000,13786.68,2102.95
1005319,108518,-25,14917.81,50000,7139.35,1777.06
1002563,104578,-24,1342.3,100000,26549.78,19202.77
1000188,102648,-29,162495.77,200000,8073.93,918.75
1002567,107425,-34,15222.47,200000,2255.52,6973.19
1000369,107022,-29,7930.91,50000,8262.77,11116.71
1000857,107977,-27,5232.06,50000,7471.2,2275.59
1006318,100801,-7,69025.99,50000,23.75,3640.48
1006079,105086,-21,29073.37,200000,5407.48,525.64
1001156,108326,-5,180323.09,200000,32968.08,1061.13
1008681,107941,-6,28091.78,100000,5343.26,19797.99
1005962,201808,-33,46710.93,50000,5263.86,2781.8
1008779,107456,-9,191013.81,200000,8608.94,17498.05
1000284,103755,-17,36079.0,50000,11918.69,77.33
1007019,201592,-21,49908.09,50000,5125.99,9974.2
1001279,107362,-18,24104.46,50000,682.24,22696.19
1003787,103380,-6,44300.25,50000,2971.9,13021.98
1000424,103042,-19,97576.91,50000,6515.06,9480.7
1004471,201384,-19,37195.25,50000,14799.45,5373.67
1005197,107045,-8,40629.42,50000,11398.34,17377.39
1007876,102441,-33,181778.63,200000,12012.65,22881.13
1008156,200181,-19,21745.79,200000,383.93,8199.36
1000775,201777,-19,16064.08,200000,13757.24,8828.47
1009847,103354,-15,121989.09,100000,722.97,37888.55
1002695,103148,-27,8011.21,50000,2722.39,5712.57
1005684,200448,-6,57493.72,200000,2815.81,12020.47
1001238,101830,-25,94294.21,50000,4169.29,12317.69
1006042,108504,-31,248309.88,200000,986.05,28044.44
1004873,201327,-24,12641.76,50000,24281.28,24933.94
1002460,200372,-23,31212.43,100000,8242.14,7650.03
1004848,109379,-31,44426.01,50000,7763.93,9298.31
1009427,104164,-12,54648.13,200000,3281.7,89616.59
1009881,100887,-17,8021.31,200000,13943.9,4055.3
1008847,109026,-9,10977.37,50000,3160.82,549.86
1005338,105874,-23,1099.4,100000,3333.07,7339.49
1006899,106447,-26,26507.42,50000,65.48,4218.82
1008727,103138,-33,60307.52,100000,7623.49,6379.92
1007996,106331,-34,19813.2,100000,3447.78,12035.34
1000274,106528,-13,92715.8,200000,3969.32,22902.93
1000240,103048,-10,13780.59,200000,13258.58,6160.16
1004093,106305,-6,77477.78,100000,11905.03,1998.87
1001712,201130,-28,30490.19,100000,5120.82,8232.62
1003444,101235,-6,133210.54,200000,4429.51,8299.85
1008524,200319,-6,75870.7,200000,1108.92,8232.52
1005383,108616,-22,47750.79,50000,316.07,4674.35
1006032,101762,-3,28771.01,100000,14430.05,5057.26
1000185,101927,-10,151853.82,200000,26157.59,21046.17
1002598,106855,-4,180491.41,100000,2678.93,7432.43
1001043,200071,-19,899.13,200000,733.53,246.16
1006011,101099,-15,28886.55,100000,9574.2,1868.81
1009123,101403,-8,9462.89,200000,3219.89,9440.28
1006115,109276,-29,6279.44,50000,26215.31,15970.68
1008965,100344,-17,5947.17,50000,1412.54,6250.28
1002094,102457,-25,7175.99,50000,558.2,5870.04
1005502,108047,-9,15067.55,50000,5921.64,16342.2
1000466,108706,-12,33450.23,200000,31677.08,22965.68
1006420,107307,-12,486.33,200000,7066.04,2381.49
1001461,200752,-4,21683.94,50000,13016.73,3451.52
1007997,108343,-20,32318.04,50000,13262.96,4651.32
1004670,109680,-6,6611.79,200000,5762.07,3607.57
1008061,200852,-9,154036.85,50000,17486.67,14160.36
1006978,106852,-13,9288.98,200000,41422.26,1844.6
1002349,109715,-8,142059.02,100000,2390.72,11381.9
1008833,104112,-5,20859.07,50000,7628.25,2544.45
1000273,105102,-11,18536.61,50000,5694.21,30907.51
1004117,109865,-23,83746.07,50000,4488.07,18429.86
1003856,105856,-10,50443.72,50000,13722.21,15596.2
1005565,108228,-14,22115.0,200000,1588.98,2525.86
1006939,106819,-1,45493.53,200000,11639.41,34496.58
1004210,109181,-11,31127.44,50000,4786.52,9305.55
1001901,201567,-8,28986.26,100000,14168.53,15954.89
1004237,201146,-5,51477.13,200000,16468.07,2254.49
1005291,103847,-6,7937.26,50000,34939.03,62445.04
1006692,103963,-15,36953.02,100000,951.24,17470.63
1009824,104451,-11,12338.36,200000,8281.26,7218.05
1000836,109585,-12,58648.66,100000,5721.11,37257.63
1005846,107800,-17,41758.08,100000,10596.19,3059.42
1000653,103453,-12,88862.94,50000,3056.81,61749.73
1002187,107801,-30,9753.44,100000,4446.42,2343.71
1006485,101893,-6,29616.85,50000,1383.44,8763.36
1009986,106240,-17,16122.61,200000,36605.97,7116.58
1003949,104758,-20,104768.06,200000,8048.04,6397.09
1004231,200103,-28,36336.93,50000,11680.75,5055.19
1003743,104191,-13,64157.09,50000,18062.84,893.6
1001106,109941,-16,128571.74,100000,26995.44,2474.0
1005909,104329,-9,26625.37,200000,2435.91,146.62
1001579,102696,-11,3495.37,100000,2942.48,20088.07
1002473,109614,-12,63557.05,100000,9117.0,42942.09
1005781,200431,-9,90939.27,100000,2196.33,122124.79
1006336,109166,-3,2538.11,200000,1950.77,912.26
1009162,108003,-20,70705.51,50000,16940.93,6061.34
1001726,108460,-7,10841.5,100000,13226.9,624.35
1006422,108517,-12,101692.53,100000,6533.45,11665.43
1003999,102133,-18,13425.44,200000,2600.7,50525.26
1008973,100474,-14,48914.78,50000,21983.67,2931.87
1003450,101839,-20,99313.35,50000,14717.66,2580.65
1008736,100526,-14,90228.57,200000,22359.38,2390.06
1003264,101345,-27,21229.72,100000,5685.71,4472.93
1001083,106451,-25,57361.97,100000,46745.14,6078.05
1000489,201683,-7,26085.72,50000,4199.33,7120.76
1000429,108014,-7,26544.02,100000,2494.83,429.71
1001587,109674,-14,25884.11,200000,4029.26,4618.72
1007642,107667,-33,116784.33,200000,2180.36,13233.61
1003877,100527,-28,4989.04,50000,20225.1,11719.43
1002984,108600,-31,193691.82,100000,9745.52,43508.65
1003188,106206,-18,39668.45,200000,9701.01,5251.88
1000434,201699,-4,24212.45,100000,6230.52,3701.27
1005785,200463,-14,29102.16,50000,28821.51,16629.32
1008951,109607,-22,5068.31,100000,6457.48,18781.31
1002592,109113,-21,2442.93,200000,25256.69,44679.76
1000513,109409,-33,43166.87,50000,11707.83,23348.91
1007249,103554,-25,10650.07,100000,13447.08,21191.39
1008096,108562,-4,37179.23,50000,177.18,7342.97
1005528,102267,-15,87069.29,100000,6530.76,750.77
1000488,105178,-12,8309.9,50000,4039.37,27126.79
1001167,102819,-6,66362.34,50000,3979.94,9793.61
1001467,103124,-11,79668.01,200000,15531.34,11637.53
1008672,107326,-16,41898.3,50000,27141.66,21597.52
1006193,201678,-12,42911.85,100000,5773.8,10278.97
1009100,201818,-27,110860.35,100000,6030.77,33380.03
1000373,201578,-31,120156.75,200000,8342.45,31250.86
1004357,109048,-4,36931.43,100000,5240.85,285.19
1003805,102190,-21,136388.54,50000,19941.24,17287.45
1003493,100500,-33,39413.82,200000,7588.47,1909.51
1002894,201746,-21,20476.52,50000,8477.92,20215.34
1009523,102893,-20,30175.67,100000,1760.74,5184.04
1000711,101176,-17,75312.93,100000,22198.03,16752.27
1003298,109668,-1,61353.34,50000,18498.9,4947.73
1004574,108010,-9,163402.4,200000,6002.51,516.92
1009570,109027,-7,48382.64,200000,6509.2,24828.02
1009318,105309,-32,87736.91,200000,2303.34,5603.06
1000402,108099,-18,31590.0,50000,5766.49,5685.48
1008945,100874,-2,15088.66,100000,2040.41,19028.08
1000661,106168,-17,41092.5,200000,21186.05,3989.99
1006785,103271,-7,761.23,50000,17176.16,26466.95
1005246,107891,-16,30257.16,200000,99.27,45245.4
1004268,108565,-1,18154.41,200000,8527.52,2512.29
1004254,106477,-15,4625.31,50000,11797.53,6998.52
1009794,201405,-14,5903.93,200000,184.22,11944.0
1004678,200357,-23,113949.08,200000,19518.48,7451.86
1004719,201238,-11,55676.61,200000,979.85,1625.09
1002248,108997,-27,18366.7,200000,11182.43,19293.59
1001424,106283,-31,339917.52,200000,3229.43,63010.4
1009484,102591,-9,19765.4,50000,29479.08,36083.02
1001262,108812,-4,85217.61,50000,13039.76,1043.69
1001307,107874,-1,159781.84,100000,27992.18,6904.33
1002000,109916,-22,14020.23,100000,4438.62,43702.45
1000615,200009,-28,1595.63,200000,41436.38,10305.79
1007004,106933,-22,79157.8,50000,3347.05,18675.41
1005307,100991,-28,68959.07,50000,5152.29,117.01
1008829,200079,-19,23600.66,100000,7987.67,10321.29
1001540,106470,-27,16646.99,200000,9666.37,10764.33
1009687,108257,-24,5928.16,100000,23074.84,7840.69
1000250,109661,-10,44667.69,50000,15162.8,6351.59
1004173,104334,-34,39989.24,200000,4963.77,23371.99
1009891,106769,-9,76813.98,200000,10808.62,817.54
1006035,102927,-5,125729.54,100000,25702.67,3379.78
1009975,106544,-34,106691.6,100000,10337.53,3062.68
1001416,106234,-28,2561.15,50000,14660.18,47538.62
1001268,101531,-14,172074.52,200000,8197.76,15839.26
1006386,104221,-9,9894.77,50000,19330.08,4985.06
1008788,106583,-27,12784.72,50000,15651.38,313.93
1001431,103444,-15,19670.4,50000,22108.1,2775.43
1001597,103577,-4,10158.72,50000,10477.17,1169.55
1006363,201462,-15,64031.51,100000,1113.79,3811.59
1004601,102472,-14,13196.52,50000,2586.51,10090.34
1005628,106424,-14,9590.04,50000,8695.73,16667.08
1005472,201272,-22,9447.78,100000,2407.7,6960.6
1004774,107491,-30,57071.14,50000,3408.6,15615.63
1006080,201184,-11,8825.22,100000,8723.73,18837.15
1009370,102383,-27,64741.37,50000,1340.32,28292.17
1007555,104937,-8,155419.97,200000,85414.45,3666.38
1007787,108959,-23,11539.67,100000,16109.35,5629.22
1008148,101278,-6,114437.76,200000,43089.45,9864.49
1002764,105016,-7,48016.3,100000,7222.5,17469.36
1008510,201642,-31,129441.72,100000,2137.76,1452.34
1007351,103444,-2,93313.66,200000,4955.09,8779.22
1003818,201631,-11,33205.74,50000,5340.75,18891.62
1008393,200281,-26,21372.68,50000,16587.48,21613.88
1001139,201168,-3,44769.48,50000,31145.76,1500.49
1000122,100910,-16,22741.47,200000,7207.09,5283.04
1005201,102063,-12,23040.61,50000,3208.61,32095.05
1002790,201671,-29,8694.93,200000,21793.15,6551.99
1005436,100041,-19,33497.46,200000,6800.94,1910.64
1008736,100526,-3,69954.98,50000,9882.86,2639.25
1005821,103121,-11,72612.75,200000,11715.91,34288.94
1008934,109746,-1,48731.04,50000,24609.5,5294.58
1009636,109474,-5,9555.41,50000,4108.99,2034.07
1008909,109483,-16,1087.1,100000,44425.11,21306.2
1000734,102621,-34,45285.81,50000,30243.71,1125.69
1004609,106121,-22,55684.89,200000,2671.16,5511.37
1008495,101867,-33,5677.59,200000,11644.51,11492.56
1006808,109992,-9,215.23,100000,787.91,8477.46
1006728,107735,-7,13455.6,200000,40646.46,30821.66
1006084,200987,-11,20368.8,50000,15786.19,24493.73
1007113,101258,-23,130798.93,50000,14930.71,6123.09
1007383,101838,-1,47842.87,200000,4264.71,34675.15
1006292,106145,-20,2432.41,50000,5372.74,5002.55
1009305,102669,-24,19528.91,200000,14067.33,3410.2
1005935,200559,-24,69321.1,100000,11328.61,10869.23
1006757,107611,-13,55864.91,50000,24654.09,10082.15
1008731,104285,-32,24078.77,100000,6004.44,8974.49
1003755,101857,-27,28372.74,200000,8920.86,10850.86
1004202,103089,-32,33066.54,100000,7548.87,24436.22
1001351,201476,-2,98663.79,200000,13056.38,65974.24
1009184,100545,-2,89443.14,100000,1984.76,2159.44
1001991,105869,-27,5472.61,200000,5429.77,5565.58
1001970,201304,-4,15654.01,50000,10750.65,77.41
1002682,108823,-11,19164.89,100000,16476.76,8165.22
1009313,103977,-25,60421.86,200000,10280.15,5602.67
1003684,104821,-26,26203.94,50000,4463.73,1375.08
1004723,105323,-27,119794.2,200000,6186.46,12575.04
1004897,108574,-20,131287.08,50000,33749.08,13628.06
1003459,106207,-11,16134.14,200000,5071.49,21496.91
1001318,100294,-28,18401.28,100000,38085.28,20733.24
1000200,104417,-14,3638.78,50000,832.56,1140.47
1006233,201040,-1,40334.68,100000,50975.56,36401.13
1006337,109259,-25,30249.76,200000,4615.78,19938.03
1007784,101007,-33,73008.89,100000,5392.41,5703.19
1005344,109910,-12,23487.82,50000,67371.52,20965.84
1003702,200965,-33,113200.77,50000,9330.78,9627.52
1000670,109468,-18,13639.95,50000,4097.81,3668.42
1007278,106301,-13,6933.65,50000,2293.51,1782.86
1005271,100001,-28,20150.29,200000,4019.68,44440.99
1003931,108350,-17,49198.95,100000,1313.46,38944.57
1000329,101994,-9,38454.82,50000,46939.62,8245.45
1004292,109209,-18,1393.48,100000,1546.34,5453.24
1008282,108650,-33,69383.41,200000,10742.92,1646.04
1008617,102798,-11,16666.69,200000,14228.44,668.95
1009076,108034,-20,140859.27,50000,573.06,4663.89
1000685,104691,-1,10084.06,50000,6715.82,20697.75
1006899,106447,-14,16406.07,200000,5752.61,20045.81
1000662,107828,-34,24697.56,200000,3230.0,8510.53
1001368,201809,-2,30724.16,50000,8226.94,29236.28
1001548,109267,-28,13954.04,200000,17059.66,7855.56
1001333,106438,-14,57632.56,100000,9212.3,20117.18
1004887,103919,-8,286048.93,200000,17178.1,11064.41
1004840,101030,-26,29791.01,100000,6874.67,11072.27
1004697,200289,-22,87697.54,200000,43519.06,10962.87
1007251,109068,-30,102815.43,50000,6285.15,580.79
1004930,200304,-20,15719.2,50000,3083.83,4694.68
1001359,102083,-25,511.48,200000,999.88,15323.49
1009515,100047,-22,2508.31,100000,28302.53,42309.67
1005992,100809,-23,19995.87,200000,456.51,71705.03
1006288,104034,-22,35762.25,100000,10899.52,1137.06
1009144,104876,-16,63546.17,100000,27703.09,36109.23
1009298,104761,-8,27485.38,50000,29044.2,5817.95
1006907,108165,-26,109841.64,200000,4511.08,2840.87
1000427,107799,-31,9244.21,200000,37065.01,26033.26
1003939,103080,-22,1708.98,200000,22628.72,405.15
1001086,103597,-19,50747.28,50000,2877.09,4843.54
1008833,104112,-11,46069.96,200000,8507.02,35511.0
1001851,101500,-1,57248.23,100000,4139.65,10390.69
1001896,102807,-7,67518.0,200000,753.01,10380.72
1003456,106653,-20,30908.89,50000,4588.11,36353.26
1000087,107893,-19,105908.56,100000,676.71,36154.52
1000258,101057,-2,19299.91,200000,5597.17,18050.77
1002373,100854,-13,27636.27,100000,7795.96,8571.8
1000940,108534,-31,29423.53,50000,17317.41,7127.83
1000093,107125,-7,17721.56,50000,35131.15,14867.0
1007868,103417,-28,47033.78,100000,22856.29,37692.48
1004507,106741,-10,8885.65,50000,3878.02,11892.18
1001587,109674,-16,35440.96,100000,9084.45,4358.1
1007772,108842,-1,6888.8,200000,7225.19,1182.14
1009579,105374,-19,39729.08,50000,19384.18,1772.56
1005642,101109,-32,33447.82,200000,1374.15,15935.84
1000352,200934,-25,188322.1,200000,6881.98,9100.64
1009320,106303,-34,10847.39,200000,3888.37,17941.09
1008104,101595,-23,5100.52,50000,10231.99,18020.84
1001928,105829,-12,82771.17,100000,2050.02,18095.29
1008805,201247,-12,15430.04,100000,341.94,10428.35
1002222,100269,-13,81749.7,50000,3611.81,19691.27
1002170,106122,-4,10663.0,200000,15346.36,12597.77
1002125,102541,-8,5395.61,50000,12149.41,20546.2
1001190,100403,-32,9095.27,50000,2077.7,13730.39
1000684,100112,-25,15175.31,100000,10197.69,18472.21
1005920,105646,-15,12972.41,50000,5918.69,3283.42
1003568,104393,-24,61125.77,100000,14968.33,3975.73
1007350,200581,-17,8104.4,50000,4360.44,2214.38
1007928,200345,-15,2176.11,100000,19931.78,3061.95
1006410,201888,-15,35329.03,50000,14559.76,10829.38
1001956,101755,-22,9449.46,50000,12115.0,31043.91
1000568,101679,-3,7548.62,100000,857.5,4743.54
1008861,201158,-23,122005.14,200000,13575.79,16615.83
1007309,104003,-13,25369.39,50000,25688.66,26747.87
1003884,109158,-2,48748.53,50000,3170.62,774.15
1005896,108693,-3,21252.66,100000,2292.09,2149.64
1007296,201412,-15,14491.76,100000,37829.53,17058.59
1003599,104580,-29,3629.61,200000,534.59,326.3
1002896,201005,-3,129530.96,50000,767.91,11105.06
1004888,200970,-30,72437.15,50000,6642.05,8264.75
1000861,100309,-32,27067.84,100000,48145.42,2799.79
1001632,105483,-3,90466.98,50000,14456.81,11142.43
1000811,200855,-6,4497.1,100000,6131.7,762.56
1003304,106472,-34,22782.6,100000,230.31,5028.02
1007390,103409,-2,59066.14,200000,22769.86,7082.45
1009018,201590,-2,69334.38,100000,18563.31,26831.7
1007667,107712,-35,98431.57,100000,7163.52,30313.47
1007961,105697,-25,27490.28,100000,975.99,16871.82
1005730,201355,-6,32200.15,100000,7730.33,4108.01
1009591,106325,-12,65808.46,50000,14133.57,5336.85
1004281,107462,-8,80092.13,50000,11354.01,7923.37
1001153,102648,-25,83399.17,100000,24920.75,13789.0
1004707,101570,-34,35005.76,100000,5805.26,7633.27
1005637,106070,-34,18024.81,50000,17702.71,9135.18
1001255,100631,-12,189710.87,100000,1353.73,17072.49
1002923,109171,-33,75679.79,100000,2537.1,16420.22
1001086,103597,-19,66596.18,100000,14019.68,2262.68
1002810,107113,-5,161803.74,200000,17670.82,14455.42
1007674,100035,-34,253.58,100000,17547.41,10855.73
1004210,109181,-18,43599.31,200000,3652.9,1085.08
1005454,200954,-29,17341.75,100000,2060.29,28460.07
1005786,102210,-30,10424.74,100000,9377.34,12571.04
1001673,108411,-20,72357.83,50000,1273.15,9960.83
1005566,201533,-12,14354.96,100000,5188.99,17688.66
1006266,200627,-27,87705.43,100000,8139.69,17710.05
1009613,106222,-26,64526.6,100000,7042.33,170.35
1009919,100326,-34,23393.99,200000,1692.57,16235.49
1009272,102543,-1,39439.86,200000,10749.08,5506.72
1006566,103310,-5,35010.5,200000,252.78,10523.64
1005085,109709,-26,14826.68,100000,5272.93,17937.56
1004063,101909,-30,58373.06,100000,11927.22,74144.64
1009197,102300,-28,89660.81,200000,12920.56,78.1
1005030,109587,-3,22009.32,50000,6541.42,782.54
1008540,109982,-29,12375.44,100000,1334.54,2722.17
1001967,108488,-25,129535.13,200000,19227.61,5681.49
1004008,108066,-11,67286.97,50000,8132.5,608.17
1004730,109305,-22,7442.32,100000,2384.17,25296.78
1001735,107199,-11,21289.8,200000,1662.61,16290.35
1005017,108847,-27,143717.42,100000,3445.48,18792.21
1009250,108289,-27,27767.04,200000,4026.27,9882.94
1004330,109118,-33,15687.91,200000,14049.81,9230.13
1008866,102705,-3,50808.01,100000,11342.46,1249.93
1006694,101911,-33,2766.65,100000,27570.54,20701.1
1002550,100382,-8,39639.97,50000,553.29,10135.18
1005861,101893,-23,11305.57,200000,7460.04,5867.49
1007387,108882,-2,120001.12,200000,43141.94,21427.26
1006551,103424,-25,29743.76,50000,15478.78,8987.93
1009143,102803,-19,65980.83,200000,1781.44,777.5
1002328,103485,-30,34176.6,100000,4352.46,11448.08
1003172,102913,-4,281641.04,50000,4066.73,16747.66
1006225,200125,-13,10801.53,200000,8905.67,3734.51
1001996,102326,-11,34126.67,200000,30911.12,21241.65
1008062,201735,-27,12041.12,50000,2450.08,19095.35
1004703,103015,-30,5469.47,50000,10349.04,17341.01
1006431,105482,-29,111546.13,50000,9284.88,28425.47
1004354,201850,-27,28301.05,100000,10421.21,15790.24
1008441,101625,-22,48826.34,200000,7376.93,8039.01
1005817,109125,-17,42966.89,100000,29581.29,11352.87
1003008,100492,-31,20691.92,200000,1534.88,33614.55
1005057,101528,-5,9091.98,100000,2346.68,2040.66
1003516,105925,-23,46234.63,50000,12040.17,41416.62
1001220,103448,-25,60896.1,100000,13671.82,12974.84
1008017,105235,-2,58850.05,50000,7838.18,24560.73
1004242,102210,-14,39085.07,100000,6009.85,15686.62
1007490,103366,-16,19020.33,200000,27877.8,3055.74
1004066,104187,-12,146326.93,50000,12999.22,11390.77
1004199,104904,-10,23351.24,100000,16277.01,12637.64
1004448,201990,-23,61785.24,100000,859.2,36890.48
1007875,106876,-20,5161.75,50000,4978.31,54339.45
1007830,200659,-7,14180.33,200000,2173.77,20592.68
1006047,107102,-29,13872.34,50000,26841.2,5087.33
1006359,101462,-16,56180.86,50000,12401.61,7275.27
1005760,100715,-23,81075.77,200000,24441.61,69115.44
1004626,107123,-17,233463.15,200000,4138.53,1034.63
1004461,101042,-32,43228.82,200000,2239.68,1699.52
1006712,108648,-33,22455.85,200000,15787.46,14933.21
1007545,105954,-9,10666.73,200000,6499.03,8126.25
1005739,102733,-35,27264.16,100000,8925.84,12240.93
1001939,106548,-11,140568.16,100000,6925.27,18312.93
1006048,104396,-4,23464.52,100000,42075.84,47578.02
1001972,201970,-1,129844.62,200000,1360.82,811.6
1001103,101879,-1,4987.91,100000,1172.04,5392.16
1003654,107023,-24,15527.6,100000,38862.97,22480.29
1006731,103005,-5,87351.96,200000,21460.44,20430.63
1006979,109537,-30,17130.03,100000,34355.35,20975.83
1005076,109893,-23,63961.71,50000,18267.76,21361.03
1009981,104256,-21,24200.47,50000,345.76,10191.76
1001694,101592,-10,2658.95,200000,10344.88,12991.87
1006854,101067,-12,3555.57,100000,14670.3,17844.46
1002892,101869,-19,75814.27,50000,7663.85,1452.14
1002769,106900,-32,51603.93,50000,153.11,20547.36
1006711,102826,-4,37730.47,100000,1374.51,10979.8
1000030,109744,-5,9988.31,200000,10403.1,11591.33
1001068,100104,-5,177169.79,100000,5139.44,1635.27
1007654,109726,-22,87282.0,200000,10306.75,31884.94
1001922,105930,-13,35233.91,200000,11647.49,23626.74
1001161,100816,-29,61976.92,200000,11537.62,14647.28
1002606,104097,-32,138592.1,200000,2286.24,60661.74
1009168,201932,-27,36705.94,50000,3012.94,31981.43
1008253,103972,-17,72063.46,100000,8015.72,43232.87
1009272,102543,-25,130080.52,50000,12295.94,17015.01
1005672,101700,-20,20197.14,100000,9697.59,4873.98
1000305,201492,-22,67703.94,100000,2248.5,13486.62
1007520,106042,-32,37740.75,50000,3127.58,30034.2
1006711,102826,-34,60838.64,50000,6079.65,13599.84
1000005,102380,-31,106607.47,100000,1065.92,8549.69
1007939,106570,-2,25730.78,50000,3370.66,1043.53
1009706,106091,-26,69811.58,50000,26647.93,78828.9
1009198,104866,-31,16884.19,50000,4067.76,8202.11
1006368,201842,-13,52182.58,200000,1726.19,20297.07
1005414,104909,-29,19354.66,50000,1356.52,1085.96
1004495,201327,-16,79803.56,200000,8507.55,1895.17
1009899,108747,-13,5332.1,100000,6974.36,10875.07
1007771,104647,-16,32065.03,200000,31887.87,41750.5
1005815,101449,-12,63771.57,100000,3130.99,60368.26
1007957,200294,-19,39218.72,100000,1900.33,33074.88
1000691,200269,-17,35355.12,50000,8492.34,13791.57
1002989,103887,-2,25296.66,100000,18797.38,5813.99
1004016,100522,-20,46797.1,200000,27443.08,22462.12
1004813,100583,-3,6824.85,200000,7158.8,6538.11
1003500,200902,-4,1576.47,200000,24955.44,5683.59
1000119,108741,-18,17811.1,100000,9176.63,68414.2
1005532,101108,-5,4144.69,200000,4776.71,26082.41
1004908,105338,-19,75141.16,200000,9818.32,1108.67
1002876,103720,-25,3622.55,100000,6963.66,21410.12
1008895,102769,-13,51195.32,50000,1459.5,11424.75
1004322,103853,-26,15023.41,50000,879.91,9390.52
1008260,201131,-22,153407.53,200000,16662.07,4132.67
1004886,107285,-9,416.52,50000,14554.75,26.83
1002156,100864,-30,46820.51,50000,8630.76,733.68
1007024,200601,-8,192805.69,200000,16935.52,13316.83
1004124,104459,-26,145551.46,50000,1885.86,2278.72
1005097,102810,-1,14735.26,50000,23476.71,17392.53
1008212,109542,-2,21530.33,200000,23173.23,1718.96
1009034,201528,-20,6040.72,200000,339.9,12595.93
1009120,108723,-22,63896.22,50000,961.83,22365.09
1007878,105620,-6,26395.71,50000,1772.14,10188.5
1008519,103679,-6,95912.53,200000,1734.09,2241.57
1001472,107970,-32,98710.66,200000,4817.87,9484.42
1004201,201655,-10,9160.18,50000,2774.46,55153.6
1007969,200318,-35,18733.83,50000,51819.11,54407.32
1003691,200363,-2,57492.38,100000,2348.55,29022.81
1001499,101502,-10,25527.16,50000,9068.79,329.51
1007040,102418,-27,5171.07,100000,7529.43,12731.46
1006917,105058,-2,38736.67,200000,1199.35,920.89
1002594,109745,-21,78525.69,200000,20652.86,36372.54
1006657,109902,-2,46905.07,200000,5208.49,5637.77
1000734,102621,-32,32554.53,200000,14231.56,27853.62
1004830,108055,-14,22037.02,200000,3004.73,91.98
1003819,104038,-10,50117.12,100000,12583.14,779.16
1001711,201408,-4,130772.81,200000,19446.18,49188.54
1004502,102500,-29,10618.66,100000,1218.55,1289.92
1002648,201238,-21,2273.23,50000,6306.83,10311.67
1007613,109860,-9,31177.25,200000,7534.06,1134.58
1004744,106709,-30,29871.44,50000,55030.07,9268.65
1009985,200244,-6,20270.02,100000,362.41,6486.89
1004852,106410,-6,45780.17,50000,10797.84,7077.53
1000903,109721,-27,6088.15,100000,3205.06,10157.15
1005885,104693,-4,20336.77,50000,5684.97,36210.45
1005787,200260,-27,28289.89,200000,4655.15,15621.75
1005168,105303,-11,269570.1,50000,11587.03,22422.05
1008027,201476,-29,77356.22,50000,9351.99,1892.22
1009537,100680,-29,23571.58,100000,20088.32,2508.03
1000209,101967,-24,112919.98,50000,8090.83,13136.27
1002631,101939,-17,20806.59,100000,977.88,13136.49
1006299,101063,-18,8024.79,100000,8082.16,22518.36
1000156,104029,-25,40813.65,200000,22399.13,2070.97
1009535,108858,-5,61285.64,50000,4112.96,977.1
1001108,201672,-28,132520.16,200000,2677.2,33729.41
1002867,107655,-14,74734.5,50000,721.11,7107.0
1003073,108918,-27,1503.62,200000,4671.87,16608.02
1008533,106411,-21,16708.34,200000,2061.18,1815.07
1001898,105936,-15,26996.54,50000,522.96,4828.97
1009249,100402,-18,46944.58,100000,1953.93,22404.01
1008418,102564,-18,26943.74,100000,15015.97,6844.03
1004752,106131,-28,21300.02,50000,6934.37,8536.48
1004959,102626,-3,87557.41,50000,5635.1,6876.38
1001071,106770,-26,30109.94,200000,907.78,9213.8
1009618,201030,-22,90142.74,100000,7060.35,48952.77
1003993,101056,-24,71852.1,200000,5272.97,13837.66
1008288,108738,-2,31778.74,50000,35.67,30354.44
1001834,101889,-15,5423.41,100000,1541.38,9730.46
1000312,107598,-24,53400.2,50000,11754.2,5788.92
1007083,108464,-21,47677.36,100000,2070.87,2747.41
1002234,109986,-20,30440.42,100000,28017.14,14327.11
1008490,200768,-14,55135.06,200000,8933.72,7675.63
1009203,108397,-18,6378.59,200000,34194.89,21368.05
1000179,101525,-1,28035.55,200000,4263.88,41677.94
1001766,107636,-25,10204.54,50000,5191.78,19751.49
1004152,101466,-7,92761.39,100000,4903.53,14157.22
1000546,109314,-27,69025.1,50000,39471.7,36837.37
1006829,109389,-22,22725.58,100000,7732.02,6591.53
1009996,108552,-1,48704.19,50000,18980.55,35284.62
1001026,105505,-24,16623.23,200000,14718.42,4451.75
1003980,201980,-10,26825.95,200000,12996.58,24598.55
1006803,100438,-21,55830.28,100000,2818.99,55.42
1000111,104638,-4,22847.27,100000,3830.26,25282.53
1008344,108179,-13,615.03,100000,5119.32,15097.84
1003767,100439,-29,28942.63,200000,4538.24,1912.64
1007828,108994,-9,11836.29,200000,10017.9,8411.72
1003905,102080,-12,36788.94,50000,19641.76,19661.49
1008306,106128,-24,60455.07,50000,10755.12,19326.16
1009320,106303,-23,70741.15,50000,6510.62,4789.57
1008897,105471,-33,23099.62,50000,1173.05,36932.59
1001503,105583,-29,24018.83,200000,30650.15,5199.98
1008227,201672,-18,67559.44,50000,396.6,499.32
1000731,200855,-6,45762.36,100000,13956.35,19034.84
1001721,109831,-6,15008.45,200000,21960.06,28417.95
1004139,106021,-22,15459.58,200000,8291.48,11701.15
1001449,109532,-10,37930.3,50000,2024.85,5636.02
1000857,107977,-23,68156.77,200000,8401.88,29879.52
1002438,108544,-20,69381.04,200000,3914.37,28366.54
1001648,107685,-16,21168.02,50000,16454.55,8140.16
1005823,200040,-2,9188.44,200000,6785.85,54837.98
1001357,108692,-29,14265.93,50000,30449.71,7669.0
1001057,103929,-20,25217.6,50000,2754.74,50814.8
1004746,105242,-12,26160.32,200000,6518.72,5291.21
1001556,104955,-15,7641.55,200000,15769.14,1956.67
1003995,108441,-3,145088.67,50000,26478.57,7709.25
1005546,100943,-15,24753.82,100000,7819.54,323.34
1005315,101776,-31,31724.82,100000,1190.47,25783.0
1001631,108942,-23,13068.42,50000,39869.89,8802.13
1000265,201084,-32,48519.88,100000,884.03,12567.43
1003214,109816,-10,8826.54,200000,5250.57,16888.16
1005337,109519,-19,22260.62,100000,16290.29,13414.4
1009147,105097,-29,54854.19,50000,4814.79,42077.33
1005692,102247,-34,3298.84,50000,6455.47,12790.6
1001410,201316,-22,47751.3,50000,1065.34,54123.98
1002519,105755,-24,1629.28,200000,9595.48,16789.31
1002739,107386,-3,154810.27,100000,2652.76,2580.4
1002309,108954,-33,96691.77,100000,551.68,66039.13
1009508,102813,-10,7424.42,50000,2398.51,9495.22
1007854,103312,-7,19206.77,100000,6863.01,29785.88
1003093,201153,-31,6707.08,50000,21964.41,4820.36
1001387,200074,-26,99263.76,50000,18590.84,58361.72
1005185,201996,-26,15408.44,200000,16421.47,14048.75
1002766,201594,-9,113766.97,200000,21081.82,6891.71
1000216,100197,-22,87262.6,200000,3615.42,2824.18
1000751,107646,-5,115370.36,100000,5016.68,9966.38
1002248,108997,-10,9619.65,200000,5622.47,13540.74
1007673,100256,-9,19220.56,200000,12805.21,35643.43
1002112,103187,-34,104950.27,50000,367.28,7769.82
1006271,100586,-23,133160.69,100000,30572.24,3613.99
1005655,107611,-31,43271.98,200000,16372.87,21326.24
1005966,109928,-29,16695.78,100000,7526.65,79398.54
1008766,200739,-10,8044.13,100000,169.05,15625.86
1000634,103013,-7,44127.0,50000,845.19,2352.47
1002952,103590,-11,76216.5,50000,559.76,6150.7
1009190,200527,-5,88759.55,100000,7359.89,6062.66
1009658,101283,-16,208554.36,200000,8590.96,7205.1
1000316,109914,-9,43847.61,100000,5473.15,41329.33
1001114,106688,-34,89104.61,50000,9446.28,15187.87
1007535,101966,-20,87514.24,200000,14309.92,12530.41
1000345,102755,-1,43718.65,100000,16934.05,38322.06
1004121,102946,-28,26362.29,50000,6243.28,13087.16
1005887,105827,-18,37137.21,200000,7124.75,12438.81
1007772,108842,-35,104442.9,200000,238.24,35341.48
1001587,109674,-26,37991.87,200000,12296.35,58779.02
1007039,200773,-20,44058.85,200000,5428.97,1173.8
1000932,108339,-4,8178.35,100000,5962.72,3325.4
1009725,200654,-6,1792.16,200000,474.43,5648.02
1002537,104424,-3,61732.3,50000,5584.47,6115.22
1001309,108177,-26,18002.34,100000,6378.4,11186.67
1009645,106360,-5,31020.94,50000,30823.31,24594.49
1008604,100493,-3,56474.88,100000,12937.85,9777.61
1006069,108119,-4,128434.21,200000,2381.79,12935.8
1001525,105975,-5,132539.95,50000,6183.82,5915.14
1001604,105600,-2,81442.6,50000,5158.41,4808.45
1007704,200778,-28,64143.89,100000,15719.1,12893.58
1003440,103793,-7,74357.45,50000,12988.27,16595.56
1000686,107232,-7,12502.11,50000,5815.11,686.97
1005317,100507,-21,1523.89,100000,384.9,22202.69
1003747,107571,-20,8249.73,50000,14467.76,15618.27
1002713,109295,-12,46070.71,50000,1109.93,68071.33
1009753,200068,-1,51858.79,50000,1453.5,18656.59
1008836,100740,-31,8864.49,200000,5297.48,21783.48
1007363,104022,-26,152911.21,50000,68179.85,5315.03
1009693,101073,-15,3924.05,200000,4808.24,161.63
1009153,100048,-11,35179.32,50000,403.66,9968.99
1006390,100742,-23,47049.46,50000,13749.69,12564.44
1009043,104646,-26,56317.56,50000,12139.99,25075.77
1009604,105946,-2,19348.33,200000,3632.78,22928.62
1007913,201170,-32,21524.47,100000,13040.21,1518.23
1001268,101531,-9,76354.99,50000,4783.29,28303.4
1000073,102922,-31,192331.92,50000,10085.4,17665.7
1001417,107877,-20,77600.01,200000,1672.86,34465.73
1001408,107419,-22,16049.8,100000,1580.44,4874.74
1001199,101103,-3,5756.1,50000,29606.43,201.61
1002445,200707,-15,263.45,100000,490.59,9012.27
1004754,101985,-18,294604.04,100000,8931.68,382.43
1002794,200855,-25,26329.24,50000,3842.55,5078.62
1001900,100104,-16,725.49,50000,3543.09,7825.66
1008183,103575,-13,73889.84,100000,4277.54,11594.42
1003691,200363,-27,2612.88,200000,12102.61,5533.81
1008918,200640,-32,1263.43,100000,1068.52,22621.0
1002833,200559,-22,24623.26,200000,17874.18,5008.06
1008802,107299,-11,50096.27,100000,7598.71,39763.17
1002672,104042,-3,60390.52,100000,28700.01,2622.94
1004116,200871,-35,65813.71,200000,54891.9,4006.16
1005098,100785,-13,54067.03,50000,10037.09,14072.06
1009164,106978,-26,108793.3,200000,6697.92,35181.76
1002634,104836,-9,20100.07,100000,7610.37,646.15
1003778,104505,-8,81132.96,100000,1954.63,30421.21
1001746,108505,-33,80733.66,50000,8552.05,405.09
1006352,102162,-13,46682.4,100000,4995.18,35704.75
1000069,106214,-30,27171.5,50000,1281.78,39223.88
1005628,106424,-21,77746.58,200000,3086.78,48154.19
1000114,201578,-8,84156.39,100000,12499.88,6575.21
1001646,108105,-10,16154.42,200000,11213.03,22875.7
1001794,100326,-16,3411.71,100000,5057.18,2874.1
1004760,104339,-11,28603.95,50000,1813.4,58509.53
1000201,101028,-6,31492.03,100000,6469.83,2492.51
1005369,109353,-22,4160.24,200000,1147.78,19664.87
1007271,109826,-30,4173.66,200000,2013.65,5393.3
1009237,108486,-19,515.14,50000,4884.59,4154.02
1003740,200181,-19,7861.56,100000,10312.62,16162.9
1005324,103577,-26,44342.21,100000,1538.32,1706.55
1000914,100823,-7,84812.22,50000,1305.31,12182.52
1002200,104933,-7,42482.55,100000,1032.8,5403.6
1005180,105062,-26,10638.52,50000,7638.0,55356.68
1007385,104968,-32,36947.21,100000,943.03,3376.43
1001658,103900,-18,160245.67,100000,9577.43,21549.9
1003371,108608,-19,43088.86,100000,1231.26,1262.05
1007579,102873,-2,25541.81,50000,1088.46,7459.19
1008294,106887,-1,84873.37,100000,11101.95,21559.26
1009439,101060,-8,7863.01,50000,8418.93,21063.68
1008431,109073,-28,2454.2,100000,23961.58,19268.36
1000709,104177,-2,52986.48,200000,3178.64,35493.87
1009328,109160,-6,18307.49,50000,2534.4,3564.09
1003035,106969,-17,66.25,50000,10507.49,155.44
1008621,106343,-11,51923.03,100000,2537.8,9751.28
1005958,103684,-8,157793.72,100000,2151.24,10746.05
1006423,107957,-20,10782.03,200000,2524.52,10295.25
1000818,201396,-18,10618.74,200000,4729.67,12287.89
1005903,107568,-31,119093.43,50000,30311.23,1818.75
1005667,106657,-19,218559.04,200000,3263.32,12808.16
1004829,105351,-11,91967.55,50000,27962.63,44601.65
1003247,108150,-24,9582.05,100000,26307.89,120.31
1009856,102181,-5,2424.49,50000,4956.23,5500.32
1005533,109090,-19,9221.3,100000,6343.27,62514.44
1006115,109276,-24,22204.95,50000,3127.88,20358.86
1000017,108835,-2,74007.18,200000,93.86,18265.06
1009611,108299,-35,53194.7,100000,32445.07,1067.28
1007833,108715,-1,69014.3,100000,5870.41,27439.32
1003929,103005,-10,15623.15,50000,6569.77,14403.19
1002286,107620,-10,115661.76,50000,1556.75,18688.92
1003458,108878,-16,64939.95,200000,11861.12,25331.89
1008948,101435,-10,26426.94,100000,32367.05,28328.17
1009664,200973,-5,17193.86,100000,27089.34,20954.42
1000533,103961,-26,32573.42,100000,13867.41,567.44
1006042,108504,-2,26843.35,100000,542.02,29178.63
1008308,103085,-15,31041.43,100000,2460.12,11196.31
1006843,103244,-8,16690.35,50000,9973.29,24223.17
1003268,200387,-24,38640.36,50000,11163.79,10651.17
1008103,101545,-5,45115.55,100000,6181.99,26173.96
1009682,104496,-30,93265.72,200000,96507.47,7567.59
1007625,106421,-26,74376.37,100000,564.04,22287.01
1004145,101408,-7,14097.9,200000,6420.48,21461.91
1003609,101833,-9,90006.8,100000,11020.78,2110.34
1001798,200892,-25,5099.91,50000,18135.0,5437.07
1005110,201050,-29,26236.82,100000,4926.36,22479.88
1002383,100104,-34,68303.75,100000,6195.16,1497.54
1007889,106337,-17,90927.81,100000,10899.42,16555.91
1007176,106039,-10,74165.02,100000,25912.65,10901.73
1005423,107316,-10,20769.41,50000,1816.44,13698.99
1001020,201713,-1,27325.08,200000,3954.39,18684.6
1004770,101389,-16,10138.95,50000,29395.15,6230.41
1009165,106318,-35,73257.04,50000,1072.18,10182.33
1008374,107548,-25,19558.91,100000,9341.66,19456.6
1002295,102950,-6,77288.59,200000,12590.1,1941.86
1001718,101659,-22,1790.95,100000,8055.43,11703.15
1005196,100229,-25,16280.42,200000,2339.31,4358.44
1002904,200935,-3,27061.92,200000,25184.05,15581.44
1001310,105596,-34,26266.91,100000,4692.26,103800.0
1009268,103984,-18,18305.69,100000,11913.08,32883.31
1008171,100693,-8,30178.74,50000,13446.02,23265.25
1007317,101402,-9,22521.82,100000,17584.59,17447.15
1005014,104161,-22,47689.28,200000,833.83,1369.75
1005244,106800,-29,15551.26,200000,1122.74,9073.17
1008927,105380,-35,29955.63,100000,8749.59,12895.32
1007686,200166,-2,3990.14,100000,15147.78,14516.68
1000024,100047,-34,17975.85,100000,11141.29,15694.42
1003964,102405,-1,7476.44,200000,13863.56,18957.7
1009020,104511,-12,54920.27,50000,3050.67,36498.56
1005474,103131,-31,17227.74,200000,10486.65,9713.21
1008315,200383,-33,36732.37,200000,34430.63,1113.27
1006384,108986,-8,8326.08,100000,1465.15,5811.86
1009377,200993,-12,46816.41,100000,7965.27,51452.51
1002944,106484,-26,71082.04,100000,2525.48,14726.54
1003314,201551,-20,37938.42,100000,8304.31,2254.24
1005991,200554,-31,43465.39,100000,2606.61,3119.56
1001646,108105,-34,21867.05,100000,11918.74,10725.93
1005692,102247,-19,164155.13,50000,161.36,16745.6
1005126,103308,-3,40407.6,100000,7978.34,16571.95
1008755,102572,-13,67584.69,100000,7159.27,11964.52
1000845,105111,-8,280224.82,50000,19115.11,11335.44
1007922,106254,-25,45293.19,200000,38220.33,2622.03
1003296,100234,-34,2720.67,50000,33836.16,24865.23
1005837,105029,-11,16461.89,50000,12655.27,71592.29
1001434,104678,-35,14929.03,200000,1710.06,16226.9
1004900,201340,-3,4061.64,50000,5385.7,19669.38
1003255,100720,-10,59750.49,50000,24866.43,24705.19
1002962,107128,-11,2877.12,50000,19469.37,22591.2
1007315,104495,-15,14917.41,100000,16910.63,2199.1
1001034,102457,-22,6874.84,200000,13382.37,13540.27
1001703,102564,-31,4576.47,50000,28728.45,14992.53
1006967,108488,-10,10086.17,200000,3996.56,27380.97
1001865,200513,-6,10074.08,100000,3502.73,18427.8
1007955,200475,-13,49843.72,50000,4176.63,5956.02
1008742,102427,-26,7890.66,100000,30595.65,4485.54
1000951,100818,-22,110580.7,50000,6437.78,3734.0
1009682,104496,-19,30357.22,100000,787.69,32555.46
1008151,201268,-10,68927.57,50000,1732.73,12258.1
1003942,102318,-29,30454.29,200000,7046.31,8408.2
1004950,103330,-1,142339.11,100000,20054.8,3025.22
1002817,200334,-7,45624.91,50000,9890.57,50635.81
1003195,105166,-35,27463.83,50000,847.94,21162.28
1005467,103040,-18,51656.77,200000,2855.61,7862.49
1004961,200175,-29,37097.1,200000,2088.84,30222.82
1003394,105229,-16,59406.91,200000,4746.44,3420.0
1001772,103353,-26,40852.85,200000,1830.76,9848.41
1002625,100835,-22,12274.33,50000,1887.02,22609.16
1003206,107218,-5,7749.2,100000,1164.88,11222.9
1008281,104776,-2,15015.6,200000,32863.02,7978.48
1009018,201590,-18,39459.52,200000,32990.21,30555.3
1004453,102453,-35,75605.88,50000,10153.68,2326.15
1005234,105491,-1,24829.8,200000,20137.72,8563.55
1005117,105005,-23,65210.34,200000,11793.9,7285.42
1000952,107566,-25,18073.2,200000,5958.75,28449.08
1008573,100532,-29,14493.05,200000,8168.4,6225.3
1001307,107874,-5,48797.49,200000,23955.17,24215.43
1000466,108706,-31,42556.09,200000,1592.14,28479.31
1009549,104289,-35,41778.59,200000,15124.33,1432.23
1006369,100686,-31,3108.88,200000,2052.57,5110.88
1000690,100188,-4,18629.48,50000,9341.94,9644.42
