SK_ID_PREV,SK_ID_CURR,NUM_INSTALMENT_VERSION,NUM_INSTALMENT_NUMBER,DAYS_INSTALMENT,DAYS_ENTRY_PAYMENT,AMT_INSTALMENT,AMT_PAYMENT
1004103,105767,1,10,-539,-993,1103.13,783.87
1003976,100960,1,1,-631,-690,7942.37,12214.94
1009428,103931,1,1,-753,-894,36476.32,5148.67
1008641,109481,1,3,-755,-298,1767.21,5709.0
1003022,105329,1,11,-103,-293,2550.38,2162.91
1001090,201890,1,23,-611,-144,2489.31,4366.39
1000132,102302,1,17,-302,-600,2282.87,4946.25
1000828,108405,1,20,-282,-445,26690.0,1735.52
1009777,201544,1,20,-469,-857,4415.37,1507.88
1007196,108426,1,11,-166,-82,125.77,26290.18
1000615,200009,1,21,-947,-218,3249.58,20112.5
1002551,106339,1,2,-648,-513,29686.91,3460.24
1005806,103715,1,19,-746,-407,35362.3,21039.79
1007985,100215,1,3,-918,-545,13813.97,6174.1
1002149,107762,1,10,-904,-849,7595.53,5000.59
1007382,102140,1,18,-359,-853,25868.82,1202.91
1007148,102102,1,5,-200,-978,4751.56,1877.29
1009993,103908,1,3,-66,-502,3348.16,17452.92
1002156,100864,1,8,-244,-749,1547.54,35655.83
1003645,201355,1,4,-413,-585,2868.59,18784.81
1005210,109432,1,3,-365,-286,16408.38,9398.08
1009046,107784,1,14,-566,-722,5407.77,2012.08
1002662,107751,1,3,-91,-768,6415.55,14725.89
1006168,100883,1,13,-113,-333,1523.87,30781.59
1002344,101041,1,21,-201,-757,20468.8,9985.32
1008283,201800,1,18,-546,-826,2860.95,6370.92
1006462,105171,1,12,-64,-501,10240.25,14290.95
1002264,103023,1,7,-343,-85,14771.48,43710.24
1008222,108403,1,17,-922,-501,31816.1,3032.25
1005178,100232,1,7,-740,-976,13078.38,4577.92
1007428,109147,1,9,-517,-616,22286.74,8067.89
1007362,106652,1,14,-756,-71,10140.56,16717.15
1006103,108879,1,11,-670,-121,8120.86,2925.5
1007117,101206,1,3,-574,-233,6691.27,10277.94
1008062,201735,1,6,-398,-537,3592.91,2517.39
1003724,106671,1,3,-466,-754,7923.72,10655.43
1006533,107608,1,17,-384,-500,2567.92,4772.69
1008540,109982,1,13,-166,-195,2425.68,3831.09
1002497,200053,1,10,-241,-386,1855.33,3137.62
1005676,108263,1,21,-562,-222,13851.53,1020.2
1009213,104014,1,12,-557,-941,321.57,2945.39
1007878,105620,1,22,-268,-434,2056.5,3300.26
1004544,200192,1,11,-473,-384,771.15,4309.98
1000891,104498,1,2,-136,-779,7468.57,9673.3
1005837,105029,1,16,-573,-976,20021.86,2209.33
1002196,109054,1,5,-215,-326,16085.5,10951.13
1002793,108346,1,14,-129,-624,2067.8,33696.72
1005006,107436,1,9,-668,-982,4997.8,228.0
1003072,201158,1,15,-730,-67,6791.13,7631.78
1001502,102451,1,18,-921,-61,10726.95,6626.16
1003766,101355,1,3,-830,-899,2878.72,12567.76
1009097,101158,1,22,-982,-659,7068.84,47981.83
1003757,100134,1,14,-541,-187,38285.91,4834.46
1003178,109038,1,14,-468,-167,35433.81,3549.59
1004529,102260,1,17,-245,-739,8160.11,5485.67
1009797,106070,1,9,-893,-172,7637.08,2869.33
1001912,108423,1,18,-805,-576,7625.03,6993.46
1004212,107043,1,23,-611,-151,13906.21,13527.54
1007835,103302,1,22,-979,-777,17820.56,5658.19
1006856,109182,1,5,-266,-624,20798.38,59747.32
1006469,107667,1,15,-438,-698,4777.55,888.16
1001224,105301,1,2,-32,-81,7043.85,10026.78
1000416,105843,1,8,-516,-488,8654.89,8478.35
1005180,105062,1,20,-916,-598,15493.65,2529.06
1008973,100474,1,18,-758,-574,4899.14,16406.72
1003821,201031,1,12,-417,-235,338.59,10018.57
1001530,102461,1,17,-733,-615,1707.51,2960.41
1005032,200371,1,19,-955,-277,4044.86,15051.74
1003062,105324,1,14,-915,-69,13362.63,1493.92
1005836,101437,1,11,-191,-366,9454.79,8213.61
1000197,105971,1,2,-409,-272,1555.63,1967.91
1000398,101761,1,21,-109,-289,5219.07,5086.64
1003319,109381,1,3,-720,-850,12777.76,4601.34
1002272,108039,1,17,-970,-556,4476.27,6190.73
1009154,106166,1,5,-486,-332,5026.33,309.44
1008791,101484,1,17,-900,-515,3188.26,1097.83
1009410,108052,1,14,-135,-795,3042.85,16345.87
1004675,100555,1,12,-36,-412,12332.74,8090.26
1003166,104194,1,1,-614,-902,4068.69,5270.92
1009189,109812,1,3,-881,-290,7520.64,24916.98
1007141,104077,1,17,-139,-425,28941.63,18788.01
1003951,101819,1,13,-727,-606,4997.4,10782.66
1000422,109666,1,7,-809,-524,9097.62,7855.03
1006049,104776,1,21,-925,-24,22446.13,11528.62
1001874,105969,1,21,-479,-120,3132.62,4538.06
1009773,100514,1,7,-247,-527,8872.51,1297.87
1003867,106117,1,8,-668,-531,1268.69,1.51
1002573,104210,1,5,-587,-938,8442.41,18934.15
1006362,108088,1,15,-478,-792,18169.54,4532.47
1005354,103838,1,13,-126,-385,16601.91,17945.05
1001841,101019,1,14,-643,-619,2475.23,9337.47
1003638,100011,1,6,-503,-873,3874.26,13099.84
1000594,100581,1,9,-536,-646,7276.93,1129.7
1007925,100377,1,7,-177,-367,1338.95,9594.84
1003666,108567,1,12,-943,-285,4663.92,12127.24
1006526,101229,1,4,-934,-186,11461.83,7702.83
1009095,107565,1,23,-536,-803,2978.98,20646.66
1003815,107357,1,23,-273,-377,736.04,7520.66
1004948,201377,1,5,-640,-663,2976.51,11325.6
1006156,106771,1,2,-459,-156,32285.07,27499.67
1000078,104446,1,11,-955,-242,1537.23,16200.29
1001588,101952,1,21,-440,-452,7313.19,2570.07
1003783,106713,1,4,-632,-499,24597.91,20955.7
1007131,102883,1,1,-348,-808,14301.63,5246.46
1001460,109898,1,9,-437,-959,16022.22,4044.61
1007975,201986,1,6,-281,-14,4630.38,21216.29
1006894,105261,1,3,-81,-170,24756.48,1419.95
1003902,109701,1,10,-951,-795,2897.79,4818.7
1005723,108035,1,15,-935,-156,8673.93,41782.42
1005977,108039,1,21,-791,-197,7287.04,17.67
1005239,108991,1,4,-655,-350,8184.49,9782.16
1005828,103721,1,13,-671,-970,14047.13,7417.93
1004794,200782,1,3,-405,-784,2786.65,27060.67
1005187,201154,1,17,-682,-346,1272.39,16625.67
1000594,100581,1,13,-736,-603,1955.54,11556.19
1000254,103536,1,3,-388,-111,9134.9,4699.79
1001893,103291,1,21,-259,-689,4418.93,1079.68
1000512,200584,1,10,-759,-104,8304.35,89.41
1002571,104004,1,19,-136,-939,13953.64,30243.98
1008488,107475,1,7,-691,-632,4908.69,18872.18
1002688,100595,1,6,-712,-557,16715.15,14186.04
1009920,109830,1,18,-638,-274,8943.36,4891.14
1008734,103403,1,15,-69,-856,5441.53,15676.76
1006052,104862,1,21,-896,-697,9486.19,2962.49
1009930,108318,1,13,-294,-486,17490.93,12982.65
1004012,103319,1,21,-125,-688,6517.5,3082.31
1005406,108346,1,20,-803,-485,8931.73,2717.63
1003935,201579,1,22,-878,-786,4769.82,9029.21
1007149,109265,1,1,-830,-854,13573.8,3175.0
1005760,100715,1,1,-312,-798,6972.03,30149.45
1003498,200269,1,9,-526,-389,19320.4,22625.56
1007436,108449,1,12,-408,-888,1726.67,11523.14
1002677,103435,1,12,-144,-971,5295.94,7150.58
1003442,104415,1,18,-640,-663,1970.13,12141.49
1000278,101485,1,7,-851,-847,17105.13,17376.79
1005241,106046,1,9,-373,-118,26958.83,863.01
1000837,107868,1,7,-820,-812,7543.39,6458.82
1005882,201286,1,5,-97,-498,5193.47,16333.4
1005499,102414,1,10,-144,-573,35599.19,16931.15
1004985,106421,1,12,-148,-485,4928.71,2576.25
1003201,104014,1,7,-419,-613,9953.31,6810.15
1004368,103413,1,10,-346,-832,4540.26,4684.52
1007052,108716,1,20,-583,-712,2005.25,15439.61
1005132,102782,1,14,-324,-841,5719.81,3989.37
1008769,103678,1,5,-981,-101,890.79,20140.06
1001273,102978,1,17,-656,-343,5341.46,6821.53
1000769,101268,1,2,-40,-875,13194.82,32381.77
1007660,201712,1,5,-452,-603,4508.04,23383.22
1003296,100234,1,7,-74,-209,17991.33,7041.53
1008772,200118,1,13,-234,-322,5451.26,6718.61
1002769,106900,1,19,-609,-63,1747.85,16914.61
1000795,201974,1,2,-196,-339,3890.56,1635.05
1002237,109226,1,15,-260,-836,13306.28,640.04
1006034,102899,1,15,-116,-882,548.47,21894.84
1006769,104409,1,19,-167,-601,12499.67,2794.34
1001550,200225,1,13,-160,-351,31819.47,5964.1
1000100,201451,1,12,-679,-222,2787.74,2173.35
1000893,107346,1,21,-123,-946,10531.04,7127.43
1009293,105051,1,1,-909,-625,15994.46,6337.12
1001352,102761,1,18,-48,-92,13803.58,7031.44
1001329,106023,1,23,-146,-264,4794.75,35308.26
1004381,101474,1,20,-235,-883,1252.02,18436.06
1005600,100516,1,17,-696,-340,714.84,5666.21
1008230,201770,1,21,-549,-364,3026.94,50.86
1005438,107538,1,7,-728,-288,22982.43,4931.9
1004743,200198,1,7,-399,-52,17711.31,9568.18
1001073,109212,1,1,-678,-424,17933.43,2249.72
1005716,105593,1,5,-485,-348,2049.33,11216.55
1009334,102958,1,14,-800,-296,3017.75,6696.31
1005291,103847,1,21,-102,-918,4866.73,12372.03
1006476,201665,1,19,-708,-637,11573.85,9760.92
1001044,100916,1,22,-217,-346,1517.21,3397.7
1007865,106779,1,15,-461,-59,12086.19,1503.08
1001424,106283,1,5,-258,-718,20988.97,10415.35
1007862,109114,1,2,-57,-210,3553.14,12252.11
1008226,104664,1,21,-576,-839,7631.8,13843.94
1009135,105892,1,19,-558,-894,14763.81,11629.19
1006748,107024,1,15,-274,-382,6348.97,13558.74
1000675,103905,1,15,-195,-313,3817.1,4319.76
1006959,105733,1,9,-255,-559,10846.98,4831.5
1000893,107346,1,21,-797,-773,3264.59,2836.31
1002050,101353,1,7,-527,-542,11409.23,12544.72
1006594,105933,1,21,-903,-853,17450.06,12339.83
1002354,109291,1,19,-137,-338,16352.03,2907.74
1003292,108916,1,13,-342,-216,10234.54,9638.92
1005143,109865,1,12,-768,-436,12874.9,32904.91
1002413,107767,1,12,-684,-492,1415.01,187.71
1009438,104439,1,23,-28,-363,16945.24,1914.53
1005353,103318,1,5,-255,-984,9459.61,3219.97
1008582,104358,1,4,-658,-120,488.05,4672.74
1004602,102672,1,7,-719,-543,20843.53,1408.82
1000398,101761,1,13,-900,-14,4567.81,3384.26
1007735,102607,1,16,-196,-79,8582.8,19099.44
1003654,107023,1,8,-115,-875,5007.46,10887.48
1008012,102273,1,13,-767,-374,4289.57,43462.04
1004463,100205,1,10,-66,-764,2632.41,11433.2
1003191,201494,1,19,-406,-773,4986.28,7066.94
1002396,106187,1,20,-12,-318,2412.46,2487.96
1005477,201922,1,22,-259,-842,2672.22,14119.04
1004206,103507,1,5,-504,-498,26168.84,35045.22
1009145,108259,1,23,-822,-696,1241.9,2824.93
1009011,105176,1,9,-184,-882,20981.54,1924.75
1007940,108489,1,6,-764,-276,1475.65,2242.78
1009076,108034,1,6,-247,-99,13684.96,5242.78
1009403,200463,1,10,-786,-46,6374.39,3801.76
1001641,107832,1,9,-838,-501,14104.66,12829.29
1005458,200002,1,22,-478,-754,3674.77,921.59
1009599,108230,1,14,-402,-778,15858.89,1414.08
1008281,104776,1,6,-642,-185,3490.04,1918.57
1006415,107196,1,9,-32,-684,1662.57,4247.95
1003864,201124,1,19,-529,-12,38612.39,4096.6
1007053,106307,1,16,-796,-160,4527.1,1065.92
1001583,107297,1,16,-831,-502,21276.0,24547.11
1008690,200076,1,4,-93,-268,177.51,21098.24
1008431,109073,1,15,-223,-667,10121.21,18846.0
1004865,107911,1,16,-993,-508,12064.79,1239.89
1006108,104147,1,8,-390,-965,7584.66,11503.26
1000975,108955,1,5,-237,-820,17033.42,12150.07
1007765,105949,1,4,-297,-876,8716.27,4078.84
1003897,106164,1,23,-209,-321,36136.52,224.5
1004183,101559,1,14,-843,-114,30527.99,6755.18
1007275,200601,1,5,-694,-189,13090.69,1910.64
1005957,100768,1,4,-871,-105,6106.94,11486.63
1005085,109709,1,10,-66,-15,1059.03,13619.48
1004755,108678,1,16,-534,-944,21220.05,27380.26
1008240,104143,1,9,-694,-857,5259.22,6052.29
1006787,201393,1,21,-455,-327,6741.88,21.96
1001340,104161,1,17,-204,-870,19926.98,8581.7
1008788,106583,1,16,-745,-903,5658.92,6956.55
1000234,201824,1,22,-100,-813,3891.01,17809.22
1001656,103797,1,3,-887,-529,3992.58,25099.13
1002591,108132,1,20,-73,-613,26457.11,1484.15
1000999,200380,1,18,-764,-185,17415.18,19303.1
1008424,101645,1,2,-587,-721,2758.9,3444.05
1006934,104095,1,7,-888,-388,3892.62,2664.7
1001479,108325,1,16,-525,-834,23219.53,9120.8
1008913,100441,1,16,-929,-768,3280.8,6386.41
1000976,105811,1,2,-195,-473,52021.68,21155.74
1006292,106145,1,21,-128,-560,14258.81,8169.96
1005289,107139,1,21,-607,-425,662.17,25579.48
1006090,201133,1,7,-160,-849,2207.12,422.84
1007471,101260,1,3,-97,-875,5291.2,13747.59
1006231,105333,1,20,-270,-201,14587.21,98.52
1005490,102183,1,17,-59,-722,322.25,5194.08
1005303,108966,1,9,-980,-723,63144.58,6192.44
1002644,102327,1,10,-487,-136,591.4,5549.01
1009455,106230,1,7,-15,-554,19706.25,3557.64
1005627,102561,1,18,-382,-767,12087.03,27883.9
1002210,105283,1,19,-346,-166,1634.24,1310.12
1006563,105693,1,11,-444,-64,18924.32,2892.94
1008622,104541,1,10,-912,-294,8864.26,22485.17
1009960,102637,1,15,-294,-40,12466.35,4853.65
1006011,101099,1,10,-562,-677,17391.68,12474.91
1000025,100145,1,15,-14,-41,6241.87,2164.26
1004093,106305,1,14,-481,-29,2679.17,2801.51
1005445,109194,1,17,-779,-884,4891.5,4521.71
1004809,201383,1,6,-153,-270,3784.79,3350.72
1003477,109999,1,16,-969,-783,1790.43,2753.11
1005140,107226,1,8,-808,-951,387.12,1443.09
1000652,109436,1,6,-51,-272,11280.91,2439.02
1005860,109092,1,2,-74,-305,3758.25,5357.29
1002634,104836,1,14,-603,-682,7998.33,64.9
1009601,101578,1,6,-851,-559,4133.78,16947.73
1001538,201633,1,11,-23,-645,6572.75,4995.44
1000010,105163,1,3,-714,-721,5485.07,18053.16
1008828,105939,1,3,-745,-23,1839.66,9764.32
1009202,102132,1,9,-262,-663,1748.76,17864.14
1001522,106736,1,22,-300,-369,548.59,13088.07
1004097,108036,1,11,-309,-872,3364.87,2606.74
1005837,105029,1,2,-901,-244,1960.54,9873.34
1001771,102090,1,5,-97,-558,9705.05,1448.57
1006960,104508,1,18,-696,-852,5720.46,10813.58
1001537,102201,1,16,-723,-265,3408.91,23247.63
1002795,103652,1,2,-439,-49,12022.23,21965.1
1001574,109263,1,21,-288,-34,3671.21,307.35
1004146,109869,1,12,-267,-831,12448.4,2057.97
1000961,201752,1,13,-608,-334,27720.67,4882.47
1009297,104662,1,15,-895,-247,4874.95,5997.15
1002297,107477,1,12,-63,-574,2745.63,8731.31
1006470,107983,1,9,-249,-19,8034.47,11757.85
1003430,104850,1,7,-824,-845,13026.37,17696.14
1007514,200125,1,2,-191,-394,2537.25,989.89
1000980,105212,1,11,-582,-426,30.63,1250.24
1000432,100071,1,23,-61,-530,7914.47,38954.06
1008056,200727,1,19,-28,-833,19796.01,1950.19
1003764,101592,1,22,-623,-184,9907.63,13756.79
1003725,104456,1,5,-345,-604,3610.26,647.5
1006638,102004,1,15,-429,-130,1116.93,6000.32
1005083,102157,1,17,-663,-344,5343.93,31616.78
1001638,105457,1,9,-797,-844,6963.46,18112.0
1004909,109415,1,19,-350,-954,2261.06,4476.67
1008043,105128,1,11,-203,-806,29358.94,3225.53
1004237,201146,1,18,-895,-911,4705.02,31386.58
1009645,106360,1,13,-913,-658,8757.03,1030.91
1009386,109534,1,2,-525,-69,7510.81,28473.75
1003374,102486,1,18,-499,-415,11183.49,20091.04
1005139,200497,1,3,-907,-316,29691.17,13216.76
1002926,106863,1,11,-859,-900,3132.96,4588.0
1009080,105355,1,11,-325,-438,6823.2,353.66
1008772,200118,1,13,-860,-767,11616.85,6258.51
1005605,109602,1,18,-443,-915,12616.67,1977.37
1007854,103312,1,12,-751,-187,1510.35,10946.54
1004123,102283,1,20,-993,-679,4442.11,23986.53
1005621,101547,1,23,-633,-860,2037.5,5291.9
1003426,103110,1,14,-135,-537,9103.75,33547.82
1007616,108185,1,13,-608,-956,9484.44,12857.9
1003710,103970,1,22,-424,-91,5552.18,3480.73
1009175,102791,1,11,-407,-895,8947.13,4585.63
1007764,108528,1,17,-184,-659,2961.5,29908.3
1001280,102451,1,1,-450,-416,314.25,18243.74
1009205,105021,1,12,-530,-849,5634.11,7345.21
1004352,109115,1,19,-71,-524,7359.97,11689.74
1003681,109944,1,4,-159,-264,2256.88,738.28
1002195,100228,1,9,-256,-510,2199.36,5260.01
1008118,107454,1,16,-702,-986,551.57,4504.04
1005682,108200,1,13,-269,-260,4097.47,12999.51
1006883,105026,1,22,-466,-220,3192.37,7549.45
1006739,201328,1,10,-219,-303,3677.33,6317.14
1005927,106722,1,15,-277,-609,763.39,11623.54
1004614,102279,1,19,-367,-666,17694.65,9734.94
1008482,201428,1,1,-728,-244,7268.98,473.92
1000349,108138,1,11,-493,-890,47340.47,25193.12
1007229,107403,1,11,-896,-867,16638.59,4140.54
1004623,106104,1,16,-996,-850,2188.18,4190.13
1000017,108835,1,6,-985,-523,15659.89,28963.61
1004871,102700,1,6,-181,-921,3078.23,225.0
1001361,102407,1,15,-733,-294,1383.3,19439.17
1009838,103626,1,13,-281,-285,695.62,155.59
1001502,102451,1,5,-902,-88,26471.03,5661.82
1007052,108716,1,21,-935,-509,623.76,19918.63
1009396,102081,1,20,-824,-788,5143.08,11598.41
1003322,105871,1,11,-326,-809,542.12,8459.07
1000026,108629,1,10,-281,-520,0.01,5464.75
1001817,103020,1,16,-716,-992,2056.33,15870.0
1002758,108899,1,1,-866,-641,23705.45,1915.18
1005385,104287,1,13,-453,-928,13068.92,9384.63
1008654,109291,1,15,-212,-777,21210.18,20450.3
1008391,200190,1,8,-710,-626,2451.2,6056.84
1008761,101049,1,22,-704,-967,2087.13,2047.52
1009756,201323,1,9,-290,-457,783.99,9497.81
1006091,104712,1,10,-46,-274,4464.21,7109.8
1008447,102586,1,7,-486,-826,5181.89,136.49
1008942,104739,1,15,-167,-254,32242.39,2102.67
1007287,109626,1,2,-263,-333,3320.22,7235.23
1006304,108701,1,7,-613,-166,1255.38,11062.46
1004189,101878,1,15,-159,-900,12234.34,18536.88
1006475,102499,1,12,-111,-74,2457.16,7880.03
1003039,201936,1,18,-943,-778,7115.56,6583.2
1008323,100334,1,18,-654,-931,9866.39,4019.78
1005981,101933,1,22,-886,-454,9802.55,3149.85
1009799,109588,1,19,-152,-954,10580.7,14997.25
1005561,100309,1,22,-272,-566,5144.53,8405.22
1009038,103961,1,15,-227,-131,14862.68,4063.23
1008672,107326,1,12,-260,-313,13148.34,5404.31
1008874,200444,1,10,-344,-743,25832.27,12640.55
1000505,107808,1,17,-96,-531,2960.54,20490.58
1002314,200680,1,8,-873,-39,4315.2,31937.9
1004713,201741,1,5,-411,-718,7480.19,194.87
1003916,106701,1,7,-217,-549,32521.24,2977.95
1006130,103211,1,19,-906,-822,9645.24,25019.18
1008373,106156,1,12,-845,-292,3485.27,1336.24
1008521,100714,1,2,-569,-306,4280.95,12501.49
1002246,101463,1,2,-463,-608,5439.5,142.06
1004219,100098,1,22,-410,-631,4404.79,4665.76
1002133,200690,1,12,-416,-814,1098.62,2786.35
1000726,101933,1,7,-600,-906,3413.91,404.17
1000943,108711,1,12,-441,-863,11191.21,14852.27
1007749,104083,1,12,-323,-529,6711.33,2959.32
1007260,107018,1,3,-782,-935,4723.98,7735.04
1009104,108155,1,14,-96,-178,4113.15,10672.21
1008645,200492,1,17,-613,-168,2503.12,7168.66
1000403,107886,1,5,-296,-819,1340.24,8360.44
1000928,106089,1,6,-741,-339,6386.31,945.45
1009702,101670,1,23,-430,-422,30583.54,10731.62
1000930,105046,1,4,-111,-816,11790.62,2013.49
1008341,103301,1,4,-31,-846,25065.48,59511.24
1004988,101758,1,15,-618,-651,3865.37,10873.63
1008594,109583,1,3,-782,-604,2084.86,2921.5
1007648,102806,1,2,-268,-353,1658.35,5351.42
1005082,103425,1,12,-54,-294,8931.33,2383.79
1003035,106969,1,9,-520,-113,3863.32,2677.93
1007164,200904,1,15,-210,-52,1175.91,24547.95
1002760,200448,1,15,-331,-774,13832.94,22904.15
1000623,108162,1,13,-625,-335,25070.67,10463.87
1003978,106910,1,19,-847,-689,16176.75,19788.19
1006522,102362,1,7,-623,-64,57.61,1741.14
1009652,105229,1,13,-924,-253,6662.37,36117.68
1009141,106887,1,5,-155,-686,11538.05,16314.42
1000136,201210,1,19,-554,-458,8327.85,5670.95
1007179,107402,1,13,-824,-18,4150.42,3634.29
1002571,104004,1,20,-818,-984,3173.89,1898.92
1006841,106617,1,1,-632,-772,480.3,3836.42
1003721,103689,1,7,-211,-927,2010.78,10372.64
1000927,103271,1,18,-773,-966,3590.09,192.58
1006144,201804,1,16,-466,-881,14777.24,3651.3
1008067,108511,1,20,-364,-271,580.27,225.25
1006045,200303,1,13,-644,-629,11797.1,6060.91
1005424,109559,1,13,-657,-868,1075.13,11898.0
1004092,107029,1,2,-466,-981,8074.28,9605.17
1007846,200151,1,16,-987,-552,7470.55,12498.0
1009019,103644,1,13,-844,-666,10217.36,16898.45
1003584,105229,1,4,-764,-254,10427.65,295.51
1006738,109082,1,18,-800,-399,7358.39,11172.67
1005782,109518,1,17,-859,-594,33752.28,9936.28
1004221,200298,1,8,-772,-968,10026.11,2110.49
1001381,104900,1,5,-664,-952,5100.21,6.12
1004264,102967,1,23,-850,-375,4246.66,3941.09
1005446,201944,1,16,-422,-315,6303.82,33827.2
1008709,107566,1,22,-355,-194,2944.84,4515.88
1009705,200105,1,12,-155,-887,1475.62,4601.24
1004954,101326,1,16,-677,-458,2852.07,15736.55
1007741,102250,1,4,-485,-891,13027.73,15221.33
1009675,108775,1,5,-364,-227,13381.61,2518.18
1003984,102331,1,9,-856,-289,317.67,11697.18
1001644,102356,1,16,-864,-546,37612.01,12467.07
1003969,100418,1,5,-817,-90,10224.83,26030.18
1009004,102587,1,23,-401,-100,14214.59,761.51
1008565,201861,1,6,-937,-60,17367.26,1444.96
1005840,101254,1,20,-708,-986,6744.95,9789.04
1006573,102715,1,17,-59,-201,9210.27,23375.27
1003122,201447,1,11,-356,-953,423.69,7434.3
1001948,102569,1,16,-625,-31,3545.94,7415.31
1001013,106748,1,4,-137,-544,22402.85,41757.26
1007288,101866,1,1,-89,-871,19805.44,4581.67
1007039,200773,1,23,-375,-533,12250.83,4290.52
1002715,100579,1,21,-321,-731,5473.13,19040.8
1003829,102960,1,15,-843,-592,19053.12,1750.48
1002201,106336,1,16,-321,-636,3550.56,8562.57
1003358,100350,1,22,-491,-577,15827.59,77867.21
1002293,103313,1,7,-247,-415,21299.6,8491.39
1002471,100842,1,2,-204,-387,6757.32,849.75
1009083,105349,1,14,-888,-593,4885.55,15904.01
1004634,107847,1,16,-368,-107,30312.91,41706.86
1000568,101679,1,21,-993,-389,8913.02,1306.65
1006552,107171,1,1,-875,-497,1992.58,13751.64
1001902,201185,1,10,-906,-558,3548.38,5966.92
1004708,101415,1,23,-920,-866,1612.69,7833.52
1000774,101133,1,10,-33,-180,11167.76,524.93
1006070,109829,1,4,-163,-807,20365.3,9878.7
1001051,104850,1,5,-544,-368,826.44,6218.17
1004839,102709,1,6,-990,-133,461.35,2175.5
1002682,108823,1,11,-194,-120,872.6,13384.02
1004558,107949,1,2,-986,-880,7287.64,1740.3
1008810,100982,1,12,-280,-790,12787.84,4622.85
1000586,100960,1,1,-756,-90,17590.93,4762.44
1006619,101007,1,11,-287,-422,7311.28,2847.31
1002562,201419,1,1,-337,-568,35979.46,865.3
1003227,108841,1,14,-533,-509,17027.09,9786.08
1003669,101204,1,17,-214,-990,14255.72,17984.95
1009180,201961,1,14,-716,-472,11664.77,1847.01
1001408,107419,1,17,-744,-698,13660.29,19600.47
1007264,106771,1,17,-353,-34,1773.32,12146.5
1007398,101520,1,17,-961,-100,6558.62,16359.16
1008816,107165,1,10,-710,-870,12921.52,9880.54
1007333,200158,1,16,-718,-191,3345.96,6768.34
1007014,104810,1,8,-774,-115,3976.69,8686.2
1000125,201106,1,4,-58,-562,25379.68,4162.13
1001492,106226,1,4,-835,-451,6131.67,7684.85
1006931,101792,1,18,-216,-461,450.81,753.88
1008029,101905,1,4,-906,-940,21093.7,8867.05
1005466,200027,1,1,-370,-351,4513.9,11196.83
1000450,107120,1,13,-609,-289,2348.34,1165.44
1009910,104066,1,23,-257,-978,8952.67,9647.61
1006508,105959,1,16,-475,-195,8664.37,7427.0
1003212,108885,1,13,-482,-592,1711.03,14788.25
1004696,106790,1,13,-771,-176,22976.84,4262.48
1009827,100521,1,14,-547,-378,485.2,7306.38
1001454,102767,1,14,-160,-940,3005.9,922.79
1006769,104409,1,20,-344,-608,7018.41,37607.95
1002349,109715,1,7,-76,-775,4799.71,398.85
1004524,104079,1,18,-362,-722,1489.34,3960.27
1003445,109535,1,3,-562,-648,718.32,1033.73
1002474,100640,1,6,-901,-231,954.91,3485.27
1006538,106526,1,2,-416,-403,35791.46,172.01
1001162,102877,1,14,-809,-714,2013.22,25306.42
1002043,105365,1,5,-361,-464,4786.83,4750.03
1005222,108077,1,16,-369,-77,6783.2,1854.57
1007571,107079,1,17,-69,-672,1619.93,11614.02
1004697,200289,1,18,-608,-547,2138.41,15572.08
1007468,100964,1,11,-564,-138,1362.12,7878.61
1000881,109713,1,15,-636,-647,4158.95,15891.59
1006972,104017,1,8,-767,-612,2784.26,14805.17
1007465,107212,1,9,-712,-331,8441.53,1825.59
1002716,104439,1,11,-159,-853,20595.78,1322.56
1000298,103627,1,23,-386,-616,1710.41,11318.28
1008926,200284,1,14,-843,-642,975.12,4505.61
1003839,105132,1,18,-813,-573,5029.29,31297.85
1003152,108189,1,13,-388,-990,2318.15,3803.46
1003296,100234,1,2,-658,-287,19072.67,7860.86
1001798,200892,1,11,-911,-460,1970.8,1106.96
1002332,104109,1,17,-726,-856,6187.23,16581.57
1001136,103083,1,7,-292,-535,4124.27,50699.74
1001278,201538,1,15,-290,-879,7132.06,1018.96
1004105,103257,1,3,-541,-74,27586.92,1976.49
1001993,103331,1,17,-340,-945,30825.22,9345.24
1008171,100693,1,19,-847,-494,7503.71,2139.93
1000992,106246,1,4,-419,-336,296.06,4882.61
1005976,102677,1,3,-105,-537,15975.53,1820.43
1008441,101625,1,18,-446,-810,1187.46,5050.01
1004091,200285,1,5,-10,-206,10426.94,8062.53
1007698,108268,1,17,-938,-334,5586.31,9652.38
1008797,201473,1,4,-189,-21,1186.91,2889.39
1003652,100449,1,13,-523,-579,4223.55,16427.72
1004047,105034,1,22,-566,-485,12158.58,10576.48
1009473,100582,1,17,-404,-999,11431.21,622.32
1006725,106866,1,16,-461,-735,4017.95,8778.33
1001191,101341,1,1,-231,-730,92.42,29537.81
1004556,100293,1,20,-344,-445,1990.5,2994.3
1006831,103313,1,17,-317,-994,6321.5,5507.38
1009095,107565,1,16,-153,-217,21155.0,11001.31
1002411,101795,1,19,-327,-474,10237.49,15417.52
1008613,101621,1,4,-359,-260,34686.16,214.33
1000927,103271,1,13,-183,-296,4899.59,14392.98
1006642,200298,1,23,-470,-316,6119.94,7248.0
1006875,107559,1,8,-922,-463,28123.0,20537.21
1009740,107434,1,6,-990,-249,11198.86,5538.45
1004393,107356,1,9,-630,-209,8800.92,9292.75
1002028,104554,1,12,-875,-788,240.1,11850.55
1000285,100885,1,13,-999,-366,1869.34,7876.77
1003559,109919,1,14,-294,-79,1382.92,2405.78
1009609,109364,1,16,-197,-304,1615.23,22916.91
1000133,105024,1,19,-363,-916,2493.79,1825.13
1000912,108898,1,13,-731,-792,2898.64,3137.04
1002248,108997,1,23,-264,-129,6666.34,2762.6
1004495,201327,1,8,-916,-559,2332.99,6745.19
1007027,200800,1,9,-735,-531,9902.21,7047.87
1004475,106084,1,5,-55,-514,17812.77,2382.64
1004192,103273,1,3,-818,-743,923.01,8604.65
1001489,107928,1,14,-956,-365,22434.55,9775.94
1009442,107117,1,13,-470,-329,2607.67,636.15
1003594,102278,1,13,-434,-803,11855.92,17740.44
1008591,100636,1,13,-422,-824,28639.35,5106.88
1004285,103563,1,22,-581,-266,19369.68,9672.06
1005675,105595,1,2,-882,-113,4887.06,2493.28
1008721,105786,1,12,-55,-205,17091.57,18169.4
1006978,106852,1,1,-994,-312,6701.05,10059.94
1002500,109517,1,16,-930,-801,18966.57,1979.35
1002006,100610,1,13,-506,-241,2231.16,11313.38
1005506,109823,1,23,-755,-981,651.18,6686.18
1004906,107594,1,4,-465,-969,10350.09,5041.35
1002943,102733,1,7,-812,-535,5025.87,16622.89
1009432,109409,1,7,-492,-873,9057.42,3631.87
1003219,103623,1,12,-341,-534,808.89,5362.75
1007409,200056,1,21,-626,-548,13864.38,8136.85
1002730,200632,1,2,-47,-276,878.43,17982.13
1004468,109281,1,8,-137,-229,2352.46,4380.72
1006668,107455,1,15,-618,-313,548.83,3972.02
1009170,101481,1,19,-21,-425,36555.31,7625.78
1003511,106518,1,11,-882,-625,3340.26,25965.34
1004056,201736,1,13,-404,-349,13561.02,11284.63
1005303,108966,1,12,-148,-636,819.29,18274.35
1009802,201216,1,17,-490,-337,2569.12,8379.73
1008982,104696,1,22,-802,-101,9203.88,986.0
1004769,107139,1,15,-952,-549,28091.7,19626.46
1001365,104570,1,17,-809,-132,2231.91,4888.64
1006082,105222,1,13,-901,-420,1479.68,30288.2
1006584,106752,1,3,-735,-239,4140.29,1992.41
1001127,109064,1,4,-358,-293,17348.47,4642.56
1003523,100036,1,13,-291,-502,1770.41,13670.94
1001074,102262,1,21,-78,-944,1436.59,16501.81
1009562,106471,1,11,-29,-267,448.01,1526.26
1000517,201951,1,9,-847,-124,19883.17,7010.49
1002387,108042,1,5,-368,-954,1401.21,3160.59
1009081,200116,1,8,-919,-731,1078.26,3245.99
1007757,201314,1,23,-331,-734,2247.45,9573.57
1008622,104541,1,4,-402,-739,28684.31,2238.31
1007932,201169,1,12,-77,-416,5994.23,6548.94
1003053,100311,1,23,-811,-604,4857.39,36345.76
1006576,102647,1,17,-694,-855,10510.12,5616.83
1002063,100164,1,2,-280,-133,22154.8,13289.05
1007961,105697,1,3,-540,-554,3895.12,7103.56
1005573,105190,1,17,-909,-145,10509.28,38890.5
1002951,108561,1,8,-318,-434,16464.43,12785.68
1009666,108411,1,10,-866,-42,1433.98,655.6
1003788,108796,1,12,-189,-944,5920.52,19205.03
1007242,201848,1,17,-582,-373,21389.96,10615.12
1004156,100005,1,4,-364,-527,8966.19,16724.24
1003019,102814,1,11,-653,-926,16651.17,7015.77
1009842,102984,1,6,-322,-565,1506.3,43581.01
1007313,108661,1,11,-63,-507,3866.48,5899.51
1004186,102508,1,20,-511,-585,636.19,13737.45
1008004,200350,1,6,-616,-255,3407.24,12797.23
1006767,201547,1,14,-440,-471,5304.01,12374.19
1002261,201504,1,7,-530,-769,11182.11,1624.02
1002889,106758,1,8,-60,-512,10781.8,29966.17
1003460,104230,1,8,-667,-626,373.08,21585.03
1009525,103946,1,1,-142,-141,4293.68,338.75
1005787,200260,1,7,-823,-13,8029.02,26.11
1003005,102449,1,13,-276,-876,1179.57,4361.22
1003536,104477,1,13,-814,-158,21757.34,6639.66
1004435,201216,1,1,-802,-871,467.47,12060.29
1008497,105335,1,1,-394,-674,16015.64,13684.94
1003655,103020,1,17,-999,-394,2635.25,18939.04
1005813,104926,1,17,-139,-337,8827.17,17051.79
1006512,200711,1,15,-547,-347,8487.38,302.02
1005613,105096,1,2,-58,-871,3362.71,1459.22
1007742,100627,1,5,-338,-265,9475.6,61609.32
1002639,200996,1,20,-347,-540,26957.03,8862.49
1003860,201425,1,2,-376,-752,32912.4,20844.37
1001288,200706,1,13,-742,-872,4675.58,37755.47
1006237,100661,1,23,-666,-245,27094.86,17291.46
1006507,100407,1,5,-931,-341,273.87,6617.18
1008810,100982,1,13,-304,-337,236.96,10217.53
1000241,102376,1,23,-988,-420,1560.17,6472.48
1008143,105586,1,7,-726,-444,47331.54,6902.9
1001618,100904,1,18,-101,-221,18227.05,22.18
1006411,200760,1,17,-976,-768,7234.67,20857.41
1002818,109767,1,10,-323,-542,2825.27,4057.02
1008599,106167,1,12,-812,-532,5255.97,20595.47
1009875,104448,1,3,-325,-539,12146.84,67215.09
1002310,100163,1,21,-714,-975,11344.86,2125.58
1004248,103954,1,4,-971,-267,6787.36,8857.19
1005826,104580,1,13,-276,-417,594.61,10468.93
1002014,102613,1,8,-736,-255,202.58,10436.48
1000711,101176,1,8,-604,-368,2529.67,6775.86
1001159,103771,1,4,-472,-634,1629.33,3837.2
1009281,106258,1,15,-501,-373,13867.54,3410.17
1005564,103051,1,15,-709,-550,660.13,3110.47
1009262,108475,1,15,-678,-142,1348.03,15613.59
1008060,107006,1,19,-532,-269,17049.24,5435.33
1003993,101056,1,2,-203,-567,377.49,29415.05
1003486,104808,1,5,-452,-573,10471.84,4032.83
1004916,102802,1,4,-272,-968,2394.78,13431.31
1000197,105971,1,5,-987,-868,898.09,3532.61
1002165,200567,1,5,-805,-566,7201.64,20027.08
1002620,201360,1,13,-982,-34,96.39,2420.94
1004987,109557,1,2,-599,-747,1743.43,14802.71
1001976,201720,1,3,-940,-243,2714.13,18395.73
1004959,102626,1,13,-329,-295,15131.05,36815.02
1009966,100587,1,2,-440,-176,17735.62,2264.18
1004323,100830,1,13,-101,-553,2100.63,1693.44
1009285,107144,1,22,-739,-566,14459.3,54215.05
1000760,103165,1,8,-683,-402,80.66,8733.81
1005356,101826,1,6,-327,-118,20133.28,9877.14
1002263,101770,1,2,-926,-595,9398.22,37670.43
1006165,109701,1,3,-76,-436,9144.24,2212.45
1002598,106855,1,5,-230,-706,3016.3,28156.44
1002033,109445,1,22,-285,-235,9367.75,1458.94
1005823,200040,1,1,-554,-910,4969.87,4958.5
1008584,104223,1,6,-682,-877,32885.84,21132.17
1008049,108267,1,21,-171,-50,4695.17,4089.73
1003308,104104,1,8,-335,-236,9794.75,314.99
1007178,105540,1,4,-838,-412,908.87,2374.92
1004226,108017,1,13,-765,-386,2141.39,7659.0
1008137,200864,1,21,-207,-472,3138.45,2340.78
1006548,106052,1,21,-12,-319,49464.91,45128.5
1003859,201764,1,15,-932,-851,18191.01,3944.54
1001655,101108,1,5,-102,-419,14510.56,72.99
1001814,100981,1,18,-389,-977,1930.53,3104.18
1001657,200696,1,8,-363,-673,7124.98,10992.48
1003065,201600,1,9,-642,-89,19838.23,16413.22
1007822,108960,1,14,-601,-105,23462.61,18370.9
1001369,101963,1,17,-146,-123,8949.64,12399.09
1003825,104799,1,9,-964,-884,2917.36,12788.39
1008626,201248,1,4,-889,-183,25739.87,3771.45
1006667,103666,1,17,-625,-767,5899.2,39178.48
1005947,108406,1,2,-54,-347,10501.66,4497.48
1008827,108353,1,21,-618,-508,9144.13,9702.25
1005514,108284,1,2,-278,-223,2098.79,3752.5
1001976,201720,1,5,-443,-48,1248.34,10627.99
1007332,107459,1,16,-124,-93,5347.99,1927.0
1007076,103667,1,15,-816,-566,17239.39,10605.16
1008314,106589,1,6,-59,-638,871.3,9299.13
1009471,108271,1,9,-802,-764,442.36,7579.79
1007012,104640,1,4,-295,-603,11462.38,3668.85
1009401,104515,1,20,-632,-173,10307.5,17566.7
1004696,106790,1,19,-31,-879,157.81,24581.0
1000165,109141,1,8,-995,-213,10230.98,13046.88
1006484,103092,1,23,-886,-65,26123.46,23741.31
1007803,101794,1,10,-87,-22,12603.45,4997.21
1007699,102029,1,15,-763,-517,5280.44,3580.32
1002422,108827,1,11,-315,-929,9489.64,3728.53
1009635,107846,1,21,-316,-492,10519.38,672.51
1007876,102441,1,22,-678,-145,6398.97,1808.95
1003804,100496,1,5,-861,-236,14546.7,826.46
1005029,109844,1,14,-825,-943,54.97,546.1
1007643,101854,1,17,-343,-426,874.6,15894.01
1002752,106414,1,4,-892,-787,2574.44,16135.9
1008697,108459,1,13,-882,-511,28993.39,21766.08
1007022,101227,1,2,-459,-636,14778.63,12539.49
1009458,105489,1,7,-595,-430,6606.28,1755.95
1009653,100387,1,20,-426,-610,9070.47,1850.1
1003951,101819,1,17,-720,-153,19684.4,15237.68
1006389,106457,1,12,-931,-903,472.83,1785.74
1000815,201918,1,18,-959,-347,141.42,11173.39
1008103,101545,1,18,-244,-821,3151.26,2721.92
1006415,107196,1,7,-976,-693,5822.75,8851.11
1003040,101467,1,11,-713,-144,24103.8,19539.09
1005547,105123,1,17,-821,-82,18564.99,11438.89
1000271,101433,1,2,-377,-916,2865.64,852.64
1008471,200034,1,10,-590,-926,6391.24,1309.03
1008338,102505,1,2,-742,-937,272.87,3565.39
1001016,109456,1,16,-439,-471,7142.22,12148.74
1002450,201230,1,2,-239,-655,4694.58,7743.22
1003333,107808,1,7,-585,-736,5896.15,5612.89
1006517,201304,1,13,-827,-885,1439.0,1548.28
1000952,107566,1,5,-947,-252,30903.56,4473.63
1003857,109542,1,6,-765,-688,8444.05,3766.92
1004558,107949,1,19,-959,-869,1309.53,19284.83
1002289,103182,1,11,-373,-760,24123.03,1920.84
1003183,105769,1,7,-64,-178,8170.26,5008.0
1001308,100487,1,20,-344,-931,5565.25,1758.36
1001441,100527,1,13,-84,-711,2431.56,8942.87
1003786,104453,1,1,-582,-283,3691.36,21490.63
1004470,201371,1,4,-891,-536,9107.8,5514.01
1002476,101886,1,1,-413,-887,8251.16,16194.33
1000990,101701,1,13,-486,-345,39327.88,27597.18
1006370,201254,1,17,-87,-461,26035.3,3475.43
1003664,201622,1,21,-153,-136,12601.7,676.88
1007450,100032,1,10,-449,-153,434.51,17639.44
1004899,102362,1,11,-579,-314,12940.29,16579.45
1000982,105100,1,15,-916,-948,2456.95,6197.52
1005714,109603,1,5,-753,-759,1877.28,3768.84
1003738,101513,1,7,-797,-687,1846.66,4435.48
1000464,106381,1,10,-45,-739,2513.12,4388.97
1007039,200773,1,23,-123,-580,672.09,1619.5
1006892,107000,1,11,-478,-591,15141.94,8176.9
1000722,103839,1,12,-114,-97,2787.0,1812.4
1007057,201087,1,1,-421,-877,6403.39,13079.87
1000525,104507,1,19,-948,-911,153.8,4266.18
1009827,100521,1,17,-640,-819,9605.47,10160.99
1008362,201316,1,9,-295,-274,9550.97,9465.53
1007282,105143,1,15,-145,-94,7119.56,2295.41
1004012,103319,1,3,-312,-331,14109.13,148.34
1001650,103222,1,19,-787,-979,7128.89,57.32
1000217,100835,1,3,-682,-426,4487.64,1710.65
1007796,103416,1,4,-63,-640,6620.35,4736.94
1009027,104560,1,13,-591,-854,2945.39,4167.86
1001156,108326,1,15,-85,-632,110.64,7012.24
1005047,100593,1,11,-138,-705,4462.99,8374.19
1004423,108721,1,8,-484,-265,461.18,1376.0
1009035,107416,1,22,-322,-646,1782.7,23898.92
1004053,104131,1,10,-857,-283,7095.46,3086.37
1001035,201360,1,8,-827,-199,4003.19,1398.82
1007016,108453,1,17,-449,-436,5504.6,126.63
1001642,104519,1,18,-480,-42,1477.47,3321.8
1008263,200696,1,11,-794,-890,4758.25,4562.97
1005317,100507,1,8,-818,-613,440.37,11718.79
1009332,102712,1,18,-458,-648,512.93,4278.59
1005672,101700,1,16,-943,-126,2670.03,17874.21
1006360,107283,1,1,-594,-494,6785.26,31336.78
1009637,102607,1,1,-156,-523,2325.86,592.36
1005334,107677,1,10,-322,-24,3782.38,7209.88
1002218,109452,1,15,-298,-353,7685.99,9291.66
1003988,102612,1,5,-348,-11,15189.93,814.3
1009433,103423,1,8,-926,-146,16774.25,20615.51
1000466,108706,1,13,-905,-281,5820.5,13692.98
1009360,103819,1,22,-73,-979,4828.46,7847.58
1001558,101308,1,8,-476,-986,10947.74,8272.12
1004886,107285,1,16,-410,-968,14129.53,10134.37
1002323,106741,1,7,-56,-621,472.87,12405.44
1008854,109718,1,16,-85,-127,11175.53,8760.0
1006218,108813,1,7,-249,-913,303.11,12330.35
1003021,101183,1,12,-926,-790,1289.29,2274.76
1008897,105471,1,20,-364,-757,10294.72,20886.04
1005346,104422,1,10,-469,-476,9599.85,7506.47
1001491,102165,1,3,-186,-110,2836.99,9422.95
1009794,201405,1,19,-819,-389,7558.59,10796.55
1004744,106709,1,9,-571,-506,516.77,4095.98
1006265,102902,1,9,-908,-868,21281.05,7190.6
1009453,200856,1,5,-856,-243,17168.82,12800.01
1002774,109236,1,8,-759,-167,6212.34,1096.86
1008088,102543,1,11,-376,-428,9675.23,6094.54
1000483,101427,1,8,-346,-678,9142.19,1941.37
1002235,101279,1,18,-493,-710,13466.59,707.63
1009585,106125,1,9,-301,-680,7994.16,13441.8
1009301,109891,1,17,-859,-41,6289.59,8061.83
1005184,101103,1,5,-392,-486,23909.11,8909.59
1000349,108138,1,15,-760,-490,4572.8,7319.72
1005289,107139,1,12,-949,-536,2396.99,24461.29
1002948,103190,1,8,-37,-867,7070.18,2480.75
1009699,104616,1,2,-668,-676,4907.74,4831.17
1001971,104100,1,2,-469,-141,10681.17,23068.86
1000958,200990,1,22,-943,-942,8290.9,61433.87
1007265,101900,1,16,-468,-457,11299.26,10926.47
1004649,109110,1,5,-901,-175,700.8,10353.42
1000544,103937,1,22,-894,-155,26692.6,8714.63
1001629,102827,1,9,-395,-843,8811.75,40930.99
1002304,201303,1,6,-186,-289,3820.08,2667.1
1005638,103866,1,15,-341,-573,2875.19,33782.58
1004401,108866,1,17,-788,-444,21915.18,7347.73
1001125,104895,1,10,-717,-13,2769.0,1223.14
1002071,101798,1,2,-547,-619,4915.45,2209.35
1000125,201106,1,15,-363,-704,4047.52,15687.94
1001031,108871,1,22,-457,-246,4034.57,2656.07
1007529,103196,1,5,-850,-264,1099.12,13908.76
1007676,103305,1,20,-193,-114,8010.76,4700.25
1006647,107868,1,4,-144,-260,3091.08,467.4
1002359,102923,1,12,-391,-193,14538.32,4504.79
1005875,102635,1,2,-64,-322,4967.47,19464.39
1006645,103454,1,17,-213,-977,8043.13,6291.0
1004510,101714,1,10,-70,-345,19613.95,47057.52
1003910,201130,1,9,-439,-269,8598.43,6037.13
1000271,101433,1,1,-593,-158,2209.06,1366.37
1004854,105797,1,8,-155,-36,17369.67,1895.07
1006415,107196,1,2,-898,-190,337.76,5435.37
1001487,107305,1,14,-938,-881,6172.16,5320.64
1006062,104445,1,20,-65,-508,21516.16,365.4
1006217,100256,1,13,-675,-773,5041.41,4434.56
1002578,102079,1,8,-219,-920,5831.47,393.91
1000599,201186,1,8,-273,-947,2702.18,2121.47
1002248,108997,1,4,-32,-997,4995.44,37672.37
1004319,200110,1,21,-915,-241,10263.33,1506.7
1007336,200633,1,6,-890,-182,1045.62,5554.97
1007909,105460,1,4,-394,-877,14687.19,2427.17
1005391,103853,1,1,-899,-186,1580.71,5429.83
1009856,102181,1,14,-709,-635,13563.69,460.33
1002815,102210,1,18,-762,-855,21002.25,33678.11
1002305,108759,1,6,-729,-472,9188.63,32961.88
1004167,102879,1,14,-739,-104,8459.9,9576.73
1004961,200175,1,13,-116,-292,7263.33,2798.13
1006596,108240,1,12,-25,-448,2627.22,18067.46
1005428,101078,1,1,-258,-807,31046.11,28925.21
1005526,201707,1,19,-546,-849,12776.65,3619.33
1000498,103573,1,10,-327,-67,3692.39,26119.52
1005102,100674,1,2,-943,-566,11716.93,4007.77
1003370,103251,1,12,-102,-477,5877.13,4441.24
1005850,109479,1,4,-46,-863,15234.32,78.83
1006965,103826,1,21,-447,-32,10061.85,2448.1
1003947,100990,1,19,-644,-135,51069.16,4058.22
1008815,200044,1,4,-170,-845,9793.94,4602.92
1009215,104871,1,5,-982,-31,964.14,18607.46
1000193,105535,1,10,-258,-288,8328.52,19019.67
1009777,201544,1,4,-206,-773,6864.79,3504.02
1005535,101534,1,21,-91,-283,5225.03,14980.27
1000452,100058,1,9,-136,-677,6273.35,908.0
1008693,101869,1,14,-753,-394,338.98,50994.3
1000366,100198,1,14,-523,-782,6106.79,2079.54
1006888,107335,1,23,-521,-188,6707.77,657.48
1006148,109242,1,20,-286,-177,3218.56,6739.09
1009602,107529,1,18,-703,-889,2244.77,11898.82
1008557,103993,1,11,-48,-810,46252.78,13814.49
1006370,201254,1,15,-290,-426,1776.47,1928.9
1001991,105869,1,1,-217,-732,6631.9,6239.72
1009654,100988,1,16,-317,-491,2082.39,191.94
1003971,201329,1,6,-479,-294,9809.66,2428.89
1003533,107211,1,20,-597,-480,11124.5,8122.74
1006233,201040,1,15,-908,-64,12450.07,755.43
1006091,104712,1,17,-608,-878,14161.54,16024.21
1007477,108630,1,2,-91,-289,6114.63,10216.88
1005429,101489,1,4,-671,-171,23074.32,8483.61
1008250,200137,1,10,-285,-411,784.31,1778.63
1009198,104866,1,10,-455,-152,3315.76,1319.63
1005039,101338,1,23,-163,-750,20719.5,7683.04
1002161,200375,1,13,-769,-559,2784.65,1125.83
1000468,107668,1,21,-940,-235,3901.76,1199.8
1009926,105342,1,21,-589,-700,9691.91,4776.05
1007929,101047,1,23,-104,-164,14751.27,20627.31
1004256,109529,1,7,-331,-149,11017.55,1614.77
1002592,109113,1,12,-261,-808,8537.64,536.85
1000170,103032,1,21,-781,-109,18894.49,5736.53
1002746,109632,1,13,-992,-794,5480.61,16659.04
1008622,104541,1,17,-769,-361,3865.15,2877.26
1001472,107970,1,19,-845,-918,4589.85,11954.52
1009095,107565,1,12,-155,-15,887.5,4699.03
1004543,104149,1,15,-66,-685,3384.56,16311.71
1009513,104751,1,9,-751,-919,30350.46,28614.85
1006495,103942,1,13,-991,-579,672.07,3981.83
1003552,102956,1,5,-423,-164,12449.89,218.94
1006639,100101,1,6,-48,-178,9677.02,618.61
1009648,103176,1,3,-637,-919,28345.97,4502.66
1006512,200711,1,9,-895,-423,3626.78,11097.84
1002329,100124,1,17,-831,-644,2520.34,1922.01
1008890,200443,1,13,-885,-512,12203.24,2493.46
1002029,201094,1,18,-776,-398,9322.0,19113.05
1009162,108003,1,21,-60,-412,31376.44,2310.85
1001743,105629,1,6,-652,-955,27217.8,3363.2
1004783,201674,1,18,-872,-303,6309.23,1923.65
1001763,104657,1,2,-617,-370,16.09,3583.39
1002237,109226,1,11,-680,-966,5455.66,1705.4
1007090,106964,1,1,-448,-86,10728.32,6381.81
1009851,107970,1,7,-462,-909,16601.65,14327.67
1000562,200965,1,16,-741,-449,1690.95,9299.06
1004957,102529,1,8,-737,-333,5776.65,13163.61
1004822,200135,1,4,-727,-994,17020.3,2204.98
1001213,105108,1,14,-532,-821,2090.33,7173.01
1000012,108003,1,12,-515,-414,7476.87,2134.27
1000516,101414,1,8,-131,-479,2222.78,33764.72
1000297,105059,1,16,-886,-450,715.07,15807.38
1008076,106997,1,8,-666,-289,2075.76,26752.51
1004849,100962,1,6,-348,-488,7376.3,3474.36
1009850,109247,1,12,-871,-955,7559.35,1909.89
1000362,104204,1,21,-874,-694,5982.86,15458.97
1007633,106224,1,22,-630,-981,4300.43,16332.14
1002170,106122,1,9,-121,-377,2716.62,14961.27
1005912,107266,1,7,-531,-470,90.85,2313.21
1006680,105629,1,4,-586,-348,41.14,1313.21
1000558,100102,1,20,-895,-39,5571.58,23316.5
1005068,106706,1,11,-796,-186,7837.72,7015.91
1007145,106301,1,7,-65,-270,8392.68,10330.26
1002509,104999,1,19,-363,-756,11650.16,6280.02
1007794,102957,1,18,-620,-281,8650.53,9883.13
1006159,104699,1,8,-290,-685,9869.21,6311.7
1000390,201536,1,23,-566,-36,16402.11,7738.79
1007883,100176,1,1,-66,-632,8577.22,18169.67
1007763,200959,1,10,-536,-697,13757.76,13646.15
1006841,106617,1,15,-265,-403,4302.67,6567.86
1007023,101718,1,3,-662,-815,19251.94,22040.25
1009447,200794,1,15,-975,-279,4176.31,109.16
1003325,107460,1,23,-124,-388,49.43,4433.11
1001658,103900,1,15,-215,-310,8101.33,5038.55
1007564,200781,1,2,-452,-976,17901.48,12598.81
1003364,105954,1,19,-761,-781,8384.52,3940.43
1002746,109632,1,3,-890,-479,7614.9,27606.18
1002981,100106,1,14,-414,-460,12848.91,13787.78
1003251,105028,1,1,-180,-132,3653.8,502.95
1005836,101437,1,11,-184,-916,8167.91,938.6
1007413,101388,1,16,-236,-160,1981.36,11480.22
1001277,201002,1,3,-121,-309,7556.3,2386.14
1002778,108163,1,18,-348,-998,2530.48,1481.49
1003254,100343,1,15,-307,-849,895.79,20200.98
1002485,109197,1,5,-888,-929,787.35,28426.74
1009088,108061,1,7,-818,-16,2768.4,17025.56
1000371,109245,1,16,-498,-206,26874.78,6436.59
1002636,100928,1,11,-651,-623,13145.03,11955.94
1005820,200357,1,23,-936,-564,1261.47,10813.73
1004731,103043,1,10,-157,-667,12269.02,3168.81
1000375,102028,1,3,-540,-743,18853.17,8132.33
1009166,100531,1,11,-853,-60,16722.89,28707.59
1004287,105259,1,4,-693,-176,3796.74,3665.02
1004644,201906,1,12,-410,-763,9683.14,10861.35
1008033,100977,1,5,-20,-71,3024.67,6980.82
1007501,103069,1,22,-116,-613,26035.17,3278.44
1003519,107185,1,3,-470,-815,5067.04,440.16
1003719,100293,1,2,-659,-148,11364.16,33932.57
1004342,107143,1,3,-409,-557,1116.18,28658.23
1003575,200717,1,17,-607,-87,31717.82,5279.19
1001259,103939,1,16,-639,-176,9797.3,5383.12
1005354,103838,1,18,-394,-815,3447.59,9163.58
1002442,107126,1,9,-318,-693,3740.27,2893.27
1002073,109970,1,4,-311,-88,3600.1,1632.32
1005206,106472,1,4,-411,-488,1951.56,16951.37
1005255,109728,1,21,-214,-551,10700.95,9518.79
1007258,201999,1,12,-697,-848,1441.71,3012.91
1005723,108035,1,9,-537,-142,29574.62,7324.35
1000675,103905,1,21,-935,-861,1549.06,17441.76
1009560,107415,1,10,-933,-431,10569.97,19384.5
1008642,106864,1,6,-875,-274,4836.46,2218.17
1002447,100847,1,13,-616,-150,27816.32,24432.61
1001292,100334,1,7,-912,-941,14532.74,5166.3
1000822,201045,1,19,-923,-190,57503.18,11468.49
1009289,102400,1,5,-403,-392,1078.38,6374.16
1005323,106663,1,6,-686,-265,9805.23,8232.41
1009989,100974,1,10,-428,-771,33129.28,5410.63
1008577,105990,1,8,-121,-145,10374.5,23231.73
1007103,101701,1,4,-787,-940,3246.54,9243.53
1003187,106853,1,13,-429,-15,13411.5,3104.41
1009379,100236,1,3,-392,-957,4909.83,5924.07
1008064,108573,1,6,-383,-582,1632.14,7286.7
1006951,108452,1,13,-607,-415,4633.29,3321.23
1005368,102568,1,15,-467,-277,6677.23,3169.11
1007238,103152,1,2,-986,-922,1555.25,14763.87
1007693,200158,1,10,-143,-132,12979.05,12138.93
1002729,105528,1,6,-815,-992,9883.18,7384.16
1003331,200506,1,2,-595,-826,8346.26,3264.11
1004747,108007,1,1,-111,-882,2323.38,14714.73
1006421,105078,1,15,-240,-364,14813.92,722.33
1002710,103694,1,16,-313,-776,52012.71,7602.53
1004960,109843,1,13,-38,-569,3110.01,5668.75
1000432,100071,1,1,-212,-378,671.56,4214.42
1007149,109265,1,6,-783,-114,6161.72,18282.53
1001022,201780,1,12,-812,-448,27051.07,19898.04
1000285,100885,1,20,-844,-713,35561.95,59.18
1007639,201636,1,15,-352,-251,16876.27,9707.72
1000735,104840,1,7,-137,-768,12268.43,20045.21
1006547,200401,1,23,-739,-901,21998.78,25880.75
1003968,107772,1,7,-251,-603,8392.62,7311.87
1006888,107335,1,4,-464,-989,8563.62,2831.34
1007625,106421,1,17,-919,-811,4299.28,20479.85
1002080,109604,1,8,-656,-208,3799.11,757.02
1000975,108955,1,2,-982,-683,18042.15,7477.13
1002198,106154,1,9,-465,-762,31942.92,1830.36
1006030,102766,1,13,-452,-723,12434.07,15246.15
1000316,109914,1,8,-765,-589,7363.38,19589.26
1006098,105266,1,9,-440,-415,7723.81,59.8
1008800,100636,1,15,-452,-222,2555.99,5842.07
1009396,102081,1,11,-82,-670,11658.23,23965.64
1005184,101103,1,13,-16,-143,27924.59,9445.81
1008514,104923,1,17,-66,-983,1268.71,11065.8
1009794,201405,1,13,-305,-503,9639.93,4791.35
1001013,106748,1,19,-294,-740,68.61,22400.26
1009178,100102,1,2,-89,-577,8789.81,2279.75
1009128,106202,1,23,-851,-874,3813.54,11343.2
1001919,103756,1,13,-105,-954,28378.82,2616.38
1002753,107409,1,14,-792,-198,484.34,20593.56
1001192,201735,1,22,-119,-418,3298.87,2719.3
1009066,104955,1,19,-764,-127,11843.52,472.65
1008083,105654,1,19,-880,-481,499.62,7940.27
1002171,109789,1,8,-636,-378,9621.16,9665.63
1002053,109341,1,8,-304,-587,4533.32,11297.77
1002464,108006,1,16,-163,-867,4361.57,15250.64
1001231,201672,1,19,-714,-390,11791.43,3643.48
1002601,103605,1,2,-504,-862,14422.65,15566.7
1001621,101622,1,17,-476,-133,5723.02,9388.98
1000887,104580,1,9,-545,-258,11071.3,8297.62
1004086,201432,1,18,-212,-764,641.33,2508.06
1004233,101005,1,2,-477,-609,10816.39,2906.21
1008160,100556,1,12,-948,-967,1728.57,6178.41
1000494,101387,1,23,-144,-603,14798.44,7828.93
1003049,107740,1,12,-281,-600,29762.93,31237.35
1004035,105410,1,8,-953,-431,5160.02,1134.83
1008467,105662,1,5,-335,-802,13970.17,13861.83
1001247,104119,1,6,-614,-402,997.29,337.25
1002570,108010,1,13,-190,-560,7524.4,901.44
1006000,108449,1,6,-280,-414,2850.86,9773.64
1008747,109012,1,3,-49,-636,92.52,33801.47
1004855,106913,1,10,-664,-486,6122.76,2633.27
1008366,106896,1,1,-640,-430,2253.29,7295.96
1004335,101080,1,22,-896,-645,29048.06,10342.15
1002469,200043,1,13,-880,-159,2088.13,10225.92
1008792,104218,1,13,-654,-854,2962.76,3419.9
1009037,100227,1,20,-928,-915,21809.63,7115.01
1008479,100682,1,4,-28,-708,4579.13,4354.25
1003942,102318,1,10,-647,-624,19750.42,1507.34
1005967,105374,1,22,-279,-825,1800.35,15302.25
1005839,109144,1,13,-44,-653,11159.7,8625.11
1004412,103999,1,20,-296,-750,19213.49,18643.87
1005643,105303,1,6,-846,-582,14681.34,5402.28
1003181,100787,1,5,-737,-921,19264.45,3802.26
1007383,101838,1,8,-536,-849,1105.97,2455.8
1000233,102513,1,21,-38,-507,10694.43,6572.46
1005755,200242,1,6,-186,-420,9837.34,7477.25
1008004,200350,1,7,-332,-972,8273.07,17047.19
1004092,107029,1,5,-498,-35,10256.01,7674.2
1004170,103088,1,18,-334,-643,6029.81,13334.7
1004178,103774,1,17,-300,-300,3454.34,226.33
1007882,103989,1,9,-383,-100,47805.45,7772.97
1005563,200943,1,13,-478,-391,46977.78,7927.9
1005445,109194,1,15,-56,-329,1132.17,90.74
1002555,106141,1,8,-115,-866,1527.63,10348.26
1008039,108625,1,1,-705,-173,8893.16,3453.85
1003591,102902,1,21,-658,-329,14947.56,11184.72
1001941,201978,1,8,-537,-727,15923.24,20719.54
1003663,100325,1,9,-872,-117,4383.26,11061.21
1001302,106225,1,16,-526,-87,9775.43,4276.15
1000292,105374,1,9,-356,-67,18034.85,43.8
1006066,106691,1,4,-388,-364,1296.28,3377.3
1006722,108801,1,16,-337,-908,30694.89,9950.59
1009077,104808,1,18,-925,-522,5217.82,8833.55
1005589,103063,1,21,-528,-13,519.44,19135.44
1000076,105211,1,1,-704,-497,17855.17,3172.85
1003389,106107,1,14,-87,-960,5148.19,17623.69
1003717,104516,1,23,-151,-739,17393.57,6060.52
1002415,201446,1,18,-757,-446,16533.48,14175.17
1009851,107970,1,5,-837,-566,45185.09,555.73
1007800,102047,1,15,-19,-96,3517.97,73.65
1009638,107135,1,4,-77,-204,3258.15,2175.79
1001543,104354,1,11,-576,-408,3421.47,262.81
1009637,102607,1,15,-431,-554,8674.2,4167.01
1009259,103269,1,19,-141,-995,456.77,1521.91
1006013,101041,1,21,-669,-995,23190.83,29108.3
1004147,104069,1,11,-122,-49,10923.92,8709.22
1005808,101459,1,7,-117,-830,165.16,3302.13
1000222,107211,1,23,-90,-834,20253.54,27638.07
1000754,102604,1,23,-613,-378,36112.69,4531.98
1002928,107144,1,17,-541,-118,5238.84,4470.98
1002643,107004,1,3,-521,-440,41118.48,7305.99
1006390,100742,1,11,-753,-13,3237.5,3798.43
1007799,107752,1,23,-36,-803,10995.85,5559.46
1007459,104333,1,22,-254,-71,6236.21,7204.15
1000329,101994,1,15,-293,-724,347.81,10770.35
1002097,100035,1,4,-989,-950,3551.73,975.38
1002658,201654,1,22,-92,-963,3878.39,9370.22
1009348,105734,1,17,-695,-759,10667.15,16855.4
1007930,103746,1,13,-223,-330,5401.34,6771.46
1003823,106693,1,21,-35,-818,5682.46,5811.14
1004038,105128,1,22,-71,-316,6594.46,5924.43
1007786,106211,1,21,-86,-801,6897.82,10055.17
1007364,100634,1,14,-495,-486,5462.35,922.86
1004088,105037,1,9,-427,-336,11892.75,13671.53
1000037,101054,1,6,-668,-221,16567.09,4454.2
1009313,103977,1,5,-665,-619,19443.94,1680.51
1001521,104325,1,9,-700,-416,7901.92,17240.74
1003557,101442,1,5,-63,-915,1216.7,5390.88
1009595,107631,1,8,-763,-778,376.0,5981.11
1006672,101555,1,21,-882,-87,17144.15,5487.67
1000905,109226,1,15,-601,-674,1959.98,4718.96
1009238,102386,1,14,-771,-501,9450.82,2451.63
1004792,101717,1,21,-238,-220,5046.63,25045.31
1009491,101491,1,18,-384,-18,26872.73,13549.51
1004103,105767,1,10,-755,-901,18102.46,13177.35
1001760,106484,1,7,-748,-801,696.75,6127.81
1000274,106528,1,16,-531,-985,3668.04,7561.65
1004102,201329,1,7,-131,-588,20567.91,37240.02
1009851,107970,1,12,-341,-638,3726.2,5601.93
1004544,200192,1,14,-551,-304,1848.64,1701.97
1001604,105600,1,22,-631,-573,5681.21,10126.35
1006735,100928,1,14,-84,-595,19465.24,1384.38
1006894,105261,1,5,-869,-920,393.74,8268.84
1007262,107932,1,12,-612,-91,316.74,1543.77
1004216,109505,1,13,-47,-180,15852.42,11533.35
1008669,107548,1,5,-473,-113,1108.17,525.52
1002126,201922,1,10,-191,-972,13260.83,4707.78
1005782,109518,1,6,-628,-139,2376.71,4483.1
1007242,201848,1,16,-814,-29,2655.66,11388.04
1000433,104473,1,10,-586,-483,1085.92,2572.53
1008594,109583,1,7,-119,-188,278.94,7308.25
1005804,108099,1,5,-810,-179,8873.12,6985.16
1008851,103029,1,20,-582,-968,6168.85,4394.93
1000798,105892,1,23,-50,-454,19261.96,374.51
1008025,201769,1,11,-752,-567,757.98,1055.97
1008609,100939,1,19,-267,-46,783.67,27692.1
1008236,104384,1,20,-929,-911,7390.58,682.72
1001487,107305,1,23,-696,-922,1003.41,1532.17
1001718,101659,1,23,-305,-151,2946.18,6147.14
1000088,108057,1,19,-302,-598,6575.59,1591.99
1005331,106780,1,19,-133,-776,6189.03,2351.62
1008568,106571,1,2,-847,-849,3425.04,31254.13
1007422,105726,1,22,-981,-413,1745.3,3524.71
1001141,109829,1,22,-720,-400,13851.13,5329.51
1001755,101128,1,23,-782,-816,1413.29,4186.84
1007286,101189,1,16,-901,-811,6211.39,5966.07
1007824,101807,1,22,-457,-341,16552.12,5524.59
1001795,107129,1,14,-488,-202,13614.98,3601.64
1002728,109975,1,17,-623,-505,7344.26,15829.61
1005843,105443,1,15,-948,-307,1556.06,3392.42
1006652,109584,1,9,-13,-375,20910.45,309.94
1004269,100331,1,7,-229,-901,19907.34,13274.5
1004519,101988,1,13,-631,-314,13689.4,3965.49
1008356,201872,1,7,-784,-830,3357.13,6000.85
1004263,108131,1,4,-286,-998,9079.88,144.34
1009350,102270,1,13,-369,-407,3848.71,17001.84
1008338,102505,1,8,-865,-529,22756.16,8292.35
1007311,103074,1,20,-70,-865,23583.77,4049.02
1003332,108941,1,15,-793,-115,12157.71,9156.96
1001015,102205,1,20,-548,-403,11383.75,20222.69
1009601,101578,1,21,-445,-204,28941.33,9031.22
1009264,108037,1,1,-770,-99,1809.5,6160.67
1000116,108671,1,9,-563,-401,17095.58,862.14
1001831,106775,1,12,-873,-756,9176.67,30505.98
1008912,200773,1,7,-774,-463,18759.75,23614.82
1001304,109790,1,10,-91,-870,3914.86,2764.13
1003695,200807,1,19,-746,-215,4857.5,22921.64
1003058,106820,1,16,-499,-915,13403.58,18585.41
1003105,100777,1,2,-564,-364,6501.37,4638.64
1009691,105688,1,11,-354,-40,2908.7,10030.18
1003051,108135,1,2,-38,-950,3299.07,9308.68
1009238,102386,1,11,-867,-253,5602.57,5831.22
1007736,109345,1,16,-529,-850,3538.17,4331.57
1006615,106651,1,16,-346,-498,25889.53,4878.0
1005931,105217,1,10,-56,-64,5784.02,9626.98
1001227,109356,1,10,-513,-901,6296.43,6406.0
1002881,106830,1,5,-415,-200,23737.48,11592.77
1002062,200229,1,23,-932,-902,15184.64,42267.12
1005253,105441,1,23,-200,-238,14476.02,12975.3
1005657,105664,1,1,-406,-195,17770.17,11361.06
1009781,105486,1,15,-635,-317,21008.87,3307.45
1003233,108353,1,20,-507,-258,788.27,25515.67
1005071,102758,1,6,-102,-980,1289.06,31859.38
1003994,104281,1,17,-989,-744,23392.22,1407.48
1004972,200219,1,11,-11,-133,13322.01,20464.9
1000621,102578,1,16,-572,-512,1601.09,11885.87
1004014,107488,1,3,-602,-393,5790.55,12802.89
1009330,109138,1,11,-912,-743,8480.9,29584.95
1009094,109284,1,15,-350,-928,2114.91,23509.55
1006258,101655,1,20,-934,-76,15546.37,3130.06
1006143,104309,1,17,-844,-571,20410.91,52210.46
1006119,109334,1,11,-44,-450,11897.74,4581.62
1008071,101397,1,16,-600,-932,19751.1,9239.82
1004807,101681,1,1,-183,-377,810.35,6376.43
1003214,109816,1,12,-950,-601,32098.32,4806.0
1005794,104896,1,8,-56,-899,6739.78,12289.22
1004005,100561,1,3,-736,-609,4176.38,3938.39
1007275,200601,1,19,-121,-747,26919.24,11270.06
1006023,201363,1,13,-380,-169,11582.05,12014.48
1004986,108379,1,14,-606,-888,2556.1,35583.47
1007204,100482,1,5,-55,-328,2272.5,2649.11
1004303,104014,1,19,-958,-652,871.37,17608.87
1007860,109154,1,21,-690,-420,8555.25,1639.4
1000005,102380,1,22,-213,-307,233.88,15599.43
1007224,109681,1,22,-886,-973,39663.0,6261.8
1000047,108718,1,20,-667,-573,5036.33,6088.08
1004503,106056,1,9,-472,-747,1046.97,11581.13
1005747,200719,1,10,-704,-408,6758.28,2974.46
1003491,105149,1,2,-318,-64,2904.87,3297.15
1007282,105143,1,8,-222,-990,1294.93,785.66
1002154,100775,1,18,-325,-947,10372.23,2976.26
1008649,107459,1,22,-390,-359,20726.5,8423.72
1001729,201914,1,22,-140,-561,1704.76,5176.76
1001499,101502,1,15,-452,-388,9258.03,3561.19
1002848,200031,1,2,-308,-231,1349.46,5664.89
1005112,109223,1,16,-898,-287,14822.23,1576.31
1007076,103667,1,10,-833,-13,16403.15,17945.04
1001923,107042,1,19,-276,-73,9210.29,9387.17
1003398,100386,1,19,-201,-247,7614.26,24.38
1006602,101403,1,6,-61,-696,4615.38,1210.3
1002945,108769,1,11,-957,-873,3718.12,38287.03
1009564,106312,1,19,-50,-702,1187.15,2343.02
1001307,107874,1,8,-890,-153,4844.19,2545.55
1006103,108879,1,13,-539,-40,23200.17,6266.56
1004055,107572,1,3,-265,-746,6430.0,1743.43
1005183,104432,1,14,-447,-528,9021.15,15216.0
1006587,108838,1,1,-885,-866,26696.67,6832.53
1008985,104773,1,21,-664,-245,19473.23,6696.3
1001908,102639,1,19,-330,-906,4556.06,1252.19
1004792,101717,1,4,-851,-250,7213.32,10202.47
1006431,105482,1,18,-158,-844,7246.91,8368.54
1002123,103473,1,3,-269,-176,427.83,4908.83
1003630,107232,1,23,-967,-208,9749.22,13617.94
1002615,100214,1,21,-824,-97,2180.63,15223.31
1005349,102842,1,16,-12,-647,3747.48,15609.68
1007195,200520,1,11,-764,-827,944.05,1548.55
1002723,100801,1,23,-78,-469,3169.7,2806.35
1009575,106187,1,16,-414,-808,14484.24,14157.29
1008814,102448,1,2,-256,-337,44895.1,13880.98
1009551,109409,1,13,-860,-399,4733.59,2960.23
1001812,200867,1,23,-357,-304,7442.3,5932.55
1008043,105128,1,9,-689,-761,8235.37,13421.24
1007627,107031,1,20,-632,-731,1355.76,2935.1
1002629,102026,1,3,-976,-618,8347.4,9134.35
1008491,106742,1,20,-263,-19,15864.12,15618.54
1002706,103874,1,5,-941,-747,22001.33,809.75
1001411,101542,1,7,-933,-790,3259.48,249.7
1000641,106470,1,11,-664,-911,356.55,4235.93
1004518,200836,1,19,-786,-713,17589.45,16324.08
1002309,108954,1,23,-886,-211,6261.3,12891.25
1000313,106966,1,2,-967,-350,15477.22,7798.27
1009216,104727,1,5,-858,-528,3122.34,7652.52
1000537,200454,1,20,-229,-650,4969.51,1163.61
1009215,104871,1,19,-499,-549,10982.03,19882.85
1002760,200448,1,1,-698,-240,4123.83,307.08
1007564,200781,1,23,-514,-950,4858.92,14225.89
1003224,200519,1,1,-30,-680,25645.99,14202.62
1001514,104732,1,3,-917,-914,6568.72,150.18
1003378,108963,1,3,-28,-188,201.03,15395.87
1004613,201049,1,19,-92,-438,1924.11,5618.93
1007815,106309,1,14,-719,-637,11362.19,6658.95
1003662,201045,1,22,-363,-730,16221.88,8590.87
1009979,105667,1,8,-539,-875,1122.96,5682.72
1001582,104822,1,22,-613,-971,8389.04,973.27
1004014,107488,1,20,-579,-233,12616.21,2947.31
1008971,104757,1,10,-627,-983,26884.93,18040.84
1008255,108157,1,9,-483,-227,6714.39,4463.85
1007737,109314,1,21,-210,-165,1808.03,5504.62
1000534,101528,1,7,-716,-371,7246.7,167.39
1005135,200300,1,18,-795,-464,8476.62,1168.51
1008181,107146,1,9,-126,-886,430.73,471.19
1003794,106774,1,8,-229,-876,1428.69,1521.79
1007356,108910,1,14,-890,-162,6621.6,18405.64
1008945,100874,1,21,-454,-446,21814.92,22409.36
1009701,101554,1,5,-909,-269,194.19,9707.08
1006468,103474,1,14,-239,-383,8452.53,5536.09
1000608,100193,1,1,-218,-193,4864.52,4429.89
1006829,109389,1,23,-269,-904,12027.94,8123.52
1009535,108858,1,14,-303,-269,6375.73,40129.73
1008903,104501,1,18,-669,-928,50966.13,18510.79
1009084,100183,1,6,-124,-998,55729.84,9595.28
1000411,105257,1,23,-672,-720,3247.57,3203.63
1009570,109027,1,21,-516,-980,1556.34,1061.52
1002161,200375,1,12,-19,-272,1163.49,1668.98
1009177,109563,1,20,-551,-445,9500.05,21986.08
1002729,105528,1,3,-375,-531,2790.78,27723.52
1003302,103608,1,9,-28,-124,4631.02,4000.79
1003434,108018,1,21,-278,-252,6655.79,5651.79
1001357,108692,1,20,-322,-153,3227.62,7825.58
1008543,105866,1,21,-155,-812,2319.08,8121.54
1006027,106918,1,16,-703,-752,634.29,8418.84
1001432,106073,1,4,-156,-213,484.0,14699.37
1009624,200290,1,18,-589,-456,9292.79,13425.2
1009681,200322,1,14,-492,-969,20944.74,432.36
1004656,109614,1,12,-849,-607,2112.56,25306.74
1001011,100461,1,11,-774,-212,11713.31,8343.83
1000447,109492,1,16,-646,-191,16126.18,4381.54
1003352,103311,1,21,-947,-708,8067.54,5983.64
1003228,106755,1,14,-522,-697,5688.24,12159.3
1005244,106800,1,11,-665,-435,2983.94,7357.07
1009383,102322,1,23,-545,-793,3244.98,41897.71
1004616,102458,1,18,-915,-119,5161.92,1342.02
1003904,107718,1,9,-559,-813,5070.53,13659.7
1007925,100377,1,2,-85,-478,30418.39,12956.24
1007856,109100,1,20,-289,-224,1991.69,20865.62
1006773,109682,1,6,-109,-349,1176.47,3369.68
1003698,108132,1,4,-66,-989,13043.13,3531.38
1002832,105848,1,7,-353,-750,30142.78,6200.46
1004596,105937,1,11,-708,-527,15650.45,6649.43
1007624,200021,1,7,-861,-938,2099.41,4381.07
1002117,200960,1,4,-288,-447,6722.42,12968.35
1002290,201073,1,11,-604,-289,5.78,445.51
1000035,101409,1,5,-676,-832,2358.39,8644.76
1000137,100836,1,2,-501,-629,2465.24,15039.41
1007508,106997,1,18,-673,-97,593.36,15606.36
1009744,100146,1,20,-142,-207,6086.69,16937.13
1008976,102616,1,13,-185,-383,7167.37,3275.36
1007102,108839,1,1,-406,-175,647.05,10515.23
1001716,106308,1,17,-44,-449,12819.74,5412.37
1004332,100027,1,21,-155,-256,9420.16,23160.21
1001618,100904,1,12,-367,-318,4006.02,13618.16
1006053,105986,1,17,-742,-221,17088.57,10228.71
1007002,103981,1,21,-495,-142,11837.14,5578.17
1001128,106903,1,10,-335,-672,10608.22,7085.59
1002010,102171,1,19,-480,-340,1187.3,256.18
1009283,109722,1,19,-453,-85,10824.39,11518.84
1009447,200794,1,20,-662,-244,6494.39,2738.64
1006388,103986,1,3,-268,-301,6551.48,19122.14
1005947,108406,1,21,-988,-602,13054.35,18497.62
1008141,200906,1,8,-479,-649,9400.25,25323.03
1005242,104922,1,10,-400,-771,6246.15,7042.53
1009689,101498,1,20,-793,-985,13486.14,17689.47
1008227,201672,1,8,-520,-938,8986.11,48070.18
1002969,101869,1,10,-104,-407,2669.63,11417.66
1008757,103381,1,17,-239,-647,3072.52,45454.16
1008731,104285,1,13,-480,-477,6269.06,12032.77
1000571,200369,1,7,-846,-816,1257.14,8256.53
1008537,109387,1,11,-770,-629,7015.48,7238.06
1007554,102725,1,15,-224,-340,28938.53,21056.23
1007583,100960,1,3,-993,-580,13503.71,6127.84
1003387,106627,1,8,-960,-705,2273.29,3599.95
1007770,108070,1,6,-888,-51,10821.67,4085.64
1009391,109222,1,17,-883,-987,665.28,28039.8
1001534,106738,1,9,-886,-877,21547.32,14314.65
1009206,106723,1,10,-931,-681,19892.54,11918.55
1008670,200083,1,17,-399,-391,26344.59,5319.05
1007378,109631,1,4,-16,-821,20203.37,11595.86
1007552,106065,1,3,-797,-315,3944.55,11323.49
1002267,108710,1,1,-947,-688,18232.51,1953.55
1004695,103568,1,18,-221,-104,891.89,2251.47
1008251,200819,1,17,-767,-347,5113.59,21992.08
1006280,201067,1,7,-207,-377,3589.06,9604.26
1009858,109559,1,22,-97,-597,2000.35,8061.31
1006080,201184,1,15,-465,-810,11081.33,16266.02
1006220,102406,1,20,-96,-757,3673.77,1567.58
1000676,108441,1,11,-497,-39,4565.9,4105.97
1003581,105956,1,7,-660,-839,1171.56,2728.71
1008411,101706,1,9,-980,-24,16502.94,7051.34
1006351,106519,1,17,-587,-955,2777.53,27854.8
1007677,109926,1,7,-166,-860,19882.36,38500.56
1009788,109179,1,18,-215,-398,11062.44,27740.04
1002021,100359,1,13,-566,-926,8119.03,530.69
1002204,103496,1,1,-317,-38,4445.02,83.44
1008711,201082,1,14,-901,-691,5181.12,4967.01
1000181,108044,1,11,-39,-509,15497.1,8660.01
1002451,108305,1,1,-206,-402,5717.3,20074.31
1003963,101142,1,9,-283,-38,14573.48,7946.77
1008416,103602,1,16,-518,-920,23111.68,9261.19
1009635,107846,1,23,-118,-498,908.51,6150.54
1002893,107971,1,10,-876,-990,2672.7,2881.64
1000879,104610,1,13,-194,-463,9200.26,21353.94
1009994,108839,1,4,-212,-58,10542.88,10164.75
1005695,102421,1,4,-479,-79,4041.61,1012.07
1003435,103315,1,2,-569,-265,4390.68,6157.72
1001381,104900,1,9,-748,-568,16425.03,3297.1
1009045,102686,1,5,-501,-911,10629.49,19856.15
1005106,102116,1,5,-664,-933,10429.39,1646.84
1005947,108406,1,1,-946,-469,12072.62,5261.52
1004822,200135,1,10,-378,-833,12844.7,6764.59
1004569,109747,1,1,-296,-349,14053.39,9513.72
1008403,101176,1,8,-525,-968,14073.53,15000.17
1001340,104161,1,14,-941,-862,154.89,3716.07
1002668,107254,1,6,-579,-112,7722.08,2770.77
1004656,109614,1,20,-795,-729,3715.23,4415.82
1003535,103569,1,23,-816,-354,26612.13,43820.2
1001482,101114,1,15,-984,-559,20008.97,2409.49
1008819,106208,1,16,-997,-51,18348.38,12501.09
1001118,106926,1,20,-402,-278,26.91,7014.89
1006821,102281,1,17,-149,-917,16216.94,1398.17
1003744,105209,1,14,-111,-707,7151.84,2383.26
1000015,106824,1,10,-43,-917,668.6,7074.22
1006360,107283,1,13,-784,-861,1567.88,770.1
1000210,201723,1,6,-112,-969,7188.16,5292.8
1006341,105795,1,21,-592,-63,9807.74,15420.69
1004146,109869,1,19,-192,-556,1598.18,67.86
1003012,108120,1,18,-563,-213,53064.36,11357.04
1006755,109624,1,2,-309,-143,8561.56,8092.84
1008005,104206,1,15,-310,-873,668.27,12442.98
1005858,109130,1,7,-202,-799,798.53,2378.8
1001277,201002,1,14,-110,-648,7685.98,19988.29
1009709,103743,1,11,-233,-435,2602.78,28185.36
1005975,201038,1,21,-931,-180,3402.65,12982.66
1005130,201608,1,19,-115,-534,3286.0,17753.37
1000461,106885,1,18,-299,-54,4218.25,3607.63
1008297,104818,1,14,-976,-985,4448.68,11512.99
1009083,105349,1,14,-744,-640,4019.93,19320.13
1002016,201391,1,8,-687,-700,1485.82,1913.3
1007910,104539,1,21,-372,-705,20583.26,997.57
1006220,102406,1,17,-171,-55,3460.56,6374.18
1001163,101198,1,9,-643,-336,12765.13,2341.95
1001736,200845,1,18,-138,-819,4499.56,25047.79
1003133,101213,1,19,-963,-561,3566.15,7416.49
1004107,101726,1,19,-398,-780,19973.66,9585.19
1004407,106243,1,13,-911,-999,1834.89,23805.24
1000342,107432,1,21,-14,-592,8695.25,2964.1
1006634,200540,1,23,-584,-124,5994.85,563.63
1007915,107695,1,7,-484,-902,9486.24,7059.62
1005084,108339,1,11,-347,-670,514.02,3665.53
1006831,103313,1,17,-202,-903,9161.98,1387.69
1002936,200328,1,12,-338,-104,3653.91,35133.85
1003954,102929,1,14,-68,-228,2878.66,205.47
1001154,106833,1,7,-626,-296,476.52,10276.61
1009814,103259,1,23,-891,-918,10123.3,58.82
1001776,102763,1,13,-608,-589,2893.88,24001.75
1007798,108024,1,8,-568,-211,325.73,22255.37
1003578,105916,1,11,-624,-687,16123.4,13648.85
1005173,105592,1,19,-732,-565,4060.84,7409.97
1009881,100887,1,9,-358,-326,20.44,14486.41
1008936,102812,1,13,-75,-269,9741.71,8222.03
1002663,200516,1,21,-893,-909,25563.59,4526.83
1004725,102076,1,15,-774,-530,22873.15,8273.67
1000973,200366,1,19,-790,-367,8142.91,9068.33
1005162,106584,1,21,-825,-93,7320.61,9161.31
1009084,100183,1,12,-902,-967,6286.31,10877.69
1001967,108488,1,23,-818,-152,5202.48,5763.31
1003047,201260,1,4,-912,-251,9597.96,184.83
1004570,102053,1,2,-929,-10,459.67,15117.51
1004945,103693,1,5,-990,-400,1840.2,1019.56
1007571,107079,1,1,-579,-919,11638.05,19451.61
1000212,108648,1,4,-36,-737,9539.15,3094.29
1001110,101179,1,6,-760,-306,12945.41,1152.46
1003022,105329,1,6,-569,-193,3824.17,3760.74
1006512,200711,1,15,-188,-978,2349.54,1868.26
1006944,107365,1,6,-12,-802,6018.89,9804.89
1006128,105182,1,22,-85,-115,37112.81,15179.67
1001432,106073,1,16,-202,-166,735.9,6989.53
1004880,101734,1,10,-527,-254,23382.25,11285.26
1005726,102098,1,10,-330,-272,16097.1,25064.49
1007761,104257,1,16,-710,-735,32660.23,3549.07
1002736,104272,1,5,-714,-709,8382.31,1229.07
1003393,103256,1,14,-281,-497,22602.19,15983.12
1004321,107857,1,19,-583,-901,1374.4,3174.07
1004381,101474,1,7,-84,-109,34341.09,1576.27
1008634,105974,1,6,-812,-284,1795.47,4194.94
1004192,103273,1,12,-829,-897,3224.76,13882.96
1001683,107727,1,8,-157,-246,642.8,3902.81
1008655,105886,1,20,-64,-693,1532.37,2533.22
1009238,102386,1,3,-255,-848,14532.05,10111.99
1000942,101642,1,1,-550,-564,642.48,5585.28
1008629,107387,1,14,-189,-337,2284.32,10610.34
1000650,107142,1,4,-282,-305,1353.01,16254.53
1006922,104727,1,10,-155,-506,4474.56,34900.1
1003500,200902,1,13,-467,-164,25387.56,5887.77
1001885,104461,1,19,-617,-443,3937.27,58583.73
1007505,107772,1,15,-16,-562,7270.84,11516.42
1001414,104730,1,1,-713,-455,711.81,15008.86
1000766,201012,1,22,-144,-698,18579.66,649.19
1009324,106694,1,21,-115,-861,1892.69,2933.97
1006791,102956,1,13,-348,-350,7484.0,4261.5
1002461,106671,1,21,-306,-251,6714.38,11351.91
1000952,107566,1,9,-300,-260,43.61,14907.97
1009509,101142,1,13,-28,-940,10597.86,8822.22
1007174,106084,1,1,-281,-81,941.05,5526.73
1003490,105526,1,5,-481,-173,1783.78,8227.05
1001477,100727,1,9,-669,-432,8077.03,2893.16
1001521,104325,1,7,-841,-420,37834.84,3059.95
1003643,102517,1,13,-304,-49,906.69,4651.05
1007641,201842,1,16,-830,-536,5112.64,28434.38
1007099,103403,1,7,-682,-675,401.19,4546.67
1007499,200507,1,8,-372,-780,5300.88,1890.47
1000620,108947,1,23,-555,-890,2747.2,3094.12
1009207,101991,1,19,-123,-76,19515.17,2647.88
1003179,100600,1,13,-46,-532,827.26,28142.24
1004392,200964,1,16,-565,-611,14137.24,13829.23
1002900,106817,1,10,-546,-948,6263.84,6802.73
1008309,102134,1,3,-444,-966,7594.38,678.38
1007680,103941,1,21,-215,-949,1775.36,1397.96
1007650,107891,1,11,-238,-883,6267.81,41625.9
1003494,105627,1,17,-576,-882,6549.83,13858.87
1004547,105866,1,14,-831,-229,2489.4,6758.4
1004868,102792,1,22,-463,-590,1408.99,22937.84
1008032,200813,1,18,-599,-845,27292.82,6682.42
1005647,109789,1,17,-464,-42,32902.53,2259.39
1009594,100924,1,19,-997,-281,27876.37,4531.14
1006684,102334,1,5,-110,-480,12110.67,15789.55
1002001,201613,1,4,-195,-778,3974.8,12973.01
1002015,107965,1,14,-68,-239,5744.75,11434.48
1008098,201142,1,14,-930,-381,7392.72,21941.9
1000708,101169,1,7,-689,-480,5770.68,10711.83
1002538,200416,1,10,-916,-590,22133.74,17161.53
1001232,101533,1,2,-204,-734,881.95,34222.52
1003642,201203,1,15,-555,-871,14500.85,36215.54
1007720,103084,1,11,-77,-24,7958.8,9688.86
1009484,102591,1,16,-567,-622,2053.64,1402.18
1008780,201472,1,14,-455,-203,944.28,6903.83
1006782,200241,1,4,-186,-163,24582.46,7745.58
1003004,105960,1,14,-128,-644,5821.0,40290.94
1002284,102991,1,18,-287,-502,4555.96,15097.17
1003374,102486,1,5,-551,-481,484.44,7033.22
1002627,102703,1,13,-829,-803,10036.38,17638.26
1003940,101229,1,3,-257,-488,8020.13,9940.62
1001675,109080,1,4,-510,-542,509.62,18253.26
1004145,101408,1,23,-968,-931,11018.04,3783.42
1008876,101247,1,15,-855,-312,2364.6,26226.3
1004789,104855,1,10,-958,-578,10986.29,3046.38
1009988,103264,1,1,-334,-235,20253.29,15647.29
1004111,106737,1,1,-438,-405,10095.37,1386.39
1000895,107815,1,16,-141,-917,19688.69,28172.79
1005267,109768,1,11,-358,-447,9125.31,5693.81
1003837,100983,1,13,-130,-834,20671.17,4376.59
1008979,105905,1,23,-938,-483,8987.76,8836.14
1004432,103696,1,4,-414,-90,829.8,2991.06
1004596,105937,1,18,-321,-163,26698.66,926.41
1000192,106569,1,13,-779,-276,333.8,4384.26
1005688,102999,1,20,-984,-252,5636.23,14815.14
1005140,107226,1,1,-863,-221,19425.13,8943.9
1007794,102957,1,23,-633,-695,14646.41,32688.43
1000709,104177,1,11,-939,-678,20633.18,3488.8
1005335,103508,1,20,-746,-949,11641.11,14090.05
1006140,101448,1,9,-571,-289,8497.8,3902.82
1004540,200174,1,12,-455,-159,172.35,10005.86
1005075,107111,1,17,-449,-830,6378.7,10194.83
1007122,102485,1,4,-413,-949,1574.55,1766.42
1002735,109273,1,8,-940,-143,28187.4,3647.9
1000060,106466,1,12,-78,-224,360.25,11235.04
1004165,108886,1,5,-607,-601,1227.15,24071.05
1001866,109893,1,9,-202,-971,21166.78,21518.95
1001403,106182,1,23,-138,-968,10620.02,10635.29
1001936,103121,1,11,-701,-388,6519.78,27718.35
1004534,107370,1,17,-92,-335,388.64,11648.24
1003893,107637,1,18,-486,-179,3229.83,36820.51
1009757,107696,1,20,-136,-581,32640.9,7617.39
1001963,101232,1,8,-154,-249,25011.43,975.32
1003136,109341,1,7,-90,-524,6124.22,35739.52
1006147,100900,1,5,-528,-693,12524.04,4576.44
1002930,102437,1,1,-415,-583,11211.81,3649.94
1004354,201850,1,2,-661,-151,3470.72,10935.59
1000102,201629,1,1,-285,-311,24111.12,21916.12
1006860,200770,1,2,-216,-406,7090.01,13085.89
1000784,100581,1,23,-271,-394,3193.2,65305.58
1004426,107691,1,2,-640,-988,5002.38,38966.32
1003416,102650,1,21,-400,-54,7197.75,27288.74
1006488,200117,1,23,-759,-214,853.25,490.82
1000310,200389,1,15,-374,-567,24966.34,29664.42
1009852,103661,1,7,-62,-387,5721.49,16225.61
1002366,107777,1,4,-551,-313,8142.54,543.92
1005145,201090,1,21,-143,-502,4086.23,10661.83
1009432,109409,1,20,-48,-100,877.8,2926.13
1008541,200648,1,16,-526,-164,2299.34,20627.48
1002489,102227,1,21,-495,-217,31406.07,7493.78
1004515,100494,1,8,-750,-169,4702.69,9677.7
1003021,101183,1,8,-633,-285,9729.92,27739.52
1006027,106918,1,21,-171,-404,3704.51,7300.72
1003645,201355,1,11,-556,-469,10333.77,5121.44
1005561,100309,1,12,-109,-195,21699.46,9274.76
1000344,201983,1,6,-689,-422,5363.55,15212.88
1003126,100393,1,6,-544,-928,7334.46,5137.36
1003435,103315,1,17,-662,-973,37522.86,9215.63
1005006,107436,1,17,-938,-861,6211.07,15506.67
1002278,200494,1,21,-733,-321,6743.33,1927.63
1003870,201155,1,22,-931,-326,1235.2,10330.47
1009085,101519,1,15,-452,-338,2201.74,11944.14
1009800,104358,1,16,-522,-138,28698.7,1106.32
1009202,102132,1,19,-242,-399,4381.54,13032.06
1001197,105074,1,4,-511,-479,14779.92,4758.58
1001023,104390,1,7,-710,-937,16274.05,13138.25
1000817,100735,1,12,-195,-650,7248.02,749.83
1002342,109070,1,7,-685,-190,1331.65,4810.29
1001246,100342,1,14,-671,-890,6679.19,22119.56
1009012,109245,1,10,-702,-290,3597.21,9193.2
1006926,105070,1,21,-534,-456,1062.65,5257.46
1009457,201241,1,18,-459,-266,5924.47,19630.13
1003710,103970,1,11,-799,-358,14202.92,2301.79
1002981,100106,1,11,-678,-196,326.81,575.62
1001605,107958,1,20,-778,-502,5639.16,82.38
1008780,201472,1,12,-985,-280,10876.82,4943.36
1005226,109178,1,21,-616,-447,4506.34,14358.3
1005309,100504,1,8,-822,-517,30001.84,10698.21
1003961,200539,1,18,-344,-616,19987.85,1358.35
1003575,200717,1,12,-366,-939,13940.53,10101.19
1008435,109533,1,23,-337,-614,5215.02,1667.85
1008596,108344,1,20,-328,-232,13942.52,1100.4
1005669,108166,1,3,-679,-541,231.23,2038.19
1002446,100861,1,11,-840,-954,3982.27,4313.82
1005265,105497,1,22,-905,-954,17303.09,2429.4
1002350,106786,1,12,-213,-873,13212.31,3101.06
1007895,109999,1,1,-447,-617,21848.49,927.41
1009418,200904,1,9,-89,-934,30279.27,13649.54
1006498,200302,1,13,-930,-517,3754.54,20780.27
1002137,109128,1,6,-761,-783,1480.94,10741.89
1001012,200453,1,13,-823,-157,41967.72,14704.02
1000919,102394,1,10,-82,-259,8788.31,22021.77
1000876,108558,1,14,-174,-138,3677.47,5906.33
1000319,106304,1,8,-524,-597,7745.91,1073.68
1006192,108012,1,14,-974,-119,17197.1,1066.87
1001360,100495,1,16,-365,-206,6548.2,4006.8
1009692,103020,1,3,-802,-454,8296.3,5908.81
1003462,102197,1,23,-520,-602,14857.76,6537.1
1007501,103069,1,9,-823,-794,9733.65,7922.33
1009313,103977,1,13,-668,-996,13338.38,5106.47
1009780,200512,1,12,-323,-593,14602.59,2467.36
1007294,107643,1,18,-644,-78,6524.93,15411.74
1001973,103908,1,3,-665,-932,2016.08,10201.66
1006258,101655,1,7,-102,-999,577.85,20701.91
1003298,109668,1,5,-138,-273,5543.45,5349.38
1001004,201685,1,22,-968,-379,19662.08,6390.24
1005299,101232,1,22,-988,-982,3217.68,17308.35
1007886,100587,1,11,-633,-485,3726.41,4530.51
1005010,200350,1,9,-498,-932,14800.73,5531.73
1007925,100377,1,20,-171,-38,18968.53,452.57
1000968,102789,1,19,-372,-638,21707.12,1096.92
1008273,105542,1,1,-536,-310,18180.88,17265.6
1009786,103279,1,11,-701,-652,16842.24,113.48
1002518,105138,1,20,-641,-655,6869.64,7055.68
1002599,107956,1,5,-691,-377,29426.2,9584.13
1004423,108721,1,19,-472,-47,1063.06,3398.49
1006311,201375,1,8,-773,-962,11733.82,2719.4
1007812,105199,1,19,-725,-760,8299.35,30559.5
1001086,103597,1,8,-871,-446,6436.36,12883.55
1007732,108320,1,3,-342,-765,3396.07,638.68
1004280,102279,1,21,-875,-736,139.69,13350.17
1001249,101569,1,16,-59,-823,14378.22,17075.68
1009157,107452,1,5,-723,-199,34954.47,15975.67
1002267,108710,1,18,-711,-247,26961.21,9960.74
1000590,106050,1,23,-301,-39,4399.94,2091.64
1001059,100723,1,9,-754,-29,3923.25,3190.76
1005743,102770,1,9,-525,-803,1654.68,509.43
1001698,100512,1,15,-985,-650,26348.23,518.53
1005286,200337,1,11,-430,-727,22081.99,6684.97
1008964,101741,1,10,-618,-613,6166.49,723.25
1004232,106207,1,14,-231,-848,14262.16,6474.08
1003645,201355,1,21,-359,-883,1292.55,15931.77
1001176,107687,1,1,-257,-336,15513.14,17450.55
1001694,101592,1,10,-48,-270,7845.42,925.38
1002856,101736,1,9,-374,-654,1358.74,7960.71
1004639,100210,1,1,-969,-90,10553.95,24885.18
1003865,108892,1,20,-763,-595,18772.49,2993.07
1006558,102783,1,15,-269,-867,7688.68,4213.18
1009205,105021,1,17,-198,-677,20136.49,3597.55
1005781,200431,1,16,-228,-46,9898.9,12729.18
1005031,101982,1,20,-807,-615,1196.07,20855.0
1000359,106573,1,4,-49,-692,14441.86,31433.61
1004812,201013,1,19,-15,-998,5700.87,8825.45
1001754,109128,1,10,-530,-492,4723.98,4212.87
1006277,103415,1,13,-228,-813,250.16,1550.66
1004979,109833,1,8,-150,-428,926.84,124.83
1008226,104664,1,5,-334,-124,32703.04,1209.94
1000277,101096,1,8,-602,-728,19792.12,302.18
1008451,108611,1,11,-24,-657,375.91,8950.92
1009757,107696,1,23,-390,-233,11839.16,4449.78
1009110,200538,1,8,-407,-494,829.3,6431.79
1003176,105140,1,17,-58,-163,35798.55,7901.02
1009696,100017,1,22,-525,-583,59.35,6056.65
1001741,106733,1,4,-805,-799,12551.5,1319.06
1006287,108126,1,6,-980,-767,6340.86,3695.49
1008981,200977,1,15,-499,-610,3240.64,6377.77
1003990,104922,1,9,-938,-513,3250.83,1000.75
1000094,100465,1,14,-105,-702,14080.85,1268.46
1004152,101466,1,16,-913,-357,40048.4,28430.46
1004142,106662,1,2,-967,-583,1338.36,4258.79
1006187,200098,1,5,-288,-812,407.52,47344.94
1002057,100899,1,5,-542,-942,1170.98,6704.94
1009858,109559,1,2,-879,-30,3923.47,11540.08
1003894,108387,1,8,-661,-539,16150.5,5661.5
1007783,105089,1,2,-479,-152,11888.08,22966.51
1007014,104810,1,1,-375,-69,8615.99,2362.97
1000621,102578,1,18,-54,-377,5503.85,22172.09
1001823,100849,1,19,-61,-564,26639.88,6588.7
1002392,106425,1,16,-245,-612,39297.75,10615.46
1004927,200406,1,19,-740,-241,8124.61,7686.27
1001687,106542,1,9,-118,-981,3924.55,21387.86
1004261,107269,1,2,-437,-344,279.18,13958.2
1006059,109600,1,1,-775,-64,12231.57,3940.21
1006000,108449,1,17,-232,-237,1135.51,573.6
1001285,107195,1,21,-417,-924,22290.81,2634.81
1005909,104329,1,1,-363,-402,9047.3,486.36
1005602,104511,1,4,-508,-728,19055.32,125.48
1008415,106371,1,11,-406,-656,565.96,32215.12
1006968,109688,1,2,-931,-85,10266.33,8980.32
1008634,105974,1,17,-460,-499,3372.99,99.24
1009353,106400,1,14,-121,-326,3853.94,5547.05
1009333,109706,1,19,-885,-733,862.38,2077.24
1009162,108003,1,19,-862,-817,12524.08,3035.56
1003383,101099,1,20,-893,-150,987.52,22715.22
1007511,201007,1,10,-320,-337,13122.01,10919.54
1007659,100782,1,13,-951,-759,3579.71,19674.31
1008787,102349,1,15,-783,-164,1552.15,32093.6
1004096,105189,1,2,-784,-858,18221.19,16212.07
1002833,200559,1,15,-735,-713,1002.04,2836.89
1001935,109173,1,1,-440,-639,26625.7,22432.61
1005173,105592,1,2,-587,-553,3498.99,6196.12
1004364,105302,1,19,-58,-352,10633.72,4075.93
1004818,200845,1,3,-488,-374,27078.2,9107.2
1006449,101145,1,14,-991,-449,359.89,19593.87
1004409,104855,1,6,-414,-848,13059.25,24659.24
1004767,100926,1,11,-422,-811,14748.59,8435.39
1004847,109031,1,10,-149,-831,16247.13,4053.72
1007289,100285,1,17,-15,-597,8452.81,8664.72
1006835,105237,1,23,-275,-806,4094.92,11799.16
1004978,201007,1,19,-157,-285,11175.06,2016.02
1009517,107935,1,22,-40,-230,2866.32,19.73
1003636,100777,1,7,-717,-846,19631.45,433.14
1005195,104217,1,2,-414,-237,1171.09,13253.49
1006468,103474,1,13,-364,-619,9171.82,14306.14
1005890,102749,1,11,-37,-757,25949.97,290.39
1007150,105665,1,22,-406,-635,4829.64,39995.28
1000133,105024,1,2,-382,-540,18265.57,914.12
1006709,102812,1,11,-180,-396,2903.2,4134.44
1002115,100095,1,3,-852,-325,13953.89,14798.18
1003917,102130,1,5,-702,-114,17549.62,15307.98
1000282,108666,1,15,-547,-249,6319.76,18164.65
1005445,109194,1,7,-321,-114,3347.58,17659.6
1009344,107296,1,17,-964,-658,1567.52,16745.76
1007807,200074,1,18,-499,-851,5041.32,602.6
1005699,108063,1,7,-802,-600,2129.0,50239.56
1007976,101716,1,18,-307,-285,10358.29,7705.99
1008017,105235,1,7,-173,-585,11899.53,12385.27
1008720,101723,1,2,-591,-303,3026.1,2038.2
1002347,101441,1,14,-458,-613,21981.08,1114.28
1004381,101474,1,12,-213,-863,1289.59,17816.86
1001328,200538,1,12,-333,-133,6758.72,6423.85
1005738,107095,1,3,-511,-362,4460.75,8999.22
1009513,104751,1,21,-669,-60,33385.27,13627.96
1009109,100124,1,8,-313,-770,5191.34,944.69
1006853,200763,1,12,-365,-944,5892.39,17799.24
1005350,109751,1,20,-326,-752,614.23,13876.29
1001993,103331,1,15,-555,-990,1621.67,3739.17
1002199,109050,1,21,-528,-256,23079.3,11027.34
1002014,102613,1,16,-246,-590,4660.15,794.3
1006105,100526,1,9,-613,-791,12582.72,15212.53
1001344,101723,1,14,-244,-109,4541.55,4286.46
1002373,100854,1,5,-780,-894,18219.66,18056.6
1000202,103863,1,14,-557,-500,13635.41,3503.67
1000134,201099,1,4,-715,-93,13605.73,1669.01
1006591,103598,1,16,-967,-109,7513.9,5832.65
1004549,106662,1,20,-341,-60,149.88,10243.69
1007819,101645,1,3,-256,-482,12503.1,7328.68
1001194,103126,1,5,-467,-854,19919.94,18233.96
1009818,104032,1,6,-999,-105,10526.72,42821.16
1000548,201890,1,4,-923,-713,19439.53,270.18
1007757,201314,1,18,-689,-218,9968.06,25787.06
1006599,107374,1,2,-210,-214,7301.83,6910.65
1009843,101143,1,2,-297,-90,7704.17,3630.83
1008651,101518,1,21,-379,-162,15273.4,9886.93
1000039,109418,1,14,-599,-891,25933.53,912.02
1000089,200513,1,15,-337,-447,730.44,208.07
1009220,108294,1,13,-256,-862,31052.22,14632.99
1009079,100864,1,18,-494,-264,2570.23,6369.01
1002480,201120,1,8,-442,-397,11594.95,17439.38
1003681,109944,1,12,-311,-593,3452.25,15422.77
1008072,109251,1,14,-678,-598,24900.38,17464.31
1004468,109281,1,7,-613,-104,20656.46,8383.75
1009825,201995,1,2,-669,-45,10573.79,1577.52
1004080,101698,1,13,-44,-717,2710.36,28134.5
1008620,101757,1,17,-41,-632,5329.72,4016.0
1006181,107478,1,19,-34,-28,8767.99,4377.16
1001346,106647,1,21,-745,-421,20486.19,20013.76
1000554,102546,1,15,-440,-792,294.99,14119.52
1000811,200855,1,1,-958,-984,5.23,2993.17
1003956,106230,1,17,-130,-652,3852.33,23941.55
1003485,103983,1,6,-982,-869,2750.85,3625.9
1009090,200627,1,7,-35,-123,378.33,20853.74
1006089,109728,1,7,-139,-92,9230.12,7622.52
1002018,104252,1,1,-907,-397,13917.21,5834.35
1000850,201305,1,4,-536,-93,57058.2,27582.96
1005984,109947,1,14,-772,-25,9653.92,7656.36
1002925,101726,1,4,-727,-308,1309.79,25116.7
1007920,109191,1,19,-51,-996,8196.1,5934.52
1005479,105871,1,6,-204,-802,918.11,10604.45
1006228,103108,1,4,-596,-569,19798.71,7299.25
1009779,109925,1,6,-732,-354,17223.1,4362.59
1007437,102655,1,6,-263,-151,9589.19,10570.03
1008247,109792,1,11,-101,-861,9962.49,10969.77
1002170,106122,1,17,-692,-442,32591.82,876.46
1003459,106207,1,6,-247,-733,10615.22,9650.9
1001019,103492,1,8,-250,-833,5616.03,22688.59
1005275,201074,1,19,-760,-830,30227.58,11244.54
1004474,102232,1,19,-133,-732,2676.85,31562.78
1007768,102244,1,21,-871,-643,38329.61,10287.38
1005641,103358,1,16,-142,-369,11887.76,18276.83
1004327,103547,1,22,-394,-989,14078.52,1662.18
1007396,105110,1,5,-405,-441,3482.1,2976.23
1000164,100318,1,8,-413,-918,4974.23,3586.87
1009233,102786,1,17,-777,-744,3335.04,1105.69
1004321,107857,1,20,-685,-288,17458.27,22979.37
1003626,101769,1,15,-363,-370,11014.05,1047.3
1001995,105241,1,12,-842,-309,967.58,202.49
1005390,108620,1,21,-339,-302,36384.13,6225.23
1005076,109893,1,17,-537,-952,4519.52,14978.08
1006929,109555,1,17,-484,-49,1790.05,21324.88
1004310,105043,1,2,-971,-405,15791.23,780.39
1009066,104955,1,3,-415,-129,10269.54,3866.12
1005098,100785,1,22,-765,-740,5494.08,537.54
1001709,102245,1,2,-620,-896,557.01,9799.77
1007994,109232,1,11,-382,-137,1252.58,33997.39
1007512,107359,1,13,-721,-731,15836.94,19846.85
1001848,106270,1,6,-858,-497,10661.86,2478.39
1002601,103605,1,12,-129,-740,53769.11,4539.18
1006916,107103,1,11,-728,-970,2173.32,6909.1
1009193,100913,1,8,-177,-205,6115.51,2053.93
1009989,100974,1,5,-116,-343,9043.63,10018.78
1009931,108866,1,14,-178,-582,2857.34,2574.75
1001689,103379,1,14,-926,-979,18144.86,5490.43
1007650,107891,1,14,-944,-687,13329.91,469.62
1008019,105631,1,1,-184,-794,3232.95,2422.11
1007223,201939,1,6,-89,-449,5889.88,162.64
1009428,103931,1,21,-461,-849,10202.1,379.81
1008262,201055,1,17,-123,-981,8974.37,7773.12
1005952,103937,1,17,-560,-622,4713.12,11648.24
1009351,106440,1,19,-141,-271,13148.65,2078.63
1004348,105835,1,17,-193,-217,535.29,801.17
1005555,102618,1,20,-581,-197,419.71,402.64
1004533,109356,1,11,-420,-336,15362.2,48748.99
1007759,105972,1,18,-442,-60,24707.98,1575.54
1000941,109344,1,20,-881,-818,11000.45,10878.1
1006166,107550,1,2,-756,-947,3196.89,16096.29
1004145,101408,1,10,-346,-828,6220.29,16539.46
1003606,100866,1,23,-901,-53,2451.53,25260.33
1005150,104507,1,17,-86,-486,1284.21,24631.86
1002030,100707,1,7,-81,-276,39930.39,5006.55
1001003,200673,1,7,-71,-669,10034.14,1401.6
1001723,108001,1,17,-696,-700,9361.55,3960.57
1000041,104021,1,15,-737,-641,16702.72,6028.06
1001513,106450,1,3,-407,-632,2063.06,2318.95
1004271,109019,1,22,-542,-559,427.45,11639.11
1004721,104879,1,13,-995,-269,7132.85,30464.1
1000180,105851,1,18,-886,-801,23197.05,1734.44
1006820,201958,1,16,-494,-213,5958.54,10130.96
1000620,108947,1,21,-361,-346,973.89,4285.41
1000235,201127,1,20,-510,-809,13000.23,4121.87
1009773,100514,1,9,-184,-283,49705.61,2003.9
1009641,108581,1,6,-316,-424,4001.36,9195.9
1000747,104592,1,17,-250,-857,2213.88,12375.52
1002161,200375,1,22,-117,-978,10376.44,1769.82
1005523,106658,1,17,-489,-834,9085.74,18943.83
1002558,107676,1,20,-316,-825,11005.76,1245.18
1005575,104428,1,12,-742,-381,13580.42,344.07
1009514,106459,1,3,-649,-945,5007.77,28854.71
1000021,201029,1,19,-126,-933,57.12,44893.36
1002814,200557,1,4,-793,-949,40345.37,12810.03
1004089,103586,1,19,-970,-321,19963.9,2764.66
1007908,109528,1,17,-829,-443,12496.57,17393.84
1000475,109460,1,16,-312,-568,21540.98,4052.06
1009428,103931,1,3,-446,-349,15245.42,376.56
1003650,104669,1,6,-722,-944,7939.84,32196.88
1007451,105270,1,7,-431,-110,1513.47,4231.43
1007826,106021,1,5,-247,-586,5412.51,11796.35
1001916,108497,1,11,-515,-69,20701.37,3974.88
1008387,105993,1,16,-945,-794,27286.33,4574.1
1008845,105652,1,22,-689,-589,6003.78,15129.45
1005307,100991,1,5,-317,-252,4795.47,23505.95
1007764,108528,1,22,-119,-326,35789.77,9104.5
1006698,201386,1,12,-264,-476,11562.29,7793.87
1000081,106104,1,4,-562,-274,40.84,7306.12
1006499,201905,1,11,-51,-450,26362.17,6661.54
1006429,103030,1,20,-848,-99,22879.64,16135.03
1008883,104181,1,13,-121,-323,3050.89,2184.38
1009679,109877,1,4,-927,-775,13380.2,1450.9
1009609,109364,1,1,-168,-128,6416.21,504.52
1000138,109629,1,23,-754,-86,25531.99,5868.42
1003276,200105,1,5,-343,-481,691.84,10008.36
1005922,100190,1,14,-805,-439,3819.13,3858.45
1006774,108621,1,19,-349,-871,8521.9,1707.03
1008369,100817,1,11,-516,-782,19099.85,3303.94
1005940,101921,1,8,-491,-179,16877.49,1536.3
1002271,106976,1,23,-157,-574,3447.08,13366.02
1002273,104614,1,16,-283,-141,6553.1,1282.91
1006927,103530,1,11,-81,-132,12112.73,25251.06
1006584,106752,1,5,-110,-636,3532.86,681.85
1000641,106470,1,3,-594,-685,13223.16,3019.16
1008018,101227,1,5,-185,-406,2545.28,8037.84
1000143,105908,1,7,-626,-366,72.87,3438.48
1005626,104309,1,18,-132,-95,35199.11,4910.91
1007673,100256,1,15,-479,-271,897.34,13724.36
1009512,105288,1,12,-343,-138,17264.93,20095.9
1000635,100734,1,18,-518,-157,5511.47,251.03
1002887,106744,1,1,-916,-684,5124.73,4681.92
1009177,109563,1,3,-723,-656,47898.49,4140.04
1001792,103939,1,14,-897,-564,4010.57,16.55
1002323,106741,1,2,-666,-582,334.46,8264.51
1009056,104997,1,10,-778,-441,13300.57,6620.62
1002392,106425,1,9,-667,-249,2591.44,3375.16
1003404,107400,1,6,-811,-296,1468.88,16125.5
1002387,108042,1,19,-634,-591,10060.54,2417.33
1008643,105602,1,15,-152,-42,24854.31,1810.7
1003928,105020,1,4,-791,-743,3711.7,6259.16
1005538,201241,1,15,-198,-127,6021.49,22139.14
1003082,103806,1,12,-892,-359,1267.8,7254.9
1003482,109861,1,7,-360,-450,18188.63,25095.94
1006030,102766,1,3,-185,-312,7997.95,3271.9
1004073,103342,1,23,-811,-230,37.12,3106.91
1003654,107023,1,18,-925,-559,671.09,1849.6
1000773,103846,1,13,-406,-644,9409.15,10197.84
1006763,100243,1,1,-466,-257,9924.68,8365.34
1006986,103508,1,3,-799,-909,9404.56,3959.65
1009185,104656,1,18,-95,-510,66327.09,2685.79
1004604,201054,1,3,-130,-801,8595.7,1327.04
1009619,108540,1,16,-113,-193,9010.01,6037.29
1004379,100281,1,4,-167,-641,24166.64,3182.24
1004354,201850,1,3,-608,-428,3224.37,2042.35
1006474,109928,1,5,-757,-791,1652.66,16330.87
1008296,103173,1,23,-501,-411,1911.17,24548.7
1001447,109503,1,3,-756,-526,45656.02,17868.33
1003041,102391,1,12,-92,-987,10111.01,1073.02
1003228,106755,1,19,-159,-588,22731.95,8254.01
1008808,102823,1,14,-785,-885,27633.92,8553.95
1007192,100781,1,9,-812,-393,3491.76,21321.43
1000467,101147,1,23,-128,-574,13862.58,7289.35
1005727,108361,1,16,-513,-706,10631.63,2870.12
1009927,100252,1,16,-590,-857,11174.97,9103.05
1009435,100932,1,7,-699,-436,10374.96,14428.55
1004234,108935,1,8,-907,-537,10969.22,374.09
1003331,200506,1,15,-447,-955,50046.16,1430.8
1005424,109559,1,8,-697,-654,25350.56,8476.92
1004362,100227,1,21,-589,-460,3443.03,4757.67
1002715,100579,1,8,-609,-233,575.54,6176.09
1009487,106544,1,5,-553,-887,2346.43,7012.48
1000655,109759,1,6,-170,-310,10110.36,20041.2
1006391,107287,1,2,-253,-796,6078.69,4599.18
1008875,201774,1,11,-753,-444,938.37,1411.07
1002353,103687,1,9,-21,-486,12929.68,5654.74
1004502,102500,1,14,-617,-78,6213.92,12976.25
1003496,200028,1,3,-398,-625,29148.67,50853.9
1004955,201919,1,12,-452,-173,753.18,5623.43
1002304,201303,1,13,-384,-546,13374.15,7226.19
1004725,102076,1,11,-714,-537,404.34,15991.35
1001179,103844,1,4,-232,-200,83.68,9913.61
1005401,103593,1,4,-834,-735,11845.22,13109.04
1008056,200727,1,23,-318,-18,3654.25,30007.81
1003410,100246,1,21,-419,-36,23091.17,5459.35
1005807,104222,1,20,-398,-204,9213.61,6383.91
1007756,109830,1,20,-616,-772,5434.65,10977.72
1006322,107893,1,6,-128,-790,22145.87,6804.59
1007101,201814,1,4,-245,-326,85.56,3184.1
1006699,105613,1,4,-504,-139,12428.04,2151.27
1000615,200009,1,18,-592,-152,6497.47,3456.5
1004283,201657,1,22,-469,-713,3958.46,294.26
1006356,107574,1,1,-807,-756,30197.32,18064.73
1002128,104610,1,9,-70,-393,29123.2,3746.73
1003774,107251,1,11,-986,-144,12461.3,2860.04
1009349,100399,1,11,-782,-277,2108.68,1596.01
1007031,105156,1,9,-246,-879,4199.6,15280.32
1005186,102985,1,20,-396,-76,3554.12,1739.0
1007950,103429,1,6,-842,-941,7730.87,1043.58
1000232,107392,1,3,-290,-625,2661.14,8619.66
1003387,106627,1,1,-217,-45,5883.71,10593.37
1000685,104691,1,1,-89,-226,6311.69,8070.32
1006796,200407,1,17,-462,-685,6625.14,16694.39
1003140,106265,1,16,-270,-42,33407.58,7196.83
1005057,101528,1,21,-599,-685,24587.34,13679.14
1009897,105661,1,9,-848,-580,24182.7,5201.45
1005925,109700,1,19,-263,-966,11937.48,5225.65
1003724,106671,1,20,-377,-83,21573.99,9125.05
1007106,106744,1,15,-396,-669,17994.45,7835.65
1006160,107471,1,5,-562,-954,10708.33,717.8
1005117,105005,1,17,-569,-827,18145.0,22900.35
1003303,101893,1,9,-920,-119,52587.34,14005.15
1004661,201233,1,5,-579,-494,11128.34,1329.76
1004583,100384,1,22,-87,-32,7011.07,41380.87
1000758,108103,1,21,-615,-430,2792.7,16035.23
1009773,100514,1,3,-274,-11,17447.37,6794.67
1001246,100342,1,11,-105,-410,5961.46,21733.18
1008832,101967,1,14,-206,-396,3804.06,2114.9
1007818,102702,1,6,-174,-119,5845.37,22411.86
1004670,109680,1,20,-737,-140,10170.21,8527.7
1008118,107454,1,8,-72,-547,9656.18,7030.08
1003306,200785,1,17,-418,-141,945.95,5695.25
1002967,105307,1,3,-311,-105,19717.25,7416.95
1006626,102851,1,7,-223,-887,3695.9,6398.25
1005440,108592,1,5,-16,-29,10094.7,1187.39
1002487,107857,1,20,-935,-661,13261.71,80.51
1008309,102134,1,15,-741,-521,15610.04,9996.38
1003740,200181,1,1,-847,-37,14914.14,29477.65
1009978,109148,1,21,-769,-616,2565.23,19824.29
1009219,102218,1,12,-63,-668,42992.29,1919.48
1005492,108541,1,12,-828,-634,9137.96,3474.43
1004998,200341,1,21,-922,-141,6390.19,4151.57
1001061,109223,1,6,-985,-345,1729.4,12186.1
1008461,106004,1,4,-366,-328,9147.28,4096.74
1005075,107111,1,19,-194,-512,383.31,6315.14
1004538,201701,1,17,-417,-502,5234.18,9690.09
1002067,108835,1,15,-309,-916,15386.03,18728.7
1002735,109273,1,6,-280,-861,10655.21,29641.03
1000808,104613,1,22,-97,-549,8670.53,5798.53
1007430,200217,1,13,-305,-53,488.66,7160.27
1007624,200021,1,1,-989,-59,752.69,4977.12
1009459,109785,1,21,-225,-290,3621.49,7753.29
1008201,102094,1,6,-796,-78,26315.89,8866.81
1008276,108549,1,2,-213,-428,1796.94,2601.27
1000662,107828,1,23,-911,-994,13401.55,1991.8
1005773,100109,1,18,-577,-244,4833.96,2335.63
1004326,109740,1,6,-509,-179,2962.88,10733.35
1003715,101721,1,1,-184,-311,10242.9,1402.68
1009723,108737,1,4,-912,-357,3574.19,5835.37
1006029,100991,1,4,-47,-130,17611.25,1002.63
1001889,106342,1,18,-182,-867,12169.37,36100.55
1004829,105351,1,16,-56,-744,418.98,310.59
1004094,102853,1,11,-123,-427,8767.06,15484.83
1007465,107212,1,21,-951,-473,7253.19,15877.25
1005865,106014,1,19,-497,-397,9743.58,24574.87
1009230,107274,1,2,-840,-273,9434.45,14040.01
1008152,103937,1,15,-97,-903,8295.06,11995.34
1002916,100452,1,19,-521,-600,3982.44,5549.49
1005469,106373,1,1,-66,-697,5385.59,2014.4
1001164,108862,1,17,-509,-382,10069.15,1338.42
1007454,201785,1,6,-549,-187,25922.73,9875.65
1002598,106855,1,20,-874,-952,12395.19,24850.74
1005398,101619,1,2,-198,-217,4239.76,15318.18
1003348,104654,1,11,-806,-814,6090.82,5729.03
1000447,109492,1,4,-794,-101,24714.23,3091.25
1000565,109255,1,5,-489,-77,1521.4,11825.11
1001636,108965,1,6,-249,-637,22338.76,3392.71
1000078,104446,1,8,-967,-879,3205.06,9500.49
1005996,106036,1,4,-130,-976,29823.55,47003.91
1004080,101698,1,20,-807,-611,3732.88,1846.8
1006092,104950,1,14,-190,-380,23032.74,757.86
1007622,103915,1,2,-819,-792,2686.62,12871.58
1006919,103420,1,14,-96,-608,1146.4,4184.42
1002004,100252,1,21,-153,-720,260.34,1429.3
1008227,201672,1,6,-242,-925,7929.89,433.51
1006820,201958,1,4,-936,-903,16584.09,15124.83
1003776,109228,1,7,-357,-801,14591.02,10262.51
1006697,200887,1,16,-439,-545,1935.41,6615.84
1006930,106457,1,7,-852,-249,10632.73,5471.68
1004274,108610,1,12,-31,-913,12754.26,1103.7
1003483,104578,1,2,-229,-686,3660.1,11172.28
1008495,101867,1,20,-102,-650,3689.78,1053.08
1004735,105075,1,23,-816,-98,678.29,1395.89
1009910,104066,1,18,-509,-40,24823.56,19431.2
1004851,201305,1,20,-968,-645,35220.92,24397.58
1009641,108581,1,2,-452,-202,1282.64,2236.67
1000687,200017,1,3,-269,-187,5961.38,138.68
1000404,103240,1,5,-596,-985,12287.97,11465.78
1008985,104773,1,17,-128,-42,2130.62,5105.64
1008356,201872,1,4,-638,-831,393.32,430.79
1004655,108788,1,3,-355,-256,6301.94,7775.98
1008225,106929,1,1,-813,-402,5575.65,6329.63
1006010,201037,1,17,-950,-398,2740.4,1336.16
1001134,102612,1,14,-398,-63,22658.07,3064.6
1008491,106742,1,6,-108,-639,5065.7,17018.3
1007654,109726,1,20,-797,-874,8263.79,13204.58
1008597,106724,1,18,-800,-768,8028.93,3290.01
1003300,200633,1,18,-87,-119,1209.72,22915.32
1007549,107580,1,2,-838,-526,3596.45,11879.48
1004217,100742,1,20,-599,-634,41859.7,6938.41
1004895,200806,1,6,-880,-674,3249.03,10212.57
1005910,105771,1,4,-530,-173,12295.73,3375.44
1002364,201154,1,6,-35,-662,10562.49,3429.35
1002427,106220,1,19,-323,-579,3451.27,2840.34
1001484,107044,1,17,-707,-253,8264.76,3762.4
1007100,104109,1,5,-360,-624,17661.59,18630.79
1009015,102495,1,10,-531,-118,2487.59,2796.9
1003771,103528,1,18,-43,-618,7871.51,10490.64
1003334,200097,1,21,-137,-162,34081.36,11131.49
1006474,109928,1,20,-400,-271,5110.34,1688.18
1004199,104904,1,21,-254,-725,445.8,6086.18
1006679,106695,1,17,-921,-226,12243.59,16868.86
1000813,106920,1,14,-465,-637,9005.72,9116.03
1009165,106318,1,10,-139,-633,1694.55,4003.3
1006126,104206,1,12,-736,-74,22464.89,5090.77
1003474,108784,1,10,-154,-592,6602.22,462.83
1005920,105646,1,17,-70,-559,12639.13,1522.29
1002313,105330,1,6,-454,-519,4013.51,53988.97
1004744,106709,1,12,-68,-35,7785.62,2251.46
1001631,108942,1,1,-949,-978,6289.96,1675.04
1003731,104850,1,5,-356,-487,2989.41,3230.6
1009464,108584,1,2,-280,-864,5223.38,8921.71
1001180,101869,1,3,-575,-910,6264.1,13588.78
1006668,107455,1,15,-808,-483,5362.05,3376.32
1002996,105486,1,11,-488,-225,226.17,3712.14
1007303,109544,1,1,-299,-39,5961.92,30349.03
1003763,100779,1,13,-387,-437,3608.28,315.13
1003115,102442,1,3,-528,-727,10875.12,8401.36
1002618,104814,1,12,-933,-390,3429.82,14370.0
1005158,105297,1,20,-391,-659,735.84,9790.84
1001009,104546,1,22,-809,-393,5982.12,30053.59
1003006,106516,1,12,-452,-445,1573.01,4828.14
1001817,103020,1,14,-760,-170,3658.79,835.64
1000452,100058,1,19,-741,-413,213.03,62.62
1006013,101041,1,12,-376,-709,14163.04,8783.33
1003448,109671,1,2,-519,-955,2311.14,2787.07
1002611,100512,1,23,-27,-135,17237.6,15355.16
1006103,108879,1,7,-407,-60,12207.49,824.36
1007063,100267,1,3,-52,-870,1792.56,4705.13
1008635,109829,1,6,-654,-701,5086.36,2716.5
1001509,102836,1,18,-815,-196,4256.33,11914.23
1001633,103610,1,11,-445,-524,7234.11,509.69
1003372,106745,1,23,-402,-403,3399.68,15487.56
1009187,201893,1,3,-285,-303,1833.97,4579.08
1008868,107722,1,1,-582,-121,6720.75,25133.35
1009599,108230,1,10,-225,-941,6304.51,3626.26
1004980,108361,1,14,-378,-850,3409.99,14824.53
1009700,100036,1,3,-353,-75,14009.44,2160.38
1008721,105786,1,22,-428,-284,47.26,24089.0
1008720,101723,1,16,-826,-163,2598.85,7324.52
1005219,103009,1,7,-863,-45,2192.33,4708.7
1001626,104211,1,14,-231,-370,19731.55,10099.45
1007511,201007,1,21,-828,-393,28890.66,17990.97
1008154,109757,1,5,-603,-830,4446.31,8251.33
1008389,102327,1,5,-790,-930,3083.09,8578.19
1002516,201853,1,15,-264,-77,35992.55,19087.92
1002808,105230,1,17,-127,-355,6071.35,4628.91
1004381,101474,1,13,-582,-265,6311.52,14430.65
1002035,101644,1,3,-411,-437,24735.15,3860.1
1003760,108361,1,14,-875,-421,1326.9,3595.31
1006682,101869,1,13,-503,-115,1092.51,16192.6
1003102,104789,1,14,-442,-415,169.6,14701.02
1009788,109179,1,22,-931,-717,11258.31,8084.32
1002402,106980,1,22,-682,-377,3137.1,10675.8
1006923,109526,1,15,-888,-244,12347.7,6068.1
1005003,109970,1,17,-972,-204,6413.47,14685.66
1002051,101710,1,2,-844,-18,8328.26,9724.17
1006665,105893,1,10,-379,-531,29087.51,4318.58
1004377,108036,1,14,-313,-430,4866.6,29680.2
1002289,103182,1,5,-792,-308,17368.34,25064.51
1007802,109412,1,10,-100,-485,8571.39,9.64
1005382,104458,1,8,-541,-525,2980.26,6379.18
1002560,102490,1,3,-640,-66,9467.96,13512.66
1006290,104455,1,7,-39,-558,5977.05,5657.03
1005584,100736,1,11,-483,-138,21804.62,14459.28
1005868,104755,1,18,-333,-142,17158.18,195.23
1008572,108824,1,20,-363,-577,5737.12,1752.87
1008923,100548,1,1,-880,-556,9498.86,40780.65
1000174,107048,1,5,-209,-555,43023.94,940.39
1006875,107559,1,15,-193,-141,7865.47,2903.56
1007664,108383,1,13,-206,-270,4945.58,18357.38
1004087,105033,1,1,-572,-121,16191.45,520.94
1007150,105665,1,23,-989,-720,3341.07,20639.36
1001270,105251,1,4,-702,-369,3461.76,2615.88
1006321,104621,1,5,-41,-215,5056.95,4681.28
1008616,200776,1,20,-635,-917,7877.16,11368.75
1000962,200823,1,6,-934,-891,8529.79,2054.97
1004680,201492,1,1,-58,-677,2490.71,4794.33
1005856,200299,1,3,-454,-236,3201.75,3215.6
1002418,109336,1,15,-668,-770,6972.56,2521.68
1005290,107573,1,20,-318,-518,6162.7,1085.81
1007027,200800,1,11,-902,-279,25902.68,15072.64
1008304,200498,1,18,-166,-572,18271.85,5648.97
1003687,104319,1,1,-781,-512,21816.32,2422.26
1001011,100461,1,1,-30,-674,6408.48,8036.75
1008033,100977,1,2,-212,-684,8130.62,7591.63
1000437,201694,1,11,-131,-10,1927.29,5716.68
1001856,101378,1,2,-767,-331,617.34,4054.12
1000338,201908,1,22,-60,-305,20596.72,4730.63
1009402,201432,1,8,-445,-670,1211.63,1858.95
1005438,107538,1,16,-401,-153,9051.16,5375.77
1003702,200965,1,20,-403,-156,4840.46,4.41
1008240,104143,1,22,-158,-687,49139.1,4046.27
1002384,101878,1,12,-41,-839,8051.11,1680.9
1001381,104900,1,4,-559,-630,3731.97,20546.93
1004587,100138,1,4,-83,-950,8268.99,14112.0
1000243,100806,1,23,-508,-739,14202.12,331.06
1000940,108534,1,16,-104,-247,4976.29,8702.46
1007215,103198,1,20,-494,-953,27973.13,5224.38
1009317,104189,1,18,-743,-194,7744.38,2547.89
1000294,109221,1,20,-438,-828,23009.21,1827.03
1003014,108414,1,21,-616,-649,27985.81,2012.94
1006863,109124,1,9,-81,-299,3757.92,15585.27
1002703,108392,1,11,-127,-243,30154.63,4300.36
1006137,100276,1,12,-105,-48,2383.85,1252.33
1009406,107999,1,20,-571,-603,3678.72,7575.3
1000818,201396,1,23,-834,-824,36126.31,5473.09
1005500,106564,1,15,-145,-719,9499.89,2602.68
1005670,108680,1,2,-447,-418,913.91,3393.43
1002229,107363,1,12,-469,-152,1854.65,1119.12
1003379,200008,1,21,-843,-626,1065.58,99.1
1000427,107799,1,8,-285,-665,26543.39,16521.21
1005353,103318,1,3,-960,-776,18043.8,7423.55
1000265,201084,1,13,-768,-629,12668.86,958.63
1009983,107586,1,7,-313,-81,2876.73,4715.28
1001276,104798,1,20,-784,-95,64.71,9104.47
1006289,201197,1,10,-195,-798,106.52,16795.5
1009922,201623,1,1,-270,-13,7081.56,10727.01
1008979,105905,1,16,-142,-172,35422.15,5566.12
1006565,100763,1,18,-862,-418,13920.87,6454.25
1002026,109327,1,4,-713,-503,1167.3,5078.58
1003347,104993,1,9,-708,-117,5305.64,6202.47
1003253,106405,1,3,-69,-550,8766.9,15712.32
1007476,104302,1,23,-693,-502,12054.66,30841.61
1000823,201280,1,13,-244,-583,25.47,2907.13
1003859,201764,1,7,-262,-210,4869.63,2613.19
1009475,101850,1,15,-631,-460,3087.44,3363.92
1000525,104507,1,11,-828,-456,5788.33,12570.35
1006676,108065,1,14,-922,-536,22751.5,9351.12
1000563,102389,1,8,-665,-581,17245.18,320.28
1006189,105334,1,21,-423,-835,276.86,13619.82
1005789,108728,1,20,-379,-639,19016.64,6251.25
1005793,102858,1,1,-171,-816,7436.57,17891.73
1008946,104780,1,10,-963,-339,12576.17,883.64
1001911,103281,1,22,-302,-24,12571.87,9967.33
1007861,107507,1,7,-386,-266,16716.46,23307.9
1005807,104222,1,21,-736,-469,43046.5,30784.46
1001362,201366,1,16,-159,-309,39987.13,18622.95
1004735,105075,1,11,-934,-28,18492.39,3993.59
1002371,100368,1,18,-587,-55,2488.72,15803.99
1002847,106158,1,3,-129,-939,4844.77,17109.1
1007619,109252,1,2,-419,-831,806.23,7633.06
1004791,109279,1,18,-761,-470,13035.6,6197.63
1001516,109379,1,23,-188,-934,21207.04,12257.45
1006750,106211,1,10,-16,-121,6660.91,5865.74
1008435,109533,1,10,-532,-216,19199.04,2489.75
1005423,107316,1,12,-982,-819,5523.32,538.12
1008781,101259,1,20,-157,-128,2199.95,8784.14
1009849,106016,1,20,-750,-329,459.47,4947.65
1001204,102729,1,18,-971,-211,10727.98,1142.48
1000106,108599,1,15,-904,-601,7343.66,7634.28
1009165,106318,1,7,-746,-169,5619.64,8136.76
1000855,102294,1,6,-479,-286,4133.45,4304.6
1000713,100355,1,8,-556,-915,931.54,15146.75
1000075,107695,1,9,-530,-838,10136.3,4398.52
1007764,108528,1,7,-17,-56,2171.81,12144.09
1008513,105251,1,1,-844,-212,2738.62,26179.96
1006390,100742,1,1,-824,-403,17103.72,4619.23
1007158,107756,1,6,-191,-683,2351.99,11985.01
1001117,100081,1,18,-102,-102,4329.62,1606.1
1005409,109582,1,11,-333,-159,11066.57,12551.9
1007509,107623,1,19,-604,-785,4466.04,3811.42
1003136,109341,1,12,-340,-599,5225.88,18917.34
1004395,104737,1,6,-993,-34,4770.37,7383.3
1005479,105871,1,5,-427,-55,3908.6,14646.62
1002202,201729,1,5,-441,-438,3684.2,8626.13
1005838,105580,1,3,-33,-678,15931.06,6729.42
1008977,105330,1,5,-78,-883,489.69,38988.49
1002334,107360,1,10,-489,-205,4902.21,1438.6
1001198,104885,1,19,-80,-926,5402.01,4080.83
1004530,107822,1,8,-621,-962,5593.05,2968.46
1004344,102362,1,7,-642,-651,2454.69,11306.95
1000405,107578,1,12,-781,-153,763.48,28238.33
1002140,102273,1,4,-446,-443,17407.97,164.83
1003042,200075,1,5,-330,-690,664.47,7611.52
1005325,101663,1,17,-582,-709,1505.29,11377.22
1006442,200049,1,13,-195,-315,29565.13,872.37
1009552,108210,1,15,-440,-660,278.09,2909.47
1005078,104866,1,11,-291,-992,16092.03,15943.42
1005161,104317,1,3,-721,-713,922.53,11765.77
1007910,104539,1,16,-562,-420,45650.32,15853.41
1002150,103743,1,19,-115,-422,8999.03,2097.87
1008962,102697,1,2,-814,-103,1946.88,393.38
1001308,100487,1,5,-221,-939,62469.13,14383.3
1001935,109173,1,7,-397,-682,570.94,697.34
1009446,106178,1,11,-835,-158,19566.03,7880.52
1003975,105639,1,3,-994,-706,5538.45,21740.76
1003134,104152,1,5,-758,-767,1052.71,15178.14
1000299,104252,1,10,-238,-87,18539.58,4069.58
1001264,201222,1,11,-728,-689,9879.73,5085.78
1007564,200781,1,19,-106,-374,11773.44,7207.64
1004409,104855,1,17,-36,-938,2599.95,6720.36
1001369,101963,1,3,-391,-901,3298.07,15413.39
1003032,109073,1,11,-575,-671,4729.69,8380.29
1006188,104954,1,11,-673,-937,13821.25,2670.65
1004815,200853,1,20,-91,-760,6545.37,6399.44
1004475,106084,1,5,-377,-329,255.43,8972.05
1009346,104026,1,9,-760,-205,251.77,2534.64
1002692,201095,1,15,-131,-29,10777.59,11236.93
1009301,109891,1,22,-473,-555,31272.31,1279.73
1006768,107055,1,21,-801,-94,24932.34,3574.79
1006439,201445,1,4,-932,-409,5344.45,21683.49
1003151,103258,1,21,-152,-608,37003.44,5156.49
1004795,201458,1,17,-836,-809,18718.37,40417.12
1003003,106913,1,14,-901,-635,4530.1,5760.94
1002376,109695,1,5,-372,-46,5398.17,1888.64
1006978,106852,1,14,-12,-189,1162.91,9817.12
1004023,103693,1,17,-583,-278,250.72,7909.35
1007790,101953,1,23,-189,-723,2641.03,15577.29
1009531,200055,1,18,-46,-915,2816.67,14563.08
1007841,104367,1,6,-808,-722,4805.26,15758.27
1003438,107956,1,13,-11,-202,1109.06,10811.83
1005654,108833,1,23,-60,-959,17042.52,12820.11
1008789,101870,1,4,-417,-313,19620.97,8864.87
1002226,107159,1,17,-453,-721,5125.43,6533.03
1005571,101251,1,11,-938,-728,1251.15,3266.2
1006796,200407,1,2,-696,-920,2096.75,17131.24
1004693,101757,1,3,-994,-469,8859.4,15232.62
1003461,103419,1,21,-639,-239,2267.48,3258.38
1004521,200004,1,3,-969,-237,7752.21,1119.68
1002726,109257,1,9,-311,-802,8406.47,7113.21
1003409,106635,1,13,-186,-244,4210.87,18262.09
1002703,108392,1,11,-13,-219,710.61,9567.49
1003502,107746,1,3,-57,-866,8226.38,637.35
1006951,108452,1,15,-593,-798,5649.82,6401.55
1007597,201819,1,15,-16,-769,6319.96,2767.82
1005827,102186,1,4,-877,-109,6476.8,1667.58
1004435,201216,1,17,-39,-65,5226.13,6042.19
1008085,108841,1,23,-826,-717,5290.31,2725.38
1009623,101818,1,19,-802,-287,1555.06,9451.33
1001744,108629,1,5,-883,-920,2016.47,13308.8
1000072,102421,1,20,-209,-153,6431.74,18008.88
1007267,200409,1,14,-610,-442,1446.06,5438.58
1006444,100816,1,14,-177,-270,16321.76,27685.94
1003164,104280,1,14,-157,-476,2814.76,8255.71
1007223,201939,1,6,-499,-457,4722.49,24520.85
1006535,201157,1,13,-376,-649,18761.08,7867.55
1003025,109890,1,5,-201,-155,11875.49,11197.65
1000208,201527,1,6,-57,-414,892.66,16.64
1007105,200431,1,6,-73,-400,93.49,4300.99
1008471,200034,1,14,-564,-884,681.91,13019.65
1001534,106738,1,8,-40,-818,2226.01,1100.57
1001638,105457,1,1,-419,-878,15325.34,751.62
1006913,107927,1,23,-666,-484,14339.97,14997.13
1009007,100795,1,21,-627,-764,1726.62,8146.59
1005649,201838,1,11,-703,-450,12470.14,18188.5
1003503,106450,1,11,-681,-380,564.88,51176.63
1004585,103114,1,2,-902,-272,4653.13,69601.18
1009417,101586,1,13,-414,-145,3142.01,14782.9
1003555,108210,1,13,-155,-679,73.54,18757.56
1003131,102991,1,5,-993,-958,25763.81,480.33
1003775,108428,1,15,-566,-352,128.81,21772.48
1000447,109492,1,1,-767,-125,7708.31,21541.61
1005982,109537,1,14,-450,-752,6635.49,13854.22
1002707,104563,1,10,-642,-638,1903.46,14602.95
1004662,109410,1,5,-196,-647,11325.09,3489.45
1007519,101371,1,20,-785,-849,400.18,15444.94
1004917,108366,1,21,-361,-110,3865.83,11410.98
1001102,201560,1,11,-668,-297,15310.62,11607.76
1003692,103073,1,15,-430,-299,41224.81,19954.07
1008269,104963,1,22,-125,-762,8440.33,384.83
1007106,106744,1,17,-627,-551,996.59,5704.29
1007168,103585,1,3,-640,-328,3877.55,24679.96
1000210,201723,1,17,-975,-954,4766.55,1623.31
1008805,201247,1,22,-873,-663,905.4,3310.77
1002554,101630,1,4,-741,-417,7899.7,6897.87
1008169,200966,1,4,-518,-845,6640.1,1976.94
1000579,109610,1,12,-191,-276,8851.83,10407.01
1002301,103744,1,22,-271,-302,8184.59,12084.84
1004149,101486,1,3,-963,-686,27017.88,7795.03
1003208,200722,1,9,-185,-234,9414.5,19319.54
1006681,105761,1,14,-30,-616,10197.2,26040.87
1007876,102441,1,1,-338,-571,732.71,17548.44
1003808,105819,1,2,-576,-384,27587.39,15617.69
1003394,105229,1,4,-448,-202,2954.17,15510.34
1009701,101554,1,17,-791,-128,2564.74,1065.89
1003892,106503,1,5,-536,-545,8886.46,12561.49
1005324,103577,1,21,-447,-476,3653.91,6524.75
1000837,107868,1,5,-784,-475,54570.29,1836.41
1006513,107606,1,21,-486,-573,1866.04,24253.71
1004049,109231,1,7,-231,-514,3622.1,2814.43
1002895,201295,1,17,-681,-14,5185.98,15166.7
1007849,107205,1,13,-170,-978,3758.17,22718.4
1001795,107129,1,11,-410,-468,1313.34,7595.99
1000764,107569,1,2,-284,-380,5000.7,8177.62
1005190,200775,1,6,-638,-280,12633.28,10975.47
1008522,201525,1,15,-262,-894,14035.94,8690.54
1005874,107666,1,21,-604,-611,14565.72,4024.85
1000922,200381,1,6,-740,-642,3962.99,6615.73
1005412,105287,1,5,-818,-531,4577.74,3298.42
1002352,201301,1,21,-759,-31,5397.89,34466.51
1003275,104671,1,21,-170,-193,3016.06,13843.95
1003217,103774,1,11,-502,-784,15608.13,51414.39
1008840,201735,1,4,-317,-541,3832.21,1248.68
1009945,105124,1,1,-608,-846,32136.57,14780.08
1002836,104730,1,1,-35,-455,726.13,38071.25
1004911,101605,1,15,-81,-303,8695.57,2949.12
1005674,107291,1,21,-938,-763,1658.13,12380.19
1000784,100581,1,15,-481,-171,14691.22,6804.62
1008876,101247,1,18,-297,-565,4337.06,10920.89
1001073,109212,1,5,-838,-53,8818.38,5033.39
1006384,108986,1,15,-36,-323,9213.48,3205.07
1006387,200683,1,4,-19,-920,1829.89,29406.78
1008662,107647,1,17,-686,-382,13156.64,17556.49
1003202,108737,1,3,-689,-970,18095.05,498.27
1001215,100794,1,10,-144,-692,551.62,495.09
1005144,108709,1,17,-898,-949,26350.87,17095.39
1007160,201362,1,3,-651,-253,3136.54,7478.28
1007775,100647,1,19,-195,-211,2056.9,48033.57
1003382,109451,1,23,-507,-727,4282.13,4317.18
1005474,103131,1,17,-991,-86,57479.0,956.55
1008504,106197,1,6,-57,-933,13297.33,10670.02
1003615,105920,1,3,-370,-853,5057.66,6837.88
1000905,109226,1,11,-105,-992,8146.97,12854.03
1009182,105343,1,12,-267,-722,2233.25,192.07
1006282,201297,1,22,-904,-982,33439.96,149.86
1001187,106629,1,6,-77,-579,4822.24,1011.61
1000486,200757,1,23,-255,-490,10167.86,3175.19
1002062,200229,1,6,-556,-974,11439.63,2851.22
1004813,100583,1,15,-218,-706,13531.4,6229.75
1000181,108044,1,15,-186,-19,50.03,19232.9
1009595,107631,1,3,-281,-305,1049.9,8629.47
1003894,108387,1,13,-144,-672,4318.63,5079.94
1006446,200209,1,15,-961,-822,4837.3,3926.79
1004378,103378,1,5,-743,-573,31879.08,7701.13
1008494,109696,1,17,-849,-537,821.35,31320.31
1005472,201272,1,1,-749,-409,23418.71,974.1
1006979,109537,1,14,-621,-606,6863.82,29857.61
1002219,100784,1,14,-106,-246,8105.82,14522.81
1000105,109421,1,14,-595,-404,4585.68,3042.54
1006906,100712,1,2,-133,-666,5216.18,10995.13
1007237,109634,1,2,-624,-72,2867.63,6242.97
1001690,100719,1,6,-732,-267,6566.07,3121.28
1002410,107866,1,5,-759,-589,2205.44,6401.97
1004442,201501,1,6,-75,-135,15416.53,20755.05
1007824,101807,1,16,-909,-230,25380.25,1596.22
1001610,101977,1,12,-634,-840,4865.58,4881.22
1009810,105385,1,20,-907,-93,7389.5,9053.27
1000673,200219,1,13,-639,-699,19750.85,1731.92
1004952,201372,1,8,-559,-658,421.29,4144.1
1009329,103507,1,18,-833,-547,3178.4,6897.32
1007438,101840,1,1,-972,-444,22.09,13463.78
1000768,107836,1,5,-981,-162,23726.04,4125.28
1001435,106129,1,15,-737,-324,7467.04,1700.69
1007056,105523,1,17,-263,-338,22909.58,7199.79
1004637,100391,1,16,-56,-979,4280.01,13645.81
1001521,104325,1,10,-409,-882,9282.96,6439.25
1008365,100975,1,12,-249,-909,4106.61,11588.16
1001330,107181,1,10,-484,-810,9858.37,23471.5
1001733,102888,1,2,-470,-242,6693.81,2845.94
1009835,200880,1,13,-169,-674,19406.07,4788.05
1001358,103244,1,12,-936,-430,15512.59,4099.28
1009706,106091,1,13,-259,-969,9711.05,22160.08
1003858,102841,1,9,-196,-838,26984.82,14543.83
1003608,105686,1,16,-649,-405,11930.6,6125.76
1005732,109218,1,23,-81,-225,11154.84,16025.62
1001754,109128,1,22,-374,-893,8931.83,17389.63
1004711,104422,1,11,-704,-274,11780.77,13641.31
1001826,107361,1,12,-965,-446,15125.03,6296.88
1008752,102121,1,3,-237,-395,1618.12,4903.78
1000221,100357,1,20,-272,-906,3363.22,2052.14
1005298,108533,1,21,-740,-288,6396.88,1676.49
1009342,201484,1,7,-651,-696,2049.29,3042.07
1004143,105575,1,10,-42,-248,8149.51,323.84
1006357,109726,1,10,-166,-21,9054.13,6672.8
1006037,109333,1,2,-148,-128,868.24,19400.75
1006057,201611,1,4,-59,-557,4518.89,5470.96
1009693,101073,1,1,-764,-136,12139.76,1806.95
1003509,102371,1,15,-503,-799,6475.66,6053.76
1005659,108367,1,5,-454,-780,25144.23,536.65
1001960,107286,1,5,-607,-788,12197.16,6424.33
1001363,108695,1,13,-795,-205,38940.69,12390.56
1009691,105688,1,6,-790,-295,438.21,10702.63
1006755,109624,1,14,-297,-661,64.36,1679.68
1009460,201337,1,15,-939,-823,2526.86,457.94
1000416,105843,1,23,-792,-712,3625.92,2096.57
1002506,109436,1,18,-429,-413,7607.67,9394.53
1001317,102332,1,13,-572,-571,2245.17,5375.91
1000532,107709,1,16,-517,-777,790.07,5972.46
1009576,103083,1,8,-631,-262,16963.12,3104.84
1000261,109606,1,13,-130,-500,40858.13,20674.3
1003276,200105,1,9,-78,-97,3016.01,3896.57
1000088,108057,1,23,-416,-377,7646.25,1671.7
1003918,108652,1,23,-172,-515,1666.52,4133.11
1008376,109901,1,6,-336,-654,6453.86,19993.36
1004889,102019,1,22,-352,-146,1418.67,2410.64
1008152,103937,1,7,-374,-129,10995.17,9163.24
1003583,103651,1,15,-136,-114,3613.29,1325.67
1002860,105768,1,5,-85,-431,4281.47,34280.58
1006587,108838,1,8,-75,-21,5174.91,49349.94
1007627,107031,1,16,-74,-135,12088.81,5070.55
1004299,106112,1,9,-520,-518,1145.81,8495.82
1001157,200821,1,15,-57,-848,9502.29,3237.95
1005225,109841,1,18,-924,-99,14893.67,2522.24
1008558,201268,1,19,-804,-445,3104.12,14894.66
1009893,200791,1,7,-740,-666,6234.15,12936.42
1002731,105521,1,11,-825,-40,9114.78,1772.08
1009023,105024,1,1,-900,-435,3646.79,4079.23
1002686,101143,1,14,-408,-848,6571.95,13775.18
1008173,105475,1,10,-838,-866,41937.02,21408.14
1007639,201636,1,16,-953,-339,1075.17,1758.6
1000610,105889,1,18,-346,-750,2241.21,11697.09
1003650,104669,1,14,-817,-249,2541.92,15030.97
1000626,102642,1,12,-96,-440,6632.86,2356.94
1008908,108510,1,20,-395,-65,9758.32,18965.14
1000973,200366,1,1,-120,-267,12144.78,2625.81
1001721,109831,1,8,-254,-161,4954.13,13453.32
1008666,201943,1,5,-41,-238,20427.43,6174.1
1004144,200401,1,3,-45,-176,42563.17,3862.08
1004849,100962,1,21,-117,-861,7253.48,4071.93
1004567,107464,1,5,-919,-519,1567.26,8237.9
1007429,104220,1,12,-141,-783,1183.7,3031.79
1003903,108764,1,2,-743,-977,14263.5,5337.45
1003550,100205,1,1,-112,-903,5516.89,959.83
1006343,103776,1,10,-629,-455,14191.47,400.75
1006739,201328,1,17,-318,-201,8915.66,15196.67
1006733,105164,1,6,-431,-694,7781.01,6917.38
1008189,200938,1,15,-815,-901,4540.84,4501.62
1008615,100641,1,17,-646,-649,10111.15,8292.59
1002510,201769,1,8,-336,-137,6130.48,2875.44
1005509,102663,1,1,-802,-710,6351.61,11009.68
1001488,100917,1,11,-153,-941,4495.33,160.69
1006860,200770,1,12,-984,-802,14236.83,19262.2
1006263,108896,1,4,-422,-26,25544.97,4234.3
1002992,103723,1,8,-177,-482,3433.24,8018.12
1004959,102626,1,8,-411,-98,9443.23,3297.48
1000074,200730,1,4,-618,-436,11069.82,30247.05
1007450,100032,1,2,-725,-742,1056.3,24215.49
1009654,100988,1,19,-308,-819,7130.91,4199.1
1001256,106297,1,22,-698,-440,4004.45,9939.56
1001621,101622,1,21,-492,-882,1244.61,3986.11
1007524,107289,1,2,-76,-965,3412.98,2311.63
1007157,100305,1,21,-35,-605,4678.79,27617.55
1006407,106580,1,10,-157,-282,24132.99,1841.99
1000874,104919,1,4,-986,-321,4595.15,11948.37
1004081,108969,1,1,-523,-107,1027.26,1712.78
1008970,102821,1,3,-182,-919,39264.19,4034.99
1000322,200347,1,3,-89,-943,466.86,14098.35
1007529,103196,1,2,-913,-441,13411.08,4152.68
1003842,108954,1,9,-898,-677,4627.24,15184.15
1002537,104424,1,16,-34,-372,14454.7,93.1
1000025,100145,1,1,-238,-615,8111.27,179.49
1001915,201534,1,10,-89,-938,11366.28,35674.06
1003925,103546,1,23,-764,-323,6966.39,1958.7
1008481,100585,1,11,-118,-689,6301.77,11488.76
1009571,107519,1,20,-159,-11,1886.35,7164.15
1000185,101927,1,23,-837,-914,7189.59,7926.56
1000486,200757,1,5,-941,-230,21842.03,3848.89
1002880,103531,1,18,-429,-52,6822.44,3171.15
1003518,108704,1,13,-183,-659,5346.11,4431.02
1002514,109149,1,19,-805,-718,3499.06,78.35
1006131,108139,1,5,-480,-66,4704.28,714.53
1001862,105437,1,13,-858,-164,15145.82,7889.88
1008722,100410,1,19,-994,-178,3502.2,23584.05
1004807,101681,1,5,-599,-586,47348.7,10038.65
1006617,103147,1,14,-516,-906,21227.37,8029.98
1009039,101916,1,15,-540,-482,28871.07,4513.17
1005901,100352,1,12,-754,-604,1123.23,3473.08
1000396,107060,1,22,-342,-858,5620.81,14522.18
1008242,100562,1,6,-136,-969,2398.13,3958.11
1001912,108423,1,20,-904,-981,287.69,1956.69
1007396,105110,1,16,-171,-885,9659.95,6194.19
1008884,106917,1,8,-143,-317,13714.06,10277.45
1004511,102507,1,17,-31,-994,427.85,8169.91
1002982,109657,1,15,-718,-598,12966.01,2175.38
1007572,104565,1,7,-384,-375,14993.83,5324.36
1004755,108678,1,14,-194,-252,12269.14,8414.01
1008869,106984,1,6,-819,-31,5185.2,12440.54
1001019,103492,1,12,-401,-142,23016.98,3219.96
1007255,108484,1,20,-755,-538,2047.82,2412.19
1006647,107868,1,12,-294,-424,118.19,1298.77
1008935,102321,1,8,-833,-193,72.54,25145.2
1003180,102351,1,2,-16,-568,1182.5,1182.48
1001022,201780,1,10,-376,-127,3436.89,1831.82
1007669,100603,1,17,-59,-468,4014.65,203.68
1001060,108306,1,23,-276,-590,2846.11,6664.73
1000890,100679,1,5,-923,-927,226.97,4418.92
1005590,105219,1,2,-432,-138,1114.5,19315.18
1007803,101794,1,14,-348,-271,11234.98,435.65
1007696,105603,1,3,-616,-65,3400.65,1972.73
1006951,108452,1,12,-979,-766,1107.42,2564.07
1008787,102349,1,23,-81,-336,5549.87,11738.86
1005729,109961,1,7,-191,-603,7370.06,20522.73
1007792,101480,1,11,-449,-568,3344.44,2888.55
1003250,106768,1,21,-670,-672,12586.73,6098.59
1000453,102931,1,7,-89,-312,2714.19,6790.6
1007950,103429,1,5,-907,-191,26759.76,16875.09
1003972,107527,1,9,-913,-118,7401.67,4698.93
1003934,107491,1,16,-999,-721,3057.12,4117.87
1008899,103973,1,20,-371,-125,25069.76,861.55
1001823,100849,1,7,-17,-917,444.74,37294.08
1004106,109070,1,5,-582,-676,17201.52,1254.84
1004646,108200,1,21,-755,-240,11917.53,8635.59
1002235,101279,1,16,-564,-577,5594.79,7908.77
1006342,200379,1,8,-283,-556,1329.77,4487.67
1003752,108686,1,17,-627,-748,11300.74,9253.36
1007433,105815,1,17,-561,-752,4450.03,6786.41
1009047,100319,1,18,-430,-985,7099.79,22775.33
1008062,201735,1,16,-110,-563,4344.86,11719.63
1009879,101165,1,12,-335,-158,89.27,3609.64
1004780,107294,1,22,-356,-94,17145.28,16100.01
1001191,101341,1,11,-627,-431,1171.68,17728.35
1001139,201168,1,11,-48,-472,18256.24,21754.91
1007073,108903,1,22,-285,-987,10593.6,6353.64
1004387,102952,1,3,-140,-722,9234.66,2684.06
1006011,101099,1,12,-817,-358,942.31,3941.41
1008775,201319,1,15,-786,-508,12236.09,7201.48
1009367,109083,1,14,-453,-270,7382.88,20031.46
1007873,101170,1,7,-859,-754,14487.71,1027.2
1007056,105523,1,7,-212,-684,7970.37,1674.55
1008288,108738,1,21,-905,-413,8049.22,8453.41
1002775,200428,1,13,-957,-138,2954.29,13744.31
1007900,100550,1,10,-881,-600,2654.06,607.53
1000047,108718,1,13,-452,-700,4119.46,3539.21
1002262,105638,1,21,-946,-936,3661.01,496.9
1002037,100127,1,22,-285,-798,31223.25,62.9
1001995,105241,1,23,-44,-206,731.04,3315.04
1001745,102078,1,19,-284,-672,13341.46,9727.66
1001437,201200,1,21,-647,-602,2633.03,561.81
1000596,102627,1,23,-404,-477,512.57,4496.32
1001261,103936,1,12,-383,-66,6851.63,10228.85
1001574,109263,1,1,-486,-811,35897.8,18799.82
1004135,106151,1,10,-277,-811,1034.76,1336.61
1001207,109695,1,14,-595,-630,13747.8,419.74
1008443,106448,1,4,-49,-932,12947.95,2964.41
1001615,100716,1,22,-624,-170,4344.48,25476.07
1006624,103028,1,11,-715,-44,1352.61,11605.76
1007587,200237,1,9,-934,-745,29042.03,8698.61
1002213,105808,1,5,-255,-50,1931.42,3403.19
1002403,108738,1,8,-567,-935,474.74,5858.99
1006707,106848,1,2,-603,-933,4241.69,81.88
1004755,108678,1,16,-742,-285,1703.32,3523.88
1004525,101664,1,6,-51,-515,9032.36,14917.21
1003835,108745,1,15,-366,-808,14504.22,9889.35
1008547,101958,1,3,-259,-379,16477.45,16414.66
1007421,201234,1,8,-120,-482,2009.83,5618.84
1000070,101593,1,16,-864,-229,1566.32,14455.14
1009753,200068,1,8,-322,-360,26615.56,10685.35
1007879,101852,1,14,-762,-314,28410.3,618.9
1001565,100339,1,6,-662,-945,22440.76,25469.65
1007123,200163,1,15,-586,-421,5810.55,3954.09
1006958,106275,1,8,-730,-940,2554.95,15755.44
1000514,108954,1,8,-652,-940,28489.96,14584.2
1000356,108361,1,22,-556,-965,1368.01,9293.25
1003224,200519,1,10,-515,-388,6916.03,1267.71
1000388,102534,1,10,-809,-643,16390.93,9979.55
1006487,200037,1,23,-765,-78,836.44,7894.75
1001856,101378,1,1,-391,-327,25811.16,1910.51
1004826,105433,1,20,-262,-621,5198.77,18599.32
1002874,104801,1,6,-526,-332,5748.81,8535.25
1004041,200610,1,22,-800,-93,5440.21,4849.52
1000015,106824,1,21,-764,-674,14652.19,20349.67
1007609,201119,1,22,-987,-253,10496.12,9130.59
1007049,108328,1,12,-981,-853,14614.3,6222.58
1005547,105123,1,14,-197,-399,1436.2,9845.9
1007334,106721,1,12,-198,-610,9286.99,752.84
1006081,100623,1,6,-192,-713,1511.64,2133.79
1004275,104728,1,2,-234,-838,6928.98,8018.76
1004993,107762,1,21,-817,-568,749.73,13974.94
1001345,102254,1,21,-363,-764,5832.48,4486.34
1008550,104556,1,21,-273,-269,18005.47,628.31
1002402,106980,1,12,-230,-162,11302.01,6412.44
1005380,104434,1,8,-742,-427,4166.18,1037.71
1004976,109994,1,20,-225,-854,3982.83,22136.37
1003058,106820,1,23,-272,-744,8353.76,7240.23
1008821,103024,1,8,-74,-971,14869.52,1596.19
1006157,103790,1,14,-600,-959,27.96,471.48
1000550,108317,1,17,-812,-237,13750.22,18382.19
1009715,107090,1,1,-303,-466,11618.14,7633.47
1003290,106881,1,5,-950,-426,10096.7,5839.36
1006003,106577,1,10,-331,-620,2303.54,7350.45
1004584,106546,1,5,-239,-798,4337.92,5703.25
1001048,105030,1,19,-403,-482,888.02,4371.86
1003302,103608,1,9,-78,-177,4469.3,14370.26
1009600,201740,1,15,-836,-553,35602.18,7571.47
1004481,103378,1,6,-243,-336,12356.6,21404.55
1002248,108997,1,21,-628,-767,5196.59,38303.98
1006237,100661,1,13,-781,-818,7027.62,16033.98
1002930,102437,1,10,-94,-245,13114.87,11762.2
1009390,109626,1,12,-398,-735,1626.86,7227.29
1003720,103077,1,15,-563,-747,13111.64,13596.91
1006912,105458,1,11,-464,-388,14474.35,2122.86
1009727,103108,1,7,-764,-305,33675.96,4040.56
1004725,102076,1,2,-715,-663,38568.88,2884.87
1006718,106488,1,4,-122,-389,4762.13,65731.25
1002318,103196,1,16,-862,-890,3495.14,4194.45
1003557,101442,1,22,-291,-774,31667.86,1052.54
1007437,102655,1,15,-44,-905,1973.44,7846.43
1009992,107653,1,1,-342,-931,11679.18,19718.1
1009656,108616,1,7,-746,-585,9122.51,21952.02
1008385,102313,1,6,-788,-117,34547.81,2837.59
1009001,105078,1,22,-915,-29,3274.68,2034.21
1002142,109034,1,5,-650,-513,6780.07,11968.76
1000514,108954,1,11,-851,-711,1341.13,25974.12
1006099,105563,1,9,-503,-876,7884.7,7071.57
1006728,107735,1,7,-10,-402,11602.27,7064.59
1004401,108866,1,12,-322,-633,29286.22,349.62
1003477,109999,1,12,-204,-823,7156.09,32280.28
1000590,106050,1,8,-79,-196,14070.78,2803.72
1008767,107273,1,18,-811,-551,6770.04,6367.55
1001128,106903,1,14,-431,-673,5873.78,12789.41
1005647,109789,1,21,-25,-203,1352.55,3066.78
1007976,101716,1,9,-943,-803,28824.51,40283.34
1002482,100112,1,1,-505,-990,10255.41,4226.46
1004894,104448,1,23,-12,-884,13647.39,4251.61
1000072,102421,1,17,-851,-664,32684.25,4931.59
1007613,109860,1,18,-528,-557,3606.15,8455.94
1005931,105217,1,22,-444,-113,625.23,7615.06
1006350,200257,1,1,-137,-653,4383.61,7010.69
1001664,106213,1,5,-629,-408,29469.23,9151.86
1009279,201546,1,22,-297,-509,1574.74,24334.99
1005895,104382,1,10,-681,-904,2737.97,5023.34
1006599,107374,1,12,-188,-955,7414.52,19450.37
1000028,100764,1,12,-205,-91,17424.95,2915.73
1006694,101911,1,23,-845,-757,15326.31,2494.29
1005794,104896,1,5,-252,-837,1380.4,28121.48
1002278,200494,1,1,-315,-95,13609.65,15029.89
1001398,104795,1,19,-515,-329,9094.21,5421.75
1001343,108153,1,9,-761,-730,19778.28,17206.2
1007940,108489,1,13,-132,-873,10595.55,7451.05
1002522,201947,1,13,-738,-394,18206.65,415.98
1004688,101636,1,17,-728,-275,1095.55,62.0
1007778,104935,1,8,-655,-289,708.05,2014.2
1003913,100042,1,3,-62,-301,1472.19,7713.66
1008778,105915,1,21,-720,-975,430.58,9.95
1000848,201425,1,13,-28,-919,25281.57,10398.2
1002493,105720,1,20,-268,-339,16350.56,8206.59
1000576,100561,1,3,-357,-342,23443.31,571.25
1002022,108604,1,18,-335,-571,11784.92,14.92
1008955,105429,1,9,-404,-169,15366.17,1881.08
1001414,104730,1,21,-341,-743,7486.62,5794.94
1005090,103282,1,5,-368,-217,95.86,18519.01
1002413,107767,1,3,-129,-549,1136.75,6023.09
1007425,100150,1,14,-391,-584,28296.83,15814.01
1006144,201804,1,14,-987,-257,209.53,8265.87
1005395,200630,1,15,-431,-914,15569.67,6684.57
1004476,107374,1,16,-678,-979,764.09,1376.48
1002143,103843,1,5,-964,-722,17872.27,13429.3
1009762,102054,1,18,-251,-593,871.32,1762.18
1001537,102201,1,12,-749,-978,8305.01,14590.79
1008665,201285,1,22,-519,-788,5732.75,9716.9
1004169,100145,1,19,-139,-831,3105.01,4670.29
1006209,103272,1,21,-158,-386,9461.4,6222.51
1003867,106117,1,2,-113,-990,1358.59,1793.0
1001918,101911,1,14,-913,-230,8063.69,40927.81
1001172,105092,1,15,-551,-634,7644.11,3030.21
1001841,101019,1,2,-172,-667,34286.78,2322.69
1003139,102920,1,13,-378,-17,8940.41,24877.24
1004993,107762,1,7,-353,-211,9628.16,14242.48
1006226,106148,1,14,-328,-323,27956.61,6369.32
1009282,106287,1,2,-452,-647,8364.0,3388.51
1009269,104293,1,15,-912,-485,38759.5,4605.16
1002842,100046,1,18,-45,-704,16128.67,430.0
1006018,100726,1,3,-751,-26,21013.59,5851.53
1007420,109758,1,8,-887,-815,49448.19,46860.23
1008692,108954,1,12,-481,-450,10656.2,283.8
1003782,200681,1,15,-636,-732,2425.46,9373.24
1005594,103442,1,7,-72,-172,2831.48,2888.62
1009003,102775,1,22,-374,-298,10361.01,9731.54
1007820,103353,1,2,-715,-925,1412.47,8531.18
1007873,101170,1,12,-173,-563,8002.38,12704.64
1001947,200211,1,12,-533,-566,23115.05,23232.76
1008741,200644,1,10,-177,-920,513.2,2004.97
1005603,108973,1,6,-511,-574,27608.1,2412.67
1006686,104082,1,7,-980,-541,1947.97,16824.92
1005712,105787,1,1,-332,-464,2026.07,34885.28
1008455,102867,1,10,-724,-606,13760.83,21087.86
1003747,107571,1,6,-678,-210,27094.87,10093.15
1002239,201302,1,12,-271,-126,13133.16,4353.68
1009935,200974,1,10,-313,-708,5178.68,49325.75
1004255,104484,1,5,-446,-839,24641.59,10489.85
1006191,106589,1,10,-48,-264,10631.72,16851.82
1003015,104260,1,2,-87,-676,23543.27,5046.08
1006965,103826,1,11,-239,-128,9754.63,7945.22
1005691,109223,1,13,-406,-821,4263.57,2956.55
1005239,108991,1,4,-561,-175,2736.37,2206.54
1008517,104327,1,3,-634,-998,1781.53,2904.31
1002035,101644,1,5,-528,-508,19837.96,6406.3
1001066,200222,1,5,-882,-347,3832.72,7332.74
1005576,200109,1,7,-942,-857,11385.78,22733.08
1002029,201094,1,14,-845,-550,12084.27,3855.73
1003669,101204,1,4,-712,-315,16397.09,7135.63
1002248,108997,1,17,-956,-799,1055.29,1775.39
1008609,100939,1,3,-550,-45,246.05,12368.47
1008659,100249,1,14,-358,-416,3746.52,12207.95
1004721,104879,1,20,-457,-569,13342.8,9271.0
1001714,100642,1,10,-425,-50,2686.86,3664.09
1005912,107266,1,1,-256,-598,111.64,5004.62
1001922,105930,1,7,-949,-852,7142.59,877.06
1009942,104703,1,4,-354,-765,4884.53,6033.36
1002304,201303,1,1,-48,-942,18500.68,1442.73
1003251,105028,1,16,-446,-99,15636.52,7496.71
1003729,200648,1,2,-623,-116,21385.36,2262.39
1000861,100309,1,8,-141,-462,5452.67,20805.13
1009757,107696,1,19,-618,-879,7513.8,4257.75
1003056,100062,1,19,-204,-995,25553.12,8922.92
1008699,107807,1,23,-147,-41,7819.72,14023.38
1001055,106728,1,15,-637,-478,10620.73,18525.42
1004225,201251,1,11,-666,-998,20869.32,1569.2
1004600,104831,1,13,-975,-915,13333.86,16684.9
1002639,200996,1,7,-992,-24,5978.31,17110.59
1000420,200153,1,7,-326,-647,13950.17,4565.83
1004963,104616,1,8,-894,-313,7734.81,4489.96
1001650,103222,1,5,-903,-792,27042.22,5086.28
1000605,108741,1,13,-700,-983,14012.2,420.35
1003449,108040,1,6,-67,-410,668.95,48354.48
1005273,103562,1,23,-306,-506,19811.59,2538.8
1004893,108116,1,2,-673,-412,18637.18,8650.01
1004184,101609,1,10,-614,-430,8171.46,8990.94
1003501,101801,1,11,-332,-881,4094.64,22569.24
1004135,106151,1,5,-76,-765,9073.33,19343.9
1000883,201272,1,13,-231,-765,19028.59,2608.37
1009321,108634,1,9,-336,-924,10496.47,1246.29
1002740,108117,1,12,-938,-173,3953.06,1605.49
1009324,106694,1,20,-929,-274,1684.66,5018.24
1001770,100759,1,14,-377,-704,1519.48,1306.15
1000264,101993,1,16,-874,-486,828.62,3537.73
1006745,107690,1,16,-741,-549,14465.68,13764.29
1001066,200222,1,9,-78,-322,14.81,74.43
1006842,103396,1,12,-578,-445,16847.09,6753.1
1003492,105043,1,11,-161,-446,4358.16,8430.8
1004756,103676,1,9,-491,-501,3526.85,853.53
1001058,102048,1,16,-171,-302,9009.1,26182.06
1002882,201911,1,5,-41,-577,21952.69,6832.88
1002667,106319,1,21,-778,-634,24911.16,16618.78
1001514,104732,1,6,-877,-780,9053.37,17608.24
1009255,200787,1,16,-270,-672,34672.19,31952.88
1003117,201307,1,2,-647,-656,4159.07,11522.24
1001675,109080,1,11,-776,-987,2980.11,4344.92
1006300,201532,1,11,-674,-217,12828.12,7705.76
1001256,106297,1,19,-473,-612,559.94,39091.85
1003164,104280,1,10,-560,-951,1540.31,2023.57
1007874,105070,1,22,-570,-231,6826.35,7882.88
1009841,200477,1,23,-868,-462,8800.42,3257.37
1007398,101520,1,18,-961,-984,12956.47,7253.4
1002682,108823,1,2,-458,-269,13290.1,7495.33
1002630,107699,1,16,-210,-405,21236.74,21587.3
1009884,100655,1,23,-249,-393,5326.65,899.35
1005373,101776,1,17,-135,-76,4258.92,6871.07
1005023,104677,1,14,-220,-293,6287.82,3812.49
1008970,102821,1,21,-868,-965,9788.87,4740.17
1002219,100784,1,1,-709,-354,26145.42,4190.76
1003173,201835,1,1,-164,-581,8365.1,1475.98
1002003,103239,1,18,-974,-696,6861.24,4522.67
1000811,200855,1,19,-969,-346,1739.85,1661.96
1007815,106309,1,20,-462,-605,5039.99,4198.3
1004766,104695,1,15,-108,-69,6735.25,44986.82
1002353,103687,1,15,-259,-888,14302.32,8764.87
1005141,101775,1,9,-186,-692,5911.3,16828.7
1003277,102050,1,19,-32,-223,4872.62,10223.81
1007070,100509,1,6,-772,-790,645.48,11792.15
1001568,101905,1,5,-182,-941,9179.17,11200.98
1008734,103403,1,12,-41,-771,19953.64,5706.96
1003896,105177,1,5,-424,-706,941.72,5344.7
1000161,106125,1,13,-44,-160,2691.07,10690.61
1002205,107900,1,6,-347,-515,10623.67,8304.69
1006031,106377,1,20,-333,-201,5811.39,2236.49
1001904,200909,1,8,-75,-193,30289.49,52812.49
1001285,107195,1,6,-543,-304,19673.82,11069.33
1003631,106837,1,20,-830,-796,4528.23,10244.92
1008510,201642,1,14,-251,-547,5744.32,596.76
1005754,107322,1,1,-285,-714,7352.89,20010.89
1007104,104839,1,21,-456,-927,12512.24,21897.33
1002118,109133,1,10,-164,-961,7192.88,19933.68
1002606,104097,1,19,-955,-985,3082.35,12458.35
1006302,109556,1,8,-660,-22,2939.47,24008.08
1006975,106018,1,8,-441,-96,11774.9,10453.32
1001131,100208,1,16,-877,-485,10105.48,17226.1
1007169,104402,1,15,-933,-496,10873.44,570.84
1001281,200666,1,13,-344,-245,14191.15,9418.69
1007899,107306,1,5,-139,-346,11885.56,10724.42
1006805,200720,1,20,-279,-574,13934.24,11225.24
1007965,104865,1,5,-974,-75,18618.82,783.61
1004620,109935,1,19,-766,-721,7805.64,13021.52
1002769,106900,1,18,-645,-295,45516.77,18271.89
1001232,101533,1,19,-899,-750,32835.59,4775.38
1002086,107700,1,21,-150,-302,7543.55,399.25
1009842,102984,1,1,-699,-308,22740.14,24154.92
1007128,108237,1,5,-712,-397,1803.55,17278.49
1007718,104081,1,6,-594,-904,7258.8,4239.22
1008217,201402,1,12,-829,-865,1239.57,15973.47
1005688,102999,1,2,-682,-943,21657.23,5577.64
1009690,104960,1,10,-422,-155,3367.89,11838.81
1008323,100334,1,21,-62,-24,6185.31,6208.23
1006161,107215,1,23,-77,-890,2340.72,45545.65
1001064,106223,1,16,-650,-390,12581.95,20933.1
1007494,101570,1,2,-745,-879,12337.25,1257.79
1009917,109454,1,7,-187,-461,24774.53,2592.06
1004156,100005,1,2,-856,-243,14661.99,12986.33
1005272,108255,1,3,-281,-92,8384.75,5907.02
1000779,101957,1,3,-401,-617,12440.18,4926.91
1007108,102298,1,6,-824,-825,1448.44,23003.9
1006150,102128,1,15,-613,-37,10997.87,1283.65
1003476,100140,1,19,-189,-360,5409.71,7875.97
1009910,104066,1,4,-405,-161,18056.44,28258.38
1003007,100039,1,14,-347,-107,22670.75,1578.54
1000679,106835,1,13,-777,-428,3685.28,12022.48
1001604,105600,1,13,-657,-477,7465.49,11924.58
1006924,101800,1,16,-664,-691,12938.68,6003.78
1009089,200127,1,4,-537,-609,1965.19,15452.63
1009529,200275,1,18,-575,-28,507.14,31504.46
1005120,107987,1,16,-247,-346,6011.31,5488.04
1009517,107935,1,22,-61,-670,17922.74,3086.38
1007354,102126,1,10,-818,-132,13690.89,2464.25
1008790,103151,1,16,-953,-421,27446.24,34830.69
1008728,100611,1,17,-170,-307,10021.51,5913.72
1008585,101927,1,9,-601,-402,15853.57,2794.69
1003921,101555,1,19,-235,-628,15018.6,97.75
1004993,107762,1,16,-948,-578,16328.19,4210.95
1005557,102686,1,19,-664,-166,27347.64,4414.01
1007019,201592,1,17,-178,-717,1878.68,7220.54
1000173,103670,1,17,-986,-261,1859.0,8285.84
1009816,107421,1,13,-870,-828,1808.39,163.14
1009524,102083,1,8,-965,-903,3764.58,12928.59
1001545,103979,1,2,-657,-624,30246.43,7118.68
1004533,109356,1,9,-437,-115,3411.01,14579.28
1008208,102165,1,11,-228,-256,98.34,54547.92
1003666,108567,1,22,-33,-641,29780.07,24275.72
1007778,104935,1,19,-329,-231,14085.5,2501.36
1001035,201360,1,7,-426,-920,753.49,5911.21
1000171,108406,1,2,-568,-623,8141.13,2912.02
1003500,200902,1,18,-623,-511,262.39,16491.09
1007768,102244,1,3,-60,-759,197.46,12402.71
1003034,105867,1,14,-420,-569,9354.59,6232.75
1003690,105487,1,13,-561,-193,602.41,1985.15
1009460,201337,1,5,-340,-546,13293.43,1007.68
1002956,100088,1,7,-401,-839,10323.4,588.53
1001377,109280,1,18,-46,-449,985.42,3079.82
1003644,101790,1,23,-436,-25,506.04,8620.27
1001396,106768,1,5,-597,-332,2076.43,2064.56
1006164,103158,1,22,-434,-977,9831.65,16802.64
1004044,100635,1,8,-361,-719,31811.95,3753.7
1001359,102083,1,21,-844,-381,17546.69,5850.46
1007050,107461,1,3,-958,-454,14942.19,17124.96
1007887,108863,1,8,-326,-67,9170.26,5347.04
1005837,105029,1,3,-840,-261,7131.92,3656.72
1001230,101950,1,11,-965,-25,9407.11,6954.87
1002911,100127,1,2,-722,-174,7974.47,4557.3
1007551,200732,1,2,-628,-647,36851.51,4092.54
1003645,201355,1,7,-899,-488,424.27,6645.79
1004551,201244,1,2,-937,-103,2008.88,2190.23
1003498,200269,1,7,-840,-990,1980.74,696.8
1002978,108469,1,4,-794,-543,11955.66,1133.54
1006751,107276,1,21,-524,-856,5061.07,5957.39
1003431,107653,1,17,-130,-795,23896.85,2.97
1003085,105300,1,2,-477,-18,12416.14,5771.46
1007933,109134,1,18,-130,-26,7425.18,1834.64
1009492,102097,1,7,-981,-471,2459.26,20671.47
1006753,108314,1,15,-585,-46,15850.29,28563.05
1002623,100088,1,8,-684,-42,5492.84,15939.48
1008166,108776,1,16,-360,-216,11147.54,34112.1
1000440,200661,1,7,-971,-240,3320.96,1697.41
1007964,200849,1,23,-60,-181,17103.19,11164.07
1007613,109860,1,23,-209,-719,10632.97,1988.75
1006010,201037,1,2,-243,-940,6543.76,468.84
1003527,106642,1,20,-874,-735,3879.04,14237.3
1000885,102127,1,17,-273,-840,181.94,591.05
1002004,100252,1,17,-877,-412,1587.57,653.32
1004273,104468,1,8,-416,-515,2619.1,11364.89
1006541,100074,1,18,-819,-806,42024.27,9602.57
1004288,104277,1,9,-191,-633,6427.66,977.67
1001716,106308,1,14,-985,-906,4481.14,7416.33
1004318,105920,1,23,-354,-118,2141.72,15149.04
1000212,108648,1,19,-776,-566,26157.17,1193.94
1004343,103667,1,17,-247,-721,5793.53,22306.54
1005164,201955,1,21,-353,-458,16091.25,22373.61
1006373,108824,1,7,-647,-939,17929.87,8106.19
1006044,109266,1,12,-68,-163,21215.66,8033.59
1007245,101125,1,20,-596,-23,2474.35,15826.92
1009277,100709,1,7,-917,-353,7719.82,5074.54
1001800,201601,1,14,-846,-702,2301.55,1783.85
1006400,100374,1,13,-699,-373,13842.35,10689.94
1001944,105615,1,19,-439,-342,2006.78,12095.78
1008055,103429,1,11,-557,-921,9300.44,4690.47
1003313,104747,1,3,-580,-195,17529.13,1473.81
1003233,108353,1,9,-24,-115,9518.26,1656.21
1008028,101878,1,12,-178,-634,6.59,7503.72
1003497,105788,1,16,-801,-712,20843.76,34547.35
1003149,109804,1,20,-564,-478,20091.95,2572.31
1000115,105173,1,15,-155,-352,217.91,1226.67
1007151,103040,1,12,-447,-987,21725.63,431.18
1008414,105175,1,10,-742,-830,7327.24,49063.75
1004575,106866,1,10,-81,-408,6013.2,2340.42
1001594,103908,1,9,-746,-710,2433.7,11988.86
1006741,103934,1,1,-241,-572,33143.25,21038.08
1000694,200570,1,12,-218,-858,2929.9,4604.18
1008492,109705,1,14,-329,-171,4178.3,2232.83
1001971,104100,1,8,-616,-323,4557.52,1383.92
1002173,100975,1,4,-624,-550,12638.38,8556.83
1009032,108526,1,11,-484,-108,13764.28,1973.49
1003204,100611,1,18,-554,-941,12508.41,23212.65
1000526,109121,1,21,-554,-310,1287.74,10657.69
1005993,107966,1,1,-881,-467,1411.68,1850.68
1004535,100407,1,10,-119,-67,10530.34,4658.33
1001548,109267,1,7,-20,-342,46912.32,3004.24
1008218,107554,1,2,-994,-380,7097.35,3162.82
1009287,109132,1,14,-115,-315,17560.34,2190.95
1001849,101312,1,13,-639,-954,1521.66,4245.1
1005154,106796,1,20,-741,-24,15815.76,31409.78
1001126,201919,1,21,-964,-431,5297.37,11598.07
1000385,107787,1,23,-126,-735,7069.28,7470.0
1009018,201590,1,18,-697,-234,8146.61,12456.12
1005174,103238,1,20,-53,-31,26205.48,835.93
1002238,201157,1,3,-219,-753,21891.43,11324.27
1005425,107081,1,4,-189,-220,4842.9,19339.65
1000094,100465,1,6,-466,-202,2744.6,11588.35
1001021,105795,1,18,-780,-321,11225.4,16252.84
1002740,108117,1,6,-85,-357,17426.96,3857.6
1007333,200158,1,18,-863,-277,2615.05,836.25
1006580,105922,1,11,-10,-138,4531.36,15614.04
1004424,108163,1,6,-824,-763,328.11,7456.56
1009301,109891,1,9,-117,-542,164.26,2347.44
1006485,101893,1,17,-414,-127,5434.83,5631.71
1005346,104422,1,9,-776,-352,7654.62,4512.84
1005460,201462,1,3,-342,-123,13131.29,13825.96
1004010,109279,1,8,-674,-238,4813.68,3994.25
1003359,106178,1,13,-968,-552,12263.0,3734.35
1002488,200179,1,4,-870,-984,23500.0,16961.73
1007931,104939,1,9,-864,-275,4878.7,686.43
1000068,108589,1,11,-333,-36,3872.16,6417.64
1005652,109060,1,13,-963,-605,3207.68,655.36
1009044,200003,1,1,-642,-28,13331.79,1772.38
1002806,107654,1,23,-633,-201,6641.52,16428.95
1006906,100712,1,18,-113,-313,5120.0,5347.33
1009416,103988,1,11,-320,-347,27214.3,2865.18
1005746,200129,1,11,-252,-907,17204.0,4989.68
1007113,101258,1,9,-224,-433,1832.86,11908.05
1008272,104191,1,20,-134,-183,10551.3,11026.88
1006622,105590,1,8,-541,-252,7160.71,18172.52
1000850,201305,1,6,-914,-394,37254.13,2568.2
1003197,105223,1,1,-753,-667,8437.35,13861.24
1003937,105035,1,4,-723,-144,3215.03,6471.52
1002749,102524,1,2,-755,-887,2672.37,307.5
1002257,108884,1,1,-347,-882,15360.78,4501.4
1005961,100331,1,16,-988,-11,6357.88,7426.86
1007272,201474,1,23,-502,-904,3798.68,3950.96
1000144,201183,1,19,-103,-975,44888.97,2313.64
1001889,106342,1,6,-263,-991,32198.29,6732.25
1005891,106787,1,11,-258,-27,9070.28,28288.18
1000306,201668,1,18,-685,-364,16444.65,6746.78
1009354,201856,1,10,-568,-438,2200.09,3634.92
1001674,104374,1,7,-636,-111,19711.27,10982.84
1003979,105755,1,1,-862,-337,1461.23,8673.91
1006230,101495,1,21,-420,-96,431.15,10884.91
1004475,106084,1,21,-490,-253,15632.34,1510.35
1009266,200031,1,10,-965,-16,13274.87,2826.65
1000191,104042,1,11,-559,-25,1171.28,254.65
1008313,103727,1,10,-780,-966,3289.77,9490.18
1005407,200633,1,9,-887,-362,4384.36,19095.54
1007950,103429,1,9,-897,-533,5815.97,13364.72
1006016,106776,1,1,-665,-946,2712.66,15188.96
1004294,101203,1,3,-917,-869,5094.99,928.84
1008747,109012,1,15,-933,-771,1836.41,5898.24
1005495,200288,1,9,-78,-979,12148.52,9964.73
1009652,105229,1,9,-974,-548,25003.64,4872.37
1001459,106827,1,23,-198,-687,11230.21,17398.35
1004444,105693,1,4,-633,-470,22649.85,4700.06
1002001,201613,1,8,-884,-501,1695.73,13120.14
1001754,109128,1,11,-694,-363,3345.84,5258.57
1004804,200166,1,14,-131,-571,23214.73,11225.71
1000425,201878,1,11,-307,-678,11032.12,23116.11
1001404,101090,1,21,-378,-334,2691.26,11325.87
1009460,201337,1,10,-919,-340,12211.99,20331.2
1009346,104026,1,13,-262,-793,21090.74,13515.27
1006606,201614,1,7,-311,-565,17388.22,518.24
1007975,201986,1,19,-981,-964,3313.57,4001.0
1004376,107422,1,3,-72,-752,16060.69,15658.84
1001977,106764,1,17,-188,-103,2678.94,2835.64
1009396,102081,1,22,-560,-990,12985.69,7187.88
1006622,105590,1,18,-137,-948,2966.41,31018.05
1001083,106451,1,7,-503,-248,7639.23,20706.58
1001723,108001,1,15,-347,-14,4758.44,9837.84
1003425,107697,1,14,-656,-753,3870.8,1389.05
1003173,201835,1,6,-976,-981,12418.58,993.92
1002921,100134,1,19,-278,-524,10486.24,2945.72
1009641,108581,1,23,-823,-122,16602.88,2926.59
1007646,105162,1,2,-640,-702,2537.09,6451.42
1003213,108098,1,16,-993,-754,20756.93,11820.11
1007210,106770,1,18,-744,-539,21277.01,14291.35
1005277,100313,1,15,-448,-613,42410.81,12131.84
1004946,201798,1,10,-789,-239,3836.98,5822.52
1009884,100655,1,12,-217,-821,15203.09,8441.63
1001444,200686,1,23,-719,-853,7866.28,14252.94
1007497,105882,1,22,-698,-575,5049.83,3545.2
1006343,103776,1,13,-467,-658,1408.8,21232.81
1000932,108339,1,18,-673,-537,1351.6,44693.87
1007797,101634,1,23,-494,-724,21962.86,3300.36
1004638,108493,1,22,-928,-804,2051.4,8650.54
1005878,106285,1,17,-258,-774,4419.12,1270.05
1002933,104384,1,18,-655,-586,3875.48,725.34
1009375,100696,1,19,-641,-53,22026.85,11816.83
1002232,107115,1,14,-380,-421,15501.63,888.05
1005671,106410,1,18,-780,-159,6518.08,6652.42
1005815,101449,1,23,-388,-966,62.74,17358.67
1002677,103435,1,3,-394,-576,414.84,1456.16
1009678,102174,1,11,-506,-113,37289.77,16937.91
1004290,104695,1,14,-740,-647,1374.04,15583.75
1002674,103518,1,23,-52,-916,10633.64,10393.76
1003901,106718,1,3,-770,-387,15633.96,17617.44
1009946,104981,1,1,-206,-865,30040.72,22318.02
1000964,108783,1,18,-942,-473,16698.59,14386.43
1005932,106130,1,14,-448,-980,23606.38,3674.46
1001000,101370,1,20,-465,-711,20141.8,1735.62
1009231,105313,1,23,-231,-962,4642.38,6837.33
1002391,105760,1,15,-754,-907,5672.15,5539.61
1009999,109671,1,12,-49,-548,7557.2,14293.6
1009639,100679,1,15,-484,-539,2427.3,1653.96
1004547,105866,1,17,-864,-718,590.79,4201.8
1002059,102056,1,19,-299,-153,55457.31,4754.55
1003081,103739,1,20,-788,-87,973.42,167.93
1006533,107608,1,16,-378,-591,1446.63,8372.42
1002183,102900,1,3,-741,-997,13887.32,1551.95
1006872,106637,1,6,-105,-799,14090.72,9015.66
1002788,109587,1,22,-813,-157,30708.51,11473.8
1000994,104383,1,12,-735,-815,5594.02,2581.47
1006381,106719,1,6,-921,-625,10863.28,12778.01
1004350,101952,1,13,-728,-144,117.52,28567.43
1009899,108747,1,2,-289,-462,7766.75,2023.22
1006348,106412,1,20,-252,-135,558.21,1317.52
1004898,101977,1,11,-805,-71,3391.71,1729.43
1007052,108716,1,6,-20,-339,2175.22,9005.38
1006991,101738,1,10,-395,-850,11360.05,7251.64
1008547,101958,1,3,-494,-36,7422.88,36001.82
1008265,105241,1,11,-903,-493,3112.25,46584.24
1004030,201260,1,20,-342,-888,1604.19,11931.24
1004269,100331,1,5,-613,-483,5800.23,8669.27
1000340,101639,1,21,-36,-841,1943.75,1693.83
1009898,201459,1,8,-234,-950,431.03,7350.47
1006856,109182,1,17,-572,-888,9576.89,5021.62
1003466,108356,1,5,-976,-792,1866.15,187.64
1009815,103272,1,16,-912,-437,11356.77,5581.8
1003193,108729,1,16,-865,-294,78.84,1675.55
1009727,103108,1,4,-936,-575,17426.42,1683.33
1005894,106382,1,7,-439,-756,2013.77,2367.98
1005681,100923,1,21,-675,-876,1271.14,10532.31
1006563,105693,1,15,-569,-788,4645.2,9321.1
1006352,102162,1,23,-282,-697,1791.53,3568.73
1001069,103150,1,5,-643,-622,1932.81,1854.92
1008688,201952,1,22,-50,-986,211.82,1633.78
1001064,106223,1,1,-384,-63,34114.09,1111.57
1005149,107711,1,20,-676,-826,4058.02,20106.37
1005362,109926,1,10,-879,-296,7069.53,3407.94
1001607,101462,1,20,-140,-513,6867.81,4917.39
1001445,101910,1,16,-238,-874,30555.64,7638.75
1001062,200231,1,6,-61,-480,2182.37,3743.21
1004952,201372,1,4,-681,-654,5327.96,8813.67
1002200,104933,1,14,-130,-869,20324.0,19163.11
1008248,105622,1,2,-563,-51,9019.56,2587.6
1004806,106871,1,5,-969,-755,15907.17,7644.43
1007767,102295,1,9,-768,-197,3125.12,4536.67
1006459,109667,1,1,-902,-69,8510.91,7161.83
1006325,105510,1,19,-267,-853,10249.75,13071.82
1005613,105096,1,9,-481,-959,4700.82,4131.87
1003743,104191,1,3,-701,-937,4355.86,8420.89
1005174,103238,1,2,-590,-775,131.62,4035.85
1008774,104724,1,19,-250,-927,11119.27,13297.44
1001039,100463,1,6,-986,-79,4445.96,14431.51
1009493,103771,1,16,-178,-808,4965.3,9924.59
1007128,108237,1,14,-688,-718,14015.42,18686.09
1004638,108493,1,18,-890,-916,4541.78,28748.99
1008012,102273,1,7,-122,-311,1353.51,12010.46
1000919,102394,1,7,-555,-613,4412.41,4456.47
1003741,101309,1,15,-226,-45,11096.02,2221.54
1000942,101642,1,17,-590,-739,3528.44,7828.62
1004703,103015,1,17,-29,-813,6837.07,2075.52
1001355,200427,1,2,-427,-915,10535.3,5156.19
1001099,103559,1,7,-764,-288,16813.8,1470.23
1009223,201667,1,4,-870,-535,2072.12,1871.43
1002307,102608,1,10,-927,-875,3660.84,4196.14
1003562,109153,1,7,-764,-603,154.3,32749.26
1005751,104129,1,9,-104,-582,27941.05,9685.6
1006453,107671,1,17,-976,-51,8855.49,3838.19
1004985,106421,1,17,-275,-713,2153.42,6917.77
1004963,104616,1,11,-13,-477,9297.54,1088.38
1000803,106580,1,23,-528,-796,322.15,3175.33
1002503,109147,1,14,-410,-734,10287.44,2089.83
1001823,100849,1,15,-445,-469,8368.41,2585.42
1008821,103024,1,1,-265,-841,7476.85,13468.82
1006183,108828,1,11,-868,-974,3889.9,21642.72
1002157,108720,1,13,-731,-991,3861.27,7959.32
1007859,200696,1,11,-845,-441,11574.79,940.23
1006449,101145,1,14,-578,-46,1502.25,925.71
1004505,107123,1,19,-801,-287,4919.14,790.26
1002268,107470,1,21,-135,-333,23549.66,338.97
1003403,104950,1,9,-775,-409,1906.35,16197.07
1007001,101127,1,22,-420,-499,11880.39,16068.2
1004875,102778,1,2,-537,-828,490.69,2640.46
1005736,201937,1,15,-414,-233,3128.25,7847.74
1008273,105542,1,23,-75,-283,4369.49,7068.04
1004638,108493,1,5,-487,-775,32322.03,16993.83
1006116,108389,1,17,-503,-36,9826.21,9186.78
1005169,201771,1,16,-920,-329,3848.29,2981.19
1004257,102750,1,22,-356,-47,20874.78,77051.18
1001768,109822,1,14,-322,-875,3376.38,5633.78
1009933,109087,1,2,-922,-293,107.95,11299.11
1004977,106191,1,4,-52,-426,3227.98,6779.06
1001981,106925,1,12,-679,-87,1163.65,4235.15
1003031,108548,1,21,-162,-195,15176.47,13050.72
1006758,101515,1,3,-187,-55,990.2,5238.84
1005576,200109,1,2,-480,-965,48100.19,9475.08
1003005,102449,1,7,-560,-670,12894.0,1803.47
1006881,105025,1,21,-970,-360,359.27,8216.6
1009207,101991,1,9,-536,-334,2332.02,31378.31
1006456,102802,1,16,-679,-61,16936.62,11504.87
1005769,102409,1,1,-297,-568,12915.09,7579.78
1005008,107026,1,17,-620,-900,28270.95,23477.56
1007383,101838,1,12,-838,-995,4369.11,11752.65
1006910,106543,1,22,-119,-767,3957.37,7249.84
1003003,106913,1,21,-951,-132,4314.77,12710.14
1008660,101364,1,2,-261,-853,10038.49,14452.71
1008456,109942,1,6,-261,-651,1499.83,15141.85
1008824,106054,1,1,-625,-805,16592.11,142.8
1008537,109387,1,5,-146,-343,12073.34,13238.12
1001128,106903,1,16,-936,-927,18203.9,16579.11
1008092,102324,1,8,-594,-310,19745.07,1287.73
1002619,104270,1,20,-228,-433,6159.83,2214.51
1000458,108454,1,14,-501,-124,2412.19,704.04
1002189,102650,1,22,-934,-942,9882.52,15640.77
1009214,106223,1,10,-15,-563,19816.83,929.0
1002878,107811,1,6,-427,-331,716.53,1004.7
1004052,100465,1,1,-988,-964,8334.89,16914.54
1006733,105164,1,5,-482,-47,11991.39,881.21
1000656,200705,1,23,-882,-466,5014.79,9283.91
1001642,104519,1,15,-199,-995,20600.45,10944.08
1002776,200521,1,9,-520,-982,1278.04,1457.69
1000184,107471,1,14,-102,-753,3083.21,8886.99
1001599,108443,1,8,-359,-528,7242.08,710.95
1006228,103108,1,8,-109,-149,13641.11,5341.32
1000199,201461,1,17,-406,-160,32028.83,3858.37
1004181,105623,1,20,-489,-788,4990.85,6225.63
1002079,107421,1,21,-623,-772,12476.09,29326.05
1001773,100361,1,7,-681,-520,4330.02,22310.44
1007424,200252,1,3,-255,-905,10542.01,4565.78
1005474,103131,1,6,-200,-749,16410.93,9878.58
1008856,101558,1,16,-271,-569,3909.09,2974.76
1003370,103251,1,16,-703,-275,12875.6,1859.99
1001871,105202,1,15,-518,-599,28031.3,5491.12
1002558,107676,1,19,-630,-586,16332.58,2815.44
1002871,103916,1,15,-771,-602,1912.36,17910.38
1003035,106969,1,12,-811,-201,84275.61,12486.85
1002332,104109,1,21,-390,-939,2968.79,618.45
1002200,104933,1,7,-337,-764,14120.72,23349.33
1007662,107049,1,15,-348,-151,4067.57,2156.04
1005563,200943,1,4,-899,-139,8637.9,1385.84
1000245,100376,1,22,-244,-906,37886.15,345.6
1004753,201928,1,4,-69,-18,24049.18,2823.13
1007223,201939,1,2,-496,-621,1973.95,2379.68
1001781,102905,1,7,-348,-887,13310.32,460.32
1006306,106486,1,18,-256,-303,5348.74,5525.07
1007021,201823,1,7,-280,-511,8898.98,30188.53
1009003,102775,1,11,-605,-986,15673.15,25623.77
1001831,106775,1,18,-91,-225,4337.42,11570.15
1002511,201958,1,8,-374,-734,4420.81,1009.47
1009582,109975,1,23,-534,-328,19530.79,14749.01
1002100,200163,1,8,-180,-831,16525.35,1148.65
1009875,104448,1,22,-702,-804,24040.15,9941.32
1004029,103230,1,3,-856,-899,17936.79,19215.72
1004611,106406,1,13,-32,-699,1272.86,4945.89
1005086,102183,1,17,-451,-182,1183.0,266.13
1000485,100311,1,19,-466,-634,23755.83,21877.93
1008315,200383,1,10,-818,-602,5903.8,7330.32
1005071,102758,1,21,-717,-223,9886.06,17015.54
1006378,106696,1,1,-362,-232,14293.86,818.41
1004471,201384,1,9,-787,-360,557.99,4683.72
1004528,101066,1,3,-452,-699,20089.09,419.37
1003794,106774,1,4,-487,-238,10835.76,13098.23
1006937,100864,1,16,-101,-735,4924.53,2522.06
1004895,200806,1,9,-32,-16,2818.41,19122.56
1008148,101278,1,22,-637,-255,9444.89,1998.25
1000312,107598,1,17,-462,-173,21159.72,822.8
1006594,105933,1,11,-736,-83,3582.7,11278.06
1002016,201391,1,15,-907,-281,4908.78,27171.71
1005423,107316,1,17,-558,-658,16307.43,6167.78
1005410,108190,1,20,-87,-434,1838.55,8192.28
1001498,103015,1,3,-108,-884,10892.88,6644.23
1001026,105505,1,22,-663,-63,20604.94,6517.21
1005615,104311,1,22,-868,-690,8032.05,4814.47
1004417,104333,1,2,-170,-467,5960.33,4811.68
1008024,105790,1,8,-223,-276,1220.72,22253.05
1007093,107252,1,23,-135,-105,5064.04,2465.18
1009384,104673,1,14,-243,-724,18284.95,5951.15
1006211,108452,1,7,-476,-245,8715.83,3194.17
1004881,107377,1,19,-415,-98,491.03,32108.61
1000048,105466,1,11,-590,-736,10960.64,21929.08
1008489,109350,1,18,-573,-743,8580.48,1929.04
1007104,104839,1,2,-154,-566,2194.58,5755.74
1004066,104187,1,10,-853,-537,10399.48,21572.14
1004215,103137,1,11,-396,-924,8954.65,6350.53
1001834,101889,1,12,-656,-403,10973.68,5117.09
1000676,108441,1,2,-436,-86,5929.76,2216.08
1006543,201161,1,13,-77,-543,34429.0,4147.86
1004441,106706,1,17,-771,-554,21688.95,849.49
1009304,106425,1,12,-777,-616,30385.5,4920.64
1001386,107104,1,4,-327,-639,8677.21,1509.11
1001317,102332,1,16,-690,-779,12968.01,1898.14
1009450,102158,1,2,-567,-601,733.35,16972.7
1000506,100825,1,13,-335,-314,16016.33,7441.59
1000330,200112,1,20,-20,-308,15298.09,927.19
1001044,100916,1,13,-471,-895,17890.25,23499.92
1005135,200300,1,1,-547,-315,10017.21,8940.51
1007543,201593,1,17,-732,-649,8865.52,15720.09
1000945,104830,1,6,-93,-601,6169.34,1801.01
1004706,108759,1,18,-469,-348,15424.9,8746.5
1000910,103217,1,11,-796,-367,14931.13,12121.56
1006570,101858,1,19,-12,-287,16916.34,2074.51
1004660,105604,1,16,-690,-234,13390.2,1709.23
1007818,102702,1,12,-289,-979,5729.21,1613.94
1001948,102569,1,6,-299,-101,1068.71,34205.89
1008469,103007,1,6,-521,-355,2207.46,1834.16
1004208,109127,1,4,-796,-659,6890.81,14399.86
1003506,104097,1,8,-194,-770,4435.8,4661.68
1007712,101468,1,20,-342,-311,4208.55,40195.31
1008090,201619,1,17,-713,-468,2641.47,42292.1
1001907,103402,1,11,-598,-757,5934.73,2143.32
1004754,101985,1,16,-219,-731,1980.04,114.93
1008436,105148,1,12,-924,-689,7234.77,11841.91
1007626,102106,1,4,-551,-30,9295.36,18918.46
1003573,100527,1,7,-880,-376,8526.23,51741.31
1000710,200017,1,13,-969,-693,23438.19,6931.57
1006492,104530,1,5,-125,-549,2741.48,8078.91
1003041,102391,1,10,-28,-932,15229.16,8800.8
1000813,106920,1,14,-983,-127,11405.44,6300.98
1007078,104632,1,6,-204,-453,10464.36,11581.35
1003242,100238,1,18,-497,-311,5192.35,10191.67
1008106,107768,1,23,-394,-393,198.55,4735.59
1007138,109217,1,8,-577,-59,6471.65,20528.01
1002980,105575,1,14,-444,-826,10095.6,883.88
1008131,104454,1,20,-743,-647,4875.96,2817.4
1005623,107968,1,13,-771,-113,4899.0,14217.58
1004297,108921,1,7,-522,-202,7540.07,3460.0
1004254,106477,1,1,-980,-619,1631.25,2640.45
1002533,103224,1,15,-755,-902,25118.15,27571.98
1007663,104920,1,3,-590,-411,5272.06,2581.91
1008926,200284,1,17,-867,-233,6408.64,1065.56
1002450,201230,1,21,-905,-407,3189.76,21566.46
1001216,100544,1,2,-43,-718,2128.13,4530.77
1001498,103015,1,11,-637,-255,6344.01,5572.19
1007865,106779,1,8,-366,-240,6279.33,14646.23
1004014,107488,1,8,-549,-250,3620.26,5987.08
1001102,201560,1,12,-117,-156,16027.33,7561.01
1007016,108453,1,3,-318,-685,5859.12,3192.93
1003177,109719,1,9,-68,-606,19803.39,5941.09
1000784,100581,1,2,-324,-788,6776.65,16017.91
1003741,101309,1,1,-201,-58,6322.6,17283.52
1007396,105110,1,22,-46,-549,3838.72,30996.61
1002314,200680,1,11,-257,-495,358.04,4692.8
1002016,201391,1,2,-469,-275,15259.76,3894.69
1009742,109243,1,9,-337,-285,2394.72,8147.49
1003727,103874,1,23,-378,-487,9176.9,15870.06
1004462,104438,1,21,-568,-583,6291.44,4646.15
1000420,200153,1,23,-580,-925,7505.77,13981.51
1002378,200154,1,10,-243,-906,1348.82,2919.89
1000025,100145,1,23,-496,-874,19367.2,7118.74
1007369,107193,1,19,-660,-120,38135.67,44477.75
1001903,102241,1,18,-38,-723,6197.31,4457.17
1008653,106881,1,8,-420,-10,11120.39,6498.62
1007882,103989,1,6,-424,-17,1600.86,3666.24
1009776,101232,1,7,-960,-348,6344.85,13057.89
1003125,102512,1,11,-179,-755,6707.71,3729.43
1005122,104538,1,13,-103,-920,5053.63,16690.92
1000539,200411,1,4,-490,-278,17087.18,21.96
1009616,101435,1,11,-156,-112,31771.36,6756.1
1006946,102170,1,14,-660,-925,25659.8,5818.33
1005485,104379,1,8,-339,-953,31443.73,866.76
1007760,102052,1,12,-477,-557,16521.56,22926.61
1004923,106447,1,8,-485,-741,18490.8,2553.75
1003096,108012,1,8,-444,-234,2316.73,6046.55
1001804,105810,1,12,-749,-746,2174.86,18728.74
1009311,200909,1,13,-711,-601,6246.91,6512.87
1001441,100527,1,9,-782,-834,21927.32,9199.66
1004240,108399,1,15,-200,-255,4870.31,12494.01
1001901,201567,1,7,-152,-927,28688.47,15662.17
1002457,201901,1,10,-139,-320,1479.5,6715.65
1005633,101550,1,7,-225,-623,3554.82,12964.22
1003093,201153,1,6,-284,-396,626.62,16152.48
1001996,102326,1,12,-183,-453,3023.62,8781.67
1002311,100160,1,1,-106,-390,7860.71,11224.09
1003095,201139,1,9,-336,-673,12929.6,7017.01
1009511,103682,1,23,-966,-769,3124.17,7159.91
1007088,104658,1,16,-76,-957,3227.18,3195.51
1007024,200601,1,9,-160,-206,17646.05,9036.93
1002581,201786,1,15,-405,-870,14697.79,24477.39
1008247,109792,1,10,-292,-260,4118.61,6847.94
1005055,102695,1,14,-324,-274,58.0,6905.98
1004375,100804,1,11,-705,-103,8244.01,1521.22
1001902,201185,1,23,-205,-125,18563.7,5594.16
1002169,106288,1,3,-267,-878,13768.96,18100.91
1002833,200559,1,14,-424,-61,11376.55,1799.36
1008369,100817,1,23,-872,-544,1600.07,17903.96
1002519,105755,1,11,-12,-276,923.45,30200.16
1002540,101247,1,1,-676,-960,20687.67,2481.29
1002420,101633,1,3,-37,-454,3934.7,3589.93
1004810,100535,1,13,-234,-13,1596.16,4719.71
1006017,100978,1,16,-141,-710,15463.84,12470.96
1001063,106632,1,5,-848,-653,12378.88,3314.31
1000201,101028,1,6,-124,-865,3039.64,17139.11
1002834,109640,1,8,-253,-77,14530.46,7406.99
1009278,107465,1,12,-649,-594,2318.46,8229.72
1003665,201727,1,2,-466,-904,12342.65,5563.12
1006988,201496,1,23,-55,-283,262.39,427.71
1008890,200443,1,10,-472,-578,1966.71,13471.09
1007237,109634,1,23,-271,-959,3919.22,4724.94
1000618,107727,1,9,-856,-262,13496.63,324.11
1008134,107342,1,14,-461,-268,4985.31,964.33
1009462,201252,1,10,-380,-953,14879.42,712.4
1003646,201858,1,14,-302,-321,25195.86,3117.01
1009954,104692,1,10,-594,-675,5893.95,19615.99
1001116,100674,1,15,-796,-516,2189.08,15178.52
1000753,103069,1,16,-352,-33,23756.13,3353.96
1004842,108922,1,11,-220,-774,1649.9,7018.3
1001551,100558,1,4,-199,-961,291.47,1289.47
1000182,102922,1,21,-415,-217,629.92,3129.31
1003571,101826,1,5,-753,-222,856.57,5657.52
1000700,105195,1,13,-385,-813,3752.52,4353.41
1006905,101999,1,16,-803,-539,2445.89,4587.99
1009213,104014,1,6,-634,-144,4539.34,12910.73
1001663,105730,1,17,-108,-373,15915.61,12327.88
1001507,101730,1,19,-624,-593,42413.15,2013.82
1005572,102649,1,15,-745,-495,2475.24,20049.65
1001603,108097,1,13,-945,-132,19743.28,19113.31
1007267,200409,1,17,-405,-270,14839.29,4057.04
1006489,201311,1,21,-164,-652,10665.88,7414.27
1005461,109277,1,19,-115,-246,17024.17,2564.18
1008743,108510,1,8,-535,-490,3226.19,15077.01
1006540,104749,1,8,-137,-563,44729.51,1014.53
1009190,200527,1,17,-488,-813,2987.23,49201.6
1009390,109626,1,9,-314,-471,95.63,5997.23
1002664,103152,1,11,-241,-22,8620.04,8519.22
1006854,101067,1,20,-436,-499,7809.49,4985.32
1000515,200806,1,14,-167,-579,6569.61,1898.53
1003381,105998,1,6,-549,-596,9942.71,19269.76
1006611,101176,1,12,-743,-358,1857.93,22336.59
1005036,103468,1,8,-350,-532,16543.48,18522.39
1002132,109884,1,6,-935,-844,23135.82,1526.01
1000842,200701,1,7,-915,-460,469.14,7469.65
1000286,105993,1,3,-110,-927,2123.76,3649.03
1005243,101707,1,23,-183,-986,13571.98,12410.16
1007892,200207,1,10,-927,-197,107.05,4687.84
1000521,105700,1,19,-312,-599,361.94,10266.09
1002606,104097,1,20,-413,-174,6865.83,6746.14
1008185,106197,1,21,-795,-848,14539.2,19515.43
1005195,104217,1,23,-306,-951,24590.73,6867.01
1001144,109708,1,6,-698,-332,4568.78,14022.27
1004572,109101,1,23,-232,-892,3372.94,44445.59
1002165,200567,1,22,-715,-848,3191.44,474.98
1008491,106742,1,16,-993,-275,4845.21,1196.05
1003816,104534,1,15,-134,-375,9298.96,13039.27
1000700,105195,1,19,-849,-107,632.12,5667.31
1009489,109382,1,8,-594,-54,8863.49,1566.77
1006417,105202,1,10,-71,-524,10845.29,16889.24
1004725,102076,1,8,-645,-18,17966.63,1342.03
1006700,103752,1,12,-778,-305,4422.02,3066.27
1001340,104161,1,6,-334,-682,6115.3,31579.73
1008029,101905,1,2,-231,-496,26377.2,2230.17
1001169,200459,1,10,-46,-838,7920.51,306.26
1002466,103417,1,8,-859,-684,18930.12,4886.87
1001700,200184,1,6,-104,-946,595.25,12050.31
1008671,109305,1,19,-544,-189,4182.66,930.33
1009762,102054,1,1,-82,-370,2544.83,1358.82
1001932,100813,1,19,-448,-480,3239.21,21470.92
1006985,101309,1,21,-703,-586,2875.54,7022.64
1006955,103936,1,6,-557,-35,2017.05,40954.72
1003714,201245,1,22,-642,-659,7510.58,6020.77
1003977,102376,1,4,-989,-846,17776.81,4294.08
1006832,104370,1,22,-720,-560,13510.89,7372.17
1002634,104836,1,23,-809,-849,5254.19,4539.39
1001339,107458,1,20,-367,-210,9145.52,1064.15
1004245,108195,1,12,-749,-339,6005.59,5355.3
1006268,104338,1,4,-258,-908,8862.34,3385.18
1006884,105520,1,6,-50,-775,2859.92,1297.01
1004897,108574,1,17,-115,-198,4992.27,8879.45
1002915,100657,1,5,-123,-579,5323.25,1216.31
1008655,105886,1,20,-941,-639,10688.54,2324.33
1008670,200083,1,18,-996,-251,5010.67,11906.39
1004979,109833,1,20,-683,-344,37437.51,31272.94
1001913,100706,1,15,-787,-829,14568.55,2322.03
1000716,201767,1,21,-552,-228,4625.37,12907.07
1009261,108904,1,23,-900,-861,36212.45,11472.98
1000636,201216,1,18,-504,-386,2880.38,7587.44
1006489,201311,1,3,-969,-902,7380.8,2887.07
1006935,104032,1,16,-303,-693,1751.25,1193.56
1006966,101450,1,13,-335,-216,12415.4,18452.13
1005024,201323,1,8,-160,-432,11531.1,11279.69
1003811,201093,1,12,-832,-449,9935.33,17322.35
1003105,100777,1,2,-232,-137,232.8,14045.78
1006358,103475,1,3,-41,-58,4836.14,1748.64
1003265,103409,1,12,-599,-85,8118.62,2712.85
1002413,107767,1,14,-222,-260,133.03,251.94
1000403,107886,1,19,-120,-129,11105.36,665.86
1003707,108535,1,6,-254,-639,9634.63,895.48
1004550,200880,1,19,-795,-926,2137.39,27994.07
1001592,108081,1,13,-840,-329,5629.76,1435.0
1005865,106014,1,2,-846,-30,15375.04,3873.96
1002647,101640,1,5,-448,-692,9005.18,11091.1
1007261,104821,1,7,-345,-92,12410.72,1334.29
1004490,103816,1,14,-975,-702,21577.12,11457.45
1000310,200389,1,17,-251,-625,3149.64,3549.22
1005275,201074,1,23,-119,-802,537.45,503.27
1000197,105971,1,1,-166,-846,6468.37,18340.71
1008294,106887,1,14,-659,-264,1040.63,5256.09
1009335,107615,1,20,-795,-640,1559.16,5750.99
1001557,102558,1,19,-467,-430,24658.86,13118.73
1008206,105085,1,3,-246,-894,4370.86,8040.64
1000220,103982,1,1,-614,-181,868.88,33309.26
1009217,104281,1,23,-822,-614,5914.78,4356.84
1002109,101072,1,19,-878,-307,30808.18,11005.87
1005076,109893,1,19,-865,-796,9067.98,12814.74
1009591,106325,1,1,-460,-32,351.8,2353.22
1008201,102094,1,13,-203,-303,706.08,2824.15
1005166,100088,1,9,-638,-159,4826.12,4985.8
1008744,109346,1,12,-578,-328,11558.18,23794.7
1004621,106398,1,7,-75,-59,5703.33,7616.41
1001306,109828,1,17,-618,-337,10997.63,1951.89
1008598,101769,1,2,-171,-260,18336.68,15854.9
1001453,100280,1,16,-599,-262,6575.28,24317.7
1009394,105692,1,18,-255,-911,26006.69,5192.01
1007681,106891,1,17,-743,-643,5288.55,592.67
1005234,105491,1,1,-229,-496,10766.17,3177.99
1004062,102835,1,19,-446,-385,452.62,13457.75
1000774,101133,1,7,-47,-389,2806.3,5870.61
1005868,104755,1,3,-806,-678,4859.8,3417.92
1007336,200633,1,12,-33,-379,6472.8,3568.75
1002988,103838,1,5,-340,-688,5799.22,7909.78
1003835,108745,1,20,-732,-707,5153.48,17144.83
1003851,201866,1,11,-719,-506,2125.1,4083.1
1004558,107949,1,17,-805,-566,12921.32,13224.73
1008306,106128,1,22,-672,-823,1103.57,20610.52
1005978,101721,1,12,-746,-581,2238.75,4363.39
1008135,201891,1,6,-781,-599,4247.27,7069.06
1009709,103743,1,19,-119,-938,4815.51,15.72
1000548,201890,1,4,-14,-885,1870.4,1034.34
1006847,104453,1,22,-369,-257,8627.36,2854.93
1002876,103720,1,18,-660,-713,15551.63,9111.43
1004922,201933,1,12,-828,-281,13108.35,14941.71
1008404,105110,1,2,-305,-992,12523.18,13001.35
1000789,104764,1,19,-643,-495,8786.69,11296.25
1006532,102000,1,21,-489,-820,7456.36,12278.44
1003923,105435,1,4,-623,-668,538.88,3707.34
1006882,109522,1,21,-181,-119,14926.49,52.7
1000831,105929,1,15,-858,-890,2634.73,40589.99
1004550,200880,1,9,-342,-680,3835.37,6817.13
1002700,109499,1,17,-477,-870,8001.67,15404.99
1005151,104609,1,3,-797,-492,206.45,4735.34
1002117,200960,1,19,-478,-249,10100.4,16019.03
1004397,106866,1,12,-971,-416,1263.96,1298.15
1007694,108461,1,21,-665,-131,13930.4,18183.85
1002164,106527,1,10,-791,-251,6202.67,28053.6
1001574,109263,1,1,-801,-639,7019.28,1517.89
1008942,104739,1,4,-367,-21,6271.72,6881.49
1009365,105411,1,20,-747,-745,4245.8,44852.34
1009524,102083,1,8,-33,-207,20785.33,1033.61
1001844,103953,1,16,-706,-576,37069.25,32664.3
1000072,102421,1,16,-390,-421,15547.61,8357.0
1007186,109268,1,4,-513,-623,4597.9,10961.93
1006919,103420,1,3,-16,-741,14780.42,13778.99
1003023,103539,1,9,-994,-981,4581.73,15737.5
1000936,102005,1,6,-341,-602,5460.13,6326.22
1009450,102158,1,19,-810,-151,2150.44,4007.89
1006043,103204,1,8,-897,-110,8856.97,11175.45
1005414,104909,1,10,-547,-858,6267.42,4105.61
1001784,105773,1,2,-306,-830,7247.34,6939.56
1001271,103659,1,8,-630,-983,20869.68,12923.13
1001464,201072,1,1,-142,-546,27.82,15467.17
1005169,201771,1,12,-589,-627,9225.51,25067.09
1005591,104735,1,14,-153,-905,7014.27,11749.54
1005473,104188,1,1,-298,-162,6754.88,5539.75
1007144,105452,1,4,-295,-869,20765.82,6579.5
1002469,200043,1,5,-373,-320,12677.2,1143.57
1004364,105302,1,11,-281,-358,5181.67,9214.91
1009273,100406,1,14,-117,-813,2462.2,3922.43
1001106,109941,1,9,-996,-146,2498.84,20170.53
1006568,107882,1,2,-106,-86,1502.91,13254.85
1002275,100594,1,6,-981,-634,24815.82,5608.04
1003672,201394,1,19,-418,-876,2082.19,7862.04
1008433,107675,1,21,-129,-764,35576.65,779.06
1000840,102946,1,12,-25,-115,4218.02,10302.1
1004931,109816,1,4,-496,-451,332.65,1342.11
1006208,201075,1,6,-852,-105,2208.11,1358.59
1007261,104821,1,15,-934,-985,20880.31,1685.06
1009141,106887,1,4,-533,-236,9574.41,10681.96
1009475,101850,1,2,-640,-613,3007.02,5122.64
1000952,107566,1,17,-120,-389,5682.42,13482.42
1002227,200566,1,23,-415,-926,3609.78,3107.57
1000775,201777,1,15,-176,-745,5955.41,540.59
1006323,107449,1,23,-290,-543,27346.38,17349.5
1007583,100960,1,17,-158,-846,2801.9,4441.87
1009719,104902,1,21,-415,-943,9543.96,1143.35
1008835,105932,1,12,-743,-630,6719.13,7236.47
1001771,102090,1,19,-926,-597,18565.62,2999.11
1001866,109893,1,5,-202,-304,3991.46,5503.0
1005583,100143,1,6,-415,-543,3083.84,340.24
1001766,107636,1,21,-666,-547,11224.73,7679.24
1002503,109147,1,3,-756,-588,9057.43,23617.07
1006983,109287,1,8,-576,-186,5930.89,4833.58
1008369,100817,1,7,-821,-718,11542.31,10627.47
1003565,108502,1,21,-581,-842,5414.69,5630.68
1003971,201329,1,19,-948,-891,8473.4,6727.89
1004951,107374,1,5,-619,-220,2967.29,7607.66
1007951,103198,1,3,-518,-670,17074.99,6128.85
1007014,104810,1,19,-146,-417,281.9,5706.09
1003328,200682,1,10,-736,-46,9605.66,18214.4
1003145,102582,1,6,-135,-958,2366.19,12028.69
1005947,108406,1,19,-837,-10,5665.97,13356.35
1001574,109263,1,12,-88,-532,17432.71,5257.51
1002243,101160,1,18,-423,-638,2509.4,15959.83
1009427,104164,1,11,-169,-879,11609.85,4728.27
1009939,200639,1,10,-727,-858,803.23,1253.65
1007174,106084,1,13,-396,-456,7246.25,2964.42
1006713,107931,1,20,-827,-337,35062.72,30741.25
1009355,106675,1,11,-109,-731,25730.93,2384.48
1001889,106342,1,8,-245,-15,3064.23,24403.16
1006107,104791,1,3,-159,-28,27368.23,724.76
1001003,200673,1,2,-853,-50,16346.23,31040.44
1009617,104689,1,7,-688,-68,25909.36,3762.35
1005718,109448,1,2,-285,-232,8345.18,17142.52
1008430,100204,1,1,-85,-232,9836.49,14733.59
1009961,105900,1,17,-315,-712,1232.78,14980.2
1004374,200108,1,9,-72,-369,9587.45,1109.86
1004871,102700,1,17,-973,-822,545.43,5825.49
1008009,102014,1,17,-440,-248,7733.19,2279.7
1003431,107653,1,23,-447,-123,4685.74,568.69
1009546,103316,1,23,-308,-736,22643.63,3351.39
1003595,101315,1,14,-765,-170,9825.88,10633.15
1008007,106273,1,5,-798,-164,2402.18,19021.7
1001013,106748,1,10,-866,-284,15566.13,2539.2
1001248,108736,1,2,-150,-796,2375.57,9966.06
1007886,100587,1,5,-545,-986,9734.75,6494.22
1002793,108346,1,8,-493,-522,12882.5,2234.22
1000850,201305,1,6,-149,-292,8435.02,19092.14
1005249,104693,1,23,-574,-218,7035.45,12756.37
1004469,109831,1,18,-825,-250,26562.87,13436.38
1001722,102839,1,18,-221,-154,10588.4,5222.06
1000125,201106,1,5,-785,-503,4311.13,1885.25
1000394,103660,1,6,-333,-676,5586.99,3057.33
1006642,200298,1,4,-874,-924,9976.1,5551.28
1005914,103732,1,7,-526,-628,11432.93,2794.47
1000582,101442,1,14,-195,-853,1410.77,20115.86
1000616,100835,1,12,-89,-970,18392.24,10217.39
1008611,201082,1,8,-540,-867,38380.82,12962.12
1003048,104764,1,11,-513,-813,37.48,30.56
1004808,105382,1,18,-702,-338,5816.12,38095.07
1009508,102813,1,14,-397,-837,2590.55,16181.41
1007631,103042,1,4,-642,-348,17552.08,6700.1
1009633,105628,1,3,-75,-606,6410.0,15028.91
1005141,101775,1,21,-835,-235,4327.43,15266.43
1000267,105715,1,16,-467,-115,34260.87,40729.32
1008406,106012,1,11,-290,-438,16612.19,8230.15
1007284,200701,1,10,-398,-870,28722.47,1085.94
1005349,102842,1,12,-178,-202,7263.32,13369.19
1001598,107965,1,14,-279,-558,3121.15,1442.78
1005646,100006,1,9,-351,-604,34504.93,5614.24
1008733,104200,1,9,-960,-284,17170.71,7595.38
1008848,100031,1,12,-189,-733,14986.11,2350.89
1004434,103556,1,4,-410,-914,21322.49,15714.96
1006812,103581,1,2,-485,-786,9725.45,6906.99
1009260,109708,1,11,-252,-664,13718.13,9892.18
1003011,107678,1,11,-482,-409,10647.38,399.99
1006960,104508,1,3,-350,-590,389.1,8916.14
1001455,107537,1,16,-836,-537,24223.6,3065.05
1006859,102051,1,7,-327,-81,132.73,11521.53
1005332,102050,1,19,-226,-750,13899.84,6508.72
1007458,104501,1,4,-308,-734,3067.93,2976.29
1007411,106748,1,22,-704,-624,17806.35,16476.15
1005340,200520,1,20,-358,-701,3428.0,2697.99
1008321,100167,1,16,-410,-251,1192.93,20748.29
1007677,109926,1,10,-217,-271,8411.7,12317.26
1004368,103413,1,21,-102,-206,21600.12,21850.42
1006123,109667,1,20,-399,-573,4124.24,16774.33
1000284,103755,1,21,-561,-463,15571.05,2078.83
1004481,103378,1,2,-816,-83,52587.62,11005.46
1004491,104277,1,19,-325,-640,10912.37,12979.45
1001965,107811,1,23,-71,-716,34976.07,3953.19
1003738,101513,1,23,-431,-516,6883.41,4950.72
1008739,101590,1,5,-481,-786,9504.45,9464.31
1004974,104054,1,23,-484,-730,11382.11,311.28
1006910,106543,1,14,-953,-831,26453.47,22402.02
1009992,107653,1,20,-811,-75,10756.45,8267.14
1007357,109147,1,5,-769,-718,3606.04,13525.23
1001141,109829,1,8,-752,-708,19552.17,16414.17
1001453,100280,1,20,-814,-188,708.55,1036.87
1009517,107935,1,23,-872,-377,1951.83,13443.46
1004849,100962,1,20,-589,-514,15015.84,17509.7
1006724,100784,1,5,-82,-352,18824.13,3417.14
1006653,106812,1,3,-953,-158,1885.75,6085.01
1001932,100813,1,2,-645,-522,3766.16,799.62
1003979,105755,1,4,-378,-701,2240.31,5665.71
1000233,102513,1,21,-28,-631,10289.4,36663.62
1001070,109652,1,14,-371,-162,2810.67,771.86
1009519,106457,1,14,-989,-142,6939.81,4074.82
1001372,102823,1,21,-711,-921,7581.26,1156.97
1004939,107695,1,9,-490,-849,30044.08,971.31
1000729,106566,1,16,-811,-812,1641.09,18054.91
1008127,100719,1,21,-732,-851,2361.92,10654.85
1009088,108061,1,13,-379,-117,9538.79,12957.93
1008047,104364,1,21,-547,-558,6595.18,1744.83
1007680,103941,1,3,-988,-907,6580.92,10322.5
1004226,108017,1,10,-788,-807,7838.29,1344.96
1000541,106535,1,3,-56,-184,17005.67,3022.61
1008447,102586,1,15,-201,-528,12831.21,2995.64
1008490,200768,1,3,-187,-993,2122.5,7160.27
1000543,200508,1,18,-903,-834,20434.94,7106.15
1009100,201818,1,7,-180,-252,13974.91,1177.92
1003896,105177,1,3,-754,-182,16132.81,38723.09
1008110,103187,1,11,-377,-27,8804.72,8299.57
1009516,200624,1,23,-667,-367,15773.09,10292.0
1008083,105654,1,9,-721,-512,5204.09,2577.87
1009885,109903,1,3,-829,-653,9283.07,14990.83
1008125,106017,1,7,-445,-480,37867.71,28154.08
1008579,107260,1,7,-627,-131,5507.58,60902.02
1008111,104406,1,5,-97,-916,232.16,29667.96
1007556,200004,1,6,-975,-467,4529.54,1971.15
1001634,108922,1,23,-11,-934,21741.82,3404.11
1003974,104741,1,3,-937,-766,9335.77,3195.47
1004253,201281,1,23,-621,-792,10392.64,728.32
1009117,102161,1,1,-824,-475,17040.4,4222.66
1002728,109975,1,2,-345,-258,11165.99,1837.12
1000389,107100,1,8,-414,-545,32582.58,6727.7
1005380,104434,1,20,-820,-558,3235.25,28709.66
1004687,109641,1,12,-405,-44,7632.73,1605.57
1004643,108046,1,5,-23,-801,14734.53,20047.08
1004609,106121,1,22,-867,-456,1294.29,15929.7
1003991,100827,1,11,-434,-126,8606.15,1621.08
1005069,103591,1,17,-377,-23,18797.8,14193.84
1008523,105586,1,3,-364,-997,2224.55,8888.51
1002248,108997,1,4,-573,-43,1733.2,8185.51
1007811,102500,1,6,-61,-494,6277.58,3710.08
1008574,109652,1,11,-995,-668,2901.64,19967.21
1009956,101040,1,12,-182,-785,8952.41,9122.54
1008617,102798,1,8,-602,-165,13191.95,22290.88
1005189,105216,1,11,-604,-983,5765.72,3344.65
1000336,102457,1,17,-591,-94,6734.17,903.56
1007164,200904,1,16,-909,-567,15803.09,2956.78
1000596,102627,1,20,-250,-191,17323.52,4710.46
1009024,104952,1,18,-958,-75,16135.17,1905.58
1009515,100047,1,19,-149,-87,2803.09,16339.37
1007198,100337,1,5,-556,-425,6817.36,703.79
1004492,103148,1,11,-807,-624,47575.7,13993.99
1003127,201266,1,19,-128,-795,3624.2,2077.47
1002676,101618,1,19,-961,-997,17116.5,1308.18
1005767,100803,1,21,-126,-457,8319.66,877.68
1006193,201678,1,18,-636,-526,13081.62,2702.21
1004264,102967,1,21,-833,-253,18998.83,4463.67
1002193,106599,1,10,-95,-159,8784.29,7224.71
1000497,102947,1,21,-937,-684,863.14,1151.59
1009121,103941,1,13,-11,-340,17124.47,16993.15
1008253,103972,1,14,-667,-717,26884.82,9021.16
1004369,100171,1,2,-439,-885,3005.84,3476.43
1001130,102622,1,18,-295,-694,2391.16,739.26
1005286,200337,1,15,-854,-989,12579.43,46218.99
1001775,103666,1,5,-363,-441,3676.44,5360.43
1003690,105487,1,16,-676,-945,15965.31,7062.62
1002107,106156,1,22,-660,-133,32105.45,3955.31
1004695,103568,1,23,-751,-406,3701.99,650.01
1008689,109209,1,23,-938,-520,29422.92,10127.93
1002148,104934,1,1,-20,-279,444.65,2266.96
1002494,107417,1,2,-489,-142,1837.4,4175.56
1000644,105281,1,12,-962,-825,6.35,3765.08
1009170,101481,1,15,-693,-160,4062.63,21705.6
1005958,103684,1,12,-767,-910,6873.95,15378.19
1006839,106147,1,8,-447,-936,24335.06,331.65
1008052,100206,1,11,-787,-487,780.9,27376.27
1007542,107450,1,14,-126,-963,17913.54,10618.44
1004205,201782,1,1,-275,-749,38437.48,1940.94
1005176,104773,1,20,-987,-367,14638.32,2076.81
1005778,105828,1,13,-350,-541,41020.06,5567.58
1006498,200302,1,7,-94,-440,2867.89,4836.05
1000665,103074,1,19,-863,-801,7568.65,28314.97
1000633,109248,1,7,-119,-501,7844.68,13772.88
1003272,108189,1,10,-476,-412,15542.69,27667.87
1007391,200975,1,17,-475,-831,16435.07,4189.09
1008133,102312,1,2,-179,-890,2205.39,21115.77
1007997,108343,1,12,-217,-157,2768.25,2506.32
1003635,102852,1,13,-130,-546,7030.13,2671.16
1009913,200160,1,14,-187,-586,22385.63,28152.53
1004743,200198,1,8,-82,-99,284.23,5399.6
1009835,200880,1,13,-957,-603,18494.42,7202.74
1003727,103874,1,16,-16,-170,724.63,1527.02
1008723,101238,1,15,-54,-875,4503.33,9073.21
1005910,105771,1,20,-689,-637,902.31,14790.41
1004924,101265,1,17,-890,-508,1735.3,10541.22
1002574,100181,1,17,-527,-273,5854.31,3152.96
1005471,104704,1,1,-208,-841,16263.58,60.13
1009639,100679,1,13,-136,-83,7656.31,9415.34
1000088,108057,1,4,-282,-306,14906.16,20622.14
1001230,101950,1,18,-938,-724,0.68,10115.89
1002257,108884,1,22,-999,-348,5598.95,8610.68
1009107,104563,1,17,-245,-269,1024.06,906.58
1006433,100525,1,14,-471,-487,4565.84,2187.54
1007107,105566,1,21,-644,-247,464.31,12827.78
1005038,200481,1,23,-144,-256,8135.23,7328.56
1001576,109006,1,13,-736,-875,415.59,8751.88
1004946,201798,1,14,-399,-807,9332.78,4494.14
1005847,104844,1,3,-905,-50,1703.13,2464.57
1007590,201382,1,13,-578,-429,5303.75,7187.08
1000641,106470,1,9,-380,-774,328.3,3614.7
1008152,103937,1,5,-780,-91,36375.19,21197.02
1008159,201975,1,20,-809,-148,15987.96,1217.27
1000878,101826,1,12,-265,-903,30.13,794.64
1009165,106318,1,5,-946,-187,6590.87,7308.31
1006339,102749,1,10,-316,-357,8682.32,41861.43
1009169,107567,1,6,-404,-307,10025.56,2953.22
1004904,105444,1,20,-906,-926,15718.0,36762.09
1000660,200202,1,21,-641,-294,5974.85,417.62
1003362,104766,1,3,-439,-756,11593.24,28149.85
1004373,108281,1,4,-179,-968,297.63,2473.54
1008074,104023,1,23,-362,-893,21715.69,17130.37
1008306,106128,1,3,-988,-458,13479.92,3831.1
1000456,104708,1,14,-883,-125,20664.12,4203.96
1005008,107026,1,5,-736,-594,5837.04,3273.9
1009059,109680,1,2,-218,-525,8833.23,7213.78
1004962,106060,1,6,-563,-228,22282.83,4971.03
1000373,201578,1,17,-725,-140,10424.46,219.82
1005868,104755,1,15,-812,-680,11366.76,19393.88
1008091,104988,1,12,-410,-966,103.83,24566.64
1007656,201377,1,18,-231,-579,14362.56,3766.03
1006168,100883,1,16,-960,-102,2289.24,4612.53
1003132,107372,1,16,-963,-446,274.18,12391.42
1004260,108307,1,14,-352,-809,2785.37,2972.83
1001280,102451,1,7,-658,-818,5454.44,10406.5
1000634,103013,1,9,-294,-310,5406.21,261.05
1006592,201023,1,21,-21,-804,3584.66,11569.11
1003857,109542,1,19,-818,-523,17373.25,10591.02
1004214,102441,1,8,-625,-112,18678.36,21367.94
1008641,109481,1,17,-148,-12,46348.95,10559.65
1000310,200389,1,8,-613,-632,3158.94,5400.43
1002014,102613,1,8,-575,-283,24028.68,14563.09
1001373,107017,1,23,-380,-916,7299.01,12371.28
1001760,106484,1,4,-616,-290,22176.08,4966.43
1007235,100162,1,1,-158,-678,6083.94,207.5
1006745,107690,1,18,-793,-15,7192.63,16010.94
1007866,109758,1,2,-296,-402,3371.51,2972.36
1005044,101598,1,14,-80,-954,4557.62,35643.59
1005152,201232,1,10,-807,-704,7542.52,2343.4
1008899,103973,1,6,-131,-378,2961.15,26370.77
1004533,109356,1,6,-651,-19,1171.31,3861.43
1000769,101268,1,12,-859,-612,575.26,2716.59
1006308,107150,1,9,-235,-761,5327.27,2929.35
1008900,105972,1,15,-813,-434,10147.13,262.94
1007481,109150,1,16,-844,-92,3680.51,8859.47
1007596,105474,1,3,-127,-187,7650.4,1139.6
1000485,100311,1,2,-165,-260,2147.78,28071.54
1003309,200855,1,8,-45,-679,1219.45,19497.45
1005084,108339,1,2,-881,-182,12484.39,17296.29
1009104,108155,1,17,-393,-822,13270.08,2975.93
1005168,105303,1,9,-864,-37,11688.23,11417.57
1002732,101339,1,11,-963,-523,8408.77,15903.87
1007661,109320,1,4,-771,-159,17588.52,8150.17
1000201,101028,1,4,-378,-696,4516.45,4411.36
1003619,106971,1,13,-71,-655,2155.49,14212.47
1007060,109205,1,15,-470,-704,8519.92,33714.7
1002532,103316,1,23,-466,-339,37352.84,6528.53
1009910,104066,1,12,-367,-992,6156.17,4685.06
1009070,102321,1,3,-599,-950,10017.5,16991.58
1008752,102121,1,7,-463,-92,11214.65,1464.99
1003075,104858,1,20,-155,-812,7007.92,21734.0
1004233,101005,1,15,-638,-412,3926.83,754.24
1003960,102859,1,13,-29,-914,7769.02,1483.7
1007303,109544,1,12,-127,-857,39927.32,4650.66
1000005,102380,1,5,-808,-282,15277.31,633.41
1006982,104021,1,17,-884,-830,1195.16,63369.08
1007973,102435,1,12,-61,-30,9890.68,6382.41
1007770,108070,1,17,-165,-830,8588.48,6296.66
1005173,105592,1,8,-405,-149,169.58,33930.4
1009895,105201,1,9,-505,-420,5090.66,3118.78
1006487,200037,1,21,-517,-44,9160.02,452.51
1002850,109393,1,16,-528,-390,7302.99,7214.46
1007043,101177,1,6,-855,-923,2941.32,3795.47
1001152,100250,1,23,-145,-516,8127.63,761.94
1008108,104966,1,1,-470,-985,767.26,2316.74
1006363,201462,1,3,-911,-512,787.49,3912.97
1007009,105584,1,18,-939,-515,6699.27,18539.53
1007624,200021,1,3,-296,-308,2890.31,20599.88
1009337,103492,1,21,-710,-681,32451.57,35097.19
1007892,200207,1,4,-881,-43,6371.42,2017.37
1008531,109895,1,1,-169,-712,1086.94,12543.59
1004690,201319,1,15,-27,-55,5843.76,2366.19
1000143,105908,1,6,-116,-150,7614.85,8440.77
1002987,104945,1,2,-563,-49,14025.99,16303.34
1005111,109174,1,9,-859,-973,538.92,12827.28
1009373,101401,1,20,-666,-107,7141.35,1206.63
1004094,102853,1,23,-580,-33,4126.22,32654.24
1006563,105693,1,3,-164,-879,17760.97,11294.14
1002726,109257,1,1,-186,-269,4517.29,9489.05
1009668,101336,1,15,-685,-971,34.82,3961.71
1002790,201671,1,13,-798,-395,4482.89,5205.21
1006072,104772,1,11,-880,-184,7468.29,901.32
1008773,108730,1,23,-695,-420,4198.96,3777.6
1005704,201150,1,3,-209,-919,2767.89,7891.07
1001105,201326,1,23,-140,-645,4610.31,1758.62
1003665,201727,1,16,-900,-445,1772.74,259.89
1008987,101888,1,15,-902,-822,13572.82,16511.07
1009014,103351,1,10,-661,-792,26765.35,3065.34
1002765,107868,1,4,-331,-869,4987.14,6217.72
1000472,106939,1,5,-589,-237,1213.67,975.58
1008012,102273,1,14,-678,-192,1792.49,151.9
1001266,108230,1,4,-376,-278,7470.84,9667.01
1007196,108426,1,17,-807,-128,40.17,23166.49
1006742,100186,1,2,-560,-488,1238.65,6719.33
1003441,102144,1,18,-190,-226,186.29,6387.41
1008476,104397,1,3,-306,-669,4274.6,6206.74
1004971,108539,1,13,-949,-192,6543.93,1732.9
1003391,201716,1,23,-558,-633,13050.79,20591.81
1005542,104609,1,19,-698,-146,5609.58,4143.9
1004270,107485,1,9,-129,-208,8455.92,4492.45
1008363,102351,1,14,-499,-383,8071.41,14842.11
1007749,104083,1,19,-662,-580,3642.35,13343.72
1009159,106975,1,19,-741,-322,14337.88,5768.97
1002392,106425,1,19,-692,-437,7618.99,13841.89
1002708,106823,1,14,-345,-754,472.51,1290.92
1006610,104547,1,11,-470,-682,1660.71,10897.9
1000251,106366,1,3,-461,-822,28489.83,4489.13
1009982,102427,1,21,-453,-742,4683.23,527.55
1005141,101775,1,13,-79,-830,27424.03,11542.04
1004224,100320,1,1,-801,-768,204.95,13840.93
1008178,101865,1,10,-433,-237,1788.98,5675.68
1001855,101102,1,10,-455,-663,152.57,18670.75
1003793,106863,1,12,-577,-214,1446.46,891.55
1009833,105274,1,3,-175,-398,187.02,4834.22
1004288,104277,1,16,-396,-220,4731.21,30.15
1002863,104014,1,20,-180,-386,14997.76,13001.22
1009509,101142,1,6,-351,-802,5127.31,5147.46
1009332,102712,1,22,-293,-875,9956.04,9037.55
1000859,109079,1,20,-251,-326,7571.26,6801.98
1006544,101574,1,12,-736,-752,494.31,3224.79
1003850,109875,1,12,-296,-719,5086.63,20827.82
1002156,100864,1,8,-923,-164,19311.3,4716.21
1009545,101472,1,5,-131,-232,6446.53,10885.02
1007049,108328,1,2,-950,-275,1393.38,1825.61
1008679,201153,1,21,-304,-409,6650.55,41092.26
1000446,101655,1,8,-329,-509,1705.06,15279.57
1007134,103274,1,23,-321,-139,10984.97,4058.56
1003517,101240,1,7,-366,-845,11891.22,8719.99
1000365,103912,1,4,-728,-599,6642.09,3620.66
1000770,102241,1,1,-157,-867,704.78,10421.89
1003561,200846,1,11,-587,-85,8728.88,4273.62
1000213,200412,1,3,-331,-149,508.48,7697.66
1008905,103100,1,6,-752,-247,2802.5,6440.78
1002392,106425,1,4,-130,-865,11314.24,35470.98
1007548,104340,1,2,-142,-262,12617.41,13940.27
1008037,107812,1,18,-690,-860,13251.38,24655.24
1001308,100487,1,3,-471,-705,2736.82,8282.99
1002033,109445,1,22,-46,-848,260.17,20225.91
1008951,109607,1,22,-779,-220,3426.79,602.76
1003477,109999,1,11,-359,-809,9914.56,1444.7
1006914,108734,1,5,-715,-392,25269.61,10932.62
1009796,109810,1,17,-227,-45,5358.3,672.97
1004488,102674,1,12,-941,-449,12639.19,17011.58
1001251,200709,1,13,-686,-157,5328.0,141.86
1002054,106960,1,19,-852,-201,3320.28,22004.46
1003213,108098,1,7,-721,-283,2236.45,10674.51
1004852,106410,1,9,-593,-309,23498.91,9240.93
1005627,102561,1,23,-728,-326,2286.41,3725.55
1003709,107145,1,20,-88,-701,1268.84,21078.97
1004716,109717,1,20,-580,-774,14662.49,2767.04
1005675,105595,1,12,-699,-104,6647.16,2242.79
1002369,107912,1,3,-609,-622,15307.59,10485.72
1008514,104923,1,14,-945,-775,3614.3,891.64
1009362,104497,1,12,-404,-528,45.12,24413.35
1002807,103382,1,4,-817,-421,2341.09,3214.72
1002537,104424,1,18,-808,-142,15552.56,23400.1
1002559,105869,1,22,-455,-188,4589.97,14198.87
1001815,107830,1,9,-662,-641,904.77,11304.04
1003314,201551,1,2,-662,-285,1981.92,13437.54
1001321,109563,1,2,-21,-338,1371.28,14974.79
1005902,102884,1,19,-662,-51,22274.49,137.18
1000561,103241,1,7,-792,-386,4918.24,2071.26
1004712,107109,1,12,-891,-191,28230.52,2912.61
1002858,100393,1,5,-683,-36,26011.37,22163.24
1001100,103865,1,4,-299,-964,7202.08,14687.11
1005275,201074,1,12,-454,-501,13870.54,35521.86
1008617,102798,1,19,-757,-32,6122.26,9574.81
1009691,105688,1,4,-66,-380,1760.94,3881.92
1005576,200109,1,11,-25,-69,28796.52,10177.2
1004437,102324,1,2,-940,-219,10282.53,7408.57
1009459,109785,1,23,-781,-216,15692.53,1514.08
1006514,107057,1,5,-694,-600,6429.32,132.84
1008407,107385,1,13,-787,-345,3054.81,3546.09
1007562,200173,1,19,-947,-875,1563.21,6775.56
1006295,107990,1,20,-851,-416,2769.43,925.21
1007078,104632,1,21,-708,-513,1504.04,5981.81
1009068,100360,1,6,-682,-179,8473.84,12175.94
1000964,108783,1,10,-405,-36,3354.47,3251.02
1009410,108052,1,15,-281,-33,65959.66,8393.04
1005160,103345,1,12,-113,-866,15214.33,14173.96
1009437,108924,1,20,-466,-234,3087.69,8330.44
1004664,108692,1,3,-549,-431,681.97,420.23
1001461,200752,1,21,-284,-992,4804.41,8656.27
1005448,201023,1,18,-453,-484,18922.18,5852.53
1004816,201125,1,8,-476,-188,3085.1,7263.16
1002997,100606,1,1,-675,-791,6190.11,8762.76
1006527,103804,1,23,-28,-397,13220.99,7796.39
1004905,108787,1,20,-999,-507,10777.38,15238.64
1001838,101895,1,11,-766,-348,5079.8,1221.85
1002352,201301,1,18,-592,-443,3532.42,44637.74
1000927,103271,1,6,-477,-192,8030.3,4083.8
1003449,108040,1,14,-999,-223,6716.44,1889.38
1007460,103019,1,22,-993,-321,35835.07,509.85
1004257,102750,1,10,-374,-623,657.29,708.71
1009394,105692,1,18,-458,-431,1071.74,20417.47
1008737,103545,1,20,-632,-807,5488.02,59907.77
1007381,100603,1,21,-901,-663,5484.86,883.75
1003785,103275,1,21,-740,-695,40855.76,11342.78
1001606,100245,1,23,-478,-651,4920.96,24689.38
1003470,100660,1,19,-516,-74,32971.58,139.23
1001685,102246,1,12,-678,-181,3422.84,40400.83
1008110,103187,1,4,-715,-142,61.81,8560.26
1007184,103802,1,1,-245,-77,146.08,14528.86
1007014,104810,1,3,-354,-546,10481.34,18262.48
1003068,109432,1,22,-709,-543,11994.99,2080.5
1001538,201633,1,6,-991,-588,30795.25,8766.34
1000530,103687,1,13,-926,-40,3477.76,13315.29
1006313,105805,1,2,-560,-776,5608.13,7290.86
1000764,107569,1,6,-432,-799,7379.95,599.84
1000777,100394,1,5,-220,-89,697.57,1377.24
1004209,109062,1,15,-271,-105,23698.18,13398.28
1005006,107436,1,9,-623,-845,11355.55,8494.39
1004105,103257,1,16,-231,-299,2183.61,873.94
1007894,109617,1,4,-913,-485,2765.48,6839.8
1004239,107152,1,11,-834,-26,8599.0,2423.76
1005604,106789,1,13,-428,-292,24536.28,1129.3
1008170,109183,1,12,-347,-56,10147.66,4586.3
1007982,103948,1,8,-152,-976,11891.0,8891.26
1000836,109585,1,6,-150,-882,4904.57,3242.89
1007928,200345,1,14,-431,-853,20025.65,8510.65
1007527,201100,1,20,-933,-933,1437.39,9393.3
1000368,101133,1,1,-871,-994,24161.11,1127.05
1009326,106213,1,1,-942,-307,17135.04,23758.68
1008560,104417,1,17,-350,-963,3164.83,8626.1
1007360,101548,1,10,-893,-763,559.78,2190.27
1009234,104984,1,9,-899,-22,11374.4,223.9
1006979,109537,1,13,-865,-219,20158.12,1580.18
1004325,108592,1,20,-956,-660,17798.77,50510.05
1002904,200935,1,7,-314,-166,1460.25,8907.78
1008764,105604,1,13,-33,-618,2158.42,10098.37
1004308,109857,1,10,-69,-99,8447.21,395.0
1007285,107001,1,15,-812,-417,8362.7,692.55
1003164,104280,1,16,-534,-955,3812.74,13100.25
1002660,107612,1,1,-135,-317,4739.1,14105.1
1000281,107943,1,23,-962,-143,2178.79,9522.84
1002452,108323,1,19,-476,-42,33355.9,11159.14
1001495,101658,1,6,-783,-954,6663.84,3443.77
1005065,104841,1,19,-451,-870,34.95,38425.35
1001280,102451,1,7,-684,-814,24.73,16177.74
1004860,200413,1,16,-722,-498,9211.83,973.44
1005631,201602,1,5,-839,-262,15588.5,65531.14
1003683,201091,1,22,-506,-688,3580.29,5763.73
1003863,200779,1,3,-791,-240,828.01,1067.02
1003216,107224,1,14,-150,-423,18101.63,18196.95
1004184,101609,1,6,-214,-651,2213.6,1647.82
1001854,108906,1,18,-462,-368,11729.33,1302.15
1006800,101011,1,16,-351,-306,16236.18,1541.2
1005186,102985,1,11,-152,-339,6769.47,24014.08
1004900,201340,1,5,-727,-727,29319.11,46.47
1008803,100024,1,15,-554,-802,6746.31,36949.1
1001932,100813,1,7,-865,-204,8710.64,11287.4
1003966,104344,1,12,-847,-878,17932.25,18868.48
1002681,102727,1,15,-300,-480,29017.85,55952.27
1007926,200258,1,13,-67,-718,4838.6,4487.32
1005456,100208,1,8,-141,-681,2043.12,4692.3
1002652,105957,1,4,-962,-132,14101.26,1388.32
1005207,201072,1,20,-477,-413,681.74,26423.84
1005256,104996,1,23,-589,-596,4896.89,6759.18
1004503,106056,1,17,-921,-994,202.84,49632.95
1004782,105816,1,5,-664,-932,17753.25,602.31
1002332,104109,1,10,-585,-603,27917.9,5497.52
1005763,200652,1,15,-658,-223,16198.18,1066.55
1001321,109563,1,5,-828,-500,8215.52,6483.19
1001950,109230,1,15,-761,-294,13621.22,2290.42
1000819,107184,1,13,-511,-752,9792.14,20698.3
1009021,107014,1,18,-470,-106,2989.97,7465.72
1006035,102927,1,3,-126,-252,9575.14,20650.31
1009340,108338,1,4,-604,-445,1542.68,869.05
1001786,102147,1,15,-290,-285,617.7,7219.06
1004335,101080,1,6,-638,-561,4309.13,5269.89
1002126,201922,1,7,-757,-282,2945.69,18112.98
1009410,108052,1,6,-657,-724,1164.9,10061.4
1006656,107257,1,17,-770,-513,9045.71,28224.3
1001946,104767,1,21,-125,-279,8180.41,7424.61
1001493,200566,1,8,-783,-965,14390.38,49162.1
1002303,105284,1,21,-751,-963,16922.13,6479.16
1006844,105964,1,1,-288,-398,9520.99,5806.54
1002908,107497,1,1,-836,-894,5570.74,3402.11
1001392,201082,1,10,-367,-439,34370.42,1813.96
1007263,102167,1,7,-864,-282,20096.7,4301.52
1001767,201204,1,6,-918,-258,6109.87,7096.56
1002476,101886,1,19,-156,-100,17085.3,13319.99
1001434,104678,1,15,-537,-467,32213.67,11592.0
1004996,105891,1,14,-536,-218,3536.8,6006.44
1004099,108364,1,21,-561,-115,1429.58,9670.56
1002971,201600,1,7,-285,-791,1306.35,613.62
1007941,104964,1,7,-890,-390,4430.8,3479.66
1005693,201527,1,19,-877,-629,1004.85,2319.95
1006767,201547,1,22,-123,-221,16891.79,14138.29
1003691,200363,1,18,-559,-923,17336.52,16891.16
1003840,107845,1,12,-642,-803,7934.51,218.9
1000902,109200,1,1,-689,-561,459.72,72685.89
1006330,109342,1,8,-735,-387,13874.48,5128.63
1004509,106440,1,2,-215,-696,3226.65,11892.92
1007394,108015,1,1,-503,-607,1527.55,6006.51
1007237,109634,1,3,-377,-625,20038.91,13975.97
1008084,201209,1,20,-303,-370,483.14,6594.33
1004398,100631,1,8,-199,-361,1618.69,7316.08
1003669,101204,1,7,-731,-683,11612.57,272.06
1009438,104439,1,15,-728,-142,2141.83,2221.71
1006145,102824,1,22,-370,-255,5875.59,7313.56
1008977,105330,1,13,-121,-161,2720.53,1506.35
1006281,201114,1,4,-353,-492,27058.37,26392.93
1009335,107615,1,23,-977,-599,3598.34,5129.11
1003090,109654,1,11,-515,-532,4403.5,12211.19
1005938,100286,1,11,-582,-841,8003.45,3356.47
1009160,106129,1,8,-973,-460,12396.99,8650.16
1008527,201396,1,5,-877,-123,9657.2,6234.71
1005363,100165,1,3,-418,-869,4017.35,869.67
1007931,104939,1,22,-577,-313,14753.71,3550.84
1009044,200003,1,1,-659,-942,2320.96,8276.62
1008344,108179,1,16,-965,-689,6937.94,6401.9
1009836,100119,1,5,-503,-834,1483.49,23698.64
1000518,109221,1,19,-49,-43,568.62,14991.93
1002050,101353,1,13,-512,-593,1465.44,3264.3
1004325,108592,1,3,-279,-908,815.56,6638.39
1004477,105533,1,3,-919,-516,2147.71,1249.61
1007193,106221,1,20,-78,-413,35253.89,81.25
1003613,106660,1,12,-892,-301,44092.39,9985.37
1003718,201632,1,4,-956,-558,2184.39,6015.52
1004548,100980,1,13,-658,-126,1230.23,10572.0
1006895,100361,1,23,-291,-532,30285.18,3015.58
1008210,200368,1,17,-657,-701,6111.92,19910.28
1002866,107068,1,2,-60,-416,8339.88,179.81
1009592,103832,1,20,-481,-301,722.25,67.07
1005914,103732,1,21,-561,-951,20162.12,11112.82
1009091,107817,1,19,-499,-97,14929.77,12451.99
1009862,100476,1,17,-580,-813,1304.6,7617.77
1000183,103443,1,19,-501,-256,1544.99,3719.7
1006659,109733,1,10,-583,-451,7442.57,1321.46
1000440,200661,1,20,-129,-530,1561.25,157.52
1004157,105870,1,1,-525,-788,7408.24,304.85
1004894,104448,1,4,-268,-139,10101.52,16417.68
1000648,103424,1,6,-675,-792,12077.31,3380.28
1003028,108077,1,13,-93,-385,4012.54,12715.13
1009846,101994,1,9,-618,-288,15584.54,3113.01
1004413,109169,1,15,-715,-357,6387.83,5690.12
1007710,100335,1,15,-326,-791,6996.26,2947.31
1008017,105235,1,3,-131,-813,13657.22,3605.47
1001521,104325,1,8,-795,-436,888.07,1022.84
1004034,200198,1,4,-691,-112,20739.46,5155.97
1005375,102591,1,8,-472,-430,2969.28,15134.54
1009420,102508,1,12,-143,-770,25246.79,2396.66
1002121,109222,1,18,-677,-401,10238.27,3595.64
1005648,103591,1,8,-468,-597,6605.58,35254.38
1006962,200052,1,14,-297,-935,3690.24,37853.06
1007559,200324,1,23,-565,-972,1033.55,328.53
1002639,200996,1,4,-680,-841,2853.15,9894.09
1004794,200782,1,2,-47,-740,13141.77,8787.92
1008839,100692,1,5,-906,-788,7021.79,923.79
1004474,102232,1,5,-478,-490,30333.67,7278.4
1002037,100127,1,3,-913,-534,16231.19,817.96
1001178,100615,1,15,-355,-430,21742.26,1341.19
1006466,104751,1,16,-333,-993,3977.35,3786.71
1008584,104223,1,8,-511,-213,113.91,4324.0
1005446,201944,1,1,-106,-984,5174.97,12350.31
1002529,200325,1,15,-784,-404,1961.58,13224.39
1001078,103131,1,6,-763,-955,3081.22,9854.09
1009220,108294,1,21,-694,-450,22614.0,8149.98
1008466,103687,1,8,-892,-945,6109.39,8885.58
1003689,108058,1,22,-328,-627,7799.35,1570.06
1000106,108599,1,21,-796,-975,7260.1,2130.64
1006347,103802,1,19,-790,-721,12274.87,10830.57
1008368,102852,1,20,-855,-745,19048.12,2673.88
1005353,103318,1,18,-37,-270,22432.07,9594.67
1004041,200610,1,2,-505,-80,31075.58,35041.67
1005479,105871,1,20,-122,-137,1422.04,1473.34
1009137,107642,1,17,-359,-187,49572.02,36588.03
1006064,103117,1,11,-708,-493,7848.9,8502.33
1009355,106675,1,5,-713,-677,1245.37,17765.98
1008441,101625,1,21,-902,-248,1062.05,2359.78
1000219,109085,1,17,-38,-908,1607.96,526.23
1007195,200520,1,6,-195,-49,11515.68,37743.65
1007190,102808,1,19,-747,-975,7589.54,223.05
1004499,100165,1,17,-719,-886,1463.32,48304.15
1006719,101464,1,8,-70,-41,1413.83,8332.4
1004801,101845,1,16,-524,-310,6067.53,33285.73
1008952,105637,1,13,-446,-985,559.33,21725.19
1004361,103829,1,11,-514,-717,7028.98,6676.67
1004049,109231,1,10,-43,-222,12662.47,3398.27
1003769,201460,1,3,-388,-991,716.85,44489.94
1001892,103982,1,18,-828,-523,2656.77,8987.56
1003464,109539,1,12,-191,-414,17284.2,4964.5
1004689,104000,1,17,-15,-399,13967.62,16703.56
1008901,102591,1,20,-88,-121,26353.19,1729.79
1004157,105870,1,17,-775,-520,3607.94,6709.89
1006732,105224,1,18,-396,-589,4539.59,14057.04
1003472,109298,1,4,-31,-395,19653.61,18306.84
1008096,108562,1,21,-134,-476,237.88,17487.35
1006661,104611,1,4,-685,-507,4872.85,7290.98
1002489,102227,1,4,-480,-94,10343.49,1234.7
1003398,100386,1,1,-435,-42,3629.14,7081.83
1000700,105195,1,23,-181,-866,4523.37,5231.65
1001877,105520,1,16,-834,-119,482.83,8519.53
1008157,101333,1,17,-569,-947,17441.31,1968.62
1008494,109696,1,7,-874,-802,1864.01,28986.09
1009521,106190,1,17,-907,-410,6690.14,2126.85
1007044,100191,1,3,-877,-831,11089.02,1830.69
1007318,107366,1,12,-183,-604,6085.94,3734.1
1002402,106980,1,1,-482,-413,15262.77,52773.47
1008478,200707,1,7,-793,-861,16640.16,13697.59
1003516,105925,1,23,-339,-313,33423.37,1822.44
1007261,104821,1,23,-138,-507,4398.81,28184.89
1003518,108704,1,19,-557,-803,4400.61,13278.99
1004695,103568,1,18,-200,-892,4680.29,1778.74
1008042,104442,1,4,-800,-868,20942.33,4867.11
1008583,102788,1,19,-756,-485,1661.95,1841.75
1008069,103630,1,3,-529,-684,7965.17,2098.74
1006921,201900,1,4,-93,-306,15091.39,2771.78
1000490,101719,1,9,-224,-350,13127.83,7089.42
1008565,201861,1,2,-728,-85,17644.01,8738.44
1006764,100195,1,23,-459,-104,9166.35,44520.9
1001125,104895,1,2,-721,-391,19629.26,8863.72
1003631,106837,1,22,-412,-622,1436.79,701.5
1001213,105108,1,16,-132,-781,19045.92,5089.64
1006633,100634,1,22,-453,-487,23206.45,11495.13
1002618,104814,1,7,-20,-503,15609.33,22906.35
1008697,108459,1,15,-985,-968,458.56,4205.09
1006455,102015,1,12,-246,-312,10021.78,1029.51
1004178,103774,1,2,-548,-517,46014.3,31267.58
1001762,101887,1,6,-518,-923,2042.62,4020.44
1007967,101142,1,11,-912,-490,18176.78,1879.43
1002438,108544,1,18,-111,-444,652.65,13319.64
1007715,201185,1,19,-240,-492,16946.38,13217.59
1006714,100215,1,22,-644,-823,3545.84,4103.77
1004404,104599,1,14,-831,-360,3187.1,3748.33
1009002,106246,1,18,-998,-900,12429.61,5148.14
1008507,107828,1,17,-502,-833,42656.85,30679.53
1009953,104216,1,13,-333,-528,11639.13,288.48
1009201,103446,1,18,-819,-769,2678.98,21782.83
1007215,103198,1,7,-518,-274,12729.08,9386.99
1006288,104034,1,2,-620,-194,4415.8,9324.71
1005666,104147,1,1,-43,-312,1660.98,29397.96
1007116,107173,1,12,-764,-232,249.28,7044.47
1005166,100088,1,20,-36,-189,3498.77,22060.2
1006458,105867,1,21,-545,-738,14131.11,8513.36
1003238,101883,1,22,-135,-751,55567.85,2805.14
1002586,105336,1,18,-316,-752,4390.49,4830.07
1005573,105190,1,14,-146,-87,1745.56,3720.16
1004559,106295,1,22,-971,-707,1296.98,6630.97
1009399,107735,1,8,-600,-271,22954.33,12929.93
1007540,200140,1,17,-905,-477,30678.79,1317.64
1004924,101265,1,21,-941,-424,1373.43,14957.61
1006454,103611,1,5,-829,-782,4151.87,2351.25
1000163,201464,1,3,-127,-174,3144.28,658.68
1003463,107924,1,2,-697,-46,11101.59,4508.47
1004150,100456,1,23,-381,-77,1413.67,8262.54
1009506,103862,1,14,-257,-24,1708.6,2807.26
1002226,107159,1,20,-415,-746,6569.43,3128.19
1004643,108046,1,10,-524,-39,7467.93,3895.72
1006366,200230,1,12,-280,-435,2990.83,11811.32
1005492,108541,1,5,-771,-451,786.71,15156.72
1008842,105065,1,8,-222,-929,5316.97,6045.26
1005397,107443,1,5,-317,-736,15652.95,19013.79
1004734,201685,1,8,-186,-930,2457.62,2920.5
1000187,107761,1,11,-253,-271,18368.19,3011.33
1007326,100048,1,21,-281,-320,24896.98,6348.39
1006513,107606,1,17,-837,-369,5970.26,20358.08
1009405,200291,1,17,-481,-874,968.0,529.4
1005863,105857,1,21,-841,-10,10395.73,30846.99
1006233,201040,1,9,-459,-577,10184.22,850.69
1009646,200498,1,9,-192,-132,10698.28,765.59
1009260,109708,1,2,-600,-566,8246.28,6818.63
1009144,104876,1,8,-803,-463,3788.53,9395.11
1004281,107462,1,18,-455,-302,10313.42,12995.12
1005076,109893,1,7,-260,-981,10728.29,26962.28
1007050,107461,1,7,-752,-810,16589.45,3975.28
1005408,109588,1,21,-369,-122,7758.04,11140.32
1002848,200031,1,6,-869,-54,12289.67,891.98
1005301,109047,1,19,-460,-433,8924.92,8217.71
1000935,103994,1,5,-653,-905,827.04,1443.83
1003923,105435,1,5,-546,-827,10559.53,15543.92
1008079,200488,1,13,-374,-643,125.4,5919.2
1002312,108645,1,10,-216,-594,1981.82,10748.25
1008408,104661,1,23,-741,-609,3177.27,38857.25
1009665,107558,1,13,-645,-79,3625.93,1768.67
1004453,102453,1,23,-939,-28,2731.75,1018.33
1004663,104445,1,17,-816,-955,2617.04,33513.0
1002602,100390,1,5,-464,-185,15008.45,7543.11
1006213,108832,1,22,-667,-689,13482.2,12111.94
1003017,103571,1,16,-258,-386,470.64,6302.62
1008628,109648,1,21,-988,-140,11278.65,5998.42
1004018,100503,1,3,-95,-954,883.1,7114.89
1004208,109127,1,11,-421,-100,528.33,4438.9
1008664,107678,1,22,-550,-853,2552.31,4881.74
1008666,201943,1,13,-42,-447,2054.38,11752.74
1007544,105337,1,3,-735,-408,9099.0,13161.61
1009333,109706,1,23,-909,-951,14446.84,634.32
1009284,101681,1,9,-498,-614,1880.39,8987.31
1007903,108542,1,9,-979,-139,4490.58,10304.82
1006057,201611,1,19,-487,-646,6245.34,4945.99
1001941,201978,1,20,-228,-509,12323.13,5829.08
1000348,107679,1,1,-521,-132,646.95,17847.58
1009309,108525,1,8,-833,-376,16589.32,27773.92
1005741,105069,1,22,-726,-224,7432.53,4769.13
1007183,200197,1,6,-69,-375,4823.1,4526.51
1007043,101177,1,22,-341,-92,678.62,8465.09
1004405,103372,1,21,-380,-909,10098.29,1162.75
1006009,104709,1,17,-256,-245,5548.74,7659.67
1001573,100792,1,22,-267,-969,21404.58,1292.17
1001215,100794,1,23,-75,-463,3425.92,17644.23
1009482,104470,1,10,-752,-322,8450.58,7311.07
1006426,102632,1,7,-469,-90,115.17,9354.5
1006605,107529,1,21,-199,-353,8132.04,47267.88
1005644,104600,1,18,-85,-381,27122.62,7167.03
1009423,100690,1,23,-713,-647,4622.54,9214.74
1009261,108904,1,1,-49,-535,5078.57,10584.02
1003315,101428,1,4,-383,-480,10772.6,2441.09
1000624,101955,1,7,-301,-396,9075.66,4468.42
1009100,201818,1,8,-247,-766,754.51,21548.66
1000498,103573,1,17,-955,-658,2101.61,1777.27
1001894,109963,1,23,-603,-720,36674.26,24927.11
1000594,100581,1,11,-95,-315,17228.98,15804.03
1008806,107553,1,16,-196,-666,12166.75,4380.05
1001509,102836,1,14,-193,-15,6501.89,9542.48
1005589,103063,1,3,-454,-635,7831.79,4316.62
1001362,201366,1,11,-32,-231,5478.39,7480.61
1009797,106070,1,11,-159,-100,4583.75,6776.43
1000226,100810,1,22,-914,-625,17121.37,12419.37
1009806,107738,1,17,-670,-954,12025.5,17047.64
1004753,201928,1,23,-267,-262,3480.79,17514.66
1007557,107543,1,18,-406,-373,3343.11,367.94
1003535,103569,1,7,-62,-844,3087.74,16884.68
1008091,104988,1,17,-525,-155,8611.43,11994.36
1001492,106226,1,5,-789,-628,1554.99,10654.47
1001244,102193,1,11,-391,-855,3870.64,16389.91
1004101,109961,1,23,-33,-292,16269.72,11991.38
1008205,107240,1,2,-173,-191,4989.19,54503.14
1007060,109205,1,13,-840,-496,2472.97,28014.28
1000042,108572,1,18,-140,-991,33735.2,4209.11
1002380,100622,1,8,-930,-619,2348.04,47421.4
1005633,101550,1,13,-977,-367,4235.85,4021.19
1007149,109265,1,12,-32,-424,4071.96,9571.47
1009857,108086,1,10,-199,-966,22358.43,11146.69
1008511,104812,1,3,-977,-510,3731.17,17428.56
1000156,104029,1,20,-760,-805,5528.99,12895.16
1003014,108414,1,13,-897,-136,12813.13,5753.52
1005211,109607,1,18,-747,-541,9459.45,6515.6
1009300,105628,1,4,-457,-354,7619.38,2979.72
1006845,106190,1,18,-957,-945,13343.58,2414.34
1005478,101586,1,21,-802,-365,1445.51,2604.65
1009906,106999,1,9,-171,-672,7442.52,3696.94
1009641,108581,1,9,-189,-565,6512.14,7987.45
1006803,100438,1,13,-697,-631,14207.64,11793.34
1004337,103556,1,4,-253,-701,1508.24,383.62
1009425,101061,1,20,-904,-901,2722.48,7123.32
1009163,100260,1,7,-439,-810,6088.17,13136.1
1007411,106748,1,5,-995,-888,8690.03,27924.75
1002465,105420,1,7,-506,-769,1188.69,7303.37
1001150,201610,1,17,-610,-681,1284.99,6779.64
1005056,109890,1,12,-929,-466,8287.14,2561.77
1008032,200813,1,19,-119,-121,7599.33,25305.99
1002420,101633,1,20,-558,-858,12320.92,2926.89
1001003,200673,1,1,-294,-551,5147.46,4256.81
1004069,109521,1,3,-487,-807,7667.11,30835.23
1001273,102978,1,10,-760,-697,23553.88,201.65
1001578,101803,1,20,-313,-112,2278.32,8966.42
1007108,102298,1,15,-12,-238,21048.35,3277.1
1000732,105279,1,7,-704,-859,33876.22,5673.08
1000542,103184,1,13,-912,-233,1154.38,303.83
1005612,108368,1,14,-56,-122,11510.46,3391.62
1008326,108125,1,21,-95,-35,20987.05,3452.34
1001682,105949,1,19,-314,-903,26053.23,7438.85
1004257,102750,1,3,-927,-717,12361.77,10819.63
1007000,107256,1,20,-866,-17,2004.36,5759.43
1003487,109709,1,7,-753,-762,11146.01,2124.75
1009080,105355,1,20,-937,-268,2342.78,4942.64
1006028,103020,1,11,-615,-449,7766.75,10054.02
1000574,104104,1,12,-287,-779,8539.33,20502.56
1000846,102690,1,19,-256,-110,13266.12,5342.01
1005277,100313,1,15,-949,-900,10632.01,31994.23
1000606,108832,1,5,-515,-841,3925.53,9931.39
1003719,100293,1,13,-642,-88,4926.86,9923.48
1005926,104419,1,9,-812,-358,7622.87,458.68
1004902,102499,1,21,-310,-356,5968.17,189.95
1003581,105956,1,20,-204,-221,21706.65,32852.89
1000172,104413,1,15,-269,-58,2936.35,3892.01
1005254,101207,1,17,-718,-430,6268.0,2998.52
1002005,102291,1,18,-56,-81,71.35,4242.02
1005563,200943,1,4,-558,-548,10538.05,9695.71
1008320,109759,1,18,-492,-93,17611.94,15789.72
1000623,108162,1,19,-909,-73,26861.85,25019.96
1001691,105961,1,9,-495,-31,10279.49,2378.68
1000776,107853,1,20,-91,-315,22573.54,4279.3
1000689,105541,1,6,-960,-589,12045.28,634.89
1001285,107195,1,22,-424,-660,9047.15,7646.18
1009549,104289,1,1,-673,-815,498.65,19606.32
1002276,108842,1,2,-54,-957,10381.45,16146.55
1007458,104501,1,16,-115,-294,25474.31,13906.74
1009693,101073,1,3,-971,-391,6638.77,11161.94
1007118,106983,1,10,-887,-204,2701.22,9871.49
1004746,105242,1,6,-832,-840,6297.67,3905.55
1009722,103406,1,22,-995,-567,8637.51,3562.56
1003272,108189,1,12,-791,-942,20913.45,4316.21
1009778,102081,1,10,-643,-358,16521.38,10353.34
1001022,201780,1,7,-347,-670,6406.59,7754.63
1004606,106485,1,10,-534,-42,1510.43,7072.04
1003572,103810,1,17,-888,-532,27861.88,23986.59
1000540,105322,1,12,-759,-632,1339.38,2442.78
1005842,101053,1,2,-857,-765,1285.36,13491.17
1000449,109539,1,23,-231,-449,3046.38,7723.14
1001995,105241,1,21,-418,-161,6353.37,6054.95
1002475,201573,1,16,-308,-587,14496.69,10909.1
1008013,201533,1,8,-683,-19,10327.75,10344.35
1008009,102014,1,12,-483,-149,3869.73,481.52
1000068,108589,1,15,-802,-226,1022.5,17704.65
1009928,102536,1,15,-689,-325,8744.23,17277.54
1000212,108648,1,22,-806,-291,3649.55,6481.08
1009365,105411,1,11,-301,-727,11853.6,9864.64
1002688,100595,1,22,-319,-125,1562.85,6754.5
1005834,108466,1,16,-673,-247,27395.13,5742.51
1000889,108621,1,5,-296,-533,21671.29,11651.42
1005818,108807,1,4,-855,-252,7847.56,8934.62
1002075,105014,1,17,-586,-174,11206.84,8178.99
1003397,101630,1,21,-461,-201,19856.55,11535.43
1008796,101893,1,8,-706,-298,5148.47,13827.44
1008344,108179,1,14,-564,-667,12205.25,2228.76
1005395,200630,1,14,-364,-559,13999.84,33105.22
1009900,106040,1,11,-107,-269,3843.66,7961.21
1000266,101741,1,11,-707,-23,5620.52,70917.12
1004011,200349,1,17,-737,-256,638.6,15168.97
1001399,106413,1,2,-677,-433,27216.43,9234.41
1004227,201610,1,17,-905,-574,5674.17,3989.16
1002514,109149,1,16,-764,-434,320.43,10767.45
1000330,200112,1,9,-337,-88,99.35,452.96
1000549,104697,1,12,-801,-374,302.7,5380.86
1004636,108699,1,1,-654,-107,1739.15,4955.46
1006188,104954,1,11,-92,-721,5316.89,65692.82
1001399,106413,1,9,-858,-437,4647.14,4136.66
1009566,104288,1,1,-692,-600,885.48,23218.7
1006419,100807,1,19,-184,-387,2007.97,36258.29
1008751,107312,1,11,-940,-448,1820.88,45301.75
1009893,200791,1,16,-587,-923,3301.94,32295.31
1009742,109243,1,22,-66,-67,6260.1,210.35
1009538,100980,1,15,-496,-453,1881.72,60232.82
1005014,104161,1,15,-897,-129,4956.87,13376.87
1006352,102162,1,2,-401,-821,2417.33,26600.53
1009009,107443,1,13,-394,-747,8521.96,27855.92
1009840,100689,1,11,-347,-443,279.27,9194.02
1006978,106852,1,5,-344,-48,1656.39,24685.88
1000157,105218,1,2,-775,-45,11597.28,20328.6
1001459,106827,1,9,-971,-164,5677.81,1058.49
1005175,200209,1,7,-791,-295,5123.53,5612.92
1005590,105219,1,7,-455,-703,685.18,2091.02
1008713,200625,1,20,-816,-869,10632.17,9626.44
1001871,105202,1,12,-454,-96,7131.38,7259.72
1007973,102435,1,8,-684,-838,905.43,6596.3
1007144,105452,1,14,-733,-881,4444.44,11850.25
1004932,104758,1,8,-833,-744,6677.86,2535.12
1008655,105886,1,16,-881,-313,11277.47,3686.21
1000514,108954,1,18,-20,-762,4172.28,5892.54
1002787,105835,1,5,-535,-343,4279.33,6324.53
1004349,109424,1,9,-660,-496,4454.37,3213.68
1000765,103045,1,22,-10,-247,14869.1,5948.97
1005787,200260,1,10,-75,-955,23850.66,920.12
1006539,104366,1,21,-889,-967,9059.18,531.0
1003054,107229,1,5,-992,-933,4344.94,18135.04
1000739,105689,1,5,-104,-531,582.92,29340.68
1005942,103376,1,4,-957,-759,31924.69,6235.8
1002054,106960,1,1,-826,-736,14761.15,25740.56
1009670,200831,1,3,-582,-138,1522.07,10327.54
1007426,201302,1,7,-687,-10,7654.91,6244.29
1007499,200507,1,19,-456,-572,20038.03,30087.18
1001125,104895,1,14,-842,-105,9916.1,57.38
1004229,102045,1,13,-840,-482,7433.84,6865.93
1002989,103887,1,17,-705,-823,12993.44,9318.25
1000212,108648,1,6,-203,-427,471.46,9984.77
1000481,201188,1,14,-400,-368,1739.04,8876.87
1007706,107387,1,1,-311,-422,1210.21,14253.23
1004916,102802,1,7,-976,-535,10903.42,15635.43
1009753,200068,1,6,-129,-963,21357.3,27233.17
1003115,102442,1,18,-887,-926,43655.72,1900.57
1006412,104600,1,8,-730,-191,19334.12,11454.3
1003590,106589,1,6,-17,-490,9668.81,3287.68
1009285,107144,1,5,-381,-563,2067.5,16318.53
1007130,100639,1,15,-254,-365,362.96,11994.08
1009326,106213,1,13,-98,-930,45431.72,6654.77
1000730,100481,1,4,-315,-666,835.43,292.57
1006415,107196,1,5,-687,-837,6312.41,11849.37
1001418,102077,1,2,-535,-585,10124.76,6013.51
1007352,101120,1,3,-741,-73,2051.57,1661.15
1009113,102499,1,6,-886,-530,8657.03,24628.24
1002351,108023,1,22,-824,-757,9611.5,23356.36
1009176,200761,1,22,-738,-897,22800.08,21044.64
1009011,105176,1,10,-142,-578,4950.99,6632.36
1008488,107475,1,6,-37,-426,1951.46,24652.16
1008252,105158,1,12,-272,-80,12273.02,3805.41
1006819,106709,1,22,-814,-573,1906.85,17435.66
1005334,107677,1,21,-970,-444,4592.8,7928.48
1000537,200454,1,12,-36,-504,28664.3,9302.1
1000934,101117,1,6,-933,-738,110.68,41471.09
1009208,101801,1,3,-166,-357,18872.3,4196.75
1008353,101193,1,18,-392,-988,6248.6,1171.08
1006126,104206,1,10,-835,-50,13504.2,4260.71
1004760,104339,1,3,-281,-345,31831.45,15268.31
1009595,107631,1,14,-205,-512,6887.23,8579.16
1000215,101744,1,6,-909,-378,25005.54,1621.06
1000821,103130,1,4,-86,-650,1519.31,29503.59
1002308,201930,1,5,-730,-33,21811.41,1623.72
1003527,106642,1,1,-833,-984,16342.48,2068.45
1007980,103620,1,7,-338,-53,445.75,2310.72
1008181,107146,1,7,-51,-152,4384.74,94.64
1004233,101005,1,19,-802,-497,10059.68,5278.13
1004791,109279,1,17,-61,-524,1199.95,35908.79
1001762,101887,1,14,-700,-248,371.87,715.38
1003487,109709,1,9,-298,-216,12116.99,6130.22
1002317,105956,1,15,-604,-499,2474.5,8020.54
1001880,105920,1,16,-263,-525,23846.87,1655.19
1000063,109033,1,17,-407,-550,6629.25,6539.67
1006063,104375,1,6,-252,-287,1360.53,2354.82
1005669,108166,1,13,-887,-350,19039.63,5883.78
1008647,107614,1,2,-272,-571,21.78,6086.51
1005180,105062,1,2,-731,-159,5854.44,18032.78
1007689,200404,1,2,-821,-89,43670.92,1517.4
1007595,100875,1,12,-270,-592,2175.24,436.74
1006169,201431,1,12,-850,-39,7206.78,4671.97
1004628,100489,1,14,-737,-772,38089.52,9593.71
1004879,104097,1,6,-312,-219,12131.15,1291.92
1009605,200354,1,17,-300,-661,51440.68,6623.27
1001965,107811,1,19,-79,-536,18241.34,6882.98
1009122,105441,1,14,-625,-688,39805.26,6257.33
1004987,109557,1,5,-646,-229,10632.29,14952.51
1002437,104022,1,23,-942,-967,6321.77,28136.61
1006108,104147,1,17,-434,-286,1522.26,16490.99
1002615,100214,1,18,-958,-520,26103.28,1571.36
1007385,104968,1,5,-350,-52,3515.94,1658.54
1002347,101441,1,20,-416,-669,11183.9,12134.9
1000180,105851,1,8,-189,-394,945.81,12700.18
1005445,109194,1,6,-669,-262,3858.07,9254.95
1003998,106528,1,3,-78,-321,986.04,10809.62
1007027,200800,1,2,-736,-163,4591.11,742.16
1000257,101927,1,16,-617,-833,1744.93,14405.16
1002951,108561,1,11,-728,-31,9147.04,12982.19
1005393,106803,1,17,-808,-883,39859.96,1751.92
1006107,104791,1,2,-23,-312,8654.98,554.46
1000371,109245,1,23,-651,-808,3033.94,5025.24
1005325,101663,1,11,-475,-228,29854.05,1482.43
1009609,109364,1,3,-47,-679,2012.23,4722.99
1007590,201382,1,17,-316,-860,11034.45,8861.12
1006206,103696,1,7,-355,-882,3405.67,14304.82
1009315,106576,1,21,-788,-308,41665.05,11163.61
1005283,107859,1,18,-65,-599,19616.78,1574.61
1002888,201202,1,21,-909,-202,9158.0,5816.91
1003467,100345,1,12,-977,-306,296.24,14811.0
1003943,104829,1,20,-875,-491,13826.27,4454.89
1005328,101732,1,19,-202,-241,384.1,10096.39
1001205,100168,1,3,-95,-857,4277.75,13817.86
1006436,104950,1,20,-742,-332,2719.21,7893.42
1003955,201901,1,14,-688,-566,1485.48,19361.45
1003360,109550,1,6,-232,-223,44532.89,913.33
1004113,200854,1,12,-180,-387,13559.1,3509.46
1006470,107983,1,3,-518,-359,989.12,2283.01
1008692,108954,1,4,-268,-522,783.68,603.02
1000786,200029,1,19,-994,-960,4805.36,7875.55
1001796,106291,1,9,-143,-712,9065.62,8423.73
1006102,103095,1,19,-271,-757,9760.31,14939.83
1004801,101845,1,1,-314,-287,9750.58,13496.39
1001630,108437,1,16,-242,-221,2850.05,1395.52
1006788,103455,1,23,-712,-734,14850.74,7707.64
1005791,109330,1,20,-261,-343,675.69,274.61
1008336,100238,1,10,-44,-447,7354.74,180.99
1009692,103020,1,5,-79,-443,9715.16,11864.45
1001327,109925,1,13,-247,-289,52708.48,50668.06
1001404,101090,1,11,-982,-457,8833.26,206.36
1008446,104329,1,21,-74,-853,1451.15,13473.67
1003184,201086,1,10,-592,-688,14598.33,7157.78
1006883,105026,1,11,-679,-798,4517.73,5428.3
1006916,107103,1,14,-589,-386,1833.02,1935.03
1007407,104239,1,18,-398,-353,23312.58,4032.26
1009538,100980,1,18,-217,-601,1534.5,5622.79
1007332,107459,1,12,-967,-130,475.48,4812.26
1008734,103403,1,4,-543,-420,5063.48,1608.22
1008132,100711,1,19,-74,-796,3751.52,1745.87
1002052,108972,1,1,-311,-230,8084.83,12161.77
1001673,108411,1,2,-570,-823,12277.43,15649.12
1004365,201922,1,4,-697,-740,4603.91,1944.7
1000081,106104,1,1,-349,-617,18709.89,69.74
1005665,108783,1,6,-896,-852,3804.05,2802.35
1006522,102362,1,4,-101,-535,3293.25,6431.11
1007352,101120,1,14,-753,-993,1976.81,2576.15
1006145,102824,1,16,-141,-628,873.1,25816.02
1009015,102495,1,17,-229,-108,19653.43,4933.21
1001581,108162,1,15,-212,-755,4529.55,29666.86
1005042,106038,1,6,-807,-612,172.17,52382.63
1001964,107643,1,2,-217,-347,15230.32,3427.9
1006201,201309,1,19,-250,-280,8064.46,6416.88
1009027,104560,1,14,-786,-680,539.51,1377.4
1004601,102472,1,11,-260,-78,1763.81,5917.27
1008248,105622,1,19,-739,-150,8522.92,7459.19
1001381,104900,1,6,-572,-806,2696.38,9117.34
1006355,105490,1,11,-542,-290,11016.79,39763.9
1007753,103299,1,8,-418,-545,20015.65,6955.52
1003636,100777,1,21,-602,-995,8130.26,4504.76
1005948,201973,1,20,-345,-889,4182.24,9041.03
1005654,108833,1,3,-100,-749,13962.75,35147.63
1001625,107664,1,4,-381,-934,12840.22,33410.78
1006944,107365,1,1,-924,-171,2477.51,1324.67
1003824,103130,1,14,-27,-162,5613.33,16579.21
1000958,200990,1,7,-234,-178,30.8,4228.51
1003786,104453,1,18,-724,-394,11528.94,20958.05
1003805,102190,1,16,-778,-514,1650.52,15439.8
1008547,101958,1,10,-498,-13,16109.85,8170.74
1002881,106830,1,10,-993,-882,45662.78,25413.14
1003954,102929,1,10,-712,-608,1370.13,3230.57
1007446,108034,1,11,-693,-223,429.73,5413.8
1008860,107587,1,17,-939,-32,1409.87,10550.67
1001246,100342,1,3,-196,-721,33369.82,12235.01
1008543,105866,1,17,-996,-704,15043.8,4519.47
1001754,109128,1,12,-492,-755,3978.79,9515.26
1007921,104301,1,20,-817,-541,1583.59,311.56
1002283,104115,1,4,-441,-104,2675.49,5624.1
1000993,100134,1,10,-96,-262,7292.17,562.05
1002229,107363,1,11,-485,-170,2968.18,3051.79
1004712,107109,1,6,-745,-843,3154.37,30709.58
1004283,201657,1,19,-663,-198,28629.82,8037.04
1008217,201402,1,18,-986,-71,5883.53,15927.44
1005458,200002,1,1,-388,-370,45776.01,20305.6
1002793,108346,1,11,-716,-559,7647.47,231.64
1000488,105178,1,13,-550,-884,11515.95,10352.2
1002359,102923,1,14,-823,-435,5521.48,20446.75
1000943,108711,1,5,-228,-28,723.2,3866.97
1004062,102835,1,22,-576,-629,23896.07,1195.76
1009944,102387,1,5,-926,-56,1285.96,2089.12
1004084,109150,1,8,-940,-411,4932.65,31131.91
1006970,108285,1,18,-568,-100,7274.81,5013.31
1000433,104473,1,18,-932,-617,13370.87,11219.78
1006519,107354,1,14,-703,-260,14412.63,1393.31
1008813,100137,1,2,-878,-472,4773.91,659.76
1004988,101758,1,10,-253,-422,2365.85,2637.98
1008503,107047,1,4,-932,-225,5985.42,2112.92
1002529,200325,1,18,-59,-117,15645.47,19399.85
1004910,100743,1,2,-218,-929,7857.13,8617.17
1000978,100736,1,7,-412,-274,15412.1,1406.01
1003419,100335,1,10,-332,-768,2045.04,1928.07
1003310,200724,1,13,-714,-641,6944.93,7220.35
1002421,105289,1,20,-813,-244,22155.78,18083.51
1007965,104865,1,23,-893,-456,8513.6,2789.11
1007632,200637,1,12,-31,-450,11049.4,27516.02
1001358,103244,1,7,-302,-491,918.76,29534.66
1001937,106804,1,19,-601,-968,10659.74,42295.46
1007155,104254,1,10,-284,-685,6734.46,4965.4
1000950,102760,1,1,-401,-253,19479.25,8484.21
1000116,108671,1,4,-516,-152,38152.53,4935.14
1002526,105988,1,7,-442,-573,41457.72,2873.72
1008294,106887,1,4,-125,-457,5535.2,26542.44
1005552,104352,1,20,-346,-294,5320.89,1152.74
1008266,107595,1,15,-42,-341,5666.59,11002.79
1000670,109468,1,20,-665,-946,25123.63,4699.6
1005751,104129,1,10,-586,-95,228.54,8853.05
1006812,103581,1,6,-501,-824,3087.52,11276.51
1001348,103030,1,14,-604,-587,16247.08,11093.03
1006154,109677,1,18,-530,-119,30277.66,18474.92
1004751,105351,1,8,-259,-668,7038.9,5744.88
1003521,105610,1,3,-95,-673,4268.92,3561.71
1009293,105051,1,18,-305,-183,14023.53,6303.4
1001562,106415,1,1,-264,-472,5517.46,5125.36
1004918,104918,1,14,-190,-501,4323.87,10802.8
1005472,201272,1,16,-141,-389,1564.31,2686.55
1005372,100589,1,7,-475,-906,41350.32,11574.32
1006418,108090,1,9,-395,-518,2444.58,5848.27
1002413,107767,1,10,-181,-789,30872.0,24141.38
1006374,106973,1,5,-669,-336,8804.72,2730.7
1000033,100187,1,17,-373,-263,41519.25,27848.91
1007669,100603,1,23,-263,-804,5730.26,6681.71
1006587,108838,1,18,-734,-652,24605.11,970.66
1006143,104309,1,8,-787,-699,5191.17,9120.8
1007196,108426,1,7,-404,-973,7429.88,8681.14
1009933,109087,1,20,-272,-728,5463.97,807.39
1009469,109420,1,18,-530,-77,3445.45,17414.34
1007664,108383,1,11,-419,-391,18899.72,923.67
1004125,107350,1,1,-933,-509,1943.03,297.01
1008321,100167,1,8,-850,-122,9508.0,8508.61
1005671,106410,1,22,-415,-708,6393.24,1269.76
1007493,101866,1,7,-787,-126,13017.88,11793.89
1003172,102913,1,12,-806,-104,12230.32,8190.47
1009290,100767,1,2,-793,-430,22347.19,1986.86
1005456,100208,1,6,-616,-113,5722.15,11060.01
1000473,106215,1,22,-726,-763,7722.92,7148.13
1003581,105956,1,17,-288,-719,1641.18,662.42
1007334,106721,1,7,-279,-450,6987.12,6982.66
1006409,104348,1,12,-839,-948,5160.27,5338.31
1006737,103047,1,20,-655,-505,600.45,2786.76
1007164,200904,1,12,-206,-549,14154.51,5751.76
1007737,109314,1,13,-268,-221,35655.02,9412.86
1004006,105737,1,14,-247,-96,2217.06,1510.82
1006912,105458,1,6,-278,-30,9413.18,522.6
1001107,201623,1,1,-565,-283,6071.98,4156.77
1000537,200454,1,19,-653,-17,21692.99,34127.16
1002010,102171,1,10,-522,-662,4426.21,22638.56
1006829,109389,1,11,-486,-696,192.4,5447.44
1001425,100303,1,6,-527,-820,9060.76,13912.02
1000577,105530,1,10,-172,-974,15535.42,410.84
1005678,108612,1,4,-12,-778,3924.29,4490.21
1009752,105064,1,12,-350,-372,9539.61,15163.3
1006701,200250,1,15,-805,-216,8393.94,287.22
1005436,100041,1,15,-294,-701,3012.87,8067.29
1003491,105149,1,6,-838,-109,718.75,3642.04
1002864,200565,1,14,-522,-520,10128.66,6380.86
1009029,105391,1,23,-466,-594,5278.28,4897.45
1009983,107586,1,19,-626,-803,35780.4,24443.97
1006611,101176,1,9,-591,-694,17005.69,39202.01
1007121,201802,1,4,-105,-604,3728.65,9150.91
1000307,108972,1,1,-126,-449,20730.83,12404.39
1007677,109926,1,22,-401,-226,6442.74,19320.16
1003724,106671,1,12,-306,-719,14496.76,6531.99
1000427,107799,1,19,-872,-510,5877.12,6601.15
1009680,106185,1,23,-94,-855,1817.91,21202.82
1006037,109333,1,5,-759,-455,3026.69,1955.57
1002393,201628,1,9,-466,-385,432.82,9739.61
1003320,107721,1,13,-229,-721,2358.84,22447.02
1001810,101777,1,12,-146,-976,4453.88,20273.83
1008132,100711,1,15,-68,-816,6211.17,4899.75
1009996,108552,1,1,-956,-140,2183.38,4527.22
1003486,104808,1,17,-812,-698,3676.66,3514.29
1001860,109201,1,4,-453,-129,36868.55,5123.93
1000638,105178,1,23,-536,-216,924.52,974.9
1009653,100387,1,20,-776,-777,376.92,13949.17
1006447,104236,1,14,-630,-930,7083.95,8387.26
1007961,105697,1,18,-625,-102,5058.97,3260.1
1007826,106021,1,3,-85,-972,12790.26,2484.75
1003435,103315,1,14,-107,-675,1550.74,4060.04
1002216,107880,1,10,-332,-793,2231.7,3787.64
1007018,101811,1,23,-604,-244,1251.82,9793.81
1008637,103274,1,6,-879,-764,4909.29,19467.22
1004109,108097,1,10,-28,-787,1596.17,4922.96
1000248,107097,1,16,-952,-837,3081.96,11988.21
1008340,104931,1,10,-499,-890,4164.59,31131.7
1005493,106868,1,10,-716,-36,5792.97,28378.51
1006607,109033,1,4,-937,-157,4315.38,2223.53
1001660,100481,1,19,-871,-29,12120.58,26731.75
1009085,101519,1,20,-965,-28,5886.04,3286.61
1008666,201943,1,12,-757,-222,20.51,36858.28
1004671,104893,1,5,-388,-865,7042.57,7096.3
1004751,105351,1,1,-856,-131,1787.85,6361.22
1003952,105410,1,10,-673,-862,9974.01,6865.61
1002587,105623,1,5,-13,-836,2293.75,3863.99
1005938,100286,1,9,-341,-417,6505.64,3621.67
1008258,102745,1,9,-400,-571,755.13,5000.14
1000190,109288,1,10,-185,-834,3002.3,8542.27
1002982,109657,1,19,-361,-328,2242.36,23611.07
1004231,200103,1,7,-773,-106,24588.07,6687.28
1008891,200655,1,13,-781,-884,15144.02,2801.41
1009053,101296,1,19,-455,-931,2903.16,20.33
1009600,201740,1,2,-63,-586,4628.47,5434.57
1006452,201136,1,1,-678,-411,13716.92,3788.14
1008188,200831,1,7,-260,-974,9200.11,4725.13
1003521,105610,1,15,-967,-562,9013.27,7298.22
1005876,107678,1,3,-116,-804,989.11,4599.31
1008107,100924,1,18,-333,-991,5516.22,571.42
1006557,100849,1,21,-576,-635,3140.44,5008.32
1007603,106382,1,22,-657,-877,20789.89,348.02
1002756,106491,1,5,-225,-449,13550.39,2073.38
1009732,108205,1,17,-26,-820,6495.65,26305.33
1009465,109877,1,7,-477,-695,3359.34,11923.02
1005329,201829,1,22,-834,-743,9083.01,13121.25
1000304,100915,1,11,-708,-330,6189.13,8059.65
1003318,100589,1,18,-746,-977,6538.83,4178.85
1001681,105213,1,6,-444,-351,1908.94,6043.99
1005860,109092,1,2,-793,-577,3443.12,5159.03
1000463,101709,1,4,-750,-401,910.1,4975.81
1005747,200719,1,15,-255,-856,931.84,3685.62
1002741,104609,1,8,-810,-656,9999.89,15680.86
1008025,201769,1,19,-880,-863,19179.09,5498.57
1003595,101315,1,5,-603,-557,6148.78,533.55
1001185,102527,1,20,-933,-867,5812.9,44473.56
1001749,200509,1,14,-722,-211,7621.41,9892.87
1008104,101595,1,2,-997,-700,5207.84,7516.06
1005500,106564,1,21,-509,-328,3764.04,21753.99
1009301,109891,1,19,-638,-108,6893.9,22627.06
1002062,200229,1,7,-650,-49,5291.04,18476.02
1008986,106778,1,4,-739,-72,4277.42,20158.43
1008693,101869,1,5,-101,-845,12551.82,44.01
1004822,200135,1,4,-995,-520,8071.24,22207.62
1007803,101794,1,2,-816,-978,2323.09,8032.81
1007476,104302,1,5,-226,-656,48460.6,12378.24
1004281,107462,1,10,-964,-703,447.85,11621.45
1006966,101450,1,20,-124,-797,12721.38,18040.18
1009627,103381,1,14,-774,-618,180.01,3922.79
1009525,103946,1,7,-699,-809,18823.79,1474.81
1005592,107994,1,13,-84,-455,1308.72,8116.02
1006527,103804,1,11,-755,-284,4397.57,48222.26
1002949,101510,1,9,-126,-878,20043.56,8333.6
1009941,104268,1,4,-691,-691,1243.74,25741.97
1007993,200770,1,1,-478,-96,27895.69,43731.97
1008356,201872,1,12,-462,-58,13177.96,30.71
1007616,108185,1,4,-181,-725,12844.99,3499.03
1001386,107104,1,22,-793,-866,211.59,6722.76
1005200,101421,1,3,-25,-73,2316.82,10606.79
1003045,108321,1,14,-486,-699,1554.17,3790.41
1008857,201734,1,18,-501,-405,18085.03,31051.03
1008391,200190,1,18,-481,-605,202.06,2107.99
1007952,104113,1,17,-994,-317,4403.42,1129.0
1007365,200472,1,6,-351,-145,1069.89,6429.1
1003869,108657,1,4,-476,-21,1875.13,17945.23
1007651,106165,1,2,-889,-51,37882.58,1388.88
1009751,105349,1,17,-542,-773,1256.34,6379.01
1002055,108239,1,7,-724,-719,3275.28,20472.77
1005568,100021,1,3,-844,-224,2241.65,5168.71
1005936,107543,1,18,-788,-651,1973.38,7112.48
1007703,109599,1,1,-718,-890,34532.78,4666.21
1002034,107227,1,7,-996,-246,5267.03,12386.33
1007790,101953,1,23,-254,-702,3429.4,4142.95
1002557,108380,1,11,-556,-363,4172.46,4549.65
1008514,104923,1,17,-721,-298,4504.36,552.94
1007287,109626,1,4,-696,-534,11356.0,29814.61
1006682,101869,1,21,-247,-229,2538.24,403.01
1001065,201135,1,14,-381,-783,5169.82,45382.11
1009828,109511,1,21,-903,-241,13692.85,518.94
1002861,100851,1,1,-878,-139,8.79,27386.85
1006409,104348,1,23,-607,-245,1244.06,35549.49
1001140,108821,1,14,-186,-543,47.06,29325.15
1009821,106508,1,14,-453,-545,4656.9,271.99
1002237,109226,1,19,-871,-629,2195.68,1239.55
1002685,107166,1,18,-345,-994,8613.25,1698.2
1000085,107918,1,13,-317,-375,14910.82,13410.58
1001829,109777,1,6,-303,-596,3254.88,6408.11
1008504,106197,1,23,-390,-135,500.81,9829.84
1001005,108999,1,11,-517,-934,4677.26,426.29
1005278,104020,1,17,-232,-308,7775.84,4061.95
1007675,107114,1,14,-303,-131,8434.66,15170.74
1002632,109742,1,5,-832,-866,3362.92,5465.88
1009941,104268,1,18,-519,-216,2520.39,425.3
1009479,201027,1,5,-621,-568,11952.64,313.46
1004702,104351,1,23,-762,-528,34443.7,5470.45
1004532,108582,1,22,-900,-309,5248.31,2634.31
1008162,100259,1,15,-183,-922,7139.44,9588.55
1002453,105114,1,6,-582,-352,3364.9,6770.72
1003996,101781,1,16,-675,-681,3254.47,1999.9
1000227,108125,1,13,-493,-367,12922.28,5861.67
1008240,104143,1,5,-262,-731,316.46,6132.64
1006984,105855,1,18,-194,-720,16931.59,11524.44
1001403,106182,1,6,-400,-425,6826.38,9649.21
1002983,106257,1,21,-376,-354,15143.21,24061.1
1001133,106877,1,12,-333,-684,7363.75,13289.8
1001232,101533,1,17,-977,-866,4684.32,10548.56
1000649,100632,1,22,-248,-347,16705.76,2232.98
1008234,103247,1,14,-660,-743,11062.9,517.3
1005515,102948,1,8,-400,-753,9113.3,43406.87
1001783,109991,1,1,-490,-829,2347.48,38.6
1009187,201893,1,4,-788,-100,616.55,5294.62
1005998,106496,1,17,-641,-417,7442.47,31866.92
1000903,109721,1,5,-695,-181,15084.91,3454.35
1001129,102923,1,21,-249,-137,9173.1,67053.63
1003362,104766,1,6,-204,-376,5279.2,8276.27
1007261,104821,1,23,-234,-52,2321.82,3871.8
1005270,100357,1,12,-187,-81,8032.92,5021.4
1000400,104732,1,17,-159,-192,13551.26,20375.24
1007576,102520,1,17,-46,-952,1461.74,632.14
1009156,201391,1,15,-746,-699,261.58,5640.53
1004774,107491,1,10,-419,-478,8564.16,972.85
1003693,101053,1,20,-818,-485,2019.22,8654.08
1007739,101008,1,1,-838,-923,29716.4,3797.44
1004347,104138,1,18,-878,-476,3659.57,4905.75
1003994,104281,1,7,-171,-998,4608.61,19510.14
1007399,106594,1,18,-452,-703,1234.54,14692.61
1009116,101788,1,22,-911,-943,2786.39,2527.24
1001052,104392,1,16,-388,-762,1118.71,10701.76
1008137,200864,1,14,-705,-150,6252.53,4785.08
1001115,200990,1,18,-864,-284,7506.44,12293.4
1002457,201901,1,10,-651,-770,6930.26,2891.12
1009142,102194,1,16,-954,-356,108.4,4051.1
1001025,200835,1,18,-999,-771,22909.5,9126.74
1002416,105531,1,22,-94,-627,7875.56,11060.14
1007886,100587,1,3,-387,-959,25284.83,1168.28
1008749,106384,1,15,-169,-285,559.57,6815.79
1006304,108701,1,3,-204,-352,3869.2,19192.8
1008090,201619,1,16,-29,-475,155.78,1500.83
1008523,105586,1,8,-704,-303,10059.19,15338.01
1002214,109525,1,22,-844,-860,42110.74,5093.33
1000216,100197,1,13,-228,-825,3779.69,2781.46
1000000,103098,1,21,-498,-388,14259.15,17125.33
1004015,200763,1,13,-564,-386,14971.06,18414.35
1003262,105134,1,5,-38,-857,3727.21,13647.56
1003388,108813,1,9,-927,-121,32857.02,7905.08
1002626,109015,1,4,-983,-667,7761.75,35.19
1008645,200492,1,12,-14,-70,9720.17,6487.12
1001656,103797,1,5,-147,-810,18443.09,7828.33
1008964,101741,1,19,-984,-98,23898.05,4148.07
1007849,107205,1,20,-647,-739,1621.71,1569.47
1006051,104505,1,16,-385,-359,582.94,12091.71
1008311,107845,1,15,-290,-770,2775.94,2516.03
1009159,106975,1,21,-231,-26,32212.93,20935.85
1009570,109027,1,19,-694,-22,327.53,5136.26
1004719,201238,1,13,-755,-361,4274.15,3658.64
1006311,201375,1,16,-216,-209,2673.93,8068.74
1002865,200184,1,20,-297,-510,2958.79,2664.24
1005486,109113,1,12,-723,-232,16659.69,18182.64
1004620,109935,1,23,-779,-998,3276.63,1598.52
1005423,107316,1,14,-990,-805,3864.04,16295.9
1009996,108552,1,7,-710,-665,19991.53,55760.01
1003089,201459,1,13,-842,-945,5667.63,444.28
1004155,102963,1,11,-559,-791,13776.95,13648.63
1003846,200740,1,22,-429,-34,2095.86,5838.41
1003757,100134,1,23,-855,-477,2097.95,11105.14
1005638,103866,1,23,-508,-437,27095.07,22247.53
1008347,105233,1,18,-326,-540,4629.02,4236.61
1003305,109866,1,17,-903,-604,17484.85,7954.5
1002162,106791,1,15,-964,-782,11053.82,16897.6
1005390,108620,1,1,-972,-356,4788.46,15334.45
1005600,100516,1,9,-677,-394,6361.76,2853.05
1002582,201593,1,21,-525,-333,811.87,8017.7
1003426,103110,1,15,-489,-537,2151.66,37978.58
1009692,103020,1,4,-988,-811,2773.1,13822.68
1003783,106713,1,6,-816,-928,23514.16,18318.9
1009897,105661,1,4,-903,-690,8193.0,7615.69
1006500,201909,1,5,-183,-692,11389.64,1342.42
1004498,201941,1,6,-560,-567,3441.86,7222.77
1001212,108619,1,18,-286,-951,15904.8,30012.48
1004201,201655,1,19,-857,-429,6754.59,7221.7
1003747,107571,1,14,-783,-468,3487.56,5864.08
1000987,105666,1,9,-86,-126,12094.05,3930.99
1003405,200545,1,2,-885,-89,38906.03,8290.14
1007942,101205,1,10,-330,-497,7672.55,1167.34
1005077,106209,1,2,-483,-71,48020.46,64069.24
1001746,108505,1,6,-177,-777,2447.5,12924.33
1005533,109090,1,1,-956,-299,36772.34,21694.18
1005157,107619,1,7,-762,-150,11728.65,3884.6
1004941,104538,1,23,-698,-290,4046.18,336.57
1008485,104859,1,23,-387,-111,3771.9,1203.85
1003668,109959,1,18,-266,-890,10200.41,7300.01
1006813,107189,1,11,-166,-542,207.68,6858.89
1003891,105287,1,19,-36,-973,20933.92,2154.27
1006279,201988,1,1,-834,-830,13141.17,6280.56
1006474,109928,1,18,-845,-515,253.12,6393.19
1002597,104947,1,12,-58,-739,3295.94,11453.05
1003775,108428,1,12,-589,-986,1912.62,1867.32
1005922,100190,1,21,-93,-990,3898.93,3022.53
1001843,107558,1,17,-642,-147,12539.11,3592.55
1006070,109829,1,8,-625,-232,15318.71,193.66
1009875,104448,1,6,-998,-983,6499.03,6264.48
1007294,107643,1,18,-25,-776,3815.71,1652.83
1006664,102630,1,14,-696,-34,5045.26,1581.8
1005307,100991,1,20,-52,-439,15698.59,1268.75
1001584,102647,1,1,-983,-257,5260.47,14079.99
1002335,201393,1,6,-685,-386,377.88,3241.31
1002064,106560,1,11,-80,-249,25158.59,5066.06
1001818,109014,1,7,-752,-237,6304.76,11738.17
1009881,100887,1,3,-410,-757,916.23,11148.87
1005755,200242,1,1,-330,-933,19983.85,1108.41
1006195,100167,1,4,-490,-229,5182.56,10279.96
1009323,108177,1,11,-849,-977,3759.1,19515.62
1006100,106702,1,15,-199,-311,16929.57,9430.05
1006304,108701,1,1,-62,-361,6735.37,11170.86
1007007,103502,1,8,-266,-262,16883.99,13284.82
1006399,100426,1,18,-242,-165,1130.16,181.41
1002081,201776,1,10,-451,-164,3022.21,7325.74
1001594,103908,1,14,-947,-825,43471.83,5678.73
1008588,200895,1,8,-121,-329,45885.36,16790.79
1006814,101006,1,6,-322,-983,14505.29,9774.78
1007003,106685,1,3,-119,-934,4682.19,3267.83
1005610,107480,1,16,-143,-272,3871.47,23310.59
1008317,106578,1,8,-67,-992,15797.02,1481.02
1007425,100150,1,9,-258,-782,358.26,15841.08
1004616,102458,1,1,-814,-521,27830.28,9199.24
1005924,104568,1,12,-399,-243,1845.42,8302.15
1009480,106391,1,1,-913,-88,10376.08,11537.37
1002738,106296,1,9,-361,-395,1404.77,3872.34
1001361,102407,1,21,-619,-503,11627.5,6615.54
1000709,104177,1,2,-515,-625,6141.83,1604.26
1003718,201632,1,20,-75,-733,2762.92,8972.63
1009303,108894,1,15,-363,-49,8638.04,5255.63
1007493,101866,1,11,-207,-74,7266.74,10549.96
1005740,108707,1,10,-375,-836,12384.67,13220.4
1002155,108654,1,7,-509,-989,14572.28,10075.95
1006583,107169,1,3,-935,-713,4502.71,170.15
1008666,201943,1,2,-573,-670,2337.93,36315.25
1001452,106811,1,15,-159,-160,4606.1,9638.06
1005376,100076,1,3,-48,-100,20689.22,4110.22
1006023,201363,1,21,-453,-747,174.29,35483.81
1001297,102005,1,13,-500,-146,2207.85,5759.12
1001109,108915,1,19,-618,-45,1123.96,6315.01
1008680,106216,1,3,-132,-547,7949.57,774.11
1009155,201659,1,14,-815,-752,7658.2,8277.16
1007307,200436,1,19,-356,-834,7396.58,4405.57
1006374,106973,1,6,-268,-176,16179.12,16002.89
1004544,200192,1,11,-807,-110,3603.88,17554.76
1004376,107422,1,11,-248,-204,268.23,3213.97
1000566,200541,1,5,-350,-49,8486.32,1563.81
1009122,105441,1,19,-993,-588,885.78,5073.16
1001549,104416,1,3,-139,-816,6572.41,7096.81
1000889,108621,1,17,-887,-80,8737.91,12765.62
1001181,105395,1,15,-700,-19,4781.68,11893.68
1002170,106122,1,6,-482,-39,11531.89,9514.17
1001449,109532,1,11,-795,-130,1977.06,572.86
1002440,109535,1,21,-168,-458,7418.35,15014.19
1006935,104032,1,9,-922,-214,1363.16,1985.23
1007342,105164,1,18,-124,-977,2117.24,188.19
1005053,108427,1,12,-795,-877,2527.71,12032.83
1000860,109646,1,2,-723,-645,27404.44,729.68
1003306,200785,1,17,-720,-164,2210.03,5435.49
1007919,100461,1,9,-775,-861,20872.77,16128.06
1004652,101560,1,23,-500,-857,317.76,3124.34
1009628,102062,1,16,-206,-371,5637.91,27874.91
1006249,108174,1,8,-978,-608,13469.01,4092.38
1002239,201302,1,15,-146,-609,4613.37,4032.98
1009844,102488,1,23,-79,-488,17197.47,9585.98
1009343,109951,1,3,-943,-862,7057.74,15785.99
1008807,107766,1,15,-452,-186,5847.38,19390.01
1000487,200758,1,4,-943,-39,2006.13,3177.21
1005090,103282,1,9,-60,-714,378.73,5489.03
1005693,201527,1,23,-859,-189,78.47,11506.83
1001115,200990,1,23,-970,-177,3625.54,1812.97
1009686,106843,1,2,-577,-367,27584.72,8545.95
1007560,108462,1,1,-496,-176,770.72,44169.04
1007136,109572,1,11,-533,-968,498.07,8936.23
1001675,109080,1,8,-414,-42,3189.14,13085.95
1002278,200494,1,17,-686,-54,697.69,1564.26
1006653,106812,1,18,-775,-614,19583.89,452.43
1002607,108703,1,6,-157,-929,9231.47,11355.64
1007218,106142,1,23,-223,-222,84.91,7712.29
1006722,108801,1,21,-267,-459,25945.03,4085.85
1005980,107183,1,7,-530,-773,15804.12,3282.86
1002978,108469,1,2,-638,-771,18812.82,2607.67
1009205,105021,1,20,-445,-845,608.2,4528.62
1004319,200110,1,12,-966,-281,297.79,2239.3
1002613,102792,1,17,-513,-810,14051.0,1096.38
1008070,105483,1,19,-99,-240,11418.11,17585.41
1005619,102077,1,10,-234,-396,15197.33,43668.05
1009025,104100,1,15,-853,-914,253.07,17003.75
1008261,200155,1,22,-943,-534,930.56,15313.83
1005699,108063,1,13,-920,-592,22589.39,1255.14
1000505,107808,1,19,-939,-299,1942.03,10008.78
1003944,108531,1,11,-822,-943,4725.46,26979.06
1008756,106298,1,7,-526,-434,1448.09,6244.23
1009960,102637,1,20,-543,-682,29663.41,8739.56
1004735,105075,1,15,-174,-344,10333.44,3592.03
1001039,100463,1,6,-60,-468,6976.59,62720.18
1002391,105760,1,11,-269,-242,40.4,1164.09
1007053,106307,1,11,-99,-972,14348.81,14968.34
1000366,100198,1,1,-62,-907,41716.9,11966.99
1006960,104508,1,7,-956,-169,719.56,6299.99
1004065,104774,1,22,-297,-140,3834.48,870.79
1004999,102861,1,11,-801,-234,17877.24,707.28
1002986,102580,1,17,-894,-42,2451.02,3109.78
1001489,107928,1,15,-963,-606,1337.04,1490.94
1003344,103517,1,16,-342,-314,8641.74,1797.22
1009919,100326,1,14,-140,-850,2678.25,7631.32
1007112,103099,1,6,-630,-955,14859.07,4299.12
1007908,109528,1,15,-571,-441,1613.59,2339.67
1000865,201150,1,17,-13,-729,1664.62,18436.84
1006427,105660,1,3,-711,-681,7450.27,1889.38
1004205,201782,1,6,-505,-355,319.17,8363.62
1006248,105554,1,20,-381,-122,9135.17,4656.3
1001791,100167,1,7,-972,-323,20535.54,14438.95
1006041,100356,1,11,-217,-841,154.3,17467.0
1006045,200303,1,23,-710,-752,11087.42,47019.65
1003505,103974,1,22,-879,-732,19951.63,5250.8
1002795,103652,1,8,-421,-863,8440.19,1447.26
1001126,201919,1,20,-641,-235,866.55,9223.16
1001232,101533,1,11,-320,-563,4864.28,564.78
1004070,100557,1,17,-457,-19,9160.91,11815.8
1001001,106435,1,15,-644,-789,9720.31,9667.03
1001991,105869,1,5,-116,-553,3282.95,3166.41
1007944,100943,1,6,-723,-997,12537.6,13803.09
1005414,104909,1,13,-134,-618,1091.76,8784.11
1001751,109293,1,15,-432,-333,12549.17,22120.24
1006700,103752,1,11,-397,-286,17475.35,4272.35
1002421,105289,1,17,-844,-850,1411.73,2657.06
1006119,109334,1,1,-969,-598,8553.19,10367.69
1001275,102836,1,19,-147,-800,7826.92,3812.47
1001346,106647,1,19,-658,-571,4836.21,170.29
1006763,100243,1,23,-200,-54,2438.5,5908.51
1006976,105642,1,16,-681,-132,6436.84,8304.29
1002033,109445,1,4,-525,-760,2354.64,14135.25
1004870,101598,1,10,-180,-973,6876.95,6653.39
1008204,200682,1,2,-714,-474,845.38,15843.05
1003507,105482,1,16,-727,-432,22107.79,17579.05
1004128,102245,1,13,-952,-326,15358.31,5.09
1006091,104712,1,8,-873,-95,18663.26,34287.88
1007424,200252,1,20,-732,-907,32343.39,10872.62
1007000,107256,1,5,-413,-331,3536.47,12569.5
1009637,102607,1,15,-870,-130,15826.24,12273.08
1005097,102810,1,1,-651,-155,6168.59,19616.38
1003817,201936,1,23,-333,-899,9728.59,8055.79
1001442,105521,1,21,-127,-949,18038.73,9136.31
1007754,107209,1,12,-783,-414,17626.92,15262.36
1007062,106499,1,21,-666,-428,3089.27,18678.03
1009525,103946,1,11,-718,-672,7604.73,10329.48
1004124,104459,1,6,-966,-312,10023.0,794.47
1003933,103377,1,8,-592,-853,4565.02,576.76
1000444,100650,1,18,-386,-468,3178.86,42235.82
1006731,103005,1,19,-666,-383,18576.02,33955.7
1003614,109115,1,11,-412,-499,30896.22,15134.1
1007988,100011,1,16,-711,-564,27769.79,17329.65
1009275,100396,1,20,-352,-634,1206.33,14283.58
1007581,201796,1,23,-195,-416,3704.27,17286.79
1003475,107338,1,4,-945,-752,4470.57,1244.22
1008868,107722,1,12,-287,-561,9295.12,3997.66
1003218,201822,1,2,-663,-915,331.07,5469.83
1008476,104397,1,2,-407,-911,39635.54,9825.15
1000411,105257,1,11,-749,-640,14779.15,3116.99
1008822,103394,1,7,-540,-585,2335.99,2348.79
1000759,200034,1,6,-545,-412,4440.15,46636.32
1002220,109508,1,6,-536,-74,7585.24,3866.29
1007174,106084,1,13,-125,-235,2715.64,2924.16
1008343,109098,1,3,-476,-90,3128.49,2263.88
1001870,201363,1,6,-819,-576,7427.91,16257.25
1000697,102118,1,9,-900,-311,7001.94,4385.49
1000655,109759,1,10,-228,-566,5322.05,5038.34
1005781,200431,1,9,-503,-874,8043.67,3240.21
1001894,109963,1,4,-98,-318,12103.37,309.17
1000496,200826,1,5,-826,-940,23792.17,5515.8
1003937,105035,1,1,-435,-204,44774.35,32948.58
1005642,101109,1,21,-13,-890,17868.06,11545.53
1000059,201892,1,20,-899,-528,16283.44,10765.8
1003148,105506,1,23,-259,-401,2416.42,1049.3
1006377,106674,1,8,-920,-86,20048.02,7322.45
1005168,105303,1,14,-592,-816,5672.9,4.2
1004701,106648,1,17,-410,-475,7287.64,9100.36
1001411,101542,1,15,-531,-709,33200.97,2786.23
1008137,200864,1,23,-987,-372,4429.6,7273.19
1006937,100864,1,18,-772,-735,17201.7,2569.85
1009642,107351,1,10,-70,-192,5164.4,4900.58
1002000,109916,1,2,-975,-293,2044.2,4620.59
1005826,104580,1,11,-143,-453,3730.51,2336.97
1006610,104547,1,15,-614,-700,15203.66,34894.89
1007080,108955,1,5,-621,-137,19277.94,19911.72
1000743,105035,1,10,-383,-659,30335.86,29439.56
1003169,100007,1,4,-184,-560,1231.66,3582.4
1004308,109857,1,6,-855,-483,16111.89,953.49
1004307,201679,1,20,-603,-586,4093.89,12994.75
1008741,200644,1,12,-765,-997,6949.89,9433.12
1003815,107357,1,14,-802,-649,5198.05,4102.01
1006720,201010,1,21,-648,-948,3800.95,2871.4
1001330,107181,1,12,-438,-640,2630.87,4813.8
1005653,200717,1,3,-735,-969,8488.77,1914.19
1002011,104191,1,12,-237,-112,646.55,7987.54
1001015,102205,1,7,-766,-100,37417.9,1231.8
1002180,105945,1,21,-631,-114,2748.65,7775.94
1006829,109389,1,3,-222,-166,16539.71,1336.63
1008193,109017,1,3,-442,-106,6823.56,14033.24
1000933,200538,1,13,-792,-739,1030.71,2147.18
1007822,108960,1,19,-194,-342,9755.75,1435.47
1008893,104573,1,6,-605,-189,8788.36,3651.3
1007764,108528,1,2,-746,-639,11428.42,194.83
1003536,104477,1,22,-137,-902,8311.18,8752.49
1001966,109356,1,5,-459,-192,24197.46,5302.55
1008773,108730,1,15,-571,-138,2989.09,10435.45
1004644,201906,1,11,-147,-945,23091.5,639.71
1007379,105388,1,17,-552,-914,12875.4,4740.52
1004895,200806,1,1,-686,-526,18476.73,4529.4
1007428,109147,1,11,-944,-436,6585.34,24269.79
1002788,109587,1,17,-995,-614,2098.45,18571.63
1006832,104370,1,15,-554,-255,6624.83,17350.26
1006674,201432,1,21,-965,-246,27743.9,1425.49
1004735,105075,1,13,-254,-443,22598.27,943.71
1000919,102394,1,10,-923,-198,1408.59,2733.42
1006330,109342,1,21,-647,-138,1570.13,3233.74
1001081,106659,1,21,-729,-441,8708.58,5236.63
1002892,101869,1,7,-591,-135,32539.47,2331.06
1004444,105693,1,7,-879,-209,3798.52,783.75
1009565,201378,1,12,-152,-257,26408.94,4563.49
1006522,102362,1,18,-905,-263,21117.04,3712.39
1006284,201371,1,19,-43,-533,20004.64,6300.3
1001672,100801,1,4,-63,-726,25927.91,2792.91
1005141,101775,1,9,-234,-472,13557.18,6787.21
1006496,104806,1,11,-293,-11,15798.69,22396.0
1004416,201994,1,19,-223,-364,10041.29,21411.72
1005229,103364,1,22,-738,-520,14614.26,4794.93
1004385,201309,1,22,-173,-794,11690.21,3015.43
1007628,104293,1,19,-634,-532,39396.72,7857.35
1008937,105119,1,5,-511,-694,251.73,15450.74
1007157,100305,1,23,-311,-475,10570.2,814.37
1007749,104083,1,19,-633,-178,6576.47,4225.93
1007826,106021,1,12,-836,-256,357.18,27842.88
1000419,200305,1,21,-783,-350,1491.53,18065.18
1002572,100975,1,15,-883,-536,2101.32,26730.19
1007663,104920,1,2,-965,-747,7639.18,3600.99
1005974,101736,1,20,-518,-162,6565.72,12853.52
1006787,201393,1,3,-275,-354,1299.42,14902.18
1006028,103020,1,2,-299,-545,4936.54,6134.21
1000090,200782,1,2,-394,-452,11400.18,21943.03
1002376,109695,1,12,-701,-452,5371.1,1324.33
1008392,104138,1,18,-230,-695,5303.54,12957.01
1008225,106929,1,18,-680,-375,6986.36,8783.07
1004102,201329,1,8,-944,-339,2921.34,2526.93
1003392,104887,1,5,-236,-951,5185.6,1541.61
1006562,105209,1,13,-651,-619,11232.5,13767.53
1005454,200954,1,14,-356,-952,162.35,20526.38
1009751,105349,1,7,-787,-979,6102.6,928.15
1005545,108457,1,23,-614,-575,9552.04,13809.79
1006517,201304,1,15,-529,-856,23730.79,3148.32
1007780,100525,1,19,-341,-112,20662.83,7998.41
1004199,104904,1,20,-389,-434,3248.79,6661.88
1007160,201362,1,8,-758,-873,4223.34,20036.48
1005542,104609,1,11,-86,-951,19607.84,8728.19
1002361,100178,1,17,-207,-684,2361.16,15963.32
1006336,109166,1,10,-921,-700,3513.37,3268.51
1005486,109113,1,2,-299,-573,8544.61,36546.43
1002030,100707,1,9,-493,-657,1460.15,299.23
1002724,102585,1,14,-408,-965,16141.91,15520.92
1005051,102463,1,1,-339,-493,4234.38,1433.48
1000312,107598,1,13,-120,-94,9411.84,3316.45
1002127,105861,1,5,-979,-73,3805.06,246.73
1000277,101096,1,16,-825,-949,852.48,26166.23
1000657,107446,1,21,-454,-295,25538.22,22315.98
1003678,108784,1,22,-979,-32,5548.6,6717.5
1000747,104592,1,17,-92,-916,11146.13,8719.69
1003306,200785,1,23,-405,-486,1611.63,355.57
1006321,104621,1,21,-278,-677,7911.6,1504.07
1005503,109326,1,21,-810,-859,15946.37,24269.3
1003717,104516,1,5,-371,-469,13509.82,9202.98
1004124,104459,1,10,-630,-460,2183.18,25822.76
1007632,200637,1,6,-106,-792,7183.25,5029.19
1004119,101029,1,21,-929,-113,623.93,39962.06
1001390,101295,1,11,-132,-753,9629.99,9981.67
1001192,201735,1,21,-126,-706,23038.72,11260.93
1008082,102800,1,14,-51,-340,23184.5,7463.2
1004357,109048,1,6,-280,-848,86124.91,61313.25
1007220,201282,1,23,-635,-908,18361.36,12147.97
1006315,104342,1,23,-410,-784,5013.11,23619.98
1004201,201655,1,6,-671,-408,22293.95,1208.14
1005376,100076,1,21,-150,-821,5743.31,2157.27
1009228,109153,1,11,-701,-254,44.56,24952.45
1009801,104532,1,1,-457,-242,3419.08,4418.95
1005825,201030,1,9,-791,-279,3708.93,1299.27
1008662,107647,1,13,-807,-644,7361.9,9457.03
1001218,108701,1,11,-693,-298,10230.84,6076.96
1005705,101319,1,5,-885,-707,16659.42,17330.06
1007085,103248,1,2,-170,-242,404.14,22077.84
1002862,107214,1,7,-775,-43,24630.89,410.02
1007518,106940,1,22,-814,-318,13196.78,14650.71
1007891,102691,1,23,-449,-112,15202.01,940.59
1009966,100587,1,4,-231,-659,8120.22,6144.89
1000086,101314,1,3,-534,-268,7386.57,1093.96
1005761,108705,1,6,-344,-545,40928.52,3593.81
1005503,109326,1,18,-726,-397,9803.81,4823.42
1007416,100097,1,12,-25,-759,3271.09,364.43
1008492,109705,1,11,-175,-265,25704.15,5712.28
1003829,102960,1,13,-376,-391,331.53,15396.1
1002472,201623,1,18,-729,-40,4873.28,23090.1
1005565,108228,1,14,-552,-551,2246.73,1284.5
1004103,105767,1,20,-796,-342,5210.11,4877.2
1004560,100398,1,23,-870,-302,9177.84,16101.49
1009913,200160,1,6,-431,-134,5103.54,1803.49
1001247,104119,1,1,-374,-199,17245.45,112.77
1007011,100328,1,4,-109,-767,25847.21,3952.51
1004437,102324,1,23,-872,-784,6433.66,2737.69
1004489,107539,1,14,-276,-435,4898.79,19258.91
1002162,106791,1,12,-814,-518,23251.61,11465.9
1007875,106876,1,10,-673,-861,22000.1,24524.23
1003962,101580,1,18,-548,-566,2460.2,1527.91
1007101,201814,1,18,-252,-888,2408.45,5763.83
1000577,105530,1,13,-577,-799,7490.09,16320.62
1001661,105644,1,13,-978,-529,11700.16,9502.81
1006282,201297,1,9,-223,-644,11875.99,10028.92
1002112,103187,1,21,-127,-599,23116.55,5228.43
1004682,200369,1,4,-950,-712,17312.5,2781.5
1003680,104230,1,18,-289,-47,9323.76,3808.6
1006868,105424,1,21,-759,-164,30643.86,5744.94
1000873,106040,1,12,-909,-240,4877.41,2044.02
1004946,201798,1,22,-778,-790,12116.07,62963.41
1008005,104206,1,6,-723,-218,8125.64,5141.79
1009378,108272,1,21,-380,-741,18494.3,2006.92
1002591,108132,1,6,-253,-308,6252.09,14459.2
1006833,200845,1,12,-389,-628,24808.29,874.18
1002961,106898,1,11,-136,-185,6849.37,10338.62
1000098,100978,1,19,-395,-372,4997.34,6044.87
1007157,100305,1,1,-109,-277,1149.59,16564.78
1008168,103210,1,4,-553,-188,13127.83,1743.34
1008926,200284,1,21,-269,-388,3145.21,5473.35
1004630,100919,1,14,-875,-975,5546.06,5699.84
1004078,102194,1,7,-955,-254,17987.22,9541.67
1007451,105270,1,11,-745,-455,13646.83,44284.94
1009226,106933,1,13,-42,-859,261.6,719.4
1005652,109060,1,7,-64,-736,4425.74,4848.89
1005088,108603,1,18,-231,-267,8364.28,19708.69
1006071,108385,1,3,-167,-188,618.89,15709.47
1003229,100095,1,1,-441,-602,7363.16,603.84
1001599,108443,1,3,-986,-177,20344.35,15741.31
1005278,104020,1,13,-645,-754,1755.65,11432.87
1005556,107024,1,12,-133,-639,13268.13,40201.08
1000563,102389,1,21,-799,-964,17266.28,25734.54
1001650,103222,1,14,-445,-115,11147.39,1389.41
1004274,108610,1,3,-309,-153,8168.25,13429.34
1001366,109733,1,12,-924,-103,12849.63,8408.85
1009226,106933,1,3,-685,-121,3428.2,10392.99
1006790,200371,1,5,-191,-200,6945.77,10078.68
1006333,105758,1,11,-683,-215,14003.37,1322.94
1003450,101839,1,23,-453,-822,11595.41,4619.85
1009269,104293,1,9,-687,-15,26643.11,16366.78
1006985,101309,1,3,-519,-566,5845.46,4053.72
1008147,105753,1,19,-932,-16,37568.64,5074.86
1006834,103230,1,4,-714,-896,5777.39,25237.14
1007347,108054,1,15,-947,-727,29788.9,19312.21
1007466,105358,1,16,-289,-121,33461.81,8290.65
1001575,106721,1,15,-421,-956,8871.46,3524.5
1009942,104703,1,20,-480,-33,9873.49,251.64
1009140,105374,1,4,-106,-544,18990.3,201.85
1002829,109252,1,23,-368,-849,1491.85,3717.19
1001177,200729,1,4,-295,-417,1146.29,27604.59
1005139,200497,1,3,-140,-558,4134.65,13827.81
1000457,201897,1,14,-700,-711,437.73,26956.63
1008607,103876,1,4,-566,-340,2485.68,14298.0
1007329,100603,1,2,-224,-868,583.59,9794.11
1002239,201302,1,10,-499,-156,11211.33,7610.44
1004846,104298,1,14,-265,-228,4600.3,6895.0
1007393,101357,1,5,-627,-206,8122.49,6064.84
1009887,105265,1,8,-393,-754,232.91,12364.09
1000937,101390,1,3,-339,-708,10788.36,33447.14
1009449,101482,1,18,-41,-95,12036.36,9806.67
1004673,102209,1,20,-530,-503,208.38,2077.54
1003835,108745,1,1,-703,-546,15102.86,9283.7
1001506,107025,1,6,-28,-542,229.77,5892.17
1000949,107935,1,1,-197,-464,7729.06,2213.58
1008618,201799,1,8,-82,-41,1980.52,15993.23
1008891,200655,1,5,-934,-892,11436.78,3262.59
1008530,104944,1,10,-998,-474,5964.99,20549.47
1008264,106983,1,3,-427,-556,2677.13,258.9
1002712,100149,1,4,-344,-81,2028.32,3869.42
1002175,105599,1,17,-218,-759,10762.52,4731.89
1002192,101549,1,6,-609,-293,5149.23,6719.94
1008950,108196,1,2,-827,-533,13592.8,4545.88
1008754,104523,1,3,-279,-379,4071.16,12514.68
1007559,200324,1,18,-919,-554,8300.93,14321.86
1000163,201464,1,19,-99,-957,10169.88,6899.49
1001912,108423,1,16,-386,-557,16694.19,2067.7
1000183,103443,1,15,-356,-888,7235.32,6565.57
1001203,101501,1,23,-395,-979,23617.62,10067.28
1003226,105568,1,17,-30,-274,16813.27,2401.21
1008052,100206,1,3,-192,-233,6580.98,8866.66
1001817,103020,1,9,-370,-425,4361.73,6739.62
1009671,106831,1,4,-529,-228,3951.87,602.58
1003842,108954,1,1,-676,-713,4145.05,17506.22
1000929,201204,1,20,-151,-697,3493.08,2299.85
1006547,200401,1,22,-881,-29,1160.89,2701.99
1003442,104415,1,3,-475,-667,5430.96,3278.75
1001933,104641,1,11,-302,-792,6098.13,36545.27
1007109,200232,1,12,-837,-842,16675.72,2101.64
1009112,106505,1,19,-819,-488,1229.95,10696.69
1003457,102899,1,6,-699,-490,3932.23,4053.06
1005459,106768,1,11,-394,-97,17180.73,7630.84
1006333,105758,1,18,-870,-299,3063.72,9661.05
1004863,201234,1,6,-910,-419,8907.3,14206.7
1006174,109270,1,14,-316,-11,817.51,772.16
1003316,109108,1,6,-127,-599,42171.48,16228.6
1000383,107629,1,9,-788,-269,7503.93,5856.96
1006532,102000,1,14,-893,-250,1998.98,1632.76
1008811,108529,1,2,-514,-992,974.57,22398.16
1000770,102241,1,16,-794,-778,4082.5,8302.18
1005200,101421,1,18,-116,-109,2942.99,1255.12
1000578,107658,1,7,-407,-732,2213.47,5110.71
1008661,102705,1,3,-125,-575,42767.6,1044.79
1007035,106763,1,19,-621,-898,5504.82,501.34
1006228,103108,1,3,-477,-911,3650.68,9863.11
1000231,107695,1,23,-198,-280,3706.0,3128.28
1003085,105300,1,13,-795,-582,18419.69,3899.06
1002428,100045,1,6,-691,-304,10880.96,12107.64
1004495,201327,1,22,-261,-487,568.29,5838.01
1002707,104563,1,12,-491,-43,1660.62,8947.53
1006886,200875,1,23,-984,-608,36724.49,1294.11
1002219,100784,1,17,-830,-314,3431.93,33334.25
1001627,102135,1,5,-661,-37,4190.45,5581.6
1006243,104200,1,23,-218,-412,620.33,11079.47
1000054,201824,1,16,-652,-675,15062.47,1052.98
1006946,102170,1,12,-960,-574,2054.38,2009.53
1004043,104112,1,11,-194,-678,24986.54,5701.84
1006559,200353,1,11,-972,-668,5980.29,2432.65
1003952,105410,1,13,-21,-587,2565.03,8812.87
1009482,104470,1,11,-535,-94,40791.02,4312.07
1005551,106359,1,12,-63,-110,21890.89,1217.47
1006767,201547,1,17,-137,-890,19532.81,7853.47
1006387,200683,1,10,-700,-752,7667.73,13561.25
1009971,108090,1,15,-949,-467,3224.87,3052.24
1003034,105867,1,12,-758,-335,16524.81,11380.94
1008841,100023,1,13,-876,-563,990.28,3256.82
1000238,200485,1,21,-962,-717,24289.44,2226.99
1009087,108116,1,9,-136,-148,8027.09,16320.19
1002963,100869,1,12,-449,-399,9822.7,13796.94
1008273,105542,1,19,-242,-172,5160.89,8698.75
1005019,200413,1,18,-210,-308,6780.47,18395.57
1001177,200729,1,2,-727,-498,10015.62,7797.65
1004099,108364,1,13,-517,-112,4627.39,12476.11
1008289,109567,1,13,-313,-836,70.4,7733.13
1003143,106650,1,1,-918,-871,8325.32,29371.92
1008535,100355,1,21,-816,-631,2271.59,1115.89
1006592,201023,1,21,-507,-784,1127.4,47111.96
1001777,108636,1,1,-394,-246,7570.59,33155.7
1004277,105750,1,4,-316,-978,4846.73,802.14
1004421,108220,1,15,-324,-784,1698.83,3901.18
1005627,102561,1,19,-289,-982,1518.52,23098.43
1009466,101048,1,8,-939,-738,1285.01,13341.66
1008256,108108,1,5,-777,-430,35719.02,7343.49
1009257,104960,1,20,-863,-970,6385.13,3839.19
1006172,103027,1,22,-802,-456,16395.7,22547.37
1001268,101531,1,12,-371,-276,9115.16,8895.92
1004844,104015,1,11,-301,-56,16049.14,8797.86
1006641,201109,1,8,-800,-866,14241.37,21380.41
1008366,106896,1,9,-372,-204,16517.47,43236.43
1009371,106446,1,4,-61,-34,30082.53,52254.59
1008767,107273,1,6,-56,-18,1021.39,31655.9
1002086,107700,1,19,-281,-156,3324.51,37574.08
1007409,200056,1,21,-566,-465,1358.83,1452.4
1009971,108090,1,19,-580,-451,23373.49,9863.44
1008438,102534,1,11,-396,-871,6150.23,5130.98
1009002,106246,1,2,-578,-652,3927.94,26422.76
1009414,109073,1,19,-736,-955,2705.26,10382.84
1004255,104484,1,3,-19,-402,7644.96,495.87
1004706,108759,1,14,-152,-729,5187.83,13516.05
1000338,201908,1,11,-287,-317,8770.95,1457.69
1003761,104688,1,15,-384,-938,3689.36,1705.06
1000474,106829,1,19,-700,-764,929.99,811.93
1005711,107504,1,3,-433,-971,2925.83,635.35
1008730,104936,1,4,-107,-525,5863.32,556.91
1005949,109410,1,21,-229,-92,11125.18,28783.43
1004952,201372,1,3,-577,-247,19656.33,4995.25
1000486,200757,1,1,-135,-625,2067.92,4472.19
1006479,108873,1,21,-131,-318,8199.44,18125.26
1006923,109526,1,9,-354,-960,5274.98,8008.97
1008449,200184,1,4,-869,-737,34425.68,2116.86
1001849,101312,1,18,-196,-512,7108.03,12521.35
1007894,109617,1,1,-529,-798,24169.89,6271.11
1002910,201150,1,23,-323,-560,810.58,580.11
1000390,201536,1,15,-203,-644,3509.21,5892.18
1003546,200178,1,18,-341,-181,1878.02,8429.32
1000968,102789,1,7,-295,-706,48.61,6639.17
1002557,108380,1,19,-491,-611,3184.59,1374.62
1001508,105162,1,8,-627,-704,12178.09,478.94
1005188,101178,1,23,-434,-431,11078.0,13725.48
1008806,107553,1,22,-289,-562,44831.91,770.28
1003896,105177,1,5,-132,-970,11484.03,1399.21
1002529,200325,1,11,-369,-589,8079.78,1729.64
1007958,103018,1,6,-675,-440,10722.59,13034.9
1009454,102777,1,3,-887,-306,36702.64,14505.13
1005189,105216,1,4,-220,-272,10296.99,615.46
1000663,108732,1,13,-643,-919,7078.03,12360.83
1005980,107183,1,16,-946,-919,5267.48,14119.8
1008041,108582,1,3,-493,-253,7160.87,7374.41
1007670,101572,1,8,-522,-166,18397.45,3300.23
1008395,109471,1,6,-890,-913,6753.68,9902.58
1000557,200671,1,4,-93,-40,14292.11,14455.04
1000958,200990,1,16,-387,-204,7518.96,2689.65
1009742,109243,1,15,-219,-518,11047.33,9593.76
1003681,109944,1,6,-325,-129,8229.26,20235.45
1002686,101143,1,6,-34,-692,7525.79,2969.45
1005033,100466,1,12,-630,-592,12488.13,14956.24
1002728,109975,1,16,-550,-287,682.91,2627.13
1003328,200682,1,14,-138,-580,1416.35,14178.92
1006662,108131,1,1,-920,-108,6495.31,2550.16
1008702,200515,1,2,-249,-598,391.15,10796.93
1009042,108385,1,1,-653,-328,27486.22,9975.71
1000252,101120,1,12,-543,-795,5203.43,4207.05
1006893,109290,1,23,-793,-121,7402.16,26.81
1002610,109049,1,13,-509,-79,4044.52,3435.61
1003563,108002,1,19,-544,-677,3791.69,459.78
1009143,102803,1,18,-153,-760,3780.29,422.53
1007665,100019,1,10,-515,-706,6172.69,8914.29
1008929,200742,1,23,-641,-902,16385.98,8459.19
1009056,104997,1,18,-29,-796,15255.95,5421.41
1002795,103652,1,5,-889,-316,4469.01,1273.93
1002489,102227,1,9,-898,-549,7080.37,2105.49
1003748,100654,1,3,-882,-978,4239.07,6746.84
1001168,103751,1,9,-962,-445,2258.71,4456.96
1002691,100350,1,12,-616,-76,10716.73,11715.73
1003209,105239,1,11,-584,-108,1769.15,3112.05
1009053,101296,1,11,-171,-997,60836.88,7344.46
1008254,107401,1,8,-858,-302,11745.77,3567.09
1005412,105287,1,20,-251,-160,812.96,7041.85
1006867,201185,1,12,-493,-893,2543.65,8167.01
1001675,109080,1,7,-891,-112,3972.98,6334.03
1003084,103402,1,2,-294,-887,1618.17,14505.8
1005666,104147,1,7,-625,-146,6529.02,14897.06
1003370,103251,1,3,-638,-82,4251.49,2876.91
1000643,107898,1,13,-497,-356,6852.24,1328.15
1006131,108139,1,23,-582,-18,27159.25,655.0
1001277,201002,1,23,-537,-462,826.13,1730.81
1008782,104316,1,7,-973,-825,1147.09,4722.21
1004083,109143,1,9,-14,-877,5812.6,13886.66
1005112,109223,1,21,-508,-300,12988.42,9720.96
1002469,200043,1,3,-554,-362,1829.28,18380.46
1004260,108307,1,16,-966,-270,12498.1,24087.04
1000219,109085,1,16,-193,-181,7892.44,1102.53
1008590,101625,1,9,-148,-638,15738.44,11620.58
1003830,109981,1,16,-913,-196,76.6,43575.33
1007103,101701,1,16,-540,-978,2748.72,25330.62
1000448,201186,1,19,-246,-196,164.34,3862.08
1007387,108882,1,5,-410,-958,11156.38,18235.03
1009232,105002,1,16,-279,-858,23451.84,5175.35
1000376,201670,1,7,-727,-480,4738.96,2333.25
1001553,200775,1,9,-486,-368,2540.21,13313.64
1008413,101753,1,2,-454,-753,883.79,15722.56
1007905,108823,1,4,-116,-699,6954.59,948.16
1003091,106023,1,3,-731,-952,21024.16,8063.25
1008505,104731,1,18,-423,-630,15301.69,5524.42
1007455,103917,1,12,-957,-270,23162.81,11515.65
1006113,105588,1,17,-849,-482,8306.18,1625.45
1004040,109102,1,5,-794,-581,2760.89,15840.95
1009567,105871,1,21,-174,-249,15566.41,21415.2
1001749,200509,1,3,-755,-18,4956.01,365.8
1001156,108326,1,8,-444,-588,3898.53,17534.17
1003016,102849,1,17,-317,-110,25269.38,12730.27
1003084,103402,1,20,-245,-173,15002.65,21944.24
1003800,200692,1,22,-722,-114,2233.39,2542.36
1007406,100366,1,11,-974,-953,15713.48,3083.13
1008380,105863,1,23,-78,-404,5283.39,9797.52
1001425,100303,1,5,-575,-289,7494.0,2260.8
1002651,105082,1,18,-762,-757,3984.1,15857.72
1005834,108466,1,17,-592,-200,5286.81,3903.23
1004189,101878,1,8,-413,-843,39589.75,3270.03
1002690,100518,1,8,-744,-775,13932.4,258.63
1004169,100145,1,3,-798,-956,7050.51,18429.37
1003193,108729,1,7,-821,-12,12032.17,12565.35
1008612,105024,1,5,-565,-521,130.38,4552.22
1003091,106023,1,19,-509,-961,25532.2,965.17
1000786,200029,1,8,-40,-853,8201.24,3366.46
1009289,102400,1,13,-249,-486,7070.41,10231.01
1005114,104851,1,18,-517,-494,2612.29,8775.77
1003530,107507,1,15,-971,-898,29937.57,92.74
1006548,106052,1,17,-975,-50,7055.0,137.78
1004573,103982,1,5,-581,-15,399.04,11137.51
1006747,200160,1,12,-43,-868,4928.68,9069.23
1001013,106748,1,8,-917,-550,8694.96,3.33
1004706,108759,1,18,-211,-646,1610.2,5299.52
1001342,101581,1,19,-716,-720,11348.16,580.08
1007945,102697,1,10,-289,-183,8808.15,11841.08
1008025,201769,1,15,-177,-936,5026.17,6299.16
1008900,105972,1,18,-350,-530,23224.31,86.44
1004709,102359,1,5,-386,-405,26693.16,8185.68
1007663,104920,1,3,-287,-484,29491.98,5918.75
1005166,100088,1,5,-910,-973,294.77,2503.34
1006330,109342,1,7,-934,-839,9391.51,11834.9
1002232,107115,1,6,-345,-934,13212.52,6118.83
1009051,103561,1,15,-983,-835,6770.33,33795.99
1005414,104909,1,22,-239,-803,2468.64,10341.07
1005162,106584,1,6,-91,-523,7.59,53.11
1007280,102269,1,7,-697,-967,2443.34,3011.53
1006555,103577,1,4,-882,-530,7788.1,1066.31
1002740,108117,1,11,-745,-243,10886.85,2351.03
1002949,101510,1,19,-371,-529,4777.98,18982.86
1007396,105110,1,17,-215,-737,806.36,8736.52
1000392,201274,1,12,-993,-797,14461.16,8279.46
1007046,101807,1,15,-991,-600,595.6,4422.94
1000376,201670,1,12,-779,-108,2321.57,19577.79
1006028,103020,1,20,-172,-543,4496.39,2077.6
1002929,106436,1,13,-822,-692,13755.89,2097.17
1006442,200049,1,9,-537,-849,10425.33,7039.77
1003619,106971,1,10,-249,-492,16493.14,2206.53
1005139,200497,1,4,-979,-369,10435.49,812.79
1001398,104795,1,11,-611,-681,1382.98,2295.27
1008178,101865,1,2,-326,-222,16360.04,13689.07
1005153,107800,1,16,-569,-264,19444.82,9432.83
1004567,107464,1,5,-602,-721,10670.27,2194.61
1003999,102133,1,15,-717,-978,837.65,7528.67
1007489,107729,1,21,-965,-407,9118.96,7316.13
1008374,107548,1,10,-45,-595,4742.21,25964.15
1003663,100325,1,13,-874,-784,4503.95,23516.32
1009026,102720,1,21,-975,-193,7530.14,697.26
1000117,104073,1,1,-452,-726,10150.75,8137.85
1005054,200280,1,20,-13,-401,5846.14,15368.53
1006392,201378,1,1,-963,-924,4713.29,4868.89
1007943,104944,1,7,-876,-784,6669.32,5131.42
1008918,200640,1,19,-287,-735,34081.07,5483.83
1008228,109876,1,14,-752,-326,2567.47,7683.31
1002855,108230,1,9,-210,-724,1690.38,10427.51
1009809,106411,1,23,-32,-770,5669.67,406.48
1008585,101927,1,5,-687,-919,28143.82,3451.34
1001841,101019,1,11,-73,-544,3377.28,10696.2
1000314,109486,1,3,-316,-722,5737.97,9627.08
1007304,107532,1,15,-85,-914,4138.98,12232.03
1007450,100032,1,3,-731,-367,8755.71,20990.67
1008909,109483,1,7,-351,-355,4975.82,8770.11
1004081,108969,1,23,-894,-823,27145.29,1578.46
1001769,108634,1,15,-440,-892,2386.52,9431.18
1001295,200437,1,9,-445,-659,7.35,10340.52
1000523,105360,1,14,-851,-286,5988.43,19592.31
1001873,106737,1,2,-543,-196,11299.62,21153.14
1004687,109641,1,15,-672,-63,3818.87,6025.74
1009820,109811,1,2,-252,-173,3340.33,5628.78
1003992,105368,1,8,-247,-83,30808.48,1346.13
1007225,109266,1,6,-20,-826,19519.62,20469.69
1003221,101088,1,11,-707,-872,20009.55,12005.78
1008671,109305,1,17,-539,-122,4591.61,932.24
1009043,104646,1,19,-888,-939,17406.43,35254.76
1003598,100240,1,5,-951,-92,32833.71,3004.78
1006763,100243,1,7,-936,-442,35050.69,846.19
1007154,201107,1,3,-739,-50,38184.81,7724.39
1003663,100325,1,22,-173,-275,16021.93,15612.22
1003161,107635,1,23,-28,-647,15869.21,736.86
1003781,104671,1,20,-617,-579,19937.15,12148.45
1001617,101310,1,1,-448,-575,12597.41,5828.42
1006335,103008,1,21,-609,-325,13833.69,2689.84
1004699,105379,1,7,-293,-228,4941.14,1922.15
1000782,103093,1,12,-616,-770,9360.19,889.94
1004475,106084,1,6,-236,-986,20331.13,8085.63
1005029,109844,1,23,-147,-23,2404.27,4767.21
1002002,102760,1,23,-156,-616,10862.54,1145.93
1006374,106973,1,18,-651,-379,17431.11,13001.06
1006243,104200,1,9,-401,-902,15337.17,8195.52
1007999,201526,1,14,-952,-587,4830.07,1654.43
1003084,103402,1,22,-290,-704,14944.39,4594.78
1003157,101749,1,22,-128,-969,1661.47,12339.2
1007166,103115,1,6,-579,-40,5639.86,13168.66
1000255,200931,1,8,-586,-23,4161.34,1122.09
1000053,102045,1,1,-812,-921,7284.25,14129.57
1004778,201687,1,12,-929,-747,11431.53,1986.17
1003264,101345,1,22,-746,-154,5251.9,4916.87
1001217,100324,1,8,-242,-260,390.62,22907.12
1003318,100589,1,1,-121,-804,2053.27,16162.79
1008032,200813,1,3,-612,-668,13690.15,10318.37
1000866,107604,1,1,-251,-284,9349.53,7759.78
1000151,109480,1,20,-571,-691,2644.81,6284.0
1006794,108958,1,1,-324,-712,55115.82,5297.19
1005275,201074,1,2,-282,-754,9842.71,28867.54
1000925,100750,1,20,-811,-282,10056.28,21102.4
1007070,100509,1,12,-723,-889,1593.77,2638.69
1000965,201068,1,12,-410,-576,22974.93,12692.43
1005768,101195,1,8,-468,-166,17258.5,28851.06
1002714,107561,1,5,-389,-80,7389.14,9365.91
1002943,102733,1,4,-952,-16,1444.78,18191.42
1004422,104669,1,18,-29,-297,8822.47,30860.02
1001192,201735,1,14,-406,-532,2063.41,9160.43
1001098,101974,1,4,-56,-369,15725.57,13474.95
1003159,101888,1,14,-334,-399,14737.17,4635.28
1004975,109413,1,10,-581,-582,5307.81,4368.13
1009314,101803,1,12,-689,-968,19394.54,1356.71
1007455,103917,1,3,-734,-649,1931.76,492.08
1000247,104558,1,18,-766,-998,1037.71,11823.01
1005352,101580,1,9,-786,-225,12735.41,42719.71
1006810,105816,1,22,-834,-780,7855.59,6156.62
1005188,101178,1,21,-776,-984,3107.99,1699.13
1008768,106121,1,9,-912,-321,11787.69,12152.17
1001506,107025,1,23,-254,-472,750.18,132.33
1009419,109148,1,1,-89,-321,1289.87,4119.55
1007287,109626,1,14,-657,-177,8351.02,9410.62
1009286,200091,1,12,-607,-618,1371.32,4344.62
1006927,103530,1,17,-33,-267,938.7,6794.28
1004609,106121,1,7,-675,-831,9686.66,629.26
1002025,200381,1,10,-705,-535,673.07,1656.2
1005360,108965,1,10,-303,-157,2775.44,10376.03
1006323,107449,1,1,-186,-102,9528.53,8207.06
1006881,105025,1,21,-954,-636,7749.84,5443.77
1004230,108579,1,1,-640,-66,24080.1,19203.17
1004551,201244,1,15,-769,-290,5811.1,1332.53
1001973,103908,1,13,-161,-282,13240.21,987.86
1005533,109090,1,5,-798,-97,10100.04,14295.37
1001253,100262,1,10,-355,-686,13274.72,41596.06
1002025,200381,1,8,-418,-361,18083.14,14198.41
1009934,108134,1,16,-413,-660,13172.75,748.91
1007213,103344,1,6,-51,-144,7800.04,499.13
1005172,103855,1,12,-596,-599,18919.65,34343.79
1006403,101583,1,23,-965,-261,17110.57,4534.17
1008599,106167,1,6,-391,-337,19601.66,5108.46
1003316,109108,1,4,-215,-594,7246.83,3964.06
1000347,200985,1,7,-385,-807,12002.86,14830.93
1008134,107342,1,17,-537,-632,55655.19,32.24
1004094,102853,1,23,-516,-405,14519.65,3684.6
1002244,107516,1,3,-542,-839,46981.79,308.16
1009626,201349,1,5,-392,-180,13888.72,3798.55
1006665,105893,1,7,-984,-171,18391.71,21344.12
1001863,201281,1,1,-833,-312,421.12,3470.09
1001588,101952,1,8,-104,-725,1146.92,9920.31
1005386,103270,1,7,-900,-653,3504.22,16726.28
1005043,201835,1,21,-945,-319,2242.25,7884.19
1004895,200806,1,10,-311,-872,960.16,3717.6
1001260,101809,1,12,-488,-355,4757.39,4652.79
1004679,105383,1,19,-227,-594,568.23,28107.91
1002727,107331,1,20,-201,-993,3538.12,964.36
1002901,109518,1,3,-200,-725,8076.6,492.73
1006805,200720,1,6,-78,-385,2699.46,11882.93
1001713,101520,1,20,-795,-449,5029.32,1611.62
1007125,200548,1,20,-759,-648,6170.64,1084.09
1008160,100556,1,11,-534,-875,21471.54,25149.75
1001700,200184,1,10,-70,-922,3847.03,16844.69
1004942,105415,1,16,-688,-489,4367.95,7559.22
1004017,200009,1,19,-495,-573,368.01,17806.93
1001331,100986,1,13,-881,-51,2097.45,11214.86
1003814,101279,1,9,-917,-718,6125.87,13694.32
1007471,101260,1,7,-179,-799,6676.51,15275.91
1000337,200108,1,9,-646,-640,15575.05,7938.34
1005982,109537,1,6,-662,-804,6574.49,5738.0
1002948,103190,1,12,-629,-750,9028.4,12783.0
1000955,100456,1,1,-799,-416,5682.96,19043.93
1005034,201683,1,16,-984,-821,4618.67,51902.54
1000044,200392,1,3,-448,-600,33088.28,8789.92
1008329,104494,1,21,-333,-129,2518.77,2409.26
1000506,100825,1,7,-845,-384,4.89,8537.67
1001292,100334,1,2,-794,-113,3744.37,6202.15
1001405,103938,1,16,-613,-514,9944.34,7166.6
1001957,100213,1,17,-505,-233,5439.03,4539.94
1003045,108321,1,2,-671,-276,12435.73,15003.02
1004608,105961,1,17,-720,-296,8664.54,9180.49
1009062,103019,1,18,-882,-504,9132.41,9712.14
1007633,106224,1,2,-836,-412,2667.21,17084.35
1009865,103963,1,8,-491,-365,1898.99,626.64
1004940,104700,1,5,-568,-274,6668.21,5677.04
1009773,100514,1,5,-905,-597,11192.39,2709.8
1003561,200846,1,21,-393,-384,6685.15,7454.59
1008335,106008,1,20,-298,-688,658.33,15399.49
1008073,106211,1,20,-727,-547,5059.63,23075.21
1005935,200559,1,2,-517,-899,1352.66,9611.52
1002774,109236,1,1,-769,-400,2585.42,8418.45
1007011,100328,1,23,-472,-241,726.21,3885.54
1007635,201366,1,8,-353,-581,14377.86,11092.5
1008818,108427,1,4,-646,-506,5869.06,1222.09
1006155,109060,1,20,-578,-911,30800.55,1675.52
1000524,200151,1,22,-181,-697,10318.27,2602.87
1002183,102900,1,15,-753,-449,29302.41,12483.34
1008894,103963,1,22,-770,-340,14409.21,5109.79
1004020,102095,1,6,-787,-906,5503.09,11793.57
1000179,101525,1,23,-811,-297,14206.97,4223.29
1009888,101335,1,5,-68,-461,7315.67,13577.1
1005523,106658,1,10,-222,-604,2747.23,2109.52
1002653,104257,1,8,-486,-615,19029.02,7582.09
1001932,100813,1,10,-911,-456,22927.97,23901.42
1004072,104416,1,2,-758,-206,1186.12,4333.09
1004706,108759,1,6,-132,-162,11143.51,39585.06
1008753,107416,1,2,-757,-997,21868.56,13873.27
1008681,107941,1,6,-270,-416,20742.92,15742.53
1001641,107832,1,11,-319,-837,7892.05,5994.38
1009834,103287,1,7,-167,-39,2029.22,7825.58
1009323,108177,1,13,-810,-570,894.56,4680.31
1005863,105857,1,8,-179,-742,5634.05,10439.31
1002337,104038,1,3,-282,-751,11113.26,4378.49
1008812,109704,1,7,-936,-417,11386.76,9393.95
1003594,102278,1,17,-213,-387,1318.14,17191.27
1007852,106849,1,16,-430,-588,3115.67,5499.89
1001122,201951,1,15,-305,-832,12130.3,25238.69
1000107,102864,1,7,-664,-255,1074.86,15840.33
1007064,200403,1,9,-200,-813,13815.11,17971.32
1006770,109237,1,2,-907,-26,7809.73,2328.93
1004987,109557,1,22,-650,-15,476.98,2248.96
1003455,105030,1,5,-99,-840,20421.14,3271.0
1002366,107777,1,12,-306,-72,10579.88,21171.34
1009229,107171,1,16,-985,-441,4197.15,21626.68
1004446,104250,1,11,-490,-946,5662.7,15438.45
1008041,108582,1,14,-434,-875,1095.09,9517.99
1009026,102720,1,3,-640,-758,5315.93,2818.94
1004871,102700,1,10,-284,-422,35056.1,35735.79
1006935,104032,1,14,-237,-136,8205.37,289.37
1007402,109738,1,9,-256,-803,7555.07,16077.88
1003549,100165,1,21,-780,-599,6326.73,5742.48
1006457,104448,1,14,-262,-128,71304.6,13788.19
1003538,105587,1,18,-601,-47,33617.98,1631.98
1002894,201746,1,19,-432,-293,13982.09,20887.89
1004625,105652,1,3,-739,-435,874.54,2074.35
1002641,102333,1,21,-437,-601,19712.67,21176.08
1000914,100823,1,21,-532,-953,3655.01,7180.98
1007443,107809,1,7,-506,-611,1733.79,958.49
1003688,105253,1,21,-555,-674,1247.63,1848.46
1000307,108972,1,1,-360,-801,4332.48,4302.26
1006945,103288,1,5,-968,-635,10365.88,11504.06
1005521,100919,1,11,-263,-178,9904.65,4659.4
1006436,104950,1,10,-622,-475,3328.66,10715.73
1000845,105111,1,18,-508,-440,1720.5,10572.02
1006179,107343,1,13,-677,-81,1669.11,10988.79
1002021,100359,1,13,-935,-299,47890.34,328.56
1003111,200572,1,11,-557,-705,26040.48,25507.6
1001818,109014,1,14,-408,-718,7936.02,11334.49
1009766,108544,1,15,-279,-665,530.78,15476.1
1008326,108125,1,19,-543,-778,2011.62,8264.89
1007520,106042,1,9,-358,-324,28726.78,276.92
1001703,102564,1,19,-863,-463,740.85,2871.02
1003441,102144,1,12,-851,-477,1876.28,24869.65
1004035,105410,1,9,-267,-496,11301.62,17165.02
1001070,109652,1,23,-811,-972,1778.8,2059.42
1004145,101408,1,13,-205,-49,6418.2,1334.09
1001999,106491,1,15,-548,-414,13204.44,4053.16
1004781,200546,1,2,-880,-55,1796.85,5757.41
1006221,106846,1,5,-588,-532,7639.94,1473.27
1006063,104375,1,16,-303,-581,6578.34,3844.31
1002451,108305,1,21,-290,-983,7372.05,1253.44
1002182,103685,1,9,-466,-127,9957.92,2297.76
1005579,104649,1,14,-814,-393,1000.2,7655.22
1001079,105622,1,22,-955,-229,45110.24,25826.27
1008107,100924,1,16,-251,-153,2346.75,3818.72
1003774,107251,1,14,-304,-960,16003.27,3425.23
1005215,101023,1,21,-759,-496,12481.85,5863.14
1008069,103630,1,22,-806,-412,3828.86,7576.32
1009566,104288,1,16,-837,-516,315.49,6060.97
1000504,106481,1,6,-350,-794,4667.45,9120.16
1007882,103989,1,7,-712,-170,21118.34,7683.0
1005123,103686,1,18,-456,-135,8952.67,4043.42
1000153,106081,1,19,-257,-78,2928.04,5676.79
1009745,101219,1,6,-905,-312,3266.21,23611.72
1004988,101758,1,15,-961,-870,10112.37,1330.82
1006172,103027,1,17,-796,-92,7179.2,2450.35
1007786,106211,1,8,-142,-637,3053.47,11585.9
1006100,106702,1,7,-865,-170,323.08,10324.37
1001666,104392,1,23,-259,-854,9539.42,298.72
1008159,201975,1,10,-106,-83,46546.62,514.68
1007806,102785,1,18,-612,-189,12873.68,13952.17
1005104,200160,1,6,-636,-469,3938.14,58.08
1004571,103307,1,10,-835,-520,23195.07,6371.19
1000023,109312,1,17,-931,-752,4623.09,19215.11
1000336,102457,1,8,-238,-806,7377.61,8042.81
1004916,102802,1,21,-616,-399,675.02,14167.86
1005221,100896,1,23,-763,-720,8270.35,2953.93
1008009,102014,1,23,-847,-691,180.73,13721.91
1007594,109914,1,5,-368,-100,8098.4,23925.89
1000088,108057,1,20,-193,-808,5615.62,10482.52
1001609,104550,1,4,-225,-935,50752.2,9093.46
1008942,104739,1,21,-987,-948,3668.5,6478.79
1006838,200177,1,10,-792,-639,8802.75,927.45
1002933,104384,1,17,-411,-287,19695.62,23864.77
1005719,108581,1,15,-919,-548,2660.79,10723.6
1000180,105851,1,5,-62,-748,5351.34,35311.44
1003390,109743,1,4,-576,-120,2156.61,2213.84
1002518,105138,1,20,-885,-674,1230.55,21353.79
1000932,108339,1,13,-442,-102,2889.38,13932.09
1006270,107430,1,3,-791,-741,31158.2,31095.56
1009803,100614,1,10,-413,-563,497.03,2915.98
1002323,106741,1,8,-142,-227,16698.07,2969.7
1005847,104844,1,5,-840,-377,2655.68,6438.43
1003775,108428,1,17,-659,-169,8706.4,10444.97
1008966,109280,1,12,-587,-785,9187.43,3835.0
1002437,104022,1,7,-933,-151,1458.45,3798.65
1004720,107734,1,23,-39,-344,1339.06,6621.42
1000538,100590,1,19,-528,-752,5518.58,1994.56
1000593,201269,1,3,-892,-947,4361.62,10342.11
1003001,106833,1,12,-215,-329,3467.22,7592.76
1002265,106078,1,13,-592,-800,34099.65,14210.31
1005066,103840,1,14,-147,-617,9924.67,1932.75
1009265,102023,1,10,-580,-253,1165.89,13625.74
1004277,105750,1,7,-849,-916,2313.46,16223.73
1006671,201909,1,2,-985,-393,5047.0,4722.79
1002723,100801,1,15,-171,-684,7695.16,884.44
1000548,201890,1,15,-124,-405,30203.86,17580.07
1000923,100204,1,9,-969,-523,5406.22,3242.04
1002384,101878,1,17,-31,-107,14545.58,1455.31
1007256,103520,1,8,-215,-690,632.2,2600.3
1000804,106398,1,3,-632,-112,33185.95,13590.93
1008992,109979,1,13,-992,-661,5912.37,2211.76
1009059,109680,1,3,-960,-45,9901.1,5498.77
1003165,100874,1,16,-261,-73,34336.39,634.7
1000071,105512,1,20,-817,-83,9812.28,8105.97
1001600,103516,1,3,-938,-117,10303.59,1203.66
1001078,103131,1,20,-725,-417,5192.26,3061.93
1005720,100852,1,22,-715,-463,1096.55,19569.08
1004111,106737,1,13,-355,-828,2050.62,12502.72
1009087,108116,1,19,-424,-641,4917.21,1388.05
1002517,103732,1,2,-106,-132,249.66,5636.51
1000516,101414,1,23,-613,-441,10375.63,34317.22
1005161,104317,1,2,-839,-775,14023.0,3696.67
1001372,102823,1,4,-148,-750,4208.66,83.59
1003710,103970,1,2,-509,-62,1884.52,15363.14
1002396,106187,1,16,-265,-796,2161.15,6216.19
1001426,101743,1,13,-853,-493,1272.76,9490.22
1000791,106311,1,16,-844,-51,4029.51,1477.65
1001891,108004,1,17,-228,-989,18754.34,10843.64
1001630,108437,1,17,-10,-190,16036.59,44740.66
1006313,105805,1,23,-312,-318,20076.81,6608.31
1007701,105362,1,13,-833,-114,1978.94,5645.2
1008056,200727,1,1,-597,-100,17112.44,3899.0
1008747,109012,1,22,-621,-600,10271.76,3905.92
1001783,109991,1,1,-585,-317,8017.24,28115.3
1000539,200411,1,6,-595,-524,49300.0,4501.66
1009179,109015,1,5,-807,-502,549.63,10625.13
1007731,105123,1,17,-197,-143,9218.75,3101.96
1004454,104474,1,19,-647,-78,17296.66,7482.45
1003094,101429,1,10,-479,-316,22688.2,1340.31
1008978,106829,1,12,-545,-478,4510.05,2473.01
1000798,105892,1,1,-819,-769,3931.48,2053.38
1003498,200269,1,17,-78,-113,21212.38,4459.12
1008442,107435,1,4,-857,-409,13561.23,11661.33
1005867,201291,1,5,-650,-908,5517.27,5313.18
1009297,104662,1,20,-269,-414,110.44,22945.01
1000032,201198,1,19,-90,-371,516.63,15398.39
1009860,200776,1,9,-127,-840,1244.75,675.0
1003755,101857,1,8,-305,-886,1041.64,7646.5
1000867,201587,1,1,-265,-940,4725.81,5876.18
1005765,201030,1,14,-542,-461,14706.63,2544.78
1009538,100980,1,4,-126,-834,10737.37,3453.13
1006233,201040,1,8,-207,-503,5737.07,14453.77
1001750,104618,1,23,-299,-327,4273.19,18707.17
1006549,104768,1,11,-192,-195,1011.05,36847.54
1008640,100346,1,8,-254,-330,1968.01,7695.26
1001371,100368,1,5,-323,-679,25255.39,16673.47
1003833,103337,1,15,-64,-868,1584.32,2810.63
1007365,200472,1,8,-351,-490,3245.25,2793.34
1007140,201288,1,4,-705,-103,11306.08,6230.94
1001314,103417,1,13,-147,-180,30533.56,23613.8
1002702,100166,1,15,-615,-946,20489.8,7993.19
1002766,201594,1,22,-726,-834,19434.22,7259.56
1003585,106671,1,20,-487,-397,27479.36,5357.92
1006420,107307,1,7,-71,-719,15101.5,7887.15
1001567,100553,1,21,-28,-265,12130.33,30206.97
1005023,104677,1,6,-795,-105,28709.32,15162.91
1004352,109115,1,13,-142,-139,202.09,24279.33
1007709,201154,1,20,-374,-302,21368.73,9513.84
1002741,104609,1,14,-621,-402,20192.87,1096.35
1005180,105062,1,17,-877,-161,8455.86,1218.81
1005352,101580,1,15,-687,-916,21527.24,987.23
1003245,201282,1,14,-679,-653,2277.13,5586.53
1001679,200108,1,8,-601,-491,2591.21,4886.11
1006320,104786,1,20,-285,-580,4416.72,9160.71
1001921,107591,1,5,-421,-168,42159.69,40828.44
1009946,104981,1,2,-335,-520,559.71,8700.82
1005256,104996,1,14,-202,-102,1733.38,6768.15
1003802,102714,1,6,-31,-218,7284.44,13584.42
1001238,101830,1,11,-741,-962,9809.58,3905.86
1009911,104403,1,21,-175,-133,2673.99,15259.73
1008171,100693,1,7,-580,-343,2370.63,7427.85
1002451,108305,1,8,-432,-638,10694.52,2248.81
1001380,106606,1,23,-64,-127,19970.03,32221.88
1004437,102324,1,23,-829,-931,3272.72,4426.88
1002690,100518,1,22,-155,-475,33634.91,5807.73
1000106,108599,1,8,-662,-525,30657.35,1618.9
1000087,107893,1,8,-506,-115,1538.47,14334.55
1004071,201660,1,22,-906,-926,26650.68,640.41
1001323,102817,1,22,-89,-393,694.57,42961.39
1004375,100804,1,21,-817,-820,40956.92,10920.55
1000425,201878,1,8,-280,-740,1553.91,3668.31
1002294,100721,1,5,-520,-884,5969.82,8922.21
1006202,101297,1,10,-308,-938,3253.77,18101.84
1006816,100198,1,17,-465,-501,2925.98,11346.26
1006677,106607,1,19,-872,-827,7807.57,2078.0
1006929,109555,1,16,-668,-673,2053.35,2122.77
1008904,102534,1,7,-860,-350,4915.48,5274.67
1003719,100293,1,16,-207,-286,3534.55,21500.63
1000025,100145,1,1,-501,-859,11278.65,34543.82
1004848,109379,1,17,-340,-503,638.47,5747.0
1002635,104581,1,10,-336,-585,20297.67,4385.92
1006111,105896,1,1,-229,-601,7955.29,4172.48
1009091,107817,1,23,-867,-313,1166.31,8628.85
1009852,103661,1,7,-263,-556,5425.61,3034.25
1003379,200008,1,21,-685,-17,8452.44,4137.04
1003943,104829,1,23,-234,-227,2264.24,15285.47
1003235,103384,1,13,-860,-392,10760.45,556.9
1002062,200229,1,23,-318,-682,8983.81,5577.63
1009739,109061,1,12,-699,-840,1185.85,29378.73
1004122,101111,1,23,-124,-171,577.31,4275.28
1001728,106546,1,15,-188,-357,5000.31,12466.48
1002647,101640,1,1,-444,-487,26491.66,7558.29
1008927,105380,1,10,-171,-274,8096.68,10280.51
1004814,106943,1,4,-631,-361,16181.48,9582.43
1002043,105365,1,4,-532,-243,9041.33,4403.76
1004174,108003,1,2,-648,-165,199.7,13610.94
1006209,103272,1,2,-106,-191,37363.81,1488.3
1009794,201405,1,23,-675,-604,2729.35,37818.78
1002076,103108,1,10,-646,-49,8106.19,5258.73
1003327,107687,1,14,-408,-697,2164.57,5990.61
1001602,200129,1,1,-629,-28,7991.04,8991.93
1005000,100859,1,1,-833,-632,236.25,3056.24
1007493,101866,1,11,-417,-33,270.24,5419.41
1008135,201891,1,14,-387,-337,3267.88,410.75
1002162,106791,1,5,-106,-173,14416.94,9852.86
1006555,103577,1,23,-811,-460,5030.55,7572.85
1003225,108217,1,7,-146,-58,17792.9,29419.24
1006459,109667,1,13,-213,-613,25357.49,1238.32
1000065,105415,1,10,-982,-856,8976.58,10077.81
1000831,105929,1,17,-933,-903,553.16,31887.79
1001963,101232,1,22,-469,-503,18917.27,18942.91
1001778,107705,1,22,-579,-744,6556.56,385.99
1005469,106373,1,19,-433,-975,13754.36,7466.4
1003029,109085,1,5,-493,-938,1458.87,11962.25
1007300,108243,1,20,-364,-544,19041.35,25297.42
1002080,109604,1,21,-386,-519,13578.4,5001.83
1002220,109508,1,17,-931,-211,649.54,5122.67
1000109,107215,1,15,-221,-650,9831.78,17268.33
1002312,108645,1,1,-279,-454,6576.6,3423.02
1004956,109909,1,21,-926,-500,12415.52,3033.39
1002496,109188,1,12,-482,-850,10923.2,4091.79
1007845,109886,1,5,-117,-965,3613.37,7203.01
1001611,104658,1,1,-237,-528,40153.77,9718.68
1005916,102235,1,1,-846,-315,6045.24,36482.12
1008352,200888,1,1,-978,-439,1891.99,7162.84
1000613,109397,1,20,-508,-810,12275.72,6357.93
1000570,107894,1,16,-315,-449,1651.15,6859.93
1003836,101480,1,17,-601,-740,5310.4,13410.19
1006428,200899,1,6,-620,-329,2912.92,4817.69
1005586,100473,1,21,-923,-371,28440.18,14071.72
1007939,106570,1,7,-675,-851,5623.76,1611.34
1004032,109541,1,16,-459,-396,9766.8,8487.11
1008866,102705,1,6,-361,-641,676.97,2856.75
1003075,104858,1,14,-647,-623,21163.81,13843.66
1004874,104738,1,1,-808,-153,13869.35,7143.47
1007952,104113,1,14,-892,-953,4490.57,22477.17
1004771,201068,1,17,-905,-428,3665.51,6335.99
1008640,100346,1,10,-925,-133,3423.49,393.35
1005135,200300,1,6,-671,-92,26608.61,5100.59
1002763,101589,1,23,-28,-766,12406.64,19552.35
1000670,109468,1,15,-469,-169,1486.66,5071.7
1002786,201771,1,21,-236,-213,6446.24,4432.94
1005428,101078,1,4,-293,-701,8946.67,886.23
1001038,200567,1,21,-386,-643,42108.34,14052.32
1006003,106577,1,11,-426,-950,9483.18,5020.54
1001079,105622,1,16,-607,-160,2178.47,1110.98
1000989,104818,1,23,-667,-200,10289.25,8401.52
1001917,109561,1,16,-394,-40,3714.34,910.21
1004458,103986,1,20,-970,-58,31.7,8125.17
1001672,100801,1,9,-742,-840,3801.08,10993.7
1006500,201909,1,13,-72,-138,13937.79,18732.43
1000521,105700,1,19,-663,-388,9163.71,37859.94
1001168,103751,1,16,-994,-130,1443.73,16927.45
1000537,200454,1,9,-870,-996,10979.68,21956.94
1008936,102812,1,17,-547,-991,4999.52,1510.48
1005909,104329,1,12,-740,-552,669.83,3414.33
1001148,105414,1,3,-318,-315,8712.86,6994.96
1004577,100314,1,10,-200,-921,7733.02,20145.29
1007399,106594,1,14,-128,-312,2188.71,13606.98
1006073,103685,1,4,-122,-680,2747.61,5768.56
1008693,101869,1,22,-844,-960,4499.81,92.61
1001259,103939,1,21,-18,-115,7574.63,1533.3
1004583,100384,1,2,-311,-238,4424.43,11733.98
1000321,101147,1,13,-210,-348,12685.7,27352.47
1007352,101120,1,6,-133,-122,31000.88,23870.78
1000356,108361,1,19,-465,-483,8391.5,1976.63
1005626,104309,1,13,-274,-638,5674.26,3375.52
1002213,105808,1,6,-780,-375,4686.01,6191.56
1000612,107948,1,2,-721,-353,31666.12,2390.24
1003102,104789,1,10,-192,-573,15704.71,14600.9
1001737,108385,1,5,-370,-316,9821.25,4439.33
1006055,102800,1,15,-895,-817,2960.27,26191.45
1003861,103992,1,21,-31,-216,14942.47,2406.38
1001714,100642,1,13,-506,-939,5146.31,8040.63
1003557,101442,1,13,-308,-774,3936.81,8900.6
1009447,200794,1,8,-491,-634,10382.07,1268.44
1003292,108916,1,21,-899,-957,2254.7,28652.61
1000778,100797,1,11,-381,-896,16638.7,4623.86
1002273,104614,1,14,-881,-218,5721.59,7243.05
1006908,104434,1,7,-418,-423,13901.3,12500.97
1002100,200163,1,7,-248,-350,3719.86,6615.86
1003458,108878,1,3,-338,-184,24463.59,5186.28
1002693,201677,1,8,-778,-325,11216.5,2145.52
1005472,201272,1,23,-359,-762,16560.6,8683.43
1005629,103850,1,6,-556,-295,8769.64,4840.02
1003440,103793,1,2,-676,-538,19083.17,318.3
1004734,201685,1,15,-250,-996,1184.93,1365.33
1008899,103973,1,21,-341,-461,9611.59,1823.08
1004897,108574,1,1,-662,-235,5276.38,9817.31
1008578,102385,1,10,-232,-977,18249.27,27840.18
1001048,105030,1,18,-632,-283,11256.97,1213.08
1001029,101391,1,21,-317,-552,20286.19,4582.45
1006151,103802,1,6,-815,-34,1552.07,15762.62
1007516,103563,1,7,-148,-677,20619.69,13412.2
1007545,105954,1,22,-461,-450,3838.62,2323.81
1003252,200033,1,19,-589,-590,35036.5,3858.91
1006442,200049,1,8,-972,-894,4323.01,4561.36
1008554,109263,1,2,-84,-374,3620.98,15455.54
1003702,200965,1,15,-949,-129,6251.34,14625.94
1009090,200627,1,2,-950,-221,16338.34,25423.47
1007345,106042,1,17,-820,-309,3648.0,388.08
1008295,105365,1,17,-264,-997,4676.43,3104.81
1008784,104192,1,12,-868,-509,2023.19,13275.83
1002145,108408,1,5,-853,-899,3085.98,10978.08
1002174,100397,1,13,-307,-643,4170.49,481.34
1004815,200853,1,5,-724,-847,6123.95,1764.17
1001908,102639,1,19,-49,-580,5551.15,194.72
1002136,107153,1,20,-323,-981,3393.75,15474.17
1008122,103768,1,6,-145,-865,4704.5,162.28
1000261,109606,1,14,-675,-419,6348.47,428.29
1008393,200281,1,2,-892,-972,7594.66,5630.59
1001853,108559,1,20,-893,-961,1222.17,15808.62
1005818,108807,1,9,-580,-650,2539.05,14414.17
1003130,201267,1,19,-130,-432,5195.61,4076.64
1004649,109110,1,5,-814,-439,4315.36,3643.33
1002542,201787,1,5,-666,-54,22059.78,3856.94
1007702,201967,1,17,-502,-119,1409.08,458.14
1008909,109483,1,1,-974,-99,6566.56,10001.22
1000172,104413,1,6,-747,-481,6362.29,33047.61
1000568,101679,1,16,-623,-561,14549.23,28324.14
1009857,108086,1,7,-863,-457,8532.04,5759.58
1002301,103744,1,7,-380,-593,5033.21,8811.04
1001563,106856,1,5,-331,-954,3776.74,14307.39
1006017,100978,1,23,-945,-208,26950.57,4774.64
1000305,201492,1,16,-912,-619,7963.67,9929.65
1006924,101800,1,15,-208,-582,11469.15,2844.15
1002034,107227,1,10,-141,-406,525.88,4027.59
1007993,200770,1,5,-90,-904,4554.19,5564.86
1007715,201185,1,3,-129,-446,2554.73,939.74
1004250,201530,1,21,-690,-217,952.24,47274.47
1009029,105391,1,4,-93,-935,26410.75,2896.57
1006563,105693,1,18,-17,-859,20029.44,45882.96
1005135,200300,1,15,-327,-882,6394.25,30000.95
1002157,108720,1,23,-705,-514,4013.0,4948.08
1000626,102642,1,2,-815,-298,24494.71,1305.98
1001528,200597,1,22,-932,-389,4997.98,11987.41
1009422,102521,1,3,-571,-516,21541.68,9056.66
1007222,103250,1,21,-204,-734,4534.67,17018.41
1007111,201160,1,9,-532,-191,8636.86,21789.86
1003189,106720,1,14,-54,-690,16545.14,2804.89
1001068,100104,1,12,-40,-376,12376.02,15004.18
1000794,107870,1,12,-933,-897,11026.45,1463.26
1007674,100035,1,14,-858,-942,11274.42,22664.27
1003351,105030,1,9,-363,-931,6701.38,10095.5
1007668,102582,1,5,-616,-742,7211.28,11621.68
1009920,109830,1,9,-382,-335,16668.84,852.94
1004011,200349,1,11,-124,-337,2439.69,3236.87
1003670,107340,1,21,-480,-678,8940.51,3201.01
1004315,103752,1,16,-116,-199,1880.85,13608.52
1002236,201058,1,11,-597,-88,2994.3,25027.99
1008209,100958,1,18,-161,-886,10025.2,8035.16
1004668,106773,1,16,-896,-134,7152.76,773.01
1002932,106894,1,10,-706,-527,2719.63,5715.51
1009372,104985,1,6,-619,-683,3931.12,21562.6
1007032,107633,1,19,-945,-273,5197.7,34113.26
1001189,108720,1,9,-811,-487,4562.18,8379.17
1009206,106723,1,19,-548,-221,7379.63,1939.88
1009669,107999,1,21,-177,-198,4746.32,1743.76
1003630,107232,1,11,-932,-249,2921.59,4455.48
1000756,105083,1,11,-667,-571,9956.1,9862.83
1007099,103403,1,17,-352,-353,394.39,17276.62
1000164,100318,1,7,-678,-512,626.18,1858.47
1001110,101179,1,5,-354,-550,262.23,267.67
1000305,201492,1,14,-703,-548,699.32,5386.79
1003091,106023,1,11,-899,-635,7748.4,640.11
1009997,104541,1,2,-792,-895,862.6,4932.3
1000179,101525,1,11,-236,-100,594.01,674.07
1005297,100684,1,13,-604,-67,2799.74,6551.42
1004100,103950,1,9,-81,-734,4647.82,83818.6
1000548,201890,1,14,-411,-442,2329.93,24474.68
1008350,104282,1,1,-143,-463,16431.53,2480.51
1004358,101865,1,4,-648,-357,10299.29,9565.44
1003819,104038,1,9,-242,-748,13894.09,5957.89
1005160,103345,1,7,-514,-281,481.38,12831.84
1004396,106391,1,6,-855,-558,2122.05,5096.18
1003994,104281,1,15,-83,-842,3338.95,13504.08
1000545,100523,1,20,-511,-891,5799.34,9915.24
1001479,108325,1,1,-94,-199,2419.07,12710.54
1009517,107935,1,1,-415,-752,2596.91,3114.25
1008988,109531,1,21,-843,-419,16086.57,19916.96
1000984,102471,1,16,-474,-580,3834.3,10022.96
1009432,109409,1,12,-264,-853,3646.25,52.0
1000169,101759,1,9,-498,-624,13033.29,14774.23
1003889,101710,1,7,-952,-496,30937.09,417.98
1006783,103123,1,2,-581,-79,19988.49,16921.04
1006363,201462,1,23,-745,-405,9445.5,2798.76
1000657,107446,1,23,-906,-937,1701.16,25054.99
1009305,102669,1,2,-324,-898,2309.03,1030.4
1003258,107042,1,15,-874,-120,1757.14,1879.34
1006297,107963,1,9,-819,-808,269.0,15698.03
1008202,106910,1,20,-998,-594,30205.73,5871.42
1008010,109487,1,16,-988,-867,10595.98,1042.59
1004761,102333,1,21,-683,-342,2435.5,20777.53
1000482,107050,1,9,-954,-500,796.95,7320.9
1007627,107031,1,9,-913,-833,19310.68,1384.95
1005919,101848,1,22,-957,-606,6646.24,6214.63
1004505,107123,1,21,-600,-331,1796.26,10275.48
1006966,101450,1,22,-869,-471,4791.37,1125.74
1000261,109606,1,21,-574,-695,43884.95,800.46
1007719,104387,1,19,-188,-337,35969.34,10465.11
1004733,201954,1,6,-332,-698,17021.58,7205.22
1006618,201872,1,15,-769,-991,13090.8,2429.41
1004080,101698,1,16,-73,-231,17679.49,9925.81
1009686,106843,1,1,-995,-570,16506.4,7146.96
1009444,200356,1,14,-11,-54,22207.25,52550.25
1008655,105886,1,15,-425,-647,1902.33,11199.83
1008006,108161,1,8,-576,-374,51919.99,2031.55
1002992,103723,1,18,-233,-758,23098.48,12604.76
1000801,105413,1,16,-445,-302,32167.86,5356.92
1002792,108729,1,8,-796,-295,8111.25,7187.88
1009347,106994,1,10,-571,-303,7257.42,27985.55
1005322,106028,1,14,-440,-617,39521.58,629.4
1006748,107024,1,1,-520,-466,1537.61,18153.19
1004226,108017,1,6,-835,-136,48725.46,10727.57
1002791,200505,1,22,-448,-785,10917.77,8500.29
1005885,104693,1,23,-561,-898,129.77,9237.2
1007454,201785,1,22,-793,-624,6527.28,16281.75
1001542,108995,1,16,-319,-700,644.17,8735.6
1001008,108615,1,3,-467,-591,4242.07,893.8
1008988,109531,1,6,-486,-775,62772.75,665.33
1005489,200925,1,13,-232,-782,2659.74,9092.55
1005555,102618,1,20,-12,-351,667.43,5535.48
1003999,102133,1,15,-362,-261,10090.74,468.76
1002598,106855,1,21,-327,-10,659.1,11775.07
1007889,106337,1,9,-458,-815,5204.78,220.22
1009285,107144,1,5,-507,-41,13521.42,394.2
1005436,100041,1,22,-492,-310,3832.7,34502.42
1008873,200465,1,22,-280,-625,11909.96,14213.71
1009615,200429,1,15,-844,-200,6077.64,6124.42
1002672,104042,1,13,-688,-517,174.63,2131.51
1001877,105520,1,21,-199,-379,1683.22,3410.85
1008972,103434,1,8,-919,-717,10202.79,9492.15
1008801,103129,1,10,-709,-819,5943.55,9465.73
1001408,107419,1,16,-118,-919,3880.78,28736.31
1005767,100803,1,12,-403,-749,15785.49,22135.46
1003101,104208,1,12,-882,-884,9474.2,23571.9
1002341,107070,1,19,-115,-679,4360.72,23230.45
1007592,108167,1,11,-346,-178,4525.29,20695.29
1003615,105920,1,20,-972,-987,85.74,12411.65
1001673,108411,1,19,-501,-371,11053.19,878.69
1005079,200519,1,20,-126,-563,8374.56,2556.77
1005923,108384,1,3,-920,-249,2018.76,19346.96
1006233,201040,1,17,-103,-725,24253.43,7479.36
1007019,201592,1,13,-915,-780,3835.55,13200.86
1003501,101801,1,18,-879,-23,2007.88,1697.28
1008349,104068,1,20,-626,-336,8360.77,16291.93
1007180,109871,1,23,-130,-487,5022.11,19522.81
1003732,108744,1,15,-637,-943,11794.3,3357.72
1002853,105092,1,19,-679,-236,21022.3,8512.01
1009990,101937,1,12,-68,-245,11698.45,20012.7
1000380,107066,1,18,-222,-584,2797.41,1758.41
1000032,201198,1,13,-744,-712,13766.69,15296.39
1000023,109312,1,15,-290,-576,25940.68,729.67
1008167,109802,1,8,-627,-853,5198.74,10052.84
1002961,106898,1,16,-934,-97,1068.23,24400.04
1006875,107559,1,2,-237,-851,8114.83,6056.84
1006585,201721,1,10,-946,-73,41858.87,6922.05
1005821,103121,1,17,-968,-156,10589.29,45271.28
1002942,105304,1,19,-557,-441,23531.29,11520.89
1003257,104083,1,16,-809,-242,8937.98,2641.36
1009567,105871,1,14,-273,-34,11450.64,2537.41
1002237,109226,1,16,-642,-252,8877.15,5887.8
1004346,105898,1,15,-286,-874,5192.03,7772.06
1000189,102047,1,3,-35,-129,3378.31,791.37
1008971,104757,1,14,-86,-924,44331.81,5759.12
1001162,102877,1,2,-709,-447,3435.16,20360.86
1006014,106475,1,21,-860,-365,12874.28,552.59
1005972,105361,1,4,-165,-223,242.67,512.53
1006542,106351,1,23,-970,-51,4897.18,1840.82
1007353,109502,1,2,-994,-406,2127.98,22039.1
1007060,109205,1,23,-723,-468,4360.32,8566.47
1000599,201186,1,20,-435,-922,2048.14,4084.44
1001314,103417,1,22,-59,-641,10405.06,1977.92
1003665,201727,1,5,-680,-247,2734.63,3183.04
1004439,100567,1,6,-99,-175,14198.06,5476.08
1009650,106262,1,15,-430,-297,50281.69,3698.69
1007458,104501,1,14,-198,-305,9851.42,46949.61
1009464,108584,1,17,-678,-505,2431.42,21220.11
1004152,101466,1,16,-918,-286,5286.45,15166.02
1002405,100489,1,23,-314,-784,8657.65,2120.42
1002708,106823,1,13,-196,-501,3741.1,7184.52
1002017,101896,1,12,-916,-379,5918.06,4323.09
1009049,104950,1,3,-889,-479,8564.71,5157.21
1000087,107893,1,6,-496,-923,280.64,2182.5
1005676,108263,1,3,-251,-996,987.43,6508.75
1000755,106570,1,23,-216,-964,1646.12,4529.35
1009396,102081,1,16,-420,-232,575.81,3675.82
1005649,201838,1,22,-234,-826,7103.82,11615.73
1000006,102429,1,14,-910,-157,1210.39,12441.53
1003261,109342,1,2,-962,-380,4148.81,913.18
1006117,104401,1,1,-740,-797,1738.4,2327.86
1001500,107931,1,7,-339,-965,21053.42,11532.31
1009010,106685,1,11,-10,-911,3998.63,5859.36
1009262,108475,1,14,-191,-811,13556.87,10938.17
1007517,109434,1,8,-787,-165,7249.75,19593.06
1004861,101188,1,10,-284,-321,423.52,7841.49
1009054,200321,1,12,-42,-882,13872.65,5610.88
1005743,102770,1,7,-895,-363,9970.7,10415.42
1001646,108105,1,8,-212,-301,2760.71,96.48
1008235,101911,1,17,-353,-62,283.8,23138.44
1007570,109491,1,10,-966,-292,2114.21,5553.13
1002948,103190,1,13,-531,-74,1140.78,18627.84
1000990,101701,1,12,-51,-226,13177.76,3568.17
1009327,201733,1,9,-551,-620,14105.88,136.51
1000854,102888,1,19,-571,-234,37170.14,32255.72
1003275,104671,1,10,-497,-910,7291.35,16303.89
1005388,109519,1,14,-357,-499,270.04,3312.06
1004344,102362,1,6,-451,-617,8208.8,5524.88
1000400,104732,1,17,-928,-649,29158.45,3965.54
1007687,200666,1,17,-446,-720,20084.31,3378.13
1000752,200108,1,17,-247,-42,6549.65,1293.71
1002539,106400,1,23,-16,-340,36216.8,3290.97
1003237,107561,1,22,-138,-232,109.68,18445.1
1002050,101353,1,16,-579,-173,4429.76,20956.74
1005744,107467,1,4,-485,-566,12854.3,4786.04
1002016,201391,1,12,-263,-798,14001.31,1593.29
1009118,102723,1,9,-565,-908,13763.0,4465.02
1000967,105477,1,18,-710,-101,17649.56,2787.21
1001602,200129,1,11,-872,-865,11364.33,13229.49
1008824,106054,1,5,-516,-453,4306.38,2588.5
1007380,101134,1,15,-178,-13,11592.9,30120.7
1001016,109456,1,2,-371,-874,9530.57,6141.19
1003554,107585,1,7,-799,-631,1874.54,877.32
1003100,101334,1,8,-951,-346,2952.62,2378.44
1008691,200585,1,19,-896,-10,20435.42,15917.15
1005468,109536,1,21,-484,-930,8031.18,6552.18
1009404,100379,1,20,-262,-102,4103.2,2740.83
1009578,200236,1,18,-978,-515,7253.83,7471.58
1008493,109820,1,16,-103,-72,16733.21,37189.58
1007086,104114,1,6,-867,-136,14267.92,6266.55
1007148,102102,1,23,-152,-931,1957.26,1284.14
1004712,107109,1,4,-641,-695,12840.83,18239.27
1004151,201859,1,15,-667,-953,17521.32,83.29
1002268,107470,1,12,-231,-989,18091.4,1486.45
1004484,201283,1,17,-718,-946,10740.83,2972.74
1006829,109389,1,9,-152,-472,2585.34,1763.32
1005045,101180,1,15,-930,-849,9058.38,2304.12
1000032,201198,1,5,-627,-893,16129.6,10484.85
1005729,109961,1,1,-555,-693,34648.9,5148.36
1003949,104758,1,5,-478,-717,2060.49,4718.41
1003694,100213,1,3,-119,-312,5014.92,18392.02
1001980,102630,1,23,-132,-669,24597.84,10507.31
1000186,103555,1,1,-782,-39,45594.67,14590.69
1009333,109706,1,16,-63,-682,29557.77,11050.59
1002133,200690,1,5,-264,-586,1633.52,7295.11
1006117,104401,1,23,-250,-330,15403.4,6372.44
1003363,104327,1,19,-825,-953,22792.17,28237.73
1005155,201393,1,7,-573,-835,208.13,2351.96
1003635,102852,1,21,-469,-938,3973.64,2075.24
1001999,106491,1,5,-119,-270,11562.73,5750.9
1006945,103288,1,2,-453,-763,12991.33,6246.9
1007815,106309,1,11,-670,-577,4718.33,4783.02
1003336,201941,1,7,-812,-547,4864.99,25548.97
1009394,105692,1,18,-562,-218,9442.94,9162.3
1002110,108851,1,2,-412,-238,16238.86,3930.43
1009823,109644,1,14,-717,-978,1036.13,12779.82
1005483,105811,1,17,-360,-385,7271.87,14149.74
1005990,200646,1,21,-601,-164,28220.33,15640.5
1001223,105897,1,16,-154,-50,43.27,29737.0
1001552,104815,1,9,-777,-475,8563.51,9703.68
1009351,106440,1,8,-587,-525,16869.84,5773.81
1007085,103248,1,11,-619,-101,15031.86,8568.32
1006874,101982,1,18,-294,-953,11478.6,18031.41
1005531,201433,1,10,-309,-386,18370.7,5247.35
1001865,200513,1,11,-407,-409,7945.29,36887.04
1002909,201414,1,13,-667,-360,6367.18,8461.95
1002579,103166,1,22,-729,-550,13254.04,11641.17
1003213,108098,1,7,-120,-403,8580.01,19326.62
1009466,101048,1,13,-641,-63,9936.27,5923.01
1002148,104934,1,9,-760,-640,1253.18,2859.54
1007014,104810,1,4,-79,-571,12553.38,13331.91
1007394,108015,1,17,-716,-766,1434.58,626.6
1003408,200401,1,5,-315,-303,17863.22,20552.33
1003436,106793,1,14,-747,-641,9386.24,1139.66
1006984,105855,1,14,-983,-308,2465.87,32127.93
1001659,201588,1,18,-85,-422,14326.0,5527.42
1002974,102425,1,1,-543,-114,11729.21,7505.88
1000304,100915,1,11,-731,-545,1307.5,987.14
1005647,109789,1,23,-718,-851,8200.34,2265.4
1004196,101304,1,18,-902,-924,10385.01,8690.3
1000757,105401,1,22,-553,-873,26176.96,14003.24
1003132,107372,1,11,-136,-729,26362.51,4035.98
1001191,101341,1,6,-932,-375,7783.73,326.85
1005162,106584,1,19,-811,-959,24799.36,8431.59
1007410,200764,1,23,-886,-388,6106.95,5540.03
1009172,105805,1,19,-16,-411,10669.48,7714.22
1000885,102127,1,21,-416,-254,6258.02,3740.84
1003697,105171,1,11,-710,-23,21964.36,12056.17
1005133,103242,1,9,-568,-888,8314.93,2242.64
1009983,107586,1,8,-757,-695,19434.28,13336.75
1002940,105692,1,4,-718,-981,2361.43,4830.12
1006954,100365,1,12,-533,-226,97.46,2823.35
1000605,108741,1,19,-152,-357,17620.33,738.18
1004125,107350,1,23,-146,-847,541.07,23439.69
1007344,107654,1,14,-827,-858,689.86,1241.57
1006633,100634,1,9,-304,-60,2341.08,4097.85
1000151,109480,1,20,-837,-338,636.24,7291.27
1006694,101911,1,8,-547,-218,32791.43,180.92
1003562,109153,1,12,-464,-978,8527.3,14903.05
1000226,100810,1,8,-348,-184,8982.93,3675.46
1005384,104532,1,11,-493,-829,2626.51,5092.96
1002523,105363,1,18,-65,-133,7699.64,3988.19
1007731,105123,1,23,-364,-453,10160.45,1886.18
1006977,201089,1,3,-127,-546,5590.26,15017.16
1002022,108604,1,20,-982,-774,2820.35,43749.29
1000081,106104,1,17,-174,-522,22011.91,10402.98
1002065,106515,1,22,-460,-287,7875.23,21171.62
1005192,102160,1,20,-780,-475,16399.57,38896.15
1007923,201080,1,11,-148,-60,10754.79,15065.74
1001709,102245,1,15,-429,-917,15257.23,4046.31
1007127,200840,1,20,-325,-543,4568.25,11908.01
1004297,108921,1,23,-883,-836,248.74,1672.03
1003834,200491,1,22,-292,-409,27408.07,16413.18
1005572,102649,1,18,-468,-914,6999.2,17725.78
1001632,105483,1,16,-27,-383,1154.08,16164.31
1003153,108585,1,8,-469,-680,2711.95,11463.95
1007896,107086,1,15,-893,-455,9602.24,247.47
1004282,105403,1,10,-303,-68,5656.75,1710.56
1006776,101916,1,6,-425,-596,3393.43,2123.12
1005001,105033,1,15,-509,-939,2714.15,3594.92
1003302,103608,1,23,-572,-924,6221.54,6890.87
1008798,104007,1,6,-145,-678,7875.96,9316.17
1004287,105259,1,14,-406,-292,25915.54,9917.23
1001839,201356,1,17,-642,-759,9959.19,6373.37
1007272,201474,1,22,-300,-446,3535.41,15722.29
1000110,108179,1,5,-287,-636,5479.1,37316.03
1008935,102321,1,11,-40,-67,376.62,26403.8
1000571,200369,1,5,-211,-737,3735.09,6651.42
1000799,107847,1,23,-588,-268,4945.67,2981.16
1001969,100695,1,13,-155,-263,30994.31,807.6
1006480,104576,1,1,-922,-784,4740.72,9728.6
1006294,100897,1,6,-660,-28,8255.89,11026.93
1000922,200381,1,13,-360,-949,24222.19,1858.91
1005341,104155,1,22,-777,-137,1501.94,35246.96
1003029,109085,1,9,-66,-867,2832.77,12710.76
1002402,106980,1,11,-950,-87,25790.74,16.32
1005393,106803,1,19,-392,-813,19664.88,3513.36
1007769,104063,1,21,-117,-906,15787.98,3123.28
1000252,101120,1,12,-618,-455,32888.89,791.6
1009333,109706,1,23,-815,-203,1018.02,2963.55
1001312,109877,1,6,-946,-141,19986.67,5875.89
1003035,106969,1,13,-220,-414,743.62,10755.4
1004218,106104,1,13,-593,-440,2184.75,8760.78
1007530,201320,1,17,-955,-181,168.19,14025.36
1007094,107753,1,3,-416,-867,11707.37,14823.01
1006325,105510,1,3,-854,-149,12382.63,970.44
1006907,108165,1,20,-287,-991,14721.11,7586.85
1005910,105771,1,17,-146,-252,11199.51,18766.39
1003600,103143,1,19,-720,-283,818.49,1539.77
1007746,103566,1,10,-664,-361,5636.83,13825.12
1000602,106771,1,22,-379,-361,951.4,18209.92
1007025,104082,1,3,-307,-123,383.89,8931.89
1009158,105681,1,5,-340,-76,2041.69,22201.33
1006274,107633,1,10,-440,-609,3260.61,15893.79
1003129,101472,1,1,-575,-574,4640.68,11374.64
1004979,109833,1,22,-443,-527,41216.98,17817.66
1005231,105460,1,16,-100,-158,6633.77,14785.61
1008631,102059,1,2,-432,-923,2574.33,9092.34
1002691,100350,1,7,-42,-988,729.87,14180.85
1000695,201314,1,13,-615,-629,2518.93,10531.81
1006407,106580,1,22,-670,-590,1088.37,7246.45
1006782,200241,1,20,-831,-245,6136.07,10010.05
1006008,103614,1,10,-446,-146,20830.52,947.09
1007699,102029,1,19,-526,-481,35757.42,5554.09
1009863,201874,1,13,-708,-785,27508.17,5311.35
1007403,106835,1,7,-291,-461,16796.07,7085.13
1005492,108541,1,3,-419,-826,18688.97,1797.13
1006182,200314,1,2,-326,-175,2178.15,4757.26
1009302,100335,1,15,-779,-901,16439.05,7943.01
1006063,104375,1,23,-96,-419,8030.27,5183.06
1000430,106301,1,13,-245,-180,3403.78,8325.79
1006478,102964,1,10,-608,-572,10085.16,4983.12
1002926,106863,1,21,-658,-943,12286.09,7066.04
1004267,107067,1,1,-872,-942,20696.7,2361.98
1007103,101701,1,21,-850,-391,849.12,12135.45
1005985,108105,1,5,-255,-827,935.41,7346.02
1006341,105795,1,10,-189,-491,4549.0,20864.0
1008530,104944,1,10,-315,-445,763.03,2680.15
1006360,107283,1,7,-494,-308,12123.31,5030.38
1003411,100491,1,9,-419,-849,437.62,9962.89
1003669,101204,1,8,-528,-260,1014.51,5827.66
1006726,102835,1,7,-714,-352,23588.19,3320.1
1003641,200519,1,14,-293,-876,8230.49,13120.58
1004691,107119,1,9,-653,-109,4435.74,17586.24
1006435,105749,1,8,-136,-205,12833.11,10.21
1005280,103589,1,10,-852,-608,9436.8,18639.56
1007782,100195,1,7,-914,-446,5432.6,988.46
1000830,106495,1,23,-647,-709,1310.4,10682.44
1009174,101632,1,14,-152,-769,1798.77,26034.24
1007023,101718,1,12,-729,-513,174.27,1115.25
1006756,103991,1,10,-495,-342,13791.59,27574.78
1008135,201891,1,9,-284,-121,655.68,23122.12
1006859,102051,1,9,-464,-331,2670.75,3346.76
1006678,200935,1,10,-186,-403,1364.25,6229.45
1001967,108488,1,22,-320,-67,10080.06,1399.39
1005657,105664,1,8,-385,-195,15359.43,922.52
1001141,109829,1,13,-314,-306,9244.35,522.06
1009563,103624,1,7,-920,-474,7146.96,4315.29
1003589,109484,1,12,-809,-434,6763.52,10791.32
1002070,100448,1,3,-713,-969,8812.31,45349.0
1006022,107302,1,11,-348,-178,4128.57,4825.55
1004615,108143,1,8,-122,-781,7429.05,5260.97
1004361,103829,1,9,-380,-38,3482.67,1829.78
1007137,105043,1,4,-322,-430,21469.23,314.91
1001345,102254,1,20,-166,-401,3694.98,11155.95
1009058,103424,1,7,-385,-982,15963.77,2059.28
1009763,107862,1,23,-735,-334,8102.27,770.29
1003786,104453,1,7,-749,-168,859.18,26936.06
1008565,201861,1,20,-34,-596,8550.65,13685.38
1003884,109158,1,13,-465,-220,3385.56,8857.99
1001316,100587,1,16,-596,-11,5371.67,6135.22
1004105,103257,1,11,-433,-641,2339.55,1746.12
1009158,105681,1,12,-811,-758,6911.3,9280.38
1004898,101977,1,17,-899,-736,20123.81,15453.47
1006096,200503,1,2,-891,-815,28429.85,1983.63
1004555,201838,1,16,-906,-519,18747.62,21946.73
1009264,108037,1,1,-804,-994,20685.56,8038.53
1001633,103610,1,19,-202,-697,5847.76,8646.46
1006798,104379,1,15,-737,-416,2377.58,1300.75
1009501,201052,1,16,-207,-17,14099.23,4329.76
1008055,103429,1,15,-511,-878,14964.13,3094.42
1001626,104211,1,20,-874,-349,21810.24,21077.28
1007490,103366,1,8,-98,-418,2750.87,1678.13
1001729,201914,1,8,-120,-641,18761.93,4796.54
1001234,104314,1,12,-481,-446,10289.44,83881.16
1001482,101114,1,11,-580,-408,3726.51,1981.92
1002044,106390,1,18,-771,-516,972.45,12857.78
1000646,201252,1,19,-171,-804,34195.84,609.09
1005627,102561,1,5,-155,-885,44789.64,6692.62
1003498,200269,1,22,-25,-795,673.62,2781.4
1001126,201919,1,3,-430,-750,11394.2,8747.2
1002274,101444,1,9,-966,-591,4766.73,6742.93
1001368,201809,1,4,-277,-68,8904.34,7237.06
1004692,103685,1,12,-981,-944,10102.09,14721.03
1009312,104648,1,10,-41,-138,1614.21,4197.04
1002205,107900,1,15,-608,-17,8203.83,7557.43
1000816,103203,1,21,-604,-384,1103.65,13586.58
1009251,103546,1,17,-686,-951,10686.31,6030.24
1005399,100733,1,5,-301,-929,1214.28,13040.24
1009771,107463,1,14,-185,-648,3659.44,7659.43
1008051,106607,1,15,-71,-279,10570.79,6574.58
1003427,100300,1,23,-836,-135,256.22,18296.89
1004185,107526,1,11,-354,-103,1909.12,1036.58
1000918,201267,1,12,-674,-910,13383.75,10071.67
1007430,200217,1,12,-997,-706,9922.92,3399.55
1004008,108066,1,9,-161,-577,9400.14,9354.08
1000850,201305,1,10,-881,-31,34018.22,9686.6
1000236,109933,1,13,-540,-861,14913.01,13848.05
1008410,102719,1,6,-667,-981,32174.51,13483.38
1001943,105102,1,5,-966,-321,5446.25,3041.94
1001359,102083,1,8,-542,-330,5507.34,14674.04
1002553,200344,1,13,-912,-539,9692.0,39485.97
1001942,100850,1,5,-360,-542,6973.79,1591.41
1008721,105786,1,11,-605,-73,11253.54,35772.61
1007008,104738,1,4,-385,-520,2387.58,12044.78
1003978,106910,1,6,-241,-271,7699.45,10270.9
1004585,103114,1,22,-265,-163,6871.36,8961.32
1005488,107593,1,5,-227,-101,3181.22,10539.82
1006053,105986,1,15,-610,-443,5097.58,4016.42
1004512,103675,1,20,-868,-621,10459.88,11337.1
1001468,107779,1,18,-762,-51,7654.46,1068.45
1009585,106125,1,19,-513,-618,10745.0,7444.69
1002569,103108,1,17,-373,-979,4090.6,4224.8
1004572,109101,1,3,-814,-783,9194.62,16107.27
1006883,105026,1,1,-444,-569,4922.29,11532.41
1002277,201359,1,15,-589,-618,37701.4,28118.91
1002147,201516,1,20,-54,-17,5016.58,15743.64
1001264,201222,1,6,-226,-17,4490.47,13556.48
1004772,106903,1,16,-506,-618,7905.87,706.77
1008132,100711,1,6,-272,-979,19886.81,37475.28
1005645,108896,1,20,-57,-404,3205.32,162.88
1007060,109205,1,1,-598,-924,8310.63,7255.65
1007649,102454,1,10,-755,-611,11926.14,13879.67
1007556,200004,1,7,-748,-820,19938.29,6528.63
1008615,100641,1,13,-952,-83,16359.55,8116.73
1006665,105893,1,21,-381,-411,19921.15,732.62
1003947,100990,1,20,-671,-353,14348.36,7353.69
1009370,102383,1,7,-233,-288,2970.81,230.4
1002066,100984,1,17,-203,-902,4087.09,1099.74
1003435,103315,1,22,-520,-331,1295.87,4571.1
1007879,101852,1,2,-299,-727,2209.01,4062.29
1006489,201311,1,11,-892,-259,2309.03,2941.66
1008737,103545,1,2,-548,-831,8150.18,1565.51
1002571,104004,1,10,-684,-326,4670.23,11680.22
1009701,101554,1,18,-522,-537,180.44,2014.44
1001116,100674,1,23,-979,-751,35485.85,671.23
1001073,109212,1,22,-189,-204,1879.72,25341.28
1007925,100377,1,1,-571,-11,19650.79,4250.26
1004245,108195,1,13,-166,-723,2639.41,3478.53
1001333,106438,1,11,-370,-349,2584.97,23959.49
1002912,107975,1,5,-385,-228,29.77,14118.84
1009951,103803,1,3,-129,-915,46287.18,5872.89
1006472,108493,1,6,-397,-799,19701.5,5890.61
1008536,104186,1,5,-30,-465,3888.55,33577.12
1007077,102297,1,17,-931,-69,2917.31,29999.25
1005696,200134,1,4,-300,-473,6844.24,12566.62
1003987,101632,1,17,-33,-922,4479.76,24538.89
1001747,102424,1,12,-49,-177,2828.42,9260.64
1006506,104024,1,8,-365,-838,13545.77,10667.48
1001286,109048,1,5,-820,-636,6930.33,1627.31
1000394,103660,1,22,-704,-489,9904.84,837.76
1003761,104688,1,4,-659,-57,2112.86,3395.21
1001748,200077,1,13,-55,-820,1637.56,5412.42
1002592,109113,1,14,-326,-528,6244.7,4117.59
1008827,108353,1,11,-445,-403,18722.53,6358.51
1000369,107022,1,7,-527,-697,1027.82,2687.99
1001913,100706,1,5,-337,-767,6906.16,29373.28
1005786,102210,1,14,-887,-213,2997.82,9332.81
1007695,100465,1,11,-655,-488,9101.87,7556.89
1006802,105848,1,10,-247,-432,4166.92,1702.93
1003902,109701,1,21,-875,-336,5413.93,3633.57
1006764,100195,1,14,-321,-255,14463.58,5229.18
1006340,100610,1,6,-676,-750,9444.09,2268.9
1003075,104858,1,19,-346,-812,12486.34,10529.6
1000425,201878,1,13,-551,-773,8455.89,11419.32
1009156,201391,1,11,-138,-352,3679.82,2711.64
1002742,107986,1,19,-616,-122,8962.3,4730.17
1006311,201375,1,4,-900,-627,542.55,3564.57
1009979,105667,1,13,-863,-718,4720.48,13461.95
1004231,200103,1,18,-484,-844,9615.05,1041.72
1005512,103047,1,16,-85,-588,13694.81,6480.73
1001234,104314,1,8,-710,-304,15844.92,1421.4
1004034,200198,1,6,-284,-786,16517.88,3169.44
1007723,100502,1,10,-552,-97,34017.39,2106.92
1001000,101370,1,18,-792,-853,11017.77,5963.78
1002968,103642,1,11,-624,-331,5860.25,48947.61
1003556,106554,1,15,-324,-881,1538.07,575.62
1003791,201622,1,2,-191,-982,2754.62,3685.8
1008713,200625,1,11,-671,-922,7048.69,5796.11
1008504,106197,1,4,-659,-466,15476.55,30.59
1009421,100796,1,10,-376,-224,20796.16,2857.82
1006974,200214,1,5,-85,-518,13025.28,7592.58
1007838,101371,1,12,-484,-814,4270.04,7164.26
1001963,101232,1,7,-810,-246,2893.75,1205.71
1003500,200902,1,17,-453,-409,15639.12,16233.62
1002732,101339,1,1,-518,-326,21082.86,4618.65
1007840,200032,1,13,-834,-152,542.68,16651.17
1009540,102322,1,12,-33,-887,5925.65,86.3
1001351,201476,1,19,-762,-155,9938.81,7963.03
1005578,109084,1,2,-949,-229,12499.13,24410.58
1007621,104614,1,2,-985,-910,12486.29,1607.5
1004684,200553,1,14,-655,-922,6270.59,8616.04
1008244,103929,1,7,-42,-937,7514.98,3186.63
1001218,108701,1,3,-845,-50,422.28,7170.22
1007278,106301,1,21,-781,-836,2695.24,24472.3
1000442,100056,1,10,-762,-321,29089.28,12594.88
1009447,200794,1,11,-888,-684,19148.43,7527.03
1000190,109288,1,2,-569,-38,8928.8,22794.6
1000096,104255,1,2,-742,-808,2090.99,28245.68
1001585,109215,1,15,-75,-646,434.14,9620.53
1007164,200904,1,14,-465,-312,5657.0,28387.16
1009143,102803,1,22,-297,-602,6039.56,17429.9
1002884,201479,1,3,-184,-714,6095.64,10917.16
1009713,201629,1,16,-607,-171,4622.59,5828.23
1005364,201238,1,4,-944,-575,8288.21,4089.4
1004036,200720,1,17,-671,-81,7091.23,26127.49
1008528,105920,1,20,-816,-44,1392.68,29363.39
1008620,101757,1,19,-360,-410,3042.68,5191.21
1001375,104952,1,3,-564,-156,6786.46,5452.8
1008448,109934,1,6,-309,-665,14930.7,13180.92
1009399,107735,1,12,-273,-518,17352.51,59553.13
1009500,101182,1,15,-940,-241,6944.34,3849.3
1007814,201123,1,12,-162,-962,1315.1,10376.53
1000581,104701,1,9,-559,-917,2063.36,11771.33
1009859,107868,1,21,-796,-784,12790.84,4932.29
1003652,100449,1,23,-608,-779,29303.94,3706.74
1001494,105884,1,6,-303,-500,5350.43,9712.96
1007372,200546,1,3,-75,-120,20411.7,3604.32
1004652,101560,1,18,-240,-722,757.45,14653.0
1001808,107935,1,18,-523,-10,18293.51,25184.85
1000104,109310,1,15,-724,-536,1580.37,9299.61
1006286,201384,1,2,-357,-592,9190.97,5187.61
1002816,107528,1,13,-762,-123,2445.58,4372.76
1007054,104730,1,14,-972,-184,593.1,7311.51
1004349,109424,1,19,-150,-549,3195.81,3237.58
1008535,100355,1,22,-56,-786,11538.12,1118.88
1003582,101130,1,17,-854,-361,1140.93,5956.22
1004467,101704,1,1,-352,-222,7050.22,253.33
1003818,201631,1,3,-701,-235,17659.66,11430.88
1005062,101438,1,3,-721,-978,3982.23,986.1
1003696,100223,1,14,-214,-344,716.71,8104.66
1008478,200707,1,18,-749,-192,19818.71,6762.38
1007338,106627,1,17,-730,-243,6864.45,4174.74
1000666,201569,1,20,-995,-760,4203.13,11668.24
1005296,103451,1,1,-784,-780,15865.76,1192.4
1009255,200787,1,14,-738,-815,6801.53,3904.22
1005171,101497,1,13,-650,-698,1177.57,214.14
1003992,105368,1,22,-114,-792,1267.17,9998.7
1006166,107550,1,6,-841,-626,51920.93,4279.38
1003487,109709,1,22,-180,-128,2651.21,5732.98
1001531,109612,1,23,-562,-160,2625.69,12721.21
1008807,107766,1,13,-848,-104,45130.73,21732.2
1004073,103342,1,4,-697,-471,7445.96,17769.45
1002711,103036,1,5,-956,-892,3646.06,3818.91
1008351,107914,1,11,-638,-832,649.1,8983.18
1008700,200867,1,9,-679,-147,15469.96,3400.57
1004714,108716,1,20,-551,-474,13081.27,29096.26
1001647,101942,1,3,-415,-34,2617.01,782.83
1000554,102546,1,1,-982,-398,2830.99,5883.18
1004263,108131,1,21,-138,-43,3539.71,133.41
1000987,105666,1,14,-183,-93,6836.54,16118.72
1000361,102302,1,4,-92,-952,3725.52,3941.05
1004619,108952,1,22,-511,-519,3380.66,7793.8
1009504,107661,1,8,-763,-333,1369.78,6367.81
1007293,103921,1,14,-221,-813,2754.14,3464.78
1008516,105345,1,7,-922,-995,7240.72,13608.89
1006393,109158,1,6,-617,-103,3263.22,18855.55
1009513,104751,1,22,-123,-98,26899.6,212.12
1005469,106373,1,7,-228,-862,2777.36,18995.35
1002652,105957,1,4,-97,-246,14468.34,96.44
1008305,201784,1,3,-769,-876,2536.56,7247.05
1009747,201083,1,13,-613,-111,4541.64,4500.18
1003406,105123,1,10,-937,-191,13967.86,4909.13
1001161,100816,1,20,-763,-159,10544.01,383.01
1008687,100073,1,1,-53,-702,9382.02,182.2
1005881,104165,1,1,-159,-378,6036.67,12642.99
1000266,101741,1,15,-162,-727,18379.06,8485.96
1002774,109236,1,1,-865,-679,20194.71,6279.52
1003092,200504,1,23,-420,-997,9294.69,34380.66
1009334,102958,1,23,-660,-978,21439.41,12696.29
1009950,201337,1,11,-68,-343,1797.36,19842.38
1002957,106794,1,6,-91,-431,1316.71,14390.0
1007138,109217,1,7,-802,-584,13675.68,13896.18
1008967,109201,1,2,-805,-595,5531.88,22173.55
1004635,103068,1,16,-529,-951,16714.43,3322.49
1003088,101257,1,11,-783,-362,4486.15,23408.84
1008609,100939,1,15,-20,-397,14378.4,17763.22
1007416,100097,1,2,-982,-465,9005.74,2071.47
1003879,105548,1,22,-554,-803,874.01,4273.31
1009444,200356,1,8,-129,-679,2438.18,25386.85
1001885,104461,1,14,-863,-982,11027.79,5164.19
1007381,100603,1,2,-591,-984,5730.03,651.41
1005066,103840,1,14,-561,-716,1130.12,4808.4
1006901,107677,1,17,-703,-614,11159.25,1128.68
1003793,106863,1,12,-598,-412,7421.16,4018.96
1006450,102226,1,3,-603,-927,25318.73,17173.01
1007711,102605,1,12,-167,-145,3415.9,2199.61
1004339,201170,1,1,-980,-325,8884.2,2016.27
1003333,107808,1,8,-354,-18,2054.45,19076.26
1005769,102409,1,1,-663,-677,11421.29,22629.97
1000514,108954,1,17,-249,-857,13923.01,21370.12
1002989,103887,1,18,-584,-607,2181.78,21792.61
1000332,104233,1,5,-777,-23,1896.21,7762.87
1009883,106967,1,1,-979,-209,256.64,10021.72
1006528,102240,1,9,-529,-650,12464.01,33118.72
1003306,200785,1,3,-432,-15,637.62,26444.59
1008064,108573,1,13,-616,-38,1510.71,17743.37
1000895,107815,1,14,-77,-796,10061.46,13101.24
1006086,103205,1,17,-624,-236,24093.86,5944.41
1001681,105213,1,5,-534,-784,18654.42,1915.02
1000343,102156,1,1,-159,-165,1383.4,5564.99
1000587,103782,1,8,-542,-783,3657.35,18967.08
1006476,201665,1,11,-975,-941,13098.24,5773.83
1009601,101578,1,11,-203,-895,2039.72,1654.62
1003112,103598,1,18,-202,-115,11834.34,5066.23
1004427,104139,1,9,-955,-919,409.09,34386.65
1004514,101153,1,20,-70,-443,1557.02,7149.5
1008243,107291,1,19,-603,-719,10545.57,2181.26
1007597,201819,1,21,-956,-569,11637.19,9426.63
1003003,106913,1,20,-616,-550,3705.73,11818.96
1003780,108312,1,10,-230,-349,2062.27,23386.76
1004453,102453,1,7,-499,-759,2604.19,6369.27
1005469,106373,1,20,-410,-708,731.73,21770.83
1006769,104409,1,3,-144,-679,4483.11,11562.99
1007516,103563,1,18,-845,-509,554.39,11995.7
1000830,106495,1,22,-70,-290,1161.18,1726.31
1008320,109759,1,6,-181,-563,3107.22,21949.96
1007006,107948,1,13,-307,-549,7628.1,6865.93
1006824,100027,1,23,-136,-83,7400.06,16799.6
1006550,102509,1,22,-924,-254,38289.63,75.49
1004616,102458,1,21,-102,-101,3010.23,6542.44
1009384,104673,1,19,-560,-847,15513.72,10800.58
1007123,200163,1,18,-754,-716,15297.07,6290.81
1007299,105529,1,12,-501,-460,1725.91,31613.51
1006373,108824,1,7,-527,-809,6928.5,1811.65
1001662,109560,1,4,-157,-277,5868.98,5349.59
1008540,109982,1,16,-129,-112,3302.62,2512.66
1008932,106544,1,4,-493,-244,7806.72,56.24
1002490,105433,1,19,-938,-213,590.11,14977.58
1002163,200840,1,17,-867,-863,2925.09,17245.15
1004705,200651,1,16,-496,-532,1516.63,454.94
1001399,106413,1,15,-380,-596,46509.61,3578.62
1007378,109631,1,1,-551,-908,3421.48,21574.36
1000569,104580,1,5,-373,-672,32938.96,12053.51
1007697,103590,1,8,-497,-876,616.78,8160.53
1004230,108579,1,7,-174,-831,22024.64,42478.53
1004808,105382,1,5,-178,-152,9583.59,13100.22
1002606,104097,1,17,-859,-120,12377.11,7515.62
1007143,200224,1,17,-885,-365,24865.35,1847.32
1004728,105894,1,5,-716,-714,36011.03,5543.89
1003146,200219,1,12,-456,-254,6519.93,27962.67
1007006,107948,1,9,-185,-752,3395.35,2539.12
1000256,100791,1,23,-48,-792,2827.37,2211.08
1000295,105972,1,8,-883,-151,4288.06,9821.22
1003949,104758,1,12,-677,-27,10778.57,27931.71
1003790,101352,1,6,-466,-705,8523.59,8987.47
1007770,108070,1,1,-328,-573,5579.47,43027.18
1004375,100804,1,4,-815,-906,5869.33,21727.85
1000826,201361,1,18,-423,-41,29481.8,2108.44
1004946,201798,1,1,-600,-947,5911.66,6610.1
1009334,102958,1,7,-175,-293,14229.21,1319.8
1002791,200505,1,18,-371,-444,11805.07,4010.94
1008208,102165,1,6,-137,-428,5834.78,9441.28
1000665,103074,1,10,-286,-97,11422.85,2085.49
1007155,104254,1,12,-818,-179,16797.46,574.2
1005762,109682,1,14,-650,-182,827.81,9318.16
1006026,103701,1,17,-522,-948,1542.65,5204.2
1001254,201767,1,20,-270,-152,5266.33,737.98
1005221,100896,1,1,-294,-283,14470.35,388.28
1007909,105460,1,14,-890,-651,21665.49,2896.69
1002560,102490,1,1,-579,-426,27472.36,2863.62
1008063,104044,1,20,-845,-109,303.68,9069.74
1006114,107463,1,18,-968,-284,9071.75,200.01
1004888,200970,1,11,-116,-239,6976.6,17270.88
1009945,105124,1,23,-86,-508,2974.22,2405.63
1000876,108558,1,9,-744,-535,7709.9,4766.19
1006566,103310,1,18,-597,-438,10934.11,3852.77
1007932,201169,1,18,-817,-492,624.03,4541.69
1002067,108835,1,13,-946,-128,11144.93,2843.36
1009214,106223,1,22,-577,-337,219.57,2611.96
1006511,200205,1,21,-327,-164,12674.2,295.74
1009793,101983,1,2,-947,-134,1667.27,21292.09
1006573,102715,1,13,-309,-264,11065.3,1818.29
1006194,200010,1,20,-890,-696,5449.57,13383.09
1007953,109006,1,22,-473,-458,12374.29,5381.29
1000213,200412,1,4,-265,-71,6004.01,16238.46
1007412,105218,1,9,-380,-173,4747.41,8624.93
1007617,105161,1,2,-613,-142,24916.17,20296.12
1007567,105229,1,7,-399,-240,3160.25,2441.14
1000587,103782,1,18,-652,-318,19483.0,8974.83
1006116,108389,1,3,-791,-303,3.09,1213.37
1008516,105345,1,4,-273,-34,973.71,3080.48
1006468,103474,1,2,-251,-722,11403.54,3228.02
1007162,109359,1,11,-341,-942,924.82,1609.84
1009474,109211,1,16,-761,-104,14300.95,3957.66
1005785,200463,1,18,-305,-306,4486.31,11922.06
1003181,100787,1,15,-629,-746,32861.85,18459.74
1008306,106128,1,10,-608,-107,3096.41,3282.89
1001262,108812,1,7,-574,-722,5179.95,27628.88
1008189,200938,1,13,-144,-872,425.82,2455.44
1006037,109333,1,22,-725,-421,3375.53,1257.31
1008199,102668,1,3,-703,-629,5900.54,31926.26
1002779,201127,1,9,-310,-323,8342.06,24735.37
1005892,100213,1,6,-134,-675,31452.96,3508.84
1004738,107037,1,12,-575,-739,512.83,6154.47
1007433,105815,1,5,-852,-516,30506.55,2626.75
1000992,106246,1,19,-524,-924,2515.31,220.93
1009293,105051,1,19,-315,-943,603.62,4868.56
1000661,106168,1,15,-153,-477,10554.59,656.92
1008116,109247,1,18,-709,-754,1394.27,9720.89
1000826,201361,1,16,-684,-243,32108.57,17365.71
1002108,102351,1,4,-272,-246,37677.64,7140.33
1002918,105826,1,20,-415,-854,1167.38,16892.52
1006967,108488,1,3,-189,-604,22872.55,8357.19
1004489,107539,1,21,-285,-966,1626.88,15337.14
1003360,109550,1,10,-880,-508,2371.64,7164.24
1009044,200003,1,10,-490,-151,2873.53,5507.83
1000505,107808,1,14,-807,-146,6330.29,15375.09
1007254,106075,1,14,-210,-490,3112.22,30917.58
1001628,102648,1,16,-474,-243,10514.37,1493.16
1005416,102952,1,2,-833,-850,54445.03,51079.07
1003830,109981,1,19,-231,-934,5356.27,9099.91
1006364,108190,1,12,-786,-559,5017.13,26312.75
1004667,100963,1,13,-506,-686,43378.17,17683.84
1002193,106599,1,14,-632,-864,18421.7,67.82
1001570,108690,1,2,-616,-743,10059.82,1906.54
1004706,108759,1,14,-501,-207,19130.66,1605.9
1006077,109496,1,18,-432,-581,674.62,9628.86
1002958,102791,1,1,-642,-238,704.16,11085.09
1008427,105415,1,21,-566,-846,9869.24,14911.22
1002283,104115,1,16,-362,-389,2501.21,4217.15
1009111,201816,1,7,-191,-419,12353.76,9970.67
1006282,201297,1,14,-66,-10,2183.09,20897.55
1006862,102808,1,11,-995,-871,5155.74,21803.62
1008253,103972,1,23,-899,-629,1502.15,244.61
1009560,107415,1,19,-157,-284,4393.25,49104.82
1004078,102194,1,14,-400,-973,954.8,19857.64
1000823,201280,1,21,-631,-67,3768.65,1439.32
1001944,105615,1,4,-40,-40,4726.25,9781.58
1008082,102800,1,19,-675,-747,3244.35,5720.4
1004770,101389,1,15,-809,-412,12964.84,10470.44
1007151,103040,1,20,-250,-637,8914.44,2550.52
1005636,100120,1,7,-414,-361,699.23,7609.1
1002853,105092,1,17,-480,-582,2356.54,3824.37
1000844,201617,1,4,-747,-162,9015.8,10133.98
1000530,103687,1,15,-825,-900,650.93,8795.38
1009204,108577,1,17,-817,-699,16863.77,2181.81
1000738,101406,1,16,-230,-982,1420.58,26483.57
1003144,108203,1,10,-126,-454,4972.83,6534.88
1008609,100939,1,3,-883,-208,3929.13,5477.92
1002440,109535,1,10,-688,-162,26311.06,7026.77
1006262,104795,1,19,-596,-399,14086.84,10477.63
1006981,108714,1,4,-65,-176,5326.41,6350.6
1004269,100331,1,6,-832,-265,1648.94,3834.99
1006580,105922,1,2,-410,-179,2503.88,1961.98
1002141,103009,1,21,-139,-663,42705.99,3526.04
1000113,100105,1,5,-282,-898,115.48,5580.25
1000227,108125,1,9,-145,-481,17611.16,2488.33
1008392,104138,1,23,-929,-899,15116.41,6681.45
1001076,102224,1,4,-871,-695,1098.39,3547.88
1006699,105613,1,2,-201,-815,1044.72,7389.32
1006376,104271,1,12,-759,-58,121.55,1076.31
1003128,100518,1,21,-591,-545,22987.6,557.95
1001340,104161,1,6,-862,-348,9223.29,7103.4
1004096,105189,1,16,-236,-439,12693.27,2384.33
1006346,108548,1,12,-31,-178,16721.93,3762.16
1004745,103082,1,4,-149,-329,9301.78,5606.91
1007867,105600,1,22,-779,-230,5454.98,1369.23
1008542,104321,1,9,-179,-142,12039.15,7607.14
1009124,109194,1,10,-552,-978,5056.97,26651.19
1003337,106755,1,19,-502,-72,17097.85,10435.76
1004969,201988,1,4,-637,-732,464.04,2156.52
1004394,200812,1,22,-690,-760,11548.93,8778.51
1009297,104662,1,9,-96,-304,4478.23,8503.15
1007533,108523,1,12,-751,-645,636.47,21505.41
1006251,108116,1,20,-607,-962,1621.1,7131.58
1003572,103810,1,9,-527,-68,4415.39,296.36
1005841,200790,1,14,-420,-999,15257.89,21603.53
1009152,108072,1,12,-704,-158,39607.28,6624.4
1003894,108387,1,14,-545,-177,14512.46,16929.53
1005711,107504,1,6,-639,-918,11015.8,9453.06
1009102,102134,1,13,-254,-520,21786.91,6220.52
1003933,103377,1,23,-398,-209,891.45,6201.6
1003071,101861,1,18,-158,-51,6234.23,22.1
1003055,106836,1,5,-895,-833,330.16,12996.21
1000906,105245,1,3,-249,-686,22214.17,2865.78
1006917,105058,1,18,-59,-332,9432.73,1818.4
1009066,104955,1,10,-864,-296,6784.16,5058.2
1007955,200475,1,22,-20,-520,17061.89,22104.64
1006986,103508,1,14,-79,-358,3152.84,489.08
1007649,102454,1,19,-843,-826,8889.66,17344.54
1005063,200380,1,15,-458,-333,12658.21,4261.75
1004615,108143,1,13,-249,-60,1506.07,8735.69
1004053,104131,1,23,-219,-279,9252.17,10851.57
1005802,200280,1,22,-212,-307,27198.66,8430.45
1007814,201123,1,19,-85,-170,14592.28,11186.71
1008797,201473,1,19,-680,-221,2874.76,782.36
1004871,102700,1,7,-217,-241,9388.62,652.04
1007912,100962,1,11,-201,-162,3754.22,7344.71
1000618,107727,1,9,-331,-661,6446.88,3429.94
1008322,106016,1,15,-782,-767,6508.47,10767.87
1003601,106869,1,1,-60,-726,7367.71,9537.85
1003164,104280,1,23,-106,-404,8019.23,11727.5
1002774,109236,1,4,-724,-602,5676.94,2928.62
1001404,101090,1,3,-823,-461,4041.62,542.21
1006734,107076,1,3,-313,-672,18602.92,8833.6
1008370,102247,1,7,-869,-773,14947.99,5013.98
1001225,104989,1,1,-324,-360,3486.62,17047.68
1002049,200159,1,7,-274,-542,1124.92,18885.15
1007994,109232,1,3,-620,-981,7750.19,4467.36
1008725,109340,1,18,-210,-254,20158.9,2703.92
1001214,101970,1,23,-579,-810,2846.22,43.39
1005215,101023,1,22,-83,-745,15682.42,9953.87
1004007,101427,1,15,-230,-277,4778.5,883.41
1003273,107649,1,6,-674,-669,7647.82,3672.22
1005414,104909,1,6,-178,-676,28408.98,1046.12
1003001,106833,1,18,-771,-546,3230.76,3082.51
1000612,107948,1,9,-507,-862,3673.17,1346.56
1001908,102639,1,4,-353,-318,27999.72,1394.95
1009831,105708,1,20,-933,-390,14227.53,13422.44
1007036,109184,1,5,-104,-243,3600.93,5539.33
1002550,100382,1,2,-869,-405,2738.72,28057.27
1009989,100974,1,16,-463,-186,2272.47,1529.96
1008621,106343,1,14,-574,-870,2971.92,8654.68
1006720,201010,1,7,-957,-314,17087.6,9339.7
1003935,201579,1,15,-857,-595,7384.42,333.97
1006086,103205,1,22,-794,-248,10185.33,10580.82
1007224,109681,1,8,-910,-109,696.96,15349.92
1009852,103661,1,9,-227,-699,7170.0,6196.96
1009917,109454,1,22,-114,-570,2436.24,11960.18
1005420,105457,1,7,-912,-138,754.16,4990.22
1003385,200080,1,15,-828,-113,3070.21,36736.6
1001255,100631,1,2,-971,-578,768.65,1874.32
1001707,200576,1,13,-30,-550,29126.32,5689.01
1002047,108526,1,4,-67,-684,14138.6,2566.72
1008981,200977,1,21,-282,-198,9020.8,5400.06
1008025,201769,1,13,-744,-404,485.07,3877.51
1001748,200077,1,13,-231,-486,405.13,10132.73
1008131,104454,1,23,-371,-803,26551.59,7841.39
1001760,106484,1,16,-478,-45,15684.97,22636.18
1009477,104411,1,20,-869,-197,11738.53,39769.59
1004388,101166,1,4,-685,-937,35039.36,2226.22
1000189,102047,1,15,-181,-234,2795.41,29914.81
1006938,107450,1,9,-739,-485,1907.11,35170.36
1006772,100759,1,2,-679,-318,9654.36,22701.96
1005998,106496,1,23,-887,-103,196.25,10606.42
1004311,108408,1,16,-157,-707,5977.62,13963.79
1005987,103484,1,5,-734,-451,4436.66,10923.71
1009302,100335,1,15,-943,-780,1416.72,10195.32
1002663,200516,1,20,-145,-424,24125.95,7321.74
1007241,108786,1,18,-352,-784,5101.87,10863.04
1004192,103273,1,11,-984,-590,309.25,2131.2
1004829,105351,1,9,-730,-868,13606.41,8697.93
1000446,101655,1,20,-630,-658,6791.89,4168.59
1004930,200304,1,20,-182,-380,901.3,30655.37
1003627,101992,1,20,-324,-646,18829.86,11337.1
1003271,109136,1,8,-599,-285,2641.03,783.46
1003938,105415,1,23,-854,-272,24602.1,262.78
1007367,108069,1,6,-151,-637,11362.08,4941.66
1006528,102240,1,14,-859,-41,8063.07,3898.15
1000935,103994,1,13,-565,-906,1404.43,9222.96
1004706,108759,1,15,-664,-209,154.14,4126.07
1001601,201621,1,22,-442,-200,4258.97,19160.42
1000869,106196,1,16,-813,-362,30212.18,9816.31
1006223,201005,1,16,-427,-463,4904.84,4458.28
1003477,109999,1,8,-98,-41,14928.45,5555.28
1006639,100101,1,7,-801,-899,20059.81,6674.67
1003377,107492,1,7,-929,-795,1292.55,6763.13
1000067,107602,1,15,-456,-272,1085.0,10191.44
1000030,109744,1,14,-178,-137,13838.71,6882.05
1004219,100098,1,1,-231,-202,2350.01,5321.61
1007442,102809,1,8,-271,-725,787.69,37715.0
1007811,102500,1,22,-80,-970,76.74,151.97
1003659,101701,1,2,-357,-86,5240.16,2241.47
1004273,104468,1,13,-638,-467,3925.51,5429.68
1006277,103415,1,9,-396,-97,6200.29,8014.75
1007343,108087,1,17,-44,-660,11387.99,16616.13
1008164,109540,1,23,-50,-997,13471.11,38646.76
1003477,109999,1,20,-907,-408,6576.82,13959.71
1006240,107298,1,13,-261,-774,26104.18,15808.02
1007039,200773,1,6,-677,-447,26540.72,7024.69
1001246,100342,1,23,-407,-740,18526.29,24723.21
1005826,104580,1,19,-782,-653,14076.6,24017.5
1009030,106855,1,11,-593,-115,25694.44,23364.2
1008081,109174,1,12,-224,-385,846.81,3996.66
1005089,107325,1,11,-284,-491,10495.58,13897.76
1007807,200074,1,15,-595,-327,12302.28,17534.68
1005211,109607,1,20,-797,-128,384.02,16577.83
1005309,100504,1,2,-626,-262,7469.59,7004.58
1005290,107573,1,12,-382,-436,3778.71,11748.28
1002438,108544,1,4,-492,-229,2009.33,30401.99
1006585,201721,1,4,-536,-104,3086.03,7178.11
1001846,100827,1,22,-478,-293,5634.5,51689.1
1009557,109947,1,13,-368,-634,2086.51,2776.7
1004820,105475,1,21,-265,-864,16339.71,13214.62
1005382,104458,1,14,-653,-69,2035.83,10115.76
1002749,102524,1,7,-32,-683,158.16,4191.61
1009574,107996,1,21,-450,-97,4582.47,3429.08
1008555,102587,1,18,-283,-316,9033.64,4717.19
1000603,108447,1,14,-389,-456,7562.9,5584.88
1005702,101673,1,13,-51,-65,3515.04,10843.18
1001012,200453,1,14,-127,-496,14733.64,11347.49
1009818,104032,1,15,-445,-809,25522.6,9213.11
1001122,201951,1,5,-986,-515,5097.81,7463.73
1005819,102485,1,4,-98,-747,7112.7,3512.64
1009329,103507,1,20,-288,-670,25617.46,6495.79
1003370,103251,1,20,-646,-618,11740.48,3266.18
1007727,103495,1,10,-77,-871,41902.19,43422.34
1000348,107679,1,19,-882,-268,6181.07,4484.14
1006425,100863,1,23,-486,-323,2156.16,4581.47
1003800,200692,1,13,-798,-630,4196.8,2399.43
1006008,103614,1,9,-665,-438,21368.96,3138.71
1008523,105586,1,12,-301,-763,9592.12,10192.23
1001870,201363,1,4,-939,-887,9697.48,13118.43
1004504,104282,1,7,-831,-869,7017.61,16937.67
1001731,103014,1,14,-280,-930,25065.57,20892.01
1000977,102742,1,19,-895,-886,16803.79,3657.24
1005119,100232,1,7,-991,-923,12429.59,24595.76
1004244,104392,1,22,-736,-261,19421.39,4825.17
1008210,200368,1,21,-674,-869,5960.76,1289.6
1009724,105437,1,4,-290,-660,1343.9,7652.92
1006678,200935,1,1,-662,-311,18411.15,7042.3
1000801,105413,1,12,-216,-555,2666.38,2962.34
1005783,105390,1,9,-170,-392,12199.51,14431.66
1003744,105209,1,14,-853,-535,330.52,15586.12
1009216,104727,1,3,-73,-403,304.14,1785.1
1004969,201988,1,6,-364,-304,11640.12,41655.79
1004660,105604,1,19,-652,-820,7564.97,861.25
1009733,103630,1,20,-602,-660,12230.97,2052.98
1005586,100473,1,11,-805,-417,4363.69,4721.23
1007617,105161,1,19,-308,-790,15766.07,17183.47
1004548,100980,1,14,-504,-688,8204.24,25147.88
1001397,108455,1,4,-123,-112,4615.44,3002.51
1004958,101771,1,1,-146,-653,15453.01,11882.28
1005938,100286,1,7,-640,-200,25182.88,23033.98
1002192,101549,1,11,-803,-304,4608.54,7389.4
1006581,104329,1,4,-254,-181,16726.43,15448.51
1006941,108731,1,12,-409,-784,1111.88,1700.62
1000273,105102,1,1,-329,-593,9960.6,3539.81
1000883,201272,1,16,-296,-892,4019.71,9415.61
1001435,106129,1,8,-774,-205,2059.92,14428.57
1008249,109103,1,16,-296,-289,6360.09,30599.84
1002128,104610,1,20,-881,-967,242.04,28305.5
1009976,104046,1,10,-201,-451,5642.87,4632.64
1003244,107343,1,11,-750,-722,3515.57,1994.86
1006015,108505,1,4,-465,-155,1572.74,9615.94
1003048,104764,1,12,-962,-141,3137.58,9986.48
1009969,201535,1,6,-196,-627,21782.91,13262.55
1001143,200683,1,7,-424,-40,6211.69,33495.02
1007696,105603,1,8,-473,-146,16263.07,641.99
1007992,106541,1,7,-163,-654,4978.01,28000.29
1000173,103670,1,13,-593,-387,14453.9,297.13
1007798,108024,1,1,-316,-228,16767.08,9446.74
1004497,109004,1,12,-519,-322,5018.09,8307.52
1000656,200705,1,18,-250,-494,4368.21,2661.44
1006817,101629,1,3,-415,-951,3419.25,5272.49
1005857,106527,1,12,-860,-409,10408.83,22189.61
1008912,200773,1,16,-765,-574,4928.2,12779.43
1002902,105724,1,22,-500,-394,9478.14,1597.16
1000256,100791,1,2,-761,-793,5540.46,21162.94
1007140,201288,1,11,-690,-472,2210.3,6262.52
1007199,102954,1,17,-579,-957,9461.67,12173.95
1006032,101762,1,19,-679,-898,2546.73,11847.47
1001399,106413,1,6,-985,-232,15306.91,2613.55
1009168,201932,1,14,-654,-944,9923.09,1072.6
1002105,105280,1,23,-966,-754,37898.03,11673.87
1007398,101520,1,19,-479,-473,3195.11,4663.56
1008277,103713,1,13,-123,-574,17351.84,41789.9
1006714,100215,1,11,-399,-679,23026.73,10337.1
1001222,105771,1,21,-192,-972,2128.82,33205.15
1007303,109544,1,5,-793,-580,9697.74,8782.71
1005770,103536,1,20,-104,-552,10205.5,1774.03
1003698,108132,1,4,-308,-966,9524.33,11256.05
1002922,100891,1,10,-717,-956,7741.22,811.44
1001257,104520,1,21,-969,-507,2644.07,19859.86
1000344,201983,1,7,-381,-578,56961.35,13088.74
1003620,103592,1,5,-680,-416,310.17,6391.02
1002417,100187,1,19,-875,-392,5066.0,1909.09
1008022,107608,1,16,-615,-223,19071.98,14315.43
1006667,103666,1,15,-405,-651,11714.39,20186.03
1006565,100763,1,19,-233,-920,12729.57,4511.81
1007737,109314,1,2,-209,-114,12691.61,4715.04
1003099,201582,1,10,-885,-234,1657.36,9302.59
1001741,106733,1,8,-917,-497,8410.75,40730.64
1009802,201216,1,17,-509,-888,5360.84,26521.52
1000201,101028,1,11,-733,-816,19198.99,31414.91
1003126,100393,1,12,-112,-203,24860.08,7190.04
1005180,105062,1,1,-456,-27,15902.68,6361.09
1008963,102131,1,4,-850,-480,4.4,18564.68
1001513,106450,1,6,-191,-187,5285.63,3488.47
1009176,200761,1,5,-803,-33,6519.0,5105.29
1004865,107911,1,7,-834,-582,3974.5,7929.86
1007825,100365,1,9,-196,-218,6703.45,590.95
1001853,108559,1,12,-200,-659,24135.04,380.23
1005022,201998,1,16,-444,-344,6642.14,29678.41
1006503,105220,1,9,-863,-484,910.93,16578.56
1004260,108307,1,3,-305,-22,10840.39,21315.35
1005983,101462,1,16,-363,-243,6801.78,8043.99
1004367,106892,1,15,-77,-877,15287.15,20059.97
1002553,200344,1,4,-84,-815,1984.53,664.93
1008146,201449,1,13,-988,-809,11469.32,3843.59
1004564,201189,1,4,-545,-577,9055.93,759.62
1008090,201619,1,20,-555,-12,13760.03,9334.01
1007912,100962,1,8,-784,-935,648.16,7864.38
1006045,200303,1,15,-469,-550,10912.6,22314.03
1002680,109486,1,23,-703,-503,18556.75,7332.38
1000812,109749,1,6,-550,-633,5870.37,7317.07
1007034,108814,1,12,-848,-981,17394.64,13854.31
1008493,109820,1,6,-686,-55,6003.69,916.11
1007983,200299,1,17,-280,-574,2110.75,25516.83
1000959,100994,1,4,-858,-54,40150.29,15854.24
1007448,101666,1,22,-692,-491,4901.49,4492.92
1005053,108427,1,12,-353,-548,13132.57,3899.88
1001108,201672,1,1,-632,-910,7633.64,889.31
1004778,201687,1,11,-460,-154,567.99,27941.12
1008836,100740,1,18,-284,-805,24234.44,10047.85
1004640,106389,1,20,-357,-267,3363.55,12805.92
1007465,107212,1,10,-99,-421,14445.18,3518.53
1009880,109173,1,13,-879,-530,2167.43,555.67
1005621,101547,1,3,-877,-217,2155.8,8754.42
1005796,102541,1,18,-446,-288,2643.81,183.44
1009807,108344,1,5,-774,-380,20772.11,9559.72
1001809,109548,1,19,-376,-287,403.31,238.17
1003298,109668,1,18,-164,-655,4347.32,9476.1
1007521,200316,1,13,-219,-237,8014.43,33620.28
1007360,101548,1,20,-454,-522,15479.54,8012.06
1005447,200816,1,11,-201,-39,23568.13,15190.2
1003391,201716,1,21,-93,-545,897.56,17268.8
1004428,100659,1,17,-691,-20,1686.4,2130.77
1004580,101675,1,10,-443,-829,3353.25,8877.98
1000548,201890,1,8,-581,-510,7916.31,10847.47
1008835,105932,1,1,-251,-366,59454.95,11918.16
1004361,103829,1,10,-818,-210,3756.7,10583.03
1002491,200152,1,18,-798,-486,44.46,3446.63
1002902,105724,1,5,-58,-126,6110.51,37738.27
1004898,101977,1,12,-866,-834,20332.91,6395.32
1002354,109291,1,2,-795,-328,3307.89,2037.05
1003987,101632,1,6,-520,-436,784.05,11924.16
1007761,104257,1,23,-423,-280,23.3,9779.34
1006692,103963,1,2,-989,-407,7133.11,13683.37
1008841,100023,1,3,-540,-592,12588.17,4287.48
1002018,104252,1,18,-313,-649,801.81,5999.11
1002180,105945,1,8,-477,-45,9643.4,1461.2
1005312,104820,1,12,-654,-487,4550.16,2077.55
1009738,105727,1,7,-914,-380,15228.77,2068.63
1006459,109667,1,4,-868,-455,1726.02,542.48
1000052,201234,1,3,-775,-470,10845.88,7935.45
1008836,100740,1,3,-914,-592,2548.41,14265.07
1003417,200494,1,11,-432,-76,6834.3,2219.44
1002887,106744,1,16,-416,-103,11736.05,8849.74
1009933,109087,1,11,-819,-698,29566.04,17465.1
1003812,108176,1,6,-719,-154,8438.66,3106.5
1004089,103586,1,5,-657,-837,7806.25,5603.47
1005313,106011,1,3,-344,-119,18149.15,13029.87
1000038,108399,1,2,-226,-781,13411.79,1710.34
1009009,107443,1,4,-612,-847,2391.81,29784.16
1005773,100109,1,5,-663,-210,39665.01,11581.44
1006437,102333,1,11,-397,-219,59193.08,8615.76
1000112,108926,1,7,-82,-909,835.03,918.41
1000811,200855,1,17,-481,-157,1757.89,21547.83
1002798,201792,1,17,-314,-867,5697.26,1902.99
1008861,201158,1,5,-484,-380,7895.62,1312.96
1000372,102164,1,17,-961,-389,5280.74,10528.11
1003684,104821,1,9,-279,-187,23155.93,7978.84
1000560,103794,1,4,-161,-400,26866.67,13468.01
1003658,107888,1,1,-162,-471,553.76,10329.7
1005443,105826,1,14,-534,-972,11421.79,12124.44
1007853,201888,1,7,-335,-212,9833.64,2678.86
1009920,109830,1,15,-548,-452,5150.72,37793.42
1008682,200919,1,4,-451,-192,7497.2,17463.68
1000177,103782,1,21,-941,-332,1562.87,17465.6
1007989,200692,1,17,-57,-569,4191.39,3862.99
1007649,102454,1,12,-671,-80,6881.95,1897.63
1002006,100610,1,9,-738,-621,1874.64,289.39
1009544,104275,1,8,-427,-855,30910.76,37120.13
1008646,200461,1,9,-37,-269,9922.03,1373.73
1007353,109502,1,5,-181,-627,6359.77,9771.0
1001934,100214,1,9,-819,-68,15006.95,17776.35
1001081,106659,1,21,-44,-440,3177.81,15020.55
1006466,104751,1,4,-899,-995,8472.54,11453.68
1001767,201204,1,4,-862,-102,51659.96,10728.6
1007549,107580,1,21,-789,-690,8598.26,5701.17
1008626,201248,1,12,-113,-849,22151.28,4679.83
1004308,109857,1,9,-479,-190,39514.36,1943.24
1005746,200129,1,12,-170,-926,14161.18,17587.37
1007535,101966,1,4,-512,-817,6777.59,2844.28
1009577,106926,1,13,-673,-819,8592.2,2991.3
1008110,103187,1,19,-199,-976,37499.16,8.44
1000396,107060,1,19,-581,-347,5259.46,5736.78
1005665,108783,1,22,-838,-328,4535.09,4727.7
1005927,106722,1,10,-27,-281,19609.23,13997.34
1004830,108055,1,14,-735,-360,29217.09,84.87
1008350,104282,1,6,-619,-448,78.01,5374.21
1005287,107516,1,5,-237,-592,19678.41,1687.03
1007808,104379,1,7,-818,-457,16018.14,5390.57
1000254,103536,1,8,-607,-188,5595.46,15558.21
1007537,101165,1,10,-51,-531,6373.43,465.24
1007471,101260,1,17,-824,-855,7114.04,7567.07
1007532,200328,1,2,-974,-890,36141.15,4164.46
1007061,106196,1,17,-967,-628,1957.24,2904.46
1006370,201254,1,1,-358,-384,4040.4,12887.67
1003193,108729,1,3,-389,-15,11892.68,3023.84
1009202,102132,1,17,-784,-672,6470.24,1013.84
1000092,101026,1,16,-37,-26,5595.94,5316.84
1001092,109699,1,15,-34,-992,6064.78,5060.88
1007798,108024,1,7,-751,-982,3684.95,8442.27
1004943,103004,1,19,-210,-611,5518.14,3111.21
1006848,200622,1,11,-103,-146,6335.73,9384.42
1003210,200453,1,20,-43,-551,19299.03,3062.99
1000028,100764,1,4,-452,-949,29831.31,495.16
1005279,101691,1,8,-921,-531,21875.7,3820.99
1001658,103900,1,22,-217,-619,83.37,14021.88
1006231,105333,1,14,-440,-413,11332.02,1237.32
1002690,100518,1,14,-220,-114,3813.47,20893.36
1004561,104863,1,20,-63,-294,13267.64,1207.7
1002744,103512,1,10,-496,-616,5776.33,20294.2
1002528,104256,1,19,-428,-85,3404.83,17447.8
1007866,109758,1,2,-118,-358,17761.53,17121.65
1004540,200174,1,13,-638,-532,212.27,18824.04
1009616,101435,1,5,-100,-640,4736.79,10066.83
1004430,108317,1,12,-75,-768,15814.12,1053.88
1006995,102230,1,10,-524,-756,43888.38,5155.92
1002063,100164,1,11,-119,-481,27539.22,583.92
1006444,100816,1,14,-659,-371,10839.88,15946.29
1003444,101235,1,19,-57,-514,1263.33,2682.5
1009040,102293,1,1,-612,-985,3685.37,5411.45
1002525,105024,1,18,-323,-35,912.44,2201.22
1000898,108032,1,13,-898,-798,1515.27,35150.7
1009799,109588,1,17,-400,-869,12891.91,2633.17
1004826,105433,1,11,-896,-611,464.78,6290.34
1009621,200416,1,11,-513,-311,44496.56,53629.49
1008154,109757,1,6,-674,-475,945.3,765.24
1009951,103803,1,21,-118,-247,5300.66,506.76
1000915,101698,1,13,-338,-365,520.03,3790.75
1009535,108858,1,8,-527,-390,29216.58,9684.39
1001389,201911,1,4,-650,-930,19417.84,5344.33
1006468,103474,1,11,-970,-394,12165.33,2060.12
1004863,201234,1,9,-394,-376,1845.91,3551.91
1003176,105140,1,2,-641,-522,28715.68,1812.94
1005978,101721,1,12,-780,-850,6320.5,1437.93
1000445,109301,1,3,-158,-498,6913.69,9162.17
1001461,200752,1,13,-199,-867,2759.91,15809.16
1000185,101927,1,17,-187,-409,566.16,3470.06
1007621,104614,1,17,-738,-349,10022.85,6100.95
1002271,106976,1,2,-622,-806,13665.89,2034.29
1008664,107678,1,14,-284,-448,6094.26,8589.6
1007352,101120,1,13,-749,-289,2242.52,16509.91
1004297,108921,1,17,-501,-978,3933.9,24699.74
1002377,105102,1,1,-748,-972,17490.47,19823.53
1007856,109100,1,21,-620,-754,2414.82,4551.36
1002188,103220,1,22,-197,-566,9939.82,4757.64
1001534,106738,1,3,-992,-611,61881.01,19551.72
1007108,102298,1,19,-546,-275,1294.15,7929.4
1006285,106466,1,20,-337,-342,6179.97,4993.24
1002340,108817,1,5,-301,-724,2515.55,21314.55
1003221,101088,1,7,-710,-74,21340.45,1576.39
1005677,109535,1,21,-772,-74,12458.82,2367.72
1001391,102051,1,15,-61,-370,9982.25,4530.13
1006016,106776,1,11,-834,-420,539.35,30559.57
1006563,105693,1,17,-199,-303,5143.9,30984.27
1002678,101744,1,2,-754,-31,6257.77,1038.98
1008587,105892,1,12,-795,-73,153.37,30269.37
1008535,100355,1,15,-622,-230,25328.42,9117.82
1006057,201611,1,2,-784,-968,24950.76,3038.17
1001518,105777,1,12,-802,-878,3617.29,2351.36
1003995,108441,1,23,-273,-692,1931.92,4015.26
1007095,200303,1,23,-173,-544,10649.49,20752.78
1001401,200292,1,11,-823,-121,3372.68,1578.75
1002936,200328,1,17,-676,-76,15729.57,18659.25
1000031,201183,1,5,-158,-855,1339.8,4996.01
1000071,105512,1,18,-203,-931,17918.68,12003.37
1002358,101387,1,20,-981,-684,9532.94,1892.78
1006995,102230,1,10,-206,-689,7047.77,3377.03
1000195,103847,1,1,-806,-615,1546.13,199.41
1004211,102426,1,19,-408,-677,6768.31,1058.05
1005034,201683,1,7,-73,-188,200.39,18347.84
1005197,107045,1,4,-446,-185,8884.59,20226.21
1003886,200137,1,7,-580,-302,5700.08,10935.06
1009082,200482,1,7,-266,-631,11126.36,658.94
1000794,107870,1,7,-974,-285,12473.7,10856.91
1006836,103379,1,19,-30,-867,665.42,4524.06
1001701,108550,1,9,-215,-599,25202.18,44643.95
1001538,201633,1,2,-275,-683,3192.06,5014.02
1002827,105909,1,10,-161,-10,8110.51,24764.3
1009213,104014,1,6,-340,-771,3274.85,16611.68
1004598,104116,1,19,-625,-986,1137.86,8338.62
1005852,100968,1,3,-526,-898,5827.56,6130.57
1003788,108796,1,2,-680,-562,9603.17,23822.05
1002174,100397,1,21,-518,-81,15212.06,4851.11
1000569,104580,1,22,-930,-402,23064.68,6875.4
1009352,100396,1,22,-663,-743,7347.7,2288.45
1001194,103126,1,2,-664,-993,12180.58,880.48
1009692,103020,1,3,-527,-484,1954.51,4386.3
1004374,200108,1,17,-401,-943,7451.93,18222.95
1004823,105442,1,10,-758,-13,14320.05,19644.47
1007539,103897,1,6,-997,-187,4316.6,2518.55
1001599,108443,1,19,-438,-757,4154.11,6024.37
1007196,108426,1,7,-788,-142,1502.83,8380.3
1009660,108684,1,8,-143,-963,651.84,14093.09
1007816,106396,1,20,-673,-319,8691.25,1455.39
1009420,102508,1,19,-335,-619,4231.93,3890.84
1003281,201065,1,8,-748,-739,2905.27,5784.31
1009168,201932,1,22,-485,-214,5797.69,8745.8
1008169,200966,1,10,-829,-973,13478.65,465.01
1007536,104805,1,4,-281,-352,8640.61,3037.43
1009023,105024,1,3,-521,-308,20487.5,882.26
1002521,102563,1,10,-914,-216,1697.3,2768.52
1006613,100340,1,5,-691,-894,25725.42,2766.09
1006736,103722,1,5,-183,-168,10149.62,1103.57
1009450,102158,1,6,-821,-440,1175.3,19486.38
1008231,107288,1,3,-954,-333,14460.5,47166.92
1002900,106817,1,1,-988,-600,1848.31,12803.86
1001461,200752,1,11,-686,-697,6661.78,7248.42
1005157,107619,1,2,-38,-513,17916.87,3357.48
1006593,201755,1,2,-349,-572,7613.92,46158.41
1001830,105901,1,19,-520,-929,22806.24,6200.37
1002423,101413,1,8,-411,-437,5160.06,6221.83
1009817,106949,1,4,-492,-153,8062.46,3344.26
1009898,201459,1,5,-715,-302,8632.94,944.14
1006815,109420,1,14,-519,-681,12275.29,1674.5
1008500,200389,1,8,-748,-262,18682.87,12584.85
1002947,103128,1,4,-931,-85,44090.63,4760.74
1007635,201366,1,21,-316,-799,14014.9,650.37
1004373,108281,1,16,-968,-751,1077.58,3417.44
1009443,100116,1,23,-467,-861,3111.44,161.38
1003447,101896,1,8,-569,-931,9530.51,24065.44
1001718,101659,1,3,-582,-537,8437.75,21322.63
1009512,105288,1,14,-610,-739,18014.67,4764.99
1002161,200375,1,14,-325,-417,7391.25,17988.93
1003010,108794,1,5,-451,-777,1040.45,20585.24
1009076,108034,1,19,-115,-223,21627.62,5534.92
1008973,100474,1,12,-170,-444,38338.51,8825.77
1009973,102710,1,16,-605,-631,3000.0,3180.44
1001729,201914,1,1,-640,-447,13767.95,8656.28
1002467,100562,1,18,-732,-370,10638.14,14913.67
1002859,105227,1,1,-140,-974,145.55,35511.97
1001791,100167,1,7,-562,-47,14263.14,2963.16
1007149,109265,1,13,-75,-338,4351.67,4552.32
1000450,107120,1,22,-108,-486,15969.37,7082.37
1007893,105794,1,16,-367,-252,1118.81,13587.15
1001640,200113,1,1,-521,-969,20752.1,25557.46
1004766,104695,1,13,-355,-96,4675.38,6885.04
1001930,201135,1,17,-699,-315,8129.57,2820.12
1001140,108821,1,7,-238,-849,4363.06,18254.3
1001804,105810,1,11,-674,-803,2746.43,9560.11
1007277,106332,1,17,-531,-877,8010.15,11329.58
1008567,100572,1,16,-423,-131,36101.43,36303.1
1003985,101410,1,21,-395,-609,2414.91,1071.23
1008585,101927,1,15,-910,-238,8355.46,7411.5
1000752,200108,1,2,-970,-81,3877.34,6894.02
1009620,107447,1,20,-318,-932,19527.8,6261.34
1003428,107431,1,5,-734,-799,8683.5,3637.67
1008563,104571,1,19,-47,-241,8527.61,9971.0
1003137,200264,1,19,-186,-115,851.55,4042.64
1009318,105309,1,9,-419,-321,13222.01,518.97
1006360,107283,1,10,-874,-750,1959.42,3310.57
1007334,106721,1,8,-480,-114,4407.18,23842.77
1002450,201230,1,8,-291,-855,2699.71,1388.95
1009680,106185,1,17,-989,-290,14500.9,13959.65
1000543,200508,1,14,-488,-312,21697.5,12522.75
1004964,108805,1,20,-737,-560,612.76,12191.27
1003460,104230,1,20,-767,-638,12945.16,954.42
1007180,109871,1,18,-283,-332,18939.82,2229.02
1007953,109006,1,13,-859,-97,7027.13,36215.79
1005812,103709,1,9,-913,-677,5280.33,2753.23
1004722,104243,1,18,-379,-597,13919.1,4501.7
1005800,200324,1,15,-311,-241,9783.33,20604.3
1002719,101182,1,2,-422,-326,9333.1,10564.03
1006130,103211,1,14,-822,-58,3883.53,7239.99
1007040,102418,1,8,-383,-218,11149.91,2715.4
1004498,201941,1,21,-246,-615,16335.27,8220.77
1009967,101610,1,5,-857,-707,2892.73,4998.8
1007868,103417,1,20,-160,-133,156.14,9398.6
1009762,102054,1,1,-975,-804,16816.09,12745.75
1005060,201478,1,17,-661,-375,7474.78,1492.64
1006605,107529,1,2,-361,-886,4205.69,4711.6
1008758,106052,1,11,-887,-225,12810.53,24407.39
1002925,101726,1,23,-835,-42,2043.62,8097.57
1007249,103554,1,14,-929,-841,4035.97,5323.18
1006103,108879,1,9,-784,-77,17400.08,7105.67
1000227,108125,1,16,-254,-905,5170.65,2200.65
1002507,107087,1,13,-204,-47,3777.47,4244.26
1004227,201610,1,3,-97,-547,4490.91,193.46
1001271,103659,1,4,-402,-823,606.03,8175.66
1003721,103689,1,15,-327,-339,36151.43,1464.23
1005806,103715,1,9,-528,-499,16331.9,4752.15
1007175,109234,1,2,-171,-57,4972.68,1329.6
1007096,100185,1,14,-135,-296,19224.79,14856.24
1007974,103354,1,7,-978,-912,10178.48,2922.95
1008595,201730,1,15,-843,-435,7807.62,10602.96
1008548,101994,1,1,-840,-827,12670.66,13687.93
1009469,109420,1,6,-156,-815,1173.13,13003.51
1005348,109333,1,10,-814,-448,4726.79,24016.71
1002661,201004,1,20,-936,-803,731.52,13884.64
1004341,107975,1,22,-740,-290,701.09,57262.57
1003675,103183,1,4,-241,-828,142.9,1989.31
1000001,104502,1,3,-706,-169,17558.65,6035.3
1008482,201428,1,18,-569,-700,25123.55,8155.52
1002472,201623,1,5,-719,-435,5475.94,121.44
1009895,105201,1,3,-415,-955,1160.75,11156.49
1002659,102174,1,6,-90,-720,1462.63,6138.1
1001220,103448,1,10,-683,-594,22190.42,33435.49
1000385,107787,1,20,-546,-328,15224.38,1282.99
1004552,107631,1,3,-324,-601,10380.5,22532.19
1002265,106078,1,10,-845,-736,9681.87,10250.9
1006295,107990,1,5,-366,-13,12277.83,10974.19
1007185,109876,1,23,-253,-295,10793.41,10268.33
1000612,107948,1,13,-97,-598,814.12,22429.17
1000288,100496,1,11,-806,-831,28539.0,12097.48
1004086,201432,1,5,-315,-473,11195.18,425.55
1002077,101115,1,1,-12,-15,4570.78,19574.73
1007149,109265,1,4,-646,-721,458.28,1418.4
1005950,103671,1,22,-888,-390,6473.6,1359.14
1005976,102677,1,6,-658,-765,17682.81,17639.96
1003959,104024,1,21,-776,-735,1584.62,11180.79
1009297,104662,1,4,-496,-448,6158.19,4614.73
1008433,107675,1,4,-147,-768,32485.54,6107.68
1006445,109024,1,3,-813,-806,7626.44,3266.29
1001261,103936,1,6,-346,-314,3385.14,59110.34
1003452,103739,1,10,-903,-206,294.49,982.45
1006872,106637,1,12,-526,-648,1578.97,15585.33
1006024,101785,1,23,-497,-330,4291.33,5074.67
1005989,109511,1,9,-129,-789,6292.32,1554.73
1004524,104079,1,5,-454,-528,5713.49,17245.48
1005283,107859,1,22,-284,-262,2103.12,4113.72
1001642,104519,1,23,-912,-860,1719.81,672.48
1001557,102558,1,13,-882,-633,16796.79,4406.81
1007108,102298,1,2,-851,-992,1570.13,10393.21
1004631,201189,1,4,-472,-404,27679.33,20651.31
1005134,104426,1,21,-707,-402,4568.27,3787.09
1000403,107886,1,18,-124,-27,4787.8,8894.51
1005703,109119,1,13,-352,-936,9166.86,9041.91
1007920,109191,1,1,-760,-521,4583.36,23150.95
1008166,108776,1,11,-826,-144,30780.88,1988.06
1000372,102164,1,22,-945,-247,639.32,13907.69
1003256,100398,1,17,-961,-503,23177.25,8336.24
1008138,105385,1,22,-346,-496,13971.8,15791.67
1004697,200289,1,1,-179,-182,6390.43,8705.86
1009075,108602,1,1,-721,-129,24891.22,16982.67
1000300,108089,1,7,-478,-183,10355.26,2149.04
1005080,106723,1,14,-268,-206,2188.9,3741.01
1005483,105811,1,6,-24,-65,11935.87,32634.73
1004552,107631,1,5,-653,-511,1103.27,2742.56
1006597,201204,1,8,-726,-558,16408.2,1345.07
1006745,107690,1,23,-906,-43,7008.06,9521.05
1003237,107561,1,12,-98,-958,23893.59,2957.33
1009349,100399,1,12,-617,-311,2643.9,13204.63
1008434,105017,1,6,-132,-107,2015.43,38384.66
1007326,100048,1,21,-505,-808,16717.44,250.01
1007202,106062,1,17,-327,-682,32077.72,4009.03
1005231,105460,1,19,-562,-171,26633.14,536.77
1006307,101958,1,15,-362,-29,1263.12,6313.09
1002191,101486,1,13,-348,-726,1037.44,25669.09
1002307,102608,1,11,-518,-994,1179.11,7854.19
1003752,108686,1,22,-182,-763,18484.44,6743.0
1003502,107746,1,4,-562,-840,7713.36,40275.29
1000411,105257,1,10,-623,-222,8748.62,5565.27
1008539,201894,1,9,-110,-181,4420.79,4685.85
1006503,105220,1,20,-684,-254,6295.44,2007.97
1002291,200688,1,6,-349,-121,5966.69,6916.28
1009022,100628,1,21,-427,-931,11066.32,464.99
1004785,101730,1,12,-621,-935,6935.4,4333.95
1002315,103275,1,2,-506,-904,26219.21,23241.4
1005984,109947,1,11,-15,-990,15187.82,1365.7
1001777,108636,1,22,-96,-63,1253.67,1460.58
1009629,104491,1,16,-74,-633,12852.69,239.15
1000664,201443,1,5,-231,-513,3779.52,3541.49
1006816,100198,1,19,-600,-512,722.04,231.14
1007983,200299,1,20,-738,-674,1844.21,35934.74
1005866,107446,1,21,-477,-825,1283.15,12214.54
1003965,103575,1,6,-715,-877,14584.34,15057.29
1007034,108814,1,12,-616,-165,14213.86,1971.08
1007644,101491,1,4,-884,-414,3007.85,10438.96
1003731,104850,1,3,-12,-297,1007.08,3220.18
1002446,100861,1,8,-52,-995,1003.89,1519.43
1006581,104329,1,11,-44,-329,2916.5,3690.55
1007622,103915,1,22,-331,-742,5032.37,3804.98
1002892,101869,1,15,-18,-716,1360.8,21309.42
1003922,107661,1,16,-219,-410,2233.51,10071.08
1006248,105554,1,1,-621,-279,228.38,199.2
1008061,200852,1,1,-536,-993,12049.4,5182.15
1008419,103003,1,9,-765,-41,574.16,17310.33
1002694,105829,1,5,-496,-766,16094.81,526.69
1002445,200707,1,19,-379,-572,3930.52,1274.6
1008489,109350,1,8,-149,-479,15491.05,19693.07
1002014,102613,1,8,-241,-873,13955.46,15055.22
1008458,109764,1,9,-16,-132,22123.29,6122.38
1003099,201582,1,17,-259,-174,9877.49,6604.67
1002660,107612,1,1,-257,-409,9250.55,6257.91
1001036,200257,1,9,-683,-407,2520.67,698.65
1001187,106629,1,10,-864,-740,2358.92,5469.48
1005314,102939,1,14,-571,-162,6587.89,10527.59
1008132,100711,1,7,-815,-808,7578.75,7916.88
1000619,200802,1,13,-525,-665,14360.07,1435.41
1005601,200995,1,9,-325,-731,1983.58,11524.62
1005278,104020,1,14,-732,-630,8482.29,2583.05
1002388,105606,1,4,-418,-806,305.05,2363.43
1002423,101413,1,1,-529,-658,28526.24,3244.92
1005326,109952,1,5,-927,-996,9539.16,390.81
1006856,109182,1,23,-878,-754,6805.44,10687.17
1000906,105245,1,14,-618,-613,8054.97,15081.21
1002475,201573,1,16,-405,-609,11826.72,439.97
1002932,106894,1,17,-393,-278,87.61,1967.47
1003754,106415,1,5,-209,-631,42880.42,6031.57
1006468,103474,1,17,-478,-502,1214.93,7500.72
1003422,201600,1,15,-336,-896,6661.44,7980.36
1007269,102069,1,1,-494,-465,25486.79,9289.81
1009647,103964,1,1,-490,-777,1100.9,9482.45
1005093,103388,1,19,-834,-627,3297.7,16.5
1002675,102374,1,3,-156,-976,918.36,312.54
1004262,105655,1,11,-524,-411,31901.35,22616.38
1009147,105097,1,23,-276,-357,48731.2,49082.64
1002813,104343,1,20,-964,-285,8036.58,3519.56
1000992,106246,1,22,-793,-960,5091.83,4377.64
1007081,201855,1,4,-49,-505,40358.52,17506.42
1004905,108787,1,12,-524,-78,5607.91,7360.9
1000799,107847,1,11,-271,-195,9667.96,2687.6
1008632,109579,1,16,-990,-819,3333.15,26103.56
1002914,200431,1,11,-230,-250,1871.79,14918.97
1001618,100904,1,13,-176,-946,1204.72,3344.95
1000545,100523,1,5,-420,-24,33030.7,1723.13
1002354,109291,1,20,-369,-740,15011.16,443.17
1009212,108770,1,9,-269,-508,26238.35,6262.3
1008275,109049,1,22,-258,-183,2865.68,2480.39
1005648,103591,1,13,-216,-976,5457.7,13197.27
1008648,109459,1,16,-234,-905,9634.91,6369.64
1002831,102243,1,23,-300,-571,5271.46,18418.02
1006271,100586,1,9,-958,-446,3343.21,30744.27
1005022,201998,1,9,-708,-791,9042.75,9668.04
1000111,104638,1,19,-917,-752,5383.88,367.48
1002262,105638,1,12,-926,-772,9029.8,17514.13
1008696,103672,1,16,-324,-165,18892.0,17062.28
1007508,106997,1,10,-914,-565,14523.0,8112.91
1000491,201920,1,23,-353,-515,5987.94,94.28
1007240,108090,1,11,-908,-417,5576.6,13606.99
1002117,200960,1,12,-931,-834,3736.27,27372.6
1009843,101143,1,11,-200,-342,7592.63,3691.34
1004513,108719,1,6,-44,-489,58.22,13193.49
1005811,100518,1,9,-199,-61,28670.38,1145.24
1004269,100331,1,9,-806,-182,349.28,1566.74
1007016,108453,1,8,-561,-413,9364.12,26890.44
1006811,102578,1,8,-204,-403,2016.57,7194.97
1006341,105795,1,16,-745,-539,1411.84,5768.4
1009248,101864,1,16,-669,-112,22626.88,8018.79
1002306,108431,1,5,-853,-307,15494.56,2364.62
1004583,100384,1,16,-490,-178,7411.29,15113.87
1006320,104786,1,21,-644,-666,6391.18,20718.38
1004616,102458,1,10,-207,-254,25930.76,6794.94
1004794,200782,1,16,-670,-227,5387.96,17605.37
1004398,100631,1,18,-946,-621,4095.8,13861.24
1001177,200729,1,4,-159,-180,5096.43,555.91
1009717,102979,1,18,-542,-677,9960.06,14385.35
1001865,200513,1,15,-581,-189,9435.12,9139.03
1006501,100052,1,7,-62,-13,7289.83,38680.48
1000175,102537,1,1,-140,-938,2104.68,9239.27
1002511,201958,1,4,-55,-772,24307.12,7599.82
1003820,102169,1,17,-37,-992,6413.12,454.89
1002508,108128,1,17,-46,-353,3096.71,23288.45
1007927,103845,1,21,-572,-885,15324.75,25779.75
1007247,108135,1,22,-953,-83,8895.37,8123.62
1000317,109165,1,3,-823,-669,36044.95,11497.63
1008842,105065,1,16,-978,-721,2613.66,30534.66
1003991,100827,1,6,-764,-899,5500.06,187.57
1009151,103186,1,18,-769,-645,32276.27,13651.92
1001812,200867,1,10,-280,-193,217.12,15037.0
1007669,100603,1,11,-750,-635,3617.06,15410.86
1005413,106200,1,20,-795,-208,14112.26,8114.78
1006193,201678,1,13,-882,-790,16327.17,18051.02
1002924,104051,1,5,-937,-71,5302.14,22599.01
1007876,102441,1,19,-847,-923,11270.21,3324.11
1002504,109725,1,21,-940,-466,8467.83,1431.23
1006831,103313,1,3,-23,-66,3881.06,23148.53
1004602,102672,1,18,-18,-539,4055.39,5113.33
1009276,109810,1,10,-754,-379,5449.28,1640.01
1002037,100127,1,13,-386,-770,2746.14,32467.26
1007602,109556,1,8,-985,-358,8188.64,5006.77
1000562,200965,1,16,-613,-578,4228.52,1175.43
1006268,104338,1,6,-652,-212,16087.71,32271.9
1008752,102121,1,4,-123,-874,28452.75,1332.24
1006443,108787,1,11,-923,-968,4085.65,4716.88
1003399,108789,1,17,-128,-196,4172.14,4086.55
1002112,103187,1,7,-667,-317,1382.39,1252.53
1006296,104942,1,2,-590,-266,10910.75,3474.3
1000910,103217,1,4,-648,-396,6474.92,16563.34
1000189,102047,1,12,-336,-713,24635.6,28883.2
1008990,107010,1,2,-280,-590,6184.21,9465.76
1009433,103423,1,21,-230,-673,2129.12,1666.24
1006253,107383,1,9,-229,-68,2819.38,3370.95
1007922,106254,1,22,-198,-99,2096.08,2469.03
1009483,109301,1,6,-483,-331,13965.44,1464.14
1000453,102931,1,10,-447,-53,7438.09,13924.59
1007680,103941,1,13,-793,-347,23048.67,15665.44
1005611,101318,1,13,-703,-872,4552.63,26945.02
1008379,109786,1,18,-726,-891,2856.53,7331.38
1006182,200314,1,18,-273,-699,9928.31,14326.86
1004260,108307,1,11,-209,-635,3964.62,7732.36
1005569,100652,1,6,-978,-773,16657.0,8667.4
1008834,201040,1,23,-869,-922,2006.71,18922.01
1008637,103274,1,4,-840,-761,4027.48,16090.23
1008574,109652,1,5,-939,-150,2828.73,10994.46
1006425,100863,1,22,-640,-778,4338.84,3195.71
1007704,200778,1,14,-567,-61,20383.16,2041.88
1004730,109305,1,19,-188,-463,17545.78,12166.91
1003990,104922,1,2,-597,-508,17088.0,9839.06
1003892,106503,1,22,-242,-22,11154.47,2661.02
1003725,104456,1,16,-155,-758,3114.99,1873.56
1009223,201667,1,9,-518,-968,6554.02,128.8
1007459,104333,1,23,-762,-948,1298.27,5660.04
1004679,105383,1,23,-48,-212,5463.67,1163.81
1008370,102247,1,15,-538,-577,5661.45,5782.51
1001571,108181,1,1,-388,-127,34580.4,3548.86
1006184,103361,1,7,-962,-107,10835.11,25698.33
1003394,105229,1,18,-611,-482,4235.04,26962.19
1003746,108077,1,15,-186,-746,11659.62,5303.87
1006466,104751,1,7,-737,-629,8559.37,1476.87
1008791,101484,1,6,-34,-137,9966.99,1412.54
1006694,101911,1,7,-674,-639,1401.99,6746.43
1002654,100386,1,7,-628,-538,5344.51,1355.85
1009020,104511,1,22,-96,-381,3367.08,6012.07
1001119,104041,1,2,-389,-41,12606.01,11535.81
1003408,200401,1,5,-131,-77,3466.39,26531.21
1002020,101572,1,8,-88,-49,8970.22,14455.82
1003809,107529,1,17,-413,-300,4913.33,3761.43
1001336,105515,1,10,-465,-648,43271.57,7250.97
1004301,109638,1,16,-290,-935,26889.13,977.54
1006672,101555,1,5,-480,-599,20089.1,3578.13
1003148,105506,1,17,-760,-950,10950.45,14704.65
1009923,103193,1,20,-470,-756,6294.12,9090.33
1005105,200859,1,20,-773,-450,11075.09,16447.56
1006101,109601,1,21,-497,-393,581.28,814.15
1003815,107357,1,9,-816,-65,1756.67,4131.91
1007937,101312,1,22,-166,-539,6622.41,7892.03
1002341,107070,1,7,-671,-826,8730.19,24754.95
1004905,108787,1,22,-475,-22,23888.28,4316.37
1006893,109290,1,21,-820,-959,14776.7,6550.61
1003732,108744,1,4,-549,-936,20602.16,5177.99
1001981,106925,1,20,-313,-704,8309.17,9926.51
1007955,200475,1,18,-685,-259,2029.43,2438.87
1000171,108406,1,16,-592,-172,2286.41,2841.45
1002394,101040,1,19,-206,-782,7703.76,2745.12
1000168,108823,1,8,-787,-364,5049.84,13873.78
1008123,200159,1,6,-450,-922,4552.45,3605.88
1003675,103183,1,19,-722,-693,30409.66,6749.88
1004522,201785,1,12,-292,-322,6883.17,27705.87
1005530,104968,1,14,-300,-13,7976.73,170.13
1000010,105163,1,9,-705,-875,8278.77,7439.0
1006498,200302,1,20,-171,-586,3398.02,676.44
1001848,106270,1,21,-516,-666,32209.85,2985.58
1006642,200298,1,16,-667,-744,3762.89,3938.55
1007383,101838,1,8,-206,-63,27881.26,31600.71
1006382,105506,1,2,-677,-904,9356.05,2070.95
1007390,103409,1,7,-399,-146,10680.2,19001.94
1007238,103152,1,15,-985,-579,3689.43,12738.67
1000413,100175,1,4,-720,-447,21044.49,8155.05
1004888,200970,1,22,-464,-110,23899.59,4276.2
1001993,103331,1,4,-116,-418,1863.94,11130.75
1000621,102578,1,20,-657,-302,471.3,3008.93
1000243,100806,1,14,-629,-263,2880.61,1825.23
1004624,102304,1,4,-667,-454,4092.8,12839.57
1000085,107918,1,2,-132,-847,8601.34,2182.49
1007785,101457,1,3,-549,-669,4145.24,13127.3
1007574,103689,1,3,-13,-102,26487.71,5782.72
1007738,105075,1,8,-516,-271,12822.12,12350.76
1001168,103751,1,12,-949,-707,3898.29,12855.01
1007801,200054,1,11,-50,-228,387.79,20821.53
1000775,201777,1,13,-192,-538,9759.98,7983.56
1005759,109414,1,20,-583,-639,2566.56,2446.4
1006319,103597,1,18,-486,-241,1446.83,7382.06
1000780,106677,1,17,-845,-902,2806.63,908.45
1001157,200821,1,19,-988,-278,43272.29,4240.08
1007599,105641,1,4,-892,-446,7772.18,2638.29
1006296,104942,1,9,-359,-387,4660.21,1496.83
1006320,104786,1,10,-325,-36,5224.66,1914.91
1005113,105766,1,15,-683,-189,1138.18,38404.03
1003634,109948,1,3,-178,-942,2796.65,35126.27
1001991,105869,1,6,-709,-52,434.82,13486.81
1007869,106810,1,13,-178,-643,2250.96,17646.41
1002050,101353,1,2,-319,-718,7970.41,5611.67
1000058,106918,1,2,-475,-399,2490.35,14243.09
1003400,109827,1,22,-338,-546,2939.76,52434.33
1007463,103428,1,8,-236,-123,12971.51,5106.81
1008645,200492,1,18,-767,-979,2997.43,3267.09
1002479,105062,1,16,-732,-881,29817.56,17520.06
1006452,201136,1,5,-114,-914,11586.97,4262.17
1002367,104348,1,10,-281,-144,43942.2,2491.65
1008967,109201,1,23,-631,-652,32349.11,2900.86
1000614,200429,1,20,-314,-774,13272.14,24759.81
1003039,201936,1,5,-716,-735,23398.77,4656.89
1005892,100213,1,5,-106,-305,6474.92,15858.13
1009109,100124,1,17,-434,-880,25957.36,6094.55
1005675,105595,1,16,-867,-978,22019.36,7599.67
1000473,106215,1,23,-355,-619,32708.13,2335.5
1006462,105171,1,7,-830,-241,1467.93,12991.68
1006787,201393,1,16,-912,-77,23043.97,1884.97
1000739,105689,1,6,-180,-636,9419.15,8032.33
1005508,102956,1,1,-571,-221,1956.3,11101.15
1006218,108813,1,20,-491,-430,24770.89,18137.38
1009478,103799,1,19,-657,-639,1813.58,32376.01
1009269,104293,1,2,-516,-908,1447.67,5544.29
1009757,107696,1,7,-859,-648,5565.38,628.95
1005195,104217,1,9,-264,-61,8314.51,4875.25
1005547,105123,1,7,-470,-837,2566.04,3721.06
1007513,106025,1,10,-110,-895,3766.91,36372.97
1002379,108177,1,21,-176,-954,85.12,1545.18
1006337,109259,1,7,-443,-447,3921.03,15026.32
1008439,102572,1,23,-376,-318,7415.21,4341.51
1005021,200736,1,13,-978,-460,479.99,3138.03
1009989,100974,1,21,-167,-981,14606.75,6580.57
1001057,103929,1,10,-227,-582,131.42,13827.32
1001816,107122,1,21,-358,-891,6803.44,7223.82
1008704,100053,1,20,-988,-459,2854.03,613.16
1001559,102241,1,17,-950,-748,179.44,1368.23
1008063,104044,1,16,-126,-305,6554.13,1981.09
1006308,107150,1,13,-712,-611,2497.81,12735.08
1003172,102913,1,20,-664,-572,29531.84,19817.65
1002096,201902,1,8,-136,-655,176.06,34609.03
1001109,108915,1,1,-440,-431,5326.81,14677.48
1004297,108921,1,22,-830,-658,18953.3,19797.19
1006735,100928,1,1,-920,-416,4919.98,8109.05
1005144,108709,1,17,-740,-234,1990.99,22785.12
1001272,102976,1,17,-484,-801,6.33,13447.92
1006379,107512,1,22,-960,-156,48159.58,5201.52
1002414,101001,1,6,-759,-120,19830.16,7295.82
1007054,104730,1,23,-524,-237,7150.64,745.35
1009480,106391,1,17,-621,-578,5662.0,344.42
1002263,101770,1,14,-393,-706,1301.24,9263.99
1009390,109626,1,15,-280,-200,9304.48,16496.07
1007872,201802,1,7,-206,-324,12154.02,6208.27
1006289,201197,1,22,-841,-579,2486.67,2172.68
1006348,106412,1,10,-268,-535,10595.17,5756.97
1000938,100214,1,23,-390,-547,11413.63,3215.44
1009950,201337,1,6,-292,-277,10181.03,47379.03
1002912,107975,1,11,-547,-911,1013.65,14439.38
1005045,101180,1,9,-21,-289,4365.02,5729.69
1007191,108009,1,5,-45,-288,9795.05,3681.08
1009846,101994,1,19,-194,-351,1974.78,734.4
1002953,201309,1,19,-218,-748,19663.66,2132.37
1003848,100761,1,13,-563,-371,4387.36,16685.93
1009700,100036,1,13,-842,-841,1991.18,8331.99
1001032,107161,1,8,-527,-796,23900.56,126.24
1009816,107421,1,8,-454,-904,15072.88,40431.07
1008030,107282,1,17,-693,-608,20088.78,6942.42
1000519,105951,1,17,-186,-166,1282.59,10454.32
1002038,106737,1,6,-545,-730,29548.29,20793.09
1005674,107291,1,4,-315,-294,8064.75,440.14
1002561,100219,1,22,-456,-215,1847.69,12250.63
1002203,107819,1,17,-565,-263,722.7,28504.25
1006175,100297,1,1,-28,-302,2467.99,11039.14
1006896,109106,1,15,-581,-836,4744.36,5852.17
1004941,104538,1,9,-694,-776,16429.91,586.87
1000154,109629,1,8,-918,-669,21680.57,21497.55
1009059,109680,1,16,-328,-710,36470.11,13116.7
1004142,106662,1,10,-391,-905,7708.5,6743.51
1004336,100128,1,3,-165,-877,19119.47,6987.04
1001655,101108,1,12,-958,-173,6410.35,3111.21
1004095,103821,1,20,-601,-456,9236.7,4314.46
1001658,103900,1,18,-183,-119,21658.2,12802.44
1004110,100742,1,18,-771,-712,44673.71,55306.07
1009816,107421,1,8,-621,-135,2227.65,13427.58
1002537,104424,1,10,-815,-117,11894.91,1369.52
1007489,107729,1,1,-425,-211,939.41,12027.0
1002583,106114,1,22,-392,-98,2036.88,6342.76
1006355,105490,1,18,-417,-657,9641.07,35.67
1008497,105335,1,23,-232,-982,1697.7,5483.72
1006684,102334,1,5,-519,-956,8307.47,9710.2
1002982,109657,1,15,-335,-200,7896.51,9033.37
1007669,100603,1,11,-991,-222,10026.08,6413.44
1002187,107801,1,14,-634,-740,671.27,12454.06
1002090,100054,1,8,-22,-465,494.82,1764.59
1005200,101421,1,17,-717,-620,12278.2,3378.39
1008988,109531,1,5,-919,-199,19880.95,30028.59
1009939,200639,1,4,-563,-961,7363.27,1104.13
1007806,102785,1,19,-751,-909,1990.36,9662.52
1005452,106796,1,17,-352,-878,6369.13,10367.29
1005362,109926,1,18,-288,-565,3770.78,8462.39
1007090,106964,1,19,-522,-258,7458.78,1074.69
1008728,100611,1,9,-613,-941,893.87,9144.97
1009979,105667,1,13,-24,-386,15723.14,15867.93
1008376,109901,1,7,-369,-908,25160.59,12309.91
1006786,108004,1,5,-551,-28,13896.22,17460.89
1009983,107586,1,8,-856,-121,5530.64,12094.25
1001774,106094,1,1,-26,-657,5304.81,506.67
1007987,107138,1,22,-506,-710,5155.2,2077.17
1005435,102922,1,8,-41,-16,275.61,6100.27
1002106,103449,1,21,-633,-667,830.97,7821.08
1004834,103331,1,3,-625,-790,8510.58,10952.97
1003774,107251,1,5,-235,-674,17097.06,2136.08
1002118,109133,1,6,-397,-33,4528.01,42197.96
1000329,101994,1,10,-74,-665,12815.44,12723.14
1000684,100112,1,11,-331,-151,1128.56,1105.37
1003132,107372,1,12,-131,-537,20799.55,9210.48
1001714,100642,1,21,-510,-63,1234.29,10186.23
1006326,108222,1,15,-316,-708,692.8,4235.75
1007335,108347,1,15,-529,-910,18749.15,34004.12
1002914,200431,1,12,-113,-14,16559.0,234.25
1002110,108851,1,17,-196,-128,2972.48,7125.74
1005778,105828,1,16,-488,-598,8858.26,39119.76
1009661,105150,1,5,-351,-279,12746.13,2659.51
1006909,105778,1,7,-596,-695,2751.16,7889.87
1003810,108086,1,6,-562,-901,5495.07,4775.85
1009215,104871,1,1,-130,-565,27495.91,2465.59
1009680,106185,1,17,-825,-357,298.51,989.21
1002327,106753,1,10,-884,-141,12385.5,12183.23
1001645,102321,1,12,-373,-654,4346.23,27634.41
1001540,106470,1,4,-774,-174,2920.57,5631.16
1004992,106244,1,4,-902,-202,4709.83,1939.35
1005583,100143,1,13,-137,-141,13968.34,13616.89
1005069,103591,1,7,-510,-864,1214.1,11954.92
1002812,201076,1,1,-558,-746,2703.7,13157.43
1008249,109103,1,21,-665,-717,2239.96,12253.78
1009491,101491,1,4,-117,-195,35064.89,22392.7
1008072,109251,1,20,-499,-430,28367.43,11563.14
1005791,109330,1,7,-502,-667,6818.96,42174.63
1000936,102005,1,23,-776,-767,3692.03,24462.74
1000450,107120,1,11,-494,-329,11166.1,11849.81
1007558,107193,1,5,-768,-431,9078.85,7051.75
1001500,107931,1,15,-448,-522,40576.66,1641.79
1006478,102964,1,7,-70,-543,15037.67,24541.83
1007633,106224,1,17,-349,-344,13818.51,4799.41
1009272,102543,1,22,-743,-434,3990.28,12395.84
1007101,201814,1,3,-701,-153,35265.93,7755.17
1005479,105871,1,22,-703,-835,2418.06,17070.48
1007407,104239,1,14,-492,-997,5128.74,5274.86
1000947,201477,1,12,-322,-720,20562.37,10574.79
1008181,107146,1,22,-93,-451,29273.24,14156.54
1009006,101207,1,10,-131,-98,7861.22,13392.58
1001963,101232,1,17,-671,-860,800.82,4364.72
1002036,107337,1,17,-50,-105,2469.97,5784.1
1000507,103318,1,22,-230,-946,8126.94,3040.32
1001448,104078,1,6,-976,-80,15307.25,3383.56
1003419,100335,1,15,-610,-139,6384.45,479.9
1001205,100168,1,17,-274,-97,8750.51,13615.85
1009710,104052,1,16,-632,-468,849.73,29275.82
1005771,103180,1,7,-727,-231,17809.91,2869.35
1007283,100446,1,6,-39,-277,2379.64,5464.37
1001230,101950,1,1,-783,-522,6120.16,6241.22
1008427,105415,1,9,-244,-887,17598.2,3587.19
1007964,200849,1,8,-209,-411,2297.05,50444.62
1002392,106425,1,11,-189,-802,146.26,7611.23
1002110,108851,1,11,-866,-670,4289.54,5243.13
1008697,108459,1,1,-275,-837,3726.01,1114.64
1004697,200289,1,6,-357,-184,30191.27,17201.35
1006890,100562,1,12,-567,-304,30784.95,3456.66
1002314,200680,1,3,-266,-874,12308.39,6775.54
1009324,106694,1,11,-85,-412,2471.32,21251.51
1003377,107492,1,1,-156,-26,6479.68,57700.35
1009921,102866,1,16,-718,-99,4952.18,35403.64
1005944,103336,1,20,-99,-186,3116.63,3608.28
1009020,104511,1,10,-304,-671,18241.24,146.98
1002511,201958,1,23,-492,-747,19129.54,3013.42
1002144,109296,1,20,-259,-95,27523.88,29471.45
1009640,101126,1,12,-627,-511,9025.83,1919.71
1005173,105592,1,11,-954,-338,6875.24,40114.01
1006868,105424,1,15,-251,-864,18343.07,31663.7
1006292,106145,1,2,-613,-391,7015.48,8024.15
1002678,101744,1,21,-512,-98,22989.93,9172.56
1009880,109173,1,12,-79,-18,5011.81,11776.65
1006605,107529,1,1,-802,-823,23558.24,5434.35
1005653,200717,1,9,-224,-719,1273.42,3295.28
1009129,107326,1,12,-807,-872,2167.68,1788.91
1008643,105602,1,19,-627,-886,62378.65,29251.11
1000082,105906,1,5,-590,-505,9803.53,7614.66
1008125,106017,1,21,-968,-877,46218.96,6035.6
1005678,108612,1,9,-203,-260,19681.83,5059.76
1006175,100297,1,15,-102,-294,8417.65,1972.88
1005509,102663,1,9,-721,-259,18223.02,2837.43
1002598,106855,1,13,-13,-526,43597.81,9762.05
1004247,200740,1,10,-720,-792,1934.15,17452.34
1001808,107935,1,3,-40,-990,8920.6,1867.34
1001063,106632,1,2,-286,-118,2048.76,13079.15
1006596,108240,1,21,-490,-346,2299.09,2461.49
1000165,109141,1,5,-832,-549,788.4,7107.13
1002670,104127,1,17,-944,-757,495.89,8780.23
1008213,108077,1,1,-19,-738,19637.51,17847.71
1003690,105487,1,15,-525,-267,3073.99,1800.41
1006447,104236,1,9,-408,-840,19269.1,6383.47
1003579,102845,1,15,-956,-796,15934.92,5625.75
1006365,106478,1,4,-949,-303,22638.97,7900.22
1005308,201745,1,18,-894,-135,14533.82,8525.39
1008631,102059,1,15,-858,-103,460.6,12212.28
1005290,107573,1,18,-777,-585,6989.06,6210.75
1000171,108406,1,15,-417,-693,37130.45,19971.59
1003094,101429,1,3,-439,-807,14163.72,3690.26
1008268,105225,1,23,-511,-302,10346.68,3128.24
1005560,103194,1,21,-766,-298,20417.29,19251.83
1000229,103589,1,17,-204,-130,6842.27,6348.27
1006656,107257,1,9,-158,-648,4751.14,3454.51
1005518,104033,1,17,-374,-760,5880.32,2347.54
1007702,201967,1,1,-338,-445,20710.93,1579.89
1009474,109211,1,16,-853,-149,8340.28,1574.68
1007801,200054,1,20,-614,-308,17368.94,781.72
1001152,100250,1,22,-860,-338,9135.84,1022.92
1007487,105384,1,3,-186,-829,13609.57,15350.17
1005745,102113,1,12,-117,-93,14225.77,902.08
1003404,107400,1,6,-46,-226,9501.07,8148.88
1007056,105523,1,15,-735,-222,1765.39,13.24
1001636,108965,1,9,-111,-323,360.4,10429.06
1007985,100215,1,12,-321,-323,10147.9,5615.0
1008298,106276,1,15,-786,-871,13269.77,30377.99
1005182,101832,1,5,-817,-552,3895.02,5614.48
1008544,108808,1,19,-625,-719,1883.02,187.13
1003784,101797,1,17,-403,-474,11508.45,9435.32
1008551,101340,1,9,-562,-430,30738.46,12817.76
1000611,201188,1,13,-541,-219,710.92,1216.66
1004679,105383,1,4,-23,-480,8407.22,1699.91
1002561,100219,1,22,-493,-509,25136.86,6672.35
1001210,102071,1,21,-606,-95,1764.43,12247.67
1008541,200648,1,13,-805,-973,344.29,2138.96
1008571,200824,1,7,-236,-87,1785.26,8814.78
1009321,108634,1,6,-879,-69,2159.59,9972.37
1003114,103864,1,7,-389,-274,11104.69,10673.72
1003421,101024,1,10,-216,-952,5950.46,16915.17
1003098,104987,1,1,-716,-560,3325.71,15418.72
1008269,104963,1,7,-796,-312,11840.2,1114.66
1002424,101073,1,18,-74,-462,7999.23,11992.91
1008875,201774,1,1,-381,-229,6039.56,7568.18
1005914,103732,1,21,-141,-914,5474.32,1589.62
1007246,200470,1,20,-655,-399,12851.1,20654.39
1009109,100124,1,23,-658,-109,19075.26,1323.94
1003551,105464,1,18,-61,-815,7145.06,16855.65
1008246,106461,1,10,-464,-844,32089.37,5717.11
1009493,103771,1,7,-978,-523,1431.71,3049.68
1004387,102952,1,19,-749,-582,28000.34,10571.89
1004913,102837,1,6,-438,-205,17304.2,18170.1
1005485,104379,1,8,-575,-415,4788.05,900.22
1001256,106297,1,22,-708,-835,7304.98,8793.91
1004079,102675,1,20,-763,-975,46096.17,10622.48
1009494,102964,1,14,-687,-181,22057.52,42157.31
1002965,101060,1,4,-769,-545,3069.53,28426.1
1004094,102853,1,10,-539,-365,13699.18,2824.29
1002992,103723,1,17,-429,-743,9252.88,5821.3
1001948,102569,1,5,-234,-732,1816.99,9288.12
1003742,100653,1,8,-421,-990,2131.25,34851.85
1007009,105584,1,4,-98,-598,3478.79,19207.45
1001043,200071,1,14,-547,-503,9954.24,1707.84
1004804,200166,1,19,-990,-259,7890.93,33190.14
1002373,100854,1,14,-518,-381,25809.57,17657.92
1006350,200257,1,17,-310,-189,543.23,7631.67
1007743,101345,1,17,-539,-296,9489.39,26478.85
1000062,106261,1,4,-853,-802,2043.08,7200.07
1008871,201177,1,23,-325,-517,113.53,11426.91
1006464,103685,1,6,-872,-636,2009.31,1736.83
1008497,105335,1,4,-585,-714,15212.72,1250.73
1000836,109585,1,14,-174,-125,1419.71,10215.72
1005924,104568,1,4,-877,-567,1755.79,1444.59
1003424,108138,1,2,-415,-929,3543.56,1695.24
1005540,200765,1,17,-580,-960,21090.29,6252.8
1008991,107805,1,19,-520,-930,16075.22,8133.83
1002560,102490,1,9,-774,-800,2255.93,16130.51
1007955,200475,1,1,-783,-422,17985.23,7484.08
1002675,102374,1,4,-249,-147,1058.76,11931.18
1001145,201583,1,14,-187,-852,3678.34,424.02
1006994,201718,1,3,-840,-485,494.75,1687.23
1009932,106659,1,2,-387,-485,9161.77,8734.7
1008819,106208,1,19,-866,-286,830.22,18547.28
1004462,104438,1,15,-866,-756,21745.47,2238.94
1000304,100915,1,13,-943,-549,4762.36,1487.68
1006168,100883,1,13,-413,-775,286.09,1768.32
1000853,102608,1,7,-230,-545,16179.27,17304.46
1004149,101486,1,23,-963,-542,5582.93,668.97
1006481,105222,1,8,-943,-824,24381.07,3140.09
1000247,104558,1,7,-227,-867,4622.01,25678.43
1001672,100801,1,15,-244,-822,7194.05,22169.88
1005563,200943,1,16,-952,-422,18980.62,16234.02
1009123,101403,1,8,-518,-34,1599.15,2992.36
1000929,201204,1,20,-99,-209,19776.13,10158.02
1009685,105269,1,1,-278,-546,2306.42,1894.28
1002809,104425,1,13,-675,-231,14090.16,11523.96
1003590,106589,1,9,-766,-320,17693.85,9761.74
1006705,107100,1,17,-263,-969,3005.02,8422.95
1006708,102415,1,15,-532,-806,9443.68,8531.3
1008376,109901,1,11,-441,-907,40843.78,13447.29
1006155,109060,1,14,-803,-397,10501.38,2545.38
1000561,103241,1,20,-33,-264,3426.48,19570.41
1002403,108738,1,5,-743,-772,11964.48,8508.29
1003927,109483,1,11,-128,-103,892.84,12136.46
1001458,103748,1,17,-144,-420,1299.72,8346.61
1003512,106205,1,18,-528,-753,10196.92,1380.54
1007855,103683,1,12,-447,-868,3794.47,2671.76
1001350,109492,1,2,-13,-235,3862.52,935.51
1003555,108210,1,14,-942,-760,2586.79,15770.61
1006218,108813,1,19,-932,-445,8136.77,7427.64
1006326,108222,1,16,-983,-93,9229.66,2834.15
1008716,105785,1,19,-977,-887,6135.26,1840.39
1007505,107772,1,7,-511,-561,494.02,447.24
1002255,101820,1,19,-550,-624,191.12,9188.89
1008529,108616,1,13,-348,-685,14668.5,8363.96
1004148,107232,1,10,-283,-180,35090.75,3403.96
1005853,106597,1,5,-136,-765,2024.32,4683.88
1009702,101670,1,16,-663,-75,6013.98,3081.69
1008943,103673,1,3,-896,-169,19632.98,27045.64
1005448,201023,1,16,-874,-297,16914.16,3305.12
1002829,109252,1,8,-529,-941,3941.21,13273.73
1007038,100609,1,15,-542,-860,1002.58,22239.99
1000019,101983,1,8,-839,-947,393.87,8470.38
1002793,108346,1,3,-35,-195,3605.67,36233.54
1002199,109050,1,1,-302,-399,24473.78,38519.67
1008013,201533,1,11,-918,-559,22323.58,3441.72
1001613,103427,1,7,-939,-627,20550.86,19409.74
1002792,108729,1,15,-546,-467,15824.83,5279.27
1008978,106829,1,23,-682,-669,2282.14,31797.44
1002434,102255,1,6,-416,-258,500.44,5857.08
1004363,100386,1,16,-167,-561,2170.07,12480.68
1002208,201610,1,10,-688,-775,8410.16,6424.53
1001641,107832,1,6,-620,-832,25430.27,25638.87
1001420,101581,1,8,-640,-798,867.52,12110.52
1008166,108776,1,7,-145,-299,2806.85,24340.74
1004535,100407,1,11,-79,-905,22284.46,1801.43
1001779,103603,1,9,-952,-744,10741.56,9115.91
1007717,200122,1,10,-676,-262,2828.3,12349.99
1006372,109311,1,7,-727,-464,215.42,1544.55
1008107,100924,1,16,-119,-962,27843.93,14481.81
1008146,201449,1,19,-61,-865,5598.76,18227.73
1000348,107679,1,16,-406,-265,5880.65,4474.65
1007299,105529,1,12,-312,-414,9345.3,5096.86
1000062,106261,1,16,-181,-423,41483.54,606.83
1003181,100787,1,8,-254,-653,12965.06,8757.04
1000697,102118,1,8,-409,-228,6272.02,594.08
1009865,103963,1,15,-349,-887,1272.5,8201.23
1004630,100919,1,5,-188,-472,9077.74,2892.72
1004177,106291,1,1,-765,-701,91.28,2261.76
1004111,106737,1,21,-986,-68,1235.91,13573.84
1003759,108600,1,10,-154,-638,365.01,16102.61
1007139,107003,1,18,-790,-944,6095.39,7546.13
1001860,109201,1,6,-698,-668,6344.22,1460.58
1000195,103847,1,23,-890,-776,25981.21,3329.1
1009376,100278,1,6,-240,-432,2385.63,1047.05
1001545,103979,1,22,-50,-876,7884.4,15696.1
1008894,103963,1,11,-761,-653,5238.91,12058.89
1009906,106999,1,3,-959,-309,780.98,20540.99
1001177,200729,1,6,-708,-666,26612.75,6883.03
1008503,107047,1,8,-904,-656,1506.88,9590.96
1003425,107697,1,20,-594,-174,3087.07,2539.41
1004580,101675,1,19,-705,-658,6376.7,563.67
1006228,103108,1,9,-134,-472,12270.37,12343.77
1007598,107918,1,16,-855,-603,6081.57,2152.63
1005260,201236,1,11,-658,-877,36037.72,315.76
1002428,100045,1,23,-284,-95,5029.83,13965.83
1005091,107548,1,8,-433,-54,11890.55,818.83
1006524,109896,1,10,-987,-564,8681.52,11660.17
1008933,103891,1,7,-929,-923,7328.0,4833.87
1000417,103881,1,8,-658,-469,2581.28,4789.44
1002005,102291,1,23,-607,-539,6208.39,10846.39
1004819,200149,1,16,-884,-240,5237.95,14367.35
1000881,109713,1,21,-604,-281,6857.68,28144.96
1004460,109867,1,6,-326,-429,3377.57,2185.86
1008662,107647,1,1,-75,-219,427.53,4021.62
1001869,104786,1,17,-562,-574,817.6,2151.22
1000357,200381,1,4,-178,-196,22745.33,8067.16
1006372,109311,1,16,-292,-869,1800.72,3243.86
1002575,104269,1,18,-968,-100,1046.21,24205.35
1001611,104658,1,2,-127,-109,10764.69,3860.34
1008038,104594,1,16,-241,-406,22877.91,769.65
1001987,201250,1,23,-804,-768,5700.2,1864.12
1005488,107593,1,5,-359,-23,1259.44,4800.34
1005329,201829,1,3,-401,-866,5758.35,4006.94
1001162,102877,1,22,-734,-726,2925.78,6458.61
1009469,109420,1,15,-31,-295,2071.7,8623.49
1005452,106796,1,13,-781,-668,33468.14,13736.66
1008553,101599,1,8,-452,-830,6024.46,4765.81
1000514,108954,1,4,-692,-666,5310.84,16876.97
1001607,101462,1,20,-276,-209,1614.46,25187.7
1009783,108559,1,4,-18,-295,185.99,1200.25
1005705,101319,1,19,-303,-589,15114.86,1656.39
1006584,106752,1,23,-869,-374,710.73,171.55
1005248,101491,1,12,-884,-93,3901.93,5553.28
1004647,102757,1,22,-985,-284,43297.6,3931.0
1005501,105005,1,13,-752,-963,3119.57,12625.12
1005339,100134,1,13,-483,-120,8335.62,45606.13
1003949,104758,1,8,-866,-185,1250.14,6798.61
1004162,103680,1,20,-589,-151,15531.53,28668.39
1002048,108341,1,3,-256,-60,1998.67,11519.72
1008242,100562,1,3,-244,-101,1215.03,9331.64
1005961,100331,1,4,-15,-509,3108.75,34055.11
1006799,105466,1,11,-629,-666,9927.56,30945.36
1007390,103409,1,7,-65,-486,8982.34,17969.28
1006962,200052,1,6,-607,-540,1466.96,527.6
1004057,100206,1,5,-236,-492,5633.67,3507.79
1002439,201410,1,10,-363,-240,11928.13,3698.68
1002922,100891,1,20,-26,-77,231.09,2992.82
1000793,108693,1,20,-442,-407,2954.15,8465.03
1000426,100106,1,22,-369,-631,18971.05,1309.84
1004574,108010,1,13,-443,-941,12242.21,5178.74
1007692,103795,1,19,-289,-548,4783.1,3811.3
1005364,201238,1,11,-98,-427,26988.53,17591.69
1007807,200074,1,2,-275,-778,20535.33,36.39
1005416,102952,1,2,-230,-863,1883.75,17247.57
1000881,109713,1,7,-883,-183,14741.41,6112.15
1002891,106005,1,6,-657,-318,4083.79,1733.45
1003292,108916,1,19,-711,-650,4130.92,18326.73
1009521,106190,1,15,-126,-478,16195.92,13705.0
1000123,108909,1,23,-725,-678,518.01,711.25
1007035,106763,1,9,-372,-119,2115.83,13374.59
1000716,201767,1,2,-65,-125,524.68,4188.71
1002162,106791,1,14,-781,-576,6681.73,21985.24
1001994,101580,1,10,-156,-862,6132.14,9580.75
1006370,201254,1,14,-840,-113,2677.86,3336.56
1000631,105735,1,18,-792,-592,1763.6,3068.16
1001614,201293,1,9,-46,-407,18356.81,9530.02
1004352,109115,1,5,-70,-389,19009.37,33449.1
1003659,101701,1,12,-819,-663,19869.77,12493.89
1004771,201068,1,21,-269,-43,12824.72,1076.33
1006354,102377,1,18,-231,-210,1228.19,8921.44
1000463,101709,1,1,-119,-141,3318.18,16351.97
1008794,201224,1,5,-764,-17,1591.77,2951.27
1003547,101668,1,18,-485,-632,13591.4,6411.93
1002882,201911,1,18,-48,-29,1800.65,6870.48
1009800,104358,1,23,-268,-301,16760.76,427.15
1006492,104530,1,3,-42,-217,27212.63,1241.6
1005582,104081,1,7,-573,-118,16484.05,42705.81
1001194,103126,1,7,-117,-843,2213.55,3889.11
1008409,100943,1,21,-437,-187,45900.74,2088.6
1003782,200681,1,1,-143,-928,23094.02,6044.89
1008922,107342,1,9,-995,-84,20714.64,8509.46
1004847,109031,1,5,-667,-965,3943.04,3306.29
1007484,200771,1,8,-260,-504,683.52,30322.73
1001773,100361,1,15,-214,-554,966.06,6776.96
1001775,103666,1,19,-79,-355,4085.85,23171.57
1003814,101279,1,16,-967,-903,11413.95,18972.99
1000374,107771,1,1,-383,-558,10652.98,305.48
1008934,109746,1,18,-296,-35,2558.93,671.02
1008253,103972,1,23,-620,-459,81.0,2787.38
1004890,107959,1,5,-622,-398,14448.0,3010.31
1003791,201622,1,14,-731,-103,17797.13,9409.7
1005107,200905,1,2,-808,-28,1603.78,709.82
1002808,105230,1,10,-402,-843,5724.38,10931.41
1005059,105053,1,8,-96,-598,3102.55,2653.18
1004671,104893,1,1,-442,-300,34388.01,1176.02
1003270,108790,1,8,-457,-678,8451.05,12244.89
1002819,101456,1,19,-879,-392,8168.89,11442.38
1000338,201908,1,4,-140,-880,1366.39,2109.34
1004920,104077,1,7,-551,-501,1444.22,19415.93
1008787,102349,1,23,-289,-658,5541.83,3106.28
1000190,109288,1,12,-793,-849,756.46,1001.92
1006232,105635,1,6,-605,-541,11669.63,15921.9
1007300,108243,1,10,-77,-420,15326.06,16014.02
1004053,104131,1,22,-660,-296,7975.72,7272.47
1003990,104922,1,11,-898,-399,3057.37,1894.51
1006917,105058,1,18,-811,-467,7157.13,8255.88
1000722,103839,1,4,-642,-560,7084.11,3205.27
1006706,107490,1,6,-334,-810,26655.78,2497.25
1002969,101869,1,17,-647,-91,23884.76,4539.34
1000471,108649,1,22,-385,-564,3498.05,13292.9
1008184,102609,1,10,-595,-851,4701.51,1317.36
1001211,102326,1,11,-803,-434,25817.36,4127.56
1001519,104754,1,20,-985,-351,2475.18,10809.13
1001536,107755,1,11,-655,-513,12069.54,3117.68
1003332,108941,1,11,-218,-269,20543.1,9281.22
1003657,105684,1,19,-486,-158,40938.83,5315.08
1000963,105350,1,10,-810,-883,1039.35,2731.58
1009988,103264,1,20,-866,-183,7464.69,2627.88
1008892,101717,1,11,-127,-606,1188.7,6869.8
1005863,105857,1,13,-964,-740,17617.31,24651.3
1009032,108526,1,9,-669,-287,11806.12,14041.13
1007027,200800,1,15,-760,-316,64062.03,1690.18
1009824,104451,1,7,-241,-135,11200.87,1320.43
1004713,201741,1,16,-367,-680,7613.34,32330.78
1003694,100213,1,22,-456,-994,20749.06,25743.01
1004818,200845,1,9,-203,-803,22128.91,1280.14
1008747,109012,1,23,-839,-958,8327.45,17572.94
1008676,102902,1,22,-10,-145,8140.88,8340.11
1005556,107024,1,9,-118,-918,27878.02,2209.88
1006234,101251,1,2,-154,-224,14767.48,3625.88
1002623,100088,1,22,-218,-649,18835.91,30968.93
1008266,107595,1,6,-464,-585,253.37,6013.9
1009293,105051,1,16,-864,-48,12401.47,3352.28
1005146,106875,1,15,-498,-470,5798.84,9407.08
1002167,107852,1,10,-969,-100,6002.53,7224.29
1008562,106850,1,14,-207,-995,53064.23,26453.6
1001648,107685,1,1,-997,-417,11176.01,13343.88
1002098,106806,1,9,-719,-749,13443.4,21523.81
1001954,103579,1,6,-427,-816,15943.66,28406.35
1008828,105939,1,1,-723,-345,2237.82,19278.26
1003417,200494,1,11,-787,-751,4159.51,2143.87
1004368,103413,1,23,-228,-289,9415.29,7803.21
1002304,201303,1,5,-452,-620,1115.45,3034.47
1006149,109942,1,9,-480,-479,2465.98,538.95
1000067,107602,1,20,-402,-523,7328.71,14111.39
1004924,101265,1,14,-824,-786,6735.64,32505.73
1005435,102922,1,1,-612,-249,20420.86,2154.14
1005690,109130,1,1,-988,-358,39002.03,1890.81
1008900,105972,1,19,-967,-864,26587.42,12392.37
1000586,100960,1,15,-952,-731,20915.17,2953.75
1006683,200976,1,5,-500,-726,2702.11,4115.18
1004205,201782,1,4,-873,-974,20359.58,42032.47
1004219,100098,1,3,-443,-771,18073.04,5133.16
1002787,105835,1,18,-758,-289,12016.75,3375.24
1002118,109133,1,4,-204,-205,11719.49,24894.84
1001053,107827,1,16,-516,-290,178.62,14657.37
1000110,108179,1,18,-784,-970,3670.38,25647.1
1008073,106211,1,21,-415,-336,5405.09,11879.12
1000988,109755,1,16,-630,-378,8118.74,1884.79
1009438,104439,1,23,-990,-350,1309.85,17941.02
1001395,100530,1,9,-998,-989,5089.24,2438.07
1002328,103485,1,9,-140,-123,11674.35,9811.88
1009767,104903,1,12,-434,-209,28433.46,1189.62
1009782,100449,1,13,-750,-85,6451.89,40685.05
1003935,201579,1,5,-58,-200,8607.5,206.34
1008794,201224,1,2,-959,-933,1272.25,314.79
1003978,106910,1,2,-314,-849,7143.24,429.07
1006225,200125,1,22,-314,-418,8568.51,906.91
1001751,109293,1,11,-160,-201,7406.35,3383.01
1006771,102191,1,18,-142,-732,6864.82,2462.58
1008542,104321,1,20,-762,-92,639.07,1410.67
1001591,103097,1,7,-656,-821,7428.87,13727.13
1005318,107143,1,3,-981,-424,41135.82,12225.45
1009719,104902,1,4,-498,-462,8754.63,20487.06
1003373,101261,1,9,-900,-857,20529.79,8921.49
1007581,201796,1,15,-608,-537,366.88,3925.8
1005419,104854,1,21,-226,-179,577.79,27568.48
1008894,103963,1,12,-860,-238,5137.3,1116.99
1004655,108788,1,21,-153,-512,13115.74,23299.9
1000430,106301,1,21,-741,-526,971.6,4446.33
1006174,109270,1,19,-453,-556,11734.03,2207.75
1002745,105664,1,2,-75,-127,2013.2,1807.31
1008610,201572,1,20,-920,-632,12136.62,3220.03
1004596,105937,1,20,-740,-890,14875.44,3055.83
1006151,103802,1,12,-946,-382,16098.43,13961.59
1003467,100345,1,1,-239,-245,4209.6,4149.37
1001429,108341,1,14,-966,-519,28489.57,4852.21
1009978,109148,1,10,-754,-779,13048.19,11381.17
1008870,101132,1,14,-428,-763,14440.18,8953.68
1007431,106281,1,18,-942,-921,96.4,5579.71
1003119,100720,1,3,-628,-160,5545.81,16254.94
1003520,100624,1,16,-491,-471,650.84,4368.13
1008850,107166,1,4,-16,-441,4306.47,11431.15
1008357,102745,1,18,-597,-736,393.96,5401.69
1004312,107613,1,17,-216,-168,227.61,9198.04
1002237,109226,1,19,-347,-880,26584.75,1573.18
1008800,100636,1,12,-88,-196,12048.91,7466.45
1008833,104112,1,23,-527,-802,18958.78,1692.14
1005948,201973,1,5,-580,-732,492.73,3832.43
1006397,104198,1,13,-497,-531,14157.78,22606.82
1009471,108271,1,20,-151,-39,35616.5,7591.5
1007041,100340,1,6,-896,-357,25684.91,49892.83
1000054,201824,1,20,-194,-692,23509.02,14547.12
1004192,103273,1,5,-428,-423,11559.78,2208.57
1003636,100777,1,11,-678,-895,2743.6,614.47
1004839,102709,1,13,-762,-716,7142.87,2554.39
1003017,103571,1,14,-771,-968,519.16,8277.16
1004821,101391,1,18,-143,-81,7568.49,22753.29
1003389,106107,1,23,-873,-571,10568.41,5968.08
1006117,104401,1,9,-438,-574,3239.28,7542.21
1004571,103307,1,11,-84,-524,34916.41,5167.76
1005659,108367,1,20,-918,-26,1727.45,3502.69
1006804,201424,1,19,-400,-988,34832.34,733.48
1002155,108654,1,6,-396,-675,712.37,23080.55
1000381,108714,1,19,-584,-738,852.73,23.06
1002805,107391,1,16,-489,-986,4902.35,3842.59
1004017,200009,1,7,-586,-204,2566.56,19705.28
1005333,108907,1,12,-512,-662,3661.68,122.85
1008172,200636,1,8,-81,-295,3863.54,203.74
1009574,107996,1,4,-102,-770,4488.86,6832.73
1008422,107992,1,9,-591,-411,1791.35,10552.33
1001081,106659,1,5,-905,-987,7453.56,8056.33
1000002,105747,1,22,-938,-999,5413.32,4321.18
1004598,104116,1,23,-655,-179,8270.69,6322.85
1003746,108077,1,9,-523,-181,4828.78,10488.02
1002617,104467,1,7,-772,-64,17501.85,736.8
1002851,201462,1,13,-598,-359,28007.09,921.92
1003063,107870,1,3,-150,-922,2815.16,946.93
1000975,108955,1,6,-973,-341,3068.19,13304.54
1004495,201327,1,3,-875,-757,17909.69,11732.66
1003769,201460,1,21,-94,-874,10876.91,15253.7
1007837,109722,1,8,-442,-382,11144.54,48491.21
1005689,109503,1,13,-191,-702,12558.64,26503.96
1009868,109817,1,1,-328,-745,6165.71,18209.87
1000678,102645,1,15,-842,-395,19279.69,1294.33
1003628,109194,1,11,-459,-133,1533.74,2351.66
1008891,200655,1,6,-460,-431,1760.18,1533.02
1000635,100734,1,6,-349,-71,1322.68,2605.11
1005850,109479,1,8,-692,-69,31470.43,15025.27
1003018,200148,1,19,-263,-877,608.04,12342.68
1002445,200707,1,4,-611,-646,6699.68,3199.67
1007142,109865,1,3,-759,-979,596.33,12135.78
1006607,109033,1,7,-756,-615,330.1,4910.5
1003677,102449,1,3,-136,-597,15096.97,11653.16
1000238,200485,1,18,-419,-291,3215.09,6795.02
1005837,105029,1,22,-20,-276,4548.93,6155.37
1000128,104920,1,14,-852,-946,4278.17,12493.97
1001812,200867,1,19,-183,-504,26665.85,5932.09
1000277,101096,1,5,-15,-123,7421.82,16173.47
1006559,200353,1,11,-56,-104,13058.47,14712.69
1002417,100187,1,14,-920,-716,6486.08,607.94
1005924,104568,1,22,-797,-327,2898.1,5617.66
1006140,101448,1,19,-643,-782,9779.0,2578.66
1005376,100076,1,1,-540,-558,5703.82,3027.12
1001925,109969,1,1,-80,-863,747.07,13732.7
1009016,100920,1,19,-209,-116,3738.83,722.77
1003536,104477,1,19,-711,-324,4256.69,31313.96
1002781,103214,1,4,-340,-866,7470.67,7185.05
1006740,106266,1,19,-403,-83,4891.14,8419.15
1009947,201329,1,14,-560,-438,1075.84,4291.29
1006022,107302,1,8,-753,-700,25825.07,26324.66
1001171,200398,1,1,-994,-205,21724.15,2027.47
1002048,108341,1,17,-464,-827,38184.13,7833.58
1007341,100837,1,15,-583,-856,22421.75,24089.15
1000736,100102,1,16,-890,-279,18495.78,14534.81
1000898,108032,1,1,-134,-320,7887.83,1605.88
1009604,105946,1,22,-828,-885,1256.68,1063.48
1005826,104580,1,2,-881,-206,5021.22,9630.03
1007228,101125,1,18,-531,-762,16559.18,968.47
1007057,201087,1,1,-720,-453,3218.98,19913.14
1007564,200781,1,1,-928,-816,9267.99,24936.69
1003799,107453,1,23,-412,-576,1869.68,10543.15
1008690,200076,1,15,-339,-370,321.78,1570.44
1002154,100775,1,16,-898,-99,10332.17,5599.55
1002835,104677,1,10,-481,-547,14556.44,2209.54
1003631,106837,1,12,-717,-981,6569.7,14708.92
1008748,108127,1,11,-200,-556,51100.85,8532.49
1009499,201849,1,10,-342,-111,39.14,10127.38
1009271,107608,1,18,-873,-745,33500.55,11409.94
1001403,106182,1,4,-438,-816,5250.21,1729.5
1001248,108736,1,5,-462,-44,3768.18,5717.32
1009483,109301,1,2,-520,-912,15732.7,6404.82
1007820,103353,1,12,-34,-515,7556.4,8978.74
1006518,104665,1,9,-163,-277,1833.17,19588.73
1008496,201843,1,3,-143,-763,4803.57,18642.49
1001334,201947,1,9,-559,-600,4009.13,5913.19
1008919,106990,1,11,-273,-910,2848.87,4012.72
1006206,103696,1,10,-525,-91,10463.26,21039.5
1003358,100350,1,12,-838,-268,1125.17,661.96
1003436,106793,1,17,-576,-342,5361.94,1496.47
1009928,102536,1,17,-958,-953,10727.71,10373.34
1009724,105437,1,3,-904,-712,14962.47,5233.95
1000878,101826,1,9,-681,-745,5886.42,4765.21
1006047,107102,1,1,-381,-374,30098.27,3731.73
1002020,101572,1,12,-120,-60,4342.2,7327.06
1007797,101634,1,11,-304,-120,16002.5,25279.77
1006675,109133,1,9,-446,-47,3076.07,6014.83
1005431,107428,1,17,-947,-897,38064.43,3772.12
1000519,105951,1,2,-561,-330,4082.14,6248.67
1002071,101798,1,21,-105,-397,780.91,13026.54
1001238,101830,1,17,-139,-324,20918.48,4723.62
1008716,105785,1,1,-206,-82,833.57,12932.57
1001363,108695,1,7,-312,-205,5709.62,4298.71
1009222,106538,1,22,-380,-523,22737.51,9992.71
1004296,103657,1,19,-528,-175,28726.74,3421.05
1002518,105138,1,1,-447,-463,16166.41,2441.14
1007960,106961,1,19,-844,-851,293.03,23178.59
1003110,109854,1,14,-784,-843,294.78,25658.9
1005102,100674,1,3,-925,-284,2215.57,16881.06
1009626,201349,1,21,-521,-764,27844.8,10986.92
1008535,100355,1,18,-958,-534,358.23,7516.84
1003877,100527,1,13,-33,-865,37667.04,10781.77
1007284,200701,1,15,-112,-421,24747.57,12635.88
1005729,109961,1,12,-663,-928,1860.61,8401.56
1007455,103917,1,10,-44,-12,31847.86,1598.45
1007241,108786,1,2,-264,-751,9937.2,5805.78
1006236,101635,1,3,-589,-696,14476.86,14763.76
1000511,106475,1,23,-589,-885,5992.75,13240.47
1008855,102678,1,19,-202,-382,5398.06,9401.93
1003942,102318,1,11,-817,-15,2932.49,12308.36
1002572,100975,1,23,-375,-946,7513.91,1846.07
1005120,107987,1,7,-320,-439,2998.41,11578.93
1002725,100760,1,1,-748,-535,4940.47,10828.84
1008686,107467,1,15,-885,-300,3212.43,26412.91
1009816,107421,1,7,-498,-546,2255.4,6027.27
1006218,108813,1,7,-149,-783,6402.22,1977.32
1003830,109981,1,5,-23,-847,1594.4,6832.9
1000032,201198,1,3,-861,-114,3548.74,15963.91
1004484,201283,1,11,-68,-757,38743.74,13045.7
1006848,200622,1,2,-246,-887,18211.88,5953.07
1001868,103516,1,21,-775,-457,22681.3,10884.17
1008020,102059,1,21,-428,-690,632.97,13115.49
1002847,106158,1,10,-137,-752,20652.36,20548.7
1001946,104767,1,16,-625,-678,16370.14,41418.42
1000773,103846,1,1,-376,-807,5060.54,2224.49
1002672,104042,1,11,-100,-74,19717.83,14169.27
1008773,108730,1,7,-19,-462,4681.45,1783.15
1000296,103419,1,8,-988,-613,11926.98,24662.54
1003732,108744,1,2,-686,-456,8425.93,25989.43
1006831,103313,1,7,-74,-953,8384.77,9376.99
1009157,107452,1,22,-331,-237,7908.22,63998.76
1008734,103403,1,6,-607,-772,1504.64,10931.09
1004711,104422,1,17,-280,-310,48246.89,2578.6
1001555,201097,1,10,-523,-528,26772.58,9213.92
1002977,200248,1,9,-601,-509,521.4,2807.62
1000258,101057,1,2,-369,-363,6127.23,7894.27
1007361,102635,1,8,-362,-518,5722.64,4378.91
1006795,109974,1,18,-996,-934,16468.33,101.97
1000497,102947,1,7,-149,-561,2016.5,24045.18
1004486,201530,1,12,-718,-681,11995.78,4667.18
1001819,102090,1,14,-746,-626,14933.6,7853.55
1009599,108230,1,20,-598,-596,3648.85,23694.57
1004729,100893,1,22,-354,-929,172.24,1287.1
1005330,109811,1,23,-771,-423,7305.93,9284.18
1004276,102671,1,15,-186,-286,12468.25,10231.6
1008080,105926,1,16,-832,-619,28247.93,1212.58
1004650,102234,1,8,-918,-588,36424.01,8048.79
1000576,100561,1,6,-409,-323,22099.21,10851.9
1007104,104839,1,8,-465,-970,5894.34,4558.38
1008656,108350,1,2,-441,-966,12224.36,11403.69
1007547,201861,1,12,-767,-719,6819.98,12508.68
1007880,201185,1,10,-889,-885,9941.4,5875.26
1001809,109548,1,8,-927,-713,15411.94,208.67
1000986,102318,1,16,-648,-657,19140.77,19697.78
1003339,109339,1,13,-755,-273,6213.92,39497.67
1006521,200672,1,12,-363,-604,1248.8,9751.1
1005869,109862,1,2,-337,-950,12608.59,3781.07
1003410,100246,1,8,-61,-605,3953.71,4316.3
1005562,108218,1,14,-129,-753,2504.68,1760.49
1008125,106017,1,14,-752,-605,696.84,10168.43
1004151,201859,1,18,-218,-392,7547.85,2351.2
1006155,109060,1,10,-555,-12,12929.37,744.15
1001292,100334,1,22,-244,-539,619.92,5486.75
1006984,105855,1,19,-174,-357,6597.2,19301.71
1008252,105158,1,10,-775,-110,1694.05,12870.18
1004504,104282,1,22,-808,-900,2548.42,1332.53
1001392,201082,1,10,-88,-180,22271.34,10112.85
1001302,106225,1,21,-904,-574,17791.6,2854.68
1000664,201443,1,18,-970,-249,11590.71,6917.41
1003744,105209,1,22,-965,-708,429.26,46651.65
1001630,108437,1,6,-815,-452,26278.68,5733.28
1002882,201911,1,7,-949,-911,5272.05,9089.93
1009917,109454,1,18,-849,-544,8184.87,13361.89
1005182,101832,1,14,-960,-98,4342.71,8043.55
1005488,107593,1,4,-451,-445,2972.71,641.95
1009666,108411,1,13,-849,-700,4681.93,8877.82
1007281,105381,1,13,-168,-119,10162.21,14255.69
1007902,108605,1,19,-22,-555,15216.7,1401.21
1007110,109408,1,8,-745,-833,31507.54,1546.63
1006429,103030,1,4,-827,-945,17195.21,14416.53
1009733,103630,1,9,-785,-291,11476.65,3872.93
1001926,109898,1,22,-654,-623,14811.18,36636.33
1007962,201058,1,20,-227,-250,4145.19,17658.81
1006260,109431,1,13,-777,-397,25681.46,11869.21
1003546,200178,1,12,-922,-393,431.53,3591.68
1009690,104960,1,3,-557,-92,1308.85,57.7
1006271,100586,1,11,-627,-700,15995.54,4517.77
1006623,104128,1,23,-683,-56,1962.73,6203.82
1009991,200056,1,11,-547,-258,7070.67,1921.37
1001747,102424,1,2,-545,-729,1057.17,1465.07
1006631,108008,1,8,-954,-72,9127.95,1966.04
1009040,102293,1,22,-932,-793,5268.01,12064.2
1004941,104538,1,3,-183,-278,11616.59,2139.3
1002875,102165,1,13,-505,-701,7804.98,16264.15
1006903,100299,1,20,-315,-789,11301.94,14065.28
1007557,107543,1,2,-811,-204,6122.6,5264.76
1002672,104042,1,18,-690,-153,6000.91,32465.31
1001733,102888,1,4,-861,-150,22202.67,2210.78
1003268,200387,1,10,-557,-811,3169.6,17750.12
1002158,109963,1,1,-239,-203,8444.32,5733.88
1001624,103661,1,20,-488,-385,11128.86,1647.13
1005671,106410,1,2,-197,-225,13450.23,1991.47
1002474,100640,1,20,-451,-587,4741.06,3709.98
1008579,107260,1,11,-479,-95,1877.79,11433.61
1004997,109767,1,2,-102,-875,1089.77,1202.27
1007618,106907,1,5,-921,-761,23391.56,31343.91
1003227,108841,1,2,-862,-894,1917.2,536.11
1004449,108163,1,15,-645,-614,8501.61,6886.53
1006677,106607,1,12,-411,-150,1956.25,18202.94
1001958,200591,1,11,-872,-360,14749.65,25840.64
1001309,108177,1,21,-405,-810,2497.91,297.35
1001088,103461,1,8,-258,-373,13052.63,1958.75
1003793,106863,1,19,-233,-988,21911.02,2645.68
1007799,107752,1,22,-707,-898,1254.73,3886.58
1001342,101581,1,20,-428,-203,9295.82,27318.01
1006796,200407,1,6,-335,-455,8962.98,3478.11
1002588,105477,1,10,-713,-804,3650.76,11794.42
1003403,104950,1,22,-82,-465,2864.86,17708.02
1006999,200130,1,13,-355,-491,5488.39,29974.9
1001803,107578,1,6,-701,-422,1645.65,2776.52
1009860,200776,1,10,-579,-801,7064.47,30076.18
1007839,108278,1,23,-970,-527,560.09,2981.17
1008539,201894,1,15,-798,-110,11206.32,9614.71
1001867,106615,1,17,-519,-444,5550.19,19196.38
1003693,101053,1,8,-736,-143,16439.5,22318.24
1001491,102165,1,23,-816,-550,4485.32,5364.06
1007581,201796,1,2,-524,-117,22560.1,17818.09
1006185,102244,1,10,-171,-333,9812.42,5965.38
1002822,100826,1,16,-27,-342,7123.29,42400.6
1009041,105111,1,1,-691,-431,1202.91,11785.33
1001497,102770,1,15,-96,-693,10167.58,5626.09
1003549,100165,1,7,-71,-897,2772.83,8328.2
1000755,106570,1,10,-224,-33,22376.46,5581.89
1004649,109110,1,21,-266,-664,3532.75,25337.82
1002137,109128,1,10,-279,-967,6584.22,4549.33
1000914,100823,1,22,-991,-567,19586.9,9196.28
1008435,109533,1,8,-991,-868,7478.7,7610.26
1006597,201204,1,12,-655,-666,20909.96,35893.06
1001071,106770,1,13,-423,-161,4567.07,12857.02
1005720,100852,1,8,-743,-704,4929.26,33042.72
1009323,108177,1,23,-703,-465,4579.3,10747.27
1001365,104570,1,7,-464,-155,10879.06,3116.85
1009705,200105,1,8,-98,-616,5846.16,147.49
1000077,201647,1,7,-168,-279,13357.84,2022.76
1002070,100448,1,10,-265,-800,6844.33,10241.14
1000021,201029,1,22,-57,-381,26112.1,4319.18
1005618,104597,1,21,-276,-310,7125.03,4529.62
1006911,108298,1,20,-381,-679,9060.9,9306.67
1007217,103786,1,14,-787,-911,13498.83,2459.57
1007823,107084,1,10,-521,-778,11685.52,3195.01
1003866,100689,1,10,-718,-957,1271.44,20504.31
1005989,109511,1,11,-762,-175,3998.04,2656.26
1007777,201410,1,11,-476,-681,597.41,1973.89
1007670,101572,1,1,-377,-642,5904.88,14062.25
1004175,201511,1,11,-374,-436,437.83,749.16
1005812,103709,1,22,-632,-975,11178.59,517.04
1000350,201874,1,8,-412,-434,26452.5,1688.28
1001137,104785,1,16,-243,-506,11174.94,5215.48
1007858,108196,1,20,-139,-409,7827.92,1703.32
1000454,109785,1,2,-221,-420,4574.68,3349.87
1001058,102048,1,18,-522,-58,6063.4,12341.57
1004681,107488,1,10,-759,-953,5500.64,28647.59
1001799,104160,1,23,-55,-532,17395.91,2259.99
1004878,201714,1,6,-99,-357,5054.33,973.33
1002778,108163,1,22,-533,-350,3341.1,8404.71
1009850,109247,1,10,-421,-527,7230.15,229.82
1001013,106748,1,12,-691,-218,3050.48,3258.48
1004945,103693,1,8,-436,-178,3747.66,4783.52
1001264,201222,1,20,-343,-145,1444.24,38160.18
1003048,104764,1,11,-185,-727,13125.47,14057.91
1008401,105652,1,13,-90,-968,9377.79,9506.26
1007906,201062,1,20,-587,-200,13073.27,11046.4
1001972,201970,1,1,-939,-721,20734.94,23608.51
1002740,108117,1,2,-17,-715,10446.17,4523.51
1002028,104554,1,1,-674,-674,16596.62,1552.63
1009580,200392,1,7,-643,-894,9718.0,3273.39
1005664,201368,1,21,-549,-597,183.16,2724.26
1009291,201512,1,11,-408,-379,6756.25,10894.23
1003273,107649,1,5,-13,-768,25306.67,32034.26
1007162,109359,1,10,-457,-169,474.98,2889.9
1001245,100481,1,7,-100,-85,2921.62,3708.49
1006975,106018,1,23,-796,-725,11680.94,7990.01
1003816,104534,1,9,-406,-650,40626.77,12414.8
1009022,100628,1,2,-477,-692,3014.95,9781.89
1009471,108271,1,17,-727,-338,16705.8,8667.78
1001843,107558,1,12,-300,-271,15745.85,9303.11
1006000,108449,1,4,-217,-411,6319.05,4580.79
1005271,100001,1,19,-787,-578,2304.49,8957.13
1003268,200387,1,22,-360,-661,23118.92,20882.4
1003320,107721,1,4,-219,-740,3104.34,254.58
1007951,103198,1,7,-258,-373,6521.66,6360.28
1008399,104054,1,15,-622,-507,19124.29,23280.75
1000092,101026,1,11,-806,-510,1049.51,4522.81
1005423,107316,1,17,-381,-111,7350.23,6698.1
1004107,101726,1,11,-836,-379,6698.22,2399.13
1004680,201492,1,9,-900,-634,1147.95,18532.18
1005724,100961,1,13,-513,-539,2110.36,18454.15
1002498,108268,1,5,-801,-339,12181.97,28410.32
1000197,105971,1,7,-11,-181,3268.44,31615.2
1009066,104955,1,6,-469,-355,3591.21,5255.14
1003599,104580,1,20,-666,-862,3342.16,20002.77
1000186,103555,1,15,-116,-275,605.94,23962.09
1000415,108965,1,21,-982,-455,6485.6,1257.93
1002412,105677,1,13,-918,-859,867.02,13172.93
1002902,105724,1,11,-921,-836,788.51,1825.66
1004409,104855,1,18,-782,-977,21334.95,352.04
1001786,102147,1,6,-970,-933,9684.72,11670.24
1004001,103320,1,8,-709,-843,11025.18,892.97
1002877,100258,1,19,-138,-881,2095.24,593.62
1003148,105506,1,1,-690,-551,15311.74,13114.63
1005286,200337,1,10,-267,-48,2302.59,1269.06
1009837,106401,1,13,-911,-601,2715.18,23160.2
1002573,104210,1,16,-710,-890,9240.71,6043.6
1006775,109919,1,13,-55,-905,26187.32,2880.25
1001416,106234,1,7,-204,-594,21712.38,15070.64
1006440,200683,1,10,-555,-15,1234.07,5788.61
1008912,200773,1,21,-140,-937,24363.26,5619.09
1009095,107565,1,23,-166,-691,2043.77,7322.85
1003612,201040,1,4,-781,-781,13810.97,6585.59
1001015,102205,1,18,-340,-831,3773.27,5870.94
1002665,109978,1,11,-395,-863,10185.64,7269.13
1004285,103563,1,13,-812,-997,29496.59,6172.65
1008995,201734,1,20,-432,-540,9166.38,7589.28
1005840,101254,1,1,-426,-592,10988.04,4912.43
1007141,104077,1,3,-632,-190,3887.63,3824.22
1007473,107837,1,19,-828,-292,6325.35,1292.52
1007059,107990,1,21,-462,-397,11954.96,7786.18
1006799,105466,1,6,-310,-81,11895.54,3148.19
1006028,103020,1,2,-677,-828,15632.72,10751.68
1007292,107648,1,18,-982,-802,30113.0,27032.11
1004168,105530,1,3,-871,-436,2805.42,1743.6
1004132,106526,1,8,-748,-610,5361.37,2634.04
1008715,108920,1,3,-620,-478,4806.8,6137.82
1009302,100335,1,2,-147,-767,6822.39,4652.48
1007652,105343,1,3,-780,-105,7474.15,14117.79
1003656,100071,1,7,-458,-185,582.41,4969.77
1002641,102333,1,2,-459,-411,7560.65,49145.58
1003932,100461,1,17,-469,-454,1385.47,10455.69
1008450,201060,1,10,-836,-915,8322.19,6189.81
1005593,109294,1,23,-580,-837,5224.12,3290.61
1005326,109952,1,14,-902,-691,22587.65,6129.82
1003611,108820,1,12,-656,-916,4999.46,12243.32
1008434,105017,1,3,-497,-132,2134.85,5236.96
1002113,104335,1,16,-39,-165,2494.35,18937.5
1001919,103756,1,5,-646,-803,6372.92,1071.62
1002910,201150,1,16,-156,-493,2035.29,5503.52
1007760,102052,1,12,-591,-636,8656.77,11578.8
1004219,100098,1,1,-833,-430,8078.29,4505.55
1002954,100445,1,12,-521,-841,9172.8,8058.31
1005554,107247,1,18,-347,-117,4017.32,2983.44
1002887,106744,1,3,-539,-973,3576.15,2189.97
1007357,109147,1,4,-695,-330,1131.05,6496.56
1001544,107181,1,7,-599,-126,2243.63,5030.51
1005525,107412,1,4,-766,-812,269.72,2341.62
1008525,201706,1,13,-915,-902,4874.11,10939.13
1006797,104729,1,3,-725,-491,4850.86,186.3
1008202,106910,1,14,-430,-461,2397.67,8558.2
1004882,109954,1,5,-251,-251,15087.75,7510.0
1005425,107081,1,9,-259,-129,35577.53,3939.21
1006043,103204,1,17,-213,-890,7473.37,637.98
1001701,108550,1,8,-905,-204,22047.02,18503.32
1004571,103307,1,12,-462,-15,891.05,8014.53
1001800,201601,1,11,-688,-469,997.89,8453.27
1005358,102760,1,22,-718,-544,20217.44,5400.28
1006178,101828,1,23,-781,-217,3648.49,11657.22
1002936,200328,1,14,-92,-27,1469.35,2005.15
1005780,106728,1,11,-931,-304,5688.66,22696.7
1008289,109567,1,6,-544,-950,16712.04,543.98
1009407,102123,1,18,-619,-754,6271.72,2613.5
1002272,108039,1,8,-412,-658,4994.55,7216.13
1009119,108611,1,1,-920,-621,2799.85,1508.02
1003973,107600,1,11,-382,-233,7042.86,572.78
1000026,108629,1,15,-289,-605,10900.02,18595.01
1002516,201853,1,2,-234,-316,2546.42,18777.89
1003497,105788,1,11,-203,-220,5205.56,7479.68
1009023,105024,1,22,-421,-285,279.09,27494.71
1003691,200363,1,7,-828,-90,2241.18,1619.19
1001808,107935,1,6,-62,-219,8776.98,1804.2
1004768,100591,1,23,-108,-533,3141.29,5875.1
1001365,104570,1,10,-742,-18,7949.49,34050.42
1003310,200724,1,16,-715,-942,532.3,12119.01
1009279,201546,1,8,-482,-524,827.19,5169.17
1002119,200351,1,10,-562,-358,7668.45,7941.67
1009358,106607,1,12,-598,-300,22533.26,9887.84
1005338,105874,1,3,-78,-192,10167.1,3217.89
1009422,102521,1,20,-537,-935,7171.86,929.75
1006417,105202,1,13,-378,-734,24034.66,1153.75
1006380,103072,1,23,-896,-286,4548.16,3656.67
1000659,106610,1,19,-330,-184,3741.69,6380.76
1008518,100128,1,11,-812,-755,13663.55,92.13
1000798,105892,1,17,-328,-107,3733.6,14903.52
1007293,103921,1,9,-322,-85,23780.19,4073.15
1002940,105692,1,11,-996,-605,50129.16,655.95
1008172,200636,1,6,-177,-118,36546.68,4489.45
1009350,102270,1,5,-891,-943,3289.62,1044.29
1006708,102415,1,15,-96,-538,18508.79,18391.1
1003797,106876,1,12,-77,-993,16550.23,17509.61
1004479,105422,1,18,-110,-778,31062.31,38842.11
1004533,109356,1,2,-776,-270,61.61,1333.08
1001826,107361,1,6,-117,-493,46702.12,2010.06
1009087,108116,1,1,-701,-536,7318.23,20155.79
1005008,107026,1,3,-272,-736,290.37,10347.31
1005843,105443,1,1,-92,-376,845.56,6640.05
1002088,102295,1,23,-933,-122,3970.99,10724.64
1004975,109413,1,7,-738,-182,1792.98,8575.34
1005314,102939,1,19,-613,-57,9292.67,397.65
1003027,100323,1,21,-611,-605,15203.39,2799.86
1001992,108257,1,12,-747,-55,13172.31,4630.45
1002324,102896,1,4,-379,-96,25264.29,17791.57
1001861,104663,1,13,-13,-681,8171.37,10396.24
1007783,105089,1,9,-167,-891,966.03,426.34
1001803,107578,1,19,-704,-969,2452.34,6774.21
1006408,200668,1,23,-779,-193,8906.62,21835.85
1002619,104270,1,1,-211,-770,6881.64,4767.94
1007092,106363,1,1,-204,-751,913.91,11859.79
1003668,109959,1,14,-98,-165,7279.21,6962.42
1009795,102787,1,19,-755,-323,9900.04,4096.25
1000074,200730,1,19,-588,-332,1809.66,336.34
1005867,201291,1,2,-797,-30,23261.47,5742.35
1002885,102609,1,20,-541,-785,7478.82,12561.89
1001778,107705,1,6,-180,-469,32478.73,4651.79
1007936,101196,1,19,-489,-550,10795.12,20720.66
1001091,201363,1,22,-631,-724,8110.54,5408.47
1006938,107450,1,4,-68,-627,306.71,1592.19
1006654,105576,1,1,-364,-535,5773.44,11016.53
1008235,101911,1,17,-340,-947,18655.88,6298.92
1005430,105148,1,23,-461,-464,22447.21,528.99
1002630,107699,1,7,-207,-753,15943.0,2378.63
1001101,106963,1,18,-44,-914,11021.37,3493.81
1007196,108426,1,19,-173,-612,8455.02,16601.65
1002723,100801,1,4,-964,-992,2157.25,5877.26
1000297,105059,1,3,-591,-766,7883.44,16686.02
1005216,103956,1,1,-462,-734,36858.09,12624.84
1009598,103427,1,8,-888,-260,12283.78,12236.58
1008410,102719,1,22,-568,-631,19020.52,8600.0
1003970,103665,1,8,-154,-33,4832.44,6072.1
1001470,108842,1,15,-115,-53,6331.33,2149.41
1009032,108526,1,23,-940,-789,19021.88,878.91
1006578,107048,1,8,-775,-385,13545.54,21579.69
1001305,200568,1,20,-809,-535,16095.43,23379.15
1006563,105693,1,1,-609,-475,610.08,1587.63
1006736,103722,1,20,-260,-46,36744.42,8969.86
1004539,101276,1,8,-615,-678,2206.04,12789.22
1002427,106220,1,6,-987,-283,4617.36,2212.95
1003776,109228,1,19,-417,-161,16891.49,5520.14
1003308,104104,1,15,-989,-687,7717.35,70.5
1007593,103259,1,8,-20,-953,8904.96,13267.21
1006624,103028,1,18,-39,-402,17854.57,147.7
1009204,108577,1,21,-856,-242,1374.55,20591.61
1000194,201881,1,4,-41,-12,3656.86,16021.16
1009767,104903,1,13,-844,-694,7268.47,10692.71
1006421,105078,1,12,-493,-738,5237.32,2362.82
1006397,104198,1,8,-388,-648,2947.99,12828.61
1009661,105150,1,10,-437,-202,10020.09,7448.25
1002313,105330,1,6,-680,-286,3098.32,2795.27
1006046,106622,1,4,-516,-853,9997.33,16415.22
1001415,100547,1,16,-83,-599,3792.17,4506.65
1007117,101206,1,5,-410,-67,21133.18,34.12
1002229,107363,1,19,-707,-330,919.8,9383.21
1004544,200192,1,1,-643,-146,60083.78,15661.87
1002531,201018,1,3,-340,-284,6907.45,8525.8
1002137,109128,1,20,-366,-496,8255.57,10115.33
1007920,109191,1,1,-942,-605,4913.26,3552.68
1002314,200680,1,20,-176,-898,27761.46,3837.09
1006463,107315,1,17,-850,-458,12895.46,7580.52
1008206,105085,1,20,-536,-262,398.43,1081.64
1008096,108562,1,6,-281,-527,11830.91,37024.8
1005628,106424,1,11,-759,-749,9834.13,923.51
1008377,108792,1,9,-165,-914,9147.57,10882.13
1004904,105444,1,20,-545,-545,431.37,600.93
1007491,109871,1,11,-276,-557,9933.98,7079.15
1008205,107240,1,5,-674,-775,5590.31,19479.29
1000971,102652,1,18,-459,-573,32266.18,13403.27
1005449,103408,1,7,-494,-91,226.51,3807.18
1008121,103311,1,19,-498,-276,2234.34,29917.02
1004220,200283,1,8,-623,-406,21077.59,9797.65
1005361,106767,1,17,-64,-350,2232.49,17964.37
1009304,106425,1,7,-773,-715,440.56,4202.32
1005395,200630,1,13,-619,-406,8342.36,25059.91
1000133,105024,1,21,-268,-465,9335.23,409.44
1001519,104754,1,11,-981,-700,1102.03,29232.51
1007990,109901,1,18,-59,-116,5008.34,1519.95
1002512,104944,1,11,-613,-290,4143.18,6196.88
1001119,104041,1,12,-444,-104,448.0,6245.41
1000787,105945,1,14,-266,-672,2314.25,1846.86
1008592,109314,1,4,-490,-870,22620.76,46895.46
1009634,105179,1,13,-245,-606,791.84,3670.89
1006005,101372,1,1,-250,-222,7002.5,1313.13
1000452,100058,1,13,-106,-220,2191.61,1580.79
1008474,107994,1,8,-146,-566,8143.94,4296.41
1009353,106400,1,12,-872,-907,3244.7,15425.87
1007865,106779,1,19,-644,-655,14194.94,4259.96
1001988,102666,1,14,-59,-737,11995.26,5091.3
1005342,100469,1,11,-964,-53,25.35,12160.47
1001062,200231,1,4,-122,-754,10746.49,255.35
1000099,107704,1,17,-810,-727,6359.34,11574.06
1001593,107763,1,11,-952,-896,16737.92,25601.96
1008753,107416,1,6,-357,-974,5584.42,2032.89
1008839,100692,1,1,-352,-674,6761.88,9141.8
1007931,104939,1,7,-50,-619,4449.51,1132.49
1002798,201792,1,3,-293,-645,5713.94,30363.65
1001071,106770,1,13,-262,-960,978.18,2131.13
1006619,101007,1,17,-231,-595,8341.27,5534.34
1001427,101654,1,13,-88,-253,3430.36,4415.59
1009951,103803,1,17,-471,-952,31439.98,30186.84
1006387,200683,1,11,-488,-794,821.51,10118.55
1008180,106946,1,12,-921,-669,4312.86,3567.32
1001304,109790,1,5,-399,-790,24580.52,10831.83
1009511,103682,1,18,-998,-618,9077.68,37005.25
1009831,105708,1,13,-636,-68,224.5,11514.77
1009900,106040,1,23,-415,-52,7844.66,11895.36
1007307,200436,1,21,-495,-189,3220.66,9308.56
1008031,104278,1,20,-253,-204,11617.5,505.83
1006914,108734,1,20,-186,-663,1720.14,10552.17
1003581,105956,1,8,-450,-201,7753.0,2086.12
1003650,104669,1,20,-538,-647,25058.92,899.93
1005772,100944,1,2,-558,-892,18045.2,5833.74
1002891,106005,1,12,-621,-251,47404.96,3293.7
1000478,100816,1,21,-961,-613,31428.14,9665.83
1003933,103377,1,8,-904,-66,4753.13,10646.03
1003773,105793,1,2,-454,-114,14868.97,4027.66
1003756,104113,1,19,-770,-576,16359.31,37966.08
1003751,100858,1,20,-403,-302,2821.6,1706.12
1002070,100448,1,3,-12,-576,6510.71,11598.38
1001137,104785,1,9,-682,-584,2475.77,224.58
1007299,105529,1,6,-170,-921,25720.94,3946.85
1004093,106305,1,17,-335,-919,6675.11,11718.84
1008536,104186,1,18,-940,-446,4621.78,22747.53
1000926,104460,1,23,-893,-849,47655.9,10742.1
1002422,108827,1,13,-827,-169,1115.69,20599.89
1007747,108266,1,5,-734,-230,24765.84,74739.32
1002212,103833,1,3,-697,-900,8937.21,16361.0
1004772,106903,1,20,-714,-520,5252.68,10739.35
1004507,106741,1,17,-860,-345,1506.97,3443.87
1004103,105767,1,12,-670,-946,3772.68,27095.1
1002854,109897,1,21,-641,-305,5617.44,3888.03
1005797,106678,1,13,-264,-267,1821.58,8184.92
1007624,200021,1,9,-412,-75,29997.1,5228.72
1007785,101457,1,11,-971,-257,2679.16,2455.39
1007445,101769,1,7,-52,-664,11661.11,7346.45
1003459,106207,1,16,-772,-591,10890.52,6160.96
1008524,200319,1,6,-590,-939,22903.43,15967.01
1002186,100015,1,5,-538,-741,8588.67,5437.36
1007378,109631,1,11,-197,-912,10902.39,24804.98
1008896,109612,1,19,-375,-981,20003.17,2225.03
1009508,102813,1,2,-513,-163,11226.18,6470.03
1008020,102059,1,21,-864,-441,1222.17,2223.23
1008035,200314,1,20,-121,-703,23191.93,10900.61
1004311,108408,1,11,-219,-226,2472.02,13980.07
1001601,201621,1,16,-652,-17,16500.17,1218.43
1003017,103571,1,12,-732,-771,7526.58,2778.83
1006563,105693,1,23,-693,-799,1507.25,49549.1
1007142,109865,1,15,-456,-946,851.57,25637.13
1005237,105053,1,23,-668,-592,8033.33,7500.65
1003843,108779,1,12,-192,-528,435.51,12961.04
1008199,102668,1,11,-507,-421,3728.34,4142.32
1004561,104863,1,4,-707,-368,19154.29,32465.42
1002168,200148,1,8,-771,-821,398.35,4696.51
1007583,100960,1,19,-854,-708,5917.56,1590.99
1002990,108570,1,20,-213,-686,2023.06,15705.22
1009392,106278,1,10,-59,-669,13244.23,3671.9
1005719,108581,1,8,-744,-32,9146.4,17499.34
1001908,102639,1,18,-576,-868,2853.87,1506.08
1001399,106413,1,11,-284,-78,3400.07,3143.67
1009001,105078,1,21,-880,-197,25277.03,21766.59
1002741,104609,1,22,-319,-24,10068.41,28198.02
1009013,104327,1,2,-15,-284,11790.16,30020.41
1004083,109143,1,21,-82,-343,38934.91,2283.47
1004090,201331,1,20,-147,-897,16087.48,2123.98
1002094,102457,1,23,-958,-784,9732.29,19215.63
1002262,105638,1,22,-100,-421,3739.26,8435.01
1004942,105415,1,12,-670,-461,106.54,7639.45
1007257,105183,1,11,-549,-838,8487.62,18869.67
1009597,100779,1,8,-400,-875,557.63,914.43
1000167,106115,1,23,-860,-679,28282.62,5429.48
1004283,201657,1,9,-389,-544,30999.32,181.17
1002457,201901,1,20,-555,-948,10828.91,3019.35
1007610,106671,1,18,-204,-409,4429.43,2188.58
1003965,103575,1,14,-713,-239,3929.96,1891.97
1004921,107475,1,22,-478,-729,13634.02,5770.01
1008021,106374,1,12,-578,-56,13626.86,3151.09
1009541,103341,1,8,-832,-449,4688.91,11766.35
1005072,102530,1,20,-776,-848,2543.89,21875.08
1006984,105855,1,15,-542,-995,25247.94,2515.71
1005850,109479,1,3,-443,-529,45116.91,13870.65
1009064,105197,1,10,-158,-338,7801.09,3834.3
1006807,108293,1,16,-855,-944,5733.25,7965.88
1005507,101806,1,6,-119,-269,1677.41,13194.56
1002445,200707,1,21,-951,-355,17296.26,1976.43
1002535,108597,1,3,-29,-917,9286.15,21208.75
1008792,104218,1,13,-708,-712,1657.23,26683.42
1004941,104538,1,2,-151,-606,2266.56,11760.26
1003369,105066,1,18,-124,-482,62.4,10522.1
1001122,201951,1,17,-741,-693,6686.43,4339.45
1007384,105743,1,13,-780,-676,3399.45,17559.06
1003134,104152,1,21,-859,-133,11642.46,10952.67
1006815,109420,1,20,-493,-81,14141.58,16118.98
1001152,100250,1,10,-155,-286,15042.03,3720.61
1009827,100521,1,1,-732,-100,11989.01,28675.97
1007921,104301,1,1,-403,-58,4315.11,11271.14
1000965,201068,1,9,-637,-738,3709.43,9072.99
1009607,104723,1,18,-706,-422,17556.27,10254.54
1001353,105938,1,7,-983,-855,10037.21,6971.05
1002321,104661,1,10,-235,-902,4508.75,5183.86
1000730,100481,1,18,-982,-624,11997.07,4801.84
1002691,100350,1,5,-588,-487,26880.88,1974.28
1005309,100504,1,19,-471,-566,4921.08,777.97
1002888,201202,1,14,-136,-265,2172.8,19332.96
1002443,108860,1,16,-439,-39,12096.08,3746.63
1005874,107666,1,22,-103,-143,9919.82,7664.95
1009448,200693,1,13,-34,-292,15825.97,19276.79
1001656,103797,1,23,-120,-644,35772.54,6175.71
1007550,101662,1,18,-218,-208,33633.87,1842.73
1009268,103984,1,15,-143,-338,19564.1,150.77
1004810,100535,1,6,-41,-611,2811.58,15815.95
1008849,104219,1,16,-737,-71,3209.7,19151.2
1001292,100334,1,23,-798,-271,21312.88,8290.93
1006002,107819,1,13,-395,-900,3624.55,6588.52
1009209,103496,1,2,-350,-493,10040.71,6950.63
1000654,201161,1,13,-593,-415,10314.11,8313.51
1000364,107804,1,3,-869,-574,9021.33,15455.97
1002548,107832,1,19,-294,-542,3893.79,10288.64
1001090,201890,1,12,-271,-12,4350.86,483.19
1007111,201160,1,16,-122,-356,2551.77,7336.94
1009844,102488,1,15,-811,-234,5316.18,5510.59
1009492,102097,1,22,-216,-631,33648.09,3840.95
1002894,201746,1,15,-907,-765,529.98,165.87
1005365,201864,1,17,-645,-436,1463.18,5121.97
1009814,103259,1,1,-738,-829,4089.26,2108.23
1007840,200032,1,17,-479,-608,5154.16,8108.99
1003524,105399,1,18,-561,-193,1347.97,5901.51
1002651,105082,1,6,-937,-107,24376.96,740.72
1002645,107608,1,16,-813,-611,4189.16,19021.2
1003943,104829,1,1,-727,-676,8830.42,14429.94
1006095,106423,1,21,-419,-940,679.74,8167.3
1000468,107668,1,17,-173,-261,2069.33,8357.39
1007211,201412,1,18,-589,-529,3293.17,7980.06
1002679,201057,1,11,-410,-613,118.95,26328.8
1007862,109114,1,2,-191,-482,27022.81,14246.48
1008041,108582,1,21,-753,-16,4988.99,1003.65
1005849,201874,1,20,-631,-557,4508.86,8223.67
1008328,103401,1,15,-984,-167,6420.38,11206.09
1006760,200476,1,21,-581,-938,6990.11,7258.62
1002000,109916,1,1,-854,-995,3740.59,2699.91
1009146,107375,1,1,-29,-843,13193.11,33739.25
1006304,108701,1,14,-56,-968,13803.65,3119.22
1002253,100261,1,1,-64,-270,30942.37,2762.02
1002913,105249,1,2,-627,-242,9663.56,11935.15
1004604,201054,1,20,-698,-140,10456.98,40338.71
1003926,105033,1,9,-191,-605,3261.16,10971.42
1004769,107139,1,18,-162,-684,5290.3,8789.96
1006352,102162,1,7,-173,-242,5996.62,4777.58
1007820,103353,1,5,-717,-606,17368.6,2821.41
1005442,107519,1,13,-536,-255,3056.96,29546.95
1008198,100050,1,3,-485,-661,9315.35,8194.73
1003828,106621,1,13,-819,-951,6406.83,20869.92
1005953,201544,1,7,-844,-819,12107.07,12424.21
1008149,109119,1,19,-77,-802,27232.94,7297.4
1003250,106768,1,15,-828,-585,10597.74,324.67
1001009,104546,1,17,-20,-969,1349.21,7190.4
1006601,107610,1,11,-23,-55,5171.04,2617.63
1008191,105459,1,12,-675,-43,3822.5,248.24
1004132,106526,1,23,-406,-962,9126.33,10458.0
1003497,105788,1,18,-778,-786,1213.71,262.27
1009126,106864,1,23,-757,-443,7853.7,821.72
1004529,102260,1,13,-715,-520,17608.09,11084.32
1007137,105043,1,1,-81,-648,18234.71,1470.47
1008955,105429,1,3,-349,-186,9816.93,5538.49
1002547,106317,1,16,-422,-221,3759.69,5953.1
1004786,102662,1,11,-787,-691,17226.05,5038.7
1002728,109975,1,13,-695,-475,15993.84,5730.79
1003151,103258,1,12,-780,-773,8656.31,29837.69
1006649,101624,1,3,-92,-664,1291.12,2541.31
1004682,200369,1,14,-371,-80,23051.58,496.48
1008330,105195,1,21,-491,-743,8868.01,1274.16
1009645,106360,1,8,-804,-434,27953.84,10458.38
1007399,106594,1,12,-150,-354,3665.71,2517.41
1007142,109865,1,17,-747,-688,11145.79,4055.64
1008372,109368,1,10,-621,-486,831.64,6461.91
1002807,103382,1,19,-917,-887,18576.81,4129.61
1008907,104067,1,21,-919,-502,7287.77,1226.51
1007484,200771,1,19,-451,-652,4127.93,1191.71
1000855,102294,1,4,-768,-71,7548.48,3939.34
1004949,107828,1,6,-718,-511,4850.21,10279.13
1007820,103353,1,3,-413,-808,7990.05,3182.02
1005609,107553,1,23,-81,-700,9757.05,42979.14
1007619,109252,1,11,-314,-352,3226.91,21572.93
1004376,107422,1,15,-21,-217,12696.89,5269.32
1009196,103554,1,18,-263,-989,425.06,16728.39
1004709,102359,1,7,-149,-779,11205.32,495.88
1002574,100181,1,15,-927,-570,10019.05,6282.44
1009945,105124,1,2,-463,-661,1259.73,10266.02
1009785,104147,1,18,-461,-834,11476.47,19865.35
1000251,106366,1,22,-596,-573,3932.25,15914.06
1001907,103402,1,7,-34,-396,2673.13,23987.58
1002409,103692,1,13,-683,-12,33377.5,4265.84
1008134,107342,1,6,-851,-625,2491.27,354.72
1004478,109387,1,9,-242,-813,3255.11,5133.04
1009725,200654,1,8,-267,-165,2372.23,3336.06
1003050,106352,1,10,-227,-514,3638.86,2619.0
1008931,101406,1,15,-997,-21,13836.95,3615.44
1004300,102393,1,14,-250,-80,8045.69,3087.44
1002430,101240,1,10,-729,-693,13731.31,3115.98
1009204,108577,1,1,-741,-540,5383.0,15314.4
1006602,101403,1,4,-78,-785,8958.83,3423.84
1006878,105003,1,16,-253,-75,13066.83,6673.87
1001730,103003,1,19,-672,-199,10324.92,10016.54
1008672,107326,1,14,-422,-108,5303.1,3421.81
1008985,104773,1,13,-467,-837,16444.53,2247.7
1006852,105388,1,16,-74,-74,8446.69,4154.26
1001779,103603,1,15,-476,-272,20900.63,1223.93
1002110,108851,1,4,-796,-770,6548.16,14619.52
1008129,201942,1,5,-417,-124,9567.88,6851.07
1006627,104733,1,17,-524,-152,4038.11,23029.8
1005822,108818,1,22,-754,-163,7614.41,4322.9
1006269,106979,1,10,-255,-725,42949.71,20.76
1004138,102427,1,13,-475,-860,7984.87,9802.81
1003033,201023,1,17,-819,-305,2224.98,1028.53
1009013,104327,1,18,-342,-200,14844.08,820.08
1002648,201238,1,9,-364,-869,12460.43,3060.45
1005835,107890,1,1,-127,-242,5027.93,1972.87
1006266,200627,1,11,-821,-357,41428.59,14653.05
1004528,101066,1,16,-719,-408,29117.78,34811.64
1009840,100689,1,9,-771,-931,5534.71,14001.0
1002805,107391,1,22,-621,-65,5052.84,965.59
1001590,100134,1,2,-891,-818,7932.73,3436.64
1000248,107097,1,2,-332,-599,9506.2,1237.73
1000869,106196,1,1,-525,-103,9421.02,3308.81
1004153,107864,1,22,-544,-47,20507.86,1823.05
1007420,109758,1,16,-614,-804,7431.27,5713.82
1008677,103379,1,22,-758,-232,11267.31,2206.18
1003632,104880,1,15,-372,-247,1212.08,26923.95
1004415,103575,1,8,-252,-658,13827.99,3482.78
1004002,100403,1,11,-968,-175,37618.8,28214.61
1009619,108540,1,7,-859,-773,11490.53,14585.15
1004853,104096,1,13,-671,-93,7347.06,4980.22
1009902,103341,1,23,-93,-107,7011.51,15240.97
1009870,103303,1,16,-916,-169,1878.97,1387.14
1009541,103341,1,18,-109,-293,16605.9,1468.41
1003226,105568,1,7,-839,-306,2008.59,7605.02
1005894,106382,1,9,-795,-932,1932.38,2412.51
1002872,105214,1,1,-692,-565,2658.15,2816.83
1006268,104338,1,8,-66,-28,19263.48,3787.41
1003314,201551,1,9,-674,-445,4354.19,12864.04
1002877,100258,1,18,-525,-219,4083.25,16106.26
1004771,201068,1,14,-164,-993,14341.46,46117.74
1000767,105585,1,9,-759,-771,31319.55,7966.32
1007180,109871,1,22,-967,-620,3600.63,7659.76
1007287,109626,1,17,-183,-178,13994.0,18924.63
1007059,107990,1,3,-192,-734,8127.3,345.43
1007558,107193,1,16,-537,-378,4159.86,2501.88
1006213,108832,1,3,-645,-984,5439.37,32160.29
1006163,109854,1,18,-906,-531,1124.72,12743.36
1007705,109647,1,19,-914,-606,8767.35,5045.34
1009028,106586,1,14,-659,-369,2423.51,5541.81
1004414,108744,1,7,-594,-601,5440.28,7330.26
1001350,109492,1,15,-880,-974,28818.0,1802.75
1001650,103222,1,10,-557,-974,8482.26,16999.6
1000869,106196,1,10,-514,-450,170.27,12109.6
1007707,200020,1,19,-217,-235,1769.06,1686.11
1000731,200855,1,18,-616,-681,4052.69,6983.05
1000189,102047,1,2,-96,-759,11126.26,6949.76
1009681,200322,1,12,-638,-154,5409.98,18819.16
1000514,108954,1,14,-520,-676,4623.1,4176.31
1004476,107374,1,9,-56,-792,31367.84,26924.8
1003884,109158,1,21,-841,-114,7287.35,19189.93
1004572,109101,1,10,-164,-891,5255.26,2514.83
1005159,108060,1,16,-802,-851,3636.32,6901.22
1007045,105917,1,15,-463,-893,3676.01,10721.52
1008290,101385,1,12,-290,-480,9883.25,6869.61
1003838,201813,1,11,-661,-799,770.28,17580.06
1005971,200311,1,15,-329,-334,37380.33,8698.63
1000778,100797,1,19,-761,-381,18068.32,3071.24
1009906,106999,1,10,-26,-874,3351.93,6682.09
1000763,104654,1,18,-86,-211,2789.69,8647.73
1009471,108271,1,18,-322,-649,43487.31,12791.39
1002652,105957,1,13,-786,-773,1173.73,9432.57
1007054,104730,1,7,-320,-218,14458.63,8861.73
1006937,100864,1,8,-186,-434,50622.77,4051.35
1007667,107712,1,19,-464,-843,2710.74,338.1
1004586,102240,1,12,-898,-786,5469.4,44468.85
1008150,201887,1,9,-625,-668,1223.49,4024.44
1000588,107586,1,14,-668,-720,7227.66,6766.8
1009714,107466,1,20,-124,-552,5999.46,3721.59
1007527,201100,1,22,-22,-527,2202.19,24080.78
1003541,106422,1,2,-896,-846,6926.38,8200.59
1006811,102578,1,17,-986,-874,2983.72,25032.87
1005002,105190,1,10,-686,-602,1466.35,6709.22
1006748,107024,1,23,-800,-89,8786.14,7825.9
1005682,108200,1,1,-974,-258,6706.35,5324.34
1001572,109415,1,5,-320,-117,23355.23,5307.23
1003267,108784,1,14,-756,-166,9383.15,3919.73
1008012,102273,1,1,-758,-999,4793.27,12519.99
1003048,104764,1,15,-194,-430,20655.45,14650.55
1002418,109336,1,7,-154,-711,6415.37,8666.72
1008995,201734,1,11,-376,-252,324.41,6351.84
1006408,200668,1,22,-926,-246,2134.28,6114.59
1005105,200859,1,14,-295,-270,1031.18,2724.09
1009928,102536,1,14,-820,-942,5988.32,2073.88
1004915,105998,1,8,-947,-325,15094.89,14455.83
1007816,106396,1,5,-548,-506,713.32,931.13
1006038,105046,1,19,-855,-320,8975.02,10321.97
1004176,102989,1,7,-652,-442,15755.67,16760.73
1006419,100807,1,8,-279,-982,1687.28,4862.75
1001865,200513,1,21,-133,-452,64.06,33371.89
1004409,104855,1,22,-111,-85,4086.2,6617.66
1000351,101443,1,12,-803,-229,24750.29,4421.21
1006290,104455,1,14,-892,-261,2662.13,10409.56
1002379,108177,1,14,-66,-150,11152.0,2028.74
1006735,100928,1,15,-417,-315,2800.45,2363.21
1006664,102630,1,13,-490,-838,15908.93,526.92
1007725,106952,1,17,-585,-732,4971.04,1290.89
1009825,201995,1,21,-562,-753,833.08,21734.16
1004816,201125,1,9,-883,-250,9394.45,4801.55
1007389,201691,1,3,-951,-787,2671.7,8378.14
1000605,108741,1,11,-285,-349,1173.98,10949.73
1005826,104580,1,15,-420,-806,14871.62,4426.79
1008778,105915,1,10,-597,-566,11579.53,8678.95
1000953,106370,1,11,-193,-898,10213.74,6120.57
1009653,100387,1,7,-268,-792,3553.82,6407.98
1003156,109173,1,12,-609,-403,42050.7,6791.01
1004831,201187,1,20,-852,-942,913.36,14683.83
1002932,106894,1,22,-939,-392,5103.89,6145.82
1002430,101240,1,18,-393,-871,8465.98,25182.48
1001957,100213,1,18,-359,-250,3204.2,9862.44
1004793,102647,1,17,-153,-389,7576.88,3880.84
1004671,104893,1,18,-183,-24,8190.53,136.12
1006085,106775,1,4,-639,-559,5236.0,11192.67
1009140,105374,1,3,-862,-846,5222.0,1145.09
1006599,107374,1,2,-630,-238,4556.17,10703.52
1009380,103019,1,11,-98,-53,1627.81,58776.01
1003805,102190,1,18,-102,-239,13818.73,3929.97
1003273,107649,1,11,-361,-463,7658.58,3427.71
1003175,201678,1,12,-927,-238,9245.19,7935.1
1002451,108305,1,5,-804,-130,2811.47,11496.52
1005553,109541,1,13,-446,-691,1975.38,16359.71
1001820,105980,1,20,-656,-244,23679.16,6400.17
1001416,106234,1,18,-688,-472,48184.78,4110.53
1006283,101169,1,2,-75,-207,4651.3,21424.77
1003900,107030,1,5,-333,-918,4874.22,17044.63
1000746,105261,1,11,-517,-315,9151.66,2723.91
1008718,201294,1,6,-171,-12,8057.7,7664.68
1001613,103427,1,17,-107,-195,2538.61,6135.3
1009733,103630,1,19,-826,-904,19448.21,14131.31
1002476,101886,1,12,-32,-463,4397.48,12866.8
1003097,200437,1,2,-663,-263,3248.3,24283.71
1004010,109279,1,19,-578,-446,1726.71,1047.8
1000104,109310,1,16,-367,-78,1599.24,13090.38
1006555,103577,1,12,-919,-276,3426.85,3727.63
1006846,200563,1,15,-342,-783,11329.13,1856.11
1008068,105077,1,12,-64,-362,3257.64,2510.33
1006731,103005,1,2,-964,-824,13128.9,3648.7
1007320,103128,1,2,-900,-286,8515.88,29317.86
1005371,103432,1,13,-167,-464,1764.46,18593.87
1004169,100145,1,17,-986,-599,4849.61,12094.21
1004981,105793,1,11,-293,-599,1541.99,712.71
1006980,105770,1,16,-415,-798,1971.64,19290.09
1009106,103491,1,2,-312,-887,960.66,2237.33
1007510,200898,1,10,-624,-998,9492.3,32327.77
1000423,101667,1,6,-579,-85,18215.41,3613.03
1002040,104824,1,5,-906,-807,11540.27,7472.25
1007021,201823,1,21,-345,-54,9934.8,5724.44
1001865,200513,1,14,-710,-120,7451.02,3539.36
1001261,103936,1,18,-229,-426,28435.54,5473.25
1007452,105066,1,1,-894,-375,849.15,2426.52
1003946,201792,1,19,-478,-257,649.43,10875.71
1001272,102976,1,13,-418,-83,7234.32,6990.05
1006223,201005,1,6,-202,-240,3548.93,2388.54
1001752,100981,1,11,-670,-523,8612.63,8469.49
1008566,103030,1,1,-971,-487,21760.33,2710.17
1000311,108962,1,1,-667,-788,12056.27,4074.22
1005124,107848,1,8,-67,-390,400.5,30847.05
1000426,100106,1,10,-11,-969,45989.63,15450.99
1004860,200413,1,1,-590,-920,8452.61,225.89
1009850,109247,1,8,-421,-950,65.45,5215.3
1003769,201460,1,19,-612,-746,2733.61,1977.26
1003762,201535,1,11,-150,-948,1167.9,22108.6
1007738,105075,1,20,-110,-53,22386.69,25519.85
1006118,201195,1,21,-750,-191,12346.58,5025.01
1007440,108499,1,14,-962,-36,1792.92,3819.46
1006220,102406,1,2,-512,-448,1893.82,15659.35
1000885,102127,1,2,-220,-884,9933.81,39166.4
1006931,101792,1,18,-813,-528,9766.81,8328.58
1007888,101173,1,6,-226,-801,2205.16,797.7
1004210,109181,1,13,-115,-501,3392.66,42522.53
1001276,104798,1,13,-659,-724,22104.73,1459.27
1000279,105129,1,11,-245,-674,2692.28,35132.88
1009711,106287,1,10,-556,-207,630.68,2541.34
1007987,107138,1,1,-798,-250,8136.43,2714.05
1003092,200504,1,15,-918,-405,15135.4,22317.4
1005672,101700,1,6,-965,-479,7682.89,3084.6
1000454,109785,1,5,-255,-908,4270.7,2600.17
1006126,104206,1,9,-73,-597,4482.66,127.17
1005563,200943,1,3,-432,-680,8989.35,7595.9
1005747,200719,1,8,-558,-210,7361.3,28683.62
1006146,101615,1,14,-756,-922,4214.81,2822.47
1002195,100228,1,17,-723,-625,10943.79,12508.19
1002308,201930,1,23,-980,-733,27358.44,15184.11
1008054,201981,1,3,-933,-863,7341.85,7273.41
1004870,101598,1,15,-127,-615,26099.7,2282.35
1002842,100046,1,1,-581,-826,7925.14,24871.89
1008938,101137,1,3,-751,-459,9313.58,263.19
1006562,105209,1,3,-216,-876,5540.4,381.03
1005101,200785,1,7,-727,-481,28130.94,3549.33
1009610,201097,1,3,-355,-967,9689.69,30157.43
1003375,106837,1,23,-956,-274,18041.9,2098.3
1004078,102194,1,1,-910,-85,299.95,1548.51
1002493,105720,1,1,-675,-735,5634.59,2736.43
1006518,104665,1,2,-907,-964,4854.97,23441.32
1008965,100344,1,11,-996,-293,8757.95,16188.29
1001533,107922,1,6,-820,-666,1486.17,391.52
1009028,106586,1,9,-294,-549,207.14,649.1
1009935,200974,1,11,-962,-627,5272.05,25626.58
1000750,103685,1,11,-710,-832,10126.93,36999.67
1003087,104889,1,14,-120,-261,1992.59,9167.17
1002275,100594,1,22,-119,-252,8306.69,1371.63
1008862,103395,1,22,-230,-342,5017.48,8833.14
1008041,108582,1,15,-66,-174,4013.02,14158.9
1009050,105817,1,3,-715,-219,4540.28,13550.55
1008848,100031,1,9,-733,-552,10291.37,4832.23
1009357,200103,1,16,-633,-688,2693.47,5787.61
1006015,108505,1,21,-124,-274,6015.61,22174.37
1000377,108968,1,22,-960,-167,1354.17,174.01
1001239,102102,1,20,-791,-35,23184.0,5331.68
1009870,103303,1,16,-524,-246,10539.16,16264.44
1007796,103416,1,18,-587,-547,5352.15,3349.02
1004925,101800,1,15,-32,-453,20736.51,8991.11
1007177,107665,1,18,-605,-376,7404.21,994.16
1005963,103434,1,16,-522,-726,3581.06,3356.04
1005545,108457,1,18,-696,-380,21565.5,1126.42
1002492,103053,1,18,-319,-871,17054.19,35216.14
1008592,109314,1,22,-300,-171,9853.9,5772.08
1000848,201425,1,23,-880,-355,8185.4,21199.45
1008965,100344,1,9,-213,-33,10700.55,10393.36
1002250,103347,1,4,-388,-494,4395.25,9174.52
1007620,107255,1,9,-754,-929,4950.61,2306.89
1004211,102426,1,23,-979,-310,11628.58,253.77
1004458,103986,1,10,-467,-878,1965.84,1672.72
1006051,104505,1,18,-11,-623,2963.89,7791.2
1005199,201509,1,11,-951,-747,8869.79,14858.95
1001690,100719,1,3,-845,-696,13918.04,926.19
1009364,107536,1,22,-45,-444,2882.87,19549.39
1004954,101326,1,8,-942,-784,6560.65,12257.63
1000840,102946,1,4,-868,-452,18684.48,4353.89
1006901,107677,1,22,-550,-279,10359.11,22642.93
1008070,105483,1,22,-591,-395,13095.79,1233.89
1001534,106738,1,8,-12,-874,16956.81,4337.23
1006554,108944,1,15,-240,-834,8268.06,1068.92
1005914,103732,1,23,-50,-422,623.41,2378.88
1009264,108037,1,6,-754,-946,5708.91,3800.28
1009924,103375,1,12,-444,-796,17859.19,8206.81
1006049,104776,1,1,-739,-814,4404.55,12819.89
1007677,109926,1,14,-52,-68,5441.08,3671.92
1004084,109150,1,22,-42,-157,2027.34,6498.26
1006867,201185,1,10,-148,-987,6420.0,790.64
1008908,108510,1,6,-984,-35,5089.06,2438.92
1009361,105052,1,6,-43,-757,3380.88,743.24
1005805,104229,1,19,-71,-605,20346.76,5060.79
1001766,107636,1,15,-621,-329,11335.0,322.42
1006613,100340,1,3,-572,-749,1187.38,43201.45
1009644,201999,1,7,-439,-926,199.5,12660.58
1002112,103187,1,23,-899,-451,7816.0,6191.1
1009265,102023,1,21,-267,-999,3540.41,28635.87
1001362,201366,1,21,-598,-331,6187.78,695.52
1008443,106448,1,9,-533,-238,935.82,11993.85
1000363,107799,1,23,-699,-289,19738.81,12853.65
1000795,201974,1,7,-28,-316,6410.82,19371.82
1003778,104505,1,23,-251,-142,4677.21,4185.76
1001415,100547,1,15,-404,-237,20628.64,3607.09
1007933,109134,1,13,-966,-240,13200.98,19536.68
1003161,107635,1,23,-933,-401,4657.66,19177.59
1006777,201606,1,15,-870,-726,17979.16,14002.77
1001132,106567,1,16,-203,-299,19908.53,14427.05
1007648,102806,1,20,-361,-999,5430.7,12663.79
1005179,104807,1,19,-399,-633,1385.32,1757.07
1005219,103009,1,15,-616,-658,12930.54,9421.32
1006394,201838,1,21,-531,-525,5255.99,5829.63
1005582,104081,1,1,-763,-547,25779.96,566.78
1003696,100223,1,23,-390,-419,75.91,15198.02
1003343,200033,1,3,-284,-597,3866.71,8835.84
1008565,201861,1,22,-93,-60,17100.87,2249.02
1002569,103108,1,15,-121,-430,20777.87,9654.71
1006101,109601,1,1,-986,-176,8318.86,3737.32
1005965,104952,1,18,-144,-829,4670.52,34121.78
1007187,104356,1,8,-238,-140,4015.62,21344.07
1000975,108955,1,13,-370,-262,817.88,10461.37
1008775,201319,1,22,-756,-21,17544.14,1584.71
1009272,102543,1,8,-514,-231,1432.09,19898.83
1001549,104416,1,13,-384,-709,4273.11,5732.93
1003697,105171,1,10,-455,-336,384.68,6953.69
1004366,109757,1,11,-396,-608,13523.31,31590.57
1008620,101757,1,14,-507,-744,1367.53,34369.42
1003473,101592,1,13,-806,-753,4481.89,1170.93
1001311,101796,1,8,-861,-794,2862.84,3056.2
1006139,201742,1,5,-926,-361,1852.23,6349.21
1001888,107772,1,12,-849,-269,2305.24,1559.34
1008637,103274,1,11,-396,-257,46075.03,5792.24
1004345,101008,1,2,-596,-883,1184.79,17719.72
1009138,101465,1,13,-816,-800,12340.41,4231.26
1008588,200895,1,5,-354,-289,1511.33,15345.16
1007880,201185,1,1,-57,-633,2684.58,3876.88
1006060,108406,1,17,-98,-377,3184.15,3439.49
1001925,109969,1,13,-993,-568,25476.27,4649.83
1000862,106786,1,18,-881,-116,5219.23,20494.51
1002799,104700,1,10,-991,-848,1400.86,8654.18
1002438,108544,1,13,-760,-553,3872.55,16478.09
1004831,201187,1,4,-691,-61,7538.11,21366.2
1001900,100104,1,11,-364,-822,1525.07,16094.87
1004864,101102,1,15,-728,-106,1843.25,3726.72
1000025,100145,1,21,-104,-736,18052.12,2139.63
1004844,104015,1,13,-848,-952,3131.63,25326.52
1001491,102165,1,1,-847,-822,2805.81,8352.41
1004503,106056,1,15,-981,-873,3290.12,1776.42
1009597,100779,1,9,-325,-900,846.53,4115.44
1007386,105559,1,13,-291,-259,35823.92,428.97
1001271,103659,1,23,-825,-841,2448.35,2038.96
1009491,101491,1,5,-597,-776,6692.36,82.81
1008167,109802,1,23,-42,-38,893.14,3294.55
1005719,108581,1,12,-679,-472,4036.36,2782.95
1002304,201303,1,13,-169,-226,7335.67,638.33
1007255,108484,1,23,-154,-493,4376.54,14048.05
1005960,107182,1,6,-947,-427,8797.74,3928.09
1003219,103623,1,20,-481,-17,24521.39,2645.94
1009071,109757,1,23,-422,-11,13429.91,15380.57
1005847,104844,1,5,-867,-447,1913.28,8690.07
1003160,108165,1,9,-291,-920,14417.62,1486.42
1006147,100900,1,13,-931,-247,1808.07,8979.3
1001120,107541,1,12,-468,-840,2599.53,252.23
1001905,106173,1,16,-645,-554,5640.95,19825.96
1007268,102366,1,1,-535,-344,2742.95,17250.82
1002674,103518,1,1,-104,-645,724.34,8194.02
1002860,105768,1,14,-147,-649,2384.64,10963.59
1001518,105777,1,13,-449,-880,13463.34,5337.06
1000071,105512,1,6,-72,-84,17148.21,15837.81
1001316,100587,1,2,-101,-125,3983.8,490.01
1008366,106896,1,10,-944,-255,34953.58,9793.56
1003190,108947,1,3,-497,-344,1807.4,3050.88
1006233,201040,1,16,-867,-634,2163.61,1046.69
1008501,102603,1,4,-769,-742,6243.79,7896.73
1004785,101730,1,22,-106,-394,3536.04,1600.92
1003791,201622,1,13,-354,-241,434.9,27281.76
1007200,108286,1,9,-851,-880,361.21,3244.33
1007837,109722,1,16,-591,-293,164.16,18567.18
1007563,102426,1,10,-714,-38,743.34,2364.59
1002960,107036,1,7,-17,-994,6355.21,22558.66
1009004,102587,1,22,-391,-93,3728.96,4361.6
1009445,101463,1,4,-455,-186,26448.65,33570.34
1004957,102529,1,8,-634,-109,8670.64,1475.24
1006411,200760,1,23,-53,-935,1486.07,1280.81
1007062,106499,1,18,-624,-151,4898.78,10333.53
1004878,201714,1,15,-835,-946,14116.58,4469.32
1001318,100294,1,12,-274,-553,470.32,1665.31
1009338,103361,1,14,-590,-459,22992.79,3427.73
1003026,104251,1,5,-847,-641,5284.87,12768.92
1007893,105794,1,19,-136,-68,42221.6,9206.2
1005979,200153,1,20,-339,-709,3382.14,14131.5
1002515,107057,1,15,-405,-611,6109.21,34450.86
1003229,100095,1,22,-594,-476,4317.09,19.16
1001007,107250,1,22,-869,-836,9731.01,1913.72
1008988,109531,1,8,-759,-825,7448.09,8702.09
1002216,107880,1,21,-141,-723,1332.54,17260.5
1002555,106141,1,2,-883,-209,3720.95,4299.51
1003185,201807,1,1,-148,-516,16433.49,2450.22
1001746,108505,1,9,-464,-567,10466.37,9113.94
1000997,101908,1,18,-820,-531,18944.07,15459.98
1006941,108731,1,1,-794,-128,2814.78,9886.76
1005950,103671,1,14,-773,-256,12534.67,6219.02
1000555,107343,1,19,-652,-762,472.6,16727.43
1002048,108341,1,8,-154,-589,6844.31,9430.44
1000256,100791,1,7,-691,-673,4829.87,5289.51
1003892,106503,1,18,-364,-473,4684.65,1011.77
1009234,104984,1,8,-989,-482,1089.89,22629.28
1003734,200733,1,15,-721,-341,15937.35,10753.29
1007660,201712,1,13,-190,-716,6443.08,1571.1
1006337,109259,1,1,-750,-387,5387.13,23389.49
1009520,103573,1,14,-425,-747,4630.13,297.6
1009919,100326,1,21,-220,-55,989.48,10636.94
1003304,106472,1,13,-712,-397,2555.88,3981.61
1001622,107995,1,8,-66,-703,12112.24,14034.06
1007876,102441,1,16,-93,-376,407.61,7630.5
1000538,100590,1,6,-463,-311,182.84,3912.82
1007122,102485,1,11,-184,-913,158.85,609.44
1000478,100816,1,17,-121,-222,1020.26,196.52
1000895,107815,1,23,-227,-831,1836.67,1623.43
1006552,107171,1,21,-323,-159,2927.59,7751.13
1006288,104034,1,16,-999,-417,12670.52,5058.34
1005387,109764,1,13,-517,-928,24766.18,15945.27
1008792,104218,1,3,-735,-44,6084.25,3832.38
1007468,100964,1,9,-767,-119,5203.75,4764.17
1008501,102603,1,5,-91,-545,5869.26,1509.82
1006585,201721,1,2,-30,-252,3061.39,18627.17
1006579,105517,1,10,-737,-228,2531.99,9552.39
1005531,201433,1,23,-192,-254,2243.45,3268.63
1001905,106173,1,1,-187,-908,13546.27,5088.68
1008681,107941,1,2,-645,-383,4632.0,11667.09
1006972,104017,1,17,-43,-519,1051.08,11777.52
1004179,106568,1,9,-721,-508,17351.73,24120.62
1001820,105980,1,10,-447,-889,2363.61,25770.22
1009574,107996,1,23,-818,-237,498.99,5664.86
1001068,100104,1,7,-496,-361,22321.93,2092.26
1004375,100804,1,23,-860,-649,6763.19,569.21
1004313,106242,1,16,-696,-844,1075.86,1767.07
1009545,101472,1,9,-793,-798,5174.88,140.8
1004148,107232,1,3,-285,-625,2433.22,3430.04
1005454,200954,1,21,-672,-978,18899.29,1930.93
1002209,105664,1,4,-768,-164,6565.18,2811.26
1009268,103984,1,13,-822,-475,17886.05,3171.13
1001386,107104,1,4,-824,-309,2334.35,13816.8
1004884,108361,1,3,-220,-943,18294.75,4650.79
1001637,108714,1,17,-668,-410,6480.86,2293.75
1002128,104610,1,6,-14,-393,28316.89,9609.49
1008606,101796,1,8,-164,-31,11136.27,4678.77
1009440,102776,1,19,-764,-721,613.31,3646.81
1007219,102295,1,22,-13,-632,339.3,12927.68
1008189,200938,1,22,-886,-265,14879.83,1436.82
1007369,107193,1,19,-729,-87,1813.73,12160.74
1004375,100804,1,15,-26,-169,1897.59,15410.82
1004800,105094,1,8,-312,-724,13629.28,537.49
1002760,200448,1,19,-137,-469,7047.86,24671.49
1009761,108349,1,9,-640,-473,12452.8,22887.53
1009106,103491,1,19,-206,-596,13973.91,1225.34
1008591,100636,1,8,-304,-585,3145.13,2201.35
1006401,107464,1,23,-440,-573,3462.01,2384.4
1006600,108238,1,1,-79,-703,20511.75,3746.08
1000482,107050,1,11,-120,-550,12863.28,44653.33
1005531,201433,1,1,-928,-205,2193.91,45495.18
1003218,201822,1,19,-947,-726,5890.55,1583.19
1003256,100398,1,6,-280,-696,4018.56,4941.67
1003040,101467,1,1,-14,-722,15703.84,1077.81
1002414,101001,1,22,-737,-326,11058.67,23571.68
1005859,102639,1,10,-720,-517,2865.82,5104.79
1002014,102613,1,13,-954,-68,16122.04,11062.18
1000851,105758,1,2,-647,-725,36437.04,4108.84
1009633,105628,1,8,-871,-666,27794.67,16400.9
1006370,201254,1,19,-233,-191,17434.49,7758.12
1003428,107431,1,3,-641,-177,2462.69,2906.94
1006413,101533,1,16,-248,-82,25595.62,8265.64
1008152,103937,1,4,-933,-729,12041.23,5241.47
1005968,201162,1,17,-885,-169,32332.56,10340.37
1006919,103420,1,23,-927,-534,842.73,3948.16
1000975,108955,1,13,-251,-853,12440.48,2808.37
1004824,109678,1,22,-412,-663,4967.91,14059.89
1001456,101613,1,20,-689,-112,12100.73,2570.08
1008969,108817,1,4,-950,-740,2441.1,8327.98
1005780,106728,1,21,-554,-571,33034.75,19133.1
1007707,200020,1,19,-760,-128,15620.12,12371.79
1002293,103313,1,12,-937,-368,20351.92,4666.86
1002874,104801,1,7,-666,-733,30470.66,496.04
1003492,105043,1,11,-640,-563,15575.06,6122.48
1005893,200088,1,21,-908,-768,834.1,1302.85
1006073,103685,1,22,-636,-299,5607.09,15482.71
1001131,100208,1,13,-425,-858,4653.97,11007.02
1009329,103507,1,10,-438,-897,4651.79,3926.2
1003508,105710,1,23,-42,-378,10490.38,2733.77
1001763,104657,1,20,-104,-847,5493.42,7179.24
1006776,101916,1,1,-384,-958,18543.81,11739.11
1000461,106885,1,10,-629,-398,867.56,165.08
1009794,201405,1,9,-596,-199,22673.93,336.64
1006380,103072,1,3,-375,-373,2953.84,437.43
1006779,109522,1,9,-959,-655,945.28,406.5
1000916,103142,1,6,-454,-405,13057.98,42460.87
1004216,109505,1,12,-626,-583,14962.42,6579.0
1002952,103590,1,15,-892,-610,9640.07,871.83
1006333,105758,1,9,-760,-142,5517.14,440.74
1008587,105892,1,18,-258,-575,7156.31,16597.85
1009942,104703,1,14,-287,-841,18508.18,6361.08
1002805,107391,1,19,-389,-770,7834.09,3745.53
1002656,100064,1,21,-86,-411,27934.42,5634.87
1001138,105894,1,8,-861,-625,582.25,7944.44
1002885,102609,1,22,-238,-479,2270.03,109.51
1002608,101451,1,16,-946,-878,14354.85,15252.81
1009878,106394,1,6,-509,-347,14273.24,9436.55
1003113,201965,1,1,-893,-232,2361.8,4802.3
1006779,109522,1,23,-459,-480,7099.68,20089.93
1007765,105949,1,7,-606,-448,2800.64,3012.13
1008284,201325,1,23,-576,-920,35.48,22509.05
1008505,104731,1,20,-971,-953,11855.55,3560.79
1006954,100365,1,20,-656,-960,6325.4,1435.14
1007396,105110,1,19,-169,-340,14291.15,93.96
1000172,104413,1,14,-404,-524,845.16,2229.23
1000960,108362,1,3,-647,-602,39862.44,12313.02
1007649,102454,1,6,-717,-992,608.66,27468.9
1002935,102969,1,14,-137,-962,6688.57,3094.09
1009152,108072,1,19,-936,-607,21300.81,8942.27
1000769,101268,1,6,-201,-665,3467.64,17311.71
1003918,108652,1,20,-793,-655,1061.87,4670.58
1009315,106576,1,22,-92,-936,12878.92,11532.8
1006974,200214,1,9,-503,-211,10148.42,3327.43
1005561,100309,1,17,-481,-993,5024.4,76.94
1004077,103333,1,3,-646,-823,5096.8,5112.31
1000239,104223,1,20,-390,-250,22098.38,14896.26
1007974,103354,1,1,-680,-251,12235.35,30604.14
1003184,201086,1,13,-695,-366,5557.35,10158.59
1002929,106436,1,21,-391,-153,15221.53,2333.49
1008287,109480,1,5,-294,-946,10002.86,910.23
1008233,106912,1,16,-63,-290,9704.2,21689.45
1002029,201094,1,10,-675,-247,367.91,1163.35
1008741,200644,1,1,-786,-839,7917.82,8505.62
1007409,200056,1,16,-564,-922,6237.9,9534.41
1006024,101785,1,18,-409,-167,21.34,16987.65
1009292,108290,1,18,-280,-220,3686.42,3062.35
1008788,106583,1,20,-39,-923,32251.26,4406.72
1006121,201872,1,2,-363,-637,11375.4,1055.53
1001854,108906,1,14,-31,-915,6955.26,1627.84
1008062,201735,1,11,-740,-852,8963.76,4418.84
1007177,107665,1,19,-552,-331,4686.87,1068.9
1008652,100427,1,3,-947,-101,64781.92,14182.44
1008161,200686,1,19,-232,-863,7201.85,5459.92
1003662,201045,1,12,-63,-56,18138.17,146.54
1004190,106282,1,22,-652,-266,4735.07,4790.15
1006650,100395,1,17,-124,-529,7413.53,2392.18
1005250,104622,1,15,-657,-598,5798.22,4451.25
1001128,106903,1,20,-819,-870,20081.51,2873.94
1005205,201059,1,2,-856,-167,18930.52,5567.27
1001011,100461,1,8,-714,-856,11556.81,671.6
1000972,105651,1,1,-421,-797,51.63,8628.99
1002719,101182,1,16,-464,-409,11289.93,3486.37
1009395,106870,1,20,-758,-324,6559.72,1583.99
1000360,109675,1,11,-339,-75,25652.63,9504.02
1000673,200219,1,7,-123,-264,1261.43,11884.43
1004566,100810,1,1,-39,-40,11599.82,12836.9
1002579,103166,1,21,-142,-545,3456.81,919.94
1008738,100930,1,22,-917,-487,5865.79,3431.07
1006890,100562,1,21,-767,-430,1682.66,14426.2
1009912,101840,1,1,-874,-953,15784.41,2971.43
1008537,109387,1,1,-621,-438,3048.45,672.39
1004191,103827,1,20,-586,-270,11470.14,625.68
1006076,103193,1,18,-718,-335,6488.66,5745.44
1005994,105562,1,17,-965,-807,32678.02,13090.56
1003943,104829,1,1,-135,-926,17018.03,5425.78
1000523,105360,1,1,-214,-478,13774.4,40164.07
1007349,101615,1,21,-217,-45,3016.56,6840.21
1001093,103847,1,4,-123,-545,40617.02,14043.86
1000486,200757,1,14,-371,-614,35115.18,6129.51
1005412,105287,1,12,-959,-967,4218.16,10528.74
1001128,106903,1,2,-242,-13,7391.05,6793.3
1003462,102197,1,12,-84,-604,6422.28,15215.18
1009982,102427,1,11,-400,-571,207.31,4379.79
1008963,102131,1,17,-887,-542,33196.26,7399.98
1003798,101180,1,21,-920,-973,3407.63,10177.18
1006277,103415,1,10,-493,-183,2291.15,2891.05
1000481,201188,1,18,-416,-848,8977.56,597.11
1006506,104024,1,4,-674,-964,18174.24,9077.13
1001315,104843,1,6,-627,-927,4144.27,5737.79
1006519,107354,1,2,-332,-554,25971.95,14226.51
1006126,104206,1,18,-558,-549,6307.86,257.72
1003722,103010,1,14,-617,-466,11024.39,17257.12
1006523,109782,1,2,-813,-737,18344.93,18549.72
1006087,103061,1,6,-796,-515,542.72,8486.71
1001829,109777,1,20,-318,-706,1166.67,3908.41
1007832,102844,1,5,-822,-445,11412.64,8382.09
1007400,200118,1,1,-638,-685,4367.11,7224.35
1005515,102948,1,2,-551,-689,1556.23,180.73
1006788,103455,1,11,-697,-828,26148.47,20249.58
1006314,105620,1,3,-173,-717,15406.45,2922.64
1003880,105948,1,1,-161,-254,9676.33,2438.55
1006509,107078,1,20,-172,-449,17457.63,1090.49
1007463,103428,1,8,-708,-812,1027.4,13302.23
1005977,108039,1,4,-420,-477,1068.99,6868.34
1009836,100119,1,13,-266,-705,8864.49,4073.84
1001655,101108,1,20,-71,-494,13384.71,21231.51
1006815,109420,1,3,-44,-745,209.24,14184.92
1007694,108461,1,17,-129,-254,12153.15,402.5
1003103,200563,1,19,-968,-906,75495.64,3453.51
1004395,104737,1,8,-205,-791,14172.5,5970.4
1006840,100612,1,5,-400,-405,14508.7,18042.93
1008088,102543,1,20,-414,-334,6019.15,21362.09
1006258,101655,1,12,-79,-297,7040.19,11380.88
1000738,101406,1,13,-735,-846,15077.27,639.1
1009750,103997,1,14,-667,-366,6286.59,5911.81
1006805,200720,1,11,-632,-386,16806.1,23114.09
1009257,104960,1,22,-216,-325,37908.77,378.85
1009932,106659,1,6,-483,-846,16668.03,2447.37
1009411,104962,1,15,-859,-168,13786.21,465.04
1006621,104144,1,12,-617,-228,10014.56,122.91
1001331,100986,1,17,-775,-644,3938.87,708.94
1008022,107608,1,11,-784,-316,5459.83,9032.64
1007124,109496,1,2,-877,-703,38726.32,21220.16
1005299,101232,1,22,-200,-106,19810.72,5608.58
1009843,101143,1,9,-547,-350,19258.67,8314.71
1009920,109830,1,2,-327,-567,1685.54,9212.71
1006599,107374,1,11,-948,-859,7095.06,32640.95
1009552,108210,1,6,-747,-733,7009.71,1787.71
1002920,105972,1,5,-960,-183,26275.23,5965.81
1000899,101872,1,17,-415,-997,2558.52,22430.27
1008930,104068,1,20,-250,-364,1320.89,24171.67
1008010,109487,1,23,-209,-534,3446.86,21006.4
1002434,102255,1,2,-105,-81,8509.52,22695.38
1007483,105397,1,10,-770,-444,1799.44,6365.44
1002016,201391,1,3,-971,-773,21102.52,578.98
1007763,200959,1,8,-459,-993,2272.37,41965.78
1003874,103943,1,11,-748,-267,1710.13,2195.87
1001478,109222,1,8,-739,-365,11957.51,770.28
1003099,201582,1,9,-782,-663,10848.76,48541.73
1002111,103966,1,7,-81,-814,20327.29,9268.42
1006950,107576,1,10,-135,-280,5643.36,5999.71
1002675,102374,1,18,-517,-512,5262.24,3930.31
1002042,107447,1,12,-35,-749,1274.84,9529.59
1002360,105257,1,18,-818,-954,2209.61,7391.16
1000088,108057,1,3,-105,-112,11776.82,13339.82
1008609,100939,1,22,-323,-551,864.63,28.65
1004202,103089,1,11,-871,-951,4045.0,11649.89
1000925,100750,1,2,-838,-108,2047.23,5958.56
1003138,109931,1,15,-506,-755,16250.57,2578.66
1006874,101982,1,8,-297,-30,1561.31,11221.35
1007615,107555,1,12,-806,-605,19170.58,21821.1
1008547,101958,1,2,-791,-217,7854.91,11338.16
1008394,107083,1,11,-481,-88,8928.4,423.77
1000639,100181,1,2,-38,-671,5140.74,5029.1
1009103,103171,1,5,-549,-559,157.88,15391.06
1006000,108449,1,4,-155,-53,10658.13,7422.78
1001431,103444,1,4,-437,-848,11724.49,4125.09
1008372,109368,1,19,-468,-660,4334.58,9806.26
1007095,200303,1,11,-817,-680,7234.88,6962.27
1002759,200907,1,6,-208,-699,6425.94,9563.85
1000409,101114,1,4,-391,-774,15646.08,12856.04
1003670,107340,1,15,-575,-211,2591.37,9196.11
1005583,100143,1,14,-146,-593,22064.01,4176.2
1005804,108099,1,15,-373,-397,15578.36,11220.75
1002547,106317,1,23,-990,-365,7646.99,13138.92
1009279,201546,1,12,-241,-923,514.59,16846.84
1009137,107642,1,8,-307,-524,11142.09,9063.76
1000036,101489,1,7,-387,-375,16996.82,6596.03
1002124,108795,1,8,-585,-901,2701.34,1959.65
1002397,107111,1,6,-356,-795,2850.31,1039.89
1007086,104114,1,3,-31,-489,8954.1,7181.22
1000930,105046,1,4,-304,-980,2596.48,2417.39
1002552,101077,1,3,-143,-22,227.32,51743.82
1003951,101819,1,2,-222,-134,1478.8,4034.36
1007432,103487,1,11,-146,-589,11570.98,6009.24
1005951,106045,1,2,-707,-388,8330.28,3532.8
1004961,200175,1,21,-157,-29,3576.7,47415.29
1006769,104409,1,3,-329,-720,6063.61,7535.62
1005164,201955,1,13,-357,-508,31849.06,18301.51
1003323,106393,1,9,-27,-411,838.76,10875.56
1000696,104120,1,21,-492,-143,15157.1,2520.71
1000924,201155,1,8,-769,-519,2958.07,37280.38
1004499,100165,1,3,-138,-283,4587.44,4503.1
1005973,101276,1,5,-697,-139,487.07,23249.37
1003008,100492,1,23,-802,-456,15088.39,724.17
1009447,200794,1,12,-369,-412,12928.09,1080.03
1004745,103082,1,22,-875,-840,4004.6,3236.03
1001148,105414,1,19,-365,-97,12707.11,29783.37
1009817,106949,1,2,-842,-907,511.69,10239.61
1002624,101300,1,13,-974,-516,1308.77,8514.08
1002617,104467,1,23,-917,-495,7361.09,10321.89
1004517,106549,1,21,-964,-242,68.43,6028.9
1004192,103273,1,22,-536,-688,6075.06,274.88
1009460,201337,1,12,-44,-367,11206.33,39990.96
1006589,201228,1,2,-50,-818,4409.51,8565.25
1002346,108707,1,1,-771,-14,1238.17,482.69
1003985,101410,1,1,-965,-66,5330.57,3914.29
1005256,104996,1,11,-909,-460,17823.78,14181.08
1001946,104767,1,16,-516,-78,12334.54,25058.62
1008201,102094,1,22,-140,-317,839.97,6143.75
1005139,200497,1,16,-363,-646,8326.83,29320.23
1001708,106709,1,17,-48,-273,9537.62,45970.98
1003457,102899,1,22,-904,-478,14786.6,3635.02
1008567,100572,1,16,-341,-185,624.21,7632.43
1005761,108705,1,5,-378,-662,8579.21,4390.48
1000052,201234,1,10,-966,-429,5485.39,2212.68
1006842,103396,1,23,-659,-327,512.49,13110.48
1000371,109245,1,15,-844,-755,26097.53,26169.39
1008336,100238,1,18,-594,-526,19561.05,6682.01
1001380,106606,1,9,-756,-413,7180.6,3905.37
1007496,109282,1,8,-271,-580,9384.97,768.56
1000639,100181,1,14,-532,-626,1970.88,674.15
1009114,106467,1,7,-798,-653,10724.46,35816.2
1002277,201359,1,16,-302,-552,3495.88,7826.84
1004123,102283,1,3,-764,-520,40185.38,670.51
1006998,103277,1,19,-183,-555,18795.77,15330.65
1002545,105818,1,17,-404,-62,14363.53,1897.28
1001146,104337,1,14,-137,-25,5318.34,8811.78
1009939,200639,1,6,-140,-396,1332.5,10325.0
1000966,101247,1,9,-120,-241,12821.49,16220.21
1002215,104025,1,3,-333,-735,6332.55,32467.11
1009163,100260,1,14,-873,-535,82.11,8263.37
1003890,105649,1,10,-159,-715,21862.34,1656.81
1003071,101861,1,5,-442,-741,1.22,10062.05
1007846,200151,1,14,-709,-437,727.44,658.85
1007934,101076,1,16,-384,-686,19091.32,10719.54
1007712,101468,1,19,-764,-10,629.36,527.43
1001538,201633,1,7,-97,-719,984.77,6889.65
1004391,104969,1,8,-81,-413,4152.81,649.38
1000308,102186,1,20,-702,-370,100.22,11748.89
1002790,201671,1,5,-528,-118,3229.27,9200.95
1001700,200184,1,5,-447,-674,13353.35,19235.85
1001027,103611,1,18,-664,-766,27972.5,6303.77
1007942,101205,1,5,-231,-331,26108.21,29027.93
1007268,102366,1,5,-998,-655,2641.92,4298.81
1009424,103671,1,18,-655,-448,8995.23,6330.06
1000155,109294,1,3,-433,-619,4499.95,42686.7
1001511,104126,1,9,-242,-923,23513.85,32762.7
1009526,100986,1,23,-226,-565,486.36,6500.21
1002385,104547,1,7,-598,-625,35296.48,4479.82
1002482,100112,1,17,-346,-876,988.44,9457.71
1005164,201955,1,9,-792,-176,291.18,47040.26
1009629,104491,1,8,-376,-271,6179.57,42603.89
1003848,100761,1,7,-832,-636,6317.03,3051.15
1001917,109561,1,7,-146,-294,1018.98,2273.21
1004565,200170,1,1,-472,-175,21332.43,19150.74
1002241,106237,1,3,-618,-682,22636.0,19905.69
1000354,104106,1,10,-190,-687,11893.64,9165.04
1009866,107785,1,23,-282,-81,10018.6,642.66
1005962,201808,1,15,-697,-677,1050.85,670.58
1009344,107296,1,17,-411,-232,2758.4,10810.72
1004137,200269,1,5,-291,-492,11822.92,24255.9
1000255,200931,1,9,-227,-223,1764.82,743.02
1003368,109273,1,14,-863,-641,328.19,10496.18
1005061,201191,1,21,-967,-143,442.77,6408.63
1003578,105916,1,9,-311,-360,3777.79,3849.0
1009714,107466,1,16,-950,-268,3378.57,16899.87
1005671,106410,1,14,-189,-463,9270.68,407.04
1000287,200234,1,4,-102,-912,443.78,8848.13
1000322,200347,1,21,-296,-607,290.41,33909.33
1006867,201185,1,17,-459,-620,2451.34,3755.71
1001140,108821,1,8,-85,-831,3896.54,33.23
1002689,201709,1,2,-616,-429,1061.49,14456.15
1003599,104580,1,13,-264,-746,641.09,76.88
1000784,100581,1,3,-665,-596,2083.24,5372.19
1000803,106580,1,20,-831,-987,16833.06,15967.43
1000533,103961,1,14,-498,-407,2064.33,12706.48
1002835,104677,1,2,-170,-511,3120.7,5122.89
1000226,100810,1,18,-850,-172,4175.29,1194.87
1004716,109717,1,20,-51,-46,150.58,9129.09
1000940,108534,1,6,-92,-730,2413.85,4226.74
1005208,106193,1,23,-899,-256,15802.5,3933.26
1004595,200224,1,23,-678,-310,1735.56,568.17
1004401,108866,1,13,-546,-971,10853.66,6977.09
1009068,100360,1,20,-570,-863,673.59,6571.61
1001788,108156,1,10,-959,-463,156.5,6000.8
1008790,103151,1,22,-317,-21,14091.99,30536.79
1003386,108927,1,10,-346,-401,2376.32,42707.31
1009413,107388,1,21,-598,-533,12735.43,9691.23
1008475,200819,1,9,-712,-25,2336.03,5814.66
1001499,101502,1,14,-518,-751,2394.42,5614.84
1005148,108440,1,17,-610,-861,6790.97,57503.0
1005146,106875,1,19,-674,-532,8685.4,20081.05
1004571,103307,1,18,-776,-979,19604.46,31900.06
1007085,103248,1,7,-889,-562,6059.18,1572.93
1003866,100689,1,23,-610,-37,120.38,28359.6
1005426,109641,1,6,-610,-368,12486.86,42975.46
1009259,103269,1,5,-309,-859,9.62,2131.23
1002740,108117,1,3,-571,-367,2999.57,14690.97
1001042,100361,1,7,-813,-252,553.2,29003.79
1008803,100024,1,1,-519,-718,3170.91,4710.15
1001680,102808,1,13,-880,-879,26818.62,14188.96
1003750,101091,1,5,-912,-629,7613.47,9531.43
1001430,105279,1,1,-192,-658,12965.62,6837.76
1003696,100223,1,13,-98,-829,4904.42,3069.25
1009249,100402,1,10,-660,-490,5288.56,22288.06
1000933,200538,1,6,-569,-206,690.26,15795.63
1003603,108079,1,13,-499,-562,1371.43,4713.62
1001793,106623,1,22,-792,-499,794.95,3871.05
1009993,103908,1,12,-989,-57,11865.07,6571.66
1009531,200055,1,8,-458,-26,7917.68,4528.12
1000586,100960,1,8,-577,-820,20161.14,5844.18
1008077,100447,1,22,-131,-32,3965.71,1284.87
1006834,103230,1,10,-445,-893,1939.78,3175.28
1005132,102782,1,2,-973,-523,4040.04,8261.14
1003010,108794,1,10,-171,-227,13258.61,14489.6
1000009,105267,1,3,-944,-644,1341.82,5997.38
1006032,101762,1,14,-353,-63,4254.52,17652.38
1002774,109236,1,9,-873,-25,1487.85,4317.96
1008114,100550,1,20,-95,-877,4805.43,1122.57
1009819,109702,1,14,-598,-983,1807.38,21484.18
1002979,201931,1,15,-764,-801,2807.44,8299.15
1003034,105867,1,10,-348,-357,20672.61,1803.9
1003347,104993,1,19,-169,-818,9940.04,17569.88
1002521,102563,1,11,-24,-576,18405.4,5275.84
1000068,108589,1,6,-275,-936,6407.14,10064.91
1009799,109588,1,4,-994,-107,2353.83,52129.53
1005891,106787,1,23,-528,-740,4034.38,1453.0
1003786,104453,1,20,-746,-584,14616.78,315.39
1005647,109789,1,15,-777,-75,8678.63,11847.18
1006931,101792,1,3,-179,-535,1554.01,3895.17
1004659,102719,1,17,-450,-606,5813.8,3400.19
1005516,104525,1,5,-139,-906,8147.47,6051.57
1008528,105920,1,15,-724,-29,5662.03,956.4
1007251,109068,1,4,-497,-210,4693.32,9071.63
1009605,200354,1,14,-96,-756,1247.71,3060.17
1008343,109098,1,9,-265,-564,11344.01,5127.25
1008945,100874,1,18,-525,-369,3137.14,4246.96
1008346,109383,1,2,-302,-398,15952.27,529.6
1000521,105700,1,19,-527,-979,14251.92,3533.55
1000968,102789,1,8,-587,-586,5824.25,1809.25
1003190,108947,1,15,-58,-606,4626.22,7367.65
1009399,107735,1,10,-290,-27,12619.09,13550.37
1001095,103379,1,18,-833,-898,12297.78,9254.97
1004404,104599,1,21,-867,-889,3428.15,8278.08
1008417,103475,1,13,-585,-122,18683.97,9861.51
1003093,201153,1,20,-208,-473,3967.57,2054.45
1005996,106036,1,17,-236,-453,5110.8,4572.66
1002666,108411,1,23,-244,-612,14710.01,1380.25
1006526,101229,1,18,-115,-854,857.14,20152.78
1001886,106775,1,17,-238,-190,1574.74,6575.98
1000328,104781,1,7,-121,-457,3080.3,29910.24
1001096,106358,1,5,-453,-367,1276.67,494.56
1005388,109519,1,3,-432,-485,3808.91,8926.94
1001976,201720,1,22,-806,-833,12389.84,7373.21
1004218,106104,1,18,-436,-279,639.99,10922.57
1001536,107755,1,23,-38,-399,540.85,3767.81
1001997,101947,1,17,-274,-998,69.62,6026.84
1002171,109789,1,22,-87,-351,7437.49,33580.65
1000459,105930,1,19,-534,-674,803.24,22186.04
1007637,102824,1,5,-24,-131,29069.76,10850.8
1002387,108042,1,8,-776,-866,18672.39,14762.14
1000493,104006,1,6,-37,-263,3901.44,9815.34
1001925,109969,1,21,-272,-539,5366.77,5895.18
1001739,102658,1,15,-420,-84,9172.01,7691.46
1007105,200431,1,12,-609,-127,6757.25,7894.89
1000672,108591,1,1,-700,-998,6539.22,883.47
1002444,108261,1,22,-601,-885,9516.12,581.75
1003136,109341,1,22,-495,-556,5804.94,15469.33
1004696,106790,1,15,-297,-44,20368.52,15900.47
1004877,102072,1,5,-410,-653,13650.79,460.34
1005471,104704,1,6,-660,-291,9219.1,20238.93
1006949,104041,1,12,-161,-554,13661.95,16986.9
1004752,106131,1,18,-911,-352,7092.28,6189.64
1006046,106622,1,16,-600,-851,17113.1,5467.62
1002804,106872,1,10,-981,-679,914.11,7768.18
1008300,100436,1,15,-326,-687,4691.45,3332.86
1001182,107157,1,17,-635,-803,17255.28,4808.54
1009537,100680,1,14,-687,-221,4102.74,5586.65
1007999,201526,1,2,-567,-655,7643.87,17973.9
1001799,104160,1,12,-465,-950,29027.26,15280.7
1002841,105637,1,9,-393,-45,2177.17,21156.39
1008754,104523,1,2,-383,-401,5179.48,22643.28
1004259,109069,1,12,-649,-393,9838.79,29218.51
1004436,103087,1,23,-652,-158,2940.98,5728.58
1004411,106610,1,19,-632,-273,4583.99,22914.86
1002231,106622,1,22,-571,-75,7480.86,7979.3
1006878,105003,1,18,-453,-279,14248.49,1548.74
1009016,100920,1,6,-505,-789,1431.15,7314.48
1005961,100331,1,13,-410,-612,4388.6,7787.2
1009976,104046,1,2,-23,-714,3664.21,19653.89
1009275,100396,1,10,-50,-27,4318.9,24117.19
1002523,105363,1,22,-792,-210,31742.76,10651.69
1007552,106065,1,16,-652,-795,10767.37,4297.22
1006657,109902,1,1,-684,-20,6441.94,17418.79
1006993,103135,1,4,-25,-762,1142.77,13797.2
1001146,104337,1,20,-922,-180,29071.74,6356.57
1001584,102647,1,13,-555,-785,1496.18,1640.83
1006280,201067,1,11,-831,-869,15289.83,10549.82
1009591,106325,1,2,-74,-985,6843.21,7503.63
1003823,106693,1,7,-677,-850,2059.09,15781.02
1005822,108818,1,23,-663,-236,17834.89,17264.67
1009952,102521,1,5,-361,-320,4178.89,926.66
1008477,103390,1,6,-978,-141,162.39,1580.31
1009216,104727,1,17,-879,-54,23955.7,5263.26
1000552,104917,1,22,-305,-248,418.18,5323.45
1002157,108720,1,12,-998,-99,10542.58,17455.27
1005890,102749,1,16,-995,-747,11181.98,6048.11
1001554,102289,1,15,-231,-77,5759.98,16073.11
1004974,104054,1,19,-38,-277,155.01,5434.31
1001874,105969,1,16,-925,-544,2782.53,5478.54
1004097,108036,1,22,-378,-208,4497.07,2140.11
1006183,108828,1,6,-850,-227,34633.68,3182.89
1006353,107419,1,10,-317,-261,2319.16,12515.77
1003159,101888,1,18,-265,-570,10841.08,32106.14
1008276,108549,1,16,-47,-829,6505.37,5117.49
1003865,108892,1,12,-825,-130,1729.45,3174.21
1008064,108573,1,14,-737,-897,8877.37,16914.76
1000427,107799,1,17,-693,-239,4263.88,494.63
1001338,201747,1,15,-759,-310,2014.2,3176.63
1005320,107417,1,18,-78,-211,16751.13,5723.67
1005073,109296,1,2,-477,-952,987.58,689.42
1005553,109541,1,8,-786,-777,4326.8,26577.75
1008806,107553,1,12,-415,-815,68.89,22087.33
1003920,105785,1,23,-971,-416,4687.03,4041.74
1001162,102877,1,5,-772,-932,24324.97,2395.33
1009221,107893,1,6,-74,-39,26416.14,7260.69
1003654,107023,1,12,-917,-289,3911.62,17844.2
1004137,200269,1,20,-345,-390,5381.54,1032.71
1009411,104962,1,17,-519,-225,7605.66,3512.77
1003278,103001,1,7,-696,-442,9163.47,4507.7
1003771,103528,1,10,-180,-71,5258.45,2196.44
1002024,201609,1,23,-290,-381,823.83,2861.72
1003203,109294,1,13,-272,-863,3465.04,10927.77
1005863,105857,1,4,-625,-952,2327.67,18782.69
1009859,107868,1,23,-859,-802,1766.06,874.89
1007915,107695,1,7,-202,-36,22376.08,1177.81
1008747,109012,1,4,-451,-242,129.82,3848.53
1008892,101717,1,4,-271,-404,2358.13,17824.51
1009233,102786,1,21,-891,-410,4613.04,13781.59
1004742,104428,1,14,-381,-985,1779.05,38593.13
1004804,200166,1,10,-11,-244,1896.43,3349.43
1008620,101757,1,17,-949,-370,6378.32,12634.01
1006645,103454,1,19,-757,-407,4392.47,19798.64
1002465,105420,1,1,-609,-699,3009.58,12441.55
1000527,109264,1,3,-40,-432,23735.98,9061.43
1000790,101932,1,13,-140,-120,4406.92,406.67
1003928,105020,1,20,-990,-486,200.16,33563.11
1004492,103148,1,15,-292,-914,12319.08,9452.85
1002615,100214,1,22,-446,-771,17601.91,13937.75
1008093,109384,1,9,-66,-964,18958.89,26675.47
1009075,108602,1,3,-941,-744,12232.07,227.41
1005781,200431,1,12,-358,-591,297.49,5323.29
1009475,101850,1,14,-491,-893,18943.52,9664.92
1002287,108954,1,17,-484,-311,117.62,9128.5
1009435,100932,1,1,-211,-643,27700.71,16387.26
1006421,105078,1,8,-433,-287,19026.95,15469.42
1002303,105284,1,1,-547,-255,9461.9,1387.94
1006354,102377,1,21,-331,-48,1512.71,6419.97
1009771,107463,1,3,-45,-527,6995.16,6637.81
1004370,100034,1,15,-262,-297,5131.65,6450.67
1004043,104112,1,3,-417,-332,9315.67,2382.59
1006707,106848,1,15,-262,-966,686.63,3139.02
1001550,200225,1,16,-861,-757,1585.35,12730.25
1008884,106917,1,9,-355,-369,26575.56,10243.68
1000522,103548,1,15,-335,-531,22387.83,18340.34
1004351,201099,1,7,-948,-992,6696.07,9935.07
1009639,100679,1,17,-496,-830,18204.33,8472.41
1002997,100606,1,19,-254,-728,37882.49,588.56
1007660,201712,1,23,-160,-614,2489.55,3704.18
1009336,106503,1,4,-755,-968,3169.47,76.82
1009021,107014,1,15,-612,-310,12856.4,6319.85
1004953,102248,1,21,-626,-244,426.86,21477.94
1001503,105583,1,20,-16,-363,6487.84,4465.57
1009517,107935,1,1,-909,-465,623.92,3348.67
1007614,108865,1,18,-198,-308,2040.81,9159.67
1006005,101372,1,22,-271,-810,3332.18,881.74
1003310,200724,1,10,-96,-965,7125.35,4067.71
1007241,108786,1,21,-128,-241,1529.13,654.07
1003465,109687,1,18,-617,-917,16804.25,8932.79
1007177,107665,1,16,-801,-902,4454.24,4069.59
1005053,108427,1,11,-573,-33,2278.02,12261.86
1001597,103577,1,17,-551,-431,2881.31,6541.71
1005207,201072,1,4,-651,-870,6000.6,3690.54
1004199,104904,1,2,-692,-976,5636.52,9529.89
1005099,104819,1,7,-337,-129,7566.77,6150.11
1006272,200731,1,7,-613,-652,3485.96,23063.24
1002009,107731,1,6,-722,-371,6215.57,10048.23
1003588,100894,1,12,-335,-630,1962.78,66.19
1006062,104445,1,5,-56,-131,1091.21,2953.19
1005899,101970,1,21,-122,-374,1993.49,3287.22
1001581,108162,1,14,-634,-717,6566.23,4418.15
1007565,105124,1,10,-12,-945,15589.91,5444.21
1006491,104540,1,4,-609,-995,16431.83,10478.41
1005566,201533,1,6,-831,-595,25903.59,8244.48
1004322,103853,1,11,-175,-749,36899.76,854.73
1009305,102669,1,6,-377,-448,5054.92,3104.22
1001709,102245,1,1,-328,-929,1885.19,10790.39
1001174,107065,1,20,-679,-437,318.41,3772.88
1006474,109928,1,18,-470,-924,10300.45,3977.27
1004672,107026,1,23,-772,-490,1048.53,2332.78
1009991,200056,1,23,-746,-829,19444.86,4807.69
1007208,109630,1,18,-495,-96,5267.7,22902.17
1001360,100495,1,12,-546,-450,3708.71,8587.77
1007713,107567,1,12,-744,-135,844.8,5796.05
1004840,101030,1,13,-941,-194,16863.58,2606.66
1009349,100399,1,13,-660,-405,10279.35,9429.02
1007585,107562,1,8,-348,-868,3663.9,3513.01
1009537,100680,1,2,-822,-284,369.6,241.32
1003175,201678,1,22,-196,-657,6629.54,2732.41
1006417,105202,1,17,-645,-686,13864.78,11427.8
1003076,108222,1,18,-446,-332,13036.13,29857.07
1009266,200031,1,15,-955,-881,12444.81,10139.95
1007326,100048,1,7,-948,-885,22315.55,3891.95
1008741,200644,1,17,-407,-220,16441.67,18795.17
1006792,201101,1,3,-406,-945,15041.89,1381.86
1005502,108047,1,8,-915,-961,16983.82,3082.89
1008873,200465,1,2,-823,-617,8077.3,4385.71
1004430,108317,1,3,-90,-591,11112.92,1249.4
1001934,100214,1,23,-339,-908,7036.08,1405.36
1007227,109324,1,8,-199,-692,4328.16,19388.14
1000783,105166,1,11,-880,-49,4976.28,923.33
1004785,101730,1,6,-546,-946,7219.89,4175.19
1007466,105358,1,18,-776,-263,18503.85,1087.75
1005274,103916,1,9,-419,-340,8927.11,2514.31
1002332,104109,1,11,-882,-194,2818.97,1130.94
1005967,105374,1,3,-736,-545,6026.6,14184.64
1001575,106721,1,8,-20,-686,5108.59,18255.24
1009908,103227,1,13,-842,-879,20847.36,19008.22
1006584,106752,1,21,-706,-302,1316.5,12330.56
1008330,105195,1,20,-276,-320,25337.93,16409.18
1004248,103954,1,7,-146,-275,18316.5,16314.07
1007347,108054,1,18,-780,-431,377.35,8092.01
1001862,105437,1,20,-827,-272,1886.44,16819.27
1008850,107166,1,22,-297,-560,8332.53,5983.25
1001356,101441,1,14,-117,-760,1120.7,29622.83
1008016,109986,1,10,-691,-608,41085.08,3624.55
1002053,109341,1,21,-683,-542,912.24,29278.33
1007077,102297,1,23,-240,-515,264.79,3256.34
1001301,102480,1,23,-309,-841,1677.85,9776.94
1003059,200057,1,11,-860,-712,18765.82,15060.62
1006508,105959,1,5,-250,-408,13309.12,9867.97
1007897,107906,1,3,-543,-298,12579.58,20255.53
1008751,107312,1,14,-138,-882,10572.96,9849.08
1008696,103672,1,13,-146,-634,18032.54,2722.31
1005097,102810,1,17,-836,-15,11083.28,4728.9
1002079,107421,1,5,-565,-682,19075.95,9526.7
1002761,106422,1,19,-786,-595,4935.31,2270.34
1000925,100750,1,22,-283,-764,2022.53,30689.79
1008242,100562,1,21,-380,-962,1842.78,18268.04
1001531,109612,1,2,-908,-63,2834.61,5572.69
1002630,107699,1,11,-771,-608,3702.73,19391.03
1002525,105024,1,2,-209,-312,20120.36,20695.3
1005644,104600,1,13,-578,-875,21805.66,32308.19
1005871,201395,1,13,-909,-353,28087.12,5074.19
1009719,104902,1,16,-387,-353,7822.05,1941.04
1003588,100894,1,13,-369,-460,27519.44,2213.04
1000867,201587,1,1,-272,-983,15635.25,15806.4
1002037,100127,1,3,-784,-169,10053.36,912.01
1007252,100317,1,20,-405,-441,1274.25,18274.27
1002836,104730,1,17,-436,-676,10837.68,557.79
1000116,108671,1,18,-794,-148,24143.4,1903.27
1004466,100715,1,15,-797,-201,251.55,8721.8
1006969,100168,1,14,-36,-429,10818.07,3539.78
1001171,200398,1,14,-753,-959,27669.6,30831.55
1007859,200696,1,17,-654,-512,859.77,9953.69
1006426,102632,1,7,-444,-777,4065.2,4802.06
1003715,101721,1,5,-557,-62,18041.78,4723.08
1001178,100615,1,13,-177,-570,28162.64,5729.53
1001712,201130,1,11,-651,-639,6327.3,10861.25
1000306,201668,1,2,-429,-838,9595.13,1439.75
1006247,109318,1,11,-947,-477,7291.62,5523.53
1009669,107999,1,19,-399,-613,7384.2,2123.25
1008205,107240,1,1,-927,-654,4309.89,15023.58
1005891,106787,1,19,-485,-14,2208.62,8674.32
1007150,105665,1,11,-854,-851,10861.76,2852.25
1008454,103618,1,17,-109,-142,5631.17,6387.85
1000867,201587,1,2,-637,-323,7577.28,1264.57
1001085,108983,1,18,-795,-567,18585.34,14771.51
1002181,109749,1,4,-78,-959,3759.83,15448.28
1002733,103256,1,18,-913,-601,12841.96,5844.35
1009982,102427,1,4,-738,-668,27461.12,7911.07
1003733,103875,1,23,-133,-125,3486.98,1495.89
1000736,100102,1,16,-652,-501,6682.17,3409.51
1008486,107146,1,3,-688,-410,17731.79,17753.8
1004533,109356,1,21,-176,-528,6545.68,100.07
1008218,107554,1,11,-630,-407,5316.87,21922.44
1001590,100134,1,17,-47,-624,39660.72,21003.98
1003896,105177,1,19,-197,-154,7061.3,19641.16
1000838,101541,1,1,-825,-933,1058.39,7492.64
1009720,105197,1,21,-988,-471,23915.17,25678.31
1004395,104737,1,7,-298,-436,2151.16,5866.59
1004817,201213,1,4,-628,-719,15750.84,37685.2
1001702,101448,1,17,-185,-125,11054.2,4348.42
1004727,108283,1,13,-793,-571,611.89,11198.66
1007254,106075,1,5,-575,-677,9001.74,10168.23
1005269,105060,1,23,-827,-275,279.74,14350.13
1006831,103313,1,11,-653,-281,1299.75,570.54
1001357,108692,1,15,-736,-952,7088.91,28177.56
1003510,103005,1,7,-323,-799,5783.38,13488.09
1000169,101759,1,2,-849,-369,17232.53,3735.49
1000422,109666,1,21,-856,-905,32479.0,37321.67
1007843,107045,1,5,-44,-611,8030.68,11627.23
1009787,101464,1,21,-344,-991,5556.18,5640.66
1001434,104678,1,15,-38,-507,23733.62,2593.3
1002756,106491,1,11,-105,-531,17308.45,1355.49
1004104,109605,1,12,-804,-362,210.13,1407.47
1008042,104442,1,5,-312,-563,3972.08,15453.55
1008187,105098,1,22,-617,-903,4428.79,9465.33
1001781,102905,1,17,-101,-294,496.42,5952.2
1000388,102534,1,13,-88,-550,743.24,3467.99
1000063,109033,1,11,-693,-973,13234.86,1691.22
1000270,109971,1,13,-787,-438,6158.67,2659.74
1005255,109728,1,14,-431,-731,2235.1,8917.63
1009853,103684,1,12,-983,-870,15663.74,7451.75
1002406,106191,1,17,-591,-847,2972.48,18312.45
1009911,104403,1,23,-816,-199,15251.61,507.63
1005455,108687,1,13,-989,-948,20270.89,2226.87
1001943,105102,1,9,-823,-104,10500.09,1830.25
1005602,104511,1,4,-759,-16,25501.81,7013.45
1001313,108538,1,11,-447,-196,6462.03,17114.51
1006291,201957,1,9,-806,-817,6915.11,138.54
1001673,108411,1,12,-12,-36,5718.2,4883.92
1002896,201005,1,1,-13,-551,1888.9,203.24
1003924,107949,1,17,-981,-250,2686.56,400.81
1009327,201733,1,14,-608,-578,3716.26,2461.36
1007453,108943,1,1,-55,-73,7081.65,11966.28
1003355,102363,1,2,-237,-248,31199.16,11327.79
1009869,100502,1,18,-790,-932,24937.6,1605.41
1001244,102193,1,16,-58,-128,5871.99,2945.69
1006649,101624,1,3,-149,-57,10970.11,1973.85
1009162,108003,1,6,-682,-410,7924.24,24077.73
1005251,102788,1,15,-67,-605,10659.41,7024.69
1004316,106916,1,6,-183,-101,8915.05,3216.92
1005421,101181,1,21,-490,-857,927.24,54175.46
1008125,106017,1,19,-857,-235,3879.01,11793.57
1003572,103810,1,23,-121,-145,3265.41,1162.2
1006541,100074,1,15,-741,-617,4677.92,289.02
1008092,102324,1,7,-446,-389,4670.12,10470.37
1009104,108155,1,11,-177,-996,92.47,12608.99
1002255,101820,1,10,-117,-151,4728.89,15420.61
1001674,104374,1,4,-889,-420,719.6,5053.83
1009596,103560,1,11,-960,-507,18727.46,19206.02
1009089,200127,1,9,-521,-880,12276.44,3111.24
1005846,107800,1,7,-727,-293,6228.75,122.01
1000140,100060,1,14,-269,-249,6391.29,2135.69
1003250,106768,1,22,-904,-902,18176.27,3222.35
1008343,109098,1,4,-166,-295,9264.73,14228.91
1006999,200130,1,5,-815,-875,6063.96,580.7
1006757,107611,1,10,-374,-990,1045.53,12504.94
1009469,109420,1,13,-984,-18,1346.17,28084.32
1002972,201482,1,16,-329,-532,19052.75,3875.19
1006536,105040,1,5,-432,-25,3216.43,11876.63
1007216,105963,1,15,-707,-670,46839.13,2269.95
1000192,106569,1,20,-731,-224,33531.31,10946.85
1009277,100709,1,14,-521,-431,10874.81,12919.86
1008847,109026,1,7,-949,-830,29249.02,5495.16
1009248,101864,1,14,-656,-999,10316.32,3256.55
1007195,200520,1,2,-39,-75,21596.2,11139.78
1006871,106515,1,23,-449,-790,748.14,7643.24
1006386,104221,1,21,-558,-224,6921.96,2641.06
1003355,102363,1,11,-46,-862,1492.0,13037.46
1005861,101893,1,5,-595,-246,4881.89,11977.34
1005398,101619,1,21,-852,-68,12836.07,7980.44
1007410,200764,1,1,-642,-444,20894.78,955.33
1002526,105988,1,7,-103,-605,197.01,14790.1
1000360,109675,1,20,-271,-284,4432.97,592.23
1001292,100334,1,21,-663,-106,32526.21,4062.75
1005660,107954,1,3,-693,-810,1259.66,5783.17
1006322,107893,1,16,-290,-175,9401.14,6896.95
1005405,103193,1,1,-545,-803,5250.62,17787.6
1003777,201092,1,20,-372,-94,5092.9,54.06
1008315,200383,1,18,-827,-163,4139.54,2447.66
1003313,104747,1,6,-174,-781,20745.72,4509.51
1008651,101518,1,15,-959,-781,716.49,3599.98
1009773,100514,1,4,-661,-624,11528.25,9006.34
1007002,103981,1,9,-869,-496,20365.44,2984.93
1003238,101883,1,17,-978,-718,7791.91,9422.91
1001598,107965,1,18,-705,-375,12150.64,40884.3
1002001,201613,1,7,-299,-886,34432.66,9228.94
1009658,101283,1,13,-270,-216,16489.53,4323.03
1006745,107690,1,9,-766,-609,15822.34,54362.28
1003284,109124,1,18,-420,-418,24027.26,10795.11
1003052,108400,1,3,-192,-459,7990.02,5587.59
1006532,102000,1,19,-601,-45,1976.74,5887.23
1007047,102847,1,12,-362,-807,23414.1,7130.56
1003416,102650,1,9,-743,-859,5695.84,3613.65
1007252,100317,1,15,-940,-881,10450.06,11749.48
1003824,103130,1,14,-578,-822,4886.49,358.91
1006342,200379,1,19,-307,-265,10844.82,6383.88
1001034,102457,1,23,-238,-250,1913.44,2356.59
1004129,103365,1,14,-896,-752,4927.77,5180.54
1000902,109200,1,20,-832,-197,89.29,310.67
1007436,108449,1,1,-784,-609,4037.14,12777.07
1005402,101678,1,11,-634,-606,7275.39,138.22
1000928,106089,1,8,-669,-582,18252.11,411.59
1000022,100666,1,12,-211,-377,798.97,4072.69
1007350,200581,1,11,-988,-550,5478.26,2830.09
1006962,200052,1,8,-661,-172,4854.23,1610.08
1005841,200790,1,11,-527,-282,30861.92,18038.47
1004883,104735,1,23,-201,-177,1518.52,22314.8
1003020,104105,1,3,-15,-61,8423.27,25618.84
1001215,100794,1,5,-725,-897,728.44,17426.41
1008838,107298,1,18,-367,-374,24373.58,859.59
1008183,103575,1,9,-115,-899,11242.13,6564.05
1008044,108103,1,10,-471,-465,3825.36,7121.65
1005621,101547,1,16,-608,-790,33998.76,1200.1
1001627,102135,1,21,-404,-557,5661.38,13798.26
1004453,102453,1,19,-799,-793,9363.2,8.38
1003806,102563,1,21,-201,-196,266.67,7081.85
1003417,200494,1,3,-75,-280,1987.91,7961.16
1006479,108873,1,22,-527,-76,757.23,20002.09
1007092,106363,1,15,-603,-377,17880.87,1162.72
1005366,108863,1,14,-671,-176,11241.35,14490.63
1005297,100684,1,5,-396,-241,215.74,20440.61
1006126,104206,1,16,-602,-640,1376.2,1187.75
1001521,104325,1,5,-712,-845,6213.34,31675.35
1003897,106164,1,3,-772,-755,1057.37,6870.03
1008190,108713,1,18,-275,-125,3634.66,54770.23
1009392,106278,1,18,-644,-640,5038.01,4512.08
1005531,201433,1,20,-575,-742,8647.71,12809.31
1008724,201818,1,4,-756,-719,15407.83,17980.95
1002770,102649,1,13,-353,-28,1019.22,5694.66
1006512,200711,1,6,-226,-252,10166.56,7834.43
1003321,200632,1,5,-162,-836,634.98,34528.44
1005207,201072,1,15,-39,-307,1547.6,15275.65
1002525,105024,1,22,-606,-241,4872.81,3471.18
1001963,101232,1,2,-121,-277,23222.77,10319.2
1001435,106129,1,14,-538,-760,5326.81,18530.12
1000856,201157,1,8,-365,-281,15400.38,10338.74
1000186,103555,1,23,-174,-755,4317.93,6754.12
1003710,103970,1,19,-73,-852,4096.69,4743.37
1003459,106207,1,16,-719,-459,18456.75,7774.6
1005939,201423,1,12,-783,-831,253.44,2145.22
1000216,100197,1,10,-937,-487,3324.59,16002.13
1005017,108847,1,11,-171,-284,30554.48,10636.54
1008373,106156,1,9,-586,-671,7751.88,16561.1
1001110,101179,1,23,-832,-819,7657.4,1901.39
1000820,109422,1,5,-471,-128,7633.52,37672.77
1008193,109017,1,11,-744,-643,8850.23,1676.87
1007622,103915,1,7,-298,-83,9375.63,6785.12
1008434,105017,1,21,-680,-757,1785.43,11494.41
1009953,104216,1,18,-513,-689,27068.3,18181.87
1001539,100799,1,18,-538,-795,1341.6,7011.36
1000938,100214,1,14,-367,-774,1247.69,19648.82
1001120,107541,1,13,-900,-37,20.13,12090.4
1006003,106577,1,2,-780,-297,4384.96,11447.74
1005836,101437,1,19,-126,-260,9906.44,4206.07
1005553,109541,1,5,-562,-244,295.61,8470.85
1003192,105584,1,17,-788,-835,9228.64,7465.31
1003726,100067,1,4,-676,-666,1661.04,18443.66
1008313,103727,1,19,-199,-74,20894.38,4744.38
1006721,104434,1,13,-630,-988,2909.83,1732.92
1002113,104335,1,20,-973,-146,5118.41,14005.66
1007733,107666,1,22,-402,-830,8590.75,12239.24
1006046,106622,1,17,-139,-836,1104.08,4524.96
1009757,107696,1,14,-783,-515,17033.03,6214.44
1007455,103917,1,13,-966,-767,2409.71,6275.52
1005729,109961,1,17,-819,-911,11751.9,3628.84
1003351,105030,1,6,-984,-815,3394.68,15137.54
1003256,100398,1,4,-131,-488,5398.43,5883.93
1008176,109873,1,15,-69,-870,18239.53,31899.34
1005648,103591,1,22,-54,-953,6190.85,6051.37
1008370,102247,1,6,-648,-876,3643.37,15130.4
1001244,102193,1,17,-461,-636,20830.01,4799.32
1004929,105519,1,6,-661,-808,8105.43,13228.2
1004313,106242,1,9,-43,-953,12992.18,15774.78
1004428,100659,1,7,-890,-911,903.92,13280.94
1006746,200910,1,14,-118,-722,7429.84,2752.0
1005033,100466,1,10,-664,-885,335.84,7225.9
1008785,200714,1,11,-68,-397,3082.4,14089.26
1004074,201179,1,8,-780,-609,1631.75,9725.56
1007462,100187,1,1,-40,-881,5709.4,32250.18
1009697,107429,1,16,-98,-520,1730.96,3222.25
1003745,104843,1,19,-757,-641,303.97,797.5
1006308,107150,1,10,-447,-182,13613.76,15246.64
1002947,103128,1,21,-982,-692,6295.5,20218.66
1002076,103108,1,7,-858,-73,5357.11,1959.42
1000960,108362,1,22,-192,-245,13760.16,1945.65
1009330,109138,1,5,-613,-820,9441.18,778.51
1002644,102327,1,18,-277,-367,1135.56,25266.29
1008944,107693,1,3,-796,-914,13467.11,7167.65
1003740,200181,1,12,-530,-831,25726.15,232.8
1007355,103136,1,14,-599,-497,10881.07,999.27
1005812,103709,1,3,-37,-556,18150.36,11504.4
1008763,103679,1,19,-155,-15,10988.34,36256.99
1000123,108909,1,3,-732,-28,14249.5,6490.4
1002494,107417,1,8,-504,-932,1888.58,7984.69
1005143,109865,1,2,-715,-217,266.41,16600.36
1007710,100335,1,18,-552,-677,309.44,1915.9
1000149,201437,1,7,-203,-994,272.31,499.88
1007832,102844,1,22,-269,-240,9401.24,6973.41
1000461,106885,1,10,-481,-523,4674.69,14793.54
1005711,107504,1,15,-24,-743,18422.82,8516.99
1008290,101385,1,10,-559,-871,24070.14,6457.81
1002467,100562,1,22,-344,-337,236.97,4632.0
1009914,103870,1,23,-17,-558,6806.61,23153.43
1003073,108918,1,20,-77,-143,15145.38,12853.12
1004486,201530,1,16,-744,-993,22980.09,6232.04
1007312,104034,1,7,-530,-12,2256.5,8846.92
1007599,105641,1,14,-929,-883,6636.26,11222.36
1008009,102014,1,17,-392,-647,9943.65,22554.38
1002302,103562,1,16,-687,-948,11085.37,29053.65
1009431,200599,1,5,-841,-821,12513.17,1943.99
1006698,201386,1,14,-78,-547,12050.77,20800.83
1001462,201089,1,7,-58,-960,7701.96,31668.04
1009057,100870,1,10,-694,-298,25114.14,8778.68
1003037,200565,1,20,-754,-588,19700.68,10449.4
1004918,104918,1,6,-259,-373,2302.1,8738.78
1000700,105195,1,11,-202,-475,10007.12,3355.24
1006908,104434,1,1,-31,-483,8818.09,2252.23
1000303,201181,1,19,-384,-253,2368.94,29934.9
1000117,104073,1,5,-448,-385,980.32,4448.74
1009177,109563,1,13,-649,-24,12694.68,13748.55
1004803,201538,1,1,-38,-298,18695.02,23504.35
1000347,200985,1,12,-260,-574,12096.96,1517.75
1007802,109412,1,4,-584,-800,5020.58,6442.4
1003909,109504,1,7,-253,-356,6714.38,4719.57
1006800,101011,1,7,-182,-596,19412.78,2774.15
1006307,101958,1,15,-385,-805,2017.76,5496.29
1007748,200296,1,8,-508,-851,16393.43,15791.86
1009033,108778,1,1,-32,-988,8303.92,14418.75
1003134,104152,1,13,-899,-790,22558.44,24572.51
1002561,100219,1,8,-883,-960,1731.87,4959.14
1008108,104966,1,1,-559,-689,9507.84,6684.54
1009487,106544,1,11,-738,-498,20550.23,3085.37
1006829,109389,1,7,-443,-287,11615.9,9359.46
1005744,107467,1,16,-43,-645,18471.74,4290.37
1009181,101059,1,1,-350,-375,11684.03,19540.18
1007515,102783,1,6,-991,-826,919.31,12052.01
1001005,108999,1,12,-996,-308,21631.97,4619.46
1003002,107730,1,21,-110,-994,5236.4,13467.71
1003421,101024,1,6,-745,-426,28813.8,11971.39
1007389,201691,1,10,-143,-507,1681.57,13819.14
1008938,101137,1,9,-991,-267,11630.93,3835.14
1006474,109928,1,4,-699,-515,2346.86,732.93
1007256,103520,1,12,-352,-417,1520.04,4622.73
1005824,200916,1,9,-573,-583,39450.03,10058.56
1008294,106887,1,8,-747,-100,105.87,16108.52
1006786,108004,1,9,-309,-552,15247.31,17904.04
1000997,101908,1,21,-634,-587,6538.91,6042.41
1007174,106084,1,18,-745,-492,16514.23,3442.68
1000000,103098,1,11,-806,-514,1147.51,13257.36
1001075,100320,1,18,-686,-638,3743.26,4460.8
1009769,107455,1,13,-474,-707,2328.71,8593.55
1004810,100535,1,20,-230,-189,2488.68,33872.97
1005769,102409,1,19,-254,-170,6846.01,5115.63
1001268,101531,1,16,-621,-754,20336.45,11317.37
1000796,105430,1,19,-110,-415,5203.2,9456.95
1000487,200758,1,1,-62,-845,24932.88,10764.23
1001561,108352,1,8,-716,-344,1340.17,1732.39
1004920,104077,1,18,-887,-393,21392.77,10455.97
1005172,103855,1,1,-539,-134,12026.94,3186.92
1002122,104604,1,3,-804,-189,15658.2,11310.18
1003283,102777,1,8,-374,-735,53610.54,6356.01
1001988,102666,1,21,-351,-770,3092.08,8472.17
1005655,107611,1,12,-374,-519,9315.07,2450.74
1006795,109974,1,19,-701,-110,28680.63,9545.61
1001997,101947,1,19,-956,-257,3761.49,25770.07
1007090,106964,1,8,-934,-293,7665.03,1400.39
1009065,200573,1,15,-707,-378,35442.72,2737.81
1003853,102770,1,4,-832,-273,586.37,4126.12
1009968,107601,1,9,-848,-353,6993.17,106.07
1005613,105096,1,12,-682,-49,2526.26,264.23
1007721,103016,1,6,-919,-987,3813.76,12604.38
1003116,105540,1,17,-49,-445,7586.48,11703.0
1004849,100962,1,3,-275,-97,7193.64,661.16
1001775,103666,1,17,-964,-90,4860.86,16252.05
1001745,102078,1,8,-145,-678,988.76,334.39
1004590,107561,1,7,-639,-993,3274.36,7244.64
1005922,100190,1,23,-382,-348,3855.21,4030.23
1004324,108715,1,3,-856,-215,17825.04,10701.25
1003286,108286,1,19,-159,-16,18909.8,21890.38
1006868,105424,1,20,-683,-486,2396.96,11213.48
1006438,104645,1,7,-441,-200,7460.13,5073.42
1004170,103088,1,11,-377,-417,4894.58,1976.46
1009853,103684,1,14,-486,-253,4130.95,29238.26
1002393,201628,1,13,-365,-280,13957.88,12014.66
1003857,109542,1,5,-296,-60,8177.29,2330.37
1004253,201281,1,2,-446,-81,22433.06,868.34
1008000,105822,1,4,-618,-780,2009.02,17800.6
1009490,200498,1,3,-296,-50,3214.35,5326.31
1003971,201329,1,11,-306,-685,11969.53,2728.28
1001609,104550,1,4,-146,-506,35305.31,7632.28
1009221,107893,1,23,-144,-839,37583.21,5677.25
1003522,201277,1,18,-959,-853,19531.08,6102.41
1006384,108986,1,16,-854,-718,3637.06,1855.83
1000372,102164,1,19,-63,-970,8626.99,4391.42
1009574,107996,1,8,-969,-128,2570.0,10471.94
1006281,201114,1,2,-894,-534,3369.14,8840.32
1002513,107329,1,16,-694,-432,13379.13,3015.03
1005114,104851,1,3,-45,-407,16191.27,19652.42
1009470,100278,1,13,-969,-957,14644.95,22348.9
1004332,100027,1,3,-483,-166,1761.15,326.86
1005502,108047,1,18,-83,-122,6587.53,4555.07
1009300,105628,1,19,-330,-217,8332.91,4346.51
1006542,106351,1,22,-755,-188,8706.82,35819.49
1003221,101088,1,5,-765,-517,3494.66,22773.66
1007893,105794,1,18,-659,-250,24750.87,4757.23
1000975,108955,1,8,-250,-789,15192.1,8773.82
1001708,106709,1,21,-462,-638,5561.86,47331.83
1002133,200690,1,8,-989,-236,31776.21,10422.42
1008573,100532,1,14,-345,-919,13902.05,10575.65
1009713,201629,1,6,-36,-883,10616.59,4298.0
1003749,109690,1,22,-55,-724,17604.67,273.19
1005953,201544,1,16,-922,-684,3593.44,5708.54
1002426,106425,1,9,-881,-434,50.15,6997.04
1005044,101598,1,7,-148,-809,6748.11,8205.14
1003093,201153,1,22,-265,-357,19592.13,8313.77
1008654,109291,1,14,-248,-604,2816.78,9804.98
1007387,108882,1,14,-299,-987,3218.01,32531.91
1003864,201124,1,15,-518,-500,1364.31,2027.83
1002159,101587,1,7,-956,-425,3854.08,6214.78
1001622,107995,1,16,-648,-803,3136.98,9662.62
1004569,109747,1,6,-911,-653,9139.32,31381.38
1004034,200198,1,3,-102,-366,3923.81,15220.84
1002336,103487,1,23,-148,-746,233.16,10413.51
1001779,103603,1,15,-974,-640,1581.31,18195.18
1002819,101456,1,13,-861,-867,4737.14,797.31
1000613,109397,1,20,-971,-601,14256.69,11636.1
1006248,105554,1,8,-877,-42,11051.79,9887.51
1003659,101701,1,22,-50,-215,29471.98,628.42
1001993,103331,1,19,-638,-280,2145.9,16243.82
1008436,105148,1,7,-819,-372,10664.59,329.76
1003814,101279,1,13,-794,-287,16092.29,2574.42
1002972,201482,1,3,-947,-711,3686.23,2683.62
1009548,200711,1,23,-92,-652,2576.21,26446.72
1007798,108024,1,16,-291,-641,33766.9,5132.58
1009681,200322,1,10,-307,-514,3068.62,10119.36
1004121,102946,1,13,-54,-766,286.42,2835.77
1004825,102355,1,23,-169,-251,7669.9,16877.89
1000636,201216,1,9,-134,-174,3081.01,12658.78
1008910,100677,1,14,-515,-710,258.25,20858.62
1004271,109019,1,15,-444,-636,7386.1,3230.87
1004062,102835,1,21,-73,-32,4417.36,6130.7
1009591,106325,1,7,-506,-659,32176.98,8040.39
1005954,106248,1,23,-453,-403,12517.42,26882.56
1004703,103015,1,18,-226,-46,3578.38,10110.25
1008726,108912,1,8,-956,-150,2736.17,19199.85
1006567,101260,1,11,-690,-745,23158.41,5845.23
1004804,200166,1,14,-615,-800,14496.95,3818.22
1007397,104617,1,6,-620,-30,15580.3,2180.84
1009968,107601,1,14,-138,-473,50926.75,4318.59
1001804,105810,1,20,-539,-814,10595.84,48396.67
1004764,102125,1,12,-391,-490,10292.7,34.96
1008537,109387,1,23,-965,-644,3623.13,4770.92
1009040,102293,1,7,-503,-684,14855.26,100.13
1007619,109252,1,2,-844,-72,2197.94,5181.31
1000281,107943,1,9,-394,-737,21791.37,47123.09
1009109,100124,1,5,-208,-479,8176.75,1146.27
1009263,200623,1,6,-935,-941,7911.51,14580.7
1008668,200522,1,18,-492,-418,6673.12,10115.44
1002054,106960,1,12,-113,-120,12631.16,19926.67
1007527,201100,1,12,-409,-826,14686.82,27306.04
1008276,108549,1,9,-989,-492,44645.86,18050.05
1005908,100746,1,7,-489,-290,13699.29,2772.68
1004783,201674,1,23,-78,-976,141.92,10778.64
1003014,108414,1,16,-569,-423,25965.78,20587.87
1002214,109525,1,20,-912,-388,13055.48,681.7
1003870,201155,1,9,-183,-613,257.46,21644.26
1001603,108097,1,14,-801,-84,4467.74,26664.65
1003046,106125,1,8,-950,-494,11722.7,15575.33
1007493,101866,1,19,-382,-845,11062.08,11649.46
1009170,101481,1,4,-903,-501,1810.98,34204.96
1009151,103186,1,20,-821,-289,2530.46,14494.16
1007054,104730,1,9,-90,-829,17881.11,3006.33
1000777,100394,1,8,-832,-518,3290.35,5799.56
1004195,109474,1,19,-796,-45,3741.11,29285.04
1009660,108684,1,1,-654,-35,4938.57,17879.22
1006330,109342,1,20,-463,-391,3968.59,3070.1
1006602,101403,1,9,-653,-767,6926.45,4050.66
1001595,101384,1,9,-338,-558,18882.76,6912.36
1004494,104491,1,18,-925,-223,1924.41,3351.51
1002057,100899,1,20,-39,-650,672.28,366.16
1009226,106933,1,1,-678,-969,874.62,7920.98
1008518,100128,1,9,-896,-204,4012.35,20810.84
1000565,109255,1,15,-886,-407,32780.88,1047.91
1000237,102307,1,9,-181,-80,11925.36,3652.42
1003316,109108,1,18,-21,-278,6276.85,9942.59
1001367,108681,1,15,-684,-122,10127.67,22749.26
1002512,104944,1,4,-866,-198,1305.4,5187.54
1008654,109291,1,13,-287,-943,11327.48,1250.99
1001864,102888,1,21,-672,-114,4434.03,56455.9
1006263,108896,1,12,-395,-521,7758.57,9853.5
1002604,106463,1,18,-53,-970,4341.03,31245.52
1002188,103220,1,2,-707,-347,6701.67,3789.93
1005387,109764,1,3,-699,-229,1858.47,14465.4
1006339,102749,1,4,-315,-475,17577.72,3316.58
1008974,105803,1,17,-840,-560,12478.16,3065.53
1001077,201455,1,21,-507,-878,4885.86,4356.63
1002342,109070,1,18,-232,-641,1445.15,5271.01
1006107,104791,1,14,-673,-513,37659.81,1034.39
1003788,108796,1,16,-25,-820,1635.46,7621.34
1003355,102363,1,5,-878,-104,18748.56,4862.3
1009540,102322,1,6,-53,-799,9272.23,10424.92
1004499,100165,1,10,-962,-164,3841.47,18750.45
1005373,101776,1,23,-573,-12,702.85,4443.63
1003773,105793,1,9,-819,-381,11744.95,3888.78
1000479,104561,1,14,-388,-411,2622.96,5261.65
1003625,104734,1,4,-452,-307,15582.81,19277.98
1005140,107226,1,4,-472,-666,1047.23,1001.86
1007317,101402,1,20,-739,-813,15092.55,3463.65
1008298,106276,1,4,-628,-875,28955.21,16359.75
1000616,100835,1,6,-78,-605,16125.17,9124.89
1001591,103097,1,2,-400,-792,1210.99,911.03
1002343,105492,1,4,-249,-935,3372.57,14617.09
1009176,200761,1,21,-269,-696,7230.05,3760.04
1002842,100046,1,23,-982,-829,3355.16,4131.9
1009552,108210,1,16,-443,-34,11721.45,7363.26
1002442,107126,1,15,-312,-448,2802.35,4316.12
1006117,104401,1,5,-330,-941,7643.32,13207.8
1000116,108671,1,6,-650,-14,4520.42,13588.19
1005085,109709,1,11,-945,-269,13806.23,2609.94
1008641,109481,1,1,-77,-931,899.11,2303.76
1003199,200126,1,22,-59,-818,1599.05,809.39
1001955,104447,1,17,-423,-564,23170.78,2362.82
1005456,100208,1,8,-545,-199,15194.18,6258.91
1002683,101726,1,8,-284,-129,16648.18,5477.81
1002968,103642,1,7,-280,-431,22382.62,3323.51
1005755,200242,1,6,-236,-76,33063.1,8895.46
1009547,201893,1,3,-311,-607,8722.65,26915.92
1008172,200636,1,11,-576,-368,6182.85,12083.54
1005253,105441,1,19,-211,-373,20970.66,14799.91
1001280,102451,1,1,-41,-179,13925.25,8284.17
1002760,200448,1,21,-528,-770,4122.02,6756.59
1007254,106075,1,21,-73,-663,17394.68,9845.17
1006193,201678,1,14,-778,-874,3111.8,21830.69
1000289,102331,1,11,-609,-285,2705.95,1867.78
1002577,200430,1,12,-273,-777,10007.39,5112.51
1008251,200819,1,23,-55,-786,25531.22,8248.53
1002229,107363,1,3,-332,-74,15872.57,8636.73
1007493,101866,1,23,-371,-350,323.69,33966.38
1002000,109916,1,2,-563,-311,2971.22,1085.2
1006303,106583,1,10,-559,-759,620.82,4161.93
1008806,107553,1,7,-137,-671,8488.24,6197.62
1009097,101158,1,14,-130,-628,7459.24,7050.33
1000339,100388,1,23,-218,-536,7843.1,17323.95
1008401,105652,1,3,-174,-740,9620.69,7427.21
1002394,101040,1,2,-509,-852,7773.23,642.34
1008812,109704,1,23,-222,-523,10066.81,2919.58
1000255,200931,1,1,-892,-486,2308.58,4976.69
1004492,103148,1,13,-171,-138,19878.13,14113.97
1008388,104514,1,9,-421,-271,31578.37,15178.89
1003994,104281,1,20,-161,-57,9625.13,55685.51
1000689,105541,1,11,-723,-72,5526.65,1482.49
1004643,108046,1,2,-57,-219,11044.53,3499.55
1001507,101730,1,16,-647,-913,3144.96,6777.56
1006053,105986,1,4,-629,-156,8256.62,3646.99
1005294,104171,1,14,-194,-98,9898.31,933.13
1009684,109561,1,6,-427,-472,8072.5,3681.06
1004497,109004,1,22,-825,-581,13471.44,4077.56
1001400,108232,1,6,-799,-991,2417.72,4048.76
1005706,101377,1,13,-902,-391,3862.27,29120.65
1001847,108289,1,20,-322,-276,27351.56,9238.36
1000280,201878,1,7,-319,-176,324.4,12994.51
1001190,100403,1,15,-543,-440,7825.74,890.86
1005677,109535,1,4,-563,-794,446.62,2206.45
1001566,101833,1,14,-354,-219,4565.36,1949.61
1007276,108387,1,9,-616,-737,10233.07,15432.86
1005706,101377,1,19,-259,-700,5422.48,1578.41
1009758,105443,1,8,-553,-661,12969.72,19165.81
1002074,108334,1,2,-206,-841,23782.13,1665.93
1000448,201186,1,2,-224,-785,6832.62,10019.84
1002471,100842,1,2,-157,-526,17508.09,3368.75
1007391,200975,1,4,-612,-304,7701.58,4957.33
1007757,201314,1,12,-367,-719,788.28,11099.85
1006671,201909,1,1,-903,-482,25316.55,1655.57
1000968,102789,1,12,-312,-145,7780.54,7557.91
1006552,107171,1,6,-329,-734,5317.72,15956.97
1009971,108090,1,10,-845,-147,2267.7,712.25
1008674,200947,1,19,-215,-657,492.08,12243.97
1006124,101948,1,17,-248,-801,2183.1,1975.58
1003365,105864,1,12,-933,-458,21734.82,4296.08
1001395,100530,1,2,-427,-504,15779.24,3594.98
1004839,102709,1,20,-857,-347,2829.58,8834.93
1006632,200686,1,3,-927,-459,10425.61,6836.23
1008215,200848,1,4,-130,-598,27332.71,5746.99
1002678,101744,1,15,-750,-568,5196.48,8521.1
1000412,102266,1,12,-525,-397,1419.57,22740.98
1009199,106778,1,15,-967,-622,12862.75,6371.78
1003608,105686,1,18,-285,-53,10406.42,7220.53
1001935,109173,1,23,-260,-779,11967.63,4382.06
1005050,105608,1,16,-850,-985,2677.82,6176.94
1003456,106653,1,2,-804,-444,17224.97,10879.97
1008593,201342,1,15,-831,-75,4063.63,17568.27
1006611,101176,1,8,-549,-870,7455.93,497.44
1003687,104319,1,12,-698,-943,38544.69,3103.29
1003129,101472,1,11,-830,-894,28426.81,863.07
1004712,107109,1,4,-797,-574,4661.39,645.33
1006193,201678,1,10,-118,-248,18070.9,6756.87
1001892,103982,1,20,-336,-375,25144.13,11746.37
1008324,107945,1,15,-534,-964,5448.28,5310.8
1005792,106521,1,1,-819,-77,1497.0,976.91
1008747,109012,1,12,-257,-78,104.44,4723.98
1009080,105355,1,10,-921,-608,3206.91,614.71
1008865,109424,1,13,-343,-967,2625.91,6270.63
1004866,105409,1,19,-896,-904,11257.92,15727.75
1000638,105178,1,3,-125,-176,3535.04,12329.69
1002427,106220,1,11,-221,-433,10314.9,18710.23
1004193,109727,1,1,-796,-856,9548.37,722.45
1008642,106864,1,17,-164,-198,2751.58,15087.61
1003439,100157,1,16,-489,-736,4683.46,15042.22
1003986,200425,1,20,-676,-736,2787.27,9962.2
1009684,109561,1,10,-851,-324,27697.0,6313.01
1006832,104370,1,1,-445,-176,4271.61,177.33
1007509,107623,1,11,-731,-674,2309.53,8984.54
1002487,107857,1,12,-159,-576,2745.61,12401.9
1005251,102788,1,17,-416,-511,10548.46,11204.26
1006005,101372,1,22,-936,-312,25620.53,12690.84
1009686,106843,1,7,-930,-210,9018.21,8117.46
1000992,106246,1,20,-696,-76,1540.39,5019.44
1000083,101527,1,14,-156,-168,25472.76,5441.47
1004091,200285,1,23,-989,-335,163.89,50527.01
1008823,109747,1,12,-555,-294,855.97,12099.9
1007096,100185,1,20,-499,-877,6930.43,2726.59
1001611,104658,1,15,-180,-791,20972.44,5496.75
1005196,100229,1,14,-242,-631,20583.26,16959.47
1003842,108954,1,6,-310,-549,2147.3,15985.24
1001186,100655,1,11,-984,-88,1853.91,15314.22
1003004,105960,1,16,-438,-853,1731.57,12269.34
1006271,100586,1,8,-926,-733,6305.27,1202.46
1001603,108097,1,5,-129,-344,865.91,11656.07
1006853,200763,1,8,-720,-263,7250.03,3333.81
1002269,104804,1,19,-76,-460,6106.43,1997.64
1006907,108165,1,6,-970,-75,2750.55,2854.84
1007094,107753,1,16,-139,-992,69881.73,2658.47
1007991,200679,1,6,-102,-697,15230.91,6370.74
1004680,201492,1,19,-496,-869,10904.25,972.12
1001875,108447,1,1,-785,-892,8591.83,1720.04
1003580,102536,1,9,-65,-518,674.03,1361.39
1004970,100824,1,1,-31,-370,22911.47,1046.4
1005177,109905,1,23,-714,-690,5230.7,12994.86
1002809,104425,1,3,-436,-717,119.76,5538.97
1001182,107157,1,9,-221,-861,6974.43,9639.55
1001479,108325,1,15,-611,-300,2131.51,17447.78
1005038,200481,1,5,-692,-974,4170.37,880.2
1006987,109170,1,4,-145,-466,4754.86,24015.87
1003851,201866,1,12,-66,-304,14838.45,2176.44
1008552,108720,1,22,-202,-955,8370.26,27294.05
1003518,108704,1,11,-228,-909,3991.76,1367.41
1005608,109600,1,3,-294,-291,3264.49,3883.04
1009117,102161,1,23,-854,-159,47.26,6880.79
1000365,103912,1,14,-997,-198,769.4,15262.51
1005309,100504,1,14,-924,-960,12481.4,18778.02
1005340,200520,1,22,-383,-900,1189.56,30728.08
1001304,109790,1,22,-625,-495,10629.98,7319.66
1003955,201901,1,23,-647,-705,5901.66,3485.59
1003068,109432,1,7,-708,-541,13085.23,7757.96
1004009,201909,1,13,-771,-275,18077.49,10144.06
1009850,109247,1,17,-617,-204,21874.37,1728.37
1005091,107548,1,2,-173,-101,389.11,31682.8
1000748,101885,1,21,-910,-661,7092.07,14848.84
1006030,102766,1,19,-816,-857,12223.56,28473.78
1002955,103726,1,8,-35,-125,22222.52,16024.39
1005487,106970,1,21,-478,-376,23380.62,13947.96
1004219,100098,1,23,-544,-311,4079.82,1589.12
1005265,105497,1,9,-314,-189,3444.51,10641.59
1003897,106164,1,5,-947,-435,10788.96,2325.54
1001003,200673,1,7,-329,-179,402.74,186.43
1003781,104671,1,3,-169,-541,2183.04,5907.29
1001739,102658,1,17,-230,-144,722.35,51.82
1002531,201018,1,16,-31,-187,2692.37,4745.39
1007710,100335,1,7,-446,-383,9597.42,9327.81
1006621,104144,1,17,-995,-490,9791.52,14008.57
1002473,109614,1,13,-236,-94,36505.16,30204.71
1003451,200754,1,12,-818,-366,13603.99,1278.31
1002038,106737,1,19,-325,-283,15485.17,484.24
1004828,108336,1,18,-456,-928,10688.44,2099.8
1000600,101874,1,1,-759,-941,3287.9,6122.84
1002909,201414,1,8,-42,-301,31446.51,4912.41
1001222,105771,1,2,-247,-838,19444.66,3685.26
1005693,201527,1,8,-461,-289,3967.05,7672.68
1001763,104657,1,8,-692,-354,6454.73,10428.5
1004133,104386,1,7,-817,-196,1730.07,15943.81
1008284,201325,1,22,-925,-507,8426.97,19505.18
1002772,108839,1,10,-127,-349,14146.09,6470.93
1008054,201981,1,21,-712,-762,2447.58,11977.87
1001107,201623,1,7,-450,-153,4807.28,4281.18
1009906,106999,1,21,-674,-962,4563.63,27576.28
1007514,200125,1,7,-144,-843,4764.34,1281.34
1008654,109291,1,23,-997,-692,5771.27,1047.15
1004478,109387,1,1,-709,-376,994.04,3883.04
1006280,201067,1,10,-937,-529,483.68,9369.96
1005679,107945,1,6,-460,-313,23214.84,12371.86
1009485,105462,1,8,-358,-460,75046.31,849.06
1008567,100572,1,8,-791,-606,11888.51,9731.22
1006860,200770,1,22,-294,-528,3887.24,17136.56
1007280,102269,1,2,-223,-40,166.97,6815.71
1002655,109668,1,20,-182,-301,9082.28,205.58
1008037,107812,1,15,-983,-222,420.79,7088.12
1004592,102752,1,15,-334,-992,24605.83,7706.32
1001571,108181,1,10,-585,-551,2469.12,1188.36
1008845,105652,1,4,-256,-143,17163.82,7334.64
1007367,108069,1,12,-866,-822,2107.7,10879.69
1006382,105506,1,11,-574,-709,256.36,8093.64
1006478,102964,1,2,-363,-930,23700.23,29406.79
1007591,104611,1,9,-471,-583,16136.4,9969.02
1000267,105715,1,5,-513,-111,9903.83,1796.4
1000774,101133,1,14,-91,-848,4644.26,10347.1
1006993,103135,1,9,-448,-822,7047.04,4367.01
1006843,103244,1,2,-247,-335,262.84,2340.03
1007325,100207,1,7,-630,-882,8276.09,3641.29
1004005,100561,1,15,-656,-429,4809.22,3526.65
1005909,104329,1,12,-398,-743,2458.02,1351.72
1006141,201901,1,1,-797,-262,9511.08,11828.66
1009657,109138,1,10,-669,-381,10256.63,2532.41
1000954,103910,1,14,-740,-351,32368.08,3415.26
1003704,101568,1,2,-156,-479,3539.95,11590.07
1004382,109872,1,14,-642,-23,6208.65,13288.71
1008540,109982,1,2,-636,-580,12347.82,1776.73
1008707,106236,1,22,-468,-65,2944.0,1422.29
1000928,106089,1,20,-391,-146,12661.04,13318.34
1007694,108461,1,3,-77,-441,1450.8,22703.13
1002527,105114,1,3,-206,-348,1930.64,2079.03
1002013,102432,1,1,-638,-531,14592.24,13925.1
1007024,200601,1,19,-854,-468,11734.66,3498.71
1000055,104556,1,9,-428,-608,2592.95,6259.37
1007378,109631,1,21,-731,-489,3164.33,23218.66
1005779,107092,1,17,-693,-551,20176.49,7987.31
1008682,200919,1,20,-896,-139,8059.89,404.84
1000863,107997,1,2,-463,-753,7989.64,7215.43
1008911,104275,1,17,-23,-353,9486.69,1059.98
1005186,102985,1,11,-685,-435,13481.42,1834.32
1009333,109706,1,9,-702,-181,565.06,1386.79
1002906,105963,1,4,-954,-539,583.62,30244.36
1008920,106697,1,20,-106,-412,9103.22,4158.26
1003079,201651,1,13,-848,-692,1100.68,1443.83
1009182,105343,1,18,-116,-373,20761.02,9297.24
1006620,108635,1,6,-766,-578,5827.38,18495.05
1006927,103530,1,14,-899,-479,8125.89,2878.84
1007354,102126,1,11,-888,-40,6343.09,19432.55
1008857,201734,1,11,-689,-101,6271.09,2869.97
1005356,101826,1,7,-478,-944,3047.47,1924.01
1005340,200520,1,3,-653,-550,1732.69,5406.07
1001686,104029,1,21,-302,-559,20539.27,9277.47
1009516,200624,1,19,-320,-33,10703.45,6937.38
1004824,109678,1,23,-132,-726,4822.88,10063.89
1006651,105954,1,12,-11,-994,1093.62,3888.76
1006164,103158,1,22,-435,-679,2504.55,7209.98
1006988,201496,1,18,-781,-380,3524.52,1492.34
1005954,106248,1,15,-685,-804,2580.49,1835.02
1002850,109393,1,12,-223,-875,7182.59,13792.26
1000268,106074,1,18,-994,-447,1302.62,7757.52
1006782,200241,1,1,-398,-109,11066.68,8605.11
1004611,106406,1,5,-814,-762,14762.49,14699.47
1009642,107351,1,17,-737,-367,1289.92,20405.65
1003469,103234,1,3,-378,-642,2038.43,5999.34
1003918,108652,1,10,-166,-722,1659.5,7534.0
1007966,102062,1,8,-734,-580,5941.8,2030.76
1001542,108995,1,21,-165,-871,16547.36,2597.86
1000871,100640,1,11,-832,-712,2972.56,9559.07
1008156,200181,1,2,-946,-314,12381.72,22388.1
1005886,105622,1,5,-656,-173,6185.45,1605.94
1002856,101736,1,16,-275,-325,10102.61,13356.28
1008506,106594,1,6,-678,-663,213.61,3051.1
1007433,105815,1,23,-410,-776,12254.08,17317.6
1009931,108866,1,15,-640,-475,5124.09,7588.16
1000069,106214,1,15,-796,-779,3171.03,1973.94
1007239,104682,1,10,-796,-761,12456.73,2378.64
1006744,201940,1,19,-764,-749,1659.44,1064.75
1003362,104766,1,20,-841,-640,6751.13,4036.05
1003293,100128,1,6,-384,-393,7809.99,1519.51
1007009,105584,1,17,-328,-514,3146.73,7144.88
1004095,103821,1,6,-218,-270,8121.82,664.72
1000635,100734,1,15,-225,-634,2640.52,1551.79
1006310,109882,1,15,-786,-153,13417.52,12326.28
1006201,201309,1,20,-562,-169,13905.24,1389.61
1009485,105462,1,2,-67,-907,6160.17,14464.59
1008098,201142,1,17,-812,-848,830.07,6370.2
1002826,200344,1,3,-542,-854,6383.48,22236.28
1001094,109919,1,13,-602,-484,20212.79,1224.69
1009934,108134,1,9,-345,-996,9004.02,130.05
1003849,101121,1,18,-365,-947,31450.9,28669.13
1005342,100469,1,21,-801,-125,11395.67,11068.08
1002557,108380,1,4,-874,-119,10813.28,9016.99
1006515,108750,1,15,-835,-738,24223.56,6223.73
1006049,104776,1,8,-27,-445,3479.99,3939.9
1007502,103642,1,4,-979,-63,1699.69,14000.96
1004825,102355,1,10,-136,-695,4197.8,1471.28
1005155,201393,1,6,-191,-881,2362.3,11380.44
1003472,109298,1,1,-348,-794,4331.01,15.05
1005860,109092,1,23,-528,-812,646.92,5892.76
1009052,108190,1,6,-914,-962,6288.84,11513.16
1008786,107117,1,23,-813,-27,21253.55,304.17
1002978,108469,1,17,-770,-528,4479.06,2035.08
1009133,104510,1,4,-570,-740,13836.28,3208.19
1006374,106973,1,13,-160,-740,3784.26,15162.4
1008578,102385,1,14,-772,-710,4834.22,212.34
1002107,106156,1,14,-70,-221,4568.22,1101.87
1007278,106301,1,22,-263,-607,12316.05,10035.91
1006380,103072,1,12,-547,-645,47473.04,17143.26
1003742,100653,1,10,-918,-271,44711.69,8985.14
1008926,200284,1,21,-593,-967,98.38,6128.89
1009482,104470,1,10,-989,-225,515.12,1670.4
1006084,200987,1,2,-256,-980,4642.81,19009.66
1006211,108452,1,19,-288,-776,2862.09,12011.75
1001083,106451,1,9,-214,-787,5581.73,12023.53
1005573,105190,1,3,-327,-887,4196.06,5801.24
1003608,105686,1,12,-292,-366,5199.09,2047.42
1001751,109293,1,17,-366,-410,5354.16,20650.34
1002709,100691,1,18,-359,-271,26630.33,4759.64
1001791,100167,1,2,-297,-80,4034.0,15054.22
1002283,104115,1,9,-277,-980,22605.3,2495.0
1001533,107922,1,5,-640,-556,11157.59,4211.83
1006471,101169,1,2,-759,-635,2500.36,6761.09
1002492,103053,1,7,-587,-297,14845.37,16515.47
1005334,107677,1,2,-532,-187,4958.52,5487.05
1008236,104384,1,3,-251,-240,15675.75,11448.75
1006325,105510,1,18,-941,-256,7823.06,6984.59
1001563,106856,1,22,-781,-77,8894.01,16091.17
1007832,102844,1,11,-727,-247,5497.66,5093.0
1004300,102393,1,9,-88,-79,4954.62,6540.18
1003615,105920,1,1,-355,-303,2348.24,8022.29
1005447,200816,1,19,-136,-471,1263.95,6808.76
1006542,106351,1,9,-187,-878,6308.93,14153.35
1000485,100311,1,4,-998,-681,2355.19,3436.98
1007706,107387,1,5,-586,-681,9606.96,1781.93
1008241,101965,1,12,-501,-392,5221.44,289.79
1003183,105769,1,4,-89,-583,15342.45,6975.3
1009490,200498,1,1,-754,-37,3292.43,849.97
1003181,100787,1,16,-541,-307,2368.93,676.12
1007832,102844,1,1,-513,-992,2638.31,505.21
1008373,106156,1,8,-757,-192,14011.44,624.43
1009604,105946,1,17,-418,-27,9069.34,7210.22
1000855,102294,1,10,-203,-531,3934.96,18431.59
1009732,108205,1,19,-608,-254,19664.73,9412.35
1006861,109101,1,18,-225,-772,548.53,9999.55
1004360,106363,1,21,-646,-339,5616.28,8910.88
1007335,108347,1,17,-230,-784,1837.87,3339.26
1007084,201643,1,5,-655,-964,9608.61,527.22
1000391,106275,1,22,-670,-282,21013.98,8927.24
1005360,108965,1,14,-928,-419,10376.07,4594.3
1005580,109940,1,13,-930,-231,19.62,8543.86
1004768,100591,1,3,-373,-888,10368.35,4301.4
1007136,109572,1,15,-101,-436,4830.68,5405.38
1003904,107718,1,4,-809,-988,17211.01,21391.97
1003727,103874,1,9,-657,-44,7535.14,12038.01
1008204,200682,1,17,-708,-512,4827.22,3314.25
1003592,102673,1,6,-603,-535,4664.37,16997.59
1006975,106018,1,2,-797,-313,13114.8,15167.11
1005666,104147,1,22,-102,-554,12498.9,20641.77
1002607,108703,1,17,-539,-292,4060.25,3773.92
1005361,106767,1,16,-316,-922,22010.61,28277.21
1000978,100736,1,18,-174,-204,3348.38,10065.78
1005513,104364,1,23,-186,-209,33288.36,14129.98
1000315,102799,1,3,-313,-927,1025.59,7150.27
1006123,109667,1,5,-674,-592,11574.91,12556.55
1004667,100963,1,2,-812,-426,27863.11,5751.69
1004731,103043,1,3,-544,-791,15068.38,2852.93
1009408,104167,1,7,-583,-997,9566.13,4916.28
1005248,101491,1,5,-770,-696,106349.77,50639.28
1009552,108210,1,20,-175,-797,4001.94,6935.48
1008552,108720,1,19,-290,-445,16865.45,12735.0
1003127,201266,1,14,-429,-992,2639.78,4676.67
1002560,102490,1,2,-22,-797,5955.48,5637.16
1009657,109138,1,16,-296,-342,26008.15,11277.84
1007027,200800,1,3,-129,-238,1556.98,2779.26
1008492,109705,1,3,-703,-151,4439.65,3772.07
1004279,108775,1,15,-354,-764,9125.85,5901.15
1004637,100391,1,9,-184,-977,15367.42,8851.31
1001938,106222,1,16,-96,-993,22515.41,2857.78
1005004,106417,1,21,-30,-59,2120.97,6835.96
1003844,101516,1,4,-145,-108,9369.93,9983.64
1001368,201809,1,14,-191,-273,3815.12,20090.5
1000855,102294,1,2,-840,-691,12116.16,2328.25
1004401,108866,1,6,-531,-447,10726.59,5490.45
1008457,201689,1,9,-793,-397,2028.99,1044.62
1009915,102305,1,17,-484,-351,1978.11,2400.23
1003463,107924,1,4,-444,-551,7449.7,5272.04
1001564,103849,1,19,-380,-693,22664.32,15360.72
1007284,200701,1,11,-526,-184,120.99,10526.18
1006360,107283,1,10,-384,-48,1347.0,3306.28
1002188,103220,1,22,-992,-960,3713.38,23844.7
1002698,103721,1,5,-675,-227,5059.85,34403.33
1008409,100943,1,4,-751,-962,1016.92,1676.94
1004099,108364,1,23,-347,-435,4535.83,5239.81
1000095,102650,1,3,-588,-921,800.79,13114.55
1009652,105229,1,15,-710,-814,3925.28,1266.51
1002078,103027,1,16,-100,-752,4406.49,8586.47
1001591,103097,1,10,-207,-404,7865.76,7127.78
1009522,106838,1,9,-427,-63,7757.13,880.41
1004669,105937,1,9,-65,-474,31895.33,1079.68
1006217,100256,1,14,-351,-101,10743.5,731.88
1009521,106190,1,11,-26,-853,5379.95,46970.57
1005417,107283,1,6,-290,-694,5965.16,5923.88
1003841,106304,1,13,-193,-268,3733.88,493.46
1006383,102863,1,18,-750,-814,13631.33,2525.91
1003658,107888,1,2,-661,-889,17618.09,6604.48
1000045,201610,1,6,-555,-302,31423.79,830.94
1007987,107138,1,10,-339,-196,24851.12,1845.03
1001354,200773,1,8,-252,-270,4059.64,3066.01
1005234,105491,1,17,-187,-533,34754.75,5370.99
1000861,100309,1,3,-807,-929,3570.01,975.74
1007611,201909,1,3,-998,-895,5037.21,14940.4
1007262,107932,1,19,-465,-775,6473.41,876.14
1005420,105457,1,20,-865,-128,3546.65,13647.95
1001946,104767,1,12,-537,-610,37474.38,9021.3
1006096,200503,1,23,-421,-353,8412.54,30086.0
1005461,109277,1,2,-196,-770,5692.67,7286.74
1002169,106288,1,11,-595,-804,13957.89,6728.03
1009903,104913,1,20,-481,-198,26959.14,31482.3
1004076,107336,1,10,-444,-605,1186.44,9032.6
1004215,103137,1,5,-886,-680,10182.09,2210.73
1004804,200166,1,20,-739,-203,157.24,3612.87
1007809,104919,1,23,-560,-120,7241.24,2317.0
1008245,108417,1,16,-38,-624,1015.08,14687.5
1005644,104600,1,7,-357,-449,2684.89,7285.34
1001903,102241,1,2,-74,-124,656.01,9581.77
1007759,105972,1,3,-897,-505,389.43,3435.0
1000301,200866,1,2,-169,-111,5410.02,1110.02
1009512,105288,1,20,-434,-169,12975.26,2325.62
1001606,100245,1,7,-22,-465,3321.12,6947.56
1000565,109255,1,15,-351,-332,4786.65,20702.84
1008065,107070,1,10,-380,-411,7662.83,1988.75
1003022,105329,1,21,-481,-861,12705.2,4097.79
1005727,108361,1,10,-996,-91,18991.16,31238.76
1006297,107963,1,22,-778,-889,4099.16,27423.09
1007185,109876,1,6,-576,-935,12858.99,8858.11
1003924,107949,1,17,-662,-425,2800.26,940.32
1003506,104097,1,12,-164,-792,6689.63,13650.86
1001217,100324,1,23,-162,-657,6961.92,11949.59
1003944,108531,1,1,-755,-42,2753.78,11053.32
1004564,201189,1,10,-670,-274,10673.35,30451.31
1007102,108839,1,6,-773,-409,7596.18,41113.66
1007850,101337,1,1,-284,-86,4196.13,13134.34
1004448,201990,1,6,-172,-383,18598.2,3517.73
1006142,200468,1,13,-568,-804,5790.91,8767.77
1000448,201186,1,6,-318,-175,15991.76,5704.32
1009525,103946,1,17,-350,-226,9143.55,555.66
1008377,108792,1,8,-537,-857,36144.94,45710.67
1003407,108901,1,6,-322,-853,2270.97,8988.34
1009618,201030,1,22,-228,-436,2985.32,13817.26
1006305,105241,1,7,-733,-269,5417.52,14799.82
1003807,101606,1,1,-547,-721,6303.27,8614.79
1008826,109980,1,6,-119,-981,17888.32,27535.51
1006216,106861,1,2,-357,-86,5714.94,10373.75
1006820,201958,1,11,-192,-543,11964.18,18833.66
1008555,102587,1,4,-549,-551,1665.41,413.46
1001581,108162,1,20,-828,-905,5993.08,4057.54
1008888,100242,1,5,-211,-348,3493.04,8214.18
1002308,201930,1,17,-859,-496,1753.03,30272.51
1009609,109364,1,9,-437,-290,1284.55,16382.23
1006782,200241,1,13,-818,-22,2732.84,10394.63
1008630,103207,1,22,-796,-902,8772.61,3299.21
1008733,104200,1,17,-647,-534,7908.69,8293.75
1004221,200298,1,9,-510,-690,1765.59,374.06
1001486,109032,1,9,-798,-805,2033.9,3957.9
1006189,105334,1,10,-136,-744,2084.47,906.54
1005714,109603,1,9,-478,-61,6526.1,43633.66
1000499,106825,1,23,-715,-697,1659.55,2601.15
1006490,201972,1,13,-413,-491,1063.63,5603.4
1009917,109454,1,9,-58,-240,13418.65,1871.55
1002257,108884,1,21,-774,-261,2585.21,2910.83
1000339,100388,1,15,-562,-834,3969.99,203.28
1003117,201307,1,1,-73,-842,28457.12,11571.1
1001761,104835,1,23,-618,-959,390.61,4866.28
1001001,106435,1,6,-756,-746,3183.11,13134.29
1001187,106629,1,12,-453,-946,8875.47,3309.07
1002068,102757,1,15,-78,-441,4920.63,18515.02
1009855,107991,1,22,-756,-660,397.88,4137.53
1000953,106370,1,8,-766,-19,8617.82,2127.22
1008841,100023,1,17,-800,-415,4571.92,13116.74
1001497,102770,1,13,-883,-998,2285.75,1394.84
1009062,103019,1,15,-500,-35,10235.34,3851.21
1009622,109363,1,21,-595,-181,29397.41,6044.15
1004800,105094,1,21,-477,-249,5074.42,16760.2
1001751,109293,1,11,-29,-557,23799.15,19622.94
1007236,103415,1,3,-992,-560,15356.04,18427.26
1009687,108257,1,21,-205,-808,8081.63,3991.95
1004852,106410,1,17,-197,-229,36907.7,16977.64
1001029,101391,1,13,-846,-759,6274.62,6100.14
1008372,109368,1,7,-558,-33,1213.59,13366.77
1004149,101486,1,4,-527,-913,2018.77,526.48
1008872,108232,1,17,-971,-574,20459.67,6943.85
1004170,103088,1,12,-90,-491,52.21,10363.41
1004629,105960,1,20,-386,-91,28026.46,17982.42
1009479,201027,1,8,-236,-115,981.41,1518.7
1003562,109153,1,2,-72,-413,396.36,19661.24
1000969,109287,1,16,-445,-94,99.33,38198.01
1008159,201975,1,17,-685,-108,1581.54,15488.01
1001661,105644,1,1,-262,-554,3064.37,5135.33
1001982,107095,1,11,-896,-321,9664.48,5528.84
1002428,100045,1,18,-421,-595,1400.96,15233.93
1009660,108684,1,21,-699,-252,9037.79,3835.59
1006783,103123,1,14,-917,-889,38187.84,7102.49
1009949,103528,1,8,-665,-617,23616.57,3642.86
1001134,102612,1,4,-675,-676,12957.31,2084.47
1004241,105343,1,18,-329,-935,2621.46,3442.41
1005751,104129,1,2,-195,-723,14545.22,1601.21
1005544,105665,1,20,-294,-720,7812.82,16493.99
1004854,105797,1,16,-299,-772,2214.29,707.47
1009342,201484,1,22,-531,-447,141.12,6488.18
1003628,109194,1,9,-989,-966,13642.8,29305.13
1005591,104735,1,14,-823,-744,28405.72,28967.3
1005078,104866,1,20,-439,-663,18669.36,13803.29
1003237,107561,1,6,-501,-811,88.32,7306.87
1003764,101592,1,15,-931,-288,3870.96,4704.55
1000501,201020,1,7,-360,-841,302.67,34574.97
1002282,104119,1,15,-97,-860,4489.53,3386.96
1001786,102147,1,6,-453,-723,4222.93,4111.72
1001251,200709,1,12,-371,-132,22697.17,3462.52
1001658,103900,1,4,-566,-679,22121.13,31228.26
1003347,104993,1,11,-584,-385,1246.17,9722.01
1008998,107427,1,11,-661,-521,10409.07,25201.49
1008065,107070,1,8,-570,-901,978.02,18531.77
1003277,102050,1,1,-855,-152,3079.14,23742.89
1004118,101490,1,17,-350,-553,1091.69,17795.26
1008439,102572,1,15,-945,-446,8815.15,1066.41
1002138,105808,1,14,-949,-913,16006.78,8867.67
1001148,105414,1,6,-706,-795,5572.69,1972.28
1000109,107215,1,2,-527,-384,41888.87,2983.6
1008004,200350,1,23,-659,-73,5598.51,35259.29
1008920,106697,1,8,-343,-686,16551.17,2924.15
1002600,106482,1,2,-697,-716,17072.89,4813.73
1006610,104547,1,5,-162,-782,8450.0,3548.51
1008062,201735,1,4,-23,-28,1685.61,10928.07
1006990,108287,1,2,-47,-53,1747.22,42563.11
1008231,107288,1,4,-494,-372,4588.62,2352.31
1003269,102642,1,19,-575,-371,6650.62,15155.27
1002565,107373,1,10,-105,-425,12531.11,48.74
1006201,201309,1,13,-533,-263,3854.32,8127.42
1006129,104535,1,5,-224,-30,3192.74,9093.02
1007439,103222,1,9,-794,-64,12530.28,20093.13
1002011,104191,1,16,-816,-743,916.16,22733.72
1009069,103687,1,20,-73,-241,18939.05,19085.94
1003762,201535,1,3,-467,-720,927.12,5885.27
1009937,201163,1,15,-657,-439,17085.98,8523.86
1003368,109273,1,16,-195,-630,20945.23,6655.01
1001039,100463,1,22,-484,-869,12189.48,9848.97
1005726,102098,1,15,-721,-761,15530.4,2470.2
1000477,105800,1,11,-770,-104,7246.24,9479.38
1008557,103993,1,18,-298,-329,13829.09,10281.79
1005818,108807,1,13,-842,-974,15643.92,25390.81
1006042,108504,1,3,-939,-366,7735.39,28177.5
1000373,201578,1,19,-569,-727,12629.51,9245.27
1009888,101335,1,5,-494,-307,18098.46,1588.83
1003047,201260,1,8,-527,-160,11124.63,9071.27
1008397,109291,1,16,-505,-44,24376.59,626.72
1000459,105930,1,9,-293,-577,2260.2,2035.01
1009745,101219,1,2,-761,-804,24436.2,3758.48
1001951,100396,1,4,-883,-532,32065.93,6759.3
1004067,109467,1,7,-516,-489,14342.97,4745.57
1005635,107046,1,16,-400,-518,11545.22,1734.7
1003001,106833,1,21,-579,-437,4811.98,572.7
1001813,106686,1,4,-858,-566,64132.09,1980.43
1002551,106339,1,21,-64,-958,3275.59,10293.22
1000356,108361,1,2,-992,-431,9887.5,3775.3
1002575,104269,1,18,-297,-204,3160.68,10690.76
1002235,101279,1,22,-49,-926,1359.13,8311.02
1006099,105563,1,9,-345,-64,840.7,689.86
1004473,104266,1,19,-11,-583,28817.7,11880.14
1006345,201169,1,9,-626,-159,2419.39,7301.75
1000682,101169,1,2,-44,-532,6858.4,8582.76
1003690,105487,1,23,-384,-996,38658.72,2640.0
1004574,108010,1,15,-828,-649,15516.36,14161.27
1000847,105521,1,18,-765,-479,19511.03,218.23
1002737,104956,1,3,-379,-948,16024.66,33981.06
1002300,103842,1,11,-774,-101,6960.24,14138.23
1004381,101474,1,17,-577,-77,9683.33,3401.26
1000943,108711,1,5,-927,-250,1176.31,6692.6
1000030,109744,1,10,-55,-450,4364.3,16618.72
1002692,201095,1,22,-268,-960,2492.36,3510.87
1004464,109766,1,22,-616,-198,35640.59,1178.77
1003717,104516,1,23,-578,-973,4786.31,20931.21
1002364,201154,1,7,-354,-77,5780.25,22425.74
1009033,108778,1,10,-105,-456,10569.22,8408.65
1005765,201030,1,11,-932,-973,8155.42,7925.86
1000690,100188,1,14,-557,-47,1697.77,15593.49
1002780,103580,1,10,-667,-606,2726.67,2702.46
1002201,106336,1,15,-485,-619,23018.58,6400.31
1008055,103429,1,1,-346,-304,11070.1,16656.79
1004664,108692,1,2,-923,-841,27646.39,26426.51
1000726,101933,1,1,-48,-486,3603.52,22701.85
1005555,102618,1,9,-954,-941,8181.39,13523.94
1007685,106743,1,9,-272,-139,10729.96,14099.76
1006381,106719,1,16,-520,-543,20944.85,4631.06
1002742,107986,1,10,-316,-982,12337.97,22341.93
1004012,103319,1,19,-192,-694,12288.94,15893.08
1008376,109901,1,22,-187,-612,230.97,12439.22
1009852,103661,1,1,-469,-551,16437.2,11339.32
1000342,107432,1,21,-971,-347,699.01,1685.57
1005723,108035,1,11,-125,-868,131.71,2144.51
1004217,100742,1,2,-355,-705,8837.54,8534.15
1003828,106621,1,19,-186,-753,5385.41,2563.01
1003341,102801,1,11,-839,-690,1047.24,7048.84
1005449,103408,1,1,-688,-26,9854.75,7283.28
1002715,100579,1,15,-127,-20,20492.37,1178.31
1001354,200773,1,2,-704,-250,1104.11,1390.05
1009409,104825,1,6,-687,-568,2591.97,11895.7
1006798,104379,1,23,-559,-592,22225.26,38976.39
1003916,106701,1,19,-44,-920,3007.08,8451.34
1003259,101710,1,7,-219,-382,23255.49,10878.34
1000476,200923,1,22,-898,-916,9542.94,4187.03
1009756,201323,1,20,-757,-360,1768.65,6464.68
1008715,108920,1,2,-322,-71,1004.17,6008.23
1002106,103449,1,19,-913,-691,1687.59,18704.1
1004092,107029,1,7,-340,-272,4327.73,7612.98
1001224,105301,1,18,-542,-392,14581.63,3236.47
1009302,100335,1,21,-377,-476,33637.51,583.36
1009965,104681,1,16,-687,-631,29459.56,206.58
1006819,106709,1,23,-216,-126,18363.57,2446.15
1006881,105025,1,18,-355,-703,58275.3,2853.72
1008036,104847,1,14,-58,-701,21348.45,5853.42
1006629,100399,1,4,-449,-309,1507.36,4241.61
1007097,107241,1,5,-652,-889,4375.29,3458.25
1006762,200748,1,20,-787,-704,8143.34,1503.96
1002358,101387,1,6,-425,-439,865.64,14517.35
1009494,102964,1,11,-479,-958,152.03,12212.44
1005093,103388,1,19,-607,-690,8724.95,3899.28
1008524,200319,1,23,-748,-492,9589.67,4499.75
1000337,200108,1,12,-183,-751,6214.3,8640.8
1007027,200800,1,4,-642,-385,21356.31,18050.83
1007725,106952,1,9,-196,-237,29103.18,38344.11
1000227,108125,1,19,-44,-607,14678.58,3161.35
1001764,106210,1,6,-771,-774,2195.48,443.63
1006891,102918,1,17,-442,-711,31404.73,2829.33
1005661,108434,1,18,-419,-583,29965.3,28978.63
1008095,107991,1,3,-297,-401,5083.11,15957.87
1000317,109165,1,21,-495,-969,1080.08,8487.68
1009671,106831,1,23,-191,-355,8186.02,21827.32
1009035,107416,1,13,-611,-967,12511.48,33769.04
1008068,105077,1,8,-164,-675,2604.01,8691.44
1009609,109364,1,2,-993,-407,12402.35,23708.48
1003682,105566,1,12,-910,-994,12362.49,11263.54
1000008,105958,1,7,-955,-221,3302.46,25034.22
1003513,102559,1,10,-33,-302,8966.55,11283.57
1008026,201825,1,3,-803,-398,360.21,2917.62
1006402,109571,1,3,-691,-975,23698.86,2623.14
1004379,100281,1,18,-352,-712,3258.83,16391.18
1005281,200721,1,19,-917,-19,840.97,4161.47
1004602,102672,1,5,-349,-738,6131.12,6917.0
1004459,200067,1,6,-388,-828,2348.7,9425.22
1006887,106460,1,15,-423,-907,4663.18,1160.9
1002618,104814,1,3,-185,-713,6475.57,4298.62
1006175,100297,1,14,-488,-728,957.52,29353.73
1007433,105815,1,21,-972,-495,19169.5,20737.14
1008646,200461,1,17,-154,-442,25672.8,16353.08
1006245,108722,1,19,-212,-145,2610.98,6259.36
1006339,102749,1,15,-768,-418,1697.01,4779.79
1005754,107322,1,9,-332,-373,14022.81,1338.82
1002420,101633,1,18,-725,-995,2299.71,8045.98
1001745,102078,1,10,-137,-302,11110.91,6475.32
1008221,103631,1,12,-94,-274,7967.52,5363.92
1006037,109333,1,3,-641,-931,5532.23,26665.5
1000290,107835,1,3,-86,-547,23654.58,828.26
1002230,103674,1,6,-405,-858,2246.67,15479.61
1001535,103411,1,17,-62,-842,3879.08,15686.58
1005156,103433,1,7,-637,-594,6208.69,18853.31
1009292,108290,1,8,-747,-429,13871.7,39900.83
1002522,201947,1,11,-778,-44,23292.16,1234.25
1003519,107185,1,22,-478,-607,4791.9,5283.3
1005071,102758,1,21,-278,-12,24595.96,1146.39
1002001,201613,1,5,-476,-851,14762.49,4106.35
1005638,103866,1,18,-971,-129,7122.54,4492.31
1001880,105920,1,12,-156,-998,1507.81,12946.07
1001341,200555,1,3,-284,-51,4078.54,4874.84
1008367,101587,1,18,-570,-360,10887.3,10624.11
1003544,104472,1,2,-39,-391,2772.23,6561.63
1004402,106448,1,4,-72,-704,5997.29,6216.76
1001853,108559,1,21,-659,-570,21112.42,8849.7
1003475,107338,1,17,-790,-314,1559.94,6618.85
1001699,200411,1,6,-59,-610,5090.34,21458.21
1008518,100128,1,8,-223,-947,14990.26,4858.97
1002567,107425,1,22,-603,-470,15329.93,420.26
1003502,107746,1,12,-451,-949,25981.27,32602.37
1005102,100674,1,20,-701,-16,5047.46,618.07
1009947,201329,1,8,-808,-753,3681.04,9432.23
1008490,200768,1,16,-955,-370,1715.08,7484.41
1004090,201331,1,20,-680,-838,2558.23,12370.69
1002287,108954,1,12,-710,-930,14809.54,2033.5
1007497,105882,1,3,-156,-648,3261.78,21427.27
1002156,100864,1,7,-444,-820,244.12,6342.15
1008961,108114,1,4,-19,-236,3727.0,29669.61
1001734,108370,1,14,-555,-235,41690.6,3244.01
1003897,106164,1,18,-517,-159,6956.32,6366.68
1008410,102719,1,6,-549,-326,8832.52,7811.86
1008893,104573,1,1,-437,-405,17207.45,2832.84
1003286,108286,1,19,-136,-612,21737.07,9666.33
1003841,106304,1,16,-575,-880,4566.42,19813.65
1008516,105345,1,22,-811,-136,2549.53,14867.47
1006582,100424,1,4,-932,-679,12697.09,8706.56
1008102,109170,1,9,-573,-389,8685.16,15702.85
1009970,107367,1,22,-881,-528,2083.96,11883.51
1008675,101470,1,19,-996,-332,6571.19,6946.22
1000060,106466,1,16,-947,-350,56769.6,1611.01
1002286,107620,1,23,-799,-635,3906.21,6729.42
1002364,201154,1,5,-351,-888,11825.9,759.21
1007794,102957,1,15,-285,-828,5247.16,4312.21
1003303,101893,1,14,-58,-332,4259.7,6056.84
1002876,103720,1,12,-933,-139,1646.44,3309.0
1008452,100774,1,3,-637,-930,11396.2,39905.34
1001991,105869,1,8,-253,-682,7133.15,21729.97
1004574,108010,1,19,-875,-21,22031.3,19051.02
1003570,108491,1,14,-354,-145,3350.46,2118.6
1006907,108165,1,8,-343,-887,8542.93,33960.96
1009979,105667,1,20,-681,-603,1714.29,12802.17
1007378,109631,1,22,-804,-781,2995.83,12428.73
1000527,109264,1,3,-494,-863,415.11,13795.72
1000847,105521,1,20,-582,-116,7742.8,3012.2
1002781,103214,1,18,-22,-610,4057.18,1438.79
1002023,200082,1,11,-902,-341,1732.94,6992.13
1000859,109079,1,9,-52,-498,7722.5,16409.03
1006405,108682,1,19,-439,-339,3570.14,4182.59
1009216,104727,1,22,-178,-630,23507.67,14817.82
1004758,106010,1,4,-227,-130,4822.61,17714.23
1005759,109414,1,11,-208,-229,11164.81,3745.6
1007662,107049,1,5,-867,-601,1685.04,3593.4
1007403,106835,1,8,-881,-607,3329.98,3233.9
1007062,106499,1,9,-438,-289,1702.0,4422.53
1008748,108127,1,8,-98,-444,4757.82,2604.59
1006787,201393,1,3,-130,-884,8219.15,1075.7
1006472,108493,1,15,-989,-728,23694.73,11955.17
1001380,106606,1,7,-288,-995,21067.45,8460.21
1004545,104013,1,23,-970,-597,7623.97,2748.82
1009068,100360,1,11,-703,-53,43584.41,2314.37
1005840,101254,1,20,-821,-867,20212.79,2297.83
1000544,103937,1,1,-663,-223,17637.44,13531.53
1006960,104508,1,4,-969,-525,4039.6,12562.38
1005640,101708,1,18,-28,-35,699.99,4.09
1008068,105077,1,4,-865,-497,4982.15,5794.12
1000233,102513,1,15,-164,-904,13274.03,35596.05
1002220,109508,1,13,-370,-391,10252.64,2547.66
1005712,105787,1,20,-511,-53,22694.47,4012.63
1006985,101309,1,17,-458,-360,5282.38,44528.25
1000018,106748,1,5,-154,-697,2783.94,2264.9
1002515,107057,1,5,-333,-520,111.72,8787.93
1008977,105330,1,21,-325,-692,7594.31,4547.32
1003780,108312,1,23,-975,-980,10226.43,11279.33
1009121,103941,1,4,-812,-183,24371.64,13244.02
1001527,101230,1,1,-580,-634,2110.05,17233.1
1009682,104496,1,19,-572,-772,8669.86,27408.82
1007894,109617,1,9,-955,-397,27963.43,8612.15
1003767,100439,1,2,-411,-282,24733.92,17402.66
1001761,104835,1,2,-667,-723,5449.63,1971.12
1006278,201071,1,22,-213,-677,24807.8,7485.05
1000962,200823,1,7,-748,-951,432.78,28113.61
1009224,100336,1,4,-441,-718,23716.36,22157.43
1008106,107768,1,2,-97,-604,12706.8,11342.47
1003873,109469,1,23,-310,-38,15690.0,9654.87
1004047,105034,1,19,-87,-676,8540.01,19231.01
1006372,109311,1,17,-477,-564,12334.92,3431.26
1009291,201512,1,10,-796,-486,7598.15,10762.71
1007784,101007,1,17,-739,-623,3034.82,16988.14
1002936,200328,1,21,-974,-97,2661.73,1397.79
1002208,201610,1,17,-311,-519,6581.99,3253.75
1002382,101270,1,19,-391,-190,16129.54,15955.33
1004905,108787,1,5,-59,-300,3537.82,9902.35
1004369,100171,1,2,-44,-954,3959.19,7141.38
1005687,200117,1,22,-941,-598,1262.19,989.15
1001811,200176,1,21,-820,-427,4988.57,8429.66
1006638,102004,1,10,-194,-812,18796.54,596.74
1005332,102050,1,4,-26,-291,2458.74,2957.33
1003373,101261,1,2,-967,-586,13664.0,12691.71
1006653,106812,1,13,-869,-284,6087.54,5634.86
1007481,109150,1,18,-598,-247,1584.23,12583.94
1003843,108779,1,23,-727,-959,2337.39,13.15
1003553,109899,1,16,-284,-707,826.24,3578.36
1002159,101587,1,13,-82,-883,16450.31,5062.84
1005639,105111,1,13,-243,-890,131.42,6967.84
1006135,108995,1,5,-741,-801,7194.69,2547.79
1009689,101498,1,22,-379,-528,10055.26,14226.1
1003015,104260,1,14,-569,-444,3753.89,6088.67
1006761,103745,1,15,-420,-528,14954.63,38346.85
1005440,108592,1,2,-785,-493,2764.15,18702.92
1009620,107447,1,10,-273,-555,7154.3,3360.78
1001309,108177,1,6,-10,-436,25126.12,1236.46
1005176,104773,1,17,-595,-867,11583.95,8698.57
1001217,100324,1,14,-195,-120,5743.14,5896.73
1002174,100397,1,11,-790,-300,740.71,15202.83
1001535,103411,1,17,-385,-555,9262.23,1569.67
1006641,201109,1,23,-540,-787,727.89,9966.46
1004579,102377,1,8,-728,-491,34217.81,27801.65
1006427,105660,1,11,-76,-744,1433.6,9203.6
1001430,105279,1,14,-127,-616,12674.4,524.73
1003504,201669,1,18,-624,-906,14543.01,4014.35
1004123,102283,1,13,-904,-700,7055.46,572.33
1007705,109647,1,16,-310,-934,15564.1,10854.3
1008151,201268,1,3,-110,-344,3475.15,305.36
1009237,108486,1,8,-815,-150,3877.49,2946.61
1002089,102921,1,13,-182,-248,17571.03,5735.96
1000414,104425,1,19,-834,-937,23623.55,27113.65
1004204,201817,1,12,-897,-939,816.12,1133.98
1005676,108263,1,10,-832,-776,712.04,2743.02
1006044,109266,1,5,-408,-619,7496.79,49986.77
1009289,102400,1,13,-264,-593,38540.15,3807.34
1004912,100591,1,1,-552,-297,6884.59,1735.05
1006674,201432,1,12,-899,-33,404.08,2231.4
1008105,200216,1,17,-415,-176,1558.0,294.63
1008030,107282,1,3,-333,-27,65574.24,3509.57
1002118,109133,1,18,-713,-936,4351.25,1755.69
1004592,102752,1,20,-809,-953,11678.78,11189.65
1008080,105926,1,2,-28,-340,10050.56,7138.76
1005784,105296,1,8,-695,-144,2323.56,2822.4
1001190,100403,1,3,-742,-17,59613.13,1688.87
1003618,105009,1,3,-843,-340,56.74,2312.91
1002292,107147,1,21,-211,-283,257.15,358.78
1003057,102732,1,8,-366,-118,42709.93,1132.24
1005030,109587,1,16,-729,-798,279.8,8631.14
1001680,102808,1,23,-969,-438,1726.86,23986.23
1004003,104972,1,19,-808,-415,36549.77,6205.16
1002202,201729,1,10,-471,-329,453.48,2214.35
1001809,109548,1,19,-798,-650,19333.41,7311.67
1000495,103867,1,16,-266,-612,10166.78,12122.73
1007292,107648,1,14,-528,-239,846.39,9490.72
1006914,108734,1,18,-690,-466,50020.81,205.67
1001775,103666,1,9,-280,-325,16621.37,15152.85
1002766,201594,1,2,-554,-464,50367.33,17061.95
1002659,102174,1,22,-104,-735,19252.33,9194.86
1008525,201706,1,7,-606,-148,8360.91,35246.73
1000077,201647,1,3,-940,-727,2379.2,16359.7
1005341,104155,1,17,-984,-203,2027.95,2039.98
1000970,105469,1,16,-114,-815,14330.35,7315.47
1004618,103751,1,20,-139,-427,38651.39,603.67
1001913,100706,1,22,-346,-422,2841.46,13641.4
1007891,102691,1,3,-534,-424,3016.31,1859.16
1003148,105506,1,5,-270,-528,4254.67,23782.69
1007690,102306,1,4,-908,-174,3476.36,16852.84
1000112,108926,1,5,-486,-227,3.01,2944.34
1000802,104152,1,16,-746,-28,581.49,9405.17
1000281,107943,1,14,-675,-102,8710.38,10426.03
1008396,201621,1,16,-381,-128,23394.12,7557.62
1005507,101806,1,17,-945,-638,6253.0,9967.36
1009798,104093,1,8,-436,-325,4995.08,12137.78
1008467,105662,1,17,-928,-606,3399.28,6680.41
1005153,107800,1,14,-596,-876,100.91,24467.78
1003290,106881,1,15,-808,-686,10411.23,256.62
1001962,109311,1,13,-572,-352,8970.13,5295.35
1006023,201363,1,13,-797,-244,3020.15,21066.94
1000227,108125,1,5,-545,-242,2584.65,1820.06
1003061,201059,1,12,-558,-245,16727.4,7987.82
1002008,106707,1,6,-307,-501,28682.41,28788.78
1005876,107678,1,10,-466,-615,25072.34,17520.19
1000517,201951,1,13,-654,-311,15757.82,19605.06
1003090,109654,1,8,-371,-871,738.79,3808.96
1008627,104908,1,15,-61,-242,6046.42,18917.56
1006641,201109,1,7,-167,-156,33051.63,4815.91
1005208,106193,1,1,-754,-759,614.14,3486.42
1008316,201658,1,1,-742,-548,13826.85,12592.22
1002516,201853,1,17,-38,-718,5183.62,3582.88
1006253,107383,1,1,-545,-342,286.04,11673.51
1008583,102788,1,16,-125,-773,4564.66,41340.65
1005154,106796,1,20,-697,-196,12324.54,7707.99
1003488,106427,1,12,-778,-61,10732.13,16077.16
1005876,107678,1,3,-81,-799,9721.01,4028.78
1007647,200904,1,12,-870,-848,468.74,62244.16
1005210,109432,1,16,-34,-540,25327.13,29905.63
1006050,104607,1,6,-550,-549,1410.73,11589.79
1007617,105161,1,18,-480,-790,5910.47,8887.21
1008685,200268,1,3,-258,-736,19498.74,11302.33
1008402,109254,1,19,-252,-254,17278.61,2104.34
1000874,104919,1,7,-313,-987,5818.19,1700.52
1009186,201249,1,7,-100,-402,7426.35,5047.74
1002318,103196,1,3,-754,-35,4085.56,12832.97
1007185,109876,1,7,-158,-284,14081.58,10474.51
1001189,108720,1,11,-456,-730,7388.29,1279.92
1001907,103402,1,5,-808,-228,2255.89,994.63
1005204,103853,1,19,-834,-980,9668.12,12219.63
1007555,104937,1,16,-909,-817,23113.64,9599.97
1004299,106112,1,17,-41,-899,26.32,2859.49
1004380,101788,1,13,-87,-420,10073.6,19744.06
1002810,107113,1,4,-934,-36,6007.79,4286.63
1001149,104799,1,14,-148,-947,13097.97,2765.59
1001971,104100,1,10,-959,-85,3262.0,2171.94
1001060,108306,1,14,-187,-604,8625.48,3145.02
1007914,101034,1,12,-792,-694,1317.36,926.11
1000271,101433,1,9,-974,-774,9774.43,4543.05
1003315,101428,1,21,-974,-920,142.59,9242.45
1008763,103679,1,22,-694,-764,16342.13,974.61
1003097,200437,1,15,-477,-600,3215.43,6436.85
1006593,201755,1,23,-492,-695,3902.78,3920.45
1002785,201654,1,7,-73,-485,6696.97,4351.07
1004436,103087,1,10,-223,-533,27833.55,7882.93
1002797,109397,1,4,-630,-383,7060.92,14144.17
1003177,109719,1,8,-452,-439,1562.21,15143.14
1004710,103716,1,23,-376,-764,722.65,15715.73
1007090,106964,1,20,-30,-240,16484.03,6600.44
1003806,102563,1,11,-914,-708,8293.6,854.4
1001819,102090,1,10,-788,-373,14377.96,21120.24
1007511,201007,1,6,-991,-968,6570.3,9728.79
1005324,103577,1,13,-995,-56,1870.76,121.94
1007312,104034,1,15,-717,-879,6071.51,6146.32
1008605,101141,1,2,-275,-828,5878.56,24488.34
1001834,101889,1,9,-258,-709,13647.73,27458.32
1003047,201260,1,19,-961,-935,3371.43,6709.08
1006717,105815,1,9,-320,-771,16053.01,5570.55
1008926,200284,1,1,-630,-293,3768.2,13311.15
1009650,106262,1,12,-94,-357,5442.86,4920.79
1009813,201370,1,19,-501,-558,6557.58,5842.12
1007828,108994,1,14,-305,-820,2100.75,9991.39
1001396,106768,1,8,-354,-26,21337.36,9107.62
1002186,100015,1,15,-950,-223,950.49,8234.14
1007924,107818,1,13,-862,-18,20673.49,2176.38
1005670,108680,1,16,-577,-582,10846.35,4439.98
1000990,101701,1,23,-583,-422,15835.62,10567.25
1009599,108230,1,17,-780,-449,17642.05,4109.93
1004641,103620,1,9,-671,-759,2856.8,2236.81
1007537,101165,1,20,-258,-529,4078.21,16816.44
1000786,200029,1,12,-90,-740,5497.02,11415.48
1001970,201304,1,9,-722,-535,497.05,8258.58
1009868,109817,1,14,-829,-91,12954.95,3516.55
1006269,106979,1,17,-443,-363,4581.66,4496.6
1000354,104106,1,8,-414,-367,21187.83,15227.38
1005657,105664,1,1,-298,-264,3959.15,45768.15
1000873,106040,1,17,-277,-758,4349.18,31773.12
1006008,103614,1,22,-488,-814,3876.64,4147.94
1001008,108615,1,6,-717,-268,3902.58,2880.23
1004537,107561,1,9,-635,-961,3031.63,23674.24
1004805,109087,1,17,-667,-267,15331.65,1959.89
1004622,107934,1,13,-33,-216,4906.78,11769.24
1004947,200677,1,5,-262,-104,10112.83,112.93
1002546,104190,1,6,-324,-560,4369.16,62986.56
1000851,105758,1,6,-359,-180,13104.55,2178.96
1007546,103444,1,13,-614,-839,23959.13,4675.69
1000451,200421,1,16,-33,-100,8277.37,2527.23
1007274,108458,1,20,-700,-309,26756.43,12808.51
1005670,108680,1,6,-631,-413,5556.95,2385.66
1009569,201378,1,20,-355,-488,48179.64,3138.64
1000468,107668,1,4,-770,-577,3763.14,3903.55
1005988,105290,1,13,-409,-96,16914.29,6509.67
1003321,200632,1,7,-187,-293,3913.35,5207.69
1005782,109518,1,1,-55,-552,20943.03,1800.48
1008627,104908,1,11,-950,-409,271.28,800.66
1008883,104181,1,2,-823,-811,51.89,12312.12
1003380,106669,1,6,-21,-55,5610.82,3577.96
1005521,100919,1,23,-466,-423,11249.21,1660.95
1001810,101777,1,3,-84,-686,2136.64,7775.74
1002480,201120,1,13,-393,-666,39191.11,19064.12
1004094,102853,1,21,-808,-215,117.87,11369.83
1002286,107620,1,3,-147,-13,10667.39,3973.28
1008836,100740,1,1,-36,-290,38056.28,13318.67
1002307,102608,1,7,-581,-763,801.02,7712.99
1004970,100824,1,14,-711,-370,24779.12,18099.14
1001499,101502,1,13,-268,-140,18923.97,22184.95
1002955,103726,1,9,-670,-247,407.71,5270.16
1006029,100991,1,9,-120,-236,2629.26,9792.98
1006858,200881,1,5,-612,-525,3259.28,2381.86
1004255,104484,1,23,-869,-613,6801.41,380.63
1001880,105920,1,10,-400,-19,131.58,11286.14
1002809,104425,1,7,-24,-319,20620.64,22090.48
1007042,104901,1,5,-290,-368,3872.24,12595.41
1004642,101006,1,4,-431,-200,7655.06,5254.3
1001724,108893,1,4,-298,-781,10370.86,18029.7
1003519,107185,1,6,-253,-425,26332.93,13415.21
1007222,103250,1,11,-738,-583,5468.95,109.34
1004727,108283,1,12,-436,-171,5470.75,9797.22
1002497,200053,1,10,-24,-877,7868.04,27846.7
1001602,200129,1,14,-289,-882,18628.5,20278.35
1007942,101205,1,3,-463,-138,761.55,7132.7
1002288,103520,1,9,-786,-159,14187.42,11748.33
1006193,201678,1,19,-101,-134,3871.66,13146.91
1006890,100562,1,23,-132,-873,5468.29,3461.43
1005991,200554,1,21,-36,-380,47.72,41906.21
1007270,105640,1,6,-320,-604,44208.11,17197.09
1009157,107452,1,4,-29,-807,14091.3,3558.78
1008817,106672,1,19,-621,-155,19046.62,4.0
1000458,108454,1,21,-890,-706,8206.92,294.9
1004195,109474,1,3,-425,-64,6472.0,3209.98
1002898,102752,1,23,-749,-298,4831.81,4053.97
1002969,101869,1,15,-492,-404,1936.55,19410.43
1007069,102936,1,11,-175,-27,654.73,11758.93
1004866,105409,1,11,-483,-716,1312.49,3960.8
1002513,107329,1,10,-436,-461,9220.52,297.72
1008526,107441,1,11,-880,-964,12302.44,13221.45
1004214,102441,1,18,-776,-876,26770.99,2922.16
1002708,106823,1,3,-327,-395,2385.59,2888.94
1009577,106926,1,10,-589,-543,586.0,8750.06
1004646,108200,1,11,-118,-488,10238.35,6915.82
1008463,109587,1,10,-137,-232,9735.41,3711.27
1008095,107991,1,5,-419,-322,4548.12,12095.56
1000758,108103,1,22,-368,-13,24553.54,2800.94
1000742,107019,1,19,-370,-789,11882.21,5332.04
1000381,108714,1,2,-954,-945,12764.83,28809.27
1007449,200256,1,19,-487,-482,12694.45,4409.12
1004293,101595,1,13,-550,-555,18045.64,16216.49
1002467,100562,1,12,-338,-166,23189.34,14165.12
1007336,200633,1,12,-481,-655,3603.35,3421.06
1007144,105452,1,5,-963,-337,11524.3,26611.51
1001445,101910,1,19,-774,-939,75891.82,14072.34
1004484,201283,1,16,-454,-82,13114.43,697.57
1004029,103230,1,12,-278,-248,3428.71,12802.93
1002499,108010,1,19,-761,-257,2677.76,4909.75
1009473,100582,1,16,-189,-172,4328.49,9466.86
1007475,109307,1,20,-543,-335,2000.49,65542.28
1003740,200181,1,22,-450,-715,18.31,520.94
1009268,103984,1,12,-775,-235,2170.55,11213.0
1001634,108922,1,15,-395,-208,39412.18,10485.28
1008514,104923,1,17,-421,-644,3401.33,31731.88
1005115,201036,1,10,-168,-107,8829.79,37360.07
1009879,101165,1,8,-742,-678,17767.32,4756.04
1003460,104230,1,7,-752,-847,14221.21,1075.09
1000665,103074,1,22,-997,-845,901.37,19998.09
1008382,107519,1,15,-281,-753,4695.28,30053.71
1005871,201395,1,12,-777,-869,6051.3,2723.43
1003835,108745,1,1,-614,-223,20400.71,3718.25
1000737,107257,1,2,-949,-340,3.58,15373.15
1000909,101730,1,14,-55,-686,8712.35,3235.36
1003622,106252,1,20,-873,-74,19518.46,17641.69
1003129,101472,1,8,-419,-665,19051.39,24956.63
1000049,108522,1,16,-734,-593,8951.51,18618.28
1008965,100344,1,18,-641,-769,2533.77,2612.56
1001825,200125,1,13,-90,-289,24189.76,11844.21
1003979,105755,1,9,-55,-409,46914.85,25982.37
1008302,100308,1,19,-195,-794,19057.66,926.9
1007936,101196,1,9,-894,-171,2367.82,1395.39
1007072,107118,1,23,-615,-656,7139.3,3038.22
1005499,102414,1,13,-706,-149,14237.52,21888.36
1004345,101008,1,13,-724,-417,51827.38,14320.25
1009754,102136,1,10,-912,-898,13331.24,21015.96
1007390,103409,1,17,-513,-657,8137.15,99.6
1002759,200907,1,6,-389,-208,8901.24,4986.58
1001688,108431,1,10,-695,-41,6500.43,24355.22
1003043,102020,1,15,-318,-891,7713.53,15809.5
1009143,102803,1,20,-712,-745,1477.07,4534.94
1007563,102426,1,15,-667,-320,27144.37,2652.51
1002476,101886,1,5,-575,-76,990.7,848.26
1001254,201767,1,11,-174,-622,12259.5,12896.42
1000694,200570,1,11,-19,-774,24602.06,6414.05
1007062,106499,1,9,-239,-305,5160.46,14504.71
1009288,108231,1,21,-964,-817,9648.92,6956.87
1003855,108202,1,16,-593,-704,2772.31,3688.55
1003042,200075,1,15,-378,-59,1135.79,5423.21
1006522,102362,1,3,-575,-782,14598.27,16141.62
1005571,101251,1,2,-900,-345,6250.32,9494.99
1001395,100530,1,14,-282,-777,1076.21,741.08
1007003,106685,1,13,-711,-907,14133.51,8229.37
1001933,104641,1,9,-831,-90,6439.34,985.5
1000682,101169,1,12,-391,-625,8126.36,11208.32
1001396,106768,1,23,-287,-47,21494.32,12927.43
1006968,109688,1,5,-475,-813,21538.25,3616.6
1005705,101319,1,8,-251,-215,4704.56,30801.43
1008211,201389,1,13,-672,-873,3804.64,16041.48
1003716,109127,1,4,-877,-782,4586.66,32497.87
1003504,201669,1,3,-24,-293,19572.11,2521.87
1009669,107999,1,9,-479,-504,2430.47,4196.41
1005243,101707,1,23,-314,-692,9736.11,27003.41
1008329,104494,1,19,-399,-34,18893.33,4681.67
1004182,200226,1,14,-792,-385,4879.31,372.49
1005561,100309,1,9,-737,-704,8102.52,2541.38
1009319,107658,1,1,-17,-67,3533.99,3277.29
1000360,109675,1,5,-157,-570,10435.29,2546.14
1001868,103516,1,4,-371,-379,39172.93,2235.07
1003280,102289,1,4,-920,-645,8027.76,5362.16
1002872,105214,1,2,-767,-834,4647.97,1282.81
1002751,102396,1,14,-619,-334,58.5,828.16
1005228,102257,1,23,-545,-511,24539.08,5747.08
1006737,103047,1,2,-247,-795,4129.61,4375.91
1004588,103832,1,4,-255,-275,10958.2,4918.6
1000208,201527,1,12,-940,-808,1110.02,2974.2
1004771,201068,1,16,-527,-471,1932.71,1130.43
1000142,104654,1,21,-139,-314,33202.02,5777.8
1002972,201482,1,12,-800,-98,37823.57,8604.52
1000393,102545,1,9,-496,-640,1910.14,3348.55
1006846,200563,1,10,-692,-258,15111.36,15914.49
1003020,104105,1,7,-328,-310,1665.03,5975.92
1001575,106721,1,3,-710,-265,39945.14,6072.85
1003834,200491,1,11,-402,-784,11774.83,5880.14
1005431,107428,1,3,-995,-317,21598.05,20710.28
1000060,106466,1,17,-369,-629,1226.45,4315.36
1001861,104663,1,3,-912,-428,8045.97,23773.6
1006637,104208,1,16,-512,-534,2486.73,4988.32
1002538,200416,1,6,-186,-180,7385.68,4608.72
1000942,101642,1,22,-287,-534,2562.97,4664.14
1005174,103238,1,8,-72,-138,5195.7,1265.34
1009605,200354,1,6,-340,-451,5987.79,2094.29
1007767,102295,1,19,-402,-368,6532.13,8081.51
1006568,107882,1,1,-750,-631,12627.42,5056.05
1002414,101001,1,16,-638,-450,7128.23,3873.08
1004388,101166,1,3,-232,-573,1337.42,3874.46
1004999,102861,1,7,-624,-999,2541.61,3349.4
1006479,108873,1,12,-799,-301,3051.64,192.29
1007198,100337,1,23,-432,-620,5059.57,10510.03
1006115,109276,1,20,-636,-643,3385.89,3732.8
1008184,102609,1,12,-817,-139,656.49,3620.03
1008616,200776,1,23,-419,-75,4659.22,243.09
1009590,103736,1,20,-617,-573,6696.06,9860.75
1002299,104488,1,13,-367,-300,8606.23,11731.99
1008211,201389,1,22,-232,-334,877.35,19724.39
1002430,101240,1,14,-911,-901,6177.69,12818.75
1002248,108997,1,8,-103,-562,1803.01,3269.18
1009643,106945,1,16,-953,-821,7154.71,17668.19
1004692,103685,1,10,-789,-807,16525.84,17786.95
1004420,103409,1,10,-262,-475,356.14,9292.74
1002691,100350,1,9,-458,-466,27279.77,2052.25
1005889,104622,1,9,-162,-170,10697.44,4945.51
1003741,101309,1,5,-262,-395,17543.33,14880.82
1003205,102033,1,8,-509,-434,5332.32,14063.04
1001847,108289,1,15,-272,-632,23162.23,284.43
1003216,107224,1,18,-332,-848,8042.17,795.31
1007410,200764,1,1,-898,-963,5681.97,10655.48
1006399,100426,1,8,-231,-234,4888.46,6683.33
1000957,108333,1,12,-113,-530,36223.72,2280.72
1000824,200406,1,8,-553,-238,10427.57,30113.87
1009263,200623,1,18,-335,-398,3129.93,3612.42
1003362,104766,1,13,-862,-36,9584.26,6658.12
1003355,102363,1,11,-500,-547,4143.39,696.73
1005122,104538,1,21,-562,-675,13407.68,17158.42
1003099,201582,1,10,-777,-119,9427.62,29628.25
1006162,103528,1,22,-375,-905,10482.15,7367.26
1004005,100561,1,12,-459,-939,12953.92,8809.81
1005146,106875,1,16,-629,-993,8561.95,10507.36
1000699,101256,1,6,-939,-408,9588.73,35659.39
1009518,100619,1,19,-15,-356,16240.84,722.0
1003570,108491,1,2,-680,-383,2427.52,20715.24
1001630,108437,1,17,-920,-982,17336.7,10515.66
1008476,104397,1,6,-855,-485,3658.24,5719.34
1004141,108999,1,22,-912,-889,32596.24,12788.25
1006885,109085,1,1,-663,-632,6085.09,8191.66
1006710,201948,1,13,-846,-185,42319.95,33772.52
1008193,109017,1,14,-791,-792,33751.7,440.76
1008089,105433,1,17,-857,-114,21687.18,9.37
1002864,200565,1,14,-292,-472,18876.61,2222.86
1007758,109351,1,19,-817,-875,8240.77,329.49
1004559,106295,1,1,-50,-511,8038.29,12748.3
1003705,102201,1,7,-741,-554,4350.64,16670.61
1002889,106758,1,7,-398,-75,1238.94,10519.72
1006605,107529,1,6,-142,-703,8907.33,1408.31
1005004,106417,1,5,-858,-493,5764.79,4725.68
1008437,105397,1,14,-879,-438,16292.32,2757.54
1005546,100943,1,14,-893,-875,5467.51,6275.91
1001053,107827,1,16,-877,-305,7354.48,5833.99
1006617,103147,1,19,-158,-135,257.88,3325.07
1004420,103409,1,20,-861,-837,2464.98,3322.15
1008879,100168,1,17,-462,-345,29806.79,20321.35
1004931,109816,1,20,-258,-310,963.96,1486.06
1006692,103963,1,15,-108,-260,1766.43,7807.98
1008303,101832,1,8,-173,-830,5305.2,3873.52
1003490,105526,1,1,-684,-253,14790.97,8704.97
1002637,100111,1,16,-20,-231,8538.47,6619.33
1003977,102376,1,3,-963,-717,485.45,3555.77
1007261,104821,1,12,-33,-471,19907.08,4883.12
1006919,103420,1,18,-619,-692,642.49,9179.49
1005026,107284,1,16,-72,-490,2899.49,5416.65
1007932,201169,1,8,-314,-894,11952.05,13669.35
1000965,201068,1,6,-93,-463,1494.18,226.85
1007105,200431,1,4,-555,-605,32936.18,1451.59
1007307,200436,1,20,-437,-997,7314.07,982.21
1001166,102654,1,11,-772,-491,57700.6,11259.99
1006680,105629,1,5,-514,-210,633.58,2576.42
1000369,107022,1,3,-644,-673,945.01,10816.16
1002437,104022,1,1,-735,-272,4811.16,8127.16
1008510,201642,1,11,-576,-823,4538.02,5706.22
1006313,105805,1,20,-770,-775,6167.53,1170.94
1003904,107718,1,2,-658,-354,10112.74,2556.91
1001435,106129,1,2,-834,-12,23247.82,1237.36
1000780,106677,1,10,-572,-666,14897.59,2411.54
1009697,107429,1,17,-969,-616,9336.63,4963.09
1007534,106327,1,11,-433,-306,51.1,6759.06
1008465,100922,1,18,-764,-261,10742.4,4068.13
1007232,104397,1,18,-758,-576,9144.94,7436.54
1007676,103305,1,18,-283,-296,25333.22,26458.16
1003475,107338,1,6,-208,-210,22688.67,4781.28
1002136,107153,1,20,-777,-102,40876.44,17137.41
1006437,102333,1,16,-556,-122,4105.94,205.5
1000254,103536,1,5,-504,-169,6684.45,15236.4
1001828,101626,1,15,-871,-130,5580.51,15603.2
1002940,105692,1,20,-606,-399,21324.97,530.82
1008483,107828,1,4,-831,-621,3238.93,3590.71
1009833,105274,1,8,-881,-580,1978.99,133.23
1009686,106843,1,1,-833,-380,3385.6,13548.46
1000404,103240,1,5,-999,-231,9418.98,30521.64
1006479,108873,1,4,-411,-497,5222.18,42100.79
1003198,106370,1,11,-714,-662,1144.06,10751.03
1008156,200181,1,3,-687,-448,22269.18,67822.89
1002048,108341,1,20,-995,-24,1758.32,1169.1
1002563,104578,1,4,-999,-215,8639.32,13498.93
1004416,201994,1,16,-968,-127,26502.07,3967.79
1001571,108181,1,18,-845,-72,10948.38,8284.07
1006536,105040,1,15,-39,-615,37492.85,1733.51
1004395,104737,1,16,-532,-273,31513.57,9006.59
1007709,201154,1,7,-691,-809,7055.11,3694.22
1008910,100677,1,9,-87,-698,17508.88,20045.28
1000240,103048,1,1,-876,-332,13022.82,13750.91
1000360,109675,1,5,-757,-703,2078.99,1858.03
1006914,108734,1,23,-820,-748,1336.67,2162.15
1003651,107292,1,19,-935,-600,16569.43,26610.73
1005201,102063,1,11,-663,-665,692.33,8087.04
1008813,100137,1,13,-848,-497,1268.69,3607.46
1000657,107446,1,20,-878,-655,12246.29,649.9
1002901,109518,1,15,-833,-304,24.18,15120.31
1006541,100074,1,3,-24,-28,492.87,786.6
1004655,108788,1,22,-536,-859,13729.22,4201.22
1004510,101714,1,9,-13,-381,1981.94,1160.8
1002895,201295,1,2,-954,-508,13679.19,3749.94
1005101,200785,1,1,-861,-162,4963.75,2369.55
1009846,101994,1,4,-390,-180,5849.89,6375.89
1006626,102851,1,2,-186,-886,4220.3,1982.91
1003666,108567,1,7,-459,-537,4205.24,4502.75
1006597,201204,1,10,-302,-243,6229.26,3458.25
1008242,100562,1,4,-495,-949,8776.24,792.46
1008006,108161,1,23,-764,-927,4936.81,47472.94
1005361,106767,1,3,-614,-786,48353.23,7127.78
1008873,200465,1,19,-512,-98,5579.71,397.4
1006603,107396,1,18,-592,-327,8149.7,11342.37
1000890,100679,1,18,-822,-686,822.29,9418.62
1008139,101416,1,12,-696,-984,11098.82,1769.84
1003988,102612,1,10,-594,-647,16145.06,3279.57
1006595,109735,1,9,-139,-214,5679.9,5958.37
1002867,107655,1,21,-545,-310,25789.09,8876.48
1009544,104275,1,1,-663,-411,409.09,4764.31
1002389,200622,1,8,-246,-779,3824.68,16880.06
1007460,103019,1,13,-78,-587,554.51,23395.86
1008559,105593,1,11,-758,-717,552.92,2117.09
1002763,101589,1,20,-986,-53,11652.11,18017.2
1009268,103984,1,9,-423,-91,4499.59,16043.93
1005955,108277,1,19,-965,-886,10389.4,16713.38
1001797,106533,1,18,-517,-584,5287.48,971.21
1009822,105769,1,9,-817,-370,26825.58,627.14
1009637,102607,1,17,-720,-716,3267.1,6946.19
1008397,109291,1,13,-241,-172,2628.15,28020.26
1006741,103934,1,19,-194,-524,8535.44,6654.8
1006654,105576,1,7,-774,-249,1270.54,6008.0
1006760,200476,1,15,-67,-880,4940.87,8203.18
1002099,105994,1,14,-931,-635,75.29,26102.87
1007357,109147,1,14,-85,-169,4229.2,28045.53
1006721,104434,1,3,-437,-323,32747.1,8677.39
1005884,109650,1,14,-140,-773,7023.65,13511.22
1009273,100406,1,14,-817,-830,47499.16,9391.31
1006690,104070,1,19,-385,-180,6937.4,13314.8
1004654,107127,1,8,-499,-174,4139.22,4304.95
1003671,109117,1,4,-104,-250,495.73,6701.59
1001230,101950,1,4,-188,-118,13550.82,12145.92
1008454,103618,1,20,-338,-991,6282.72,13821.76
1001763,104657,1,20,-390,-106,3712.08,27340.49
1004711,104422,1,3,-982,-307,14904.71,5703.92
1004604,201054,1,18,-868,-108,988.99,5774.46
1009798,104093,1,21,-921,-206,18880.67,32635.6
1002181,109749,1,7,-739,-845,8154.76,17623.75
1002873,109721,1,9,-213,-263,4876.48,3329.34
1009375,100696,1,12,-745,-834,14761.17,24563.88
1002531,201018,1,22,-708,-714,29205.75,43276.89
1003896,105177,1,20,-101,-984,8401.07,7979.71
1006097,109558,1,21,-300,-998,9573.0,1589.0
1004120,107255,1,20,-43,-313,9129.44,23457.72
1003675,103183,1,19,-482,-241,28267.31,25568.46
1008360,201205,1,14,-779,-318,6737.99,77766.93
1002898,102752,1,23,-367,-592,8630.99,2724.73
1001286,109048,1,21,-233,-729,8807.0,2776.72
1009201,103446,1,6,-139,-837,29572.25,1427.15
1000039,109418,1,20,-375,-803,4154.92,4848.5
1000210,201723,1,4,-864,-692,22610.45,13447.42
1006797,104729,1,5,-215,-931,3782.73,6148.25
1000124,201567,1,8,-82,-155,1378.41,4364.76
1002419,103632,1,8,-514,-879,13008.52,5207.5
1005379,106451,1,17,-226,-605,1575.1,10954.87
1001258,102146,1,22,-652,-980,1990.76,25197.08
1001679,200108,1,5,-993,-65,2318.2,5400.5
1002094,102457,1,3,-157,-972,20233.13,29952.32
1008071,101397,1,14,-745,-750,2365.08,1897.55
1001363,108695,1,10,-670,-847,31263.38,22970.39
1008940,102346,1,5,-979,-637,23662.26,3994.25
1000674,200954,1,13,-200,-715,3588.27,11089.93
1004051,104896,1,1,-537,-903,8789.89,5116.65
1006662,108131,1,6,-73,-202,3046.08,15357.72
1003691,200363,1,13,-439,-339,1123.82,10530.25
1003488,106427,1,9,-708,-153,531.93,5341.32
1002657,100613,1,12,-753,-903,25407.0,8771.44
1008669,107548,1,5,-576,-745,17143.82,2710.63
1003857,109542,1,13,-723,-742,17118.82,1260.47
1006570,101858,1,10,-688,-593,251.87,34316.3
1006238,102158,1,9,-234,-699,3239.72,10000.75
1005863,105857,1,3,-726,-975,1826.76,17281.76
1000439,107315,1,18,-973,-128,22633.95,55135.44
1002781,103214,1,19,-726,-575,797.27,16340.23
1001993,103331,1,4,-242,-399,1694.19,13175.66
1000943,108711,1,23,-717,-108,6280.35,15499.21
1001663,105730,1,18,-551,-837,3257.49,10420.68
1001848,106270,1,4,-567,-329,1660.6,6592.29
1008304,200498,1,19,-92,-176,321.93,2784.14
1007138,109217,1,19,-739,-722,9434.36,24788.85
1001458,103748,1,7,-985,-849,39116.91,8890.23
1004279,108775,1,17,-637,-399,3209.15,7197.18
1006303,106583,1,4,-669,-389,18058.06,14040.83
1007118,106983,1,17,-429,-167,13256.17,14577.22
1003944,108531,1,18,-84,-700,10495.75,26665.49
1009809,106411,1,5,-637,-275,54107.93,511.77
1003257,104083,1,11,-34,-707,724.95,12820.53
1003272,108189,1,19,-63,-159,322.61,30466.13
1001655,101108,1,5,-512,-56,2834.97,2883.42
1007967,101142,1,8,-422,-44,13874.61,16841.62
1006890,100562,1,6,-88,-299,630.61,2527.63
1005890,102749,1,1,-309,-850,3440.92,13302.42
1007188,100476,1,20,-459,-332,1906.7,9454.96
1000644,105281,1,9,-435,-221,4872.91,13777.49
1008983,104589,1,23,-517,-339,17340.46,3111.83
1008411,101706,1,18,-625,-938,21754.31,11658.28
1004397,106866,1,19,-121,-571,3230.29,23060.33
1003319,109381,1,1,-29,-746,2798.82,18134.81
1003475,107338,1,22,-137,-637,15448.12,672.76
1005182,101832,1,22,-203,-822,18318.79,393.62
1008117,108820,1,14,-197,-936,10026.64,2122.63
1009322,103886,1,18,-141,-428,2733.41,6202.64
1006125,201418,1,15,-163,-55,2457.04,2316.25
1008544,108808,1,20,-823,-86,18859.78,22237.25
1005868,104755,1,18,-142,-384,908.42,1130.83
1009591,106325,1,7,-518,-736,15553.14,17416.38
1006711,102826,1,13,-496,-934,366.74,5625.38
1005340,200520,1,5,-909,-103,15256.99,10377.17
1007713,107567,1,10,-37,-249,2732.8,30780.02
1000055,104556,1,6,-859,-248,8696.39,20686.67
1005656,201969,1,23,-422,-606,6610.19,4146.17
1000202,103863,1,5,-822,-309,8430.64,7090.94
1006595,109735,1,6,-133,-373,1397.59,3376.36
1009869,100502,1,10,-342,-450,14641.56,11715.83
1004185,107526,1,15,-111,-962,11161.26,3874.11
1004284,101764,1,23,-837,-661,6287.08,4742.02
1008628,109648,1,9,-346,-839,5029.86,18529.98
1005024,201323,1,15,-928,-994,6110.73,8173.56
1004573,103982,1,2,-917,-296,5127.01,14953.26
1007418,103829,1,7,-151,-783,8645.11,19964.23
1001957,100213,1,18,-380,-550,6385.45,13838.97
1004624,102304,1,9,-29,-731,25425.18,6929.48
1002505,101089,1,12,-502,-171,6710.24,2438.03
1005455,108687,1,19,-227,-487,608.87,56341.67
1005886,105622,1,22,-546,-741,7595.4,4257.3
1006376,104271,1,7,-237,-842,1403.93,12334.12
1007575,105746,1,20,-864,-136,1712.4,18624.15
1003251,105028,1,4,-187,-143,6713.38,213.6
1008009,102014,1,5,-609,-436,9504.24,5994.26
1008547,101958,1,9,-26,-206,2526.8,2872.21
1006484,103092,1,17,-426,-418,1937.98,5856.19
1000766,201012,1,16,-654,-176,7392.31,3310.21
1005201,102063,1,8,-294,-982,10629.86,1067.39
1005322,106028,1,19,-978,-568,1193.32,9112.46
1000154,109629,1,9,-100,-539,12966.54,4294.13
1008069,103630,1,15,-265,-923,1678.15,5357.81
1000786,200029,1,12,-309,-619,9389.26,7546.9
1005620,102720,1,12,-556,-760,2410.94,35895.66
1003792,201284,1,4,-534,-988,2620.43,15679.81
1008050,101234,1,13,-244,-196,14552.06,34824.53
1001323,102817,1,11,-988,-682,7665.04,4006.03
1007688,100901,1,5,-306,-589,9397.33,9861.34
1009217,104281,1,6,-969,-573,713.43,764.3
1001740,100513,1,18,-640,-917,4888.47,2883.13
1009549,104289,1,6,-294,-914,6633.9,15063.62
1001482,101114,1,18,-612,-810,15489.96,4010.47
1008652,100427,1,18,-972,-374,9927.7,7535.09
1004589,201859,1,22,-554,-224,3245.08,12311.15
1006069,108119,1,17,-642,-157,6662.63,17245.12
1001185,102527,1,19,-451,-786,14149.61,11214.34
1009559,104695,1,14,-481,-143,13676.29,1484.48
1003030,107058,1,15,-963,-910,5524.29,1620.1
1007413,101388,1,11,-824,-436,2650.93,3064.2
1004693,101757,1,19,-154,-579,3422.98,3664.97
1003497,105788,1,3,-410,-858,3830.26,5203.77
1006573,102715,1,8,-155,-259,26665.67,15544.61
1006249,108174,1,2,-30,-885,9256.05,3026.54
1006030,102766,1,20,-193,-300,420.14,2998.45
1002414,101001,1,2,-92,-951,16331.81,35114.01
1008064,108573,1,15,-99,-457,1534.41,2384.13
1007207,101738,1,7,-679,-78,13529.19,5594.63
1003932,100461,1,13,-923,-475,8499.14,20356.42
1002706,103874,1,7,-804,-214,10351.2,22918.46
1000720,100890,1,2,-433,-216,6821.18,573.26
1002615,100214,1,12,-266,-192,5825.31,614.2
1002120,106113,1,10,-877,-34,5875.51,177.63
1002605,200512,1,20,-866,-800,9103.48,3494.28
1006549,104768,1,3,-989,-474,13586.22,8411.69
1000028,100764,1,4,-717,-105,1068.59,5345.77
1002577,200430,1,16,-571,-596,18114.47,16993.2
1002258,105935,1,5,-173,-163,2462.12,875.46
1008872,108232,1,21,-793,-119,944.31,693.67
1008086,106153,1,20,-633,-108,3474.64,1722.84
1009643,106945,1,15,-712,-640,6128.84,9951.15
1000071,105512,1,21,-623,-784,7205.15,2168.95
1001801,103301,1,12,-350,-357,10817.09,13327.69
1006764,100195,1,11,-107,-630,26294.83,9804.52
1004647,102757,1,12,-282,-958,6635.49,18814.97
1009322,103886,1,10,-592,-912,12750.5,11664.03
1000850,201305,1,11,-145,-838,67060.23,5323.41
1003096,108012,1,5,-471,-19,4382.65,7808.12
1009039,101916,1,13,-468,-980,1180.87,3665.09
1000953,106370,1,23,-995,-244,20790.13,12090.06
1005049,103039,1,13,-448,-13,4522.73,4131.88
1004272,103458,1,9,-422,-126,852.35,2294.97
1003932,100461,1,23,-498,-765,7902.23,1503.11
1008059,100377,1,22,-143,-13,55049.91,26997.32
1005143,109865,1,12,-93,-837,8538.82,17215.44
1000570,107894,1,8,-354,-650,3192.4,1718.65
1004475,106084,1,1,-10,-295,2781.29,24119.54
1000732,105279,1,14,-136,-845,3079.68,10326.73
1002610,109049,1,13,-775,-993,23159.03,6595.82
1000597,106608,1,1,-145,-354,8728.1,7334.23
1008661,102705,1,11,-744,-486,9805.48,7862.67
1001906,200084,1,12,-265,-365,3965.48,4343.44
1007636,104438,1,1,-669,-235,12049.25,6936.52
1008084,201209,1,1,-174,-935,4664.39,2607.66
1009104,108155,1,13,-707,-260,14841.98,2205.45
1006896,109106,1,6,-727,-609,1971.75,524.82
1006796,200407,1,4,-584,-57,2320.59,23836.64
1003687,104319,1,13,-569,-244,8627.6,18751.13
1001902,201185,1,9,-830,-66,13534.38,2987.91
1003281,201065,1,16,-926,-800,5314.01,10133.22
1009561,106407,1,22,-335,-379,13772.09,14224.04
1003201,104014,1,13,-259,-753,9332.0,3235.37
1008603,101736,1,18,-172,-836,956.47,4003.37
1003751,100858,1,14,-763,-617,3634.85,5000.7
1000497,102947,1,2,-135,-495,3090.07,24534.55
1009761,108349,1,15,-606,-900,13517.38,3377.72
1005880,200472,1,23,-900,-966,8401.13,680.53
1000457,201897,1,18,-23,-608,2715.15,12150.85
1000471,108649,1,14,-601,-463,12397.94,15240.48
1005458,200002,1,16,-420,-802,4485.15,35.43
1001562,106415,1,6,-514,-399,6121.04,1734.95
1000446,101655,1,6,-879,-799,23877.12,24074.43
1002950,108232,1,19,-595,-364,3505.26,18151.08
1009791,103941,1,2,-229,-170,995.63,14583.28
1007307,200436,1,3,-930,-312,575.3,900.05
1008685,200268,1,6,-652,-497,539.2,3467.72
1004480,108525,1,3,-839,-526,2905.42,298.84
1008774,104724,1,8,-907,-536,18195.25,9685.3
1001141,109829,1,10,-816,-988,235.4,5454.25
1005866,107446,1,16,-405,-811,32529.29,14036.95
1001010,102880,1,18,-491,-378,6132.53,6371.24
1007599,105641,1,2,-429,-950,7612.99,2943.85
1007882,103989,1,5,-661,-240,16474.9,4828.92
1001188,201030,1,6,-123,-560,9273.91,10352.09
1002039,103482,1,23,-435,-211,1278.57,12380.5
1009751,105349,1,21,-216,-509,6714.6,9647.11
1009945,105124,1,12,-120,-573,1443.68,16180.2
1008251,200819,1,16,-181,-971,16098.13,6016.6
1001033,107754,1,13,-596,-423,20381.86,18894.38
1009887,105265,1,18,-13,-510,8875.07,677.8
1009616,101435,1,12,-300,-516,13344.42,3512.75
1004634,107847,1,1,-57,-214,1698.96,5507.99
1005139,200497,1,8,-873,-353,1501.19,34493.53
1009222,106538,1,20,-918,-78,536.27,8103.04
1007866,109758,1,13,-250,-710,39931.99,26070.52
1002026,109327,1,8,-148,-311,24539.27,9775.26
1000521,105700,1,21,-42,-861,4422.96,15783.76
1009969,201535,1,19,-417,-272,5556.5,172.42
1003876,200497,1,5,-405,-891,10522.61,9788.3
1000362,104204,1,9,-892,-364,4059.84,24961.26
1004815,200853,1,19,-794,-236,698.83,1486.19
1005225,109841,1,21,-743,-403,10041.63,24760.07
1006777,201606,1,11,-361,-135,7076.55,210.84
1006481,105222,1,15,-773,-146,24020.45,9720.22
1002540,101247,1,4,-937,-886,5589.2,3404.54
1002061,103172,1,6,-676,-290,3656.57,6348.49
1005100,108325,1,13,-846,-472,4060.08,7465.83
1000248,107097,1,8,-130,-482,15264.55,5178.92
1008592,109314,1,13,-300,-286,11592.29,23924.13
1006713,107931,1,21,-596,-815,16356.7,2612.91
1004686,100600,1,17,-191,-277,17735.14,12902.65
1004251,107094,1,14,-753,-728,15584.36,15871.0
1008227,201672,1,8,-31,-23,9399.52,4673.77
1007569,103915,1,2,-835,-224,1208.52,694.22
1008905,103100,1,5,-456,-76,2698.17,6252.26
1006495,103942,1,17,-161,-886,199.36,29051.87
1007636,104438,1,22,-373,-672,7995.37,1260.48
1003881,200222,1,23,-304,-893,14000.18,880.54
1002549,108138,1,19,-812,-240,10041.28,8775.82
1002204,103496,1,14,-411,-821,19667.27,6551.41
1001934,100214,1,17,-775,-804,25461.86,6051.78
1004180,102878,1,1,-49,-50,19874.66,2703.96
1000464,106381,1,1,-452,-767,190.22,11126.13
1002280,201511,1,21,-674,-42,17658.56,324.71
1002524,100205,1,11,-403,-225,34649.86,5588.49
1009698,100667,1,18,-974,-649,413.55,5510.69
1006751,107276,1,12,-249,-281,8490.12,7030.13
1005584,100736,1,8,-928,-581,3867.37,29050.76
1000616,100835,1,18,-895,-788,3390.27,2246.29
1009421,100796,1,4,-163,-64,1758.88,21352.26
1006101,109601,1,15,-756,-348,1343.53,4337.27
1008544,108808,1,3,-979,-12,15422.35,7448.97
1001413,200804,1,1,-607,-666,8507.47,3070.28
1004872,106408,1,5,-393,-613,28008.71,7632.95
1006208,201075,1,18,-154,-914,10908.33,9263.83
1000856,201157,1,17,-798,-669,60.12,5526.68
1007376,102680,1,18,-965,-779,13966.86,1516.96
1000027,101282,1,8,-980,-862,8713.5,9785.86
1008087,100933,1,20,-115,-775,526.43,15105.71
1005802,200280,1,14,-297,-147,125.29,9715.97
1005110,201050,1,21,-822,-692,41995.1,2703.62
1004110,100742,1,15,-754,-161,13325.34,27477.78
1008736,100526,1,20,-189,-424,4993.79,2267.76
1008455,102867,1,6,-433,-58,2107.77,5273.35
1008432,103061,1,1,-132,-316,2323.13,15017.48
1004182,200226,1,13,-971,-304,28497.81,16643.05
1002195,100228,1,1,-366,-314,9942.04,4443.23
1000161,106125,1,15,-130,-127,12951.92,7688.62
1003544,104472,1,5,-27,-71,21603.04,6127.01
1001060,108306,1,12,-331,-735,20768.88,47537.59
1007507,101271,1,23,-892,-449,1675.4,14511.02
1006563,105693,1,16,-221,-413,2016.88,17319.36
1000141,101926,1,8,-345,-72,10631.73,39461.64
1002487,107857,1,2,-719,-476,2722.08,24083.21
1003821,201031,1,20,-325,-233,8299.04,25088.9
1008266,107595,1,4,-137,-195,741.29,10551.68
1001993,103331,1,9,-701,-699,8819.71,18907.72
1008713,200625,1,7,-782,-274,8971.23,13113.44
1006239,100039,1,8,-57,-596,22796.55,14121.78
1004142,106662,1,10,-563,-30,4611.25,1647.81
1007947,109445,1,17,-534,-962,12004.58,18303.04
1009887,105265,1,16,-767,-284,9343.49,5034.63
1005287,107516,1,23,-60,-543,16915.44,3778.74
1003393,103256,1,7,-512,-627,1545.64,2218.93
1004518,200836,1,17,-131,-293,4382.96,8361.68
1009049,104950,1,19,-12,-748,12394.78,10516.72
1006507,100407,1,15,-81,-180,11.48,1733.91
1009660,108684,1,5,-985,-208,6331.06,3588.71
1009378,108272,1,8,-927,-109,1003.66,11786.33
1009760,108442,1,3,-54,-204,2703.81,226.07
1007231,201278,1,1,-535,-135,25953.34,23078.67
1009882,107193,1,14,-157,-514,3308.49,3401.52
1006279,201988,1,23,-50,-625,39990.29,135.68
1005892,100213,1,18,-152,-471,9474.62,4080.08
1006552,107171,1,17,-125,-930,22437.4,4520.71
1000454,109785,1,1,-73,-114,1293.14,18535.03
1001008,108615,1,13,-65,-217,23076.37,4223.77
1008962,102697,1,10,-202,-668,6072.33,5746.13
1002150,103743,1,1,-171,-163,31342.61,23869.17
1000163,201464,1,11,-10,-731,13657.78,1891.23
1007048,105692,1,10,-29,-744,4115.64,5525.63
1009947,201329,1,7,-521,-957,208.73,1558.19
1007209,200876,1,18,-351,-939,6845.4,11086.56
1007186,109268,1,3,-125,-753,7346.03,15404.96
1000501,201020,1,10,-521,-236,3656.11,8854.3
1008666,201943,1,17,-775,-519,22514.28,10943.64
1007434,100633,1,11,-685,-766,9894.51,684.6
1008390,201600,1,8,-916,-973,12763.23,47720.33
1003718,201632,1,20,-314,-273,4369.6,4049.29
1005658,108593,1,8,-111,-791,5733.06,15464.49
1004801,101845,1,6,-970,-557,8026.4,6939.99
1000404,103240,1,23,-714,-393,23184.01,32604.29
1006075,101693,1,18,-592,-402,7855.03,8911.56
1006113,105588,1,20,-28,-459,39724.84,12959.54
1001876,200687,1,1,-837,-481,18177.49,991.15
1001837,200408,1,10,-761,-708,42994.71,1739.4
1002576,100073,1,3,-95,-416,20553.46,1113.1
1005704,201150,1,23,-770,-532,963.87,42654.8
1009391,109222,1,17,-346,-131,10837.81,736.38
1003597,200434,1,19,-873,-473,4138.56,15475.95
1000441,101348,1,21,-753,-908,8600.52,296.82
1005414,104909,1,14,-234,-267,4256.28,10043.33
1004734,201685,1,3,-636,-699,227.84,6379.96
1001925,109969,1,3,-584,-536,536.77,6136.48
1009797,106070,1,16,-588,-153,10330.6,3152.73
1007820,103353,1,8,-767,-959,21309.68,12074.18
1008161,200686,1,20,-392,-364,1218.12,2355.36
1000402,108099,1,5,-514,-898,4722.3,12131.91
1000145,106797,1,19,-612,-681,8177.07,3119.53
1005196,100229,1,6,-203,-567,39099.92,6844.42
1000059,201892,1,20,-706,-760,4679.84,408.76
1003526,201704,1,20,-733,-760,238.74,7661.15
1006191,106589,1,23,-85,-499,2627.73,13908.82
1008748,108127,1,22,-172,-879,5858.31,158.71
1000553,102634,1,21,-621,-727,485.85,12335.5
1003634,109948,1,2,-421,-541,4793.57,10485.45
1003525,102564,1,5,-486,-397,3632.03,7916.32
1001583,107297,1,12,-639,-438,20400.01,2636.95
1008554,109263,1,15,-73,-345,27541.58,3615.51
1000480,100803,1,7,-384,-705,3718.65,2368.66
1003188,106206,1,6,-920,-537,11887.85,2756.6
1002008,106707,1,14,-181,-928,2742.44,12027.44
1006334,101541,1,22,-497,-183,7659.74,23946.13
1007678,107399,1,17,-619,-859,1404.43,18510.37
1006879,104388,1,8,-237,-10,9354.65,7127.85
1006676,108065,1,18,-182,-473,4309.8,12233.66
1008313,103727,1,4,-224,-478,7270.81,15181.72
1005449,103408,1,8,-519,-186,16710.46,19010.94
1003089,201459,1,9,-418,-910,11643.76,5852.95
1006273,108527,1,23,-247,-390,1545.33,12658.67
1006158,101032,1,13,-161,-460,5765.4,3695.74
1004838,105315,1,19,-632,-232,3032.2,4273.21
1005318,107143,1,2,-312,-325,7003.82,17838.48
1005749,105414,1,10,-731,-649,5439.7,10562.12
1009779,109925,1,9,-796,-39,8950.51,14260.18
1009783,108559,1,8,-233,-283,2687.38,356.94
1004073,103342,1,7,-687,-95,6852.59,64132.9
1005698,200686,1,20,-430,-367,21837.39,3440.0
1004898,101977,1,13,-185,-80,3565.05,9317.97
1005857,106527,1,8,-269,-678,6489.01,8669.04
1008921,102931,1,17,-47,-360,6050.51,15423.02
1001360,100495,1,5,-785,-955,17223.31,2902.58
1003272,108189,1,18,-737,-965,4188.76,5828.96
1009378,108272,1,19,-141,-751,6067.14,17448.33
1007352,101120,1,14,-986,-897,16127.05,24401.35
1002513,107329,1,20,-28,-624,10602.92,2855.44
1000634,103013,1,6,-634,-30,3808.26,55635.73
1007217,103786,1,3,-272,-16,2544.24,11639.5
1001107,201623,1,2,-656,-952,19461.42,716.98
1004603,109091,1,11,-632,-135,12870.56,13982.96
1006580,105922,1,9,-180,-618,10732.18,13711.13
1004964,108805,1,21,-516,-67,8075.71,141.51
1000784,100581,1,19,-212,-204,9322.97,22669.6
1006723,109133,1,23,-330,-561,25840.18,14166.03
1001646,108105,1,15,-90,-121,20587.03,7329.55
1005179,104807,1,23,-956,-639,33397.81,5815.85
1005172,103855,1,2,-783,-244,26487.85,22569.18
1006183,108828,1,8,-276,-624,5382.6,3730.43
1007929,101047,1,16,-887,-157,28449.12,1239.17
1009199,106778,1,3,-379,-578,1370.52,5407.92
1005303,108966,1,5,-163,-483,8647.29,20264.39
1005537,101651,1,3,-310,-820,2803.94,19490.12
1004978,201007,1,20,-494,-605,1356.61,2160.58
1007625,106421,1,20,-205,-283,6736.14,1072.77
1000180,105851,1,19,-741,-618,3994.83,4060.13
1005413,106200,1,6,-741,-78,27814.15,548.81
1008115,105133,1,17,-44,-57,35447.79,23853.6
1002744,103512,1,6,-488,-292,12487.28,654.17
1000953,106370,1,7,-801,-772,265.4,3173.51
1003593,106375,1,4,-633,-543,3059.43,3091.9
1007465,107212,1,15,-841,-264,2503.72,19580.12
1002879,107075,1,13,-442,-629,3573.32,5151.4
1000041,104021,1,10,-506,-179,47916.64,960.82
1001992,108257,1,1,-364,-714,9406.34,8829.51
1003894,108387,1,3,-350,-377,19109.24,5029.74
1002554,101630,1,5,-686,-996,22696.35,3869.77
1004191,103827,1,8,-292,-407,25964.84,3572.76
1009086,100998,1,2,-506,-655,1152.73,499.15
1008717,105203,1,6,-383,-799,30864.89,3117.48
1003156,109173,1,14,-448,-768,793.51,14290.76
1009073,200891,1,12,-925,-349,3765.43,1963.66
1007612,107558,1,5,-341,-490,14862.67,2924.44
1003439,100157,1,6,-641,-265,4108.19,50911.83
1007595,100875,1,20,-559,-826,5651.5,2248.18
1005553,109541,1,5,-810,-807,1587.04,16081.1
1005320,107417,1,23,-215,-527,5967.03,8245.14
1008277,103713,1,7,-161,-191,3559.69,1730.69
1000187,107761,1,7,-473,-107,4568.77,9063.78
1000086,101314,1,22,-211,-174,11842.4,4991.31
1002658,201654,1,15,-307,-36,17192.35,8800.74
1009755,109607,1,16,-664,-904,9823.65,26519.65
1003301,108765,1,2,-153,-440,3502.27,12060.06
1007706,107387,1,10,-746,-263,11495.49,20283.91
1008006,108161,1,12,-749,-851,5758.55,3725.8
1005141,101775,1,2,-60,-294,117.79,12292.76
1002075,105014,1,9,-848,-523,3176.59,11.41
1004021,101992,1,16,-357,-316,5637.03,3988.75
1007311,103074,1,16,-795,-251,3261.91,3501.6
1002630,107699,1,15,-242,-382,4678.46,2979.17
1006508,105959,1,3,-328,-310,25930.32,21596.15
1009172,105805,1,19,-312,-55,903.05,922.39
1005728,109012,1,23,-403,-592,46587.77,8321.98
1002731,105521,1,23,-527,-854,5903.15,6957.42
1007992,106541,1,8,-721,-604,409.37,20524.36
1006451,106890,1,23,-817,-786,4245.19,8574.53
1004050,108298,1,18,-670,-406,10908.89,15857.22
1001018,103233,1,16,-791,-363,12198.39,4481.08
1003172,102913,1,14,-753,-247,1774.06,2658.5
1005571,101251,1,11,-333,-770,9335.55,6135.48
1003347,104993,1,5,-747,-49,4375.37,29072.74
1003064,105773,1,14,-385,-239,19591.18,8249.91
1006332,104647,1,12,-698,-936,4650.41,925.09
1000254,103536,1,21,-886,-79,7192.92,35746.17
1008626,201248,1,18,-441,-330,1781.14,3526.88
1000122,100910,1,11,-73,-121,32444.58,4433.98
1003808,105819,1,5,-571,-283,2072.32,913.23
1000964,108783,1,7,-75,-996,4028.39,8369.45
1006569,107792,1,17,-693,-536,6784.34,41071.9
1008013,201533,1,14,-906,-217,11934.17,27984.41
1003295,106750,1,17,-163,-246,1329.87,11145.74
1009995,106302,1,9,-832,-475,195.86,1238.66
1002593,101073,1,6,-966,-883,10065.85,1540.65
1002962,107128,1,16,-436,-95,7846.48,3215.5
1008652,100427,1,18,-914,-52,10219.53,1579.27
1007549,107580,1,18,-409,-488,25292.73,27231.45
1007841,104367,1,7,-785,-813,2827.15,5416.95
1006884,105520,1,22,-179,-160,10331.88,3218.35
1007879,101852,1,6,-777,-684,12123.66,17045.34
1009208,101801,1,15,-393,-648,10336.78,13524.37
1003781,104671,1,5,-889,-117,3185.81,35381.36
1009596,103560,1,8,-444,-341,9430.09,4913.79
1004685,100754,1,18,-496,-795,34625.51,4388.42
1000571,200369,1,9,-491,-85,4723.07,18551.78
1008373,106156,1,9,-510,-50,2340.72,4673.58
1007516,103563,1,8,-266,-544,2822.71,671.3
1003982,102872,1,15,-502,-983,7891.8,977.86
1000742,107019,1,18,-801,-576,7258.45,7466.88
1008959,109032,1,21,-846,-943,2299.32,13949.89
1009392,106278,1,6,-707,-13,19273.37,5152.89
1001150,201610,1,11,-670,-277,5524.88,24400.84
1009890,107447,1,16,-181,-322,23323.22,2040.96
1007355,103136,1,17,-711,-870,14124.25,28237.86
1007776,101433,1,17,-502,-630,11131.14,2761.87
1006126,104206,1,6,-964,-287,13356.01,3208.18
1002650,103489,1,9,-129,-887,1979.37,3920.21
1008516,105345,1,10,-354,-753,10171.03,2806.08
1008717,105203,1,5,-631,-131,12668.33,7061.57
1000135,105050,1,3,-345,-908,699.63,4400.05
1005045,101180,1,8,-350,-350,42365.6,38238.52
1005910,105771,1,4,-18,-809,55781.77,26295.89
1009281,106258,1,6,-127,-868,5387.04,27097.91
1007682,107591,1,10,-176,-920,18404.06,9238.38
1005906,201345,1,9,-204,-398,3882.31,2046.31
1002114,107185,1,2,-731,-453,10358.22,846.17
1000408,201074,1,7,-608,-856,598.57,5266.76
1007149,109265,1,3,-447,-247,1133.11,19338.97
1002386,106439,1,7,-264,-387,3826.35,3855.3
1003824,103130,1,19,-698,-27,1709.94,13382.93
1004587,100138,1,22,-810,-621,5387.98,1389.0
1002511,201958,1,5,-180,-958,40445.85,20182.11
1009165,106318,1,18,-167,-325,5978.99,1153.81
1008322,106016,1,13,-119,-626,3724.04,3094.11
1007298,104457,1,16,-129,-437,2619.09,15.13
1003546,200178,1,22,-578,-174,10778.15,21573.76
1005886,105622,1,7,-193,-874,12621.43,1718.59
1003950,101399,1,18,-420,-731,4345.34,3986.3
1000063,109033,1,1,-560,-509,58262.5,24843.14
1000804,106398,1,22,-549,-998,3425.68,9377.37
1008475,200819,1,1,-958,-56,668.94,480.67
1007361,102635,1,6,-899,-759,3846.85,4655.4
1003338,201962,1,10,-542,-211,4821.34,6400.96
1007435,108605,1,4,-477,-133,2927.69,2417.05
1006523,109782,1,1,-526,-106,1998.63,15200.85
1004065,104774,1,7,-320,-729,3825.35,7267.31
1001129,102923,1,14,-173,-724,2499.57,907.34
1003572,103810,1,1,-703,-968,16387.34,4610.77
1000301,200866,1,8,-978,-493,7109.79,6915.66
1005454,200954,1,17,-437,-559,10975.91,7829.31
1007805,107531,1,5,-76,-987,3367.07,1686.48
1006599,107374,1,6,-383,-187,47640.5,7773.8
1000269,108665,1,20,-28,-436,3689.5,10379.88
1000511,106475,1,2,-343,-772,14352.27,8773.78
1007347,108054,1,9,-390,-719,18066.2,2013.21
1001128,106903,1,13,-100,-697,12327.18,21441.17
1007111,201160,1,13,-900,-265,2987.7,4498.31
1000977,102742,1,6,-773,-107,10595.81,10992.71
1003859,201764,1,6,-497,-487,2508.87,1438.08
1007180,109871,1,3,-759,-276,9361.08,18502.12
1007941,104964,1,10,-726,-892,5435.13,6736.78
1004714,108716,1,10,-638,-318,13799.52,4710.19
1003755,101857,1,9,-311,-314,5459.26,4947.74
1007018,101811,1,12,-985,-41,26318.23,14862.09
1006969,100168,1,8,-264,-663,19997.4,15128.56
1009506,103862,1,20,-802,-223,15032.76,6883.85
1006505,103139,1,4,-671,-59,3235.37,186.74
1003652,100449,1,23,-790,-181,9236.23,27696.6
1007021,201823,1,6,-999,-255,9701.87,1884.02
1007373,100253,1,18,-663,-73,43648.48,4948.05
1007153,201414,1,11,-212,-558,3909.41,27847.54
1002661,201004,1,23,-915,-731,38820.95,695.03
1002690,100518,1,17,-361,-304,14112.94,3095.67
1002827,105909,1,9,-448,-27,9655.54,27849.73
1009292,108290,1,4,-532,-400,4656.66,4947.43
1004734,201685,1,8,-740,-322,5302.82,1718.1
1000442,100056,1,17,-679,-280,2931.27,6608.49
1006794,108958,1,7,-708,-980,24916.19,7953.28
1007315,104495,1,15,-633,-661,15246.91,4579.38
1006945,103288,1,2,-421,-872,776.69,17085.45
1003307,100921,1,18,-376,-318,1436.28,414.98
1000541,106535,1,10,-466,-362,13574.16,21158.74
1009231,105313,1,16,-219,-249,13202.07,10050.38
1001568,101905,1,9,-742,-290,7841.15,11054.5
1006394,201838,1,7,-553,-188,4777.94,1469.42
1001148,105414,1,2,-319,-42,39101.23,1673.1
1005550,105181,1,4,-629,-480,9514.25,2992.5
1001633,103610,1,9,-182,-473,3815.04,12243.42
1003747,107571,1,8,-674,-854,5988.25,1760.71
1002403,108738,1,3,-650,-352,312.19,3593.87
1007862,109114,1,23,-240,-892,20836.89,10447.4
1007427,101480,1,18,-122,-358,2527.4,13283.94
1008853,102256,1,6,-824,-966,1013.36,1787.92
1006138,108712,1,14,-40,-273,6100.34,10245.43
1000972,105651,1,5,-938,-749,4258.73,1390.09
1008614,201958,1,18,-322,-477,2461.11,3091.1
1002115,100095,1,4,-170,-650,2368.18,14051.11
1004763,104525,1,14,-614,-281,18136.91,7813.61
1005517,107522,1,18,-136,-430,1690.16,3779.35
1002248,108997,1,11,-600,-763,3240.27,12876.49
1006161,107215,1,7,-556,-905,2452.25,412.37
1009432,109409,1,19,-737,-583,7836.73,538.06
1000908,104827,1,19,-958,-482,273.07,916.59
1000390,201536,1,18,-462,-561,8098.28,6604.53
1002121,109222,1,21,-393,-51,25983.99,1463.66
1001158,105356,1,20,-236,-383,3400.8,1493.76
1003442,104415,1,1,-226,-436,32696.74,16404.4
1007296,201412,1,8,-599,-333,10932.0,10307.35
1003866,100689,1,21,-159,-315,11872.08,6716.94
1005524,200721,1,5,-127,-623,3273.89,1201.63
1001756,200734,1,4,-794,-130,8090.07,8625.95
1004407,106243,1,19,-926,-184,3253.72,12031.42
1007435,108605,1,3,-602,-508,193.81,7397.13
1009360,103819,1,11,-372,-14,4683.4,23813.82
1007812,105199,1,22,-873,-504,10139.5,4506.31
1003544,104472,1,7,-140,-969,27543.4,25753.88
1002414,101001,1,21,-994,-78,9073.2,17557.26
1001069,103150,1,20,-265,-709,11915.44,1553.05
1006855,109286,1,22,-383,-919,10538.79,2037.09
1006711,102826,1,12,-575,-274,6358.86,10969.7
1006618,201872,1,6,-348,-116,33360.2,6484.13
1001167,102819,1,8,-889,-585,1436.83,2283.14
1004590,107561,1,18,-882,-616,2695.05,7429.79
1000306,201668,1,15,-953,-266,5554.75,2778.8
1000739,105689,1,9,-448,-254,1073.49,29043.41
1003717,104516,1,2,-592,-621,10633.83,12797.19
1000674,200954,1,19,-191,-999,9165.98,296.25
1006630,104430,1,1,-939,-867,14819.3,3544.02
1009479,201027,1,15,-834,-776,3265.96,8518.65
1003066,105259,1,1,-25,-489,4880.45,4359.43
1000493,104006,1,23,-888,-342,6389.39,11460.27
1001081,106659,1,21,-115,-672,1044.33,35846.58
1009740,107434,1,9,-230,-145,1875.07,6959.37
1001513,106450,1,11,-355,-332,8283.34,17245.06
1008737,103545,1,13,-747,-353,2087.79,20732.4
1009899,108747,1,10,-614,-305,1176.77,7633.34
1000189,102047,1,19,-418,-793,17219.19,9209.89
1005233,104924,1,15,-420,-399,16159.01,11667.13
1006267,103707,1,19,-984,-663,303.9,8231.81
1002610,109049,1,16,-971,-850,11900.39,19260.01
1000405,107578,1,20,-516,-702,16778.92,1384.1
1009064,105197,1,14,-953,-926,7165.88,4114.03
1007185,109876,1,20,-318,-789,11401.91,366.09
1005858,109130,1,23,-690,-505,6436.76,1397.83
1006655,201583,1,15,-564,-586,27311.35,5219.55
1008541,200648,1,18,-718,-16,23326.63,8874.87
1008275,109049,1,13,-211,-517,2203.61,2493.23
1008769,103678,1,9,-421,-587,12099.81,3229.28
1000716,201767,1,11,-501,-487,31030.71,58558.09
1008673,107026,1,6,-340,-968,1677.94,20830.14
1006250,108533,1,22,-349,-128,151.72,3258.75
1003587,100972,1,2,-829,-190,12278.99,6402.65
1002365,104268,1,22,-782,-473,18115.3,37185.19
1000829,101287,1,21,-257,-850,7591.14,10898.48
1006476,201665,1,11,-634,-295,564.53,5756.78
1006024,101785,1,16,-796,-113,6345.24,3210.7
1006796,200407,1,2,-882,-114,22918.07,1065.22
1003594,102278,1,6,-601,-216,3081.36,3461.31
1003413,102266,1,2,-917,-16,6064.09,1177.13
1006965,103826,1,14,-981,-911,2231.42,4102.96
1006699,105613,1,7,-919,-504,8685.22,27940.7
1008429,200300,1,7,-549,-953,15636.25,8670.7
1009995,106302,1,18,-128,-953,17470.12,3469.56
1001499,101502,1,6,-72,-818,4399.48,2207.41
1008415,106371,1,7,-935,-501,31034.68,1449.8
1007862,109114,1,16,-38,-488,1840.19,4830.71
1009346,104026,1,21,-665,-660,16421.64,10477.98
1002090,100054,1,14,-595,-264,9918.4,9799.07
1008950,108196,1,23,-165,-38,16952.95,22396.22
1006585,201721,1,10,-185,-577,1717.26,9383.38
1002979,201931,1,9,-490,-862,11026.88,9691.18
1001397,108455,1,14,-726,-494,15648.15,13070.49
1004217,100742,1,10,-455,-550,13667.32,11670.82
1000257,101927,1,8,-412,-329,10377.92,3933.34
1002271,106976,1,7,-332,-590,21546.13,13288.14
1004608,105961,1,10,-35,-753,4377.9,28556.31
1002756,106491,1,13,-628,-586,28555.76,3287.52
1004975,109413,1,4,-663,-297,17467.31,9143.8
1008866,102705,1,22,-53,-788,16626.61,23395.49
1004783,201674,1,18,-189,-520,3319.45,14180.32
1000418,100711,1,23,-607,-118,2000.73,7396.53
1005070,101894,1,21,-530,-999,5986.7,18577.29
1002843,101733,1,4,-771,-788,2786.42,6403.11
1008679,201153,1,6,-40,-819,44.48,7851.86
1003300,200633,1,17,-645,-979,27960.16,4756.5
1003145,102582,1,11,-119,-807,11621.38,8657.31
1009513,104751,1,5,-946,-820,5040.29,16085.17
1001880,105920,1,3,-151,-257,31735.03,2.43
1000454,109785,1,14,-375,-28,22821.28,9825.2
1000667,103919,1,10,-459,-519,7436.82,37690.8
1004286,104164,1,4,-420,-947,17530.73,421.19
1008370,102247,1,6,-429,-355,28763.77,1513.23
1003573,100527,1,5,-491,-248,2027.42,12601.97
1007173,109876,1,13,-953,-110,13639.53,17683.64
1005254,101207,1,6,-46,-557,1335.57,1425.0
1003532,201062,1,14,-626,-12,15478.96,3890.39
1001509,102836,1,16,-139,-852,13899.22,17883.4
1005358,102760,1,21,-789,-632,8119.51,5251.48
1009727,103108,1,9,-267,-572,1824.83,10455.34
1001354,200773,1,15,-784,-928,2926.23,1875.44
1003969,100418,1,19,-684,-914,4846.19,1961.68
1008021,106374,1,5,-576,-161,1795.95,2340.61
1009803,100614,1,16,-770,-798,173.65,7074.37
1008847,109026,1,1,-30,-378,1863.32,12814.62
1000230,100456,1,5,-205,-645,1901.56,4253.15
1005146,106875,1,18,-586,-755,5591.12,8777.67
1005336,105444,1,6,-597,-793,5624.47,958.78
1004309,106646,1,1,-640,-169,16621.7,16037.19
1009642,107351,1,11,-405,-965,712.36,49234.27
1005220,103534,1,23,-686,-560,9681.04,11796.65
1008178,101865,1,2,-476,-160,434.31,2995.41
1000352,200934,1,14,-462,-897,2048.94,13526.41
1009759,107202,1,10,-373,-636,29266.91,13068.53
1005625,109312,1,14,-330,-532,1901.58,20834.85
1000222,107211,1,22,-321,-885,8981.12,3101.57
1001102,201560,1,19,-421,-951,356.52,14983.3
1001481,200925,1,7,-669,-764,20524.61,2166.98
1002049,200159,1,18,-135,-484,128.66,18922.96
1005146,106875,1,18,-365,-870,22091.28,18638.97
1005231,105460,1,2,-261,-877,9340.88,14565.6
1006581,104329,1,1,-316,-164,512.09,3183.54
1009772,100367,1,16,-469,-735,7568.23,24333.67
1003310,200724,1,6,-682,-716,8944.52,17920.17
1000720,100890,1,13,-312,-257,5110.97,13197.25
1005957,100768,1,2,-830,-127,7624.97,4983.43
1000956,100750,1,14,-72,-774,15141.88,17637.17
1002533,103224,1,10,-782,-405,18046.81,6054.97
1002859,105227,1,3,-895,-568,6136.77,3944.72
1000470,100687,1,21,-271,-195,17294.48,2903.52
1000187,107761,1,22,-800,-413,4742.74,3427.57
1007280,102269,1,13,-599,-415,6302.45,44034.59
1000778,100797,1,21,-914,-95,3212.77,5011.43
1006775,109919,1,22,-968,-594,2104.49,4472.21
1000543,200508,1,5,-552,-421,6261.59,1829.63
1004624,102304,1,14,-855,-354,14598.63,24956.25
1005029,109844,1,20,-916,-809,12859.01,7302.84
1008599,106167,1,15,-866,-992,1984.29,20944.93
1006723,109133,1,2,-989,-527,6895.23,978.83
1009122,105441,1,7,-902,-876,2448.6,11493.37
1004722,104243,1,19,-576,-825,4843.74,14029.05
1001065,201135,1,5,-509,-164,2306.11,15599.74
1004539,101276,1,14,-110,-729,3325.18,14395.65
1002131,104808,1,5,-85,-691,7462.15,12442.45
1000484,103212,1,14,-933,-776,6689.2,14233.97
1006719,101464,1,11,-204,-323,1237.77,1593.04
1008891,200655,1,11,-441,-571,8848.31,25149.5
1008954,104743,1,2,-298,-527,4153.32,4235.49
1001808,107935,1,9,-762,-31,9434.79,8001.54
1008628,109648,1,15,-638,-213,4049.76,19340.15
1005146,106875,1,16,-956,-52,5414.25,10951.81
1005152,201232,1,7,-212,-607,34439.26,5578.98
1002038,106737,1,9,-137,-512,26927.44,12434.53
1009520,103573,1,21,-29,-729,6268.6,1084.09
1003501,101801,1,13,-980,-348,12614.3,19524.17
1004750,102720,1,22,-138,-354,2302.66,490.52
1003090,109654,1,11,-394,-426,213.16,25452.52
1009479,201027,1,19,-933,-345,12152.39,28663.59
1002873,109721,1,6,-297,-306,266.53,985.02
1004933,103047,1,22,-375,-413,8476.62,63.0
1006282,201297,1,18,-185,-107,707.97,2352.91
1009526,100986,1,16,-28,-180,2029.23,17099.89
1001822,201621,1,16,-570,-766,4104.78,6298.34
1004337,103556,1,1,-525,-469,20238.92,1943.26
1005001,105033,1,21,-792,-970,14808.56,764.19
1009294,201901,1,2,-675,-728,15289.39,1250.39
1009088,108061,1,5,-640,-759,10.47,16930.58
1001679,200108,1,21,-788,-854,639.18,5847.09
1004812,201013,1,23,-950,-464,37036.51,10950.08
1002898,102752,1,11,-756,-614,7924.94,12427.06
1009498,105494,1,1,-362,-183,742.95,18557.72
1001441,100527,1,16,-612,-842,7804.01,25821.58
1007204,100482,1,1,-276,-420,476.47,1023.36
1004381,101474,1,22,-133,-221,11410.27,1354.01
1005576,200109,1,3,-688,-781,6997.66,8713.36
1002754,100895,1,13,-625,-266,0.18,12108.69
1004665,101435,1,5,-833,-985,1447.9,16352.82
1008865,109424,1,4,-533,-994,11907.87,1826.73
1005368,102568,1,9,-29,-392,4651.76,20700.87
1000676,108441,1,16,-47,-674,770.65,26964.2
1003800,200692,1,11,-991,-976,14337.3,3729.11
1009171,103260,1,6,-14,-453,3436.77,17266.87
1008182,107224,1,22,-404,-207,11337.53,8139.92
1009969,201535,1,8,-385,-746,11340.56,245.52
1002014,102613,1,23,-847,-432,12883.74,377.08
1007108,102298,1,18,-116,-863,23092.07,1307.02
1000593,201269,1,9,-196,-170,25272.96,17621.37
1008631,102059,1,6,-881,-324,2711.78,16576.27
1005989,109511,1,10,-820,-247,363.16,30391.27
1008659,100249,1,21,-904,-506,6820.36,5001.9
1004197,201381,1,13,-661,-18,543.66,5551.68
1005940,101921,1,2,-837,-934,3684.08,1976.25
1004151,201859,1,4,-125,-509,3175.42,5762.8
1007351,103444,1,19,-259,-416,14039.75,5972.78
1006677,106607,1,12,-888,-177,418.6,16799.99
1005364,201238,1,17,-414,-986,7668.74,49634.57
1004688,101636,1,12,-863,-641,3728.99,7253.07
1003190,108947,1,19,-923,-360,1401.62,14729.46
1000667,103919,1,3,-493,-189,8569.41,15020.2
1001871,105202,1,21,-711,-360,1265.31,5072.33
1005818,108807,1,22,-258,-685,8190.97,3177.92
1009159,106975,1,8,-976,-82,16082.85,11339.37
1004197,201381,1,10,-261,-78,2214.65,14562.8
1006203,100461,1,7,-202,-911,2654.27,7059.91
1002926,106863,1,7,-141,-564,4992.62,1305.62
1007196,108426,1,20,-654,-818,4986.01,6419.86
1009045,102686,1,8,-164,-610,23514.52,23008.06
1000768,107836,1,1,-507,-753,8450.32,9769.82
1006570,101858,1,22,-692,-779,1417.78,5144.07
1003341,102801,1,7,-786,-351,2479.88,12854.49
1008878,109194,1,14,-840,-232,5064.22,4421.29
1007112,103099,1,13,-895,-107,3707.59,2054.43
1003555,108210,1,19,-697,-978,14165.58,8096.13
1007360,101548,1,10,-290,-633,10082.07,100.14
1005352,101580,1,19,-896,-80,16092.66,4317.15
1009849,106016,1,10,-84,-327,3485.36,3717.12
1001579,102696,1,1,-873,-774,9623.67,5109.04
1001049,109771,1,11,-848,-970,26335.44,1729.56
1006256,108104,1,13,-324,-880,10160.95,7067.97
1005974,101736,1,8,-926,-505,3518.33,2563.67
1006692,103963,1,1,-752,-234,6547.4,13502.35
1003649,107966,1,7,-512,-385,26966.62,3654.93
1009628,102062,1,1,-731,-412,1093.2,7917.03
1003263,200433,1,21,-850,-945,3770.31,12938.21
1006209,103272,1,16,-905,-456,39652.29,7798.38
1005057,101528,1,21,-520,-399,2248.91,38145.93
1001357,108692,1,21,-166,-703,35856.24,7263.39
1006964,104397,1,4,-39,-702,3734.32,24117.34
1003775,108428,1,1,-290,-796,1657.47,19451.85
1003071,101861,1,21,-798,-807,7580.74,4880.24
1002017,101896,1,3,-915,-152,12827.72,4988.54
1000435,107596,1,10,-990,-810,24063.83,12204.17
1008955,105429,1,3,-287,-972,23160.03,4079.23
1007031,105156,1,4,-709,-464,48.16,10223.09
1008024,105790,1,13,-564,-288,24417.65,2358.03
1001667,109820,1,21,-698,-684,8668.07,1187.21
1006374,106973,1,14,-640,-980,6009.06,3404.79
1001305,200568,1,19,-157,-376,20085.76,24964.22
1006546,106800,1,1,-939,-227,1929.33,21496.0
1005039,101338,1,23,-123,-900,15113.76,1769.71
1005599,201875,1,1,-944,-139,16481.17,2366.25
1001951,100396,1,6,-892,-948,1328.24,3059.28
1002159,101587,1,4,-462,-918,20690.15,18394.52
1003478,103555,1,17,-271,-178,3631.52,1748.94
1009538,100980,1,17,-505,-938,4000.95,864.34
1007545,105954,1,6,-53,-560,12475.95,3059.65
1007525,102270,1,2,-804,-515,5939.32,25709.75
1002227,200566,1,2,-386,-524,1391.85,205.57
1000756,105083,1,18,-443,-304,8521.79,3177.68
1007366,109823,1,6,-938,-524,11780.27,1657.14
1004377,108036,1,1,-834,-719,6630.25,21526.36
1009421,100796,1,16,-678,-573,28445.09,6128.83
1007278,106301,1,16,-74,-218,10670.82,28712.87
1005371,103432,1,6,-667,-489,21109.83,6212.39
1009927,100252,1,21,-333,-256,18238.73,20196.72
1009075,108602,1,3,-961,-699,7230.26,381.61
1007311,103074,1,14,-187,-978,12570.92,19465.96
1002988,103838,1,1,-805,-175,1706.73,7351.68
1005873,104056,1,2,-321,-711,13944.71,3920.17
1004603,109091,1,1,-120,-912,13392.13,2562.21
1001516,109379,1,7,-620,-123,17825.79,3487.2
1000127,108278,1,8,-419,-201,3802.45,17744.31
1001857,105793,1,22,-514,-86,2500.46,4847.31
1004046,200819,1,20,-278,-895,8250.52,14044.67
1000697,102118,1,2,-581,-251,5946.49,7991.05
1000920,104984,1,2,-328,-398,14647.57,15070.33
1006007,102300,1,7,-209,-928,5112.49,4069.63
1006774,108621,1,16,-226,-317,10760.69,7590.15
1000378,201090,1,9,-850,-170,2177.19,37834.44
1004809,201383,1,21,-212,-574,3336.85,14666.48
1003513,102559,1,16,-172,-850,17400.78,4183.67
1009028,106586,1,16,-842,-980,10368.79,3356.53
1005980,107183,1,18,-976,-254,4065.94,6367.9
1006228,103108,1,12,-415,-663,16032.62,21177.24
1002095,100012,1,1,-735,-745,19338.21,117.55
1002833,200559,1,4,-459,-538,13851.33,19880.6
1009876,201304,1,10,-643,-253,14312.67,7638.7
1007959,101617,1,23,-629,-290,3618.44,1698.6
1004761,102333,1,8,-806,-945,2659.23,4262.18
1009615,200429,1,8,-596,-307,3376.74,1991.9
1006447,104236,1,4,-602,-15,19645.46,8716.74
1000049,108522,1,19,-662,-210,10976.98,3700.67
1002176,101599,1,3,-642,-453,13293.41,33385.68
1007187,104356,1,20,-947,-449,7187.35,140.44
1007372,200546,1,11,-306,-539,23890.63,12784.8
1004827,102975,1,23,-958,-398,59.18,6169.09
1004609,106121,1,16,-839,-515,4215.39,384.8
1006963,109362,1,16,-232,-462,11154.1,9606.2
1001841,101019,1,2,-449,-376,22324.41,5923.79
1002538,200416,1,22,-466,-968,231.7,4489.41
1006585,201721,1,4,-239,-97,7873.11,7160.06
1003760,108361,1,10,-256,-934,10955.75,32627.65
1005559,201437,1,17,-675,-641,8914.85,6984.77
1009367,109083,1,15,-643,-614,2988.75,2858.68
1009747,201083,1,6,-375,-466,5431.58,35884.56
1006913,107927,1,8,-426,-413,10904.39,34367.05
1001965,107811,1,19,-804,-719,14446.73,422.64
1008154,109757,1,3,-939,-391,1578.93,230.71
1007239,104682,1,1,-51,-27,1982.16,9764.85
1008152,103937,1,1,-336,-251,3545.34,612.52
1005285,100595,1,6,-976,-448,978.9,15947.23
1004486,201530,1,2,-902,-424,36.69,316.58
1005369,109353,1,21,-288,-687,2412.23,8449.25
1006039,106041,1,10,-510,-772,1904.48,31920.89
1001484,107044,1,4,-273,-108,1092.77,14965.04
1005551,106359,1,11,-844,-939,37171.9,4937.43
1000398,101761,1,20,-936,-548,3175.24,2062.49
1006944,107365,1,22,-298,-307,1708.69,1088.17
1000885,102127,1,21,-912,-606,23652.31,461.72
1005170,200163,1,18,-423,-364,9491.32,6439.7
1008421,108458,1,12,-802,-835,5867.52,10063.76
1002045,200854,1,2,-779,-94,19896.98,396.33
1003275,104671,1,19,-817,-913,5195.81,11534.61
1003972,107527,1,15,-161,-494,21505.44,8644.15
1004290,104695,1,12,-839,-28,5977.15,15221.69
1006826,104216,1,15,-403,-295,199.06,7552.87
1000054,201824,1,17,-939,-91,550.5,8791.69
1001467,103124,1,15,-553,-965,9534.43,1915.72
1006732,105224,1,12,-991,-466,19997.88,741.5
1004401,108866,1,23,-964,-517,2436.84,5977.57
1002051,101710,1,15,-105,-669,9430.66,21471.55
1001773,100361,1,3,-479,-947,25770.09,35809.22
1004971,108539,1,4,-756,-920,27833.55,36416.88
1006817,101629,1,13,-548,-461,4180.14,7950.54
1003039,201936,1,5,-573,-945,9.0,4847.37
1001257,104520,1,6,-823,-227,22.41,5777.29
1002316,200013,1,21,-922,-220,6194.93,12840.09
1003518,108704,1,22,-819,-414,5795.31,18786.23
1003426,103110,1,11,-39,-335,10395.93,4795.22
1004881,107377,1,18,-497,-900,588.31,25281.32
1006540,104749,1,11,-867,-440,1355.16,4093.61
1000219,109085,1,6,-394,-592,2907.79,9287.67
1003751,100858,1,10,-136,-317,13103.01,11772.72
1000433,104473,1,11,-292,-697,909.09,3252.13
1004564,201189,1,14,-633,-540,8189.88,29463.04
1002685,107166,1,21,-33,-942,1856.77,11280.52
1006517,201304,1,13,-305,-868,13550.12,5383.69
1002312,108645,1,11,-158,-850,6822.71,2282.12
1007832,102844,1,22,-875,-508,6434.93,31113.84
1000985,107699,1,2,-484,-797,26513.81,1614.14
1003354,101607,1,11,-148,-210,11703.35,13197.01
1007081,201855,1,22,-404,-875,7078.37,219.53
1006327,109387,1,13,-333,-986,23027.57,4305.9
1006460,106847,1,10,-770,-863,5374.33,2464.41
1005022,201998,1,20,-69,-519,1232.41,5389.0
1004361,103829,1,5,-86,-137,1178.43,53046.03
1001393,100927,1,20,-208,-940,2654.2,340.07
1006022,107302,1,15,-148,-399,7883.26,8202.3
1007269,102069,1,12,-744,-344,2599.13,18370.31
1002731,105521,1,15,-803,-233,1870.63,15.47
1000215,101744,1,15,-144,-394,9798.54,2163.54
1001127,109064,1,9,-898,-287,15200.67,2025.24
1000087,107893,1,13,-132,-325,24768.31,23055.22
1009897,105661,1,22,-265,-36,1483.81,23429.42
1001512,108605,1,15,-524,-293,2973.6,9586.82
1004747,108007,1,13,-740,-843,11024.42,7690.31
1006968,109688,1,23,-944,-75,12327.63,27823.24
1005973,101276,1,5,-319,-842,4567.91,8150.47
1008624,200331,1,21,-87,-527,2531.54,3021.46
1001570,108690,1,21,-73,-32,3363.47,3969.32
1004728,105894,1,23,-83,-863,19595.23,5518.04
1004658,104250,1,23,-512,-641,6808.53,9485.15
1001034,102457,1,13,-528,-942,1398.4,4404.15
1002540,101247,1,4,-33,-360,563.27,15417.85
1006926,105070,1,19,-190,-111,2125.31,4260.73
1006006,104911,1,5,-957,-143,499.13,3007.24
1000430,106301,1,4,-586,-787,8062.96,10143.37
1003876,200497,1,7,-494,-203,4191.59,12841.09
1008555,102587,1,3,-757,-372,19163.71,20782.1
1002375,105790,1,14,-196,-320,7461.47,14071.36
1005596,200338,1,16,-171,-76,2211.37,1313.15
1001718,101659,1,5,-857,-425,10877.0,6875.23
1006590,201272,1,3,-125,-924,2657.06,5822.67
1008674,200947,1,13,-772,-583,34563.89,2119.25
1001155,105592,1,13,-764,-170,276.68,64570.5
1000509,201265,1,2,-58,-130,16308.48,1605.77
1006406,106006,1,3,-886,-357,16543.87,5616.21
1000477,105800,1,10,-963,-158,1166.22,5625.08
1002965,101060,1,13,-135,-211,3394.62,318.57
1003667,100844,1,9,-500,-637,5498.29,5197.21
1009870,103303,1,10,-399,-809,8572.53,32622.15
1009594,100924,1,8,-553,-384,20136.63,6489.7
1006215,201702,1,4,-27,-626,13080.09,11175.6
1001558,101308,1,5,-102,-693,23463.49,18832.85
1006117,104401,1,11,-714,-641,1737.34,684.0
1008867,107276,1,16,-635,-774,36486.0,5875.45
1005672,101700,1,17,-970,-210,12206.64,14421.66
1002416,105531,1,3,-725,-889,1808.05,526.66
1006502,108055,1,21,-713,-955,3954.63,6106.36
1004155,102963,1,23,-447,-456,3259.1,30477.66
1009516,200624,1,8,-483,-115,40272.53,24942.95
1001334,201947,1,5,-176,-560,28849.43,8337.99
1009210,102194,1,14,-148,-974,28415.03,7457.63
1008860,107587,1,17,-657,-582,24702.18,14603.34
1009975,106544,1,15,-748,-733,5338.97,12932.8
1008805,201247,1,17,-558,-32,6802.58,6361.29
1001753,103214,1,11,-919,-371,1016.46,1911.72
1000143,105908,1,3,-340,-565,7511.47,42810.33
1000293,109882,1,7,-487,-898,745.96,19359.61
1006700,103752,1,12,-469,-716,9880.64,7001.35
1009409,104825,1,1,-754,-453,4054.25,771.89
1000802,104152,1,3,-23,-623,9449.1,160.58
1003936,107045,1,13,-438,-277,1649.91,4405.59
1000593,201269,1,14,-419,-553,5784.57,2704.25
1000688,107550,1,10,-932,-241,7775.3,1284.52
1007585,107562,1,6,-399,-437,5340.46,1531.79
1005494,109426,1,6,-518,-892,19915.81,33651.05
1009345,106846,1,14,-564,-526,10870.83,10080.85
1005704,201150,1,16,-281,-876,5990.68,8069.26
1009972,201397,1,3,-144,-478,542.23,13858.07
1003711,102205,1,22,-58,-559,918.06,4890.36
1008991,107805,1,1,-837,-753,6462.61,1599.7
1000394,103660,1,3,-164,-391,7037.13,4805.6
1008910,100677,1,7,-614,-36,9479.03,13536.81
1007010,102881,1,14,-262,-685,8750.76,11652.32
1005202,108551,1,4,-70,-700,9868.45,740.48
1004484,201283,1,3,-659,-905,1384.13,3293.1
1005541,105087,1,16,-62,-961,1348.23,10473.26
1003464,109539,1,18,-317,-743,26834.69,30825.8
1000562,200965,1,4,-723,-34,6352.99,14553.82
1006035,102927,1,4,-874,-662,3839.49,5643.13
1001752,100981,1,18,-487,-265,1614.74,6675.4
1009397,106357,1,15,-371,-117,5546.41,12268.12
1004521,200004,1,10,-726,-354,2195.08,2649.64
1007137,105043,1,18,-412,-562,16627.77,14650.86
1008550,104556,1,13,-915,-357,5868.96,13496.05
1007066,104518,1,7,-53,-23,34796.65,4181.42
1005133,103242,1,10,-797,-626,17836.52,3832.16
1004909,109415,1,16,-982,-806,10555.31,2888.68
1008992,109979,1,9,-522,-933,10701.98,4698.82
1009298,104761,1,15,-981,-498,50983.94,5684.06
1005423,107316,1,22,-46,-348,8369.96,390.97
1008763,103679,1,7,-868,-403,10793.46,55104.88
1003716,109127,1,20,-21,-484,1704.16,27142.1
1003524,105399,1,12,-272,-564,4052.49,1804.53
1005833,109963,1,8,-775,-686,4016.21,18758.53
1007460,103019,1,8,-279,-334,2147.06,16853.7
1008429,200300,1,6,-637,-375,3371.95,3107.78
1002211,200419,1,16,-681,-60,2665.33,40129.83
1008544,108808,1,8,-127,-278,14653.66,3083.09
1005575,104428,1,23,-226,-949,1718.3,28585.76
1009305,102669,1,3,-57,-940,11229.67,5920.62
1007870,105968,1,22,-700,-113,899.47,6140.19
1006907,108165,1,15,-183,-213,6723.5,17103.42
1008567,100572,1,22,-984,-67,3941.91,11433.63
1006648,104096,1,22,-153,-459,45707.27,6866.83
1008942,104739,1,23,-360,-184,10404.51,2457.85
1002027,103783,1,21,-583,-671,4407.15,18246.38
1008500,200389,1,14,-920,-575,24188.25,26856.67
1001714,100642,1,15,-274,-992,207.89,8246.13
1009070,102321,1,9,-464,-826,2512.24,12273.81
1006765,108915,1,8,-880,-262,14207.67,35602.1
1006714,100215,1,13,-631,-780,923.62,1781.04
1009672,200390,1,5,-629,-945,17870.03,1222.56
1000336,102457,1,17,-27,-850,1866.73,995.76
1002859,105227,1,6,-128,-365,3717.02,32834.17
1005325,101663,1,4,-537,-548,8192.14,13850.49
1006885,109085,1,11,-862,-978,13626.48,13604.32
1008930,104068,1,21,-249,-509,65.52,7289.76
1002765,107868,1,4,-484,-298,12135.59,7986.6
1009138,101465,1,20,-515,-756,5925.64,21169.1
1002349,109715,1,23,-829,-138,4965.98,29825.56
1005327,109202,1,10,-915,-728,5701.77,750.47
1005020,101853,1,12,-484,-630,4676.81,8282.84
1009828,109511,1,3,-619,-950,12226.99,13256.74
1000213,200412,1,23,-346,-49,2570.58,7249.4
1001543,104354,1,17,-935,-977,574.94,42387.63
1006019,100570,1,13,-494,-62,26273.87,6869.62
1006488,200117,1,14,-179,-111,28027.13,51772.24
1002457,201901,1,8,-963,-506,1604.54,7673.42
1003642,201203,1,1,-846,-452,1353.71,6459.1
1009590,103736,1,14,-466,-792,7086.94,22565.42
1009686,106843,1,21,-763,-422,149.86,7801.38
1004204,201817,1,4,-468,-510,1523.74,7801.44
1005517,107522,1,21,-463,-823,32140.82,658.62
1007498,107913,1,17,-142,-963,10433.62,16332.47
1003154,109232,1,20,-318,-921,1683.69,6619.79
1007993,200770,1,7,-895,-871,7222.43,5035.06
1000914,100823,1,4,-199,-486,6999.79,12666.38
1009957,100749,1,7,-895,-853,5626.06,6947.98
1000813,106920,1,23,-601,-611,21369.79,17430.44
1002516,201853,1,5,-975,-606,16834.64,2017.02
1006215,201702,1,12,-18,-873,1240.37,9217.66
1007699,102029,1,1,-68,-242,6928.6,15482.85
1005566,201533,1,4,-303,-913,5476.52,25147.2
1001448,104078,1,15,-441,-205,9737.58,44867.88
1009857,108086,1,12,-109,-47,3464.35,14505.91
1008975,101416,1,9,-50,-626,2795.05,4135.23
1002321,104661,1,11,-954,-910,5360.69,769.89
1005180,105062,1,9,-89,-44,453.55,19427.16
1007918,103412,1,16,-593,-478,17527.69,4591.62
1003786,104453,1,18,-51,-134,5226.77,4374.14
1006211,108452,1,2,-701,-228,2587.56,6660.52
1004579,102377,1,18,-639,-176,3180.64,3580.72
1001392,201082,1,4,-623,-293,7405.2,1745.57
1008378,103304,1,21,-63,-591,3424.19,1631.15
1002443,108860,1,13,-878,-138,216.66,2158.73
1004296,103657,1,9,-906,-694,3534.3,138.42
1004105,103257,1,18,-659,-350,9026.87,18772.9
1003859,201764,1,20,-140,-899,50501.57,17594.68
1006115,109276,1,3,-189,-875,26742.35,3837.77
1002133,200690,1,8,-753,-674,19257.01,48652.74
1004944,107651,1,22,-401,-911,74.77,1824.81
1000989,104818,1,9,-493,-789,32712.07,12240.2
1007083,108464,1,21,-14,-315,4116.3,314.82
1006293,108166,1,10,-160,-181,7442.03,6067.97
1000235,201127,1,3,-733,-841,93.85,9853.25
1001721,109831,1,20,-449,-973,14741.17,4381.82
1005458,200002,1,12,-776,-323,9874.34,2718.78
1009932,106659,1,7,-366,-230,9071.77,16959.57
1001652,101163,1,20,-164,-438,1694.48,286.17
1004043,104112,1,22,-39,-232,9499.32,15234.02
1004140,105108,1,6,-86,-667,5400.52,15799.28
1009252,104993,1,19,-739,-207,28554.94,4749.54
1003085,105300,1,4,-61,-747,22260.58,6951.16
1005736,201937,1,23,-699,-934,20884.96,5702.53
1004432,103696,1,9,-524,-842,176.81,10669.4
1006629,100399,1,12,-802,-719,11050.71,4728.45
1002118,109133,1,6,-910,-77,5787.07,7452.29
1009463,106348,1,19,-340,-992,2526.73,305.25
1000175,102537,1,11,-535,-477,2601.7,5118.42
1005640,101708,1,10,-795,-762,2456.52,5690.73
1008061,200852,1,8,-739,-603,4982.11,7980.56
1005874,107666,1,15,-426,-199,41384.99,1989.85
1003875,102536,1,5,-891,-17,7552.44,9184.78
1003917,102130,1,17,-238,-754,1815.76,1126.35
1009958,104387,1,20,-391,-594,7878.21,17922.25
1005982,109537,1,17,-338,-983,13536.1,6166.57
1007635,201366,1,3,-266,-703,3466.6,5046.18
1003632,104880,1,19,-237,-865,519.16,3216.6
1008961,108114,1,11,-142,-523,4774.15,1018.92
1009755,109607,1,10,-836,-899,14988.67,13273.64
1009670,200831,1,4,-832,-541,2447.46,1985.98
1001419,200687,1,17,-135,-746,121.65,1649.25
1001329,106023,1,11,-401,-163,8786.1,11244.93
1005426,109641,1,18,-471,-869,361.97,1472.02
1006953,109651,1,9,-938,-567,14428.16,29073.8
1000985,107699,1,4,-18,-530,23571.9,340.13
1008521,100714,1,2,-881,-180,2017.26,22571.9
1002065,106515,1,10,-564,-380,14940.63,6509.11
1004845,102827,1,15,-78,-477,3906.73,53149.68
1004020,102095,1,15,-429,-667,12254.08,4620.99
1005125,101350,1,12,-351,-180,2129.19,817.63
1005898,102350,1,4,-386,-910,6953.22,4455.11
1001128,106903,1,13,-574,-795,12093.31,3275.6
1000891,104498,1,5,-929,-711,3860.49,8060.22
1001423,102800,1,21,-54,-58,20629.04,12672.95
1003364,105954,1,19,-143,-473,1138.16,39925.69
1004436,103087,1,19,-327,-175,543.36,2117.84
1007256,103520,1,16,-177,-986,30351.22,24330.03
1006600,108238,1,17,-518,-607,1412.74,4664.95
1008885,101263,1,12,-675,-562,3045.34,7226.57
1000587,103782,1,11,-253,-215,21149.82,11116.21
1003389,106107,1,9,-918,-546,3828.3,12339.57
1000146,104383,1,1,-373,-841,529.02,4375.39
1008902,107454,1,8,-64,-696,7110.47,8738.4
1009646,200498,1,6,-832,-717,16349.08,9221.81
1009070,102321,1,17,-771,-973,2093.38,315.75
1001598,107965,1,18,-272,-198,16203.91,8609.42
1000677,201071,1,19,-108,-355,17378.48,24768.35
1000410,104673,1,20,-267,-83,2854.44,11185.26
1008648,109459,1,15,-679,-437,3279.9,5228.06
1007645,201214,1,23,-253,-195,1257.43,2643.27
1002501,200208,1,22,-386,-821,25175.95,8174.94
1000680,104696,1,11,-881,-504,6342.34,924.55
1006463,107315,1,12,-773,-943,8834.17,378.8
1005374,100369,1,13,-853,-811,1722.74,1360.54
1005038,200481,1,16,-988,-964,5128.46,14690.85
1008940,102346,1,22,-342,-102,5675.55,813.56
1005828,103721,1,13,-558,-155,13399.12,13346.61
1000717,106501,1,18,-161,-813,25284.7,6173.48
1002968,103642,1,3,-689,-339,14841.78,3495.07
1008162,100259,1,1,-527,-367,9482.99,2239.73
1000805,109568,1,12,-672,-816,5319.94,33458.9
1007277,106332,1,15,-397,-202,12069.54,4089.28
1005810,103032,1,12,-902,-953,295.23,37822.04
1006583,107169,1,7,-510,-492,4654.82,5112.63
1007826,106021,1,7,-256,-972,7235.6,6003.48
1005864,102065,1,16,-839,-462,4333.43,30516.63
1006177,103389,1,18,-650,-413,967.12,12711.63
1006013,101041,1,2,-784,-986,8810.13,8085.03
1006770,109237,1,2,-962,-404,15181.56,9180.13
1006811,102578,1,10,-948,-381,16459.14,2171.62
1004028,103502,1,1,-120,-100,2822.94,8303.79
1004291,107813,1,7,-408,-562,2280.16,971.78
1009268,103984,1,17,-725,-736,11484.86,6740.72
1008934,109746,1,16,-891,-579,17711.6,11859.58
1003706,108503,1,21,-78,-232,9826.52,19367.14
1000417,103881,1,8,-101,-592,1646.41,3834.35
1009913,200160,1,17,-459,-393,8010.4,117.27
1007674,100035,1,13,-169,-438,3420.97,57987.67
1003477,109999,1,16,-82,-84,637.7,429.2
1008005,104206,1,7,-448,-555,7708.74,5849.77
1007140,201288,1,18,-627,-433,28847.89,65688.69
1001921,107591,1,14,-942,-813,2777.5,21231.3
1006430,106879,1,12,-748,-162,9402.13,2680.7
1009639,100679,1,16,-562,-528,1040.32,2980.83
1006047,107102,1,5,-252,-508,8173.88,1626.11
1006901,107677,1,5,-92,-950,1586.58,33795.67
1004741,102741,1,14,-631,-728,5073.66,824.1
1009967,101610,1,18,-613,-914,6659.87,3199.7
1003446,200616,1,10,-788,-379,16178.76,38632.8
1001249,101569,1,1,-333,-911,445.08,3187.1
1008647,107614,1,5,-377,-331,477.33,12121.33
1000344,201983,1,17,-316,-315,9424.9,4152.59
1001960,107286,1,11,-39,-807,986.5,5443.92
1003181,100787,1,3,-117,-567,4634.64,10676.61
1004845,102827,1,10,-438,-928,5114.37,2969.51
1006179,107343,1,9,-421,-62,5404.38,6256.91
1003676,100352,1,20,-619,-322,10349.62,3096.13
1008472,201469,1,17,-519,-796,25031.99,2828.83
1009822,105769,1,19,-578,-834,5207.07,2717.05
1009398,106763,1,19,-465,-668,8767.47,4345.62
1003411,100491,1,17,-993,-475,4122.16,4083.44
1004157,105870,1,18,-702,-394,2615.11,8612.48
1005732,109218,1,19,-509,-189,1433.18,32823.27
1004102,201329,1,23,-344,-95,316.06,10846.21
1001885,104461,1,7,-780,-955,322.14,8850.37
1002846,104333,1,19,-715,-774,33886.81,10070.89
1001393,100927,1,9,-879,-417,591.55,1234.45
1002546,104190,1,2,-857,-215,2112.12,5607.84
1001110,101179,1,20,-964,-863,25386.71,635.09
1003295,106750,1,14,-345,-494,4062.56,1960.52
1002044,106390,1,22,-656,-569,9980.22,766.46
1005958,103684,1,3,-688,-294,5344.84,177.37
1000006,102429,1,22,-886,-452,15234.21,7793.46
1002553,200344,1,23,-491,-662,7813.76,1488.32
1008282,108650,1,2,-406,-509,5881.4,15382.21
1004973,101950,1,21,-850,-781,23399.56,5394.43
1003214,109816,1,20,-629,-855,14939.4,4601.41
1009544,104275,1,6,-897,-106,13966.74,6560.85
1009769,107455,1,16,-483,-308,10151.44,3983.35
1001695,107814,1,20,-514,-615,17677.78,21172.03
1009101,109791,1,17,-808,-660,4355.88,1653.17
1005824,200916,1,20,-193,-306,15872.06,2640.24
1003441,102144,1,20,-258,-352,10068.68,37724.26
1001782,102489,1,23,-600,-833,1729.57,1016.33
1002194,200379,1,13,-878,-508,47055.21,6550.37
1001341,200555,1,13,-442,-650,5602.25,6220.76
1009889,108630,1,7,-343,-487,509.34,30168.46
1000954,103910,1,12,-95,-322,23204.37,8478.16
1007616,108185,1,2,-141,-737,5592.44,4670.22
1003529,107827,1,14,-345,-841,2295.75,1197.98
1008918,200640,1,20,-549,-525,15812.04,7763.52
1009095,107565,1,11,-173,-953,1350.5,12936.55
1000082,105906,1,15,-107,-201,44287.17,11239.83
1000550,108317,1,16,-589,-33,167.64,910.25
1007835,103302,1,17,-217,-406,20626.09,26966.41
1004130,104969,1,14,-671,-826,10623.91,4139.49
1001466,102961,1,6,-843,-576,58366.78,6399.4
1005330,109811,1,10,-506,-351,10460.93,5459.31
1005268,108355,1,9,-291,-406,2509.33,9633.0
1001870,201363,1,14,-145,-288,14207.07,2977.91
1004457,200902,1,13,-878,-358,5828.71,3319.05
1002610,109049,1,6,-314,-884,16732.92,5013.26
1004219,100098,1,22,-787,-721,14538.68,20917.67
1002593,101073,1,17,-330,-302,383.42,11779.07
1006066,106691,1,17,-809,-947,23503.81,2069.5
1009241,108787,1,17,-412,-958,15035.09,26379.05
1006878,105003,1,16,-53,-864,6241.56,1096.24
1002988,103838,1,6,-926,-111,1563.4,2723.42
1000632,101387,1,9,-554,-690,16930.22,8515.6
1002981,100106,1,11,-962,-737,5486.23,8204.0
1001397,108455,1,11,-485,-818,7416.4,29713.95
1007646,105162,1,2,-953,-206,24218.04,6033.32
1000927,103271,1,9,-820,-491,2430.63,10453.88
1007096,100185,1,8,-91,-594,5735.61,8916.44
1006939,106819,1,17,-608,-67,2431.39,46674.99
1001309,108177,1,9,-356,-838,3086.65,9579.76
1006138,108712,1,21,-239,-843,2940.3,57.1
1008587,105892,1,4,-149,-652,64405.13,10777.54
1006127,102645,1,11,-485,-390,13372.23,5143.97
1001769,108634,1,15,-89,-965,48692.98,13963.83
1006812,103581,1,18,-931,-958,18703.54,24733.76
1003608,105686,1,23,-328,-694,3581.45,34852.08
1007628,104293,1,15,-387,-947,1674.32,14006.94
1005645,108896,1,21,-746,-16,3298.09,13701.69
1001779,103603,1,20,-658,-319,23475.23,583.08
1000640,101120,1,14,-250,-252,11052.26,2794.13
1004695,103568,1,10,-250,-628,3562.77,5103.6
1000747,104592,1,22,-593,-299,8331.09,6860.11
1001155,105592,1,10,-498,-118,3081.87,8308.25
1002622,106908,1,4,-816,-387,2948.0,1249.9
1001738,105629,1,6,-591,-580,15769.84,5490.89
1008398,106065,1,11,-378,-311,3775.49,3401.13
1003430,104850,1,8,-803,-811,6839.17,2400.66
1002094,102457,1,4,-478,-850,10305.92,24137.13
1006725,106866,1,2,-562,-462,4894.28,16142.52
1009268,103984,1,21,-454,-380,7031.88,15657.52
1004512,103675,1,9,-289,-864,9864.8,2763.3
1000498,103573,1,4,-231,-342,6335.93,42969.21
1001969,100695,1,12,-291,-675,14555.24,230.12
1005387,109764,1,23,-380,-954,9256.8,28939.93
1007659,100782,1,20,-128,-883,14287.44,15682.94
1007134,103274,1,3,-641,-14,9617.87,16650.6
1004052,100465,1,5,-14,-528,1583.34,10687.52
1009308,108846,1,2,-67,-120,9822.13,18330.82
1001637,108714,1,9,-78,-993,5831.41,38945.8
1008649,107459,1,23,-32,-560,3215.74,1738.91
1001629,102827,1,1,-502,-37,267.43,19329.97
1009750,103997,1,13,-10,-385,6520.55,5935.51
1001791,100167,1,19,-91,-758,8793.79,3360.23
1001788,108156,1,6,-498,-866,265.7,24859.6
1000429,108014,1,14,-830,-702,13624.66,8553.47
1008018,101227,1,9,-492,-83,7137.47,6021.75
1006599,107374,1,22,-286,-156,10266.67,5679.3
1002141,103009,1,23,-288,-486,3533.67,5690.35
1008861,201158,1,12,-392,-20,5293.05,4801.04
1008917,107545,1,8,-861,-22,3732.19,7688.62
1009382,200410,1,20,-487,-173,21519.28,11451.36
1005271,100001,1,16,-930,-94,7348.98,2778.88
1003376,105140,1,5,-772,-153,491.97,2888.85
1006715,101388,1,17,-508,-647,506.47,16885.88
1009128,106202,1,7,-406,-136,14746.27,11485.32
1002539,106400,1,21,-622,-639,6492.54,18984.58
1002773,106976,1,3,-497,-366,641.7,5753.41
1001357,108692,1,6,-517,-905,627.17,278.76
1006727,109681,1,19,-984,-382,18044.37,9565.07
1002806,107654,1,23,-325,-616,10188.15,5768.74
1000854,102888,1,17,-233,-780,4688.65,4701.73
1009762,102054,1,6,-392,-749,434.12,6948.07
1006428,200899,1,3,-803,-877,2234.39,1081.06
1006212,101940,1,5,-215,-824,4889.21,18498.55
1001176,107687,1,12,-974,-210,16392.59,3237.85
1008218,107554,1,13,-826,-714,7620.99,16640.99
1002428,100045,1,18,-901,-249,5065.22,409.39
1002589,109470,1,14,-698,-115,1601.98,29061.66
1000968,102789,1,23,-196,-753,131.29,10128.02
1005207,201072,1,6,-335,-572,586.12,9468.83
1009426,109791,1,23,-386,-579,8385.9,42851.62
1006436,104950,1,12,-831,-595,2685.22,914.39
1008688,201952,1,13,-417,-206,1318.29,21200.57
1003919,104102,1,8,-275,-519,11084.37,11460.77
1004974,104054,1,15,-919,-90,2211.33,7736.23
1004317,106392,1,22,-760,-508,14144.62,40631.92
1001802,200218,1,5,-723,-285,6492.52,9438.23
1008336,100238,1,20,-545,-203,6888.8,16965.39
1000007,107690,1,5,-598,-567,10351.05,5666.61
1001328,200538,1,8,-184,-324,31045.75,21662.16
1003223,102965,1,1,-924,-493,25185.93,2684.36
1003417,200494,1,4,-704,-887,4064.56,4179.71
1008565,201861,1,14,-15,-375,66111.35,5596.94
1009398,106763,1,19,-690,-22,29985.18,10066.64
1005490,102183,1,17,-697,-720,3272.18,1223.07
1009553,108994,1,21,-260,-773,4190.71,22381.47
1005639,105111,1,5,-817,-685,7427.87,7054.16
1004100,103950,1,21,-228,-360,3843.44,7045.41
1008335,106008,1,18,-527,-177,12097.27,12706.37
1000831,105929,1,19,-199,-215,9968.31,15357.01
1002882,201911,1,11,-922,-729,760.39,7060.66
1004339,201170,1,14,-153,-113,15776.0,369.03
1003106,102845,1,22,-135,-354,3087.55,980.21
1008194,104871,1,6,-982,-631,2628.9,3707.16
1007876,102441,1,17,-886,-882,5400.9,12795.77
1003710,103970,1,17,-82,-825,11835.86,10650.38
1001201,108069,1,17,-328,-530,14853.47,30224.41
1004829,105351,1,8,-530,-974,3641.48,4131.66
1000754,102604,1,10,-600,-301,5184.24,5270.45
1005151,104609,1,14,-863,-957,22204.05,4807.54
1008341,103301,1,23,-658,-538,1620.6,1329.35
1005982,109537,1,1,-945,-466,27470.67,8946.8
1007464,103333,1,19,-500,-585,48102.58,15693.49
1007198,100337,1,21,-130,-761,775.0,10031.36
1004612,106388,1,4,-575,-474,10287.14,2252.26
1000291,200612,1,8,-173,-580,18220.97,47.7
1007564,200781,1,19,-725,-760,5031.83,902.21
1007834,103747,1,12,-94,-685,4057.86,559.39
1004263,108131,1,20,-819,-887,1799.8,4692.16
1006062,104445,1,11,-612,-845,1858.31,14296.73
1002567,107425,1,13,-408,-421,44658.1,5012.65
1001463,107111,1,18,-388,-244,13820.7,10939.94
1002603,100317,1,17,-436,-970,6167.15,2138.14
1008002,102862,1,5,-232,-274,1885.92,7328.08
1002171,109789,1,13,-529,-258,4402.64,4220.87
1002550,100382,1,4,-270,-679,392.8,16936.1
1005282,103166,1,17,-613,-124,2197.47,6735.74
1005421,101181,1,7,-524,-714,7453.48,9229.44
1003227,108841,1,6,-929,-946,5133.38,22987.43
1001658,103900,1,22,-815,-471,4095.88,3721.31
1004282,105403,1,22,-870,-320,131.16,16555.81
1000018,106748,1,18,-521,-568,6325.73,5225.49
1008078,108251,1,2,-971,-212,17965.27,15397.2
1000584,106509,1,6,-896,-340,3588.99,3820.07
1007736,109345,1,8,-375,-743,41471.23,19387.1
1003123,107844,1,12,-768,-647,10743.41,1598.99
1009679,109877,1,11,-941,-767,14081.77,12633.04
1000194,201881,1,18,-549,-685,44594.38,5830.94
1002381,106599,1,11,-445,-72,34549.06,6774.55
1005906,201345,1,11,-74,-198,6693.34,16736.26
1005986,201036,1,21,-381,-605,10345.97,7776.4
1005553,109541,1,10,-16,-598,19640.14,8150.11
1006601,107610,1,4,-173,-104,23139.62,11500.96
1007283,100446,1,14,-152,-971,9332.41,925.69
1009131,103450,1,14,-692,-513,10723.12,15188.82
1009709,103743,1,23,-694,-860,1473.64,1151.87
1009444,200356,1,6,-584,-891,3617.19,761.29
1005529,107894,1,16,-702,-393,3018.3,6976.38
1002088,102295,1,15,-679,-741,2345.98,9498.06
1003790,101352,1,11,-424,-472,12974.06,1342.48
1001976,201720,1,5,-617,-977,15126.93,53437.15
1008748,108127,1,1,-480,-929,4491.31,2038.33
1008644,104757,1,11,-213,-743,19545.01,3054.58
1002773,106976,1,8,-694,-180,1230.62,11759.87
1009910,104066,1,10,-113,-811,291.36,30788.75
1000978,100736,1,15,-459,-231,20717.36,11903.37
1005056,109890,1,20,-341,-732,20923.49,893.67
1002703,108392,1,10,-159,-434,273.6,19531.02
1004635,103068,1,18,-39,-965,5721.79,2221.99
1009908,103227,1,14,-440,-289,881.3,18960.17
1009823,109644,1,19,-593,-328,13701.65,518.23
1001391,102051,1,7,-401,-625,18855.86,3075.89
1008218,107554,1,2,-63,-904,9006.8,987.24
1005469,106373,1,9,-295,-479,1644.43,2452.08
1004950,103330,1,17,-207,-591,27201.81,8192.3
1009151,103186,1,15,-178,-360,7688.98,19277.3
1001748,200077,1,22,-615,-34,4378.09,20451.4
1009177,109563,1,20,-919,-809,33078.53,8347.56
1001055,106728,1,14,-240,-572,6184.43,1054.5
1001344,101723,1,18,-439,-184,10889.15,8892.57
1001438,107536,1,1,-539,-28,23021.4,5709.38
1004909,109415,1,22,-695,-385,1481.98,4424.71
1009592,103832,1,2,-209,-88,10416.76,3529.16
1008044,108103,1,17,-433,-256,859.74,15123.93
1009446,106178,1,14,-908,-354,9131.16,6079.1
1009651,102974,1,23,-371,-252,12313.34,13827.91
1003967,101296,1,17,-99,-324,1315.22,356.72
1002580,107902,1,22,-992,-57,14655.52,11289.92
1008076,106997,1,23,-67,-118,742.67,3064.35
1000134,201099,1,2,-570,-911,16563.18,4230.17
1008504,106197,1,10,-119,-721,1540.4,5860.71
1000194,201881,1,15,-108,-757,5332.48,22118.05
1002243,101160,1,2,-865,-970,15378.48,7474.81
1000332,104233,1,7,-558,-534,408.56,8578.82
1001975,108733,1,17,-431,-242,9355.51,15102.8
1003312,101547,1,5,-916,-464,73.5,23497.36
1002359,102923,1,11,-89,-958,1269.58,1429.45
1002199,109050,1,20,-975,-971,25635.62,15670.21
1008368,102852,1,22,-432,-408,18880.79,2560.55
1009345,106846,1,7,-230,-610,11870.82,775.41
1009231,105313,1,14,-814,-173,16367.11,13317.29
1008217,201402,1,22,-323,-302,13068.5,11286.32
1008289,109567,1,19,-358,-460,1607.42,979.06
1007317,101402,1,18,-499,-70,9969.84,17351.11
1006400,100374,1,17,-882,-95,4301.6,843.34
1001572,109415,1,9,-839,-544,13991.36,12529.58
1004971,108539,1,21,-43,-445,6325.55,3657.68
1003101,104208,1,18,-465,-709,3154.76,7127.38
1004428,100659,1,17,-17,-892,312.91,255.6
1008252,105158,1,14,-559,-44,5546.06,17279.87
1003035,106969,1,22,-385,-674,7710.08,17840.85
1009573,101292,1,15,-14,-449,1844.61,3960.01
1009599,108230,1,14,-93,-271,1753.1,531.17
1006778,109937,1,11,-326,-713,6334.1,18402.51
1002152,200305,1,2,-901,-592,7303.39,12579.07
1002507,107087,1,19,-735,-115,2591.59,11023.86
1005620,102720,1,4,-610,-745,12800.79,28083.06
1005894,106382,1,14,-846,-684,646.32,2015.21
1000759,200034,1,18,-465,-537,8804.89,3494.01
1000195,103847,1,4,-568,-522,4355.36,23552.32
1001225,104989,1,22,-297,-838,7664.89,789.16
1006540,104749,1,6,-719,-213,7519.97,8092.08
1000454,109785,1,14,-553,-274,16058.12,406.49
1004276,102671,1,20,-422,-205,1371.98,3469.56
1007993,200770,1,3,-184,-942,17185.32,30093.11
1006932,108995,1,12,-831,-142,7307.63,8639.44
1009904,200127,1,23,-100,-555,25256.24,8568.71
1004894,104448,1,1,-611,-452,3315.93,10627.87
1008103,101545,1,3,-892,-989,4855.34,4824.87
1003372,106745,1,23,-826,-528,21960.29,4166.43
1006278,201071,1,20,-358,-422,1001.52,21282.46
1008137,200864,1,9,-179,-782,16591.92,38100.26
1008050,101234,1,8,-512,-495,6042.74,16813.71
1002658,201654,1,22,-113,-912,8613.19,132.73
1007987,107138,1,13,-53,-205,12545.18,9219.42
1003291,100651,1,10,-301,-923,40786.25,18528.47
1002237,109226,1,8,-627,-110,17377.2,6969.45
1007379,105388,1,6,-889,-368,8701.2,863.03
1009840,100689,1,21,-569,-741,9277.02,26686.09
1000042,108572,1,13,-92,-353,10892.38,8399.52
1002439,201410,1,20,-496,-402,6458.96,20710.16
1000132,102302,1,12,-724,-449,5044.23,2632.7
1009340,108338,1,14,-532,-70,4481.78,2302.5
1002183,102900,1,2,-576,-885,5414.07,2462.01
1002013,102432,1,9,-593,-998,1122.41,17231.99
1007023,101718,1,4,-189,-919,235.29,3154.71
1009634,105179,1,9,-167,-422,222.87,9973.53
1003348,104654,1,7,-196,-539,10531.26,14468.48
1008353,101193,1,17,-924,-950,215.76,36201.66
1003548,201692,1,9,-674,-402,15052.16,5880.24
1003553,109899,1,11,-940,-89,3198.07,13485.84
1007959,101617,1,20,-111,-368,13056.74,32690.35
1004146,109869,1,21,-79,-757,4168.95,683.7
1000067,107602,1,3,-95,-549,855.52,6190.8
1004428,100659,1,21,-621,-580,27993.45,9983.21
1004272,103458,1,5,-636,-742,8660.13,7913.35
1001768,109822,1,19,-107,-275,5186.96,6801.81
1009571,107519,1,13,-742,-733,11299.59,46779.71
1008026,201825,1,3,-781,-405,7219.18,13969.29
1007975,201986,1,16,-665,-575,1873.93,19593.54
1009578,200236,1,3,-76,-406,4499.49,3920.4
1002898,102752,1,17,-52,-789,4577.22,8346.94
1005910,105771,1,20,-462,-91,8247.34,8295.02
1001755,101128,1,19,-358,-319,6523.67,837.61
1000795,201974,1,17,-868,-186,15883.4,12928.28
1005607,106811,1,3,-207,-754,322.99,3042.45
1008319,106095,1,7,-647,-14,6866.91,3667.9
1001881,109915,1,14,-134,-541,24475.95,12009.7
1005463,101629,1,17,-44,-774,18995.09,4416.02
1008553,101599,1,13,-896,-373,1528.94,11779.18
1005727,108361,1,2,-511,-929,5608.79,4286.55
1009243,108674,1,11,-878,-40,465.76,49482.25
1009224,100336,1,2,-749,-982,2145.91,13217.0
1002111,103966,1,3,-120,-886,623.95,597.87
1002096,201902,1,12,-697,-65,1750.13,12531.02
1002676,101618,1,19,-273,-402,18975.44,381.2
1002642,109414,1,6,-828,-404,3757.43,38501.2
1004728,105894,1,19,-804,-228,14060.75,2770.3
1008113,108008,1,22,-13,-268,1352.22,17585.91
1007142,109865,1,8,-313,-502,649.21,1778.48
1001736,200845,1,6,-866,-169,5032.06,21058.33
1000650,107142,1,14,-392,-323,849.12,12173.12
1005517,107522,1,19,-609,-285,2090.12,5418.68
1000027,101282,1,12,-862,-169,22611.84,21124.67
1001189,108720,1,21,-260,-345,3228.82,22377.59
1005403,104533,1,8,-635,-161,589.84,12268.92
1000372,102164,1,3,-724,-590,10973.87,7883.34
1003907,200251,1,8,-15,-969,4393.37,5088.02
1001927,106860,1,23,-626,-607,2562.97,4215.07
1002514,109149,1,16,-199,-842,7559.2,724.45
1005827,102186,1,3,-840,-232,1197.21,13980.26
1004133,104386,1,12,-835,-884,1697.9,6919.42
1005788,200640,1,14,-945,-116,3763.19,21824.39
1003439,100157,1,6,-99,-688,20704.47,37885.83
1007516,103563,1,12,-671,-297,7236.74,3234.46
1005054,200280,1,5,-554,-50,14127.68,11029.34
1005242,104922,1,22,-604,-420,4135.61,4004.96
1003298,109668,1,4,-695,-46,4339.24,280.8
1004241,105343,1,13,-298,-285,18611.04,7101.96
1004729,100893,1,16,-359,-793,5029.64,11499.29
1004451,109607,1,13,-797,-367,9205.48,11205.85
1009054,200321,1,20,-215,-402,1156.46,19424.75
1004658,104250,1,12,-765,-311,9401.82,1941.52
1005295,101336,1,7,-384,-983,9357.04,27051.03
1001275,102836,1,17,-615,-625,439.39,10379.86
1007710,100335,1,3,-375,-41,4977.86,11287.76
1007091,107884,1,15,-627,-416,7141.87,14578.34
1007834,103747,1,17,-681,-553,6189.4,17039.58
1000791,106311,1,20,-957,-149,7703.21,11317.79
1009651,102974,1,19,-457,-789,1200.14,583.21
1001945,100699,1,13,-395,-788,37268.59,18442.64
1002542,201787,1,18,-282,-372,12377.9,1942.65
1000534,101528,1,5,-507,-562,7311.21,15483.46
1007209,200876,1,8,-939,-489,2294.47,1328.89
1009043,104646,1,1,-511,-757,7510.74,2198.1
1002596,102895,1,6,-888,-931,9034.54,4359.44
1002295,102950,1,12,-703,-165,2319.45,16524.19
1003602,104351,1,21,-636,-504,12460.03,18911.77
1007099,103403,1,16,-110,-853,17924.05,3993.28
1003725,104456,1,3,-951,-715,1456.8,20859.98
1006480,104576,1,15,-292,-436,2212.35,6042.85
1008626,201248,1,4,-139,-984,2004.91,5191.75
1004302,200736,1,17,-405,-543,620.09,369.53
1007318,107366,1,7,-131,-979,1163.48,19171.79
1005781,200431,1,3,-190,-13,14995.45,4956.95
1005959,102604,1,7,-533,-469,36079.04,27114.98
1005777,102341,1,1,-45,-895,6327.87,7433.28
1002885,102609,1,14,-311,-836,593.94,20554.75
1008122,103768,1,4,-82,-313,8509.01,20369.03
1006149,109942,1,18,-915,-98,548.28,2973.8
1004048,101250,1,6,-434,-605,544.42,404.45
1000338,201908,1,18,-689,-675,3627.86,1732.15
1004953,102248,1,5,-815,-399,146.75,3158.6
1009363,106773,1,11,-470,-339,926.94,17260.51
1001810,101777,1,23,-742,-111,6382.66,36156.54
1009980,109107,1,14,-514,-39,3730.24,279.66
1001504,201818,1,19,-940,-40,11722.29,2372.05
1007459,104333,1,2,-342,-117,4089.96,4386.94
1007374,100435,1,8,-661,-644,6999.33,2534.16
1005873,104056,1,20,-637,-612,21945.63,4072.15
1004636,108699,1,23,-106,-346,1534.45,5911.4
1007887,108863,1,14,-148,-763,20750.33,23853.49
1009942,104703,1,5,-96,-491,11681.2,15111.59
1006883,105026,1,9,-261,-554,3458.9,47088.07
1009637,102607,1,3,-161,-691,3292.34,702.15
1000042,108572,1,20,-341,-167,5985.94,12151.92
1009813,201370,1,12,-879,-92,21206.2,57182.1
1000169,101759,1,10,-989,-357,11536.13,18236.05
1004384,106090,1,6,-702,-411,1013.42,5619.27
1002943,102733,1,15,-298,-561,18.65,17501.55
1008160,100556,1,9,-181,-829,9301.23,10024.17
1007576,102520,1,7,-654,-834,2440.97,24112.96
1005298,108533,1,20,-182,-900,3118.63,9255.74
1004007,101427,1,9,-712,-917,1479.81,28969.01
1008039,108625,1,10,-716,-192,1982.42,517.7
1002780,103580,1,8,-164,-820,5862.14,7574.19
1002374,101109,1,4,-157,-91,2458.46,1702.72
1007854,103312,1,9,-932,-230,28149.86,25892.34
1002886,100300,1,1,-366,-171,28404.5,1607.84
1009439,101060,1,14,-412,-294,2025.42,3489.72
1008965,100344,1,3,-488,-790,5192.68,2809.25
1004606,106485,1,16,-700,-748,35877.4,51118.34
1009467,200779,1,1,-271,-633,16675.64,27233.62
1008112,200289,1,18,-226,-915,7147.19,5760.26
1000808,104613,1,21,-871,-956,14305.5,1597.4
1007876,102441,1,22,-207,-946,6744.5,11384.87
1007785,101457,1,17,-74,-239,5558.45,6422.36
1003887,107022,1,22,-646,-63,8391.06,11608.53
1002140,102273,1,12,-547,-476,11197.39,2248.58
1008879,100168,1,13,-851,-223,3192.93,10723.74
1003756,104113,1,15,-598,-620,1958.82,4852.78
1000741,109325,1,19,-13,-884,1845.14,17513.61
1005538,201241,1,21,-33,-451,21651.87,10950.33
1007002,103981,1,10,-404,-102,24654.89,2873.8
1005145,201090,1,23,-653,-249,28232.15,5937.96
1002456,104315,1,18,-510,-328,24725.92,8281.9
1001853,108559,1,1,-972,-642,25165.54,8751.0
1009420,102508,1,1,-692,-735,3286.87,5294.33
1002748,109166,1,1,-13,-223,8285.16,1376.16
1001389,201911,1,10,-370,-759,39083.43,4624.1
1003414,101861,1,15,-766,-50,7362.61,14506.42
1006838,200177,1,3,-787,-423,9582.35,8033.94
1008762,109110,1,11,-888,-132,32370.78,3914.97
1007922,106254,1,13,-176,-899,3460.0,16301.05
1004264,102967,1,3,-168,-737,13220.4,29387.52
1006518,104665,1,11,-81,-365,18677.57,6235.94
1003682,105566,1,7,-831,-863,18059.8,10182.84
1008580,100297,1,6,-905,-264,23622.66,27083.08
1005171,101497,1,20,-783,-46,36770.26,1562.54
1004958,101771,1,2,-473,-918,375.44,3246.72
1001359,102083,1,17,-784,-529,11694.03,27931.58
1003864,201124,1,6,-804,-783,24699.96,73.79
1000625,200756,1,13,-258,-61,14269.07,9985.46
1007754,107209,1,7,-670,-518,6861.24,9555.48
1005737,109935,1,11,-474,-41,7180.08,9603.83
1009644,201999,1,13,-735,-580,1618.92,7830.24
1003361,104360,1,20,-706,-863,5987.35,5495.09
1001464,201072,1,2,-233,-296,10193.98,11577.88
1001829,109777,1,9,-246,-590,6626.8,3551.32
1003443,103048,1,18,-555,-874,4322.27,3539.63
1004950,103330,1,16,-38,-840,7049.98,20879.59
1001584,102647,1,1,-454,-914,3030.27,4842.67
1003099,201582,1,22,-346,-816,24169.83,12330.74
1001014,102630,1,5,-691,-675,4398.46,6761.69
1008633,105304,1,18,-63,-290,8087.73,2881.27
1006473,107537,1,15,-412,-239,24884.92,7118.52
1007817,104136,1,7,-711,-486,6013.86,2677.43
1007727,103495,1,7,-647,-113,4936.73,8297.31
1006815,109420,1,10,-747,-117,1992.15,6810.09
1004367,106892,1,14,-887,-481,24224.82,1664.45
1003009,103747,1,9,-994,-953,34578.72,5222.63
1009767,104903,1,7,-493,-452,38907.95,1753.6
1000915,101698,1,18,-935,-459,5329.77,8363.96
1004203,103183,1,8,-813,-441,11652.05,3298.97
1004827,102975,1,18,-203,-281,3650.02,17797.76
1006687,104427,1,5,-146,-419,1338.51,15128.68
1004537,107561,1,11,-233,-352,6454.09,1678.75
1001513,106450,1,23,-585,-704,9615.48,3753.59
1009651,102974,1,11,-781,-898,53476.43,9498.16
1006829,109389,1,13,-64,-568,25580.96,1382.39
1005169,201771,1,2,-621,-90,4895.72,32497.8
1000219,109085,1,9,-984,-887,10649.1,14632.39
1004412,103999,1,11,-548,-807,5692.51,2604.24
1006663,109848,1,17,-82,-934,1389.68,3727.17
1002827,105909,1,2,-335,-988,1702.39,12355.43
1001068,100104,1,15,-993,-460,8647.66,10535.92
1008111,104406,1,20,-444,-484,7453.94,56740.54
1001266,108230,1,3,-479,-325,47135.6,4976.82
1005998,106496,1,17,-656,-21,2492.02,6329.66
1004870,101598,1,6,-489,-19,19380.47,13536.66
1009119,108611,1,19,-390,-195,5170.2,2031.61
1002163,200840,1,9,-552,-155,5911.8,180.4
1002236,201058,1,10,-446,-855,1201.16,1167.69
1008474,107994,1,14,-120,-258,31586.51,1667.44
1005939,201423,1,17,-761,-368,3365.86,15176.76
1004438,102861,1,11,-279,-582,9116.48,51162.17
1002837,201432,1,3,-503,-715,10640.31,3080.26
1001548,109267,1,8,-694,-915,1107.07,5911.3
1006750,106211,1,6,-490,-136,15685.33,6761.26
1001226,107179,1,14,-353,-103,24164.27,19663.77
1008269,104963,1,21,-140,-79,21409.99,1217.22
1000170,103032,1,12,-561,-819,7328.02,10892.11
1004170,103088,1,7,-66,-23,11214.09,4352.11
1002411,101795,1,23,-834,-198,2437.34,14251.23
1009557,109947,1,15,-873,-564,20338.5,2915.44
1001598,107965,1,4,-818,-749,2371.76,3025.22
1005656,201969,1,15,-90,-83,21154.37,4968.53
1006980,105770,1,9,-942,-598,19632.28,5985.11
1005566,201533,1,21,-463,-148,656.25,883.35
1001655,101108,1,18,-859,-642,1434.16,274.28
1002577,200430,1,3,-555,-434,127.32,6954.51
1003742,100653,1,10,-216,-630,9359.83,12113.96
1003497,105788,1,18,-644,-742,2540.88,26406.38
1007596,105474,1,12,-323,-395,17015.8,8322.35
1001971,104100,1,20,-447,-174,2761.57,2960.46
1000622,102198,1,15,-456,-967,11657.54,10859.8
1002043,105365,1,6,-178,-271,2283.66,3193.3
1004560,100398,1,21,-882,-985,12711.26,50.03
1001025,200835,1,15,-978,-636,11922.12,11229.23
1006346,108548,1,4,-347,-487,9626.44,11783.42
1002043,105365,1,2,-709,-464,8589.76,3846.58
1001106,109941,1,8,-682,-487,1231.36,13515.16
1003324,108005,1,20,-190,-510,21730.71,10776.12
1006973,101637,1,21,-530,-474,4253.17,26833.53
1008397,109291,1,23,-337,-831,6024.41,7636.56
1006315,104342,1,17,-413,-768,9464.54,2036.65
1002034,107227,1,20,-435,-241,1079.67,1258.19
1004058,103159,1,16,-447,-824,5191.51,19884.24
1007826,106021,1,22,-959,-356,691.98,11121.39
1003972,107527,1,18,-229,-435,1708.06,6187.58
1004522,201785,1,23,-652,-898,1413.58,9641.34
1002968,103642,1,9,-742,-354,4779.4,10130.97
1002860,105768,1,5,-674,-982,469.18,12893.93
1006983,109287,1,9,-144,-114,4191.97,25252.22
1008875,201774,1,21,-615,-647,44558.6,1081.44
1008136,102117,1,19,-417,-506,16630.59,31891.66
1000094,100465,1,11,-183,-419,8169.81,10108.68
1008961,108114,1,14,-144,-449,11294.9,34320.75
1007965,104865,1,21,-535,-948,27062.73,19491.69
1003907,200251,1,21,-770,-461,4978.04,886.1
1006029,100991,1,16,-47,-838,9909.67,2233.1
1008125,106017,1,16,-866,-44,17414.79,1608.66
1001543,104354,1,4,-189,-484,2494.71,2869.54
1000985,107699,1,5,-91,-347,17725.1,11765.14
1002968,103642,1,3,-570,-688,28974.74,2699.92
1003970,103665,1,9,-824,-686,12977.42,5548.66
1004010,109279,1,3,-108,-861,3375.54,3196.48
1002093,107350,1,11,-332,-410,4724.31,20344.72
1000160,108886,1,12,-942,-850,3447.99,976.12
1009192,201550,1,14,-700,-437,1138.71,355.41
1004179,106568,1,3,-105,-598,6464.45,1191.03
1004188,108197,1,15,-105,-356,10012.16,10511.24
1005998,106496,1,11,-597,-982,14189.53,7440.69
1004169,100145,1,9,-715,-854,3606.24,3514.5
1001768,109822,1,12,-895,-288,5424.35,11358.76
1003396,101942,1,16,-84,-436,906.51,6418.83
1002157,108720,1,12,-433,-922,25633.94,5259.35
1009959,103052,1,18,-759,-424,4696.7,45822.43
1006975,106018,1,11,-23,-600,21078.67,29304.74
1007585,107562,1,10,-285,-527,4162.87,7820.82
1002972,201482,1,16,-233,-585,11318.34,4365.2
1006852,105388,1,10,-707,-358,6041.14,16307.21
1005887,105827,1,4,-342,-782,6160.14,308.45
1004893,108116,1,17,-78,-544,12950.98,12895.83
1009964,108400,1,5,-464,-267,20892.86,1724.96
1001320,101879,1,5,-98,-967,3531.53,59154.57
1004727,108283,1,23,-758,-303,901.03,3526.23
1000698,107448,1,17,-982,-485,6351.13,5647.32
1004302,200736,1,20,-641,-885,15017.02,16781.57
1008473,100875,1,18,-516,-719,15631.65,7361.25
1009704,106606,1,15,-857,-676,13934.18,25910.47
1001519,104754,1,2,-147,-346,13296.32,6176.34
1006292,106145,1,7,-361,-981,15569.08,2351.73
1000493,104006,1,21,-195,-469,7366.08,7208.84
1000006,102429,1,9,-42,-723,1985.47,7800.41
1004600,104831,1,10,-779,-842,2110.8,18476.82
1003881,200222,1,16,-504,-593,817.71,21596.06
1007772,108842,1,7,-686,-376,654.73,8576.0
1008581,105181,1,10,-906,-776,24507.56,21054.96
1004541,106719,1,21,-857,-488,3162.39,19552.45
1002578,102079,1,10,-574,-577,3617.45,28200.73
1008038,104594,1,10,-398,-961,124.59,8419.26
1009616,101435,1,9,-97,-219,7397.18,31159.56
1004725,102076,1,4,-404,-970,27067.02,515.97
1002324,102896,1,22,-968,-359,19237.86,15460.26
1009001,105078,1,23,-851,-346,6786.5,16683.58
1000776,107853,1,6,-586,-442,2930.48,578.85
1004695,103568,1,15,-817,-623,23147.98,25700.02
1006458,105867,1,9,-419,-142,12676.48,20452.89
1000162,107354,1,2,-18,-626,16540.64,11388.58
1000118,102145,1,12,-883,-624,14304.4,10656.53
1001387,200074,1,3,-692,-21,5201.39,2770.63
1009912,101840,1,5,-557,-190,587.0,15432.29
1008813,100137,1,8,-428,-674,21303.84,4616.75
1007107,105566,1,17,-995,-499,15495.95,12538.08
1006467,105578,1,2,-353,-145,388.98,5724.49
1004277,105750,1,10,-480,-88,19620.26,3214.56
1002343,105492,1,9,-501,-937,12905.06,14314.02
1000571,200369,1,22,-672,-310,21662.32,6057.66
1001897,100632,1,17,-700,-525,767.93,21.92
1004717,105391,1,14,-188,-648,38271.48,4579.82
1009093,103097,1,5,-26,-334,15910.39,799.59
1007685,106743,1,21,-938,-509,3502.13,7034.12
1003980,201980,1,20,-965,-535,39232.65,8981.97
1003935,201579,1,18,-282,-453,43648.59,13110.77
1007164,200904,1,8,-317,-353,41603.8,29315.29
1003009,103747,1,2,-218,-589,4380.16,7776.17
1007937,101312,1,20,-436,-779,16087.98,1747.69
1002858,100393,1,5,-616,-703,8495.48,22556.47
1005412,105287,1,11,-727,-38,8512.36,2743.74
1009937,201163,1,8,-930,-963,7098.01,14051.5
1001120,107541,1,2,-66,-687,15348.82,13217.42
1008016,109986,1,19,-292,-181,7755.39,17197.78
1001924,104363,1,9,-244,-121,2480.76,14610.16
1000805,109568,1,14,-225,-81,38858.2,260.25
1001082,108368,1,20,-901,-417,8195.65,5681.9
1000086,101314,1,2,-68,-487,3988.92,1229.31
1005595,104091,1,8,-597,-972,8592.42,8787.04
1004473,104266,1,23,-123,-895,4741.66,4468.09
1004837,106043,1,23,-612,-821,10722.74,21010.03
1002624,101300,1,7,-763,-604,2599.87,3007.74
1008023,103232,1,5,-194,-893,55665.8,15995.12
1008086,106153,1,7,-176,-180,6556.91,4393.91
1006606,201614,1,12,-16,-461,10755.07,1758.2
1002213,105808,1,11,-597,-912,3285.41,3378.09
1006471,101169,1,2,-311,-68,12883.61,13499.95
1000254,103536,1,7,-499,-523,12797.43,39392.33
1006741,103934,1,6,-737,-701,1175.45,2057.77
1000657,107446,1,14,-546,-331,4350.36,4912.81
1008647,107614,1,1,-918,-812,7268.94,8533.49
1008458,109764,1,12,-652,-669,7466.17,22658.7
1009410,108052,1,5,-55,-784,34968.98,12508.44
1002496,109188,1,9,-440,-167,15314.39,12383.63
1000792,107456,1,19,-560,-17,27716.49,9202.2
1004331,200747,1,4,-969,-379,3438.9,7459.46
1006847,104453,1,23,-123,-61,5908.4,3434.13
1009128,106202,1,5,-840,-80,14077.4,13747.89
1007396,105110,1,1,-586,-477,13833.74,10000.79
1008777,200088,1,11,-719,-565,13012.79,19062.46
1004986,108379,1,21,-239,-945,1905.89,6765.8
1005548,101874,1,21,-505,-168,22623.89,6475.29
1009209,103496,1,1,-292,-577,12793.32,9878.5
1007449,200256,1,16,-680,-589,19879.06,3978.49
1002456,104315,1,21,-243,-273,19411.87,2715.03
1008621,106343,1,16,-128,-841,10449.28,7214.78
1001547,200391,1,3,-554,-38,13554.49,156.92
1005533,109090,1,21,-728,-238,10673.78,14507.7
1003665,201727,1,5,-981,-596,13504.57,727.73
1008456,109942,1,14,-390,-429,16622.99,33344.36
1000143,105908,1,15,-555,-773,24685.66,45812.82
1006563,105693,1,19,-918,-949,17624.84,7713.03
1006526,101229,1,16,-490,-118,17213.28,2770.93
1009935,200974,1,5,-768,-354,8321.81,4247.17
1007690,102306,1,21,-281,-429,11872.37,37737.73
1007880,201185,1,2,-320,-536,6949.4,9302.44
1004609,106121,1,5,-563,-656,4280.37,1139.12
1002088,102295,1,4,-496,-158,2036.56,13545.58
1002928,107144,1,5,-149,-746,4288.95,5074.17
1003730,200222,1,19,-958,-756,13399.42,12575.88
1002721,200254,1,18,-152,-823,16674.43,11373.49
1003230,200584,1,15,-888,-130,4977.74,21023.62
1005062,101438,1,13,-522,-878,493.1,19430.66
1001860,109201,1,9,-764,-723,15979.13,8511.59
1007884,102949,1,19,-57,-574,36656.32,30316.23
1007293,103921,1,5,-778,-182,1328.09,9264.2
1009078,109796,1,5,-125,-447,24464.19,740.27
1001063,106632,1,14,-724,-519,4574.76,3416.12
1004229,102045,1,7,-108,-69,32398.94,11709.45
1003231,101451,1,9,-459,-615,3547.4,6126.98
1001833,201933,1,22,-332,-476,3302.88,11669.89
1007007,103502,1,11,-238,-101,2046.94,10781.62
1008686,107467,1,9,-249,-557,30431.03,17162.4
1007706,107387,1,20,-803,-104,3153.73,5406.21
1002659,102174,1,19,-622,-599,21694.45,34762.48
1004921,107475,1,21,-678,-261,9906.24,16188.76
1003588,100894,1,20,-843,-23,4572.92,1896.23
1009565,201378,1,23,-711,-193,2469.05,6891.05
1008453,100124,1,15,-461,-603,1072.42,16496.36
1008787,102349,1,6,-926,-755,4175.61,3780.96
1004478,109387,1,13,-911,-61,3013.82,45456.41
1004428,100659,1,23,-655,-851,1581.36,2294.2
1001492,106226,1,20,-18,-807,11603.85,4697.58
1008853,102256,1,6,-436,-858,19596.5,725.49
1003197,105223,1,10,-237,-431,13959.65,11026.47
1007463,103428,1,16,-22,-533,53.13,11955.26
1000831,105929,1,1,-578,-891,15928.34,1611.01
1005765,201030,1,17,-303,-625,3761.12,5655.83
1009543,100413,1,23,-844,-64,18380.91,4771.47
1003605,107455,1,3,-760,-186,758.23,12777.36
1003248,107246,1,23,-831,-739,26053.92,27131.13
1005461,109277,1,2,-336,-205,1466.62,966.37
1002624,101300,1,2,-985,-129,381.95,8890.8
1000570,107894,1,9,-432,-274,3983.3,1565.54
1008226,104664,1,16,-371,-120,21482.82,15072.13
1004450,108800,1,18,-879,-373,2114.53,14593.57
1001439,201442,1,21,-357,-49,11802.21,9925.53
1007502,103642,1,21,-699,-260,8676.47,4050.9
1007401,101574,1,8,-215,-704,12899.35,7642.48
1002656,100064,1,18,-724,-813,19656.3,10334.92
1003151,103258,1,10,-818,-866,4799.45,13587.6
1009704,106606,1,15,-342,-361,9014.37,15083.16
1002229,107363,1,8,-698,-282,2937.52,1382.47
1000040,109107,1,3,-117,-965,945.72,4923.24
1009644,201999,1,10,-814,-170,111.74,4528.5
1006006,104911,1,14,-671,-79,7957.72,12181.55
1007007,103502,1,1,-776,-27,701.29,4467.02
1005973,101276,1,11,-82,-39,6369.27,21974.61
1003092,200504,1,18,-716,-519,3530.07,550.93
1004990,105934,1,3,-279,-718,16821.32,20775.02
1007584,100320,1,4,-505,-365,19517.02,4107.07
1001175,104422,1,6,-22,-115,18231.26,6939.39
1003115,102442,1,4,-819,-175,4064.08,5418.88
1004016,100522,1,21,-315,-536,25801.75,29476.69
1003612,201040,1,8,-304,-855,189.38,464.07
1002711,103036,1,9,-523,-669,5558.71,16034.53
1007435,108605,1,12,-123,-718,17018.95,3749.56
1009632,109339,1,20,-343,-621,31277.27,1971.35
1000352,200934,1,10,-373,-565,2417.28,574.49
1002825,106014,1,18,-655,-702,5082.82,14141.93
1000986,102318,1,13,-45,-615,6940.98,6839.93
1007108,102298,1,3,-356,-296,7514.55,3395.42
1008455,102867,1,9,-294,-867,4994.72,575.84
1008419,103003,1,13,-282,-62,11385.05,2122.05
1009817,106949,1,22,-199,-471,4763.9,5817.46
1001791,100167,1,1,-34,-621,6657.28,15825.89
1009203,108397,1,22,-691,-430,5332.49,641.86
1000366,100198,1,6,-346,-858,2583.42,33566.56
1008595,201730,1,5,-804,-805,4226.66,2066.01
1008410,102719,1,12,-275,-315,5466.49,17700.32
1006772,100759,1,19,-830,-594,1788.67,14073.48
1001900,100104,1,8,-89,-148,133.17,11736.48
1006368,201842,1,14,-977,-277,1495.2,4431.17
1002294,100721,1,1,-873,-291,12771.14,1875.58
1008231,107288,1,7,-693,-492,5415.72,5876.4
1001475,101287,1,15,-546,-908,15259.43,1474.24
1007167,105620,1,13,-835,-436,3864.76,9419.15
1005573,105190,1,2,-830,-649,1406.26,2532.59
1009028,106586,1,1,-427,-142,10201.03,541.37
1009833,105274,1,3,-688,-474,5123.77,442.78
1000745,109363,1,3,-413,-594,2812.59,19117.02
1003473,101592,1,19,-878,-777,802.47,7572.78
1005695,102421,1,4,-231,-112,34246.37,322.04
1008876,101247,1,23,-455,-947,14737.17,3224.82
1009715,107090,1,18,-715,-156,5017.66,179.94
1008020,102059,1,19,-542,-276,12898.93,7504.09
1007071,109289,1,4,-580,-127,9246.56,5922.23
1005681,100923,1,5,-712,-433,1301.02,8845.36
1009208,101801,1,10,-827,-689,5246.11,12661.3
1000488,105178,1,2,-563,-198,2544.49,1769.36
1009229,107171,1,22,-29,-123,5502.32,13373.27
1007711,102605,1,14,-141,-678,6444.34,13474.49
1009434,105157,1,7,-996,-107,23589.31,9441.66
1006641,201109,1,9,-270,-898,2064.82,2569.79
1004267,107067,1,15,-224,-281,3477.13,9651.09
1005245,100471,1,17,-819,-530,6931.41,3951.74
1000533,103961,1,17,-145,-958,11866.16,3415.38
1005954,106248,1,5,-693,-53,13921.91,14825.72
1002402,106980,1,17,-131,-573,21136.82,7103.17
1004137,200269,1,16,-115,-498,18889.82,1931.21
1007185,109876,1,3,-304,-477,78.97,2859.6
1009377,200993,1,15,-922,-267,18812.34,11002.91
1009087,108116,1,14,-475,-909,15797.23,4412.32
1009532,103418,1,6,-568,-784,375.6,6821.91
1008139,101416,1,3,-50,-241,599.45,5664.94
1001509,102836,1,20,-174,-252,9342.78,9893.35
1008554,109263,1,9,-865,-124,8948.18,35827.87
1007758,109351,1,14,-785,-894,1208.2,16062.78
1001383,201576,1,12,-214,-228,414.17,1012.28
1004223,200257,1,15,-499,-184,6974.37,31725.52
1000483,101427,1,19,-640,-631,2272.73,5629.37
1009260,109708,1,23,-702,-95,12614.23,4806.54
1009888,101335,1,9,-456,-540,8482.66,5838.17
1002843,101733,1,20,-593,-448,44676.83,14992.14
1009052,108190,1,15,-964,-179,13701.75,9095.95
1002114,107185,1,1,-449,-860,10449.77,11957.35
1006332,104647,1,21,-534,-714,3394.1,196.87
1002140,102273,1,8,-716,-521,2732.53,891.74
1009633,105628,1,3,-324,-344,8088.44,19783.55
1005576,200109,1,12,-640,-520,1092.36,6549.7
1007959,101617,1,10,-525,-175,13300.93,10015.0
1000653,103453,1,1,-691,-190,639.6,4681.17
1007017,108860,1,16,-759,-260,30856.13,3856.49
1009883,106967,1,21,-760,-637,11194.85,47199.04
1005774,104709,1,23,-915,-623,7741.65,26371.24
1001623,108126,1,20,-175,-924,21240.31,29509.57
1003479,200945,1,5,-298,-305,9759.04,1293.93
1007113,101258,1,2,-608,-605,3866.33,8996.92
1007709,201154,1,3,-37,-303,11121.75,7213.99
1000661,106168,1,9,-505,-624,737.92,51213.17
1002648,201238,1,19,-661,-785,3690.3,1703.73
1008850,107166,1,4,-606,-550,2762.64,6133.68
1009318,105309,1,8,-867,-226,4797.78,15214.16
1008111,104406,1,9,-452,-332,2739.4,23553.66
1004589,201859,1,20,-82,-358,646.03,7270.26
1001750,104618,1,13,-613,-671,1902.4,15505.51
1004839,102709,1,21,-91,-355,9317.78,1166.02
1004836,200498,1,17,-226,-606,32308.76,1756.96
1008540,109982,1,4,-88,-403,6725.3,8492.12
1005225,109841,1,19,-744,-450,3604.34,11024.12
1001662,109560,1,10,-937,-509,1034.42,1838.87
1008514,104923,1,3,-921,-277,8601.58,8336.81
1005568,100021,1,22,-916,-505,1947.45,8858.73
1001810,101777,1,1,-169,-15,18391.89,339.04
1001573,100792,1,22,-821,-503,969.31,4077.86
1001272,102976,1,16,-497,-118,39100.2,1255.2
1002508,108128,1,20,-161,-878,5915.35,3461.51
1000416,105843,1,20,-66,-180,8207.14,8462.24
1006946,102170,1,6,-528,-858,27571.27,13266.13
1007203,106156,1,9,-360,-861,1676.01,3193.11
1005577,102345,1,4,-201,-139,13070.67,30941.57
1003011,107678,1,23,-116,-802,7086.8,433.02
1004667,100963,1,4,-945,-199,25136.54,2266.87
1008369,100817,1,23,-57,-932,8405.03,1025.29
1006595,109735,1,14,-341,-664,727.26,14811.78
1005520,104635,1,5,-927,-272,13216.15,325.08
1001075,100320,1,9,-716,-808,17454.01,20482.66
1005756,104686,1,12,-991,-600,10995.47,3678.39
1001110,101179,1,4,-360,-935,5021.46,5292.82
1003762,201535,1,10,-104,-421,19597.16,2863.7
1000230,100456,1,12,-733,-992,6902.52,9865.34
1007005,107028,1,1,-124,-63,511.57,26480.61
1003764,101592,1,9,-290,-342,13516.53,16817.53
1004064,105329,1,6,-950,-973,5240.26,11368.59
1007395,106505,1,10,-970,-867,6120.92,5002.27
1002999,109803,1,4,-587,-72,18070.99,283.54
1009639,100679,1,2,-210,-616,7709.34,247.42
1007376,102680,1,13,-338,-735,5538.46,3255.15
1006354,102377,1,17,-302,-304,5234.36,3109.78
1001806,105442,1,23,-698,-346,6495.01,7347.66
1004553,107041,1,23,-24,-520,13302.16,1099.68
1001917,109561,1,20,-510,-480,5253.38,17931.73
1003042,200075,1,5,-739,-825,7358.55,1113.72
1000211,108577,1,2,-344,-861,19274.8,21674.08
1007333,200158,1,22,-992,-378,11663.29,1545.4
1000557,200671,1,21,-863,-457,6496.12,7641.46
1004227,201610,1,3,-298,-217,11741.45,2386.79
1006163,109854,1,15,-30,-512,10810.48,15592.18
1007615,107555,1,23,-875,-321,15348.63,1172.03
1009113,102499,1,11,-129,-386,4902.13,2555.9
1007872,201802,1,16,-826,-639,18770.37,10653.47
1008887,101109,1,3,-612,-925,7041.41,1787.19
1005580,109940,1,19,-40,-526,9619.94,10481.32
1001134,102612,1,17,-585,-79,6345.82,4144.42
1003030,107058,1,22,-480,-905,631.02,36056.51
1005049,103039,1,17,-576,-162,3997.81,8061.21
1003548,201692,1,4,-813,-790,4321.86,9383.05
1008799,107563,1,15,-719,-103,1993.22,8297.44
1006704,107281,1,9,-380,-860,8262.33,13757.05
1009275,100396,1,22,-346,-910,37159.15,1129.18
1009712,201233,1,20,-764,-448,1258.1,87.06
1008680,106216,1,19,-632,-439,15449.0,250.93
1006231,105333,1,21,-985,-183,2311.93,6101.95
1005692,102247,1,4,-865,-362,2967.89,8709.52
1005953,201544,1,8,-328,-135,3950.41,3846.74
1009523,102893,1,7,-749,-740,9773.66,3430.58
1006737,103047,1,20,-567,-573,12690.14,25623.87
1006010,201037,1,19,-733,-186,3695.01,5757.77
1006987,109170,1,21,-853,-232,4841.25,9426.08
1009623,101818,1,2,-809,-427,4313.57,8757.79
1005923,108384,1,18,-268,-172,614.84,278.69
1006842,103396,1,9,-940,-817,33604.44,13958.38
1009687,108257,1,11,-118,-561,9556.96,3685.31
1005539,107479,1,6,-337,-862,12151.25,850.4
1001250,106315,1,10,-152,-923,17847.33,27552.1
1009200,107844,1,22,-903,-746,41316.51,4302.35
1007072,107118,1,20,-361,-771,12577.78,2044.8
1008736,100526,1,23,-340,-229,3474.62,3361.19
1002837,201432,1,22,-41,-24,20456.05,3892.03
1002514,109149,1,3,-318,-338,15047.81,4623.37
1001020,201713,1,22,-659,-107,34319.98,4650.03
1003833,103337,1,13,-123,-915,6741.35,10679.38
1008536,104186,1,18,-324,-642,4537.58,3585.98
1006756,103991,1,15,-604,-455,5844.64,37334.37
1005662,100482,1,14,-269,-91,8045.37,8702.49
1002753,107409,1,12,-992,-881,5368.11,6119.18
1004811,105860,1,20,-556,-927,2888.75,7904.62
1002277,201359,1,2,-174,-641,20358.5,6867.53
1000584,106509,1,23,-753,-522,10378.2,14900.78
1007353,109502,1,8,-43,-503,13243.86,12864.57
1003850,109875,1,16,-306,-199,12006.6,10120.26
1003767,100439,1,20,-761,-342,2227.2,7463.44
1005455,108687,1,18,-689,-927,2506.38,4016.61
1002136,107153,1,10,-125,-568,3204.22,2608.08
1008002,102862,1,14,-781,-693,10065.91,16427.85
1009294,201901,1,11,-778,-219,7281.83,1458.45
1000941,109344,1,7,-980,-845,19316.69,6598.46
1000630,108367,1,18,-736,-65,19932.97,4092.52
1002922,100891,1,12,-577,-39,24151.22,9166.58
1000391,106275,1,5,-781,-124,3547.14,19630.27
1002538,200416,1,1,-979,-808,578.41,14498.08
1004039,100156,1,7,-446,-578,3743.44,9716.08
1000475,109460,1,10,-947,-770,313.31,655.46
1008866,102705,1,23,-866,-989,7948.73,2732.29
1008396,201621,1,20,-50,-602,2371.05,18614.6
1009325,107612,1,7,-311,-676,5149.1,6596.44
1006739,201328,1,13,-836,-428,4871.89,23857.4
1009248,101864,1,10,-616,-343,28730.19,11954.64
1007727,103495,1,8,-927,-372,29516.07,5327.44
1001844,103953,1,3,-244,-202,4502.57,3878.32
1004976,109994,1,21,-654,-690,6657.11,7549.05
1003521,105610,1,22,-945,-781,2559.79,24215.8
1008409,100943,1,15,-164,-822,2101.25,53492.13
1002873,109721,1,20,-424,-865,17142.81,7158.62
1009187,201893,1,23,-742,-446,5329.5,3992.8
1001596,102613,1,10,-506,-347,9857.41,11596.43
1004060,200548,1,9,-310,-66,7740.63,348.24
1004827,102975,1,12,-320,-140,279.04,3706.16
1008292,201135,1,2,-786,-716,5497.65,23069.73
1000240,103048,1,13,-279,-702,9168.37,4119.35
1004816,201125,1,5,-311,-517,3327.05,10834.27
1008297,104818,1,6,-676,-321,18563.75,20.77
1006428,200899,1,22,-858,-19,12782.34,7442.23
1002110,108851,1,16,-901,-240,675.18,35643.39
1006383,102863,1,11,-411,-884,23994.8,8526.06
1005081,104801,1,22,-186,-898,27991.79,2640.75
1008056,200727,1,2,-249,-488,6073.77,13616.93
1005794,104896,1,20,-533,-423,4419.76,16622.18
1008743,108510,1,7,-408,-700,1662.54,5246.64
1008773,108730,1,17,-716,-163,5917.19,9138.83
1009427,104164,1,8,-373,-366,5845.21,4112.56
1008368,102852,1,14,-865,-899,6387.45,6252.26
1001293,105231,1,13,-267,-685,6002.61,31569.37
1004677,200393,1,13,-62,-499,9220.86,5456.07
1008795,108089,1,9,-563,-904,19680.12,18047.64
1005565,108228,1,22,-437,-344,244.46,19535.22
1003872,201380,1,8,-237,-879,14012.55,6531.38
1005364,201238,1,13,-694,-998,2322.04,4910.34
1006364,108190,1,21,-841,-180,2944.38,11720.28
1005741,105069,1,22,-473,-290,1352.9,12805.04
1009957,100749,1,19,-73,-775,4152.45,1877.0
1008938,101137,1,6,-134,-518,19430.52,13659.94
1008802,107299,1,12,-402,-660,3626.54,5507.99
1002183,102900,1,14,-658,-333,32892.23,6485.97
1001418,102077,1,1,-638,-779,16148.74,11191.57
1002628,109866,1,11,-614,-909,17793.82,456.85
1003856,105856,1,22,-872,-997,3437.18,17782.39
1003610,107326,1,8,-92,-272,4357.47,1877.7
1006052,104862,1,6,-970,-985,20129.56,5217.67
1003167,200340,1,1,-226,-434,1775.19,2824.48
1004762,102079,1,18,-656,-452,29423.71,6574.89
1001422,103802,1,7,-462,-71,127.47,210.35
1007599,105641,1,12,-814,-819,2041.87,4724.03
1002584,108795,1,1,-717,-720,561.51,5077.8
1001890,200842,1,11,-663,-220,30442.65,3966.8
1006164,103158,1,22,-957,-749,19246.76,53632.89
1009736,101658,1,8,-324,-310,15669.1,5775.19
1004378,103378,1,9,-328,-499,504.55,3076.98
1001515,102678,1,8,-238,-280,6059.19,17054.78
1006746,200910,1,4,-157,-451,4223.49,12926.06
1009038,103961,1,6,-507,-263,17140.4,10027.03
1007319,201170,1,20,-781,-390,1828.46,8127.52
1008079,200488,1,3,-96,-989,4780.15,201.66
1000257,101927,1,5,-937,-882,20799.94,3411.34
1002908,107497,1,1,-311,-961,3127.56,13208.02
1003324,108005,1,19,-79,-994,2303.25,3395.62
1007208,109630,1,23,-801,-511,19717.74,3959.58
1004728,105894,1,10,-485,-703,24341.88,3241.45
1001502,102451,1,18,-990,-37,14951.28,10059.7
1006828,101272,1,8,-546,-188,7775.96,13409.94
1004683,102609,1,22,-639,-917,20479.59,9411.46
1006747,200160,1,6,-672,-701,539.14,329.06
1002312,108645,1,2,-738,-749,25032.69,2153.89
1000546,109314,1,12,-380,-957,320.11,19802.12
1003277,102050,1,11,-704,-575,1948.18,3942.78
1000029,201487,1,23,-84,-967,5934.2,2859.77
1001810,101777,1,22,-745,-662,2036.3,180.84
1000488,105178,1,1,-162,-254,11919.52,1244.23
1009539,108678,1,17,-669,-541,4189.03,1997.71
1002178,103618,1,6,-657,-77,1756.49,16585.85
1002333,107588,1,11,-138,-426,6930.21,9129.52
1001210,102071,1,11,-374,-789,5834.13,17011.77
1002853,105092,1,3,-199,-905,21627.77,9991.78
1009836,100119,1,14,-317,-873,16456.17,27114.51
1005184,101103,1,18,-59,-211,9822.25,32215.32
1001955,104447,1,11,-879,-56,7150.52,129.42
1003764,101592,1,2,-56,-136,270.82,10743.09
1003687,104319,1,20,-799,-292,10059.12,22046.66
1001978,201006,1,15,-119,-466,6155.83,3167.47
1005628,106424,1,15,-463,-699,1860.66,7424.47
1008316,201658,1,15,-603,-55,23618.67,14865.48
1007022,101227,1,17,-141,-281,15403.65,9879.34
1006122,107346,1,7,-191,-455,2394.09,279.78
1006379,107512,1,2,-420,-86,8702.56,5422.23
1003989,201506,1,23,-628,-28,6451.83,5010.01
1006106,107032,1,21,-17,-320,1451.75,5613.17
1002238,201157,1,13,-740,-64,10003.4,18362.14
1009856,102181,1,5,-819,-487,5327.7,5815.35
1004193,109727,1,7,-862,-262,5879.58,8610.35
1003162,107454,1,7,-729,-244,6860.84,10563.16
1009340,108338,1,2,-25,-894,4341.76,18232.76
1008442,107435,1,3,-996,-713,6127.74,3980.21
1005505,103500,1,2,-326,-13,832.74,11579.7
1002131,104808,1,23,-850,-498,4762.87,3643.8
1001859,104346,1,1,-308,-500,2376.27,1939.26
1006705,107100,1,22,-768,-441,551.5,1399.05
1005624,106885,1,18,-606,-269,15952.3,1568.99
1007503,108582,1,6,-200,-150,3967.21,13585.45
1005177,109905,1,1,-397,-742,1321.24,3519.54
1003500,200902,1,11,-316,-801,5818.76,10203.62
1006373,108824,1,15,-349,-754,4243.48,1989.22
1005830,103627,1,22,-393,-583,5838.13,9786.41
1004423,108721,1,15,-649,-966,18797.87,7407.91
1004047,105034,1,4,-777,-257,22922.87,15785.29
1005825,201030,1,17,-614,-315,635.95,24628.48
1007505,107772,1,15,-377,-711,10146.64,8435.47
1004097,108036,1,14,-890,-880,9969.08,20232.54
1002398,104807,1,16,-409,-620,8523.64,11345.69
1003320,107721,1,6,-557,-316,1026.95,21307.18
1006149,109942,1,13,-852,-112,13503.46,18012.39
1006864,200634,1,22,-132,-737,9691.66,327.36
1007966,102062,1,8,-55,-21,11934.93,13714.38
1001123,104448,1,15,-41,-255,2669.56,5313.12
1008782,104316,1,17,-272,-277,12579.15,11551.57
1005842,101053,1,11,-627,-863,3671.81,2982.25
1008561,106184,1,5,-37,-220,10556.16,6155.06
1001315,104843,1,9,-71,-655,4759.19,657.98
1004583,100384,1,22,-543,-969,25197.16,1647.6
1007461,104964,1,11,-33,-375,12839.83,3919.36
1006162,103528,1,15,-87,-595,566.93,12737.07
1006679,106695,1,20,-99,-962,2999.01,12419.2
1000778,100797,1,1,-613,-960,2950.32,6990.57
1005613,105096,1,18,-136,-388,6850.04,2913.02
1000684,100112,1,4,-815,-226,975.77,1651.54
1003392,104887,1,8,-939,-204,7841.37,3211.45
1009421,100796,1,17,-245,-923,4725.83,23221.53
1000060,106466,1,2,-18,-871,631.65,13400.52
1007317,101402,1,22,-248,-339,5549.07,188.47
1000182,102922,1,6,-517,-753,12790.09,11151.39
1004488,102674,1,21,-452,-821,1374.48,1407.01
1001289,106427,1,13,-308,-951,5557.99,11261.1
1009336,106503,1,21,-85,-355,14889.76,8932.42
1007371,102871,1,1,-556,-794,10302.15,27676.55
1003177,109719,1,15,-294,-137,15219.15,2054.9
1003699,109948,1,17,-539,-134,19441.39,14840.49
1004458,103986,1,4,-386,-639,5392.81,8362.19
1002870,103936,1,20,-734,-697,9396.91,13259.0
1008653,106881,1,4,-59,-909,717.42,1177.02
1006402,109571,1,4,-462,-48,2556.17,5245.76
1002654,100386,1,6,-313,-115,6253.53,16001.43
1004208,109127,1,18,-317,-885,30583.8,17409.49
1001915,201534,1,14,-617,-502,19536.47,10648.57
1009612,100277,1,23,-44,-153,22918.55,13881.39
1002328,103485,1,20,-960,-465,13298.94,8030.47
1003832,102242,1,20,-147,-361,6158.25,2395.02
1009120,108723,1,20,-381,-848,4210.29,2208.68
1009381,107142,1,21,-163,-69,480.19,16012.31
1001375,104952,1,9,-85,-844,10351.11,11642.8
1000517,201951,1,12,-642,-436,23189.41,3396.26
1008963,102131,1,2,-378,-324,9400.39,8642.86
1007452,105066,1,3,-778,-298,6679.18,2392.94
1000170,103032,1,18,-635,-789,7855.73,3915.93
1005317,100507,1,9,-483,-449,6038.75,16410.79
1009140,105374,1,5,-460,-693,13211.71,18920.74
1003393,103256,1,11,-180,-840,4230.32,15250.56
1004842,108922,1,22,-656,-468,6979.14,18207.0
1001230,101950,1,6,-96,-767,4263.81,326.26
1007889,106337,1,21,-991,-704,6848.85,4316.74
1009972,201397,1,13,-70,-229,2288.64,25971.72
1009062,103019,1,18,-555,-32,1494.99,2033.63
1006289,201197,1,9,-718,-31,24111.59,17263.08
1008211,201389,1,12,-387,-739,14449.77,31673.05
1001738,105629,1,13,-992,-303,14752.81,22833.15
1004568,109547,1,17,-886,-80,5656.06,3212.91
1003403,104950,1,2,-605,-287,9464.44,7086.75
1005675,105595,1,15,-359,-739,14847.95,22157.57
1001336,105515,1,2,-234,-581,9597.12,1762.66
1000853,102608,1,9,-928,-673,9509.74,1714.66
1009618,201030,1,9,-491,-769,12012.67,6491.49
1007181,200677,1,19,-449,-58,125.75,2388.46
1005912,107266,1,13,-282,-773,17079.54,6424.76
1009717,102979,1,18,-777,-906,13348.94,6071.99
1002963,100869,1,6,-377,-292,21203.24,520.56
1004064,105329,1,12,-572,-588,6878.1,11485.86
1000742,107019,1,12,-30,-688,264.15,1246.31
1008235,101911,1,10,-865,-956,14647.87,5929.56
1004862,201258,1,19,-219,-708,1909.7,9134.75
1005931,105217,1,15,-112,-259,2003.84,2374.94
1002085,109169,1,16,-166,-828,4464.54,3608.9
1006831,103313,1,8,-150,-915,3900.76,11921.93
1004527,109437,1,13,-307,-862,10207.09,13293.05
1005350,109751,1,11,-813,-200,4403.49,12002.94
1009220,108294,1,23,-822,-974,16150.29,2750.91
1004161,104618,1,18,-937,-266,7995.76,19661.21
1000298,103627,1,22,-538,-24,5433.36,880.76
1000831,105929,1,13,-25,-513,2685.85,6019.41
1005181,100552,1,18,-291,-238,13.58,26515.6
1002212,103833,1,5,-607,-81,11283.91,1870.87
1007876,102441,1,5,-798,-672,1210.11,8223.59
1008321,100167,1,21,-511,-693,2270.63,1127.53
1008455,102867,1,17,-918,-738,15361.29,11609.92
1000022,100666,1,18,-504,-310,15402.63,24200.08
1004910,100743,1,8,-185,-275,7434.49,3115.65
1000122,100910,1,14,-134,-977,6470.19,9157.36
1003486,104808,1,14,-527,-682,5377.6,36931.48
1000629,101565,1,22,-305,-323,4239.89,1109.37
1001872,100914,1,19,-215,-800,27607.63,5925.16
1003111,200572,1,3,-897,-899,4558.48,21957.38
1008892,101717,1,5,-880,-455,1377.28,21475.03
1006938,107450,1,18,-394,-553,4001.56,5255.36
1003468,105506,1,9,-864,-230,5405.11,187.52
1006312,200860,1,5,-998,-489,12181.9,2688.72
1003990,104922,1,23,-526,-22,10288.04,2738.32
1009316,105809,1,21,-330,-504,15722.68,3351.79
1001724,108893,1,16,-913,-186,2410.28,9312.62
1007721,103016,1,1,-440,-609,6199.9,2981.61
1006120,109964,1,21,-903,-911,10584.68,25244.15
1000435,107596,1,1,-581,-609,3507.51,10678.25
1004718,102691,1,1,-647,-575,1641.52,791.99
1002977,200248,1,16,-958,-344,8400.67,6702.24
1007113,101258,1,16,-694,-365,1003.36,8141.48
1002219,100784,1,15,-243,-951,34548.96,3481.29
1000223,105848,1,5,-455,-295,1422.26,16375.53
1007235,100162,1,14,-856,-349,4568.56,14310.26
1009211,200887,1,1,-145,-158,7952.59,23230.46
1002594,109745,1,12,-80,-993,2404.76,18945.78
1007728,101126,1,3,-508,-548,28233.42,5652.18
1001343,108153,1,6,-749,-238,32846.43,8795.2
1004865,107911,1,5,-646,-820,12485.26,8704.83
1005863,105857,1,2,-68,-368,5763.64,19303.09
1002926,106863,1,12,-77,-958,14963.0,1694.52
1006385,106112,1,9,-146,-134,572.47,13099.26
1003718,201632,1,1,-323,-767,6563.07,979.56
1009523,102893,1,3,-517,-715,4797.44,158.28
1003560,101672,1,9,-395,-388,32881.39,3646.6
1001464,201072,1,14,-176,-126,8980.35,2164.8
1006839,106147,1,18,-896,-427,17846.98,14027.41
1000999,200380,1,21,-36,-598,34155.34,4700.94
1006537,101515,1,18,-715,-36,10343.98,2188.88
1001871,105202,1,3,-800,-754,15659.3,2140.45
1000147,102605,1,5,-225,-853,14039.86,6754.03
1004039,100156,1,13,-757,-841,4865.28,10201.96
1009794,201405,1,20,-147,-264,10174.97,11.43
1003362,104766,1,12,-729,-253,18275.23,241.33
1005612,108368,1,15,-216,-657,8392.21,1246.63
1000208,201527,1,19,-445,-31,32134.87,45990.97
1002084,101130,1,1,-720,-736,2351.55,16722.6
1007057,201087,1,13,-395,-977,42915.45,824.34
1000033,100187,1,3,-353,-597,1271.94,1174.51
1000620,108947,1,14,-731,-659,4625.1,1111.85
1008478,200707,1,19,-247,-388,4978.87,978.67
1000045,201610,1,8,-934,-282,43992.13,2385.97
1006622,105590,1,3,-204,-440,296.54,26589.54
1007928,200345,1,6,-861,-305,12731.85,8518.54
1003631,106837,1,15,-967,-135,7666.48,14796.13
1008652,100427,1,13,-256,-45,17800.83,16105.9
1002874,104801,1,21,-479,-28,1974.31,23494.52
1007365,200472,1,15,-170,-121,5567.94,3416.42
1001367,108681,1,6,-599,-251,2128.8,6092.47
1008750,105783,1,20,-767,-247,6603.53,5468.06
1002127,105861,1,20,-348,-461,13198.47,10435.09
1008432,103061,1,1,-17,-844,1899.95,3821.64
1006195,100167,1,22,-145,-522,3369.58,9011.13
1004863,201234,1,18,-580,-620,24979.69,6037.79
1007594,109914,1,22,-91,-212,15428.95,4965.66
1003522,201277,1,22,-841,-938,20831.92,5409.69
1003905,102080,1,23,-14,-500,6352.67,16308.95
1008159,201975,1,4,-129,-910,2415.64,9220.46
1000819,107184,1,2,-64,-449,1441.16,24299.94
1007363,104022,1,7,-188,-62,1025.33,2848.48
1006118,201195,1,8,-60,-415,3644.46,5698.12
1002222,100269,1,12,-539,-966,19387.24,2599.47
1003313,104747,1,7,-209,-580,11223.61,2852.03
1002885,102609,1,11,-540,-228,39968.51,1488.61
1001762,101887,1,9,-570,-475,22405.36,7397.08
1002146,103149,1,22,-365,-950,9440.02,27230.41
1006504,109086,1,13,-796,-277,4788.78,9278.14
1008956,200160,1,5,-855,-909,6570.31,13245.72
1001783,109991,1,15,-291,-914,22924.81,3577.1
1008861,201158,1,15,-258,-853,11597.04,16697.52
1002820,101405,1,7,-813,-945,6945.72,9836.85
1009442,107117,1,15,-664,-552,20697.15,9451.47
1008825,107572,1,19,-912,-414,126.99,5837.6
1003637,200391,1,11,-114,-593,21195.85,14084.58
1002205,107900,1,3,-637,-408,6997.66,2509.5
1005387,109764,1,19,-495,-450,15280.6,3377.3
1008413,101753,1,3,-199,-33,13516.62,10360.46
1005940,101921,1,9,-159,-192,7082.11,1012.32
1001605,107958,1,20,-644,-866,1855.23,4932.26
1005512,103047,1,5,-424,-992,39828.17,845.58
1008743,108510,1,19,-118,-614,1874.13,8710.85
1002223,109823,1,3,-650,-100,432.19,16477.99
1009998,106723,1,4,-733,-664,4288.18,2434.78
1000379,100988,1,13,-460,-933,5284.03,1611.88
1007640,103839,1,13,-926,-911,2382.29,21396.64
1006011,101099,1,13,-354,-826,18046.72,1984.91
1003498,200269,1,22,-503,-770,2065.13,18212.57
1003657,105684,1,23,-974,-72,5661.88,3974.8
1001641,107832,1,11,-631,-139,3542.68,10544.04
1009342,201484,1,6,-784,-654,511.16,1750.18
1009694,109668,1,7,-406,-576,3342.15,18095.19
1006710,201948,1,12,-495,-937,8698.11,3414.96
1002438,108544,1,16,-876,-320,9428.24,29111.16
1008078,108251,1,13,-524,-136,3983.67,3531.83
1008530,104944,1,13,-52,-150,4153.08,12614.59
1004128,102245,1,13,-924,-598,11038.26,56947.19
1008996,109536,1,21,-560,-143,9586.57,382.69
1005636,100120,1,2,-991,-684,15504.78,12471.95
1004971,108539,1,21,-27,-692,18222.49,3437.02
1000978,100736,1,1,-448,-344,12157.91,1747.44
1007521,200316,1,20,-652,-125,21241.9,6220.33
1002743,103925,1,9,-746,-342,8965.15,15981.21
1004377,108036,1,4,-608,-289,13600.21,5748.03
1006827,106739,1,15,-721,-971,8399.15,6047.11
1006152,102163,1,12,-134,-90,5124.83,4631.18
1009397,106357,1,7,-255,-103,1725.41,2487.17
1001924,104363,1,18,-279,-149,23641.4,31219.68
1002740,108117,1,3,-799,-370,19207.39,2035.47
1006156,106771,1,2,-216,-981,7855.93,36867.06
1005251,102788,1,4,-267,-633,151.64,20454.1
1007807,200074,1,15,-181,-374,69.84,4313.01
1007053,106307,1,8,-265,-85,1188.52,1378.77
1003981,108548,1,6,-56,-770,5009.93,4587.45
1004713,201741,1,6,-261,-531,2012.9,8494.52
1001565,100339,1,1,-190,-599,1403.53,26431.79
1007752,108865,1,18,-785,-149,2840.66,14033.22
1006225,200125,1,9,-843,-212,9892.44,16946.22
1003701,100087,1,18,-114,-476,15770.03,4466.23
1002854,109897,1,16,-819,-253,2632.36,3600.7
1006129,104535,1,3,-147,-64,11585.36,775.85
1002306,108431,1,23,-765,-452,9323.37,26295.37
1005513,104364,1,7,-360,-118,5874.3,2939.13
1007738,105075,1,14,-982,-296,3253.27,17126.38
1005700,109933,1,1,-624,-427,5417.44,8473.01
1000148,201678,1,18,-612,-572,1414.78,3142.03
1006131,108139,1,7,-765,-262,13463.14,1659.4
1001320,101879,1,1,-314,-719,4939.85,7798.08
1009284,101681,1,22,-620,-822,6037.44,12242.76
1000681,100795,1,3,-522,-366,3955.18,12872.76
1004620,109935,1,20,-609,-512,1245.64,114.15
1004320,104623,1,2,-321,-499,789.25,23032.26
1000771,102699,1,17,-286,-894,12611.77,2768.47
1001206,200393,1,8,-380,-668,6978.08,10078.15
1007122,102485,1,9,-226,-218,575.52,1726.76
1003864,201124,1,9,-489,-51,167.2,32385.54
1003047,201260,1,16,-12,-149,7149.47,6955.73
1005846,107800,1,21,-127,-45,3606.57,3721.63
1008788,106583,1,5,-845,-461,3007.39,279.41
1001727,105205,1,5,-418,-430,5089.08,11003.11
1007363,104022,1,20,-444,-74,17509.62,503.29
1004692,103685,1,19,-560,-350,12122.86,11794.78
1000966,101247,1,5,-410,-614,7481.25,17009.78
1005820,200357,1,13,-113,-680,34626.66,3832.55
1004615,108143,1,4,-350,-426,1408.24,1001.67
1009119,108611,1,17,-209,-274,1595.6,1283.22
1000430,106301,1,20,-184,-968,7534.83,30613.4
1009363,106773,1,3,-463,-630,1377.54,1725.09
1002716,104439,1,9,-286,-361,5706.95,8005.09
1005171,101497,1,19,-30,-475,20596.12,1305.31
1007351,103444,1,3,-829,-932,8815.15,4467.61
1009728,105576,1,7,-957,-85,13393.05,5085.69
1008264,106983,1,15,-847,-232,11660.12,5766.51
1008609,100939,1,8,-169,-623,17766.46,3051.13
1008357,102745,1,1,-400,-568,23348.08,7666.01
1008885,101263,1,8,-316,-280,8138.1,12972.94
1005755,200242,1,8,-933,-192,25661.95,5918.6
1004813,100583,1,22,-381,-618,3140.76,6444.66
1006048,104396,1,14,-53,-466,17938.87,61591.12
1009060,100717,1,18,-637,-239,3034.12,7503.49
1008481,100585,1,10,-264,-11,1742.0,3305.45
1006549,104768,1,13,-501,-591,4565.49,13344.11
1006310,109882,1,20,-418,-761,35305.82,2295.13
1001189,108720,1,2,-828,-688,10096.0,3663.26
1007638,100336,1,4,-135,-996,16393.8,10118.61
1007236,103415,1,22,-96,-273,34097.9,4596.39
1004176,102989,1,16,-311,-426,641.1,717.23
1004545,104013,1,23,-135,-587,8750.08,8278.26
1005324,103577,1,17,-841,-114,6570.06,5631.64
1007989,200692,1,13,-794,-462,8465.79,306.71
1000169,101759,1,3,-678,-632,1213.27,5730.03
1007570,109491,1,16,-81,-410,4043.11,85.07
1007544,105337,1,11,-859,-305,7132.53,19711.34
1007200,108286,1,4,-505,-37,43.77,3708.01
1009331,108526,1,23,-962,-813,1638.25,7476.93
1006602,101403,1,18,-694,-777,2422.84,8398.44
1009280,200534,1,3,-137,-877,610.22,7314.91
1002248,108997,1,3,-584,-66,5758.9,10114.49
1006477,102390,1,12,-407,-332,7800.91,1255.87
1001272,102976,1,21,-462,-605,28508.27,11344.19
1008744,109346,1,11,-533,-303,14836.28,9467.17
1000497,102947,1,1,-709,-744,17467.34,11304.83
1009038,103961,1,9,-886,-241,9265.94,13784.85
1007139,107003,1,7,-630,-834,5035.27,3393.73
1005717,104033,1,14,-631,-308,13667.02,1463.41
1008490,200768,1,4,-126,-823,2775.31,1153.93
1005157,107619,1,11,-495,-669,11279.76,5954.41
1005047,100593,1,5,-488,-661,1742.9,25797.67
1001911,103281,1,22,-496,-51,3493.84,5631.93
1001409,107563,1,2,-638,-729,12411.21,3988.43
1000117,104073,1,13,-545,-633,13438.72,5765.67
1000302,109908,1,21,-624,-844,6378.42,20735.84
1002254,108214,1,1,-631,-549,14305.57,3479.61
1006531,201282,1,17,-274,-850,13662.24,10222.89
1005738,107095,1,14,-322,-219,1942.33,2844.81
1009318,105309,1,23,-287,-997,3594.07,1970.16
1006426,102632,1,23,-277,-565,8217.82,22743.19
1006211,108452,1,9,-270,-460,254.9,7419.91
1003864,201124,1,20,-162,-351,6261.72,6845.27
1000165,109141,1,15,-242,-487,5373.46,1255.24
1004337,103556,1,2,-685,-69,14725.22,3741.37
1004840,101030,1,11,-173,-816,4417.54,10808.09
1006966,101450,1,15,-823,-438,3626.19,5621.61
1004131,101075,1,16,-735,-889,4019.12,6823.52
1008797,201473,1,23,-982,-172,1876.75,15600.12
1000993,100134,1,1,-904,-327,33016.58,20478.49
1002695,103148,1,11,-770,-792,22374.82,16391.12
1007519,101371,1,1,-213,-370,16125.81,1866.27
1005042,106038,1,17,-31,-797,7535.58,5986.71
1007044,100191,1,14,-452,-855,42381.28,14396.78
1009786,103279,1,20,-16,-878,20065.31,2506.46
1007024,200601,1,21,-580,-570,286.9,11473.44
1001129,102923,1,6,-149,-257,2115.03,1052.28
1007054,104730,1,4,-496,-763,15971.12,2207.13
1002712,100149,1,1,-670,-474,2303.91,23149.94
1002019,200534,1,21,-603,-588,6724.04,828.44
1009483,109301,1,7,-52,-190,17913.48,11996.11
1000853,102608,1,9,-54,-892,1831.81,36715.81
1006521,200672,1,12,-677,-392,10692.35,1268.27
1007964,200849,1,2,-242,-876,23758.69,24243.35
1002263,101770,1,21,-392,-815,8273.28,58517.94
1009491,101491,1,14,-754,-798,7508.04,2455.58
1007159,109812,1,11,-604,-309,16070.19,18604.3
1008861,201158,1,14,-346,-529,3403.03,3257.18
1007139,107003,1,5,-718,-773,6237.0,5725.22
1009283,109722,1,15,-829,-504,31995.45,11151.46
1006305,105241,1,23,-473,-821,16968.8,10873.15
1003032,109073,1,12,-430,-809,3215.82,2155.02
1009132,107254,1,16,-855,-270,5855.82,22095.95
1007744,108143,1,17,-347,-953,899.2,36582.21
1004297,108921,1,10,-294,-290,1143.81,8382.43
1006740,106266,1,14,-246,-883,17184.84,3863.72
1001625,107664,1,8,-320,-726,34.2,5816.76
1008895,102769,1,19,-297,-914,55066.91,2132.01
1002681,102727,1,19,-831,-222,3350.06,2378.28
1007537,101165,1,19,-487,-416,46075.01,82.57
1006260,109431,1,5,-190,-584,2289.3,14618.82
1000570,107894,1,2,-142,-206,14364.99,7571.31
1000029,201487,1,3,-955,-485,6435.01,1283.52
1006739,201328,1,15,-932,-501,13537.17,375.6
1007969,200318,1,7,-385,-788,12597.52,330.75
1007139,107003,1,20,-387,-180,2002.15,14525.16
1007614,108865,1,21,-943,-194,1961.3,3028.65
1000996,108763,1,1,-709,-456,6632.86,53.48
1003667,100844,1,5,-218,-771,6048.37,2977.91
1002201,106336,1,18,-262,-552,3876.59,10567.71
1007936,101196,1,9,-17,-39,17886.66,28408.66
1006332,104647,1,23,-391,-261,10726.29,8138.48
1000945,104830,1,5,-702,-770,4422.77,11797.7
1004402,106448,1,9,-402,-936,6121.33,29953.82
1000762,101950,1,7,-753,-404,11847.17,1157.35
1003898,105589,1,3,-976,-876,229.73,6720.03
1000452,100058,1,8,-911,-968,1759.4,15435.36
1004104,109605,1,13,-185,-475,19468.36,12457.19
1006558,102783,1,14,-921,-820,17022.9,36.23
1003393,103256,1,13,-277,-585,6033.83,8934.78
1009706,106091,1,14,-914,-37,27517.46,1877.06
1005147,200620,1,14,-418,-830,16928.32,19752.8
1000565,109255,1,11,-606,-972,12584.88,9880.52
1001949,108634,1,1,-29,-735,28774.83,7944.85
1001562,106415,1,13,-455,-828,2070.74,6441.43
1002269,104804,1,11,-715,-293,3569.61,5717.99
1008087,100933,1,19,-42,-659,12899.85,4130.13
1005807,104222,1,19,-774,-732,7515.33,1144.48
1006595,109735,1,16,-64,-510,2866.02,17750.29
1005664,201368,1,7,-795,-599,27835.91,3067.97
1001434,104678,1,12,-241,-680,7939.74,15217.61
1009833,105274,1,23,-623,-173,12937.51,4283.77
1005041,109008,1,23,-898,-474,26580.2,266.82
1001885,104461,1,19,-866,-100,1888.55,53617.43
1004830,108055,1,15,-791,-664,15659.68,7500.09
1003712,104761,1,7,-348,-952,23218.88,5172.15
1003118,102341,1,8,-945,-825,1038.77,6519.95
1001381,104900,1,17,-898,-653,75818.82,11851.7
1001659,201588,1,14,-831,-787,3007.27,1636.43
1004326,109740,1,23,-797,-564,32570.5,1722.88
1009142,102194,1,6,-95,-488,20736.85,14963.54
1002579,103166,1,11,-68,-997,13998.55,20937.57
1008278,108056,1,7,-876,-941,2707.87,594.36
1002847,106158,1,17,-152,-227,3255.09,7362.12
1008434,105017,1,8,-66,-682,9096.38,20694.17
1007461,104964,1,15,-187,-91,7649.72,8669.03
1002347,101441,1,15,-588,-283,6515.92,36828.56
1007482,108142,1,23,-251,-77,5659.43,13914.37
1002762,108983,1,13,-380,-538,6610.61,8141.77
1007367,108069,1,8,-820,-935,78801.59,8399.69
1007317,101402,1,17,-885,-418,11622.08,1108.26
1000357,200381,1,23,-431,-504,9677.24,7087.25
1002044,106390,1,9,-462,-878,5602.39,8079.15
1004960,109843,1,13,-904,-46,11511.28,140.98
1006167,105534,1,6,-953,-814,2025.02,6153.81
1008022,107608,1,15,-862,-322,17101.6,294.64
1007152,109794,1,16,-660,-709,5674.43,7128.0
1003714,201245,1,16,-727,-50,13170.65,5870.09
1000073,102922,1,22,-231,-354,7257.88,20182.66
1007819,101645,1,13,-655,-896,4812.01,263.95
1008920,106697,1,6,-684,-447,17989.99,91.48
1005526,201707,1,23,-375,-115,145.67,2634.07
1009715,107090,1,10,-227,-37,16335.52,11302.9
1006082,105222,1,6,-960,-562,3756.51,12233.03
1004029,103230,1,13,-513,-28,2626.58,1911.84
1007983,200299,1,7,-507,-620,4973.48,13124.52
1008303,101832,1,17,-516,-492,7245.01,1375.43
1008077,100447,1,9,-80,-671,2701.02,8661.07
1006217,100256,1,19,-996,-983,1805.01,1634.26
1000356,108361,1,21,-958,-921,17794.59,2515.58
1005277,100313,1,19,-223,-710,14199.81,3457.98
1004543,104149,1,6,-628,-919,11149.17,19582.84
1000919,102394,1,10,-628,-67,9278.54,172.6
1004779,102856,1,19,-100,-687,1686.7,430.18
1003310,200724,1,21,-65,-302,295.54,151.77
1006440,200683,1,20,-867,-510,3049.91,6123.64
1007377,102098,1,3,-539,-749,523.5,891.47
1009146,107375,1,21,-645,-665,21122.07,13977.39
1009208,101801,1,12,-656,-988,10120.56,7857.55
1008459,108431,1,21,-650,-976,60.38,13721.48
1002780,103580,1,12,-475,-804,2754.71,8635.22
1007096,100185,1,15,-221,-878,2857.14,2518.98
1003319,109381,1,10,-770,-597,2937.98,10241.63
1006904,103946,1,4,-291,-102,3140.97,16385.14
1009535,108858,1,12,-167,-532,9426.32,811.9
1004556,100293,1,12,-650,-667,6370.41,7382.33
1006048,104396,1,22,-265,-961,7458.0,7663.29
1004115,106003,1,19,-859,-381,12315.99,4345.74
1003233,108353,1,9,-690,-535,35294.17,630.26
1009545,101472,1,15,-785,-530,8936.7,14945.61
1007919,100461,1,10,-365,-341,1925.25,1273.97
1003096,108012,1,13,-14,-821,674.48,2934.33
1004108,201977,1,4,-285,-686,3353.87,1093.35
1008839,100692,1,12,-94,-872,19157.19,7742.66
1001241,103491,1,9,-98,-243,4030.84,27511.29
1009186,201249,1,23,-774,-12,11041.15,25935.31
1008597,106724,1,18,-488,-34,6004.38,11255.85
1007240,108090,1,20,-341,-921,3705.6,846.44
1004494,104491,1,15,-427,-886,14397.41,21583.55
1007770,108070,1,6,-201,-626,11489.49,2392.55
1006748,107024,1,3,-592,-14,8551.18,8452.81
1000435,107596,1,2,-332,-207,3743.14,14422.84
1006471,101169,1,7,-481,-741,938.33,1633.33
1009518,100619,1,5,-252,-686,38307.35,14606.63
1004205,201782,1,6,-22,-674,10332.2,6154.27
1005288,105981,1,23,-435,-37,1819.36,12855.76
1009917,109454,1,20,-966,-850,3364.04,29.64
1003991,100827,1,11,-347,-202,1681.01,12096.01
1002432,200373,1,4,-167,-292,4743.85,1212.02
1002794,200855,1,5,-664,-468,5791.91,9830.43
1002079,107421,1,2,-897,-602,23342.08,3000.69
1001124,100610,1,21,-474,-966,16033.5,3921.48
1007673,100256,1,16,-982,-809,2170.47,5261.97
1001031,108871,1,21,-157,-528,32009.54,14653.41
1007886,100587,1,15,-845,-277,3118.13,3889.45
1004534,107370,1,17,-920,-842,2152.01,2222.32
1003446,200616,1,10,-575,-913,2047.93,9063.77
1006794,108958,1,19,-711,-582,4451.41,11211.32
1008665,201285,1,12,-987,-578,20976.85,11448.41
1005482,102460,1,9,-120,-123,1373.02,10324.8
1007299,105529,1,1,-436,-792,29644.35,16650.41
1001051,104850,1,6,-743,-497,6544.71,32626.44
1006828,101272,1,23,-586,-786,1496.78,5523.56
1002630,107699,1,19,-571,-452,4949.17,7157.27
1006584,106752,1,16,-409,-647,23774.1,2411.03
1007135,107070,1,6,-503,-57,11786.75,10127.59
1008119,201672,1,14,-742,-360,10896.57,2239.73
1000115,105173,1,16,-181,-856,8062.36,6595.62
1008907,104067,1,12,-752,-941,17189.12,1385.96
1000442,100056,1,16,-617,-122,6903.39,5438.94
1008177,105738,1,19,-250,-679,13337.44,24976.97
1007960,106961,1,14,-869,-126,912.73,4125.98
1007290,109317,1,23,-399,-930,18270.93,19345.37
1009967,101610,1,16,-680,-104,24330.9,417.69
1003893,107637,1,4,-712,-268,9504.59,13268.17
1000135,105050,1,17,-505,-854,9253.7,3463.22
1002502,106656,1,1,-374,-306,3659.73,3266.68
1003840,107845,1,12,-987,-712,5833.12,5648.61
1001399,106413,1,12,-368,-549,2342.86,4560.28
1005292,107929,1,2,-404,-557,5341.67,389.4
1005251,102788,1,15,-525,-272,6394.36,15364.58
1002102,109956,1,18,-204,-880,22445.2,17281.98
1009187,201893,1,1,-366,-610,8170.59,17171.03
1009910,104066,1,14,-421,-854,7024.88,1544.0
1003682,105566,1,10,-618,-382,4942.03,12296.99
1007473,107837,1,13,-916,-916,2135.6,6222.08
1006954,100365,1,1,-746,-360,1544.64,8642.01
1009308,108846,1,15,-875,-769,1715.44,4561.52
1007706,107387,1,5,-802,-278,2587.73,7412.65
1005873,104056,1,5,-491,-607,13294.06,15910.65
1008036,104847,1,7,-57,-411,2362.88,26624.55
1009540,102322,1,16,-873,-86,19303.48,5233.4
1009228,109153,1,10,-750,-562,2408.86,3881.54
1002468,107386,1,8,-152,-734,18545.17,2911.48
1007237,109634,1,2,-766,-630,7423.08,7334.21
1007469,103667,1,19,-672,-212,18040.62,345.93
1006338,105497,1,2,-44,-665,2383.62,1403.99
1003314,201551,1,11,-82,-904,150.87,2153.34
1006933,108461,1,4,-421,-380,3488.72,21441.89
1002639,200996,1,2,-147,-113,28541.1,11784.69
1008422,107992,1,15,-436,-643,3686.61,6685.18
1002902,105724,1,7,-999,-855,9220.03,5318.7
1006068,201365,1,9,-635,-769,168.61,2706.89
1006383,102863,1,19,-406,-682,17467.04,1600.38
1000046,108308,1,2,-82,-402,21393.59,37665.41
1005668,200402,1,7,-766,-639,2636.74,1325.1
1009216,104727,1,5,-405,-725,22549.67,4570.62
1007022,101227,1,11,-678,-812,10720.11,2188.04
1003936,107045,1,15,-436,-440,254.3,26369.34
1009630,200952,1,11,-198,-551,2585.57,1950.37
1008981,200977,1,19,-375,-137,1449.33,27121.86
1003553,109899,1,5,-539,-496,3762.18,927.36
1005229,103364,1,3,-472,-998,392.82,13836.2
1004701,106648,1,1,-202,-925,6354.13,8544.35
1004446,104250,1,16,-935,-643,15746.05,19071.41
1004647,102757,1,8,-604,-220,20402.14,22.73
1005890,102749,1,9,-298,-877,12840.12,5936.43
1005434,107049,1,22,-728,-725,1093.81,20240.78
1006233,201040,1,6,-329,-902,2283.76,11069.43
1008324,107945,1,3,-659,-581,25000.29,20849.37
1000721,103284,1,2,-509,-459,2956.33,34664.81
1006431,105482,1,15,-607,-393,1659.74,7801.08
1000264,101993,1,9,-174,-695,5660.0,16843.17
1003921,101555,1,4,-383,-438,12192.36,18.7
1004979,109833,1,1,-151,-252,9488.43,10982.07
1008525,201706,1,9,-108,-27,16090.83,16529.64
1009466,101048,1,11,-669,-884,10774.79,9969.11
1007746,103566,1,6,-294,-933,2612.78,13668.97
1005895,104382,1,10,-934,-114,10252.76,1330.82
1009476,201815,1,9,-426,-916,5514.9,3121.15
1000723,201056,1,21,-370,-638,11696.04,4830.28
1007946,200058,1,10,-808,-426,6660.36,9464.14
1005204,103853,1,6,-280,-79,3061.54,10255.69
1009933,109087,1,11,-822,-531,23732.9,12326.97
1002498,108268,1,4,-721,-308,5855.28,1768.3
1007568,102617,1,9,-778,-900,625.88,6733.74
1002660,107612,1,20,-60,-603,283.12,4493.78
1002928,107144,1,14,-239,-619,10544.24,10135.79
1009895,105201,1,18,-16,-669,7712.87,111.14
1001932,100813,1,5,-903,-360,3127.59,36734.78
1001274,102625,1,4,-871,-922,3415.82,11538.81
1000141,101926,1,1,-48,-356,1163.06,7414.37
1005372,100589,1,8,-513,-422,8540.12,2777.9
1003188,106206,1,12,-915,-604,12968.18,13430.98
1000915,101698,1,8,-865,-476,14145.04,4436.74
1006017,100978,1,12,-28,-330,17988.96,6486.54
1008070,105483,1,22,-250,-631,732.26,40293.5
1002188,103220,1,22,-833,-32,8067.18,13074.87
1007016,108453,1,6,-167,-392,11816.52,3062.16
1009924,103375,1,18,-226,-607,7094.78,2742.88
1001494,105884,1,12,-876,-266,11641.24,7851.83
1007571,107079,1,22,-431,-848,3352.7,12922.67
1002189,102650,1,16,-886,-83,4899.5,7556.03
1003201,104014,1,9,-721,-54,18150.2,9037.23
1007673,100256,1,21,-414,-475,8631.88,5490.61
1003570,108491,1,2,-101,-68,21179.63,8.37
1001334,201947,1,21,-852,-115,22310.65,4332.03
1007319,201170,1,23,-820,-280,25977.82,3620.93
1007564,200781,1,3,-406,-537,5027.04,7521.36
1004150,100456,1,10,-763,-921,8545.6,4880.81
1006488,200117,1,7,-347,-600,3122.43,15492.45
1008168,103210,1,21,-418,-419,3102.23,13793.23
1000375,102028,1,14,-689,-167,3837.6,2774.73
1004578,100403,1,15,-708,-836,8444.74,5646.07
1007305,105155,1,6,-759,-191,6445.04,5134.23
1000303,201181,1,11,-234,-758,26802.54,15879.29
1005235,102327,1,5,-66,-258,1687.54,20113.88
1004178,103774,1,23,-835,-483,1366.81,3741.31
1003831,200921,1,17,-289,-86,2664.53,17800.48
1006547,200401,1,11,-877,-315,7259.85,2248.71
1009703,200705,1,6,-787,-641,10417.1,2977.55
1008211,201389,1,12,-293,-792,27056.04,9961.98
1003511,106518,1,8,-950,-773,1281.86,614.76
1009027,104560,1,22,-724,-92,15159.32,1546.85
1002239,201302,1,18,-875,-160,1608.63,10554.51
1001130,102622,1,19,-31,-669,1872.91,2427.8
1009571,107519,1,17,-983,-566,95.81,958.14
1008073,106211,1,16,-579,-878,6847.04,3823.38
1007276,108387,1,18,-628,-915,467.03,12218.11
1000755,106570,1,9,-339,-267,17063.35,19385.17
1007449,200256,1,16,-39,-447,29901.3,2047.46
1007527,201100,1,15,-541,-340,1323.9,8654.05
1009790,107459,1,20,-238,-304,16440.81,4293.99
1004336,100128,1,15,-349,-934,9512.79,23727.95
1004455,100658,1,22,-657,-99,268.8,1149.43
1003623,108028,1,3,-657,-856,778.93,12033.61
1003435,103315,1,23,-595,-54,2221.13,20585.7
1001661,105644,1,1,-558,-357,770.54,7113.46
1001865,200513,1,18,-656,-331,12367.66,6794.34
1000719,101541,1,18,-820,-804,6629.77,151.47
1007499,200507,1,21,-410,-276,10829.79,2501.88
1002946,200134,1,17,-747,-165,5874.52,26107.64
1007732,108320,1,14,-976,-861,5330.66,1655.36
1007129,200115,1,12,-690,-204,4740.67,7858.61
1008425,104199,1,7,-867,-378,8016.21,8205.32
1000314,109486,1,22,-411,-786,11142.58,2596.85
1004345,101008,1,17,-101,-140,1683.51,7851.43
1005102,100674,1,22,-750,-666,12067.55,13906.46
1000124,201567,1,14,-996,-866,6209.12,35591.71
1003875,102536,1,14,-13,-719,1556.65,7390.63
1001881,109915,1,9,-758,-23,11714.98,5218.99
1001037,107593,1,4,-412,-562,24673.38,16082.82
1000864,106339,1,9,-360,-172,11480.14,5329.99
1006670,108898,1,21,-505,-897,3140.3,5142.63
1000477,105800,1,15,-227,-936,8818.06,1586.31
1001033,107754,1,20,-334,-304,20775.31,14804.23
1007590,201382,1,16,-750,-736,1247.82,6202.81
1007329,100603,1,1,-181,-512,15965.92,4833.98
1001845,108056,1,11,-101,-293,4271.12,1361.92
1008266,107595,1,22,-478,-700,12837.99,9210.95
1006784,104110,1,20,-868,-332,1686.12,1997.56
1007366,109823,1,9,-307,-710,1078.25,34558.32
1004350,101952,1,21,-70,-437,6412.46,4509.26
1009277,100709,1,20,-843,-227,2994.15,4755.35
1002643,107004,1,2,-796,-904,31060.83,24164.69
1006308,107150,1,22,-160,-576,30665.6,3279.15
1006621,104144,1,17,-418,-749,877.31,779.95
1002607,108703,1,19,-682,-401,3143.7,69884.14
1007440,108499,1,18,-932,-436,1070.35,3227.76
1003993,101056,1,4,-905,-507,1683.19,22114.89
1008883,104181,1,13,-176,-54,6809.28,1937.09
1002886,100300,1,20,-913,-304,3243.41,8775.74
1006114,107463,1,9,-98,-120,28214.02,8111.93
1007703,109599,1,15,-926,-667,1942.69,4126.66
1004157,105870,1,21,-258,-292,1089.51,2991.98
1005991,200554,1,5,-765,-155,15339.9,231.92
1004933,103047,1,1,-300,-692,6263.11,634.74
1005257,107162,1,16,-444,-247,8568.19,23630.38
1001919,103756,1,19,-469,-834,2329.68,804.47
1001574,109263,1,3,-555,-386,20837.93,4945.51
1005285,100595,1,23,-186,-859,5780.63,1042.68
1005247,105719,1,1,-626,-677,6170.55,260.56
1004411,106610,1,9,-413,-700,6512.73,1876.13
1004606,106485,1,20,-608,-739,2566.52,1328.6
1006617,103147,1,20,-253,-372,1699.16,675.77
1007870,105968,1,6,-477,-912,6211.54,13307.14
1006133,105598,1,21,-324,-477,203.41,6074.54
1004333,106913,1,3,-246,-308,10610.47,10197.85
1006654,105576,1,10,-169,-863,1863.73,19869.76
1007350,200581,1,7,-232,-460,3070.54,14993.64
1006316,102857,1,7,-956,-538,936.09,5725.08
1009328,109160,1,13,-916,-208,1579.55,11348.82
1002298,109011,1,15,-396,-123,3217.58,669.7
1005957,100768,1,3,-181,-18,10060.39,25680.52
1009366,108765,1,13,-564,-71,2827.12,9593.62
1002509,104999,1,6,-299,-769,53757.61,2145.92
1009059,109680,1,15,-845,-769,7661.53,41535.74
1001020,201713,1,15,-747,-885,1508.08,2052.94
1008150,201887,1,18,-596,-508,14617.77,9876.26
1001398,104795,1,3,-529,-659,9837.92,19806.57
1001016,109456,1,23,-919,-509,16594.48,45554.77
1000912,108898,1,3,-60,-555,8650.54,9334.37
1000628,107512,1,7,-712,-547,866.74,5614.57
1006425,100863,1,13,-357,-651,13434.22,2254.28
1005739,102733,1,7,-244,-89,1391.62,2807.26
1007087,104685,1,23,-73,-585,11328.93,7390.31
1003772,101310,1,13,-829,-243,4600.78,20873.21
1003623,108028,1,22,-258,-140,37011.99,5216.26
1002958,102791,1,15,-346,-915,5691.22,1047.41
1002470,104748,1,10,-289,-238,11670.18,18407.41
1003569,100375,1,21,-546,-667,33678.62,9363.52
1001157,200821,1,6,-373,-628,9675.5,21577.34
1002620,201360,1,19,-293,-878,18066.06,11668.05
1006371,103182,1,18,-551,-561,18738.67,15645.18
1002050,101353,1,16,-483,-671,16408.27,17666.73
1009449,101482,1,11,-154,-328,680.95,3187.99
1002523,105363,1,12,-14,-464,5575.24,6406.91
1002670,104127,1,2,-965,-236,5179.57,12203.46
1004438,102861,1,21,-755,-95,4868.75,29955.72
1004767,100926,1,5,-881,-601,7740.6,7710.28
1004562,106836,1,3,-287,-453,6816.25,24913.19
1008425,104199,1,17,-800,-41,375.39,2247.81
1007570,109491,1,1,-348,-966,2544.11,5926.74
1005367,105053,1,21,-621,-333,31317.24,25962.76
1006531,201282,1,19,-563,-734,4371.95,6317.34
1000262,104233,1,15,-263,-856,248.59,34494.68
1002319,106296,1,3,-208,-456,22631.45,8803.19
1002641,102333,1,23,-634,-775,7396.69,2872.77
1007841,104367,1,21,-624,-995,533.64,16021.69
1004154,109044,1,9,-277,-36,13558.07,1119.4
1000254,103536,1,13,-294,-384,3436.06,19798.6
1003913,100042,1,4,-687,-651,2443.98,9554.62
1006562,105209,1,13,-236,-177,17349.37,4573.3
1001694,101592,1,2,-847,-458,9658.62,15396.45
1008475,200819,1,9,-682,-321,15345.3,2549.04
1003138,109931,1,7,-413,-23,16604.8,23249.97
1000946,200211,1,3,-807,-431,14921.45,611.91
1007740,101400,1,16,-543,-619,4355.38,12881.43
1008358,107305,1,17,-826,-511,7117.68,19459.11
1002573,104210,1,17,-763,-728,4965.27,13870.81
1003177,109719,1,12,-135,-121,9659.7,1528.08
1006334,101541,1,4,-75,-936,4275.5,10928.51
1003861,103992,1,21,-66,-523,1739.63,10236.71
1007323,104671,1,4,-740,-581,860.02,10413.6
1001230,101950,1,10,-271,-31,116.68,37727.04
1009921,102866,1,18,-260,-675,13881.72,3224.83
1001317,102332,1,7,-359,-929,5825.7,8642.9
1000185,101927,1,19,-726,-708,8695.69,1045.32
1006337,109259,1,19,-695,-267,1187.13,3615.44
1001508,105162,1,11,-294,-257,4859.82,1873.87
1001360,100495,1,20,-366,-625,6019.14,11731.63
1004141,108999,1,22,-120,-346,4182.93,18487.17
1000026,108629,1,18,-355,-620,2482.86,5373.22
1008654,109291,1,5,-185,-696,5188.36,3329.1
1001364,105590,1,19,-44,-122,14318.14,132.83
1002348,107271,1,17,-917,-918,4882.1,10492.6
1003530,107507,1,18,-873,-609,7990.27,445.39
1008715,108920,1,7,-684,-711,1541.65,8139.67
1003699,109948,1,8,-525,-631,12230.09,4670.71
1008888,100242,1,16,-480,-267,2608.38,4942.74
1009052,108190,1,20,-463,-204,44190.27,34176.77
1008367,101587,1,6,-768,-516,15853.45,18422.73
1005607,106811,1,19,-246,-543,21748.88,2859.97
1003329,107947,1,6,-450,-760,5266.25,9408.71
1001116,100674,1,4,-432,-715,10317.53,132.86
1003238,101883,1,10,-475,-668,1524.42,759.54
1002543,200402,1,11,-545,-419,3483.1,16427.04
1005367,105053,1,3,-844,-897,16962.35,1315.12
1006572,201506,1,19,-747,-684,7658.43,19741.75
1004552,107631,1,23,-731,-40,16900.4,11581.95
1007212,109284,1,2,-51,-605,6932.25,67411.51
1008541,200648,1,3,-280,-955,7856.77,14169.02
1001211,102326,1,15,-567,-202,22265.96,5979.91
1007817,104136,1,18,-893,-148,18899.61,9762.88
1007706,107387,1,20,-275,-375,4226.41,25846.04
1007493,101866,1,5,-386,-720,9834.31,10620.77
1006681,105761,1,4,-415,-752,11639.67,1967.81
1006163,109854,1,11,-671,-19,3504.8,4543.63
1007242,201848,1,12,-447,-100,1403.49,23385.72
1000170,103032,1,3,-827,-766,11342.85,10768.67
1005525,107412,1,19,-734,-159,9212.66,39256.54
1008189,200938,1,20,-275,-961,39115.62,3402.61
1009016,100920,1,12,-582,-317,9937.07,39909.54
1001521,104325,1,10,-421,-790,4011.09,29131.24
1000568,101679,1,7,-693,-549,8092.61,15822.67
1004827,102975,1,17,-922,-543,38111.43,23016.91
1007807,200074,1,17,-793,-377,7000.01,20319.17
1005810,103032,1,13,-22,-167,3804.27,4480.91
1004144,200401,1,1,-895,-973,3703.08,21288.45
1005960,107182,1,19,-782,-25,1024.48,2145.72
1005248,101491,1,8,-733,-343,1704.77,8373.43
1004786,102662,1,15,-477,-14,7537.16,8712.15
1003432,102773,1,20,-982,-872,2752.88,7752.04
1006175,100297,1,17,-575,-616,27355.2,24227.87
1000813,106920,1,9,-680,-658,10581.35,3521.02
1005324,103577,1,21,-342,-660,24830.87,1516.28
1002775,200428,1,16,-814,-250,1611.52,3264.43
1008951,109607,1,8,-690,-926,7358.8,49965.64
1004116,200871,1,23,-552,-18,91846.62,2114.88
1001914,109295,1,11,-435,-58,6672.01,40052.99
1006788,103455,1,19,-661,-892,5690.01,702.13
1001607,101462,1,2,-338,-783,7692.01,6070.29
1000745,109363,1,22,-37,-147,8584.82,1620.68
1000769,101268,1,5,-961,-56,8972.69,6132.04
1000084,201577,1,21,-898,-728,20810.81,2450.63
1006062,104445,1,22,-514,-358,4552.72,157.49
1008356,201872,1,5,-224,-410,5528.85,3360.29
1000652,109436,1,20,-928,-28,4096.3,3283.15
1009634,105179,1,21,-366,-985,7979.22,15220.42
1006045,200303,1,14,-121,-616,26171.97,25227.32
1004898,101977,1,19,-685,-984,37124.05,6159.84
1008727,103138,1,11,-336,-792,2387.44,5526.68
1005004,106417,1,17,-562,-338,4720.96,3870.48
1003981,108548,1,22,-548,-76,6214.39,32479.77
1001973,103908,1,16,-526,-787,6966.02,8236.83
1007121,201802,1,6,-231,-63,4174.86,59091.29
1007064,200403,1,16,-143,-403,5450.99,2325.49
1005808,101459,1,13,-593,-715,1091.95,1456.89
1001260,101809,1,6,-109,-714,6402.1,4123.84
1007397,104617,1,9,-136,-134,8080.61,6214.74
1002060,105713,1,10,-646,-541,1846.77,8586.82
1001015,102205,1,20,-945,-569,5935.33,18739.07
1001959,105021,1,9,-201,-820,20697.23,2582.43
1009414,109073,1,23,-597,-940,9118.63,14488.23
1003682,105566,1,11,-437,-471,4333.72,10922.52
1004353,103392,1,11,-882,-57,1284.98,24468.07
1004572,109101,1,9,-204,-627,21091.23,1575.17
1008432,103061,1,22,-783,-600,8854.04,2229.11
1006950,107576,1,14,-619,-757,2344.38,12371.55
1003799,107453,1,16,-669,-888,11252.72,2750.22
1001750,104618,1,23,-979,-453,5055.36,31204.38
1005205,201059,1,14,-108,-474,25384.84,9261.54
1008153,200221,1,16,-439,-948,6568.79,16774.01
1004196,101304,1,9,-560,-446,21423.82,5983.73
1007515,102783,1,16,-277,-19,7926.78,13789.73
1007805,107531,1,6,-853,-265,3187.56,9071.27
1001212,108619,1,1,-807,-349,22746.06,59935.37
1002921,100134,1,6,-735,-941,13737.43,6653.92
1000669,102741,1,19,-509,-121,10481.85,27721.29
1006781,108961,1,12,-641,-998,2992.28,25733.01
1003943,104829,1,17,-482,-678,29266.98,265.62
1000026,108629,1,17,-267,-635,6401.86,8768.58
1009855,107991,1,3,-582,-940,21227.43,4259.34
1001316,100587,1,19,-234,-722,63971.88,28421.35
1000556,201309,1,17,-15,-668,27239.94,5727.86
1006427,105660,1,8,-904,-165,124.6,8023.65
1001718,101659,1,3,-767,-908,6626.07,3328.33
1002476,101886,1,3,-981,-272,14906.36,7112.97
1003247,108150,1,20,-222,-459,13975.9,35274.51
1003449,108040,1,15,-800,-575,13934.13,23727.49
1000484,103212,1,5,-966,-344,937.61,7681.32
1009906,106999,1,10,-119,-659,13028.11,5791.85
1000648,103424,1,18,-923,-135,4986.93,20828.86
1003889,101710,1,22,-89,-468,6355.17,11199.43
1001317,102332,1,4,-957,-390,1232.7,10641.48
1009857,108086,1,17,-755,-991,150.59,7138.96
1009450,102158,1,2,-559,-43,7472.04,5749.67
1002820,101405,1,19,-445,-325,4888.46,160.83
1008564,101343,1,5,-282,-256,6855.3,15399.89
1007407,104239,1,14,-575,-70,3606.04,14745.27
1002990,108570,1,21,-676,-100,9953.91,1352.15
1009799,109588,1,3,-754,-358,1203.27,24997.1
1002601,103605,1,15,-191,-621,12042.25,9938.03
1005479,105871,1,20,-926,-667,7418.01,14337.31
1008546,201271,1,11,-420,-847,10566.7,3315.03
1007047,102847,1,16,-204,-956,1669.47,32441.18
1001541,103610,1,5,-775,-624,2426.23,1595.84
1006920,103042,1,10,-658,-751,14896.88,1232.74
1009816,107421,1,7,-461,-972,15875.79,1124.72
1003952,105410,1,7,-153,-661,8389.59,253.92
1006717,105815,1,16,-585,-735,18175.94,7640.65
1003402,200034,1,16,-170,-834,2628.48,7575.85
1004609,106121,1,17,-458,-406,1112.88,68.91
1008578,102385,1,23,-439,-774,7086.36,5701.59
1007075,109413,1,2,-447,-345,12333.2,816.01
1004905,108787,1,14,-315,-796,15857.22,4355.79
1001998,104359,1,14,-598,-913,11185.07,8649.25
1001782,102489,1,18,-734,-860,32783.59,1313.49
1005193,105192,1,7,-422,-436,12750.87,3346.66
1009192,201550,1,4,-426,-629,17723.92,1805.42
1002786,201771,1,10,-185,-324,10639.71,8080.11
1005142,106819,1,17,-142,-680,31513.29,15036.73
1005589,103063,1,6,-364,-815,370.36,9304.42
1000340,101639,1,10,-356,-935,18936.1,30963.09
1006396,109355,1,19,-734,-755,5976.46,12560.78
1001957,100213,1,18,-205,-871,1335.9,1096.98
1006340,100610,1,21,-956,-808,5075.17,9085.5
1003483,104578,1,6,-812,-229,3642.17,12067.35
1007840,200032,1,20,-610,-71,27360.71,14942.87
1004637,100391,1,10,-641,-328,2800.83,15811.15
1003433,100802,1,16,-65,-996,39483.69,11937.59
1004536,108590,1,14,-41,-262,11898.19,6212.57
1008636,109267,1,23,-50,-237,16959.23,9861.69
1002028,104554,1,8,-257,-165,290.26,21224.9
1003701,100087,1,14,-79,-263,8906.28,503.08
1002248,108997,1,2,-205,-549,10181.71,5212.86
1006687,104427,1,20,-24,-386,27065.85,1164.35
1005379,106451,1,6,-427,-549,4696.24,35455.71
1007203,106156,1,23,-728,-751,7902.07,2264.06
1005497,105586,1,21,-627,-971,1763.41,13357.63
1001612,200537,1,19,-957,-439,4308.98,14811.48
1003379,200008,1,11,-149,-122,2650.44,15516.94
1007432,103487,1,16,-619,-135,13199.02,6222.54
1004875,102778,1,20,-941,-903,7707.78,12744.98
1006426,102632,1,1,-257,-14,845.5,10417.84
1009936,106258,1,8,-604,-395,17194.43,1835.63
1004606,106485,1,2,-417,-309,13020.22,3662.36
1009591,106325,1,19,-288,-270,3689.84,23020.44
1002621,101276,1,5,-811,-444,13948.77,11562.07
1006704,107281,1,9,-567,-893,2132.41,6415.76
1004608,105961,1,9,-556,-846,19438.96,23390.47
1002477,106389,1,16,-663,-664,6314.32,3356.84
1001093,103847,1,21,-863,-958,29755.71,6609.07
1007928,200345,1,23,-462,-478,7049.61,2131.04
1002552,101077,1,21,-524,-812,7508.62,24872.61
1006815,109420,1,6,-580,-153,780.21,12690.05
1007187,104356,1,22,-126,-871,33723.5,452.95
1002530,100842,1,1,-23,-598,8867.05,28066.81
1005601,200995,1,20,-864,-869,2840.75,9143.91
1004448,201990,1,4,-56,-194,11937.64,659.13
1001860,109201,1,8,-935,-902,16589.24,283.77
1007769,104063,1,9,-295,-418,6526.76,8245.07
1007777,201410,1,2,-305,-245,4049.09,4817.79
1009283,109722,1,9,-202,-959,13431.41,12679.96
1004215,103137,1,12,-82,-406,1278.67,1483.8
1002742,107986,1,4,-530,-12,12029.54,24466.67
1000188,102648,1,2,-644,-530,3812.77,17299.63
1006847,104453,1,15,-898,-117,1209.53,7138.52
1001073,109212,1,7,-825,-873,646.63,8226.62
1003270,108790,1,6,-370,-591,3915.51,763.44
1003959,104024,1,19,-368,-93,8597.96,6488.14
1008460,104300,1,22,-811,-350,7055.3,3254.4
1003338,201962,1,14,-105,-890,11511.93,17563.1
1005055,102695,1,1,-286,-448,17122.84,2349.42
1005104,200160,1,7,-369,-161,1669.8,14210.65
1006570,101858,1,16,-979,-81,6281.38,13431.94
1004947,200677,1,14,-307,-871,5612.42,660.21
1007998,108429,1,7,-736,-215,10967.52,14318.3
1002325,200541,1,13,-312,-50,12600.96,15900.03
1003706,108503,1,15,-292,-27,54898.28,14717.15
1004767,100926,1,3,-435,-979,6069.48,37115.45
1004446,104250,1,7,-153,-489,17105.57,20931.03
1004666,109219,1,10,-715,-686,21000.41,15006.41
1003657,105684,1,19,-694,-315,7087.23,7730.34
1003402,200034,1,12,-404,-732,8224.17,12629.39
1000603,108447,1,14,-181,-473,8883.3,11902.55
1006258,101655,1,13,-392,-512,6351.46,11140.51
1001635,100827,1,18,-19,-879,3809.32,1235.3
1005755,200242,1,20,-242,-208,1436.0,25058.37
1004225,201251,1,22,-39,-458,23350.67,15105.63
1006447,104236,1,23,-408,-63,6550.33,15427.31
1002111,103966,1,9,-590,-993,38160.33,19751.37
1008379,109786,1,11,-923,-480,1935.05,9168.97
1009018,201590,1,7,-303,-117,614.85,12544.57
1003597,200434,1,16,-268,-348,5772.5,1791.07
1007099,103403,1,16,-127,-809,1794.24,2945.45
1008181,107146,1,23,-22,-971,2543.03,753.13
1006850,102886,1,23,-373,-632,4323.47,13488.52
1005217,108614,1,22,-145,-708,16146.65,2456.7
1008135,201891,1,23,-738,-419,14313.13,2900.54
1009650,106262,1,15,-600,-496,5244.02,525.54
1009577,106926,1,3,-101,-382,9156.84,18125.8
1004279,108775,1,8,-557,-891,16441.87,1673.48
1004168,105530,1,5,-174,-285,5382.53,13636.16
1005141,101775,1,6,-486,-484,2291.5,9525.34
1003052,108400,1,7,-852,-872,11706.17,6228.95
1009968,107601,1,16,-684,-996,23752.09,915.16
1002613,102792,1,12,-647,-303,9666.47,1186.98
1004487,103810,1,8,-691,-258,12566.02,1419.1
1003981,108548,1,11,-388,-186,5667.98,13052.36
1006959,105733,1,22,-824,-841,1421.53,10938.27
1001354,200773,1,5,-641,-702,25169.39,34299.35
1007232,104397,1,15,-606,-943,16515.86,7701.49
1009923,103193,1,2,-657,-351,4428.06,266.62
1003690,105487,1,7,-166,-492,17635.68,9062.01
1007385,104968,1,12,-471,-81,2721.36,2163.53
1000893,107346,1,4,-433,-655,10001.62,3969.62
1001820,105980,1,23,-230,-733,8033.59,1808.42
1005102,100674,1,5,-397,-310,15602.59,14855.61
1006712,108648,1,15,-741,-131,19839.48,638.19
1000935,103994,1,7,-611,-598,25050.8,22993.92
1003266,201097,1,4,-138,-146,8735.66,5833.94
1001609,104550,1,1,-464,-170,2571.84,897.66
1007532,200328,1,10,-902,-810,21016.19,36227.92
1005318,107143,1,15,-103,-866,1685.55,3821.93
1006460,106847,1,14,-158,-792,6473.07,5860.67
1007747,108266,1,16,-674,-932,4338.01,35994.79
1004715,102461,1,1,-447,-877,584.61,33083.78
1006685,101073,1,5,-841,-407,6894.15,5667.84
1003465,109687,1,7,-520,-305,14436.41,1520.15
1002786,201771,1,23,-500,-871,10380.24,5625.95
1001290,109303,1,14,-975,-910,7916.06,15498.69
1005178,100232,1,18,-515,-23,1672.75,6672.81
1000890,100679,1,6,-879,-981,32928.41,4592.3
1002140,102273,1,19,-553,-268,10886.46,22879.8
1007069,102936,1,21,-45,-434,8647.93,9029.82
1000239,104223,1,21,-613,-933,1013.09,29382.78
1007237,109634,1,5,-621,-159,10237.37,7512.18
1001719,101406,1,1,-948,-973,887.57,13045.24
1006821,102281,1,15,-749,-79,23122.51,17344.3
1001484,107044,1,20,-502,-677,14813.98,11855.51
1006566,103310,1,4,-88,-920,8614.34,17322.82
1004705,200651,1,10,-62,-894,4269.19,1172.43
1009782,100449,1,11,-162,-227,4911.87,12105.35
1005043,201835,1,10,-909,-788,130.27,5575.88
1005702,101673,1,1,-30,-748,10683.17,1301.99
1002294,100721,1,22,-75,-165,23361.34,6.7
1007478,104013,1,4,-34,-104,2008.8,1534.7
1008737,103545,1,21,-427,-359,13562.7,678.29
1006561,106062,1,11,-618,-157,8758.24,40408.79
1005899,101970,1,21,-799,-195,16984.05,16743.05
1009937,201163,1,14,-396,-758,967.1,41567.84
1004739,201573,1,6,-894,-273,19555.95,5922.8
1007957,200294,1,2,-883,-154,34365.98,28994.44
1008316,201658,1,6,-566,-329,4496.57,1327.58
1006142,200468,1,19,-971,-639,7156.32,2543.56
1007025,104082,1,18,-24,-129,154.75,18327.45
1001176,107687,1,22,-129,-637,24159.25,4339.87
1002001,201613,1,15,-119,-330,9354.32,263.79
1009421,100796,1,2,-552,-609,11640.67,11933.81
1004031,201047,1,21,-723,-520,12858.81,9467.52
1003544,104472,1,21,-160,-213,7106.76,979.19
1001581,108162,1,9,-694,-324,6719.45,36403.3
1002429,102186,1,21,-990,-221,1981.7,15525.7
1000837,107868,1,6,-310,-466,13493.83,4370.27
1001576,109006,1,5,-400,-900,7882.78,31577.6
1005734,108238,1,6,-463,-644,1803.03,7431.28
1007628,104293,1,2,-487,-183,10855.5,3923.25
1007439,103222,1,14,-850,-47,22981.78,1736.96
1007046,101807,1,1,-665,-461,1417.6,4868.11
1004628,100489,1,7,-672,-428,5706.92,27342.62
1004845,102827,1,16,-332,-789,494.76,346.09
1001470,108842,1,6,-680,-622,6941.89,10468.68
1000468,107668,1,3,-361,-654,2959.11,9459.15
1008240,104143,1,4,-430,-625,15817.18,184.74
1008368,102852,1,16,-47,-788,310.63,19191.05
1004765,100094,1,18,-387,-188,17908.21,4994.99
1002806,107654,1,16,-174,-89,1974.78,2587.46
1000974,101094,1,23,-954,-744,19388.15,11268.73
1007341,100837,1,9,-273,-554,75.47,13128.27
1009179,109015,1,1,-916,-203,5054.75,21652.86
1001590,100134,1,20,-258,-409,4549.66,823.48
1004647,102757,1,15,-771,-709,2984.78,38.53
1001266,108230,1,3,-694,-298,5691.06,20609.46
1007609,201119,1,13,-229,-428,54454.45,13633.31
1005996,106036,1,10,-196,-452,9307.01,12783.58
1009827,100521,1,8,-123,-397,1030.32,103.26
1003742,100653,1,7,-655,-421,9202.36,846.03
1008945,100874,1,18,-304,-262,747.19,1698.65
1006063,104375,1,3,-90,-465,8359.21,36314.35
1003041,102391,1,19,-683,-190,612.42,4935.13
1002937,103358,1,23,-77,-157,7971.1,2756.2
1002819,101456,1,23,-484,-467,23617.02,928.54
1006482,109511,1,22,-363,-58,21887.03,29541.63
1004569,109747,1,4,-96,-996,5887.54,22204.14
1000461,106885,1,12,-900,-699,1174.93,22333.16
1007416,100097,1,22,-457,-250,12073.33,15363.46
1005900,103779,1,13,-804,-842,8215.75,4783.05
1001607,101462,1,2,-372,-92,1987.99,6441.95
1008986,106778,1,20,-440,-467,5050.5,5607.55
1009044,200003,1,8,-906,-283,14516.1,10099.69
1009158,105681,1,11,-243,-603,11921.75,848.07
1009321,108634,1,7,-734,-503,7773.13,4655.78
1008070,105483,1,19,-743,-891,23394.06,2765.32
1002434,102255,1,20,-338,-116,3478.26,359.17
1000507,103318,1,23,-854,-427,1435.42,8121.88
1003793,106863,1,14,-926,-509,2057.71,1352.86
1007269,102069,1,12,-614,-97,40214.21,14810.64
1008596,108344,1,5,-525,-774,7156.31,23663.72
1004885,103841,1,12,-609,-324,21572.85,10856.43
1007392,201359,1,9,-51,-347,19878.99,14432.45
1003248,107246,1,1,-354,-935,7774.89,270.75
1003628,109194,1,11,-490,-983,7920.48,0.07
1003803,105613,1,9,-610,-810,2532.05,20545.45
1000581,104701,1,6,-862,-441,2298.44,18566.16
1005841,200790,1,23,-950,-769,23797.48,7520.94
1001843,107558,1,10,-635,-961,10392.29,3362.77
1004917,108366,1,1,-379,-151,21354.29,3991.12
1003317,102208,1,10,-343,-98,5349.91,5793.33
1009164,106978,1,7,-671,-99,18588.76,459.01
1004845,102827,1,20,-716,-960,19106.01,12162.93
1006917,105058,1,9,-765,-851,319.71,2311.72
1005580,109940,1,2,-377,-888,5031.94,3433.39
1003560,101672,1,1,-431,-380,4371.87,25941.66
1003868,100039,1,17,-648,-760,33662.56,15341.81
1004840,101030,1,14,-570,-780,3132.71,30712.04
1006693,105687,1,16,-587,-717,16713.42,4132.48
1006372,109311,1,7,-621,-843,803.48,31603.35
1009149,104061,1,5,-739,-647,20414.9,364.94
1003553,109899,1,6,-291,-800,29125.8,4909.68
1005001,105033,1,20,-739,-89,23230.71,2626.57
1007940,108489,1,13,-916,-39,24714.68,10771.66
1000566,200541,1,17,-439,-777,2262.62,14992.37
1009398,106763,1,10,-704,-178,5271.12,33235.45
1000414,104425,1,16,-546,-340,5371.43,21150.99
1002212,103833,1,16,-625,-29,15011.21,1478.86
1007735,102607,1,8,-551,-494,1645.89,4811.85
1000077,201647,1,4,-323,-727,6138.16,8874.83
1005440,108592,1,1,-762,-576,15744.09,956.73
1000215,101744,1,1,-464,-381,1092.17,17359.93
1004593,107139,1,15,-476,-36,970.85,11414.09
1006423,107957,1,20,-140,-332,5951.21,11097.15
1007847,105362,1,11,-75,-336,17014.98,10151.02
1001856,101378,1,7,-596,-139,16938.67,7686.0
1005281,200721,1,11,-907,-432,9796.1,11435.3
1004031,201047,1,8,-470,-316,1789.8,8446.33
1008620,101757,1,10,-105,-42,2104.6,5618.21
1003391,201716,1,14,-828,-892,9713.49,2210.69
1007155,104254,1,7,-952,-39,1331.36,7900.78
1004963,104616,1,23,-444,-219,11599.25,7304.31
1005799,106166,1,4,-571,-542,1318.49,2682.82
1003581,105956,1,13,-317,-70,3491.86,15443.55
1005313,106011,1,6,-244,-349,4469.72,2717.4
1001547,200391,1,17,-975,-86,18416.71,5232.62
1007490,103366,1,11,-987,-840,4290.5,2131.21
1004950,103330,1,11,-123,-136,4174.23,12171.38
1008551,101340,1,6,-558,-848,5740.86,25725.8
1006855,109286,1,6,-944,-772,6844.26,7565.11
1003067,201092,1,8,-871,-985,15841.45,10263.99
1008927,105380,1,8,-732,-497,1162.54,4764.86
1009419,109148,1,20,-851,-326,34218.04,33227.04
1005703,109119,1,22,-755,-927,35906.39,5168.24
1000050,201595,1,7,-720,-609,770.86,15747.7
1004940,104700,1,11,-133,-942,5085.61,6168.06
1008104,101595,1,17,-258,-680,1725.66,6688.25
1000922,200381,1,13,-24,-852,16755.08,12445.38
1005073,109296,1,11,-206,-592,17088.92,685.99
1008184,102609,1,17,-911,-714,13473.55,981.19
1003472,109298,1,18,-104,-547,1705.38,2303.53
1007859,200696,1,10,-724,-964,7058.17,1589.32
1002653,104257,1,6,-730,-920,532.2,5175.45
1003379,200008,1,10,-184,-725,1611.26,1243.03
1002422,108827,1,21,-639,-419,1182.37,21650.73
1008187,105098,1,17,-148,-699,563.66,29508.0
1007257,105183,1,9,-191,-173,2048.11,30395.53
1003378,108963,1,22,-58,-807,973.07,16726.55
1007985,100215,1,16,-674,-383,19734.98,427.5
1001098,101974,1,15,-988,-24,9734.08,1991.39
1008556,201089,1,6,-408,-524,4116.49,3882.51
1004922,201933,1,23,-687,-94,19739.67,26516.69
1003855,108202,1,4,-502,-55,1471.43,30564.26
1000981,105608,1,13,-614,-961,17759.97,13659.58
1007322,100578,1,15,-478,-719,16372.08,2359.22
1008859,100190,1,4,-243,-779,4482.47,15365.34
1007881,200900,1,4,-903,-18,6613.16,15021.93
1007123,200163,1,14,-898,-57,15642.53,6551.51
1002436,104570,1,9,-586,-962,18469.56,5584.65
1004348,105835,1,3,-905,-698,7542.24,2786.58
1005248,101491,1,17,-485,-969,3715.14,5184.43
1000016,106416,1,16,-910,-406,5332.88,1863.79
1007232,104397,1,6,-519,-327,8775.65,10195.4
1008520,102790,1,9,-698,-686,10324.49,72755.5
1002080,109604,1,11,-170,-390,14428.96,799.82
1002221,108410,1,15,-418,-245,11751.83,10895.87
1006236,101635,1,11,-344,-50,19926.97,1452.4
1006606,201614,1,5,-770,-600,3471.08,5524.91
1005511,105944,1,2,-814,-406,6887.04,16302.48
1008305,201784,1,14,-979,-236,17837.71,7218.16
1009057,100870,1,17,-784,-859,13988.12,20140.02
1000907,107860,1,9,-150,-227,4861.22,53924.98
1009534,100477,1,15,-198,-179,45561.69,13387.92
1000775,201777,1,2,-41,-988,6661.59,4276.11
1003402,200034,1,17,-457,-871,21557.37,7196.04
1008551,101340,1,15,-442,-898,5748.49,138.93
1002979,201931,1,17,-322,-543,23241.59,509.73
1000408,201074,1,19,-263,-64,16071.78,6157.6
1005289,107139,1,3,-383,-300,2212.29,6897.3
1004168,105530,1,9,-300,-559,25311.3,15468.55
1000508,200672,1,17,-73,-826,11161.47,7667.99
1007961,105697,1,6,-125,-135,9216.07,12306.55
1002584,108795,1,10,-140,-92,5845.56,17628.7
1004774,107491,1,9,-345,-149,2703.61,6254.04
1003112,103598,1,23,-674,-541,15073.12,5289.6
1005925,109700,1,11,-49,-766,2630.24,3781.36
1006233,201040,1,17,-411,-997,11846.07,6464.8
1006827,106739,1,7,-869,-462,6876.24,38669.91
1002864,200565,1,22,-235,-676,17463.1,7092.71
1003242,100238,1,5,-89,-158,16576.6,4498.49
1002641,102333,1,23,-386,-504,4027.42,5085.62
1008875,201774,1,13,-499,-746,42499.04,2775.32
1006575,100909,1,3,-275,-803,3298.42,3256.86
1004516,107022,1,14,-480,-930,8667.5,4492.59
1005038,200481,1,1,-111,-992,9739.7,20373.31
1009965,104681,1,19,-776,-56,8181.28,11924.78
1002339,108615,1,3,-221,-709,10440.44,11641.27
1009467,200779,1,15,-19,-29,2721.23,6797.73
1002740,108117,1,1,-290,-464,342.18,5811.94
1006924,101800,1,8,-226,-345,7273.84,6027.44
1002751,102396,1,22,-184,-439,15358.67,2948.22
1006587,108838,1,1,-341,-66,7506.98,15051.82
1008036,104847,1,14,-606,-429,2787.58,4823.29
1007496,109282,1,9,-710,-146,6204.61,12326.92
1000424,103042,1,11,-461,-96,1902.28,9156.17
1008546,201271,1,11,-778,-944,10145.2,5130.92
1007521,200316,1,1,-135,-76,22728.78,23749.24
1006326,108222,1,23,-573,-790,2367.26,1011.41
1002617,104467,1,7,-24,-171,21614.03,10358.96
1000677,201071,1,7,-911,-84,17111.73,1950.0
1003637,200391,1,18,-164,-185,19963.27,17434.84
1001378,104532,1,22,-832,-946,2068.49,5901.97
1000628,107512,1,3,-904,-63,11072.44,14186.26
1002178,103618,1,21,-951,-114,98.9,1019.17
1006430,106879,1,7,-920,-21,4454.77,10500.81
1006653,106812,1,17,-546,-369,5183.86,2792.89
1000002,105747,1,15,-504,-547,2183.02,9691.58
1003942,102318,1,23,-805,-700,9273.39,32400.79
1005746,200129,1,6,-289,-727,5344.35,11539.44
1002000,109916,1,11,-175,-360,6731.66,50373.08
1008194,104871,1,16,-198,-373,3790.24,6430.29
1001178,100615,1,12,-666,-979,6947.96,6580.29
1001809,109548,1,10,-77,-148,1299.65,11.32
1002754,100895,1,10,-162,-598,15992.9,17568.83
1008262,201055,1,13,-123,-206,5538.41,44093.04
1001651,101184,1,3,-131,-542,28312.89,7860.18
1006105,100526,1,20,-281,-704,8398.87,12433.62
1008875,201774,1,21,-710,-715,7309.01,14663.11
1007502,103642,1,3,-360,-742,4125.21,23068.04
1009763,107862,1,13,-814,-821,96.62,9773.64
1004083,109143,1,14,-506,-832,11194.33,3128.05
1000908,104827,1,18,-579,-345,15113.91,20410.3
1004477,105533,1,11,-771,-216,383.65,35448.67
1004679,105383,1,12,-152,-48,262.3,2037.63
1006214,107412,1,3,-920,-132,12271.76,2152.19
1004637,100391,1,6,-626,-879,12946.97,16290.99
1000935,103994,1,2,-340,-418,1347.02,6445.1
1007397,104617,1,12,-663,-649,8195.69,48170.83
1001378,104532,1,19,-56,-368,2217.55,15708.42
1005891,106787,1,11,-927,-529,11181.91,5188.15
1003799,107453,1,11,-332,-905,35572.42,1657.33
1005874,107666,1,9,-402,-250,1507.17,12639.04
1005490,102183,1,4,-575,-494,27737.56,419.2
1008331,107579,1,4,-39,-821,5221.15,589.32
1008654,109291,1,2,-429,-87,2831.96,3055.44
1009070,102321,1,14,-429,-684,3006.71,4361.85
1009176,200761,1,22,-356,-23,7422.32,3027.44
1009051,103561,1,12,-249,-673,6353.3,5981.22
1004558,107949,1,2,-797,-523,13918.1,5617.87
1002868,105926,1,13,-108,-265,5331.77,13771.36
1009875,104448,1,7,-816,-949,15115.18,2995.65
1004253,201281,1,14,-545,-83,34206.59,29521.41
1004195,109474,1,13,-807,-531,1422.77,2314.7
1000121,103665,1,15,-801,-272,13151.24,13942.11
1001781,102905,1,13,-640,-519,16638.89,5129.27
1007039,200773,1,4,-236,-699,1633.58,24408.77
1001360,100495,1,10,-726,-166,12167.2,2369.48
1002148,104934,1,4,-426,-239,13315.61,13679.66
1000784,100581,1,9,-79,-166,15917.02,6654.57
1004687,109641,1,20,-705,-827,22388.97,17673.8
1008581,105181,1,6,-626,-696,10553.2,349.07
1002564,107898,1,21,-939,-461,3204.65,8862.96
1001203,101501,1,15,-867,-157,11530.83,10925.84
1003663,100325,1,7,-455,-886,5085.37,544.5
1003701,100087,1,15,-730,-900,1489.21,8287.4
1005174,103238,1,20,-887,-302,7235.22,12165.66
1000377,108968,1,19,-597,-334,6410.57,1538.1
1003431,107653,1,14,-147,-573,3122.02,9458.79
1005517,107522,1,6,-859,-15,4173.8,2403.2
1007667,107712,1,21,-174,-24,2816.8,13285.4
1005556,107024,1,2,-789,-635,25551.13,15032.34
1000774,101133,1,4,-672,-245,1497.05,28752.32
1009205,105021,1,4,-17,-653,16318.22,12049.11
1008274,108235,1,9,-814,-904,7065.08,27425.96
1007232,104397,1,12,-188,-959,3739.66,5624.8
1009771,107463,1,9,-359,-522,4920.75,18156.17
1002991,200841,1,5,-299,-562,11748.48,5041.14
1009338,103361,1,13,-36,-966,2892.39,13968.28
1008033,100977,1,8,-391,-62,1594.32,22414.79
1003584,105229,1,12,-575,-288,2889.27,4550.84
1009298,104761,1,1,-811,-538,2814.31,7911.3
1000346,103652,1,14,-222,-62,8214.16,2267.87
1003073,108918,1,10,-402,-940,6335.25,25637.73
1000013,107212,1,19,-60,-774,17280.38,1403.03
1004362,100227,1,3,-943,-704,13137.2,16580.05
1000838,101541,1,23,-194,-626,1917.12,3442.31
1008783,105835,1,21,-737,-548,4397.37,4238.27
1004390,106764,1,6,-676,-930,14994.46,9309.82
1000386,201610,1,15,-972,-393,26516.76,4768.52
1002276,108842,1,7,-585,-455,14578.97,17791.82
1001873,106737,1,10,-402,-367,5626.41,3656.93
1001057,103929,1,18,-184,-196,3125.12,592.56
1002153,108133,1,6,-835,-692,37077.52,573.84
1005777,102341,1,18,-401,-902,14228.77,1609.34
1008683,102229,1,22,-470,-787,1995.69,26768.28
1004871,102700,1,2,-238,-778,734.63,11303.27
1001856,101378,1,3,-288,-450,5176.95,3835.83
1009478,103799,1,11,-755,-618,19061.57,24534.58
1009007,100795,1,2,-611,-965,7391.89,13142.32
1000351,101443,1,11,-989,-244,7449.29,2403.77
1008603,101736,1,16,-39,-496,3038.15,28088.91
1004100,103950,1,9,-536,-540,8055.55,30056.01
1006112,201433,1,22,-129,-269,34039.94,19379.39
1003187,106853,1,15,-501,-723,944.04,4127.23
1003449,108040,1,7,-514,-708,6734.99,295.35
1009118,102723,1,4,-981,-167,24173.63,19809.07
1000016,106416,1,7,-581,-266,3357.65,2002.19
1001651,101184,1,5,-488,-993,447.88,9644.78
1000789,104764,1,7,-344,-218,2831.74,1542.67
1005412,105287,1,7,-332,-459,10219.38,224.42
1007289,100285,1,16,-495,-65,8725.22,23139.37
1001683,107727,1,19,-29,-912,6565.59,12210.83
1001914,109295,1,23,-764,-882,2652.86,7942.04
1008677,103379,1,16,-997,-265,7291.93,11106.24
1007901,105307,1,1,-728,-728,861.34,2100.66
1000970,105469,1,21,-701,-272,8736.23,12166.46
1003259,101710,1,5,-999,-864,74163.17,86.21
1002379,108177,1,15,-292,-966,5103.34,1019.98
1006610,104547,1,17,-554,-860,14546.8,1925.88
1007082,107329,1,22,-680,-667,9154.78,745.0
1005169,201771,1,9,-493,-899,5182.28,3231.2
1007499,200507,1,10,-994,-157,18280.78,2127.59
1007218,106142,1,3,-276,-618,9864.57,6041.21
1005681,100923,1,9,-213,-130,4753.81,19088.77
1002670,104127,1,11,-679,-239,3852.99,19788.16
1007415,104316,1,16,-715,-895,16629.57,18609.33
1009645,106360,1,15,-391,-205,21385.22,17347.22
1004614,102279,1,22,-159,-262,21555.19,4889.16
1003899,200499,1,1,-285,-374,639.94,7091.19
1004101,109961,1,11,-312,-529,10466.63,1474.45
1003665,201727,1,13,-366,-414,7689.28,19560.03
1008767,107273,1,13,-531,-349,8309.36,7638.3
1002191,101486,1,13,-353,-57,12402.66,4093.28
1004319,200110,1,14,-232,-381,11640.06,15701.24
1005243,101707,1,16,-169,-525,14122.72,2730.2
1002564,107898,1,13,-304,-610,1965.57,15104.19
1005100,108325,1,18,-636,-55,1924.68,14653.03
1005792,106521,1,10,-294,-412,7517.18,3036.38
1004688,101636,1,15,-424,-486,800.47,20536.28
1001515,102678,1,21,-456,-269,1549.53,18036.47
1005776,201164,1,9,-402,-373,3828.19,8858.18
1007994,109232,1,21,-901,-89,2943.82,2965.04
1007700,104302,1,16,-531,-488,13858.28,35393.23
1006131,108139,1,4,-782,-508,29003.79,8289.03
1009740,107434,1,10,-952,-846,1022.63,2194.61
1006881,105025,1,14,-763,-379,37263.25,17184.45
1006268,104338,1,12,-360,-964,1403.75,9947.84
1007032,107633,1,9,-991,-135,2406.26,18631.43
1008664,107678,1,5,-153,-642,19719.66,13683.36
1000663,108732,1,6,-56,-284,22145.39,4771.53
1004780,107294,1,20,-818,-584,714.05,1328.58
1002672,104042,1,9,-779,-798,1484.2,1591.79
1005723,108035,1,23,-599,-521,3700.11,15891.18
1001256,106297,1,17,-449,-964,2617.4,4609.13
1006501,100052,1,10,-207,-920,8123.15,10338.08
1005241,106046,1,2,-645,-589,26847.03,41612.58
1000991,201842,1,17,-725,-253,21598.21,4564.64
1007951,103198,1,21,-678,-168,39632.64,807.97
1001771,102090,1,22,-307,-325,7738.83,13898.58
1001817,103020,1,15,-15,-195,30210.08,5279.11
1004810,100535,1,11,-551,-582,3584.42,6164.0
1008506,106594,1,1,-71,-415,7112.24,514.86
1001276,104798,1,21,-474,-219,6861.31,13492.55
1000304,100915,1,8,-167,-970,2536.6,27086.08
1003356,200269,1,10,-649,-225,27723.79,3900.12
1004340,109099,1,10,-154,-579,3061.23,6465.94
1002701,109051,1,20,-569,-976,2041.74,14431.41
1006306,106486,1,10,-431,-787,3140.32,11790.4
1008286,101502,1,9,-593,-654,18955.6,12884.04
1009567,105871,1,1,-773,-527,3047.24,46404.73
1004281,107462,1,13,-740,-930,17328.42,1694.19
1009523,102893,1,15,-629,-27,1612.17,1878.19
1008599,106167,1,8,-988,-157,6017.08,5914.75
1006315,104342,1,5,-412,-623,4568.65,18403.22
1004893,108116,1,15,-818,-235,3450.46,19345.83
1009050,105817,1,7,-807,-845,23943.27,22914.35
1000608,100193,1,14,-126,-17,16693.91,5712.83
1004115,106003,1,5,-438,-894,7378.65,7558.61
1009513,104751,1,19,-403,-200,7797.99,9732.43
1004280,102279,1,8,-909,-418,2510.26,30003.09
1007786,106211,1,8,-229,-242,3459.75,5382.44
1004191,103827,1,22,-691,-793,17806.35,798.84
1002997,100606,1,9,-952,-72,4544.92,7512.51
1005508,102956,1,2,-799,-65,5309.12,15620.16
1001204,102729,1,13,-557,-552,2181.03,5992.71
1009117,102161,1,15,-772,-37,15346.79,1909.02
1006617,103147,1,23,-575,-395,12663.16,29608.4
1002483,104886,1,5,-681,-16,15197.04,4551.73
1009725,200654,1,16,-628,-705,7627.03,12192.62
1002276,108842,1,11,-750,-934,5369.97,25794.01
1005968,201162,1,22,-46,-927,788.16,10467.0
1007152,109794,1,9,-491,-563,3076.86,243.36
1005039,101338,1,8,-120,-400,357.27,3365.13
1008091,104988,1,3,-240,-453,5357.01,20728.59
1003190,108947,1,8,-737,-656,6106.82,30037.58
1007418,103829,1,16,-694,-663,7825.88,2959.58
1000373,201578,1,4,-382,-446,16839.5,14929.87
1007771,104647,1,1,-199,-290,17634.02,3421.91
1009423,100690,1,21,-723,-915,8093.27,12616.63
1008874,200444,1,9,-547,-899,8196.9,14976.38
1000103,107117,1,9,-17,-41,3091.9,5277.69
1004336,100128,1,2,-952,-823,6985.52,7822.58
1001736,200845,1,4,-27,-12,12878.04,756.7
1009298,104761,1,18,-207,-368,1436.2,773.04
1001670,100255,1,19,-915,-232,2469.87,7142.2
1007882,103989,1,9,-496,-379,1726.85,8346.3
1004379,100281,1,20,-918,-283,30602.64,25992.33
1006239,100039,1,2,-503,-716,7332.48,14823.14
1006230,101495,1,23,-687,-24,10547.29,2099.7
1009133,104510,1,1,-164,-677,2608.74,7957.99
1006397,104198,1,23,-363,-636,13477.06,11606.93
1004309,106646,1,19,-212,-796,15251.6,1854.27
1002895,201295,1,9,-713,-252,4452.4,23260.27
1005632,200701,1,7,-897,-225,42079.45,187.34
1003705,102201,1,7,-767,-587,3082.11,5613.92
1001805,106667,1,8,-643,-163,1875.5,2684.62
1000056,104157,1,20,-966,-11,14649.39,1592.44
1003346,108954,1,22,-35,-58,9649.56,11148.5
1002441,103574,1,6,-598,-273,21404.7,2137.1
1006667,103666,1,5,-829,-67,6413.21,10981.19
1003470,100660,1,11,-770,-305,3648.78,18022.18
1009995,106302,1,11,-110,-444,1540.76,846.7
1008582,104358,1,8,-687,-109,12291.31,7625.43
1009690,104960,1,8,-193,-784,12910.12,19544.7
1000168,108823,1,9,-649,-11,18174.48,1727.5
1005926,104419,1,5,-510,-326,12225.73,21110.87
1009959,103052,1,10,-724,-237,12016.9,13668.48
1008920,106697,1,22,-540,-375,10019.12,2183.01
1005332,102050,1,10,-480,-678,630.24,1318.85
1009081,200116,1,14,-628,-292,6359.02,4632.58
1000721,103284,1,16,-466,-844,2668.47,4835.45
1006490,201972,1,23,-205,-82,15471.72,9253.8
1003089,201459,1,21,-464,-781,3701.41,5351.56
1003955,201901,1,1,-617,-882,2034.77,23862.29
1009178,100102,1,2,-897,-847,4458.32,3892.51
1001844,103953,1,14,-451,-131,1247.36,4384.73
