SK_ID_PREV,SK_ID_CURR,MONTHS_BALANCE,CNT_INSTALMENT,CNT_INSTALMENT_FUTURE,NAME_CONTRACT_STATUS,SK_DPD
1006920,103042,-3,36,33,Active,0
1001690,100719,-8,6,1,Active,0
1005625,109312,-21,12,6,Active,0
1008963,102131,-10,24,15,Active,0
1005716,105593,-5,6,31,Active,0
1005983,101462,-10,36,34,Active,0
1003835,108745,-43,6,32,Active,0
1002650,103489,-35,36,28,Active,0
1006411,200760,-33,36,24,Active,0
1006683,200976,-12,6,5,Active,0
1001031,108871,-10,12,18,Active,0
1006585,201721,-25,36,16,Active,0
1004969,201988,-36,24,10,Active,0
1005708,103604,-41,36,25,Active,0
1009944,102387,-31,6,14,Active,0
1006597,201204,-21,36,27,Active,0
1003690,105487,-39,24,6,Active,0
1002768,107016,-6,24,5,Active,0
1005140,107226,-10,36,35,Active,0
1009195,100868,-21,6,3,Active,0
1002258,105935,-30,36,3,Active,0
1001636,108965,-41,6,34,Active,0
1001140,108821,-23,6,17,Active,0
1004247,200740,-44,12,6,Active,0
1000257,101927,-32,6,20,Active,0
1008797,201473,-6,24,8,Active,0
1006491,104540,-7,12,4,Active,0
1002446,100861,-47,12,20,Active,0
1000905,109226,-47,36,18,Active,0
1000770,102241,-26,12,14,Active,0
1002536,103952,-11,24,10,Active,0
1007466,105358,-31,36,14,Active,0
1001357,108692,-11,36,16,Active,0
1008330,105195,-31,6,9,Active,0
1009484,102591,-4,6,31,Active,0
1000354,104106,-8,6,29,Active,0
1001189,108720,-44,12,32,Active,0
1008508,104949,-21,6,5,Active,0
1004492,103148,-6,24,24,Active,0
1000583,200901,-42,24,6,Active,0
1009290,100767,-4,24,19,Active,0
1001443,108464,-7,6,31,Active,0
1006797,104729,-17,36,22,Active,0
1003843,108779,-47,24,21,Active,0
1000114,201578,-20,24,25,Active,0
1009788,109179,-29,24,14,Active,0
1000872,108511,-16,6,34,Active,0
1009449,101482,-18,12,31,Active,0
1008154,109757,-34,12,7,Active,0
1003737,107116,-10,36,9,Active,0
1006381,106719,-33,12,18,Active,0
1006401,107464,-1,24,24,Active,0
1007798,108024,-37,36,17,Active,0
1007345,106042,-5,24,0,Active,0
1000952,107566,-43,24,22,Active,0
1008915,108617,-6,24,21,Active,0
1001793,106623,-33,36,31,Active,0
1006163,109854,-43,6,35,Active,0
1008267,103081,-9,6,21,Active,0
1006088,106142,-14,36,21,Active,0
1006203,100461,-11,24,13,Active,0
1007433,105815,-43,24,15,Active,0
1005119,100232,-34,24,15,Active,0
1006509,107078,-28,24,14,Active,0
1007743,101345,-19,12,18,Active,0
1005259,201458,-43,24,10,Active,0
1004935,102480,-34,6,32,Active,0
1006713,107931,-1,24,0,Active,0
1000696,104120,-28,36,25,Active,0
1001058,102048,-40,12,15,Active,0
1006944,107365,-28,12,15,Active,0
1007687,200666,-16,24,16,Active,0
1008682,200919,-15,6,22,Active,0
1001632,105483,-14,6,33,Active,0
1000567,107816,-15,12,1,Active,0
1003100,101334,-11,12,34,Active,0
1006904,103946,-35,24,2,Active,0
1004261,107269,-32,24,29,Active,0
1007619,109252,-16,36,27,Active,0
1005810,103032,-23,36,17,Active,0
1001824,107848,-41,24,13,Active,0
1008893,104573,-2,6,0,Active,0
1000717,106501,-38,36,3,Active,0
1001956,101755,-5,6,1,Active,0
1008165,106393,-7,6,18,Active,0
1008972,103434,-33,6,24,Active,0
1008333,109120,-42,24,22,Active,0
1002151,105014,-1,36,5,Active,0
1007297,200643,-4,36,12,Active,0
1000435,107596,-25,24,29,Active,0
1006245,108722,-2,6,32,Active,0
1007394,108015,-45,6,18,Active,0
1009507,104196,-18,36,3,Active,0
1007504,109981,-5,6,10,Active,0
1008056,200727,-46,24,19,Active,0
1008103,101545,-4,36,11,Active,0
1007138,109217,-23,24,25,Active,0
1003812,108176,-5,36,1,Active,0
1005047,100593,-43,36,2,Active,0
1005749,105414,-18,6,11,Active,0
1001204,102729,-18,12,1,Active,0
1006983,109287,-2,6,9,Active,0
1003984,102331,-4,6,26,Active,0
1001371,100368,-42,36,24,Active,0
1004898,101977,-41,12,18,Active,0
1002613,102792,-19,24,23,Active,0
1007753,103299,-15,36,27,Active,0
1007115,108913,-10,12,19,Active,0
1007331,102255,-40,12,23,Active,0
1006185,102244,-40,36,9,Active,0
1005251,102788,-5,24,0,Active,0
1003773,105793,-22,36,31,Active,0
1002643,107004,-39,12,22,Active,0
1004252,201679,-17,12,2,Active,0
1002993,105600,-26,12,8,Active,0
1002673,107795,-47,36,28,Active,0
1000760,103165,-33,12,0,Active,0
1001616,107249,-13,12,3,Active,0
1000007,107690,-34,6,17,Active,0
1009447,200794,-45,12,17,Active,0
1000315,102799,-39,36,14,Active,0
1000536,100340,-34,12,5,Active,0
1006481,105222,-41,6,14,Active,0
1003780,108312,-31,24,18,Active,0
1009777,201544,-44,12,4,Active,0
1003203,109294,-34,36,23,Active,0
1004243,106027,-43,12,10,Active,0
1006887,106460,-25,36,26,Active,0
1003605,107455,-43,24,35,Active,0
1001298,100481,-22,12,32,Active,0
1002505,101089,-17,36,20,Active,0
1009209,103496,-27,24,33,Active,0
1004773,201022,-5,6,10,Active,0
1004749,100231,-39,24,25,Active,0
1003599,104580,-2,12,35,Active,0
1004245,108195,-15,36,28,Active,5
1008697,108459,-9,6,19,Active,0
1001046,106712,-14,6,23,Active,0
1007062,106499,-13,24,5,Active,0
1005287,107516,-18,12,35,Active,0
1000123,108909,-42,6,15,Active,0
1008383,103963,-22,12,15,Active,0
1001505,108584,-2,36,30,Active,5
1007488,103003,-25,36,11,Active,0
1004606,106485,-42,6,9,Active,0
1002112,103187,-15,24,34,Active,0
1000232,107392,-8,12,11,Active,0
1003161,107635,-4,6,2,Active,5
1007258,201999,-42,12,11,Active,0
1004222,100661,-46,24,27,Active,0
1001898,105936,-5,12,20,Active,0
1005974,101736,-27,36,0,Active,0
1008493,109820,-47,36,16,Active,0
1000875,104940,-11,36,18,Active,0
1007637,102824,-9,6,3,Active,0
1008544,108808,-33,12,29,Active,0
1004997,109767,-29,24,11,Active,0
1005668,200402,-20,24,31,Active,0
1001629,102827,-45,24,14,Active,0
1000959,100994,-33,6,1,Active,0
1005047,100593,-20,6,4,Active,0
1003937,105035,-36,36,29,Active,0
1000515,200806,-19,24,6,Active,0
1009193,100913,-43,6,9,Active,0
1003575,200717,-7,6,1,Active,0
1005485,104379,-14,6,10,Active,0
1007185,109876,-26,12,22,Active,0
1006612,102386,-4,6,14,Active,0
1002597,104947,-12,24,16,Active,0
1009821,106508,-41,36,17,Active,0
1008926,200284,-26,24,10,Active,0
1001318,100294,-2,6,10,Active,0
1000245,100376,-11,6,31,Active,0
1005799,106166,-33,6,24,Active,0
1007606,109961,-22,36,7,Active,0
1001550,200225,-22,12,29,Active,5
1006513,107606,-44,6,35,Active,0
1007858,108196,-33,12,13,Active,0
1008202,106910,-34,12,34,Active,0
1001153,102648,-42,6,25,Active,0
1008253,103972,-21,12,18,Active,0
1004764,102125,-22,24,2,Active,0
1009545,101472,-15,12,31,Active,0
1003143,106650,-36,12,5,Active,0
1008409,100943,-39,6,20,Active,0
1000146,104383,-8,36,34,Active,0
1000537,200454,-47,6,12,Active,0
1008071,101397,-37,24,35,Active,0
1005844,106377,-44,6,25,Active,0
1000931,100902,-20,36,5,Active,0
1002084,101130,-14,36,13,Active,0
1004919,201453,-8,36,2,Active,0
1004348,105835,-6,6,12,Active,0
1009085,101519,-4,36,14,Active,0
1008438,102534,-46,36,20,Active,0
1009963,201868,-42,12,9,Active,0
1007382,102140,-17,6,35,Active,0
1004997,109767,-47,6,0,Active,0
1006875,107559,-7,24,33,Active,0
1000692,201424,-38,36,33,Active,0
1006934,104095,-17,12,19,Active,0
1001523,200630,-21,24,7,Active,0
1003471,106104,-40,6,0,Active,0
1000516,101414,-9,36,3,Active,0
1005322,106028,-46,36,27,Active,0
1008541,200648,-11,12,12,Active,0
1008626,201248,-31,6,24,Active,0
1003326,106182,-31,12,7,Active,0
1005295,101336,-20,6,1,Active,0
1002321,104661,-47,6,19,Active,0
1002441,103574,-16,6,20,Active,0
1002514,109149,-4,24,24,Active,0
1000086,101314,-40,36,35,Active,0
1001641,107832,-23,36,14,Active,0
1003967,101296,-29,12,17,Active,0
1005853,106597,-1,24,5,Active,5
1009706,106091,-29,6,20,Active,0
1008021,106374,-23,6,1,Active,0
1008221,103631,-29,6,7,Active,0
1000756,105083,-3,24,2,Active,0
1003712,104761,-24,24,2,Active,0
1003394,105229,-37,24,27,Active,0
1002285,100601,-5,24,20,Active,0
1000304,100915,-40,36,27,Active,0
1007788,108596,-36,12,1,Active,0
1001574,109263,-13,6,18,Active,0
1009598,103427,-11,6,34,Active,0
1009436,106041,-40,36,6,Active,0
1001046,106712,-44,6,33,Active,0
1009899,108747,-16,12,3,Active,0
1007608,201874,-47,24,12,Active,0
1002282,104119,-28,6,7,Active,0
1005392,200343,-6,12,33,Active,0
1002214,109525,-33,24,31,Active,0
1000008,105958,-27,6,2,Active,0
1000885,102127,-13,36,35,Active,0
1008838,107298,-18,12,28,Active,0
1008022,107608,-36,6,4,Active,0
1002632,109742,-8,12,35,Active,0
1004043,104112,-32,36,9,Active,0
1005657,105664,-37,6,25,Active,0
1009485,105462,-31,6,17,Active,0
1006041,100356,-2,36,8,Active,0
1000072,102421,-46,6,9,Active,0
1005703,109119,-45,36,14,Active,0
1003153,108585,-7,24,7,Active,0
1009375,100696,-38,36,10,Active,0
1009044,200003,-1,24,13,Active,0
1006625,100264,-37,24,13,Active,0
1003747,107571,-23,12,14,Active,0
1006072,104772,-36,24,6,Active,0
1008492,109705,-42,36,16,Active,0
1009371,106446,-42,36,6,Active,0
1005159,108060,-23,36,4,Active,0
1006563,105693,-23,6,7,Active,0
1009262,108475,-33,12,24,Active,0
1009401,104515,-37,24,27,Active,0
1005217,108614,-40,12,22,Active,0
1009896,103288,-25,24,8,Active,0
1004037,107981,-38,12,12,Active,0
1008078,108251,-31,12,15,Active,0
1006381,106719,-15,6,4,Active,0
1009868,109817,-39,6,34,Active,0
1002136,107153,-32,36,22,Active,0
1008852,102655,-47,24,25,Active,0
1008208,102165,-7,6,24,Active,0
1003724,106671,-15,12,33,Active,0
1001480,106776,-16,6,32,Active,5
1003370,103251,-44,6,33,Active,0
1001055,106728,-29,12,28,Active,0
1005526,201707,-2,6,2,Active,0
1002239,201302,-7,24,15,Active,0
1003543,109820,-15,6,28,Active,0
1004351,201099,-11,6,23,Active,0
1006567,101260,-35,24,0,Active,0
1004504,104282,-21,6,9,Active,0
1008281,104776,-33,12,4,Active,0
1001092,109699,-28,6,16,Active,0
1005610,107480,-7,36,29,Active,0
1009809,106411,-32,6,30,Active,0
1003018,200148,-32,6,7,Active,0
1002072,107166,-36,24,22,Active,0
1005306,201874,-46,12,0,Active,0
1004134,102025,-29,24,25,Active,0
1000126,201568,-35,6,13,Active,0
1006918,108581,-37,6,7,Active,0
1008198,100050,-1,12,26,Active,0
1007916,107602,-47,36,18,Active,0
1004071,201660,-43,12,18,Active,0
1005536,101788,-47,12,15,Active,0
1002372,103511,-28,12,2,Active,0
1007439,103222,-2,6,4,Active,0
1000038,108399,-29,6,31,Active,0
1009329,103507,-47,12,32,Active,5
1002097,100035,-26,12,18,Active,0
1007278,106301,-31,12,18,Active,0
1008011,108424,-36,12,26,Active,0
1000584,106509,-41,36,18,Active,0
1007217,103786,-29,24,7,Active,0
1007514,200125,-43,36,3,Active,0
1002070,100448,-25,6,20,Active,0
1003571,101826,-4,6,19,Active,0
1000309,109137,-19,36,14,Active,0
1007680,103941,-44,12,1,Active,5
1003834,200491,-38,6,17,Active,0
1009644,201999,-6,24,27,Active,0
1000884,107846,-18,24,35,Active,0
1004691,107119,-34,24,26,Active,0
1005298,108533,-26,24,32,Active,0
1008077,100447,-4,36,32,Active,0
1005346,104422,-34,36,30,Active,0
1006017,100978,-19,36,1,Active,0
1002599,107956,-24,24,32,Active,0
1005407,200633,-34,6,16,Active,0
1009607,104723,-18,36,13,Active,0
1008276,108549,-26,12,9,Active,0
1004338,101566,-6,6,0,Active,0
1007317,101402,-20,24,27,Active,0
1004846,104298,-40,36,18,Active,0
1000142,104654,-31,12,4,Active,0
1001939,106548,-15,6,0,Active,0
1002416,105531,-22,12,0,Active,0
1005438,107538,-6,6,24,Active,0
1004377,108036,-47,6,6,Active,0
1001893,103291,-38,36,15,Active,0
1004605,104032,-43,12,15,Active,0
1003488,106427,-29,24,29,Active,0
1005982,109537,-34,36,10,Active,0
1007854,103312,-12,12,19,Active,0
1006865,109020,-25,36,7,Active,0
1004944,107651,-46,12,2,Active,0
1006888,107335,-31,12,10,Active,0
1005752,108571,-9,24,29,Active,0
1007221,101107,-12,12,21,Active,0
1001634,108922,-26,12,7,Active,0
1009031,106351,-13,12,22,Active,0
1004831,201187,-5,12,11,Active,0
1009119,108611,-4,36,2,Active,0
1007472,108661,-22,6,6,Active,0
1005168,105303,-38,6,11,Active,0
1004295,108122,-13,12,21,Active,0
1006723,109133,-10,6,13,Active,0
1009738,105727,-47,6,6,Active,0
1004192,103273,-1,36,19,Active,0
1005399,100733,-29,24,13,Active,0
1005925,109700,-3,36,17,Active,0
1008524,200319,-40,6,34,Active,0
1005240,104570,-42,24,13,Active,0
1009889,108630,-45,6,14,Active,0
1005013,101618,-8,6,2,Active,0
1008308,103085,-1,24,15,Active,0
1004304,100140,-40,36,25,Active,0
1008894,103963,-26,36,15,Active,0
1007843,107045,-14,24,28,Active,0
1009510,106089,-23,12,4,Active,0
1007399,106594,-9,24,34,Active,0
1008504,106197,-43,12,25,Active,0
1001218,108701,-17,6,16,Active,0
1009868,109817,-14,24,9,Active,5
1002596,102895,-12,36,8,Active,0
1000246,103957,-13,12,33,Active,0
1003949,104758,-1,12,9,Active,0
1009559,104695,-29,36,22,Active,0
1005752,108571,-19,24,33,Active,0
1005338,105874,-32,24,0,Active,0
1003934,107491,-31,6,1,Active,0
1003708,105672,-4,36,32,Active,0
1003938,105415,-32,24,20,Active,0
1003463,107924,-35,24,21,Active,0
1007910,104539,-33,36,16,Active,0
1004262,105655,-16,12,12,Active,0
1009930,108318,-22,6,8,Active,0
1002646,200989,-32,6,6,Active,0
1006326,108222,-30,6,23,Active,0
1007934,101076,-46,36,32,Active,0
1006549,104768,-42,24,6,Active,0
1003279,102058,-32,6,22,Active,0
1002993,105600,-12,36,22,Active,0
1007823,107084,-2,24,31,Active,0
1000028,100764,-40,36,30,Active,0
1002793,108346,-5,12,0,Active,0
1009290,100767,-37,12,15,Active,0
1009898,201459,-31,36,26,Active,5
1001440,100330,-14,6,1,Active,0
1006243,104200,-44,36,12,Active,0
1005453,108478,-27,12,2,Active,0
1001806,105442,-8,24,12,Active,0
1006766,106105,-6,36,19,Active,0
1002759,200907,-39,24,9,Active,0
1001429,108341,-36,36,31,Active,0
1006725,106866,-28,6,25,Active,0
1004918,104918,-4,36,32,Active,0
1009365,105411,-16,12,33,Active,0
1000430,106301,-8,36,34,Active,0
1000511,106475,-19,12,4,Active,0
1008289,109567,-13,36,8,Active,0
1003468,105506,-31,24,32,Active,0
1004479,105422,-39,12,22,Active,0
1000060,106466,-16,12,3,Active,0
1006590,201272,-5,36,8,Active,0
1006084,200987,-34,6,5,Active,0
1006373,108824,-23,36,30,Active,0
1004876,106313,-36,12,8,Active,0
1008674,200947,-21,24,15,Active,0
1008532,106906,-14,12,20,Active,0
1009513,104751,-14,6,4,Active,0
1003592,102673,-47,6,20,Active,0
1006686,104082,-4,36,19,Active,0
1002466,103417,-3,36,9,Active,0
1002968,103642,-36,36,32,Active,0
1004811,105860,-39,36,23,Active,0
1002855,108230,-24,12,21,Active,0
1001884,100491,-7,6,0,Active,0
1007485,200538,-23,12,10,Active,0
1005120,107987,-26,12,15,Active,0
1001658,103900,-17,24,7,Active,0
1007442,102809,-35,36,24,Active,0
1009149,104061,-23,6,20,Active,0
1009509,101142,-20,36,4,Active,0
1008036,104847,-18,24,24,Active,0
1008513,105251,-32,36,14,Active,0
1009487,106544,-13,6,32,Active,0
1003611,108820,-13,6,7,Active,0
1002756,106491,-11,36,22,Active,0
1004036,200720,-1,24,31,Active,0
1004045,102739,-12,12,15,Active,0
1004411,106610,-33,24,24,Active,0
1009055,101327,-21,6,20,Active,0
1000271,101433,-13,6,11,Active,0
1004026,100303,-9,6,31,Active,0
1006567,101260,-21,12,15,Active,0
1002340,108817,-2,24,18,Active,0
1000667,103919,-38,12,34,Active,0
1007307,200436,-27,6,22,Active,0
1000811,200855,-19,12,29,Active,0
1009573,101292,-13,12,13,Active,0
1008461,106004,-39,24,19,Active,0
1001520,108476,-44,24,23,Active,0
1006690,104070,-34,24,27,Active,0
1009855,107991,-37,36,34,Active,0
1005208,106193,-8,24,33,Active,0
1004211,102426,-10,12,15,Active,0
1007394,108015,-15,12,19,Active,0
1009542,104695,-47,24,14,Active,0
1002975,100428,-42,36,31,Active,0
1001291,101561,-8,12,2,Active,0
1002548,107832,-9,12,30,Active,0
1000407,102434,-16,36,2,Active,0
1009545,101472,-27,12,24,Active,0
1006433,100525,-25,12,1,Active,0
1004381,101474,-22,24,5,Active,0
1001253,100262,-26,36,25,Active,0
1007089,102217,-16,24,0,Active,0
1001425,100303,-14,24,16,Active,0
1002787,105835,-37,36,34,Active,0
1004602,102672,-25,6,9,Active,0
1002518,105138,-14,24,7,Active,0
1009059,109680,-29,36,6,Active,0
1001918,101911,-43,24,2,Active,0
1002177,201773,-3,12,1,Active,0
1002502,106656,-7,6,26,Active,0
1009094,109284,-11,36,25,Active,0
1009899,108747,-22,36,9,Active,0
1000095,102650,-4,12,19,Active,0
1007336,200633,-3,36,31,Active,5
1004915,105998,-39,6,21,Active,0
1008518,100128,-44,6,27,Active,0
1008530,104944,-13,24,5,Active,0
1002250,103347,-8,36,17,Active,0
1001479,108325,-15,24,18,Active,0
1000180,105851,-29,6,24,Active,0
1007902,108605,-9,12,13,Active,0
1007099,103403,-28,24,15,Active,0
1005557,102686,-4,12,29,Active,0
1007674,100035,-3,12,7,Active,0
1005729,109961,-44,12,26,Active,0
1008509,201749,-34,36,17,Active,0
1006893,109290,-12,6,34,Active,0
1003491,105149,-7,24,17,Active,0
1002191,101486,-2,36,28,Active,0
1005498,101631,-10,36,4,Active,0
1004144,200401,-10,24,4,Active,5
1007250,109369,-39,6,33,Active,0
1009506,103862,-35,6,22,Active,0
1003577,105545,-32,12,0,Active,0
1009114,106467,-33,36,29,Active,0
1009542,104695,-11,24,19,Active,0
1003424,108138,-10,24,4,Active,0
1008184,102609,-7,36,5,Active,0
1006202,101297,-19,6,33,Active,0
1005553,109541,-16,12,16,Active,0
1000885,102127,-5,36,16,Active,0
1004110,100742,-21,24,30,Active,0
1001883,105144,-36,12,0,Active,0
1008040,101990,-29,6,0,Active,0
1000336,102457,-37,12,13,Active,0
1009746,201115,-14,6,26,Active,0
1007600,107637,-43,24,11,Active,0
1008785,200714,-26,24,9,Active,0
1007908,109528,-22,12,2,Active,0
1008830,105344,-17,6,35,Active,0
1002555,106141,-7,36,31,Active,0
1005590,105219,-3,12,9,Active,0
1009058,103424,-6,24,33,Active,0
1004152,101466,-30,6,20,Active,0
1008683,102229,-45,6,5,Active,0
1002753,107409,-40,36,31,Active,0
1008809,104884,-45,36,11,Active,0
1004724,107145,-21,36,25,Active,0
1002335,201393,-39,36,22,Active,0
1004630,100919,-45,12,17,Active,0
1009419,109148,-12,24,8,Active,0
1001782,102489,-19,36,31,Active,0
1007465,107212,-3,24,4,Active,0
1006729,100467,-38,24,15,Active,0
1002345,201321,-43,24,0,Active,0
1001368,201809,-19,36,24,Active,0
1002806,107654,-12,36,24,Active,0
1004460,109867,-34,24,13,Active,0
1008363,102351,-17,12,29,Active,0
1003761,104688,-29,6,30,Active,0
1001569,104241,-4,12,6,Active,0
1004975,109413,-22,24,19,Active,0
1006283,101169,-12,36,5,Active,0
1003054,107229,-3,36,32,Active,0
1002438,108544,-19,12,11,Active,0
1005135,200300,-4,36,31,Active,0
1004978,201007,-41,36,1,Active,0
1004251,107094,-15,6,30,Active,0
1001151,106612,-23,12,17,Active,0
1007651,106165,-2,12,8,Active,0
1000943,108711,-9,12,10,Active,0
1005938,100286,-25,12,7,Active,0
1003641,200519,-46,24,32,Active,0
1008724,201818,-38,24,19,Active,0
1008478,200707,-15,12,11,Active,0
1004746,105242,-18,24,9,Active,0
1009447,200794,-32,12,18,Active,0
1000031,201183,-36,6,3,Active,0
1004721,104879,-17,12,0,Active,0
1003303,101893,-27,24,4,Active,0
1005003,109970,-24,24,24,Active,0
1008793,102093,-47,12,10,Active,0
1003731,104850,-14,6,31,Active,0
1000339,100388,-15,36,27,Active,0
1003599,104580,-44,36,2,Active,0
1008033,100977,-43,6,30,Active,0
1003248,107246,-7,6,13,Active,0
1008947,106713,-2,6,1,Active,0
1000076,105211,-16,12,18,Active,0
1008145,102788,-20,12,21,Active,0
1003488,106427,-14,6,26,Active,0
1005802,200280,-41,6,24,Active,0
1001723,108001,-34,12,5,Active,0
1009359,100364,-27,24,12,Active,0
1007286,101189,-20,24,33,Active,0
1006089,109728,-47,12,2,Active,0
1002781,103214,-19,36,34,Active,0
1007370,107593,-5,24,13,Active,0
1003990,104922,-37,36,4,Active,0
1009695,100862,-16,12,6,Active,0
1009337,103492,-45,36,17,Active,0
1005896,108693,-27,12,18,Active,0
1003850,109875,-30,24,19,Active,0
1004279,108775,-8,6,20,Active,0
1004856,105887,-20,24,19,Active,0
1000828,108405,-21,12,24,Active,0
1004241,105343,-5,12,16,Active,0
1002564,107898,-16,6,30,Active,0
1009129,107326,-31,6,30,Active,0
1000269,108665,-39,24,29,Active,0
1001501,102414,-32,6,26,Active,0
1000580,200107,-1,6,8,Active,0
1008496,201843,-46,24,9,Active,0
1009020,104511,-8,6,28,Active,0
1005589,103063,-40,6,8,Active,0
1009883,106967,-28,24,34,Active,0
1002692,201095,-27,24,25,Active,0
1009291,201512,-28,36,9,Active,0
1008061,200852,-29,12,22,Active,0
1005721,101351,-35,36,2,Active,0
1004355,104943,-34,24,8,Active,0
1000816,103203,-43,24,17,Active,0
1004865,107911,-46,36,28,Active,0
1008696,103672,-36,24,26,Active,0
1004475,106084,-8,6,15,Active,5
1005325,101663,-18,6,3,Active,0
1009471,108271,-17,36,23,Active,0
1005248,101491,-46,6,24,Active,0
1002191,101486,-6,36,26,Active,0
1002833,200559,-39,12,10,Active,0
1007554,102725,-27,24,32,Active,0
1000546,109314,-28,36,18,Active,0
1008847,109026,-22,24,26,Active,0
1002539,106400,-19,36,22,Active,0
1000357,200381,-31,24,33,Active,0
1004241,105343,-3,24,1,Active,0
1006004,104650,-2,12,32,Active,0
1009660,108684,-27,12,27,Active,0
1003530,107507,-33,24,0,Active,0
1006948,201811,-1,36,9,Active,0
1003038,105117,-26,24,30,Active,0
1005838,105580,-21,12,33,Active,0
1002691,100350,-27,36,26,Active,0
1009744,100146,-22,36,11,Active,0
1003623,108028,-22,24,3,Active,0
1000133,105024,-19,12,23,Active,0
1001325,108258,-26,12,14,Active,0
1004554,107218,-31,24,21,Active,0
1000783,105166,-14,6,20,Active,0
1004568,109547,-15,36,31,Active,0
1008914,105602,-20,12,28,Active,0
1008442,107435,-10,12,21,Active,0
1005682,108200,-44,36,21,Active,0
1005773,100109,-34,24,19,Active,0
1008367,101587,-44,36,21,Active,0
1005617,201978,-28,6,13,Active,0
1006030,102766,-21,36,27,Active,0
1004141,108999,-26,24,32,Active,0
1002615,100214,-22,12,1,Active,0
1000591,105538,-2,24,35,Active,0
1009765,106656,-37,6,15,Active,0
1006255,105572,-15,24,19,Active,0
1006463,107315,-16,12,17,Active,0
1004866,105409,-2,36,12,Active,0
1004160,106436,-25,24,32,Active,0
1009218,109171,-28,24,24,Active,0
1008905,103100,-47,6,6,Active,0
1003964,102405,-40,24,9,Active,0
1006127,102645,-19,24,18,Active,0
1000866,107604,-37,36,10,Active,0
1009278,107465,-3,12,21,Active,0
1007730,201788,-22,12,31,Active,0
1001076,102224,-27,36,8,Active,0
1000502,103387,-11,6,17,Active,0
1007870,105968,-34,24,6,Active,0
1004030,201260,-43,24,30,Active,0
1006349,103042,-16,6,31,Active,0
1009376,100278,-21,6,22,Active,0
1000899,101872,-38,36,5,Active,0
1002316,200013,-17,36,1,Active,0
1001178,100615,-11,6,13,Active,0
1000122,100910,-35,36,34,Active,0
1003951,101819,-27,24,3,Active,0
1009361,105052,-12,6,8,Active,0
1000652,109436,-31,36,10,Active,0
1003441,102144,-24,6,33,Active,0
1004281,107462,-41,24,1,Active,0
1004528,101066,-17,24,11,Active,0
1004634,107847,-46,36,21,Active,0
1004284,101764,-39,36,12,Active,0
1004519,101988,-37,36,15,Active,0
1003563,108002,-27,24,31,Active,0
1006905,101999,-29,36,26,Active,0
1001610,101977,-15,36,34,Active,0
1005387,109764,-39,36,0,Active,0
1004945,103693,-2,24,13,Active,0
1009181,101059,-10,36,29,Active,0
1008761,101049,-20,24,9,Active,0
1003663,100325,-32,36,15,Active,0
1005595,104091,-11,24,30,Active,0
1001827,200001,-20,36,18,Active,0
1009174,101632,-20,36,17,Active,0
1000102,201629,-14,36,11,Active,0
1009167,108870,-47,24,24,Active,0
1007628,104293,-43,36,31,Active,0
1003132,107372,-12,36,16,Active,0
1008722,100410,-26,6,8,Active,0
1009717,102979,-18,24,33,Active,0
1009737,200739,-15,36,28,Active,0
1007571,107079,-29,36,20,Active,0
1004285,103563,-20,6,6,Active,0
1008674,200947,-36,6,2,Active,0
1000493,104006,-39,6,14,Active,0
1007740,101400,-8,6,18,Active,0
1006265,102902,-1,36,22,Active,0
1009632,109339,-9,24,0,Active,0
1003364,105954,-35,6,20,Active,0
1001890,200842,-39,6,34,Active,0
1008637,103274,-44,12,26,Active,0
1007418,103829,-37,6,35,Active,0
1003320,107721,-40,12,13,Active,0
1008440,106857,-28,36,26,Active,0
1006733,105164,-33,36,26,Active,0
1006763,100243,-19,6,14,Active,0
1003000,109562,-22,12,35,Active,0
1004313,106242,-39,6,21,Active,0
1008469,103007,-25,12,9,Active,0
1003062,105324,-38,36,1,Active,0
1001340,104161,-24,12,14,Active,0
1002531,201018,-7,24,18,Active,0
1005574,108807,-25,24,16,Active,0
1000733,107033,-38,6,33,Active,0
1000754,102604,-39,36,35,Active,0
1000658,108818,-12,6,27,Active,0
1007859,200696,-25,12,23,Active,0
1008391,200190,-16,24,31,Active,0
1002202,201729,-45,6,11,Active,0
1005948,201973,-23,12,23,Active,0
1000288,100496,-45,12,25,Active,0
1002920,105972,-20,6,19,Active,0
1007088,104658,-38,24,26,Active,0
1007294,107643,-28,24,6,Active,0
1002208,201610,-28,36,3,Active,0
1008500,200389,-35,12,16,Active,0
1001142,108085,-2,36,12,Active,0
1007703,109599,-11,12,0,Active,0
1009566,104288,-3,36,19,Active,0
1001006,200567,-22,36,34,Active,0
1005587,106389,-38,24,24,Active,0
1000737,107257,-40,6,4,Active,0
1003745,104843,-23,36,6,Active,0
1008188,200831,-23,6,3,Active,0
1002290,201073,-37,36,31,Active,0
1008061,200852,-46,12,23,Active,0
1002485,109197,-18,6,35,Active,5
1000534,101528,-2,24,4,Active,0
1005657,105664,-40,24,34,Active,0
1005067,109080,-28,36,34,Active,0
1001540,106470,-47,6,32,Active,0
1003167,200340,-44,36,19,Active,0
1002584,108795,-35,24,24,Active,0
1005025,103798,-34,12,23,Active,0
1006345,201169,-30,36,21,Active,0
1007129,200115,-17,36,14,Active,0
1001093,103847,-23,12,5,Active,0
1009731,103496,-31,36,30,Active,0
1005456,100208,-10,6,31,Active,0
1004595,200224,-29,6,32,Active,0
1002635,104581,-22,24,18,Active,0
1007014,104810,-17,36,23,Active,0
1008053,101154,-46,24,7,Active,0
1006443,108787,-33,24,11,Active,0
1002172,201050,-3,12,4,Active,0
1007635,201366,-9,6,18,Active,0
1009401,104515,-26,12,18,Active,0
1008415,106371,-26,36,25,Active,0
1000828,108405,-7,24,30,Active,0
1006625,100264,-30,24,19,Active,0
1009735,109990,-47,6,35,Active,0
1008416,103602,-1,12,8,Active,0
1006058,101732,-5,36,33,Active,0
1004258,201339,-36,6,34,Active,0
1008988,109531,-11,36,35,Active,0
1003675,103183,-43,6,3,Active,0
1003232,106431,-40,12,2,Active,0
1003577,105545,-47,24,7,Active,0
1000143,105908,-23,6,31,Active,0
1008695,108516,-10,6,28,Active,0
1006838,200177,-42,6,2,Active,0
1003867,106117,-15,24,1,Active,0
1009643,106945,-8,36,14,Active,0
1004830,108055,-5,24,23,Active,0
1008276,108549,-22,12,30,Active,0
1007758,109351,-8,36,18,Active,0
1003939,103080,-33,12,28,Active,0
1007507,101271,-44,24,1,Active,0
1001425,100303,-18,24,2,Active,0
1000467,101147,-43,12,12,Active,0
1009869,100502,-17,24,12,Active,0
1007690,102306,-20,36,15,Active,0
1002078,103027,-46,12,3,Active,0
1004806,106871,-5,24,5,Active,0
1001276,104798,-20,24,23,Active,0
1004065,104774,-10,6,30,Active,0
1005136,104194,-46,36,13,Active,0
1004130,104969,-32,24,15,Active,0
1007601,101165,-36,24,23,Active,0
1005649,201838,-6,6,15,Active,0
1008687,100073,-17,36,13,Active,0
1009515,100047,-15,24,14,Active,0
1005303,108966,-15,6,14,Active,0
1006277,103415,-31,24,18,Active,0
1002007,108162,-44,36,13,Active,0
1004381,101474,-23,12,11,Active,0
1009175,102791,-5,36,13,Active,0
1006394,201838,-16,36,17,Active,0
1006421,105078,-3,12,14,Active,0
1002831,102243,-32,36,19,Active,0
1006151,103802,-15,24,24,Active,0
1002475,201573,-33,24,29,Active,0
1002205,107900,-14,24,3,Active,0
1001229,201240,-4,12,28,Active,0
1003425,107697,-4,12,6,Active,0
1000692,201424,-14,36,6,Active,0
1008078,108251,-2,36,12,Active,0
1002924,104051,-1,6,20,Active,0
1006052,104862,-28,24,18,Active,0
1008364,103067,-40,24,18,Active,0
1007133,108700,-30,6,25,Active,0
1006423,107957,-2,12,15,Active,0
1008143,105586,-35,24,0,Active,0
1001355,200427,-30,6,14,Active,0
1003932,100461,-42,24,10,Active,0
1007786,106211,-10,6,14,Active,0
1000041,104021,-17,12,32,Active,0
1009693,101073,-33,12,3,Active,0
1008090,201619,-1,6,33,Active,0
1006968,109688,-23,36,33,Active,0
1009748,107222,-25,6,24,Active,0
1008731,104285,-37,24,27,Active,0
1007377,102098,-37,12,0,Active,0
1001271,103659,-14,24,5,Active,0
1000777,100394,-2,24,23,Active,0
1003784,101797,-40,24,15,Active,0
1002899,201043,-14,6,25,Active,0
1001697,103456,-15,24,26,Active,0
1008214,100803,-9,6,28,Active,0
1000409,101114,-23,6,30,Active,0
1004647,102757,-31,24,13,Active,0
1002343,105492,-3,24,20,Active,0
1005168,105303,-33,6,32,Active,0
1000405,107578,-44,6,24,Active,0
1002355,200482,-37,24,22,Active,0
1008796,101893,-17,12,18,Active,0
1003649,107966,-19,36,31,Active,0
1005612,108368,-30,36,27,Active,0
1000477,105800,-28,24,35,Active,0
1008170,109183,-38,36,6,Active,0
1004898,101977,-20,24,5,Active,0
1007754,107209,-27,12,18,Active,0
1008493,109820,-17,24,23,Active,0
1006359,101462,-39,36,28,Active,0
1009419,109148,-27,24,35,Active,0
1009564,106312,-47,6,0,Active,0
1000692,201424,-31,24,1,Active,0
1007677,109926,-39,6,0,Active,0
1009768,104018,-36,6,29,Active,0
1007542,107450,-18,36,26,Active,0
1002854,109897,-8,6,14,Active,0
1007287,109626,-14,12,12,Active,0
1001421,107946,-19,12,34,Active,0
1001678,100838,-4,36,16,Active,0
1008773,108730,-26,12,2,Active,0
1005178,100232,-35,12,11,Active,0
1009646,200498,-7,36,35,Active,0
1006725,106866,-31,24,5,Active,0
1003359,106178,-32,36,23,Active,0
1007721,103016,-12,36,22,Active,0
1000717,106501,-21,12,30,Active,0
1004225,201251,-4,24,0,Active,0
1007079,107546,-12,36,20,Active,0
1003156,109173,-27,24,10,Active,0
1002244,107516,-40,24,22,Active,0
1005391,103853,-20,36,24,Active,0
1006618,201872,-45,12,23,Active,0
1006337,109259,-15,24,26,Active,0
1002490,105433,-21,6,32,Active,0
1008422,107992,-39,24,12,Active,0
1008546,201271,-15,36,5,Active,0
1006546,106800,-17,24,13,Active,0
1001397,108455,-27,6,30,Active,0
1001319,103400,-2,6,29,Active,0
1004491,104277,-5,12,20,Active,0
1006800,101011,-33,36,23,Active,0
1003999,102133,-43,24,8,Active,0
1001477,100727,-27,6,13,Active,0
1002619,104270,-38,12,15,Active,0
1006970,108285,-29,12,14,Active,0
1003802,102714,-34,6,14,Active,0
1002086,107700,-17,12,24,Active,0
1002248,108997,-10,6,10,Active,0
1007647,200904,-32,6,9,Active,0
1001867,106615,-36,12,15,Active,0
1003471,106104,-21,12,13,Active,0
1009014,103351,-47,12,19,Active,0
1008120,103869,-28,24,1,Active,0
1002993,105600,-7,36,22,Active,0
1005246,107891,-11,24,30,Active,0
1008907,104067,-26,12,12,Active,0
1006515,108750,-17,12,11,Active,0
1002859,105227,-35,6,11,Active,0
1003440,103793,-11,36,30,Active,0
1003915,101700,-43,12,11,Active,0
1000179,101525,-17,36,29,Active,0
1003923,105435,-24,36,4,Active,0
1009719,104902,-33,12,29,Active,0
1004109,108097,-22,6,28,Active,0
1006067,109104,-20,12,33,Active,0
1005873,104056,-25,24,4,Active,0
1003927,109483,-12,36,30,Active,0
1005662,100482,-14,36,5,Active,0
1001466,102961,-47,24,2,Active,0
1007515,102783,-40,6,17,Active,0
1000849,106575,-11,12,2,Active,0
1005672,101700,-25,12,0,Active,0
1007722,101942,-13,12,16,Active,0
1008162,100259,-33,6,30,Active,0
1007561,105333,-31,12,28,Active,0
1001191,101341,-35,24,28,Active,0
1008260,201131,-7,12,11,Active,0
1003684,104821,-27,6,32,Active,0
1009238,102386,-2,12,3,Active,0
1008655,105886,-24,12,22,Active,0
1003433,100802,-45,24,35,Active,0
1006716,106606,-26,12,4,Active,0
1000189,102047,-13,6,16,Active,0
1004192,103273,-19,12,10,Active,0
1002508,108128,-34,12,8,Active,5
1008293,105902,-13,24,34,Active,0
1008455,102867,-39,24,14,Active,0
1007067,200133,-21,24,26,Active,0
1004282,105403,-21,6,24,Active,0
1000905,109226,-40,36,33,Active,0
1000100,201451,-38,36,17,Active,0
1005955,108277,-3,36,24,Active,0
1004711,104422,-35,36,16,Active,0
1008098,201142,-8,36,18,Active,0
1004006,105737,-38,24,31,Active,0
1003686,201154,-1,24,4,Active,0
1006002,107819,-38,36,19,Active,0
1001024,109615,-36,24,13,Active,0
1002720,200375,-31,12,20,Active,0
1001346,106647,-16,24,34,Active,0
1001081,106659,-14,24,23,Active,0
1004344,102362,-12,24,14,Active,0
1000732,105279,-44,36,10,Active,0
1005781,200431,-11,36,21,Active,0
1004102,201329,-21,12,19,Active,0
1008391,200190,-1,24,1,Active,0
1007751,109151,-2,12,32,Active,0
1006187,200098,-22,12,20,Active,0
1005993,107966,-45,36,4,Active,5
1008100,100235,-1,6,18,Active,0
1002492,103053,-13,36,9,Active,0
1001095,103379,-30,36,22,Active,0
1009669,107999,-16,36,22,Active,0
1006182,200314,-39,6,27,Active,5
1003676,100352,-1,6,8,Active,0
1009631,108124,-23,12,8,Active,0
1007953,109006,-39,24,3,Active,0
1007495,200383,-35,36,19,Active,0
1007141,104077,-23,6,2,Active,0
1003846,200740,-41,12,22,Active,0
1002689,201709,-46,12,4,Active,0
1001127,109064,-15,24,10,Active,0
1001105,201326,-21,12,23,Active,0
1008134,107342,-19,24,27,Active,0
1008519,103679,-28,6,1,Active,0
1006605,107529,-47,6,27,Active,0
1006451,106890,-24,24,0,Active,0
1008896,109612,-17,6,30,Active,0
1004727,108283,-18,24,17,Active,0
1009982,102427,-35,36,7,Active,0
1002815,102210,-38,24,28,Active,0
1002259,108853,-2,6,1,Active,0
1001307,107874,-5,6,30,Active,0
1002834,109640,-4,36,30,Active,0
1005902,102884,-25,36,3,Active,0
1004565,200170,-24,12,23,Active,0
1009055,101327,-11,24,20,Active,0
1000013,107212,-23,36,17,Active,0
1005527,104823,-6,24,25,Active,0
1003952,105410,-47,6,5,Active,0
1004089,103586,-5,24,10,Active,0
1002091,102596,-47,12,22,Active,0
1007222,103250,-16,36,9,Active,0
1000005,102380,-29,36,12,Active,0
1003267,108784,-15,6,32,Active,5
1006572,201506,-28,24,32,Active,0
1003848,100761,-23,12,4,Active,0
1001020,201713,-14,6,33,Active,0
1005530,104968,-47,12,8,Active,0
1006251,108116,-47,24,15,Active,0
1001294,109117,-22,6,0,Active,0
1005294,104171,-47,24,26,Active,0
1004465,106179,-15,12,21,Active,0
1007778,104935,-36,24,24,Active,0
1000798,105892,-29,12,2,Active,0
1007080,108955,-32,12,20,Active,0
1002867,107655,-12,36,6,Active,0
1005254,101207,-17,24,32,Active,0
1009917,109454,-6,6,14,Active,0
1004277,105750,-32,36,19,Active,0
1004181,105623,-29,6,10,Active,0
1003311,105557,-22,12,28,Active,0
1000758,108103,-20,6,29,Active,0
1007279,107886,-1,24,12,Active,0
1003350,106299,-22,12,3,Active,0
1006274,107633,-5,24,26,Active,0
1007154,201107,-31,12,5,Active,0
1006500,201909,-18,36,2,Active,0
1006549,104768,-43,12,26,Active,0
1003417,200494,-11,6,35,Active,0
1006495,103942,-35,6,12,Active,0
1007206,200326,-16,6,11,Active,0
1004086,201432,-38,36,12,Active,0
1001968,102233,-34,36,5,Active,0
1000466,108706,-34,12,7,Active,0
1003903,108764,-46,12,0,Active,0
1008519,103679,-12,36,5,Active,0
1004474,102232,-17,24,26,Active,0
1009973,102710,-26,24,35,Active,0
1008119,201672,-18,36,34,Active,0
1007207,101738,-29,24,15,Active,0
1003314,201551,-25,36,29,Active,0
1002271,106976,-43,24,17,Active,0
1003312,101547,-25,36,31,Active,0
1008157,101333,-45,36,7,Active,0
1004988,101758,-18,24,32,Active,0
1000698,107448,-20,6,3,Active,0
1007691,101962,-4,24,5,Active,0
1001233,109250,-26,36,12,Active,0
1007160,201362,-16,12,9,Active,0
1002978,108469,-37,12,13,Active,0
1002785,201654,-7,36,14,Active,0
1008626,201248,-36,12,9,Active,0
1000466,108706,-9,24,7,Active,0
1009653,100387,-24,24,32,Active,0
1008388,104514,-7,6,16,Active,0
1006291,201957,-36,36,26,Active,0
1003765,102556,-16,36,34,Active,0
1001684,105944,-19,12,8,Active,0
1003239,106722,-37,36,15,Active,0
1003041,102391,-13,24,29,Active,0
1001845,108056,-2,6,35,Active,0
1009116,101788,-7,12,23,Active,0
1003984,102331,-32,24,28,Active,0
1007506,108843,-32,6,31,Active,0
1006837,103922,-41,36,12,Active,0
1008017,105235,-20,24,33,Active,0
1006182,200314,-41,12,7,Active,0
1008236,104384,-45,24,10,Active,0
1007326,100048,-27,36,27,Active,0
1006797,104729,-34,36,25,Active,0
1004719,201238,-35,12,34,Active,0
1009101,109791,-36,36,35,Active,0
1007509,107623,-14,36,24,Active,5
1003945,106268,-32,24,7,Active,0
1008497,105335,-13,12,16,Active,0
1000892,103526,-1,36,34,Active,0
1008175,102011,-46,36,30,Active,0
1004217,100742,-47,6,9,Active,0
1003612,201040,-23,36,15,Active,0
1008414,105175,-3,6,5,Active,0
1009033,108778,-15,12,5,Active,0
1003741,101309,-10,24,1,Active,0
1006567,101260,-29,24,34,Active,0
1003119,100720,-41,6,29,Active,0
1005137,201549,-13,12,23,Active,0
1007586,103384,-13,36,33,Active,0
1003784,101797,-10,12,17,Active,0
1004970,100824,-33,12,34,Active,0
1002741,104609,-18,24,25,Active,0
1003065,201600,-35,24,12,Active,0
1000016,106416,-28,36,34,Active,0
1003752,108686,-31,24,13,Active,0
1009125,200345,-28,36,7,Active,0
1002288,103520,-10,24,5,Active,0
1009255,200787,-29,6,0,Active,0
1001617,101310,-22,12,16,Active,0
1002354,109291,-31,36,35,Active,0
1004205,201782,-30,24,31,Active,0
1003065,201600,-46,36,21,Active,0
1005442,107519,-4,24,17,Active,0
1000301,200866,-13,36,5,Active,0
1005576,200109,-43,24,31,Active,0
1000574,104104,-6,12,17,Active,0
1004200,100936,-5,24,11,Active,0
1004321,107857,-27,6,35,Active,0
1007556,200004,-12,12,14,Active,0
1007027,200800,-47,6,9,Active,0
1000795,201974,-15,24,26,Active,0
1009747,201083,-3,6,33,Active,0
1005088,108603,-31,36,6,Active,0
1000492,105772,-3,24,16,Active,0
1009458,105489,-27,24,24,Active,0
1005398,101619,-9,36,14,Active,0
1004437,102324,-35,24,11,Active,0
1009590,103736,-24,36,23,Active,0
1000982,105100,-41,12,8,Active,0
1008297,104818,-35,36,9,Active,0
1003658,107888,-37,6,6,Active,0
1008662,107647,-24,24,29,Active,0
1004125,107350,-30,12,22,Active,0
1003414,101861,-26,36,32,Active,0
1007869,106810,-26,36,0,Active,0
1005366,108863,-18,6,18,Active,0
1005629,103850,-44,6,29,Active,0
1003013,200577,-20,36,28,Active,0
1001586,109314,-43,6,27,Active,0
1005733,105407,-9,6,5,Active,0
1000881,109713,-37,12,29,Active,0
1009645,106360,-46,6,14,Active,0
1005693,201527,-28,12,28,Active,0
1007864,102167,-23,6,33,Active,0
1005370,108819,-34,12,34,Active,0
1007095,200303,-45,24,18,Active,0
1001024,109615,-34,6,6,Active,0
1000552,104917,-40,24,33,Active,0
1002004,100252,-21,12,21,Active,0
1009107,104563,-8,12,10,Active,0
1008032,200813,-39,36,22,Active,0
1005003,109970,-4,36,17,Active,0
1002059,102056,-32,6,14,Active,0
1006156,106771,-7,12,25,Active,0
1005208,106193,-19,36,23,Active,0
1009525,103946,-12,36,21,Active,0
1000233,102513,-7,12,4,Active,0
1007347,108054,-34,12,12,Active,0
1005459,106768,-33,12,17,Active,0
1002075,105014,-30,12,4,Active,0
1005187,201154,-35,24,28,Active,0
1007035,106763,-42,6,35,Active,0
1006906,100712,-6,36,11,Active,5
1002582,201593,-25,12,18,Active,0
1007457,107925,-43,36,5,Active,0
1000015,106824,-6,12,30,Active,0
1003531,107167,-40,24,34,Active,0
1000348,107679,-32,12,14,Active,0
1005514,108284,-38,24,11,Active,0
1003344,103517,-2,36,5,Active,0
1004254,106477,-35,6,31,Active,0
1008851,103029,-16,36,4,Active,0
1009029,105391,-42,6,25,Active,0
1000517,201951,-34,6,6,Active,0
1003307,100921,-39,6,32,Active,0
1006808,109992,-13,6,18,Active,0
1007722,101942,-22,6,30,Active,0
1001481,200925,-4,36,6,Active,0
1003579,102845,-38,6,24,Active,0
1002642,109414,-28,12,21,Active,0
1005171,101497,-9,36,2,Active,0
1004431,101047,-11,6,14,Active,0
1007480,104951,-35,12,2,Active,0
1008134,107342,-15,12,21,Active,0
1003427,100300,-4,36,11,Active,0
1000912,108898,-15,12,4,Active,0
1001556,104955,-16,12,32,Active,0
1008506,106594,-14,6,6,Active,0
1005053,108427,-17,36,14,Active,0
1000422,109666,-30,12,8,Active,0
1009716,100993,-36,6,8,Active,0
1009715,107090,-39,24,3,Active,0
1007826,106021,-26,6,15,Active,0
1005009,104767,-5,6,12,Active,0
1002268,107470,-35,24,15,Active,0
1002669,104237,-42,24,11,Active,0
1007229,107403,-21,12,30,Active,0
1007484,200771,-39,36,34,Active,0
1000853,102608,-7,24,0,Active,0
1008387,105993,-43,6,35,Active,0
1004538,201701,-41,6,5,Active,0
1000499,106825,-15,6,24,Active,0
1001366,109733,-3,12,6,Active,0
1002538,200416,-22,12,4,Active,0
1006725,106866,-15,6,11,Active,0
1004095,103821,-19,6,19,Active,0
1006359,101462,-26,12,10,Active,0
1002711,103036,-16,6,9,Active,0
1000806,105084,-11,36,35,Active,0
1003184,201086,-4,12,9,Active,0
1001272,102976,-36,24,6,Active,0
1003000,109562,-23,6,14,Active,0
1004140,105108,-24,36,21,Active,0
1003343,200033,-9,6,5,Active,5
1003271,109136,-27,6,30,Active,0
1007761,104257,-42,12,15,Active,0
1004943,103004,-27,12,4,Active,0
1008669,107548,-12,6,25,Active,0
1005597,103349,-2,6,30,Active,5
1003399,108789,-6,6,31,Active,0
1005686,103061,-26,24,33,Active,0
1001002,100157,-38,36,32,Active,0
1008672,107326,-8,12,12,Active,0
1000934,101117,-9,6,4,Active,0
1002621,101276,-10,6,9,Active,0
1006124,101948,-36,12,10,Active,0
1007634,100488,-19,6,19,Active,0
1003816,104534,-15,36,27,Active,0
1004927,200406,-19,12,9,Active,0
1009707,105919,-13,6,7,Active,0
1009351,106440,-10,36,32,Active,0
1001423,102800,-29,12,30,Active,0
1009880,109173,-35,12,2,Active,0
1006753,108314,-22,6,18,Active,0
1001440,100330,-16,12,1,Active,0
1002359,102923,-25,24,8,Active,0
1004544,200192,-20,36,3,Active,0
1009859,107868,-2,6,18,Active,0
1007228,101125,-47,6,23,Active,0
1007073,108903,-28,36,5,Active,0
1006270,107430,-37,12,1,Active,0
1003898,105589,-31,36,20,Active,0
1003529,107827,-47,12,28,Active,0
1005787,200260,-10,12,15,Active,0
1009371,106446,-28,36,10,Active,0
1008720,101723,-1,36,12,Active,0
1003336,201941,-15,12,1,Active,0
1003171,106075,-34,6,34,Active,0
1001465,104899,-8,6,24,Active,0
1000042,108572,-43,36,19,Active,0
1004903,201342,-34,36,13,Active,0
1004732,107794,-27,24,30,Active,0
1003041,102391,-15,36,2,Active,0
1003324,108005,-40,6,17,Active,0
1003470,100660,-22,12,11,Active,0
1008197,101809,-16,36,0,Active,0
1001585,109215,-34,24,26,Active,0
1001783,109991,-34,12,2,Active,0
1003661,201917,-42,24,5,Active,0
1002916,100452,-24,36,15,Active,0
1000455,102734,-31,6,35,Active,0
1008902,107454,-6,12,29,Active,0
1005793,102858,-30,12,26,Active,0
1001245,100481,-6,6,0,Active,0
1003214,109816,-25,6,26,Active,0
1001621,101622,-44,12,6,Active,0
1004699,105379,-46,24,25,Active,0
1000107,102864,-5,36,4,Active,0
1004754,101985,-8,24,16,Active,0
1008579,107260,-7,24,19,Active,0
1001457,105469,-35,36,0,Active,0
1009375,100696,-2,24,13,Active,0
1009567,105871,-12,36,26,Active,0
1002358,101387,-46,6,2,Active,0
1002301,103744,-38,6,21,Active,0
1006964,104397,-5,36,30,Active,0
1008545,104273,-47,6,14,Active,0
1004139,106021,-44,36,16,Active,0
1008949,200162,-37,6,15,Active,0
1004454,104474,-17,12,9,Active,0
1006010,201037,-17,12,18,Active,0
1006677,106607,-24,12,6,Active,0
1008375,107627,-22,36,4,Active,0
1008148,101278,-32,6,8,Active,0
1000984,102471,-47,36,12,Active,0
1005253,105441,-31,36,4,Active,0
1000226,100810,-37,12,27,Active,0
1003553,109899,-3,24,34,Active,0
1007480,104951,-8,36,27,Active,0
1002098,106806,-4,24,15,Active,0
1004151,201859,-20,24,34,Active,0
1009469,109420,-21,36,2,Active,0
1001076,102224,-42,36,18,Active,0
1007661,109320,-22,24,10,Active,0
1008350,104282,-46,36,26,Active,0
1006736,103722,-41,36,24,Active,0
1006236,101635,-25,36,34,Active,0
1009976,104046,-27,24,26,Active,0
1009328,109160,-37,24,26,Active,0
1007002,103981,-23,24,12,Active,0
1003749,109690,-45,24,11,Active,0
1009263,200623,-43,12,22,Active,0
1003185,201807,-8,36,33,Active,0
1004480,108525,-39,36,18,Active,0
1007122,102485,-22,24,24,Active,0
1002485,109197,-25,12,10,Active,0
1007380,101134,-8,36,0,Active,0
1001580,103175,-11,6,12,Active,0
1002648,201238,-10,6,7,Active,0
1003930,103675,-19,6,30,Active,0
1008318,108040,-36,12,25,Active,0
1003290,106881,-14,36,12,Active,0
1003930,103675,-19,6,15,Active,0
1008884,106917,-7,6,22,Active,0
1009644,201999,-16,6,14,Active,0
1007378,109631,-13,6,4,Active,0
1004404,104599,-13,6,21,Active,0
1009985,200244,-12,6,12,Active,0
1002712,100149,-2,24,2,Active,0
1007763,200959,-31,6,14,Active,0
1006348,106412,-33,36,33,Active,0
1008974,105803,-13,6,6,Active,0
1004938,101021,-46,36,32,Active,0
1001175,104422,-32,36,8,Active,0
1009633,105628,-6,24,26,Active,0
1003788,108796,-37,6,3,Active,0
1007307,200436,-20,36,0,Active,0
1009094,109284,-16,36,14,Active,0
1000897,103640,-28,24,1,Active,0
1003171,106075,-18,12,21,Active,0
1008021,106374,-47,6,35,Active,0
1000886,109167,-17,36,22,Active,0
1005396,102538,-31,6,34,Active,0
1008180,106946,-21,6,6,Active,0
1009743,101319,-21,6,26,Active,0
1004943,103004,-12,12,3,Active,0
1000295,105972,-26,24,35,Active,0
1006315,104342,-12,24,0,Active,0
1005337,109519,-26,12,20,Active,0
1005218,100760,-10,12,28,Active,0
1001477,100727,-7,24,23,Active,0
1005083,102157,-25,6,3,Active,0
1002035,101644,-41,24,7,Active,0
1006976,105642,-33,36,34,Active,0
1001568,101905,-34,36,27,Active,0
1000153,106081,-2,12,31,Active,0
1004806,106871,-25,36,29,Active,0
1000135,105050,-45,36,0,Active,0
1006302,109556,-40,12,30,Active,0
1002771,100829,-7,6,1,Active,0
1005404,102030,-25,24,14,Active,0
1003226,105568,-40,12,11,Active,0
1004101,109961,-38,36,0,Active,5
1003641,200519,-34,12,33,Active,0
1006338,105497,-31,12,35,Active,0
1001890,200842,-6,6,33,Active,0
1009466,101048,-18,36,28,Active,0
1000006,102429,-34,24,33,Active,0
1004024,103604,-27,36,34,Active,0
1004283,201657,-29,12,33,Active,0
1005635,107046,-31,6,18,Active,0
1007844,100511,-31,12,12,Active,0
1003254,100343,-47,24,3,Active,0
1002768,107016,-9,12,18,Active,0
1003899,200499,-37,36,4,Active,0
1006911,108298,-17,12,11,Active,0
1005760,100715,-3,6,7,Active,0
1001009,104546,-12,36,6,Active,0
1004415,103575,-47,24,0,Active,0
1002917,105577,-24,12,28,Active,0
1003916,106701,-12,12,0,Active,0
1002427,106220,-40,24,24,Active,0
1004117,109865,-12,6,9,Active,0
1009958,104387,-37,12,11,Active,5
1008704,100053,-34,24,6,Active,0
1003556,106554,-44,6,26,Active,0
1002413,107767,-25,24,11,Active,0
1000853,102608,-1,12,11,Active,0
1007535,101966,-45,12,34,Active,0
1000417,103881,-16,6,1,Active,0
1003588,100894,-35,36,25,Active,0
1001360,100495,-15,36,10,Active,0
1007109,200232,-22,24,33,Active,0
1002912,107975,-18,24,14,Active,0
1000849,106575,-9,6,21,Active,0
1009723,108737,-14,36,33,Active,0
1009896,103288,-27,12,26,Active,0
1008800,100636,-35,24,28,Active,0
1003853,102770,-44,24,15,Active,0
1006372,109311,-5,6,20,Active,0
1008180,106946,-17,6,7,Active,5
1001085,108983,-6,36,19,Active,0
1002425,104724,-43,6,30,Active,0
1002021,100359,-8,36,9,Active,0
1000382,109034,-5,36,30,Active,0
1004379,100281,-4,24,18,Active,0
1009662,100250,-23,6,12,Active,0
1007450,100032,-25,24,32,Active,0
1005968,201162,-7,6,7,Active,0
1001341,200555,-13,36,21,Active,0
1005281,200721,-38,12,22,Active,0
1007596,105474,-10,24,31,Active,0
1005743,102770,-30,6,0,Active,0
1009801,104532,-8,12,22,Active,0
1005388,109519,-26,12,2,Active,0
1002119,200351,-11,12,27,Active,0
1003222,101477,-34,12,24,Active,0
1004659,102719,-8,24,6,Active,0
1008195,103668,-3,24,24,Active,0
1001740,100513,-2,12,32,Active,0
1003422,201600,-14,12,17,Active,0
1009672,200390,-7,36,10,Active,0
1002207,101352,-17,24,5,Active,0
1006316,102857,-18,6,30,Active,0
1009577,106926,-2,24,23,Active,0
1008514,104923,-46,36,5,Active,0
1003954,102929,-1,36,24,Active,0
1004042,109341,-39,36,31,Active,0
1007334,106721,-33,6,11,Active,0
1000553,102634,-5,36,18,Active,0
1009336,106503,-22,24,29,Active,0
1003275,104671,-36,12,7,Active,0
1008610,201572,-37,36,29,Active,0
1003098,104987,-10,36,16,Active,0
1008322,106016,-44,6,3,Active,0
1001791,100167,-34,6,35,Active,0
1001826,107361,-38,36,8,Active,0
1008906,102325,-4,6,10,Active,0
1003104,109874,-43,12,28,Active,0
1004101,109961,-33,6,9,Active,0
1000480,100803,-45,36,7,Active,0
1005183,104432,-39,24,14,Active,0
1003101,104208,-30,12,14,Active,0
1000258,101057,-14,24,3,Active,0
1000618,107727,-25,12,32,Active,0
1007667,107712,-43,36,26,Active,0
1005226,109178,-18,36,25,Active,0
1002909,201414,-20,24,28,Active,0
1008333,109120,-45,24,9,Active,0
1007616,108185,-9,6,34,Active,0
1001637,108714,-15,36,23,Active,0
1007979,106376,-11,24,15,Active,0
1002793,108346,-23,6,6,Active,0
1007052,108716,-16,36,15,Active,0
1004540,200174,-5,6,5,Active,0
1008869,106984,-41,36,2,Active,0
1002023,200082,-9,12,13,Active,0
1006754,101422,-15,36,17,Active,0
1009703,200705,-46,36,10,Active,0
1006088,106142,-10,6,22,Active,0
1001151,106612,-18,36,8,Active,0
1003529,107827,-13,12,10,Active,0
1003473,101592,-2,24,19,Active,0
1005539,107479,-1,12,1,Active,0
1009588,101092,-22,24,11,Active,0
1003545,201788,-5,24,20,Active,0
1007593,103259,-9,24,33,Active,0
1003928,105020,-47,36,1,Active,0
1002199,109050,-27,36,8,Active,0
1002312,108645,-40,12,24,Active,0
1003018,200148,-33,36,25,Active,0
1005914,103732,-4,24,4,Active,0
1000466,108706,-27,12,25,Active,0
1001408,107419,-32,24,16,Active,0
1008378,103304,-7,12,30,Active,0
1008306,106128,-36,6,12,Active,0
1000948,104424,-27,12,19,Active,0
1007261,104821,-11,36,33,Active,5
1000984,102471,-44,12,16,Active,0
1005192,102160,-12,36,8,Active,0
1004657,107624,-36,12,18,Active,0
1008043,105128,-17,36,7,Active,0
1008466,103687,-22,24,35,Active,0
1001774,106094,-5,12,2,Active,0
1006865,109020,-20,12,35,Active,0
1006405,108682,-16,24,32,Active,0
1009560,107415,-41,12,20,Active,0
1004080,101698,-15,24,4,Active,0
1008041,108582,-33,24,17,Active,0
1005078,104866,-24,36,21,Active,0
1004668,106773,-35,24,5,Active,0
1005276,101200,-18,6,19,Active,0
1005954,106248,-23,36,34,Active,0
1001114,106688,-34,24,33,Active,0
1005273,103562,-31,12,29,Active,0
1001060,108306,-6,36,12,Active,0
1007465,107212,-24,6,31,Active,0
1002160,105921,-33,12,20,Active,0
1000216,100197,-11,12,33,Active,0
1008250,200137,-31,36,2,Active,5
1004134,102025,-17,12,22,Active,0
1002870,103936,-29,36,22,Active,0
1006205,104461,-43,6,29,Active,0
1001697,103456,-20,6,22,Active,0
1007653,106349,-46,12,0,Active,0
1004821,101391,-19,12,16,Active,0
1009745,101219,-22,6,19,Active,5
1000327,104031,-21,36,34,Active,0
1006024,101785,-5,12,27,Active,0
1006957,103950,-46,12,0,Active,0
1003779,106342,-15,36,28,Active,0
1006441,104252,-7,36,27,Active,0
1002440,109535,-11,6,7,Active,0
1004537,107561,-4,24,23,Active,5
1003526,201704,-9,6,29,Active,0
1004465,106179,-44,36,35,Active,0
1003174,103629,-21,24,23,Active,0
1006984,105855,-1,6,8,Active,0
1002941,104604,-46,36,28,Active,0
1004990,105934,-2,6,21,Active,0
1000824,200406,-41,36,34,Active,0
1006236,101635,-31,24,30,Active,0
1004382,109872,-4,36,33,Active,0
1009371,106446,-29,36,24,Active,0
1003760,108361,-11,6,1,Active,0
1001100,103865,-34,36,34,Active,0
1004876,106313,-32,24,20,Active,0
1004572,109101,-43,36,25,Active,0
1004423,108721,-44,6,20,Active,0
1004571,103307,-23,24,33,Active,0
1009308,108846,-4,12,15,Active,0
1009991,200056,-36,6,10,Active,0
1008434,105017,-21,36,35,Active,0
1009001,105078,-18,36,0,Active,0
1008629,107387,-4,12,20,Active,0
1006741,103934,-47,36,25,Active,0
1007668,102582,-6,12,32,Active,0
1008999,107278,-11,6,7,Active,0
1001139,201168,-44,36,2,Active,0
1008809,104884,-36,36,10,Active,0
1006652,109584,-11,24,9,Active,0
1009834,103287,-18,12,28,Active,0
1005658,108593,-23,24,20,Active,0
1007796,103416,-7,6,17,Active,0
1008526,107441,-21,36,3,Active,0
1000468,107668,-6,24,14,Active,0
1001454,102767,-39,12,18,Active,0
1005270,100357,-21,6,30,Active,0
1005653,200717,-12,36,35,Active,0
1001043,200071,-26,12,16,Active,0
1002461,106671,-24,12,19,Active,0
1006196,101767,-11,36,4,Active,0
1007436,108449,-40,24,13,Active,0
1005220,103534,-3,6,1,Active,5
1009003,102775,-22,36,8,Active,0
1003851,201866,-11,6,23,Active,0
1008463,109587,-43,36,19,Active,0
1009041,105111,-14,36,5,Active,0
1009407,102123,-35,36,10,Active,0
1006334,101541,-14,12,27,Active,0
1009924,103375,-13,12,27,Active,0
1003441,102144,-9,12,21,Active,0
1000600,101874,-25,12,16,Active,0
1003156,109173,-13,24,28,Active,0
1009271,107608,-24,24,28,Active,0
1003072,201158,-10,6,29,Active,0
1005288,105981,-5,12,25,Active,0
1007482,108142,-19,6,35,Active,0
1007849,107205,-25,12,20,Active,0
1006482,109511,-11,24,12,Active,0
1006314,105620,-5,6,5,Active,0
1000340,101639,-31,24,5,Active,0
1002091,102596,-5,24,14,Active,0
1000016,106416,-13,12,11,Active,0
1006841,106617,-10,6,25,Active,0
1007790,101953,-33,12,22,Active,0
1006703,106626,-18,24,27,Active,0
1008263,200696,-31,6,7,Active,0
1001551,100558,-18,12,27,Active,0
1008875,201774,-45,6,25,Active,0
1003636,100777,-47,12,29,Active,0
1003492,105043,-43,36,23,Active,0
1005603,108973,-10,6,5,Active,0
1001994,101580,-23,24,19,Active,0
1005330,109811,-47,36,11,Active,5
1000479,104561,-4,36,20,Active,0
1002534,105271,-5,6,7,Active,0
1004558,107949,-35,36,25,Active,0
1006886,200875,-6,12,0,Active,0
1008741,200644,-38,6,8,Active,0
1000313,106966,-13,24,30,Active,0
1009121,103941,-33,36,7,Active,0
1008799,107563,-36,6,7,Active,0
1006078,201803,-22,36,22,Active,0
1005777,102341,-15,12,3,Active,0
1004154,109044,-42,24,3,Active,0
1009951,103803,-20,12,6,Active,0
1004986,108379,-17,24,12,Active,0
1004430,108317,-19,6,17,Active,0
1006127,102645,-1,6,18,Active,0
1002790,201671,-13,24,33,Active,0
1009304,106425,-37,36,0,Active,0
1005758,201792,-21,24,19,Active,0
1001326,105953,-19,36,30,Active,0
1004866,105409,-35,6,3,Active,0
1009920,109830,-30,12,24,Active,0
1005040,201062,-1,12,22,Active,0
1002771,100829,-27,24,33,Active,0
1006184,103361,-19,12,14,Active,0
1005051,102463,-46,36,0,Active,0
1002818,109767,-15,12,12,Active,0
1000478,100816,-9,24,29,Active,0
1007333,200158,-46,24,10,Active,0
1003379,200008,-1,12,29,Active,0
1001837,200408,-32,24,7,Active,0
1005934,109405,-13,12,34,Active,0
1009508,102813,-2,12,2,Active,0
1000783,105166,-36,36,8,Active,0
1007122,102485,-3,12,0,Active,0
1006206,103696,-25,24,18,Active,0
1009537,100680,-30,36,10,Active,0
1009088,108061,-40,24,11,Active,0
1006564,103241,-25,6,4,Active,0
1002954,100445,-37,24,14,Active,0
1008857,201734,-3,24,27,Active,0
1004581,104740,-14,12,32,Active,0
1004934,104484,-25,24,28,Active,0
1009767,104903,-13,36,28,Active,0
1007627,107031,-26,36,11,Active,0
1006680,105629,-40,24,23,Active,0
1001178,100615,-33,6,17,Active,0
1003170,108197,-40,6,2,Active,0
1006361,104358,-22,24,10,Active,0
1005586,100473,-21,12,1,Active,0
1000104,109310,-2,24,14,Active,0
1003887,107022,-6,6,15,Active,0
1003271,109136,-1,12,27,Active,0
1006050,104607,-42,6,21,Active,0
1007290,109317,-24,12,3,Active,0
1005166,100088,-41,6,14,Active,0
1005838,105580,-15,6,29,Active,0
1004645,104643,-2,6,19,Active,0
1004132,106526,-5,6,33,Active,0
1007375,105937,-13,6,17,Active,0
1005842,101053,-3,12,25,Active,0
1009020,104511,-36,12,6,Active,0
1002515,107057,-43,36,0,Active,0
1002652,105957,-25,24,28,Active,0
1006507,100407,-1,12,14,Active,0
1004395,104737,-32,36,34,Active,0
1008857,201734,-6,6,6,Active,0
1006377,106674,-46,36,24,Active,0
1001129,102923,-13,12,17,Active,0
1009904,200127,-29,36,11,Active,0
1003309,200855,-10,6,3,Active,0
1004467,101704,-43,12,29,Active,0
1005370,108819,-17,36,26,Active,5
1004086,201432,-12,12,2,Active,0
1002211,200419,-7,12,10,Active,0
1003087,104889,-14,36,14,Active,0
1000205,201564,-34,12,31,Active,0
1009802,201216,-39,6,26,Active,0
1007437,102655,-24,24,12,Active,0
1002301,103744,-22,6,34,Active,0
1000877,100316,-10,12,9,Active,0
1000835,103243,-8,24,2,Active,0
1009664,200973,-6,12,24,Active,0
1002438,108544,-35,12,35,Active,0
1002132,109884,-37,6,18,Active,0
1000487,200758,-33,6,25,Active,0
1003855,108202,-27,6,34,Active,0
1000246,103957,-10,12,2,Active,0
1007589,201626,-22,6,5,Active,0
1009539,108678,-5,12,26,Active,0
1003072,201158,-22,24,0,Active,0
1004931,109816,-4,12,21,Active,0
1000598,107753,-23,24,18,Active,0
1008084,201209,-42,36,33,Active,0
1002969,101869,-25,24,2,Active,0
1005977,108039,-6,6,12,Active,0
1001177,200729,-32,36,22,Active,0
1000169,101759,-11,6,23,Active,0
1002874,104801,-15,24,29,Active,0
1000809,106150,-31,12,6,Active,0
1004439,100567,-29,36,0,Active,0
1004009,201909,-17,24,10,Active,0
1009907,106221,-9,6,2,Active,5
1002495,103164,-16,36,13,Active,0
1003595,101315,-19,36,12,Active,0
1007494,101570,-24,12,13,Active,0
1004823,105442,-21,12,1,Active,0
1004417,104333,-18,36,25,Active,0
1004527,109437,-47,24,35,Active,0
1003952,105410,-7,24,33,Active,0
1005549,101027,-9,12,31,Active,0
1000670,109468,-11,12,15,Active,0
1002435,200168,-29,6,22,Active,0
1004533,109356,-6,12,0,Active,0
1000583,200901,-11,12,16,Active,0
1007682,107591,-16,36,15,Active,0
1003430,104850,-22,12,13,Active,0
1008316,201658,-7,36,15,Active,0
1007545,105954,-12,12,6,Active,0
1005028,104961,-32,12,24,Active,0
1005659,108367,-23,24,0,Active,0
1002120,106113,-47,24,11,Active,0
1000497,102947,-40,36,3,Active,0
1009917,109454,-5,6,15,Active,0
1001245,100481,-21,36,18,Active,0
1001001,106435,-15,36,17,Active,0
1003901,106718,-13,24,21,Active,0
1000857,107977,-31,6,14,Active,0
1003186,201987,-10,12,22,Active,0
1008520,102790,-5,12,11,Active,0
1009962,103549,-22,36,13,Active,0
1001225,104989,-39,36,8,Active,0
1000748,101885,-2,36,24,Active,0
1006710,201948,-12,12,33,Active,0
1007053,106307,-4,24,4,Active,0
1005647,109789,-14,24,26,Active,0
1000828,108405,-40,6,6,Active,0
1004241,105343,-10,6,18,Active,0
1000056,104157,-13,24,24,Active,0
1005842,101053,-18,6,2,Active,0
1007532,200328,-14,36,3,Active,0
1007136,109572,-20,12,17,Active,0
1003921,101555,-4,12,28,Active,0
1002126,201922,-43,24,35,Active,0
1006474,109928,-10,12,17,Active,0
1008891,200655,-33,24,5,Active,0
1005821,103121,-37,36,4,Active,0
1001785,201792,-18,36,20,Active,0
1001285,107195,-4,24,24,Active,0
1009822,105769,-6,6,24,Active,0
1006208,201075,-20,36,11,Active,0
1000212,108648,-19,36,31,Active,0
1007145,106301,-9,36,19,Active,0
1003779,106342,-31,6,31,Active,0
1003587,100972,-17,6,35,Active,0
1004715,102461,-29,12,23,Active,0
1007351,103444,-8,12,3,Active,0
1003645,201355,-1,6,0,Active,0
1002756,106491,-43,24,22,Active,0
1007717,200122,-8,24,26,Active,0
1008154,109757,-12,36,12,Active,0
1008752,102121,-44,6,15,Active,0
1007531,200500,-9,12,35,Active,0
1001317,102332,-21,36,0,Active,0
1009438,104439,-21,36,7,Active,0
1001547,200391,-42,6,15,Active,0
1000193,105535,-21,36,29,Active,0
1007171,102005,-17,24,31,Active,0
1000866,107604,-16,36,14,Active,0
1000053,102045,-31,12,27,Active,0
1007721,103016,-30,36,21,Active,0
1007700,104302,-45,6,9,Active,0
1000929,201204,-40,12,24,Active,0
1007454,201785,-10,36,1,Active,0
1007217,103786,-9,24,29,Active,0
1004860,200413,-24,36,35,Active,0
1000532,107709,-1,6,4,Active,0
1007027,200800,-27,36,26,Active,0
1009597,100779,-41,36,11,Active,0
1001401,200292,-42,24,28,Active,0
1008501,102603,-4,36,28,Active,0
1001337,104368,-29,24,21,Active,0
1008869,106984,-46,6,27,Active,0
1006438,104645,-36,36,3,Active,0
1000659,106610,-2,12,12,Active,0
1006974,200214,-19,12,0,Active,0
1004307,201679,-29,24,15,Active,0
1001623,108126,-24,12,20,Active,0
1007729,108674,-24,6,23,Active,0
1003134,104152,-30,12,9,Active,0
1006509,107078,-2,36,5,Active,0
1000125,201106,-14,6,32,Active,0
1002704,100198,-27,24,24,Active,0
1005741,105069,-18,12,2,Active,0
1007265,101900,-28,12,3,Active,0
1008608,106523,-7,36,0,Active,0
1001056,104022,-9,6,34,Active,0
1000249,106337,-18,12,22,Active,0
1001345,102254,-35,12,17,Active,0
1001955,104447,-2,36,5,Active,0
1004434,103556,-9,12,33,Active,0
1000160,108886,-26,12,15,Active,0
1000657,107446,-32,36,27,Active,0
1000258,101057,-28,24,17,Active,0
1002820,101405,-26,12,35,Active,0
1009122,105441,-15,36,15,Active,0
1006342,200379,-44,6,35,Active,0
1001106,109941,-10,24,9,Active,0
1008618,201799,-12,36,2,Active,0
1001587,109674,-2,36,13,Active,0
1001421,107946,-14,24,8,Active,0
1008410,102719,-47,24,24,Active,0
1009848,106579,-31,36,23,Active,0
1005670,108680,-18,12,32,Active,0
1007942,101205,-38,12,19,Active,0
1000135,105050,-41,6,35,Active,0
1009519,106457,-7,6,26,Active,0
1001439,201442,-39,36,18,Active,0
1002553,200344,-5,12,30,Active,0
1003728,201338,-16,12,23,Active,0
1000251,106366,-19,24,0,Active,0
1001583,107297,-26,6,31,Active,0
1008706,106934,-29,36,22,Active,0
1007934,101076,-35,24,6,Active,0
1006539,104366,-44,24,21,Active,0
1007559,200324,-18,36,11,Active,0
1001625,107664,-15,36,14,Active,0
1000204,105336,-46,12,15,Active,0
1002704,100198,-26,12,35,Active,0
1006278,201071,-26,36,8,Active,0
1002299,104488,-6,6,6,Active,0
1003201,104014,-11,12,8,Active,0
1008194,104871,-46,6,34,Active,5
1001216,100544,-45,36,17,Active,0
1009987,109636,-8,24,23,Active,0
1007448,101666,-18,36,33,Active,0
1005974,101736,-47,6,34,Active,0
1000656,200705,-5,12,29,Active,0
1003216,107224,-44,6,0,Active,0
1002484,102377,-18,12,29,Active,0
1005870,100271,-11,12,18,Active,0
1004389,103293,-16,24,13,Active,0
1007011,100328,-36,12,25,Active,0
1007439,103222,-47,24,27,Active,0
1000507,103318,-44,36,5,Active,0
1004145,101408,-31,12,5,Active,0
1007509,107623,-34,12,23,Active,0
1001761,104835,-37,12,11,Active,0
1008121,103311,-16,6,9,Active,0
1004370,100034,-38,12,25,Active,0
1004256,109529,-22,24,29,Active,0
1001709,102245,-20,36,1,Active,0
1009196,103554,-27,24,4,Active,0
1008745,201965,-21,36,12,Active,0
1003076,108222,-30,24,34,Active,0
1003209,105239,-15,6,24,Active,0
1004750,102720,-1,12,13,Active,0
1009735,109990,-27,24,9,Active,0
1005123,103686,-20,6,1,Active,0
1007284,200701,-29,6,21,Active,0
1007474,102427,-6,24,12,Active,0
1001658,103900,-42,36,35,Active,0
1008797,201473,-14,6,20,Active,0
1005423,107316,-6,36,6,Active,0
1003272,108189,-6,12,5,Active,0
1005460,201462,-40,12,32,Active,0
1006207,101634,-10,12,14,Active,0
1001935,109173,-36,24,12,Active,0
1004345,101008,-19,36,20,Active,0
1006677,106607,-15,6,10,Active,0
1009690,104960,-37,12,2,Active,0
1003032,109073,-35,36,18,Active,0
1004087,105033,-15,36,14,Active,0
1005996,106036,-41,12,4,Active,0
1009157,107452,-28,36,23,Active,0
1006944,107365,-14,6,35,Active,0
1004111,106737,-36,12,33,Active,0
1008099,101085,-29,36,21,Active,0
1005125,101350,-46,24,20,Active,0
1004550,200880,-25,6,11,Active,0
1002160,105921,-14,24,21,Active,0
1002479,105062,-15,24,8,Active,0
1005270,100357,-42,6,0,Active,0
1007547,201861,-43,24,35,Active,0
1004614,102279,-44,24,1,Active,0
1005314,102939,-40,6,25,Active,0
1007937,101312,-29,6,32,Active,0
1001099,103559,-25,24,24,Active,0
1004484,201283,-34,24,28,Active,0
1000262,104233,-6,12,34,Active,0
1001024,109615,-18,24,20,Active,0
1000908,104827,-22,12,6,Active,0
1002447,100847,-3,36,27,Active,0
1004836,200498,-31,12,15,Active,0
1002574,100181,-28,6,23,Active,0
1008025,201769,-6,6,7,Active,0
1009746,201115,-42,36,31,Active,0
1004146,109869,-38,24,17,Active,0
1007711,102605,-10,24,22,Active,0
1005996,106036,-31,12,11,Active,0
1008052,100206,-7,12,6,Active,0
1002930,102437,-43,12,14,Active,0
1003714,201245,-11,36,31,Active,0
1004704,100716,-47,12,20,Active,0
1000650,107142,-6,36,22,Active,0
1001946,104767,-16,24,1,Active,0
1007620,107255,-43,36,7,Active,0
1005412,105287,-40,24,32,Active,0
1004894,104448,-9,36,31,Active,0
1001503,105583,-41,6,25,Active,0
1006810,105816,-13,24,20,Active,0
1000898,108032,-24,24,23,Active,0
1006572,201506,-8,6,31,Active,0
1004753,201928,-24,24,16,Active,0
1008010,109487,-25,36,10,Active,0
1003810,108086,-14,36,9,Active,0
1000586,100960,-25,12,33,Active,0
1006295,107990,-42,6,24,Active,0
1000971,102652,-34,6,21,Active,0
1000676,108441,-41,24,25,Active,0
1003003,106913,-31,6,33,Active,0
1000801,105413,-14,24,31,Active,0
1003307,100921,-17,24,20,Active,0
1009417,101586,-14,12,0,Active,0
1004583,100384,-45,6,24,Active,0
1004824,109678,-18,24,23,Active,0
1004246,107847,-12,6,22,Active,0
1009257,104960,-31,36,18,Active,0
1004165,108886,-37,24,27,Active,0
1001140,108821,-27,36,16,Active,0
1002269,104804,-10,6,35,Active,0
1003516,105925,-10,36,11,Active,0
1009477,104411,-42,24,4,Active,5
1002599,107956,-43,12,25,Active,0
1008104,101595,-24,36,18,Active,0
1003582,101130,-3,12,16,Active,0
1001855,101102,-39,12,5,Active,0
1008500,200389,-3,12,9,Active,0
1004564,201189,-41,12,8,Active,0
1005299,101232,-39,12,12,Active,0
1001231,201672,-30,24,14,Active,0
1005791,109330,-43,6,29,Active,0
1005805,104229,-43,12,30,Active,0
1009773,100514,-27,12,13,Active,0
1009690,104960,-33,12,18,Active,0
1004774,107491,-8,24,2,Active,0
1001147,108691,-25,36,4,Active,0
1002109,101072,-41,12,6,Active,0
1005052,102050,-35,24,20,Active,0
1004740,103615,-35,6,5,Active,0
1003233,108353,-36,6,25,Active,0
1005253,105441,-14,6,32,Active,0
1004118,101490,-47,24,30,Active,0
1009037,100227,-43,36,12,Active,0
1004985,106421,-12,36,17,Active,5
1003457,102899,-42,36,30,Active,0
1008286,101502,-5,36,34,Active,0
1006020,201251,-7,6,22,Active,0
1002876,103720,-45,36,9,Active,0
1000379,100988,-34,6,35,Active,0
1004973,101950,-25,12,20,Active,0
1003739,107495,-14,24,5,Active,0
1004661,201233,-11,36,17,Active,0
1006515,108750,-5,36,10,Active,0
1006562,105209,-43,12,26,Active,0
1000809,106150,-14,6,25,Active,0
1003012,108120,-45,6,4,Active,0
1004991,107805,-20,24,32,Active,0
1006928,103413,-29,6,9,Active,0
1001587,109674,-4,6,2,Active,0
1005881,104165,-19,24,25,Active,0
1000030,109744,-16,6,12,Active,0
1007827,101307,-31,36,14,Active,0
1002267,108710,-33,24,14,Active,0
1002397,107111,-33,12,7,Active,0
1007996,106331,-13,6,29,Active,0
1006198,103585,-18,12,6,Active,0
1001525,105975,-38,36,31,Active,0
1004414,108744,-32,6,13,Active,0
1006056,101299,-42,6,31,Active,0
1007441,109687,-28,12,16,Active,0
1006616,200725,-38,6,35,Active,0
1000159,105592,-40,12,33,Active,0
1002520,201237,-15,12,21,Active,0
1006445,109024,-22,12,32,Active,0
1000857,107977,-6,12,19,Active,0
1009911,104403,-33,36,21,Active,0
1001307,107874,-8,24,31,Active,0
1000487,200758,-12,24,7,Active,0
1005921,102194,-46,12,32,Active,0
1007753,103299,-14,36,32,Active,0
1002697,104196,-22,36,2,Active,0
1002119,200351,-19,24,21,Active,0
1001577,107175,-6,6,30,Active,0
1000537,200454,-45,12,9,Active,5
1005238,201734,-18,24,17,Active,0
1005232,109678,-13,12,1,Active,0
1007931,104939,-6,36,30,Active,0
1001405,103938,-6,12,29,Active,0
1004087,105033,-25,36,24,Active,0
1007838,101371,-7,12,25,Active,0
1008645,200492,-20,36,24,Active,0
1006755,109624,-41,24,20,Active,0
1003243,107750,-14,12,6,Active,0
1003158,100004,-22,12,2,Active,0
1004659,102719,-41,36,31,Active,0
1008406,106012,-21,24,26,Active,0
1003264,101345,-22,12,20,Active,0
1006452,201136,-9,24,2,Active,0
1001570,108690,-21,36,13,Active,0
1004756,103676,-21,36,24,Active,0
1001386,107104,-35,12,35,Active,0
1007323,104671,-20,6,22,Active,0
1007498,107913,-3,6,18,Active,0
1006679,106695,-5,12,19,Active,0
1000678,102645,-15,24,14,Active,0
1006998,103277,-35,6,13,Active,0
1000198,201196,-19,36,24,Active,0
1002955,103726,-35,36,5,Active,0
1007879,101852,-19,24,30,Active,0
1004714,108716,-14,24,23,Active,0
1000785,201539,-12,6,25,Active,0
1002801,100211,-21,12,5,Active,0
1006907,108165,-40,6,13,Active,0
1004086,201432,-40,6,9,Active,0
1001521,104325,-30,36,1,Active,0
1005835,107890,-42,12,10,Active,0
1004972,200219,-28,12,35,Active,0
1004362,100227,-43,12,16,Active,5
1001918,101911,-5,6,23,Active,5
1008842,105065,-12,12,27,Active,0
1003263,200433,-14,24,21,Active,0
1009655,106669,-14,12,0,Active,0
1000175,102537,-27,36,27,Active,0
1004220,200283,-14,12,30,Active,0
1006113,105588,-41,6,23,Active,0
1005605,109602,-14,24,0,Active,0
1005316,108607,-30,36,7,Active,5
1002937,103358,-45,24,5,Active,0
1004129,103365,-45,12,13,Active,0
1006777,201606,-12,24,20,Active,0
1000407,102434,-16,6,27,Active,0
1004964,108805,-26,12,22,Active,0
1005416,102952,-21,12,24,Active,0
1003649,107966,-8,36,9,Active,0
1004244,104392,-32,24,22,Active,0
1005224,106273,-22,6,4,Active,0
1000573,103657,-14,36,32,Active,0
1002920,105972,-16,24,34,Active,0
1007020,105449,-9,36,29,Active,0
1008214,100803,-38,12,18,Active,0
1007998,108429,-18,36,18,Active,0
1005658,108593,-1,6,13,Active,0
1008288,108738,-9,6,32,Active,0
1009755,109607,-10,36,4,Active,0
1002201,106336,-23,6,5,Active,0
1004724,107145,-8,24,26,Active,0
1009058,103424,-12,24,9,Active,0
1005670,108680,-18,12,32,Active,0
1005421,101181,-40,24,20,Active,0
1009120,108723,-18,24,29,Active,0
1000380,107066,-6,24,15,Active,0
1003607,101143,-38,36,20,Active,0
1007140,201288,-18,36,10,Active,0
1006917,105058,-47,12,4,Active,0
1001160,200312,-14,6,25,Active,0
1007918,103412,-12,24,22,Active,0
1001657,200696,-34,12,8,Active,0
1007175,109234,-45,6,28,Active,0
1003384,201039,-22,12,9,Active,0
1005785,200463,-25,6,19,Active,0
1008950,108196,-26,36,10,Active,0
1001892,103982,-26,12,10,Active,0
1000500,101757,-16,36,6,Active,0
1000371,109245,-16,36,16,Active,0
1008861,201158,-38,6,10,Active,0
1009589,101656,-24,6,14,Active,0
1008172,200636,-22,6,17,Active,0
1002662,107751,-26,36,27,Active,0
1004459,200067,-25,36,9,Active,0
1008301,103795,-35,6,31,Active,0
1009661,105150,-32,36,1,Active,0
1000828,108405,-29,6,16,Active,0
1006761,103745,-32,24,34,Active,0
1005416,102952,-31,24,30,Active,0
1006393,109158,-46,12,23,Active,0
1004586,102240,-25,24,8,Active,0
1006431,105482,-4,12,11,Active,0
1004771,201068,-39,24,14,Active,0
1003733,103875,-23,6,25,Active,0
1008529,108616,-46,12,18,Active,0
1000753,103069,-47,24,33,Active,0
1003937,105035,-18,12,20,Active,0
1005772,100944,-30,24,7,Active,0
1003834,200491,-40,36,0,Active,0
1005045,101180,-25,6,27,Active,0
1003642,201203,-24,12,2,Active,0
1006965,103826,-16,6,35,Active,0
1006469,107667,-30,6,19,Active,0
1005456,100208,-43,6,12,Active,0
1003755,101857,-40,6,12,Active,0
1009620,107447,-31,12,20,Active,0
1005157,107619,-11,12,15,Active,0
1004462,104438,-37,12,16,Active,0
1002526,105988,-27,12,28,Active,0
1009043,104646,-33,6,12,Active,0
1001376,103377,-2,6,35,Active,0
1003625,104734,-29,36,5,Active,0
1005480,103749,-6,36,24,Active,0
1003835,108745,-3,36,6,Active,0
1006740,106266,-45,36,23,Active,0
1004944,107651,-20,6,33,Active,0
1009473,100582,-12,24,33,Active,0
1007652,105343,-36,24,20,Active,0
1005610,107480,-46,36,1,Active,0
1000751,107646,-21,36,33,Active,0
1008747,109012,-36,36,35,Active,0
1003173,201835,-23,6,23,Active,0
1008100,100235,-5,36,6,Active,0
1004221,200298,-30,12,27,Active,0
1009200,107844,-17,12,13,Active,0
1008159,201975,-5,36,32,Active,0
1004815,200853,-1,6,17,Active,0
1009491,101491,-19,12,13,Active,0
1007229,107403,-34,12,11,Active,0
1008323,100334,-39,12,32,Active,0
1008378,103304,-19,24,23,Active,0
1004576,200283,-43,24,35,Active,0
1005775,201954,-25,24,7,Active,0
1006544,101574,-36,6,13,Active,0
1000638,105178,-18,12,7,Active,0
1006222,100463,-23,24,26,Active,0
1001656,103797,-46,24,13,Active,0
1009582,109975,-46,6,15,Active,0
1004551,201244,-12,12,34,Active,0
1009543,100413,-40,36,5,Active,0
1005697,105968,-28,12,21,Active,0
1006265,102902,-21,12,28,Active,0
1005730,201355,-27,24,17,Active,0
1008235,101911,-14,12,4,Active,0
1008280,200224,-47,36,2,Active,0
1001795,107129,-6,6,14,Active,0
1002902,105724,-25,12,31,Active,5
1005780,106728,-16,36,5,Active,0
1006373,108824,-31,24,10,Active,0
1009937,201163,-8,12,33,Active,0
1000085,107918,-39,24,26,Active,0
1004749,100231,-39,12,10,Active,0
1001856,101378,-21,36,6,Active,0
1008128,105476,-22,36,9,Active,0
1002672,104042,-3,6,23,Active,0
1007766,101389,-5,6,4,Active,0
1005623,107968,-8,36,16,Active,0
1003679,100436,-31,12,35,Active,0
1004457,200902,-30,36,24,Active,0
1008355,109240,-26,36,21,Active,0
1006961,201053,-42,6,3,Active,0
1004211,102426,-21,24,1,Active,0
1003582,101130,-21,6,11,Active,0
1009108,109005,-12,6,7,Active,0
1005758,201792,-11,36,30,Active,0
1005220,103534,-24,36,31,Active,0
1002671,104290,-4,36,11,Active,0
1003489,104547,-33,12,22,Active,0
1005349,102842,-34,24,6,Active,0
1001532,101226,-10,36,4,Active,0
1009915,102305,-44,36,31,Active,0
1000002,105747,-43,24,6,Active,0
1003980,201980,-30,36,22,Active,0
1000981,105608,-9,12,15,Active,0
1007346,201330,-18,12,23,Active,0
1005161,104317,-39,6,27,Active,0
1002007,108162,-32,24,16,Active,0
1004529,102260,-27,36,35,Active,0
1003180,102351,-47,24,34,Active,0
1001019,103492,-16,24,30,Active,0
1009985,200244,-18,24,5,Active,0
1004237,201146,-24,24,14,Active,0
1005579,104649,-44,6,14,Active,0
1005239,108991,-39,24,29,Active,0
1008631,102059,-43,24,13,Active,0
1006887,106460,-40,24,6,Active,0
1007482,108142,-42,36,5,Active,0
1004608,105961,-43,24,15,Active,0
1001217,100324,-38,24,22,Active,0
1005846,107800,-2,6,2,Active,0
1004427,104139,-44,12,6,Active,0
1001286,109048,-38,24,2,Active,0
1001282,101857,-28,6,27,Active,0
1006669,200015,-37,36,4,Active,0
1005916,102235,-43,24,16,Active,0
1009268,103984,-41,24,19,Active,0
1006481,105222,-6,12,22,Active,0
1002873,109721,-21,6,1,Active,0
1009467,200779,-23,12,6,Active,0
1004430,108317,-29,36,32,Active,0
1000570,107894,-44,6,22,Active,0
1000090,200782,-36,6,29,Active,0
1002750,104478,-23,12,34,Active,0
1007108,102298,-8,6,11,Active,0
1004010,109279,-12,24,20,Active,0
1001791,100167,-13,24,13,Active,0
1009531,200055,-5,6,12,Active,0
1009312,104648,-22,12,4,Active,0
1000079,201945,-39,36,26,Active,0
1000001,104502,-24,6,34,Active,0
1000752,200108,-23,12,10,Active,0
1009792,100204,-18,6,17,Active,0
1006849,105206,-28,24,10,Active,0
1004381,101474,-47,12,26,Active,0
1002215,104025,-45,6,0,Active,0
1009848,106579,-31,6,1,Active,5
1003768,105145,-6,6,3,Active,0
1000860,109646,-21,12,4,Active,0
1008790,103151,-9,24,34,Active,0
1009976,104046,-34,36,5,Active,0
1008414,105175,-8,24,31,Active,0
1008047,104364,-7,12,34,Active,0
1004968,105314,-40,12,25,Active,0
1007628,104293,-22,6,12,Active,0
1008395,109471,-8,36,23,Active,0
1005893,200088,-12,24,0,Active,0
1004750,102720,-27,12,15,Active,0
1008066,106190,-35,36,3,Active,0
1000313,106966,-11,24,24,Active,0
1008609,100939,-23,36,2,Active,0
1007809,104919,-18,12,25,Active,0
1006986,103508,-40,36,35,Active,0
1008172,200636,-30,36,27,Active,0
1006041,100356,-27,6,4,Active,0
1008956,200160,-15,12,26,Active,0
1005599,201875,-43,12,21,Active,0
1008532,106906,-18,36,27,Active,0
1001581,108162,-42,24,2,Active,0
1000705,102600,-12,36,7,Active,0
1006555,103577,-1,24,35,Active,0
1008799,107563,-14,24,17,Active,0
1003241,107884,-28,24,11,Active,0
1002377,105102,-20,6,1,Active,0
1009065,200573,-33,36,14,Active,0
1004265,104172,-42,36,7,Active,0
1006857,100426,-43,6,16,Active,0
1005847,104844,-43,24,9,Active,0
1008625,108835,-6,12,5,Active,5
1006145,102824,-6,24,33,Active,0
1005420,105457,-25,6,25,Active,0
1009406,107999,-42,24,20,Active,0
1002428,100045,-12,6,10,Active,0
1005587,106389,-24,24,10,Active,0
1005521,100919,-7,12,12,Active,0
1000571,200369,-39,6,20,Active,0
1003111,200572,-34,36,34,Active,0
1003745,104843,-23,6,24,Active,0
1002647,101640,-23,24,0,Active,0
1008310,201224,-9,12,20,Active,0
1001992,108257,-3,36,1,Active,0
1005044,101598,-6,12,1,Active,0
1004451,109607,-3,12,18,Active,0
1005051,102463,-10,36,18,Active,0
1005390,108620,-40,36,18,Active,0
1006806,109272,-5,12,34,Active,0
1001757,108528,-33,24,18,Active,0
1007432,103487,-30,12,1,Active,0
1007421,201234,-23,36,2,Active,0
1004880,101734,-42,36,4,Active,0
1009030,106855,-11,36,35,Active,0
1009108,109005,-10,6,18,Active,0
1008016,109986,-4,24,5,Active,0
1006095,106423,-11,36,9,Active,0
1002248,108997,-33,12,31,Active,0
1009144,104876,-8,6,2,Active,0
1000554,102546,-1,12,21,Active,0
1007271,109826,-38,24,15,Active,0
1003304,106472,-37,6,28,Active,0
1003388,108813,-30,36,34,Active,0
1006595,109735,-27,12,31,Active,0
1009601,101578,-7,36,28,Active,0
1004619,108952,-26,6,29,Active,0
1009223,201667,-16,6,29,Active,0
1002684,105206,-13,36,14,Active,0
1002534,105271,-31,6,20,Active,0
1008443,106448,-39,6,35,Active,0
1008146,201449,-17,6,32,Active,0
1005690,109130,-9,12,18,Active,0
1002050,101353,-26,36,23,Active,0
1006487,200037,-16,12,13,Active,0
1000431,105230,-23,36,24,Active,0
1002606,104097,-18,24,8,Active,0
1003862,100694,-21,6,29,Active,0
1005891,106787,-8,6,7,Active,0
1007809,104919,-32,24,11,Active,0
1006438,104645,-38,36,28,Active,0
1005754,107322,-16,12,28,Active,0
1009340,108338,-9,36,25,Active,0
1005566,201533,-19,36,10,Active,0
1007109,200232,-41,6,21,Active,0
1001875,108447,-44,6,7,Active,0
1003479,200945,-17,24,21,Active,0
1005841,200790,-32,24,15,Active,0
1000720,100890,-14,6,23,Active,0
1002442,107126,-33,12,14,Active,0
1007934,101076,-19,12,35,Active,0
1005968,201162,-23,6,16,Active,0
1009381,107142,-24,36,8,Active,0
1003600,103143,-38,36,30,Active,5
1003374,102486,-12,6,1,Active,0
1001800,201601,-3,12,6,Active,0
1008011,108424,-35,12,30,Active,0
1003302,103608,-21,36,24,Active,0
1007340,108433,-45,24,6,Active,0
1002997,100606,-38,24,21,Active,0
1000332,104233,-23,12,1,Active,0
1001329,106023,-16,12,28,Active,0
1003673,201395,-29,24,12,Active,0
1009925,108052,-14,6,34,Active,0
1003039,201936,-4,36,25,Active,0
1008974,105803,-42,12,4,Active,0
1007665,100019,-11,6,16,Active,0
1007924,107818,-45,12,30,Active,0
1004889,102019,-5,12,16,Active,0
1004907,105184,-33,24,28,Active,0
1006047,107102,-24,6,19,Active,0
1000809,106150,-12,24,4,Active,0
1006025,101973,-42,36,12,Active,0
1008192,106299,-41,24,31,Active,0
1000970,105469,-45,6,26,Active,0
1007820,103353,-36,24,15,Active,0
1005792,106521,-30,12,21,Active,0
1004880,101734,-17,24,33,Active,0
1007608,201874,-13,6,24,Active,0
1000322,200347,-1,24,17,Active,0
1003855,108202,-16,6,2,Active,0
1002805,107391,-46,36,12,Active,0
1008713,200625,-35,24,34,Active,0
1005054,200280,-31,36,0,Active,0
1004731,103043,-1,36,33,Active,0
1004606,106485,-40,24,12,Active,0
1001345,102254,-2,6,22,Active,0
1006700,103752,-27,36,23,Active,0
1007120,101882,-23,12,2,Active,0
1005345,101072,-15,12,1,Active,0
1001888,107772,-40,24,21,Active,0
1002651,105082,-42,6,19,Active,0
1009028,106586,-5,24,27,Active,0
1003748,100654,-32,12,28,Active,0
1000547,106679,-24,36,27,Active,0
1009049,104950,-25,36,24,Active,0
1006040,107947,-6,12,11,Active,0
1002564,107898,-22,24,1,Active,0
1006043,103204,-41,24,21,Active,0
1002501,200208,-42,6,24,Active,0
1003082,103806,-42,36,12,Active,0
1001633,103610,-2,12,33,Active,0
1007267,200409,-28,12,10,Active,0
1006461,108244,-40,36,8,Active,0
1001729,201914,-36,24,15,Active,0
1000333,106345,-2,24,9,Active,0
1004389,103293,-42,12,25,Active,0
1008858,107198,-13,36,22,Active,0
1001149,104799,-18,6,7,Active,0
1007180,109871,-31,6,11,Active,0
1001347,107891,-29,24,27,Active,0
1003105,100777,-39,12,5,Active,0
1004721,104879,-19,6,30,Active,0
1001557,102558,-43,12,1,Active,0
1004052,100465,-44,24,32,Active,0
1003525,102564,-36,24,15,Active,0
1001236,100465,-46,12,31,Active,0
1004163,104725,-34,24,0,Active,0
1009708,200734,-29,6,24,Active,0
1007153,201414,-34,6,24,Active,0
1008420,102879,-42,6,3,Active,0
1005704,201150,-34,36,2,Active,0
1008538,100465,-19,24,0,Active,0
1003891,105287,-32,24,13,Active,0
1009373,101401,-15,6,9,Active,0
1007896,107086,-39,6,16,Active,0
1000588,107586,-25,36,30,Active,0
1004564,201189,-26,36,27,Active,0
1007449,200256,-41,24,29,Active,0
1004326,109740,-26,6,1,Active,0
1005007,200140,-9,24,5,Active,0
1008118,107454,-43,12,17,Active,0
1004173,104334,-19,36,31,Active,0
1006965,103826,-19,12,21,Active,0
1002125,102541,-43,24,29,Active,0
1006277,103415,-3,12,9,Active,0
1000237,102307,-7,36,33,Active,0
1002630,107699,-7,24,19,Active,0
1007378,109631,-24,24,7,Active,0
1008278,108056,-16,36,19,Active,0
1009796,109810,-3,36,5,Active,0
1000899,101872,-33,36,29,Active,0
1008023,103232,-19,12,24,Active,0
1009734,201464,-2,12,26,Active,0
1007711,102605,-8,36,22,Active,0
1000791,106311,-22,6,13,Active,0
1002455,103138,-28,24,35,Active,0
1005345,101072,-40,36,19,Active,0
1004491,104277,-18,36,11,Active,0
1000696,104120,-15,36,9,Active,0
1008066,106190,-41,24,29,Active,0
1009446,106178,-47,12,16,Active,0
1009352,100396,-45,6,6,Active,0
1009886,100321,-11,24,3,Active,0
1009777,201544,-27,36,35,Active,0
1002170,106122,-43,12,9,Active,0
1009130,103128,-33,6,26,Active,0
1008690,200076,-6,12,34,Active,0
1004556,100293,-33,24,4,Active,0
1004709,102359,-14,24,15,Active,0
1007242,201848,-36,12,15,Active,0
1003317,102208,-3,24,13,Active,0
1004213,106633,-43,24,16,Active,0
1003289,105106,-31,6,14,Active,0
1008451,108611,-38,36,29,Active,0
1009267,100644,-35,24,31,Active,0
1001623,108126,-43,36,28,Active,0
1007912,100962,-26,24,34,Active,0
1002667,106319,-33,6,9,Active,0
1001118,106926,-34,12,8,Active,0
1001639,104260,-46,36,7,Active,0
1008670,200083,-22,12,29,Active,0
1003718,201632,-36,24,7,Active,0
1004221,200298,-1,36,20,Active,0
1006026,103701,-44,6,11,Active,0
1004691,107119,-41,24,10,Active,0
1005590,105219,-34,24,35,Active,0
1008789,101870,-17,6,13,Active,0
1007083,108464,-44,12,0,Active,0
1003979,105755,-37,36,5,Active,0
1002626,109015,-2,24,35,Active,0
1001991,105869,-17,6,3,Active,0
1005851,108704,-9,36,9,Active,0
1009306,103941,-25,36,30,Active,0
1003826,105519,-10,24,6,Active,0
1006612,102386,-39,12,30,Active,0
1001049,109771,-40,24,17,Active,0
1002796,108348,-20,12,25,Active,0
1001500,107931,-36,36,6,Active,0
1004203,103183,-39,24,24,Active,0
1004087,105033,-4,24,5,Active,0
1002358,101387,-32,12,3,Active,0
1008484,102950,-13,24,34,Active,0
1000334,103060,-1,6,27,Active,0
1007843,107045,-9,24,8,Active,0
1007416,100097,-20,6,12,Active,0
1009685,105269,-21,24,14,Active,0
1009226,106933,-38,6,17,Active,0
1009600,201740,-5,6,10,Active,0
1001395,100530,-9,6,11,Active,0
1000183,103443,-36,24,21,Active,0
1002306,108431,-39,36,1,Active,5
1000995,105034,-19,12,34,Active,0
1007400,200118,-13,24,23,Active,0
1000723,201056,-39,24,30,Active,0
1002017,101896,-31,12,12,Active,0
1002107,106156,-23,6,17,Active,0
1003418,201506,-36,36,10,Active,0
1000777,100394,-4,24,34,Active,0
1007239,104682,-20,24,34,Active,0
1007133,108700,-22,36,31,Active,0
1006939,106819,-23,6,29,Active,0
1006484,103092,-3,6,22,Active,0
1002367,104348,-30,6,0,Active,0
1003223,102965,-31,24,4,Active,0
1009329,103507,-16,24,21,Active,0
1002505,101089,-32,24,1,Active,0
1008637,103274,-35,12,2,Active,0
1008144,108440,-14,6,35,Active,5
1001388,104255,-8,6,9,Active,0
1001759,106785,-21,24,7,Active,0
1002148,104934,-21,12,25,Active,0
1008406,106012,-40,36,0,Active,0
1001433,102916,-25,12,14,Active,0
1003927,109483,-17,12,6,Active,0
1004677,200393,-23,12,24,Active,0
1001707,200576,-20,6,25,Active,0
1007441,109687,-29,24,24,Active,0
1006050,104607,-1,6,26,Active,0
1005030,109587,-33,12,11,Active,0
1005396,102538,-2,6,5,Active,0
1004526,102464,-19,12,35,Active,0
1000457,201897,-42,24,2,Active,0
1009279,201546,-7,6,19,Active,0
1007506,108843,-16,6,4,Active,0
1007467,104319,-31,36,0,Active,0
1005389,108222,-24,36,31,Active,0
1003970,103665,-14,36,19,Active,0
1001162,102877,-8,24,10,Active,0
1007099,103403,-12,24,16,Active,0
1007716,200188,-4,12,1,Active,0
1005606,201262,-18,12,7,Active,0
1000990,101701,-31,36,16,Active,0
1000371,109245,-30,36,18,Active,0
1001058,102048,-28,36,30,Active,0
1001695,107814,-42,6,31,Active,0
1003364,105954,-45,36,35,Active,0
1001064,106223,-32,12,26,Active,0
1007874,105070,-39,6,23,Active,5
1002434,102255,-36,24,21,Active,0
1007575,105746,-1,24,9,Active,0
1007805,107531,-24,6,29,Active,0
1002351,108023,-12,36,22,Active,0
1002712,100149,-29,12,10,Active,0
1008135,201891,-22,36,15,Active,0
1002141,103009,-24,12,19,Active,0
1008409,100943,-47,36,14,Active,0
1006165,109701,-46,36,2,Active,0
1007664,108383,-3,12,9,Active,0
1002390,105939,-21,36,26,Active,0
1001923,107042,-33,36,4,Active,0
1003356,200269,-12,12,0,Active,0
1004322,103853,-15,12,30,Active,0
1005936,107543,-5,36,7,Active,0
1008215,200848,-30,6,33,Active,0
1003056,100062,-28,6,5,Active,0
1001087,103407,-44,6,12,Active,0
1003585,106671,-1,6,0,Active,0
1006583,107169,-44,12,31,Active,0
1005283,107859,-35,36,19,Active,0
1007599,105641,-26,24,14,Active,0
1003818,201631,-32,6,11,Active,0
1000845,105111,-43,6,24,Active,0
1006426,102632,-22,36,22,Active,0
1000443,106957,-5,6,34,Active,0
1009248,101864,-27,24,19,Active,0
1005168,105303,-29,12,1,Active,0
1005972,105361,-29,6,32,Active,0
1001700,200184,-33,12,26,Active,0
1005330,109811,-26,24,13,Active,0
1000317,109165,-27,36,35,Active,0
1002193,106599,-15,36,21,Active,0
1004973,101950,-37,6,33,Active,0
1004133,104386,-22,12,33,Active,0
1002967,105307,-17,6,32,Active,0
1005296,103451,-31,12,16,Active,0
1009903,104913,-30,36,12,Active,0
1007662,107049,-22,24,18,Active,0
1009001,105078,-15,6,25,Active,5
1000336,102457,-15,36,26,Active,0
1007160,201362,-20,24,8,Active,0
1005721,101351,-16,36,16,Active,0
1004698,102817,-29,36,11,Active,0
1003073,108918,-14,12,8,Active,0
1004147,104069,-10,36,3,Active,0
1004556,100293,-24,24,31,Active,0
1001814,100981,-9,36,19,Active,5
1000946,200211,-18,12,10,Active,0
1003776,109228,-21,6,4,Active,0
1007528,106611,-15,36,20,Active,0
1008273,105542,-32,36,3,Active,0
1006434,106792,-14,6,16,Active,0
1008737,103545,-18,36,35,Active,0
1007975,201986,-27,12,4,Active,0
1008831,105439,-19,6,30,Active,0
1004259,109069,-40,12,28,Active,0
1005631,201602,-10,24,27,Active,0
1006981,108714,-38,6,20,Active,0
1005235,102327,-28,12,35,Active,0
1009795,102787,-43,36,21,Active,0
1004335,101080,-22,6,21,Active,0
1001804,105810,-8,24,2,Active,0
1006216,106861,-45,24,27,Active,0
1009056,104997,-34,36,1,Active,0
1005610,107480,-31,36,4,Active,0
1003693,101053,-47,36,0,Active,5
1008684,100954,-40,36,7,Active,0
1001124,100610,-44,36,34,Active,0
1007644,101491,-33,6,13,Active,0
1007206,200326,-22,6,16,Active,0
1004956,109909,-21,6,10,Active,0
1002062,200229,-30,24,6,Active,0
1003948,108636,-3,12,5,Active,0
1003964,102405,-5,24,27,Active,0
1007136,109572,-31,24,5,Active,0
1003843,108779,-36,24,20,Active,0
1004549,106662,-46,24,6,Active,0
1005864,102065,-24,36,26,Active,0
1004134,102025,-38,36,34,Active,0
1008454,103618,-43,6,12,Active,0
1003970,103665,-38,12,11,Active,0
1004580,101675,-9,6,6,Active,0
1009189,109812,-13,36,29,Active,0
1008897,105471,-45,36,18,Active,0
1006835,105237,-35,6,23,Active,0
1009787,101464,-16,24,3,Active,0
1000396,107060,-34,24,9,Active,0
1000986,102318,-29,12,5,Active,0
1008211,201389,-30,24,27,Active,0
1004404,104599,-5,12,15,Active,0
1008830,105344,-34,36,4,Active,0
1007144,105452,-25,36,30,Active,0
1006574,102182,-29,6,28,Active,0
1007779,103795,-21,36,35,Active,0
1005521,100919,-43,24,6,Active,0
1004021,101992,-31,36,21,Active,0
1004357,109048,-13,6,32,Active,0
1001099,103559,-38,6,3,Active,0
1003523,100036,-34,12,11,Active,0
1008232,200297,-45,6,4,Active,0
1001007,107250,-47,6,24,Active,0
1003435,103315,-2,12,21,Active,0
1005686,103061,-27,6,6,Active,0
1008515,200129,-26,24,15,Active,0
1005844,106377,-26,36,23,Active,0
1007376,102680,-9,36,23,Active,0
1005306,201874,-33,24,14,Active,0
1005210,109432,-10,12,20,Active,0
1004581,104740,-39,24,0,Active,0
1001012,200453,-4,36,11,Active,0
1004025,200632,-27,24,8,Active,0
1000712,102536,-32,6,3,Active,0
1000490,101719,-45,36,33,Active,0
1004522,201785,-6,36,27,Active,0
1003029,109085,-7,6,23,Active,0
1000476,200923,-45,24,12,Active,0
1006066,106691,-10,36,33,Active,0
1007843,107045,-24,6,24,Active,0
1007990,109901,-42,24,29,Active,0
1004523,109478,-46,24,19,Active,0
1008853,102256,-34,24,22,Active,0
1008290,101385,-5,24,3,Active,0
1007424,200252,-34,6,14,Active,0
1008225,106929,-5,36,8,Active,0
1008308,103085,-28,12,12,Active,0
1008046,107618,-28,12,9,Active,0
1008600,109772,-13,24,24,Active,0
1007592,108167,-41,24,35,Active,0
1001797,106533,-41,36,5,Active,0
1007540,200140,-33,12,8,Active,0
1007878,105620,-30,24,10,Active,0
1001819,102090,-44,24,13,Active,0
1002139,100754,-10,24,28,Active,0
1001822,201621,-18,24,23,Active,0
1007463,103428,-8,6,10,Active,0
1007615,107555,-45,24,4,Active,0
1001129,102923,-28,36,2,Active,0
1001713,101520,-10,12,25,Active,0
1004097,108036,-26,36,26,Active,0
1005939,201423,-1,24,6,Active,0
1008010,109487,-47,24,25,Active,0
1000235,201127,-11,24,6,Active,0
1009341,101333,-38,24,22,Active,0
1006940,102760,-43,12,12,Active,0
1008737,103545,-37,36,16,Active,0
1006443,108787,-47,36,4,Active,0
1004793,102647,-34,24,7,Active,0
1009874,108322,-21,12,33,Active,0
1001979,103238,-22,24,33,Active,0
1004737,101203,-1,12,6,Active,0
1001319,103400,-14,6,5,Active,0
1007694,108461,-28,12,25,Active,0
1000256,100791,-38,12,16,Active,0
1003919,104102,-26,36,26,Active,0
1005602,104511,-20,12,1,Active,0
1001451,109971,-8,36,32,Active,0
1008036,104847,-4,12,11,Active,0
1000349,108138,-22,6,12,Active,0
1008359,104569,-12,12,23,Active,0
1007739,101008,-4,6,15,Active,0
1008851,103029,-37,12,35,Active,0
1005285,100595,-20,6,0,Active,0
1002551,106339,-17,6,22,Active,0
1006268,104338,-4,24,30,Active,0
1001530,102461,-4,36,27,Active,0
1004028,103502,-26,36,26,Active,0
1000847,105521,-17,12,19,Active,0
1009654,100988,-18,6,32,Active,0
1001880,105920,-9,36,31,Active,0
1008663,101025,-31,36,23,Active,0
1008274,108235,-35,6,17,Active,0
1005572,102649,-26,6,5,Active,0
1002755,201080,-42,36,15,Active,0
1008507,107828,-3,12,11,Active,0
1006771,102191,-38,36,3,Active,0
1005565,108228,-9,6,15,Active,0
1000860,109646,-35,6,9,Active,0
1006028,103020,-41,6,18,Active,0
1005813,104926,-22,12,15,Active,0
1006592,201023,-30,36,5,Active,0
1007156,105389,-40,12,0,Active,0
1006444,100816,-29,36,9,Active,0
1000926,104460,-33,12,31,Active,0
1004745,103082,-25,6,34,Active,0
1000983,201852,-2,24,24,Active,0
1000569,104580,-4,6,15,Active,0
1006276,107751,-38,12,19,Active,0
1009822,105769,-29,6,25,Active,0
1000114,201578,-10,12,3,Active,0
1000137,100836,-18,24,21,Active,0
1002589,109470,-19,6,2,Active,5
1004196,101304,-14,36,0,Active,0
1009953,104216,-4,12,16,Active,0
1003021,101183,-41,24,0,Active,0
1002177,201773,-13,24,34,Active,0
1008767,107273,-22,12,10,Active,0
1004967,104693,-37,36,22,Active,0
1003150,103697,-38,36,1,Active,0
1005572,102649,-44,36,22,Active,0
1008175,102011,-12,6,21,Active,0
1001188,201030,-44,12,10,Active,0
1000042,108572,-14,24,22,Active,0
1006496,104806,-33,12,21,Active,0
1006261,103203,-47,36,0,Active,0
1002934,107119,-11,36,1,Active,0
1006570,101858,-25,24,17,Active,0
1007639,201636,-12,36,16,Active,0
1004005,100561,-2,36,23,Active,0
1009097,101158,-38,36,6,Active,0
1002314,200680,-10,36,5,Active,0
1009314,101803,-22,12,27,Active,0
1005918,102589,-11,12,29,Active,0
1002965,101060,-15,36,24,Active,0
1003843,108779,-15,12,3,Active,0
1005979,200153,-4,12,3,Active,0
1003774,107251,-31,36,13,Active,0
1003558,108829,-19,6,29,Active,0
1000897,103640,-43,36,21,Active,0
1009583,108527,-27,24,20,Active,0
1006467,105578,-33,36,32,Active,0
1007870,105968,-22,36,7,Active,0
1000929,201204,-9,24,5,Active,0
1000599,201186,-31,12,9,Active,0
1000054,201824,-11,24,5,Active,0
1008314,106589,-24,12,30,Active,0
1000810,104575,-14,24,35,Active,0
1007785,101457,-35,36,10,Active,0
1007416,100097,-41,12,26,Active,0
1004632,107486,-8,12,19,Active,0
1006463,107315,-29,6,6,Active,0
1001249,101569,-40,36,22,Active,0
1004713,201741,-22,24,26,Active,0
1002656,100064,-46,12,18,Active,0
1009977,108361,-5,24,18,Active,0
1004781,200546,-31,12,3,Active,0
1005332,102050,-23,36,0,Active,0
1005432,103709,-40,12,1,Active,0
1003439,100157,-5,36,8,Active,0
1007315,104495,-37,24,10,Active,0
1007060,109205,-40,24,30,Active,0
1009702,101670,-41,24,28,Active,0
1008794,201224,-36,36,23,Active,0
1009809,106411,-1,12,15,Active,0
1004504,104282,-13,6,31,Active,0
1000346,103652,-36,24,13,Active,0
1004635,103068,-34,6,3,Active,0
1000552,104917,-36,6,21,Active,0
1003867,106117,-13,36,24,Active,0
1007319,201170,-40,6,3,Active,0
1002651,105082,-42,12,12,Active,0
1006805,200720,-41,12,12,Active,0
1000815,201918,-28,6,20,Active,0
1004322,103853,-25,6,18,Active,0
1003566,108250,-38,36,30,Active,0
1006679,106695,-8,36,15,Active,0
1003980,201980,-44,6,0,Active,0
1004386,106545,-40,6,14,Active,0
1005441,102989,-18,24,27,Active,0
1000228,102504,-15,36,18,Active,0
1008702,200515,-14,12,22,Active,0
1003261,109342,-11,6,20,Active,0
1007019,201592,-41,24,34,Active,0
1005127,109893,-23,12,7,Active,0
1005452,106796,-17,24,16,Active,0
1001112,105352,-1,6,27,Active,0
1008456,109942,-23,12,23,Active,0
1003144,108203,-14,12,27,Active,0
1004087,105033,-9,24,4,Active,0
1005512,103047,-22,6,1,Active,0
1006214,107412,-47,12,31,Active,0
1006014,106475,-4,36,27,Active,0
1002337,104038,-20,24,16,Active,0
1009081,200116,-42,12,34,Active,0
1009103,103171,-46,12,8,Active,0
1005600,100516,-17,24,35,Active,0
1006187,200098,-42,24,27,Active,0
1000254,103536,-38,24,10,Active,0
1002417,100187,-45,24,30,Active,0
1000646,201252,-11,36,3,Active,0
1009571,107519,-9,12,29,Active,0
1000873,106040,-45,12,31,Active,0
1009552,108210,-3,12,19,Active,0
1003211,103797,-10,12,6,Active,0
1000369,107022,-30,6,16,Active,0
1002526,105988,-14,12,25,Active,0
1003946,201792,-13,6,7,Active,0
1001779,103603,-6,24,21,Active,0
1009831,105708,-43,36,29,Active,0
1009114,106467,-28,36,2,Active,0
1001347,107891,-34,24,14,Active,0
1008526,107441,-3,6,1,Active,0
1002569,103108,-36,6,23,Active,0
1009176,200761,-4,24,15,Active,0
1007543,201593,-38,24,30,Active,0
1002486,106636,-13,24,8,Active,0
1001857,105793,-32,36,12,Active,0
1009676,201209,-3,6,2,Active,0
1005435,102922,-20,6,15,Active,0
1000410,104673,-7,12,6,Active,0
1009282,106287,-27,12,31,Active,0
1008581,105181,-22,36,16,Active,0
1004072,104416,-30,12,15,Active,0
1004605,104032,-25,36,31,Active,0
1008318,108040,-45,36,11,Active,0
1006129,104535,-3,36,25,Active,0
1007676,103305,-10,24,11,Active,0
1003084,103402,-26,12,19,Active,0
1002708,106823,-27,12,23,Active,0
1005475,101140,-29,6,19,Active,0
1009956,101040,-30,24,30,Active,0
1000942,101642,-17,36,30,Active,0
1001316,100587,-22,12,6,Active,0
1001426,101743,-37,36,15,Active,0
1004642,101006,-46,36,24,Active,0
1006996,100265,-46,24,33,Active,0
1009579,105374,-18,24,7,Active,0
1000521,105700,-13,36,16,Active,0
1005018,103349,-33,24,11,Active,0
1003578,105916,-21,6,27,Active,0
1002464,108006,-41,36,3,Active,0
1005371,103432,-35,36,1,Active,0
1001450,107696,-5,24,6,Active,0
1003342,105095,-10,36,11,Active,0
1008165,106393,-25,36,18,Active,0
1009566,104288,-22,12,10,Active,0
1000185,101927,-16,12,10,Active,0
1002386,106439,-10,24,31,Active,0
1001639,104260,-8,24,16,Active,0
1001471,105991,-41,6,16,Active,0
1000692,201424,-2,6,32,Active,0
1003386,108927,-39,36,25,Active,0
1000318,105412,-8,36,33,Active,0
1000221,100357,-9,12,13,Active,0
1000578,107658,-44,6,23,Active,0
1007517,109434,-46,36,25,Active,0
1004507,106741,-42,12,2,Active,0
1004692,103685,-20,12,15,Active,0
1004998,200341,-2,6,25,Active,0
1007994,109232,-20,12,1,Active,0
1000852,105944,-5,6,7,Active,0
1000591,105538,-27,12,35,Active,0
1003169,100007,-3,12,32,Active,0
1007340,108433,-23,12,29,Active,0
1002340,108817,-24,24,25,Active,0
1008258,102745,-34,24,19,Active,0
1003837,100983,-13,24,24,Active,0
1005086,102183,-23,24,25,Active,0
1007929,101047,-41,6,8,Active,0
1001611,104658,-27,12,14,Active,0
1004955,201919,-12,6,30,Active,0
1003212,108885,-12,24,6,Active,0
1000312,107598,-37,12,4,Active,0
1002466,103417,-12,6,25,Active,0
1006904,103946,-47,36,24,Active,0
1007703,109599,-11,24,35,Active,0
1002181,109749,-13,12,24,Active,0
1006319,103597,-22,12,20,Active,0
1005732,109218,-10,36,32,Active,0
1008712,108649,-14,12,23,Active,0
1004063,101909,-8,24,4,Active,0
1000320,103408,-2,6,33,Active,0
1004038,105128,-38,12,32,Active,0
1003834,200491,-41,36,17,Active,0
1003173,201835,-18,6,14,Active,0
1007590,201382,-26,36,14,Active,0
1008453,100124,-41,24,0,Active,0
1001252,104337,-20,24,15,Active,0
1001576,109006,-21,36,0,Active,0
1007852,106849,-1,36,4,Active,0
1006341,105795,-46,6,6,Active,0
1008623,102095,-41,36,6,Active,0
1001089,102155,-47,12,13,Active,0
1001029,101391,-6,24,0,Active,0
1009609,109364,-37,24,10,Active,0
1001021,105795,-3,24,4,Active,0
1002441,103574,-13,12,1,Active,0
1006264,200264,-18,6,32,Active,0
1000241,102376,-8,24,3,Active,0
1005690,109130,-21,12,35,Active,0
1003173,201835,-25,36,8,Active,0
1003791,201622,-7,36,29,Active,0
1008039,108625,-16,6,33,Active,0
1009008,201608,-33,6,35,Active,0
1003141,200044,-37,24,32,Active,0
1007716,200188,-14,36,31,Active,0
1001253,100262,-18,24,34,Active,0
1005871,201395,-45,24,26,Active,0
1006836,103379,-31,36,7,Active,0
1006958,106275,-45,6,13,Active,0
1002841,105637,-24,36,17,Active,0
1005667,106657,-11,12,8,Active,0
1009180,201961,-23,24,15,Active,5
1006252,107010,-4,6,30,Active,0
1002937,103358,-35,12,23,Active,0
1009756,201323,-40,6,11,Active,0
1009440,102776,-10,6,35,Active,0
1006999,200130,-35,6,20,Active,0
1008754,104523,-21,12,9,Active,0
1006417,105202,-25,6,10,Active,0
1004055,107572,-25,24,16,Active,0
1006365,106478,-8,6,16,Active,0
1003128,100518,-24,6,3,Active,0
1000684,100112,-28,12,11,Active,0
1004272,103458,-7,24,2,Active,0
1009578,200236,-32,24,29,Active,0
1008497,105335,-7,24,15,Active,0
1009245,200440,-46,24,9,Active,0
1001376,103377,-7,12,7,Active,0
1002726,109257,-36,24,19,Active,0
1003128,100518,-31,24,21,Active,0
1004826,105433,-33,24,19,Active,0
1001031,108871,-18,36,0,Active,0
1006232,105635,-41,12,9,Active,0
1006963,109362,-43,6,2,Active,0
1004476,107374,-39,6,20,Active,0
1000942,101642,-47,24,32,Active,0
1008796,101893,-15,6,26,Active,0
1009371,106446,-17,36,26,Active,0
1006128,105182,-35,36,32,Active,0
1006415,107196,-14,24,22,Active,0
1004541,106719,-10,12,31,Active,0
1006132,105287,-44,6,22,Active,0
1002055,108239,-44,12,28,Active,0
1006202,101297,-37,12,7,Active,0
1000182,102922,-43,12,9,Active,0
1009156,201391,-39,6,24,Active,0
1007973,102435,-31,24,9,Active,0
1000352,200934,-24,36,11,Active,0
1000410,104673,-16,12,16,Active,0
1009279,201546,-29,12,27,Active,0
1007413,101388,-20,6,19,Active,0
1008313,103727,-7,36,0,Active,0
1004903,201342,-41,24,22,Active,0
1000560,103794,-19,36,6,Active,0
1001002,100157,-25,24,34,Active,0
1007220,201282,-16,36,5,Active,0
1002863,104014,-6,12,12,Active,0
1003918,108652,-40,24,23,Active,0
1002401,104538,-4,24,25,Active,0
1009202,102132,-21,36,16,Active,0
1008392,104138,-40,6,0,Active,0
1000913,201152,-35,6,27,Active,0
1000637,103818,-8,6,9,Active,0
1006991,101738,-32,24,5,Active,0
1000717,106501,-16,24,11,Active,0
1009391,109222,-24,24,33,Active,0
1002159,101587,-24,12,16,Active,0
1006284,201371,-9,12,2,Active,0
1001788,108156,-41,24,9,Active,0
1007605,101240,-44,6,4,Active,0
1009121,103941,-24,24,30,Active,0
1008942,104739,-17,12,22,Active,0
1007463,103428,-23,36,25,Active,0
1006223,201005,-1,24,18,Active,0
1008360,201205,-28,36,10,Active,0
1001211,102326,-23,6,5,Active,0
1006913,107927,-44,24,13,Active,0
1005330,109811,-3,12,6,Active,0
1000809,106150,-7,12,1,Active,0
1004867,106332,-32,12,18,Active,0
1000497,102947,-29,24,2,Active,0
1005317,100507,-33,24,21,Active,0
1007772,108842,-2,36,18,Active,0
1008391,200190,-6,12,30,Active,0
1005042,106038,-12,6,4,Active,0
1006527,103804,-36,24,27,Active,0
1005269,105060,-16,36,21,Active,0
1003335,101456,-7,36,26,Active,0
1002614,101584,-22,12,33,Active,0
1000279,105129,-2,12,1,Active,0
1006251,108116,-31,12,20,Active,0
1006084,200987,-32,24,35,Active,0
1009377,200993,-18,6,6,Active,0
1005116,105814,-27,12,27,Active,0
1001039,100463,-6,6,5,Active,5
1001235,109609,-26,24,1,Active,0
1005820,200357,-20,12,23,Active,0
1001169,200459,-25,36,30,Active,0
1000816,103203,-22,36,6,Active,0
1006737,103047,-5,6,12,Active,0
1000333,106345,-10,36,19,Active,0
1000402,108099,-5,36,31,Active,0
1007508,106997,-23,12,1,Active,0
1007731,105123,-21,12,21,Active,0
1004949,107828,-32,24,26,Active,0
1007353,109502,-26,12,28,Active,0
1001271,103659,-27,24,28,Active,5
1007855,103683,-3,24,25,Active,0
1003514,101673,-36,12,25,Active,0
1003018,200148,-2,24,24,Active,0
1008581,105181,-12,12,27,Active,0
1004641,103620,-8,36,28,Active,0
1006374,106973,-17,24,6,Active,5
1008260,201131,-41,36,8,Active,0
1009103,103171,-47,36,30,Active,0
1005687,200117,-44,12,8,Active,0
1009153,100048,-45,24,6,Active,0
1005541,105087,-23,6,35,Active,0
1008597,106724,-25,12,31,Active,5
1000761,103722,-6,12,17,Active,0
1009128,106202,-25,6,25,Active,0
1001819,102090,-15,36,13,Active,0
1001975,108733,-20,12,3,Active,0
1003987,101632,-22,12,8,Active,0
1005722,106526,-5,12,15,Active,0
1006516,201223,-4,36,25,Active,0
1006828,101272,-23,24,28,Active,0
1001332,100935,-8,6,7,Active,0
1002068,102757,-37,12,7,Active,0
1008256,108108,-5,6,4,Active,0
1002571,104004,-24,6,3,Active,0
1002745,105664,-46,12,3,Active,0
1005668,200402,-32,36,27,Active,0
1006915,105484,-16,12,23,Active,0
1002478,102504,-47,6,4,Active,0
1001149,104799,-39,6,10,Active,0
1007365,200472,-40,12,28,Active,0
1000848,201425,-32,36,20,Active,0
1004468,109281,-19,6,25,Active,0
1003324,108005,-22,12,15,Active,0
1008805,201247,-31,6,18,Active,0
1002861,100851,-31,12,1,Active,0
1004341,107975,-24,24,11,Active,0
1008028,101878,-33,24,20,Active,0
1005253,105441,-12,36,5,Active,0
1000947,201477,-45,6,31,Active,0
1008944,107693,-35,12,2,Active,0
1006724,100784,-7,6,3,Active,0
1006639,100101,-35,24,2,Active,0
1001663,105730,-42,24,22,Active,0
1002708,106823,-46,12,7,Active,0
1005158,105297,-9,12,35,Active,0
1005742,105903,-27,12,25,Active,0
1004312,107613,-30,24,35,Active,0
1007798,108024,-10,36,5,Active,0
1000033,100187,-26,36,15,Active,0
1003593,106375,-41,24,29,Active,0
1000376,201670,-18,12,28,Active,0
1003243,107750,-14,24,14,Active,0
1002017,101896,-3,24,19,Active,0
1000264,101993,-34,24,13,Active,0
1000370,107948,-9,12,32,Active,0
1005939,201423,-16,36,21,Active,0
1001569,104241,-8,6,3,Active,0
1000994,104383,-3,24,10,Active,0
1003716,109127,-21,6,23,Active,0
1001254,201767,-32,36,9,Active,0
1000088,108057,-29,24,3,Active,0
1005792,106521,-34,12,22,Active,0
1000575,101561,-24,12,27,Active,0
1002689,201709,-44,6,24,Active,0
1001109,108915,-39,24,13,Active,0
1006222,100463,-15,6,19,Active,0
1004196,101304,-41,36,33,Active,0
1001465,104899,-43,36,12,Active,0
1007524,107289,-4,12,20,Active,0
1008159,201975,-23,12,8,Active,0
1000425,201878,-41,6,19,Active,0
1000901,200124,-15,24,33,Active,0
1008371,100912,-32,6,2,Active,0
1001839,201356,-37,24,34,Active,0
1002320,101592,-33,12,1,Active,0
1005615,104311,-36,36,15,Active,0
1004919,201453,-34,24,28,Active,0
1003964,102405,-8,6,6,Active,0
1008337,104292,-22,24,30,Active,0
1008523,105586,-23,36,18,Active,5
1006639,100101,-46,6,18,Active,0
1001757,108528,-2,6,29,Active,0
1006045,200303,-17,12,16,Active,0
1002300,103842,-35,12,17,Active,0
1000462,200096,-3,6,16,Active,0
1003127,201266,-20,36,30,Active,0
1007837,109722,-21,12,15,Active,0
1006908,104434,-46,12,3,Active,0
1007209,200876,-27,12,29,Active,0
1007364,100634,-8,6,35,Active,0
1008305,201784,-35,24,25,Active,0
1002383,100104,-23,24,9,Active,0
1002959,107183,-15,24,25,Active,0
1001964,107643,-22,36,31,Active,0
1003036,106207,-28,24,34,Active,0
1009700,100036,-33,36,26,Active,0
1000722,103839,-22,12,11,Active,0
1006795,109974,-8,6,3,Active,0
1007073,108903,-25,6,9,Active,0
1005425,107081,-25,36,17,Active,0
1006985,101309,-31,36,18,Active,0
1008417,103475,-33,24,30,Active,5
1003277,102050,-19,12,9,Active,0
1007798,108024,-11,24,11,Active,0
1003551,105464,-45,6,2,Active,0
1004734,201685,-5,24,1,Active,0
1000825,107057,-47,12,16,Active,0
1008061,200852,-43,24,11,Active,0
1003576,106859,-6,24,14,Active,0
1007187,104356,-29,24,10,Active,0
1005325,101663,-22,36,8,Active,0
1005573,105190,-14,12,5,Active,0
1000619,200802,-3,6,13,Active,0
1006669,200015,-26,24,23,Active,0
1008977,105330,-36,36,13,Active,0
1001644,102356,-23,36,34,Active,0
1000185,101927,-44,36,26,Active,0
1002364,201154,-7,36,25,Active,0
1001865,200513,-30,24,1,Active,0
1001164,108862,-47,12,3,Active,0
1003680,104230,-11,12,33,Active,0
1003347,104993,-43,24,10,Active,0
1007824,101807,-34,36,14,Active,0
1001417,107877,-31,36,3,Active,0
1001914,109295,-27,24,24,Active,0
1008661,102705,-6,12,26,Active,0
1001070,109652,-8,36,33,Active,0
1009993,103908,-5,36,29,Active,0
1003023,103539,-3,6,9,Active,0
1005407,200633,-43,6,24,Active,0
1000824,200406,-47,36,5,Active,0
1003186,201987,-19,24,6,Active,0
1005044,101598,-40,12,18,Active,0
1000116,108671,-1,36,2,Active,0
1004106,109070,-3,24,33,Active,0
1008675,101470,-2,24,25,Active,0
1000960,108362,-26,36,0,Active,0
1007892,200207,-1,6,21,Active,0
1007116,107173,-47,36,26,Active,0
1002254,108214,-39,6,5,Active,0
1009334,102958,-3,6,16,Active,0
1001239,102102,-25,12,29,Active,0
1002896,201005,-40,24,35,Active,0
1001034,102457,-14,6,21,Active,0
1006322,107893,-13,24,21,Active,0
1004243,106027,-21,6,1,Active,0
1005076,109893,-36,6,3,Active,0
1008809,104884,-4,36,33,Active,0
1007535,101966,-40,6,30,Active,0
1009702,101670,-22,36,2,Active,0
1005760,100715,-36,12,11,Active,0
1007176,106039,-35,36,13,Active,0
1009186,201249,-3,12,9,Active,0
1007219,102295,-41,24,20,Active,0
1002784,102835,-23,6,21,Active,0
1000080,106617,-2,6,26,Active,0
1003083,200623,-46,36,11,Active,0
1009959,103052,-2,12,30,Active,0
1001329,106023,-17,6,5,Active,0
1001833,201933,-19,24,0,Active,0
1004414,108744,-3,24,0,Active,0
1006321,104621,-21,36,7,Active,0
1008118,107454,-20,24,15,Active,0
1005589,103063,-47,6,3,Active,0
1001726,108460,-37,24,12,Active,0
1009444,200356,-42,36,26,Active,0
1000125,201106,-45,24,25,Active,0
1009424,103671,-46,6,0,Active,0
1002956,100088,-4,12,16,Active,0
1003597,200434,-27,36,3,Active,0
1000000,103098,-39,36,4,Active,5
1008465,100922,-4,6,31,Active,0
1003834,200491,-43,24,16,Active,0
1002471,100842,-1,36,26,Active,0
1006969,100168,-20,12,30,Active,0
1005695,102421,-29,36,21,Active,0
1003184,201086,-25,12,17,Active,0
1008489,109350,-6,12,29,Active,0
1001248,108736,-32,12,30,Active,0
1000271,101433,-7,12,32,Active,0
1006123,109667,-7,36,34,Active,0
1008917,107545,-44,36,20,Active,0
1002176,101599,-11,6,5,Active,0
1004103,105767,-42,12,24,Active,0
1002954,100445,-9,12,20,Active,0
1009539,108678,-41,36,20,Active,0
1003808,105819,-16,36,34,Active,0
1001980,102630,-1,24,31,Active,0
1006402,109571,-2,6,14,Active,0
1001730,103003,-36,12,3,Active,0
1000755,106570,-36,36,0,Active,0
1007071,109289,-11,24,18,Active,0
1002117,200960,-1,36,3,Active,0
1006693,105687,-14,6,33,Active,0
1002510,201769,-4,24,3,Active,0
1008451,108611,-34,36,4,Active,0
1009575,106187,-6,36,11,Active,0
1001325,108258,-12,24,7,Active,0
1009680,106185,-3,6,35,Active,0
1008866,102705,-26,12,2,Active,0
1005135,200300,-42,12,19,Active,0
1002058,101275,-24,24,2,Active,0
1002627,102703,-23,24,2,Active,0
1004095,103821,-32,12,20,Active,0
1000447,109492,-10,36,17,Active,0
1001053,107827,-10,12,30,Active,0
1005928,109066,-10,36,12,Active,0
1006514,107057,-46,6,24,Active,0
1001482,101114,-23,36,19,Active,0
1001386,107104,-12,12,15,Active,0
1001558,101308,-34,12,4,Active,0
1000256,100791,-18,12,8,Active,0
1005726,102098,-2,12,20,Active,0
1008837,102291,-42,36,27,Active,0
1009806,107738,-6,12,5,Active,0
1007123,200163,-20,36,28,Active,0
1000251,106366,-45,6,7,Active,0
1000053,102045,-12,6,23,Active,0
1008728,100611,-5,12,19,Active,0
1001698,100512,-1,36,26,Active,0
1004656,109614,-46,24,25,Active,0
1005278,104020,-24,24,22,Active,0
1002078,103027,-21,12,9,Active,0
1000943,108711,-6,12,29,Active,0
1003613,106660,-27,6,17,Active,0
1001298,100481,-36,6,10,Active,0
1001601,201621,-15,24,19,Active,0
1009767,104903,-30,6,13,Active,0
1006538,106526,-18,24,12,Active,0
1005321,107732,-29,24,35,Active,0
1007250,109369,-3,12,23,Active,0
1005657,105664,-10,12,8,Active,0
1003420,101933,-26,6,30,Active,0
1001740,100513,-30,12,1,Active,0
1002137,109128,-21,24,7,Active,0
1002262,105638,-43,12,18,Active,0
1002488,200179,-2,12,22,Active,0
1008711,201082,-9,24,14,Active,0
1006155,109060,-9,12,22,Active,0
1003738,101513,-46,24,17,Active,0
1000562,200965,-38,24,35,Active,0
1000585,201983,-16,24,17,Active,0
1003278,103001,-43,36,29,Active,0
1004386,106545,-18,6,35,Active,0
1005446,201944,-31,6,5,Active,0
1005878,106285,-37,24,8,Active,0
1004837,106043,-21,6,0,Active,0
1001893,103291,-44,6,7,Active,0
1002860,105768,-32,6,35,Active,0
1005902,102884,-5,36,17,Active,0
1009337,103492,-6,12,33,Active,0
1003796,108845,-47,24,24,Active,0
1007893,105794,-30,36,24,Active,0
1009511,103682,-34,6,26,Active,0
1002462,105991,-29,6,8,Active,0
1007314,105996,-13,36,8,Active,0
1004280,102279,-10,36,34,Active,0
1006321,104621,-18,6,6,Active,0
1006240,107298,-6,6,15,Active,0
1008289,109567,-44,24,33,Active,0
1006343,103776,-7,12,18,Active,0
1006250,108533,-29,6,2,Active,0
1007458,104501,-23,24,21,Active,0
1002752,106414,-33,6,8,Active,0
1002144,109296,-13,36,9,Active,0
1004818,200845,-13,12,9,Active,0
1001165,107040,-23,36,1,Active,0
1008403,101176,-16,12,4,Active,0
1006658,106017,-8,24,11,Active,0
1006694,101911,-40,36,28,Active,0
1000338,201908,-3,24,17,Active,0
1008762,109110,-17,6,25,Active,0
1003711,102205,-18,12,18,Active,0
1009009,107443,-1,24,20,Active,0
1005214,201381,-22,6,20,Active,0
1009222,106538,-15,36,16,Active,0
1007564,200781,-36,6,0,Active,0
1006686,104082,-34,24,22,Active,0
1009908,103227,-21,24,22,Active,0
1003811,201093,-15,36,8,Active,0
1004489,107539,-8,24,24,Active,0
1009462,201252,-30,6,24,Active,0
1004858,100702,-27,36,25,Active,0
1000618,107727,-14,36,13,Active,0
1004673,102209,-14,6,19,Active,0
1004788,106158,-27,36,34,Active,0
1001254,201767,-11,12,7,Active,0
1007850,101337,-3,6,30,Active,0
1007852,106849,-21,24,33,Active,0
1004469,109831,-18,36,12,Active,0
1006393,109158,-29,36,25,Active,0
1001335,109355,-28,24,10,Active,0
1005038,200481,-16,12,13,Active,0
1008726,108912,-12,6,18,Active,0
1007438,101840,-28,36,15,Active,0
1000621,102578,-23,12,23,Active,0
1008333,109120,-30,12,15,Active,0
1002500,109517,-31,12,6,Active,0
1003594,102278,-9,12,21,Active,0
1002337,104038,-14,36,7,Active,0
1000068,108589,-14,24,18,Active,0
1009006,101207,-35,12,13,Active,5
1006926,105070,-20,6,26,Active,0
1009830,106636,-31,6,10,Active,0
1007470,102042,-19,12,12,Active,0
1003304,106472,-38,24,9,Active,0
1004814,106943,-19,6,28,Active,0
1002185,201938,-6,24,24,Active,0
1009343,109951,-36,12,22,Active,0
1009108,109005,-40,12,27,Active,0
1006445,109024,-44,24,7,Active,0
1006223,201005,-2,36,5,Active,0
1000565,109255,-15,12,28,Active,0
1001139,201168,-26,12,19,Active,0
1001028,201999,-38,36,14,Active,0
1009767,104903,-24,12,11,Active,0
1009659,107247,-5,24,20,Active,0
1007118,106983,-6,36,32,Active,0
1001494,105884,-21,36,1,Active,0
1003984,102331,-6,24,33,Active,0
1000006,102429,-21,36,29,Active,0
1009385,102748,-6,36,14,Active,0
1007642,107667,-47,6,26,Active,0
1004381,101474,-11,36,4,Active,0
1004187,105151,-38,6,18,Active,0
1004861,101188,-38,36,22,Active,0
1002467,100562,-27,24,32,Active,0
1004947,200677,-46,36,7,Active,0
1000498,103573,-5,6,12,Active,0
1005476,201311,-19,36,13,Active,0
1000917,106974,-18,24,32,Active,0
1001544,107181,-6,36,25,Active,0
1005262,201654,-17,36,4,Active,0
1000446,101655,-39,12,19,Active,0
1007529,103196,-17,12,26,Active,0
1005275,201074,-47,36,32,Active,0
1000401,102850,-30,6,15,Active,0
1009811,106526,-44,24,30,Active,0
1001589,200704,-16,36,11,Active,0
1003377,107492,-13,12,33,Active,0
1003142,201632,-16,12,9,Active,0
1009516,200624,-29,36,1,Active,0
1004641,103620,-38,12,19,Active,0
1006263,108896,-9,24,35,Active,0
1001502,102451,-2,6,15,Active,0
1006083,109496,-44,12,14,Active,0
1007702,201967,-13,24,31,Active,0
1007316,107353,-32,24,8,Active,5
1005828,103721,-10,36,3,Active,0
1000810,104575,-34,12,28,Active,0
1002874,104801,-34,36,17,Active,0
1004928,109174,-44,6,25,Active,0
1009039,101916,-10,12,26,Active,0
1008056,200727,-16,36,29,Active,0
1009819,109702,-2,6,26,Active,0
1001170,104460,-1,36,33,Active,0
1006073,103685,-16,12,12,Active,0
1009182,105343,-32,36,28,Active,0
1007182,201918,-8,6,31,Active,0
1000942,101642,-30,12,0,Active,0
1003575,200717,-30,24,35,Active,0
1003594,102278,-10,36,20,Active,0
1007839,108278,-27,24,30,Active,0
1008330,105195,-19,24,19,Active,5
1006361,104358,-13,12,32,Active,0
1006056,101299,-23,12,17,Active,0
1007343,108087,-19,36,13,Active,0
1008190,108713,-20,12,23,Active,0
1007704,200778,-30,36,29,Active,0
1001436,200297,-31,36,22,Active,0
1006206,103696,-5,24,35,Active,0
1005317,100507,-46,36,18,Active,0
1007977,109310,-29,12,0,Active,0
1004128,102245,-18,6,15,Active,0
1003370,103251,-29,6,5,Active,5
1009962,103549,-35,24,23,Active,0
1006557,100849,-25,6,29,Active,0
1004063,101909,-26,12,9,Active,0
1000036,101489,-41,36,22,Active,0
1005536,101788,-38,36,11,Active,0
1008232,200297,-43,12,5,Active,0
1008307,100218,-45,24,26,Active,0
1008457,201689,-34,36,22,Active,0
1000300,108089,-31,24,30,Active,0
1003699,109948,-18,6,19,Active,0
1002845,106425,-18,36,0,Active,0
1002386,106439,-10,12,23,Active,0
1001957,100213,-9,12,29,Active,0
1003591,102902,-7,6,4,Active,0
1000610,105889,-19,6,12,Active,0
1004522,201785,-22,6,19,Active,0
1009987,109636,-45,6,30,Active,0
1003138,109931,-42,24,32,Active,0
1003836,101480,-8,36,1,Active,0
1002164,106527,-43,24,2,Active,0
1004815,200853,-9,24,12,Active,0
1007899,107306,-12,36,5,Active,0
1001390,101295,-15,24,29,Active,0
1001492,106226,-13,12,34,Active,0
1007691,101962,-37,36,35,Active,0
1009383,102322,-42,36,5,Active,0
1006546,106800,-6,36,4,Active,0
1004923,106447,-28,6,28,Active,0
1000628,107512,-16,6,27,Active,0
1005591,104735,-19,6,32,Active,0
1008724,201818,-44,24,27,Active,0
1003459,106207,-39,24,20,Active,0
1009609,109364,-30,24,33,Active,0
1007762,100136,-47,6,2,Active,0
1003703,107157,-37,36,24,Active,0
1006170,104292,-47,36,35,Active,0
1007183,200197,-37,6,21,Active,0
1000572,108197,-38,6,27,Active,0
1003033,201023,-26,12,32,Active,0
1001733,102888,-39,36,17,Active,0
1005831,200671,-7,6,25,Active,0
1003492,105043,-46,12,22,Active,0
1005415,103118,-18,24,12,Active,0
1007008,104738,-14,6,0,Active,0
1003939,103080,-32,12,23,Active,0
1000712,102536,-16,36,16,Active,0
1009738,105727,-39,6,22,Active,0
1009049,104950,-4,6,33,Active,0
1002873,109721,-5,6,1,Active,0
1009094,109284,-30,12,29,Active,0
1004152,101466,-18,12,1,Active,0
1009711,106287,-45,24,18,Active,0
1000834,100290,-28,12,20,Active,0
1001502,102451,-9,12,7,Active,0
1009290,100767,-47,12,21,Active,0
1003287,102911,-5,24,34,Active,0
1007840,200032,-24,6,27,Active,0
1000867,201587,-47,12,21,Active,0
1002226,107159,-18,24,35,Active,0
1005984,109947,-43,6,9,Active,0
1002060,105713,-24,6,26,Active,0
1007768,102244,-25,6,4,Active,0
1008331,107579,-38,36,27,Active,0
1001212,108619,-31,36,10,Active,0
1000407,102434,-43,24,25,Active,0
1002145,108408,-21,24,15,Active,0
1003022,105329,-40,24,9,Active,5
1007703,109599,-46,24,26,Active,0
1004771,201068,-10,24,9,Active,0
1004522,201785,-4,36,10,Active,5
1006887,106460,-19,6,15,Active,0
1008157,101333,-38,24,7,Active,0
1005677,109535,-15,6,18,Active,0
1000482,107050,-19,6,15,Active,0
1006402,109571,-46,36,24,Active,0
1000803,106580,-45,12,27,Active,0
1007097,107241,-37,36,31,Active,0
1006220,102406,-38,36,2,Active,0
1002762,108983,-10,12,13,Active,0
1005321,107732,-31,36,27,Active,0
1007793,105092,-21,36,24,Active,0
1002823,101894,-39,6,9,Active,0
1008583,102788,-42,6,11,Active,0
1009567,105871,-43,6,0,Active,0
1003959,104024,-14,36,5,Active,0
1007697,103590,-3,24,27,Active,0
1008811,108529,-7,12,25,Active,0
1005215,101023,-19,6,4,Active,0
1002491,200152,-45,36,31,Active,0
1008345,105252,-15,24,25,Active,0
1000041,104021,-33,24,30,Active,0
1001540,106470,-18,36,7,Active,0
1006119,109334,-13,24,31,Active,0
1004705,200651,-30,24,4,Active,0
1003713,108235,-3,36,10,Active,0
1004386,106545,-25,12,2,Active,0
1003004,105960,-45,6,14,Active,0
1005961,100331,-43,24,17,Active,0
1005199,201509,-44,12,24,Active,0
1002673,107795,-35,36,14,Active,0
1009419,109148,-18,12,15,Active,0
1009362,104497,-7,12,0,Active,0
1001863,201281,-23,24,12,Active,0
1004876,106313,-38,12,34,Active,0
1003408,200401,-2,36,27,Active,0
1007013,200611,-18,36,21,Active,0
1005723,108035,-46,36,2,Active,0
1006342,200379,-40,36,22,Active,0
1007773,107000,-36,36,10,Active,0
1009349,100399,-21,6,34,Active,0
1008307,100218,-23,24,14,Active,0
1002779,201127,-45,36,0,Active,0
1005649,201838,-46,6,30,Active,0
1007450,100032,-15,24,0,Active,0
1002356,103665,-28,6,18,Active,0
1009868,109817,-12,24,12,Active,0
1002991,200841,-19,6,34,Active,0
1000264,101993,-6,24,34,Active,0
1001495,101658,-24,24,28,Active,0
1009643,106945,-6,12,0,Active,0
1001491,102165,-11,36,32,Active,0
1004920,104077,-24,24,6,Active,0
1008120,103869,-4,36,3,Active,0
1005747,200719,-10,6,35,Active,0
1005297,100684,-39,12,25,Active,0
1007495,200383,-43,36,3,Active,0
1001720,102640,-15,6,34,Active,0
1006064,103117,-22,36,6,Active,0
1001459,106827,-36,6,1,Active,0
1006880,103791,-41,6,0,Active,0
1000868,201151,-14,36,6,Active,0
1007591,104611,-15,36,28,Active,0
1007141,104077,-27,12,10,Active,0
1007847,105362,-3,6,22,Active,0
1005123,103686,-38,36,15,Active,0
1000830,106495,-12,6,23,Active,0
1003636,100777,-23,24,30,Active,0
1008463,109587,-33,6,27,Active,0
1000396,107060,-31,36,29,Active,0
1003224,200519,-41,6,28,Active,0
1001174,107065,-33,24,4,Active,0
1008584,104223,-46,36,33,Active,0
1005307,100991,-27,12,32,Active,0
1007954,106958,-15,12,9,Active,0
1007641,201842,-27,36,31,Active,0
1003525,102564,-25,24,22,Active,0
1005228,102257,-24,6,29,Active,0
1001547,200391,-37,12,23,Active,0
1004097,108036,-1,6,26,Active,0
1004190,106282,-5,12,8,Active,0
1001406,200414,-27,12,25,Active,0
1006609,100500,-38,24,26,Active,0
1000528,102889,-5,36,7,Active,0
1005505,103500,-33,24,13,Active,0
1006293,108166,-28,36,5,Active,0
1001708,106709,-31,6,25,Active,0
1006263,108896,-2,12,9,Active,0
1002570,108010,-29,36,31,Active,0
1000125,201106,-8,12,23,Active,0
1008009,102014,-32,12,4,Active,0
1004753,201928,-19,6,8,Active,0
1008758,106052,-28,12,19,Active,0
1003632,104880,-9,24,11,Active,0
1000857,107977,-9,6,14,Active,0
1002021,100359,-9,36,32,Active,0
1004347,104138,-4,36,19,Active,0
1007043,101177,-5,6,6,Active,0
1004094,102853,-21,24,12,Active,0
1001898,105936,-33,6,21,Active,0
1002887,106744,-27,6,0,Active,0
1001341,200555,-4,12,2,Active,0
1002355,200482,-45,6,34,Active,0
1007447,103424,-27,36,7,Active,0
1006085,106775,-23,12,31,Active,0
1009498,105494,-32,36,19,Active,0
1002860,105768,-23,12,13,Active,0
1004301,109638,-17,12,16,Active,0
1006381,106719,-31,24,3,Active,0
1004402,106448,-10,24,10,Active,0
1009332,102712,-28,6,23,Active,0
1008942,104739,-1,12,33,Active,0
1001535,103411,-21,36,4,Active,0
1009099,101148,-31,6,34,Active,0
1002969,101869,-34,36,7,Active,0
1004415,103575,-20,36,1,Active,0
1004335,101080,-18,12,14,Active,0
1003685,201977,-24,24,4,Active,0
1002103,108885,-34,24,24,Active,0
1004615,108143,-45,12,17,Active,0
1000043,103208,-44,12,19,Active,0
1002386,106439,-31,36,21,Active,0
1007468,100964,-40,12,35,Active,0
1004107,101726,-41,6,17,Active,0
1003937,105035,-1,36,21,Active,0
1000480,100803,-45,36,2,Active,0
1001018,103233,-43,36,31,Active,0
1001248,108736,-35,36,2,Active,0
1009565,201378,-35,12,3,Active,0
1005556,107024,-14,36,21,Active,0
1003525,102564,-42,12,7,Active,0
1003290,106881,-8,6,19,Active,0
1000869,106196,-47,12,8,Active,0
1007587,200237,-34,6,24,Active,0
1001128,106903,-4,6,17,Active,0
1000650,107142,-43,24,1,Active,0
1003185,201807,-12,36,1,Active,0
1000355,104267,-29,6,17,Active,0
1007907,102475,-35,6,14,Active,0
1003076,108222,-30,24,11,Active,0
1008922,107342,-7,36,13,Active,0
1009433,103423,-11,12,6,Active,0
1009092,101319,-24,12,7,Active,0
1009319,107658,-26,12,24,Active,0
1007755,109642,-21,24,6,Active,0
1003662,201045,-19,24,15,Active,0
1004808,105382,-29,6,24,Active,0
1005212,200339,-12,12,24,Active,0
1008093,109384,-24,6,3,Active,0
1001381,104900,-9,6,19,Active,0
1001384,104490,-25,36,2,Active,0
1005398,101619,-18,12,2,Active,0
1000979,100582,-23,24,12,Active,0
1000771,102699,-40,12,4,Active,0
1000420,200153,-11,6,24,Active,0
1001772,103353,-22,36,25,Active,0
1009067,105664,-33,36,27,Active,0
1005604,106789,-14,24,2,Active,0
1008880,106306,-42,6,32,Active,0
1001618,100904,-3,24,24,Active,0
1007776,101433,-16,6,31,Active,0
1005185,201996,-22,36,31,Active,0
1000737,107257,-21,24,5,Active,0
1007560,108462,-10,36,25,Active,0
1006786,108004,-37,12,35,Active,0
1000618,107727,-17,12,6,Active,0
1008970,102821,-29,12,33,Active,0
1005135,200300,-20,36,30,Active,0
1004309,106646,-6,24,8,Active,0
1002781,103214,-28,6,29,Active,0
1006637,104208,-43,12,2,Active,0
1002606,104097,-14,12,13,Active,0
1005460,201462,-19,6,19,Active,0
1000874,104919,-9,12,19,Active,0
1003649,107966,-36,6,30,Active,0
1009477,104411,-46,24,17,Active,0
1003120,201259,-46,36,29,Active,0
1005726,102098,-7,6,31,Active,0
1004501,201653,-44,24,9,Active,0
1004130,104969,-10,24,33,Active,0
1005722,106526,-1,6,23,Active,0
1007263,102167,-7,12,31,Active,0
1000165,109141,-21,36,29,Active,0
1002063,100164,-43,6,29,Active,0
1004572,109101,-14,24,22,Active,0
1008975,101416,-43,6,15,Active,0
1008571,200824,-30,6,34,Active,0
1000146,104383,-11,24,14,Active,0
1009415,200945,-14,6,13,Active,0
1008370,102247,-12,12,28,Active,0
1002059,102056,-29,36,13,Active,0
1000216,100197,-30,24,12,Active,0
1001734,108370,-38,36,20,Active,0
1005705,101319,-31,12,17,Active,0
1004380,101788,-47,6,2,Active,0
1003164,104280,-43,24,14,Active,0
1003673,201395,-47,36,35,Active,0
1004189,101878,-47,6,21,Active,0
1008655,105886,-1,36,25,Active,0
1002917,105577,-47,36,34,Active,5
1002017,101896,-18,36,24,Active,0
1001604,105600,-23,24,8,Active,0
1000941,109344,-30,36,16,Active,5
1006008,103614,-42,6,7,Active,0
1009112,106505,-8,12,21,Active,0
1007261,104821,-26,12,23,Active,0
1005469,106373,-9,24,21,Active,5
1001801,103301,-23,24,35,Active,0
1007739,101008,-13,6,18,Active,0
1004633,100427,-14,36,6,Active,0
1001850,101538,-31,12,34,Active,0
1004357,109048,-16,6,28,Active,0
1008045,200141,-27,6,16,Active,0
1009954,104692,-34,12,34,Active,0
1002451,108305,-22,24,29,Active,0
1006354,102377,-4,12,28,Active,0
1006648,104096,-22,6,16,Active,0
1006872,106637,-25,24,23,Active,0
1003466,108356,-18,6,9,Active,0
1008027,201476,-30,36,27,Active,0
1000130,108411,-43,36,32,Active,0
1006890,100562,-12,36,3,Active,0
1007780,100525,-31,36,22,Active,0
1001477,100727,-22,12,12,Active,0
1006404,106063,-44,36,0,Active,0
1003961,200539,-12,12,35,Active,0
1002287,108954,-14,12,8,Active,0
1004883,104735,-34,24,11,Active,0
1003677,102449,-2,12,15,Active,0
1003297,106513,-28,24,14,Active,0
1009450,102158,-14,24,29,Active,0
1009709,103743,-10,36,11,Active,0
1004344,102362,-31,12,26,Active,0
1000395,109745,-22,24,35,Active,0
1003683,201091,-24,24,24,Active,0
1006248,105554,-9,12,11,Active,0
1002718,102526,-44,6,29,Active,0
1008670,200083,-22,6,25,Active,0
1009553,108994,-46,36,11,Active,0
1008233,106912,-34,12,5,Active,0
1004606,106485,-21,36,6,Active,0
1009006,101207,-32,36,29,Active,0
1001584,102647,-4,6,34,Active,0
1007367,108069,-43,12,33,Active,5
1007028,102992,-31,12,2,Active,0
1003846,200740,-12,12,23,Active,0
1002555,106141,-35,36,27,Active,0
1003659,101701,-7,6,30,Active,0
1005311,108819,-28,6,24,Active,0
1001474,108671,-28,6,22,Active,0
1008619,107711,-45,6,11,Active,0
1006651,105954,-42,36,28,Active,0
1002083,103531,-7,24,4,Active,0
1001823,100849,-44,24,9,Active,0
1005456,100208,-3,6,0,Active,0
1005336,105444,-47,24,4,Active,0
1002728,109975,-22,6,23,Active,0
1009962,103549,-24,24,31,Active,0
1005831,200671,-17,6,12,Active,0
1008916,104289,-5,12,23,Active,0
1001330,107181,-24,12,23,Active,0
1007391,200975,-23,6,6,Active,0
1006716,106606,-34,6,17,Active,0
1008914,105602,-47,24,35,Active,0
1009592,103832,-47,6,0,Active,0
1002065,106515,-20,12,27,Active,0
1003144,108203,-16,24,35,Active,0
1006052,104862,-41,12,2,Active,0
1004083,109143,-23,6,11,Active,0
1007835,103302,-44,6,4,Active,0
1007972,201624,-17,24,35,Active,0
1005635,107046,-1,36,1,Active,0
1000637,103818,-26,6,22,Active,0
1007350,200581,-28,36,8,Active,0
1001919,103756,-4,24,22,Active,0
1000923,100204,-17,24,32,Active,0
1006803,100438,-27,6,8,Active,0
1007823,107084,-38,36,32,Active,0
1000211,108577,-1,12,1,Active,0
1002826,200344,-37,24,8,Active,0
1003903,108764,-39,24,30,Active,0
1004964,108805,-29,12,5,Active,0
1007370,107593,-43,36,12,Active,0
1000346,103652,-33,36,12,Active,0
1000536,100340,-32,12,32,Active,0
1006386,104221,-6,36,24,Active,0
1004761,102333,-21,6,6,Active,0
1008199,102668,-33,24,21,Active,0
1004027,106091,-34,6,30,Active,0
1001336,105515,-21,6,26,Active,0
1004619,108952,-37,24,5,Active,0
1005253,105441,-14,12,33,Active,0
1008143,105586,-38,24,21,Active,0
1008633,105304,-16,36,23,Active,0
1007713,107567,-6,12,13,Active,0
1007068,105510,-8,12,3,Active,0
1006365,106478,-27,6,15,Active,0
1004350,101952,-1,36,17,Active,0
1003415,201096,-29,12,12,Active,0
1005586,100473,-9,24,25,Active,0
1001791,100167,-38,6,32,Active,0
1002592,109113,-18,24,2,Active,0
1004109,108097,-24,36,32,Active,0
1007590,201382,-12,6,3,Active,0
1007192,100781,-43,6,2,Active,0
1003961,200539,-40,36,29,Active,0
1002095,100012,-15,36,11,Active,0
1007046,101807,-33,6,4,Active,0
1009048,109697,-23,36,19,Active,0
1001388,104255,-8,24,23,Active,5
1007608,201874,-42,24,6,Active,0
1003323,106393,-37,36,10,Active,0
1000960,108362,-16,24,20,Active,0
1005037,103267,-1,12,10,Active,0
1008979,105905,-1,12,5,Active,0
1009049,104950,-18,12,15,Active,0
1005694,109703,-14,12,30,Active,0
1006638,102004,-23,24,21,Active,0
1002252,201057,-42,6,1,Active,0
1007333,200158,-3,36,8,Active,0
1006469,107667,-25,6,14,Active,0
1004588,103832,-43,36,35,Active,0
1007945,102697,-41,36,33,Active,0
1005761,108705,-38,24,22,Active,0
1009123,101403,-28,24,20,Active,0
1001455,107537,-4,6,34,Active,0
1004232,106207,-15,12,17,Active,0
1004930,200304,-2,6,7,Active,0
1005348,109333,-46,12,26,Active,0
1004364,105302,-41,12,25,Active,0
1000350,201874,-19,36,29,Active,0
1004281,107462,-31,6,3,Active,0
1003132,107372,-18,24,17,Active,0
1002962,107128,-27,6,29,Active,0
1005209,108226,-11,24,2,Active,0
1001431,103444,-35,12,31,Active,0
1006213,108832,-21,36,18,Active,0
1005474,103131,-29,6,16,Active,0
1000008,105958,-22,36,5,Active,0
1007963,102387,-8,24,23,Active,0
1000775,201777,-42,6,33,Active,0
1001168,103751,-31,24,12,Active,0
1009922,201623,-23,24,8,Active,0
1000028,100764,-34,12,13,Active,0
1005135,200300,-6,36,2,Active,0
1005737,109935,-26,12,11,Active,0
1000641,106470,-1,36,12,Active,0
1002261,201504,-4,12,32,Active,0
1004586,102240,-5,6,14,Active,0
1006493,109227,-24,24,7,Active,0
1004667,100963,-44,6,24,Active,0
1001310,105596,-23,36,6,Active,0
1003471,106104,-21,12,6,Active,0
1000525,104507,-20,12,19,Active,0
1003178,109038,-24,6,24,Active,0
1006306,106486,-44,36,30,Active,0
1004395,104737,-28,24,16,Active,0
1003909,109504,-30,12,32,Active,0
1003236,106862,-10,6,26,Active,0
1006583,107169,-22,24,3,Active,0
1002844,102592,-23,6,15,Active,0
1003663,100325,-10,24,27,Active,0
1003236,106862,-30,12,30,Active,0
1003622,106252,-31,24,24,Active,0
1008699,107807,-1,24,0,Active,0
1001797,106533,-22,24,0,Active,0
1001619,100653,-27,36,20,Active,0
1001739,102658,-34,36,22,Active,0
1006537,101515,-2,12,3,Active,0
1003567,106590,-16,36,18,Active,0
1004984,100513,-4,12,5,Active,0
1005664,201368,-1,6,22,Active,0
1001838,101895,-15,24,11,Active,0
1006916,107103,-16,24,34,Active,0
1003030,107058,-44,24,18,Active,0
1006992,103748,-27,12,24,Active,0
1007411,106748,-27,6,28,Active,0
1003714,201245,-46,6,2,Active,0
1004230,108579,-17,36,29,Active,0
1002034,107227,-37,6,26,Active,0
1004953,102248,-22,36,0,Active,0
1006275,100700,-34,6,7,Active,0
1007082,107329,-14,24,32,Active,0
1006831,103313,-26,36,18,Active,0
1008453,100124,-6,36,11,Active,0
1001930,201135,-16,6,3,Active,0
1000907,107860,-30,36,28,Active,0
1001155,105592,-33,24,33,Active,0
1004027,106091,-17,24,26,Active,0
1008107,100924,-9,24,27,Active,0
1008323,100334,-22,36,29,Active,0
1006579,105517,-26,36,6,Active,0
1007415,104316,-17,12,9,Active,0
1005129,106578,-47,6,5,Active,0
1005216,103956,-36,6,33,Active,0
1001831,106775,-34,12,19,Active,0
1005514,108284,-27,12,13,Active,0
1009204,108577,-46,6,26,Active,0
1003693,101053,-39,36,29,Active,5
1000127,108278,-36,6,29,Active,0
1009827,100521,-17,36,16,Active,0
1003820,102169,-37,36,27,Active,0
1003040,101467,-15,36,14,Active,0
1009946,104981,-25,24,33,Active,0
1000416,105843,-32,36,18,Active,0
1001395,100530,-1,24,14,Active,0
1006570,101858,-21,24,24,Active,0
1009536,107419,-4,24,3,Active,0
1006336,109166,-46,12,13,Active,0
1004290,104695,-22,6,23,Active,0
1001835,103714,-30,24,6,Active,0
1004576,200283,-43,24,19,Active,0
1009689,101498,-13,12,34,Active,0
1002004,100252,-11,36,22,Active,5
1000872,108511,-37,24,20,Active,0
1006130,103211,-33,36,8,Active,0
1008074,104023,-27,12,19,Active,0
1001775,103666,-20,36,23,Active,0
1009993,103908,-31,36,7,Active,0
1009143,102803,-47,12,23,Active,0
1007084,201643,-30,12,28,Active,0
1001377,109280,-40,6,31,Active,0
1007515,102783,-1,24,20,Active,0
1007427,101480,-44,24,2,Active,0
1007294,107643,-24,12,5,Active,0
1004462,104438,-4,12,35,Active,0
1003987,101632,-1,36,28,Active,0
1001821,107091,-6,36,35,Active,0
1005682,108200,-6,12,30,Active,0
1003336,201941,-41,36,32,Active,0
1008911,104275,-35,36,12,Active,0
1003230,200584,-45,24,6,Active,0
1003068,109432,-44,24,33,Active,0
1007644,101491,-27,36,8,Active,0
1004535,100407,-18,24,0,Active,0
1009074,106163,-37,36,7,Active,0
1001026,105505,-34,6,0,Active,0
1004842,108922,-34,36,28,Active,0
1008073,106211,-1,36,21,Active,0
1008302,100308,-2,36,5,Active,0
1002206,200828,-32,36,19,Active,0
1006714,100215,-14,6,13,Active,0
1004976,109994,-21,12,8,Active,0
1001675,109080,-39,36,34,Active,0
1009806,107738,-24,6,16,Active,0
1005911,107887,-29,6,3,Active,0
1002596,102895,-20,6,14,Active,0
1007814,201123,-23,12,29,Active,0
1001395,100530,-41,36,25,Active,0
1009194,109907,-25,6,18,Active,0
1003013,200577,-32,36,21,Active,0
1002825,106014,-36,6,12,Active,0
1006378,106696,-6,24,26,Active,0
1008522,201525,-13,12,10,Active,0
1007934,101076,-20,24,32,Active,0
1005365,201864,-19,6,21,Active,0
1002759,200907,-14,36,25,Active,0
1004579,102377,-31,36,13,Active,5
1009547,201893,-38,6,30,Active,0
1003048,104764,-25,6,0,Active,0
1004302,200736,-29,24,12,Active,0
1006005,101372,-12,36,1,Active,0
1004772,106903,-43,12,6,Active,0
1006295,107990,-31,24,7,Active,0
1001180,101869,-44,12,8,Active,0
1005238,201734,-32,12,6,Active,0
1007342,105164,-20,36,25,Active,0
1001355,200427,-37,36,0,Active,0
1006579,105517,-28,36,25,Active,0
1002370,104816,-5,6,27,Active,0
1002150,103743,-16,36,22,Active,0
1005751,104129,-33,12,29,Active,0
1007343,108087,-9,6,31,Active,0
1002835,104677,-23,24,2,Active,0
1006952,102263,-40,24,13,Active,0
1007002,103981,-18,24,25,Active,0
1006121,201872,-44,6,6,Active,0
1006456,102802,-19,12,7,Active,0
1005093,103388,-8,6,25,Active,0
1009211,200887,-44,6,32,Active,0
1008660,101364,-36,24,19,Active,0
1009689,101498,-18,12,26,Active,0
1004951,107374,-45,36,8,Active,0
1001701,108550,-34,24,6,Active,0
1003496,200028,-33,12,31,Active,0
1009167,108870,-45,12,34,Active,0
1001317,102332,-28,24,34,Active,0
1005096,102620,-20,24,25,Active,0
1002032,100035,-15,36,13,Active,0
1006545,200044,-33,6,9,Active,0
1007380,101134,-42,6,6,Active,0
1004779,102856,-6,6,19,Active,0
1006039,106041,-16,24,29,Active,0
1004572,109101,-13,6,25,Active,0
1004813,100583,-47,6,23,Active,0
1002166,102298,-37,12,11,Active,0
1004333,106913,-18,36,32,Active,0
1008729,106240,-7,24,19,Active,0
1001249,101569,-23,24,23,Active,0
1009924,103375,-15,12,24,Active,0
1005501,105005,-30,12,31,Active,0
1008173,105475,-6,24,33,Active,0
1006231,105333,-12,6,3,Active,0
1005255,109728,-27,24,6,Active,0
1007389,201691,-28,24,19,Active,0
1007989,200692,-25,6,33,Active,0
1003529,107827,-45,12,21,Active,0
1007959,101617,-14,36,15,Active,0
1001194,103126,-35,6,2,Active,0
1008163,103492,-19,36,31,Active,0
1009472,106642,-23,12,22,Active,0
1008955,105429,-45,6,6,Active,0
1006199,103991,-18,36,11,Active,0
1007564,200781,-3,24,2,Active,0
1003037,200565,-17,6,12,Active,0
1008782,104316,-27,24,12,Active,0
1001002,100157,-40,24,24,Active,0
1009226,106933,-19,6,27,Active,0
1007438,101840,-42,12,8,Active,0
1005384,104532,-31,36,3,Active,0
1002325,200541,-35,36,13,Active,0
1004330,109118,-46,24,26,Active,0
1002248,108997,-11,6,7,Active,0
1008977,105330,-31,24,28,Active,0
1007244,103882,-41,36,10,Active,0
1000547,106679,-47,24,15,Active,0
1002591,108132,-47,24,4,Active,0
1000825,107057,-12,24,26,Active,5
1008718,201294,-17,36,3,Active,0
1009507,104196,-39,6,18,Active,0
1007900,100550,-23,36,23,Active,0
1009194,109907,-15,12,21,Active,0
1004762,102079,-44,6,0,Active,0
1003607,101143,-16,36,7,Active,0
1000087,107893,-42,12,8,Active,0
1004594,104475,-20,36,11,Active,0
1004075,100882,-35,36,22,Active,0
1008317,106578,-31,12,3,Active,0
1004660,105604,-34,6,9,Active,0
1003196,106888,-1,36,24,Active,0
1002172,201050,-18,12,25,Active,0
1007123,200163,-44,12,13,Active,0
1009685,105269,-9,6,14,Active,0
1007941,104964,-1,12,12,Active,0
1005382,104458,-42,24,8,Active,0
1001392,201082,-28,6,25,Active,0
1001491,102165,-7,24,23,Active,0
1003122,201447,-35,36,33,Active,0
1001887,106500,-13,6,1,Active,0
1009801,104532,-5,6,20,Active,0
1008607,103876,-26,6,25,Active,0
1004962,106060,-47,24,12,Active,0
1008434,105017,-9,6,29,Active,0
1006402,109571,-46,24,27,Active,0
1003616,108122,-7,12,27,Active,0
1001599,108443,-31,6,28,Active,0
1009770,108926,-16,36,8,Active,0
1006137,100276,-6,36,17,Active,0
1007543,201593,-40,36,32,Active,0
1006699,105613,-37,12,33,Active,0
1009133,104510,-25,6,10,Active,0
1004377,108036,-37,24,23,Active,0
1008018,101227,-17,6,31,Active,0
1001432,106073,-44,6,12,Active,0
1006810,105816,-28,12,23,Active,0
1000648,103424,-46,12,9,Active,0
1004291,107813,-13,6,29,Active,0
1003501,101801,-45,6,29,Active,0
1003617,201513,-36,24,19,Active,0
1005222,108077,-8,36,19,Active,0
1005352,101580,-7,12,5,Active,0
1008584,104223,-28,12,27,Active,0
1008532,106906,-25,6,33,Active,0
1000621,102578,-46,24,8,Active,0
1007271,109826,-37,24,27,Active,0
1008941,109222,-25,36,19,Active,0
1003291,100651,-21,12,35,Active,0
1006111,105896,-6,36,35,Active,0
1003501,101801,-42,24,25,Active,0
1009134,103910,-29,36,17,Active,0
1000214,105387,-45,12,35,Active,0
1008208,102165,-42,36,0,Active,0
1007991,200679,-44,6,17,Active,0
1002140,102273,-31,6,25,Active,0
1006711,102826,-27,6,26,Active,0
1007847,105362,-28,24,20,Active,0
1006963,109362,-4,24,24,Active,0
1007674,100035,-8,24,3,Active,0
1008085,108841,-19,12,31,Active,0
1009093,103097,-35,24,10,Active,0
1001594,103908,-29,12,24,Active,0
1009525,103946,-29,12,19,Active,0
1002111,103966,-44,12,27,Active,0
1008297,104818,-16,6,5,Active,0
1009546,103316,-47,12,30,Active,0
1000756,105083,-20,12,6,Active,0
1001508,105162,-34,6,21,Active,0
1005212,200339,-41,36,2,Active,0
1002765,107868,-24,12,11,Active,0
1007318,107366,-16,12,13,Active,0
1007741,102250,-44,12,5,Active,0
1009354,201856,-41,12,6,Active,0
1003736,101677,-38,12,6,Active,0
1007402,109738,-36,6,8,Active,0
1007671,109000,-30,36,8,Active,0
1006903,100299,-22,36,31,Active,0
1001084,200295,-7,24,13,Active,0
1006417,105202,-11,6,2,Active,0
1005020,101853,-39,12,19,Active,0
1006248,105554,-10,12,28,Active,0
1000848,201425,-27,36,3,Active,0
1005977,108039,-4,24,27,Active,0
1005783,105390,-35,6,28,Active,0
1002511,201958,-17,36,31,Active,0
1004353,103392,-27,6,34,Active,0
1006570,101858,-30,36,13,Active,0
1003617,201513,-36,6,11,Active,0
1006087,103061,-47,36,2,Active,0
1005884,109650,-22,12,23,Active,0
1003369,105066,-25,24,7,Active,0
1007323,104671,-42,36,21,Active,0
1006437,102333,-24,36,0,Active,0
1003732,108744,-4,36,7,Active,0
1008915,108617,-38,36,24,Active,0
1001070,109652,-10,6,9,Active,0
1001441,100527,-30,24,34,Active,0
1007774,103491,-21,6,20,Active,0
1006421,105078,-3,6,26,Active,0
1006895,100361,-10,24,1,Active,0
1004985,106421,-12,12,10,Active,0
1002424,101073,-35,36,28,Active,0
1000451,200421,-34,6,3,Active,0
1006628,102851,-44,12,6,Active,0
1003353,102290,-33,12,18,Active,0
1001992,108257,-21,6,17,Active,0
1004607,107862,-36,12,27,Active,0
1009902,103341,-12,12,33,Active,0
1008874,200444,-35,12,34,Active,0
1000768,107836,-15,36,14,Active,0
1002686,101143,-20,24,30,Active,0
1009765,106656,-19,6,26,Active,0
1009027,104560,-15,24,16,Active,0
1005710,103489,-27,36,26,Active,0
1005831,200671,-17,36,16,Active,0
1004097,108036,-6,6,21,Active,0
1006042,108504,-4,36,10,Active,0
1003001,106833,-14,12,26,Active,0
1009170,101481,-7,36,2,Active,0
1001080,103715,-2,24,34,Active,0
1008164,109540,-46,6,25,Active,0
1004919,201453,-15,6,35,Active,0
1004336,100128,-12,36,31,Active,0
1007134,103274,-25,6,13,Active,0
1007607,100077,-10,6,20,Active,0
1001969,100695,-15,12,14,Active,0
1003216,107224,-27,24,26,Active,0
1003143,106650,-41,6,19,Active,0
1005066,103840,-19,36,1,Active,0
1008874,200444,-46,6,14,Active,0
1008907,104067,-24,6,13,Active,0
1006205,104461,-12,36,34,Active,0
1000868,201151,-32,6,13,Active,0
1000508,200672,-36,6,24,Active,0
1004321,107857,-22,24,35,Active,0
1009303,108894,-25,6,29,Active,5
1008451,108611,-44,12,7,Active,0
1002121,109222,-24,6,27,Active,0
1002249,108980,-22,6,30,Active,0
1007499,200507,-41,36,34,Active,0
1005005,201008,-43,36,8,Active,0
1000859,109079,-9,36,20,Active,0
1002254,108214,-1,12,24,Active,0
1009445,101463,-7,6,2,Active,0
1000072,102421,-18,24,17,Active,0
1005726,102098,-36,12,16,Active,0
1002641,102333,-35,36,5,Active,0
1002574,100181,-32,24,21,Active,0
1005963,103434,-35,12,23,Active,0
1007202,106062,-15,24,21,Active,0
1009773,100514,-29,24,5,Active,0
1006726,102835,-46,36,29,Active,0
1008164,109540,-12,36,26,Active,0
1001482,101114,-44,24,9,Active,0
1005820,200357,-31,36,33,Active,0
1003084,103402,-3,12,27,Active,0
1007208,109630,-16,24,18,Active,0
1005388,109519,-28,6,18,Active,0
1001341,200555,-23,12,31,Active,0
1001353,105938,-26,36,5,Active,0
1004706,108759,-2,12,29,Active,0
1004179,106568,-37,6,28,Active,0
1005673,102435,-46,6,12,Active,0
1004937,105591,-15,24,28,Active,0
1005089,107325,-33,6,26,Active,0
1004259,109069,-26,24,0,Active,0
1009067,105664,-5,12,8,Active,0
1007438,101840,-36,24,34,Active,0
1007605,101240,-27,6,27,Active,0
1004879,104097,-8,12,5,Active,0
1000093,107125,-40,12,9,Active,0
1004254,106477,-11,36,20,Active,0
1006525,200312,-7,12,8,Active,0
1004663,104445,-44,12,2,Active,0
1004026,100303,-37,24,25,Active,0
1005881,104165,-12,12,27,Active,0
1001078,103131,-38,24,33,Active,0
1000120,104192,-37,36,9,Active,0
1006545,200044,-30,6,0,Active,0
1001173,109510,-45,24,29,Active,0
1009762,102054,-15,24,16,Active,0
1005337,109519,-44,6,7,Active,0
1002488,200179,-39,36,13,Active,0
1007715,201185,-38,36,1,Active,0
1004721,104879,-40,36,5,Active,0
1001196,201135,-3,24,28,Active,0
1007119,104245,-22,12,26,Active,0
1007826,106021,-16,6,10,Active,0
1005558,101040,-17,12,31,Active,0
1006044,109266,-24,6,4,Active,0
1002220,109508,-5,24,11,Active,0
1008952,105637,-45,24,20,Active,0
1005460,201462,-42,6,4,Active,0
1009493,103771,-43,36,34,Active,0
1004230,108579,-18,12,25,Active,0
1009563,103624,-5,6,24,Active,0
1009548,200711,-3,36,34,Active,0
1004774,107491,-37,6,12,Active,0
1007977,109310,-32,24,29,Active,0
1009048,109697,-28,12,27,Active,0
1009808,105128,-38,6,6,Active,0
1002862,107214,-21,6,12,Active,0
1008659,100249,-36,24,12,Active,0
1004488,102674,-38,36,12,Active,0
1000875,104940,-24,36,16,Active,0
1009048,109697,-4,36,23,Active,0
1002987,104945,-39,36,30,Active,0
1005085,109709,-41,24,34,Active,0
1006301,102271,-33,36,12,Active,0
1008405,100649,-21,24,0,Active,0
1002270,100338,-10,36,24,Active,0
1005808,101459,-20,12,21,Active,0
1003201,104014,-17,36,14,Active,0
1002971,201600,-35,6,2,Active,0
1000457,201897,-37,24,21,Active,0
1008135,201891,-12,12,12,Active,0
1007993,200770,-7,12,5,Active,0
1007589,201626,-45,36,30,Active,0
1003637,200391,-41,24,23,Active,0
1009106,103491,-29,36,18,Active,0
1009031,106351,-27,36,18,Active,0
1003867,106117,-20,36,12,Active,0
1001667,109820,-32,6,29,Active,0
1008443,106448,-8,24,4,Active,0
1007147,107856,-11,24,1,Active,0
1000990,101701,-12,6,34,Active,0
1003822,201684,-21,12,3,Active,0
1004285,103563,-37,6,18,Active,0
1008019,105631,-35,36,22,Active,0
1002532,103316,-46,36,24,Active,0
1005450,109101,-35,36,18,Active,0
1005362,109926,-35,36,17,Active,0
1007050,107461,-25,6,17,Active,0
1004310,105043,-45,24,13,Active,0
1009991,200056,-44,36,22,Active,0
1003255,100720,-14,36,22,Active,0
1004357,109048,-39,12,16,Active,0
1001405,103938,-11,6,33,Active,0
1006939,106819,-34,24,14,Active,0
1000523,105360,-37,6,24,Active,0
1000354,104106,-45,12,18,Active,0
1005043,201835,-43,36,14,Active,0
1000196,201033,-8,6,19,Active,0
1009227,103502,-22,24,11,Active,0
1007268,102366,-38,6,20,Active,0
1009556,105562,-19,12,33,Active,0
1008779,107456,-26,24,4,Active,0
1006370,201254,-30,36,15,Active,0
1003688,105253,-33,6,16,Active,0
1000101,108528,-29,6,30,Active,0
1003314,201551,-18,36,32,Active,0
1001079,105622,-20,24,31,Active,0
1006295,107990,-27,36,4,Active,0
1002500,109517,-45,12,21,Active,0
1008336,100238,-36,24,3,Active,0
1000763,104654,-42,24,4,Active,0
1000871,100640,-44,6,26,Active,0
1008895,102769,-30,6,5,Active,0
1005837,105029,-46,36,34,Active,0
1000743,105035,-32,12,26,Active,0
1004535,100407,-9,12,24,Active,0
1001851,101500,-6,6,6,Active,0
1000398,101761,-5,6,0,Active,0
1009205,105021,-36,24,30,Active,0
1008201,102094,-44,6,12,Active,0
1004467,101704,-31,24,35,Active,0
1005265,105497,-13,24,23,Active,0
1002536,103952,-13,36,2,Active,0
1008796,101893,-10,6,12,Active,0
1004532,108582,-7,6,33,Active,0
1004919,201453,-25,6,3,Active,0
1006529,105911,-25,36,20,Active,0
1003894,108387,-2,24,28,Active,0
1002784,102835,-33,36,14,Active,0
1005497,105586,-15,24,10,Active,5
1007410,200764,-40,24,32,Active,0
1008334,105215,-14,36,27,Active,0
1003475,107338,-27,36,0,Active,0
1009264,108037,-16,12,23,Active,0
1001610,101977,-7,6,31,Active,0
1004770,101389,-45,6,6,Active,0
1001750,104618,-9,12,5,Active,0
1005100,108325,-37,12,1,Active,0
1000587,103782,-20,24,32,Active,0
1005327,109202,-28,36,11,Active,0
1008107,100924,-5,12,31,Active,0
1008210,200368,-30,24,1,Active,0
1004144,200401,-34,12,31,Active,0
1001419,200687,-29,6,23,Active,0
1001465,104899,-26,36,5,Active,0
1009032,108526,-15,24,4,Active,0
1000155,109294,-23,6,17,Active,0
1006810,105816,-6,36,29,Active,0
1007144,105452,-8,24,12,Active,0
1007252,100317,-3,12,28,Active,0
1006100,106702,-2,6,22,Active,0
1001958,200591,-23,24,24,Active,0
1007177,107665,-26,6,33,Active,0
1006295,107990,-4,12,25,Active,0
1000000,103098,-14,24,34,Active,0
1003002,107730,-26,24,4,Active,0
1006277,103415,-37,36,33,Active,0
1008082,102800,-47,12,30,Active,0
1006170,104292,-9,6,15,Active,0
1001525,105975,-6,24,25,Active,0
1001494,105884,-2,24,2,Active,0
1007100,104109,-32,6,24,Active,0
1009460,201337,-9,12,20,Active,0
1003875,102536,-21,24,27,Active,0
1006276,107751,-3,36,18,Active,0
1008311,107845,-19,6,4,Active,0
1000571,200369,-32,24,3,Active,0
1003190,108947,-45,36,19,Active,0
1009790,107459,-24,6,19,Active,0
1006159,104699,-45,24,22,Active,0
1007048,105692,-15,6,33,Active,0
1007495,200383,-4,24,24,Active,0
1005081,104801,-9,12,34,Active,0
1000312,107598,-7,12,2,Active,0
1000044,200392,-17,12,13,Active,0
1007377,102098,-1,36,25,Active,0
1002578,102079,-43,24,32,Active,0
1001541,103610,-2,36,19,Active,0
1004636,108699,-4,24,21,Active,0
1008325,201342,-29,24,17,Active,0
1000547,106679,-25,36,15,Active,0
1006922,104727,-2,12,12,Active,0
1001685,102246,-18,24,33,Active,0
1003745,104843,-21,24,35,Active,0
1001473,200670,-33,12,19,Active,0
1001841,101019,-29,6,14,Active,0
1007205,201685,-24,6,5,Active,0
1003603,108079,-36,24,3,Active,0
1008310,201224,-19,24,23,Active,0
1001480,106776,-14,6,24,Active,0
1003874,103943,-27,6,7,Active,0
1008836,100740,-15,12,25,Active,0
1009404,100379,-1,36,21,Active,0
1009120,108723,-33,6,32,Active,5
1000786,200029,-24,12,17,Active,0
1000299,104252,-23,12,2,Active,0
1007759,105972,-38,12,33,Active,0
1007027,200800,-9,12,9,Active,0
1005400,106206,-36,6,11,Active,0
1001531,109612,-38,6,32,Active,0
1000419,200305,-43,36,8,Active,0
1001841,101019,-29,36,30,Active,0
1000304,100915,-14,6,1,Active,0
1004240,108399,-4,6,17,Active,0
1009620,107447,-13,24,33,Active,0
1008657,106170,-26,12,1,Active,0
1003470,100660,-18,24,12,Active,0
1003578,105916,-7,6,3,Active,0
1000989,104818,-5,36,26,Active,0
1009530,103340,-28,36,5,Active,0
1006117,104401,-13,6,8,Active,0
1004158,103027,-27,36,16,Active,0
1007316,107353,-12,24,8,Active,0
1009622,109363,-12,24,32,Active,0
1002185,201938,-44,36,32,Active,0
1001251,200709,-12,36,18,Active,0
1006234,101251,-33,6,29,Active,0
1004007,101427,-2,24,10,Active,0
1002839,200175,-31,6,33,Active,0
1003771,103528,-32,12,10,Active,0
1000256,100791,-28,24,24,Active,0
1006000,108449,-26,24,9,Active,0
1008364,103067,-16,6,22,Active,0
1001873,106737,-21,12,17,Active,0
1003539,102004,-19,24,24,Active,0
1000172,104413,-36,6,26,Active,0
1005921,102194,-37,36,23,Active,0
1001716,106308,-4,6,16,Active,0
1000517,201951,-1,24,35,Active,0
1008383,103963,-2,12,4,Active,0
1002467,100562,-6,36,11,Active,0
1001624,103661,-17,6,17,Active,0
1004039,100156,-6,12,28,Active,0
1008651,101518,-3,12,22,Active,0
1000725,100294,-35,6,33,Active,0
1002432,200373,-7,6,24,Active,0
1009258,108414,-40,12,12,Active,0
1007283,100446,-37,12,24,Active,0
1004884,108361,-32,6,33,Active,0
1004602,102672,-47,6,30,Active,0
1009672,200390,-18,24,9,Active,0
1008363,102351,-4,12,14,Active,0
1002703,108392,-28,24,25,Active,0
1009597,100779,-19,36,29,Active,0
1009913,200160,-43,12,10,Active,0
1003432,102773,-21,6,12,Active,0
1007738,105075,-15,6,18,Active,0
1005281,200721,-18,36,24,Active,0
1006189,105334,-9,12,15,Active,0
1001849,101312,-11,24,31,Active,0
1000388,102534,-7,36,18,Active,0
1004050,108298,-5,6,24,Active,0
1003058,106820,-12,36,28,Active,0
1001008,108615,-17,24,18,Active,0
1007208,109630,-8,36,7,Active,0
1002917,105577,-40,12,21,Active,0
1007701,105362,-23,24,28,Active,0
1008661,102705,-35,12,21,Active,0
1008365,100975,-12,36,2,Active,0
1004676,107828,-43,12,32,Active,0
1007237,109634,-20,12,13,Active,0
1000984,102471,-37,36,30,Active,0
1006191,106589,-24,24,32,Active,0
1003284,109124,-30,24,5,Active,5
1002054,106960,-12,6,33,Active,0
1000047,108718,-27,12,4,Active,0
1001337,104368,-11,36,24,Active,0
1000182,102922,-20,24,34,Active,0
1005154,106796,-46,6,32,Active,0
1006296,104942,-37,6,22,Active,0
1007488,103003,-33,36,30,Active,0
1002954,100445,-9,24,0,Active,0
1004182,200226,-28,24,19,Active,5
1000209,101967,-6,6,1,Active,0
1007288,101866,-16,24,4,Active,0
1004088,105037,-5,36,17,Active,0
1005547,105123,-8,36,16,Active,0
1000444,100650,-30,36,10,Active,0
1009148,105062,-47,12,1,Active,0
1007941,104964,-18,12,26,Active,0
1001034,102457,-35,36,20,Active,0
1007911,100442,-12,6,13,Active,0
1005915,108979,-22,36,0,Active,0
1009861,201178,-26,36,22,Active,0
1001606,100245,-45,36,16,Active,0
1008752,102121,-29,24,25,Active,0
1005144,108709,-33,12,22,Active,0
1009788,109179,-39,36,25,Active,0
1004815,200853,-46,36,22,Active,0
1003734,200733,-12,12,34,Active,0
1002925,101726,-14,6,23,Active,0
1008864,201969,-32,24,35,Active,0
1006236,101635,-8,6,24,Active,0
1004231,200103,-2,36,32,Active,0
1009702,101670,-14,36,3,Active,0
1006679,106695,-45,12,21,Active,0
1009896,103288,-32,12,15,Active,0
1000209,101967,-16,12,33,Active,0
1001682,105949,-12,6,1,Active,0
1000506,100825,-19,12,2,Active,0
1008494,109696,-15,36,16,Active,0
1009044,200003,-8,12,17,Active,0
1006367,104894,-46,6,35,Active,0
1000145,106797,-36,36,12,Active,0
1008055,103429,-18,6,20,Active,0
1000717,106501,-19,6,25,Active,0
1008967,109201,-12,36,7,Active,0
1004314,100562,-43,24,5,Active,0
1001319,103400,-6,12,3,Active,0
1004238,101035,-19,24,7,Active,0
1007095,200303,-27,36,12,Active,0
1004123,102283,-47,6,8,Active,0
1009092,101319,-47,12,28,Active,0
1004307,201679,-11,24,28,Active,0
1005712,105787,-7,24,7,Active,0
1003800,200692,-14,24,3,Active,0
1004653,102814,-38,12,8,Active,0
1009803,100614,-31,36,18,Active,0
1009066,104955,-26,6,4,Active,0
1005737,109935,-13,6,5,Active,0
1009772,100367,-33,24,14,Active,0
1000805,109568,-10,24,30,Active,0
1005879,108554,-3,6,11,Active,0
1004283,201657,-27,12,20,Active,0
1001255,100631,-8,6,33,Active,0
1002816,107528,-38,12,4,Active,0
1008510,201642,-25,12,34,Active,0
1004865,107911,-3,24,10,Active,0
1001646,108105,-23,6,27,Active,0
1007788,108596,-15,36,22,Active,0
1004634,107847,-45,12,13,Active,0
1001145,201583,-40,24,16,Active,0
1007251,109068,-2,24,17,Active,0
1008637,103274,-31,24,4,Active,0
1009255,200787,-30,6,24,Active,0
1001950,109230,-3,24,1,Active,0
1002875,102165,-9,6,20,Active,0
1006241,105815,-15,24,5,Active,0
1003198,106370,-16,12,5,Active,0
1003634,109948,-30,6,9,Active,0
1003508,105710,-29,24,6,Active,0
1008473,100875,-36,6,31,Active,0
1007992,106541,-30,24,26,Active,0
1009108,109005,-37,12,28,Active,0
1002035,101644,-46,12,31,Active,0
1004964,108805,-32,6,9,Active,0
1008352,200888,-43,6,35,Active,0
1009474,109211,-16,24,18,Active,0
1000581,104701,-47,12,21,Active,0
1008423,101365,-42,12,33,Active,0
1003276,200105,-5,36,28,Active,0
1003504,201669,-38,36,19,Active,0
1005737,109935,-43,24,11,Active,0
1008972,103434,-13,24,31,Active,0
1006386,104221,-23,24,27,Active,0
1008523,105586,-17,24,14,Active,0
1008798,104007,-45,12,24,Active,0
1003586,102783,-6,6,10,Active,0
1006081,100623,-29,36,2,Active,0
1001946,104767,-34,12,16,Active,0
1001213,105108,-6,12,10,Active,0
1009394,105692,-14,6,26,Active,0
1003908,109031,-47,24,13,Active,0
1009814,103259,-43,24,6,Active,0
1004726,201501,-4,6,2,Active,0
1000342,107432,-45,36,19,Active,0
1000814,200626,-16,24,10,Active,0
1004873,201327,-13,36,13,Active,0
1008737,103545,-6,36,8,Active,0
1009144,104876,-33,36,3,Active,0
1008466,103687,-16,36,16,Active,0
1004039,100156,-6,24,9,Active,0
1006268,104338,-6,6,5,Active,0
1005498,101631,-11,36,24,Active,0
1009690,104960,-34,24,12,Active,0
1003261,109342,-18,6,4,Active,0
1004659,102719,-7,24,3,Active,0
1001948,102569,-24,6,6,Active,0
1007474,102427,-46,24,7,Active,0
1007723,100502,-17,6,23,Active,0
1008581,105181,-25,24,24,Active,0
1001485,100131,-37,24,19,Active,0
1005540,200765,-33,12,30,Active,0
1004950,103330,-37,24,35,Active,0
1008335,106008,-42,6,4,Active,0
1003366,102653,-7,36,16,Active,0
1001193,200391,-36,6,10,Active,0
1008467,105662,-11,6,10,Active,0
1005998,106496,-18,24,18,Active,0
1005554,107247,-5,12,31,Active,0
1005160,103345,-12,24,9,Active,0
1006812,103581,-6,24,0,Active,0
1002091,102596,-26,6,9,Active,0
1002207,101352,-11,36,1,Active,0
1004675,100555,-46,12,34,Active,0
1006539,104366,-32,24,15,Active,0
1001956,101755,-44,12,11,Active,0
1009463,106348,-11,24,32,Active,0
1005179,104807,-14,6,22,Active,0
1006875,107559,-45,24,33,Active,0
1008568,106571,-1,6,17,Active,0
1000834,100290,-8,12,29,Active,0
1004501,201653,-40,12,35,Active,0
1008062,201735,-46,12,2,Active,0
1009311,200909,-35,36,3,Active,0
1005182,101832,-38,6,8,Active,0
1008755,102572,-24,36,35,Active,0
1003000,109562,-27,36,6,Active,0
1001622,107995,-23,24,6,Active,5
1005752,108571,-19,6,21,Active,0
1007398,101520,-40,36,8,Active,0
1004943,103004,-17,6,25,Active,0
1001419,200687,-23,6,26,Active,0
1004681,107488,-1,36,10,Active,0
1002133,200690,-17,36,27,Active,0
1009595,107631,-39,36,11,Active,0
1004114,109380,-16,36,13,Active,0
1001457,105469,-44,12,30,Active,0
1009737,200739,-8,36,11,Active,0
1004878,201714,-15,36,22,Active,0
1004575,106866,-8,6,13,Active,0
1003720,103077,-38,6,25,Active,0
1002234,109986,-30,24,29,Active,0
1007375,105937,-18,24,34,Active,0
1006497,100114,-5,36,25,Active,0
1005892,100213,-35,36,7,Active,0
1009094,109284,-43,24,28,Active,0
1004333,106913,-41,12,32,Active,0
1004494,104491,-30,6,28,Active,0
1004774,107491,-37,36,31,Active,0
1002269,104804,-46,12,21,Active,0
1000784,100581,-22,36,4,Active,0
1007926,200258,-8,36,26,Active,0
1002595,101594,-27,12,31,Active,0
1000792,107456,-27,24,33,Active,0
1009584,100504,-4,24,35,Active,0
1008479,100682,-36,6,14,Active,0
1005340,200520,-11,12,28,Active,0
1004188,108197,-39,6,9,Active,0
1005070,101894,-28,12,15,Active,0
1002419,103632,-31,12,8,Active,5
1001727,105205,-23,12,12,Active,0
1009963,201868,-11,36,24,Active,0
1009293,105051,-11,24,18,Active,0
1000652,109436,-1,12,27,Active,0
1001020,201713,-40,12,17,Active,0
1002973,102652,-5,24,12,Active,0
1009933,109087,-3,24,12,Active,0
1008377,108792,-39,12,35,Active,0
1009500,101182,-33,12,34,Active,0
1007816,106396,-25,6,3,Active,0
1002413,107767,-33,6,10,Active,0
1008467,105662,-21,6,26,Active,0
1009105,103684,-1,12,12,Active,0
1000914,100823,-19,12,31,Active,0
1001380,106606,-22,24,1,Active,5
1003075,104858,-14,24,7,Active,0
1005864,102065,-30,36,7,Active,0
1007116,107173,-35,36,28,Active,0
1003501,101801,-35,36,15,Active,0
1008801,103129,-27,12,18,Active,5
1003895,105769,-39,6,11,Active,0
1004739,201573,-30,36,20,Active,0
1005500,106564,-26,12,31,Active,0
1000679,106835,-20,24,0,Active,0
1008785,200714,-29,12,1,Active,0
1001781,102905,-33,24,0,Active,0
1004016,100522,-23,6,6,Active,0
1004190,106282,-13,6,13,Active,0
1006434,106792,-18,6,13,Active,0
1006195,100167,-15,6,2,Active,5
1007824,101807,-17,12,1,Active,0
1000115,105173,-41,6,26,Active,0
1005253,105441,-15,12,6,Active,0
1007913,201170,-9,24,2,Active,0
1002227,200566,-5,24,0,Active,0
1007437,102655,-1,36,22,Active,0
1003036,106207,-17,24,9,Active,0
1001788,108156,-2,36,6,Active,0
1004606,106485,-24,36,4,Active,0
1008157,101333,-46,6,24,Active,0
1002229,107363,-38,24,10,Active,0
1009852,103661,-30,12,15,Active,0
1001320,101879,-21,24,8,Active,0
1000498,103573,-38,36,24,Active,0
1003944,108531,-18,36,10,Active,0
1004371,104066,-20,12,7,Active,0
1000473,106215,-25,6,23,Active,0
1008218,107554,-2,24,8,Active,0
1003592,102673,-22,36,14,Active,0
1006204,105409,-8,12,27,Active,0
1004571,103307,-12,12,29,Active,0
1002410,107866,-47,24,33,Active,0
1004495,201327,-35,36,19,Active,0
1006641,201109,-5,36,32,Active,0
1003097,200437,-25,6,29,Active,0
1001749,200509,-30,6,18,Active,0
1002291,200688,-36,36,3,Active,0
1001286,109048,-32,24,34,Active,0
1000123,108909,-13,12,6,Active,0
1001557,102558,-29,12,29,Active,0
1004924,101265,-12,24,5,Active,0
1003532,201062,-25,6,22,Active,0
1008349,104068,-17,24,31,Active,0
1008885,101263,-12,6,22,Active,0
1003536,104477,-11,6,0,Active,0
1000544,103937,-26,6,35,Active,0
1008894,103963,-42,12,7,Active,0
1003511,106518,-23,24,19,Active,0
1003441,102144,-36,24,31,Active,0
1009676,201209,-45,6,18,Active,0
1002603,100317,-29,36,7,Active,0
1002662,107751,-47,6,16,Active,0
1008976,102616,-21,6,26,Active,0
1001462,201089,-41,6,22,Active,0
1009879,101165,-29,6,32,Active,0
1004849,100962,-25,24,17,Active,0
1008577,105990,-26,24,25,Active,0
1005213,200521,-28,6,2,Active,0
1004924,101265,-27,24,9,Active,0
1009829,200644,-5,6,29,Active,0
1004619,108952,-41,36,2,Active,0
1000472,106939,-4,6,26,Active,0
1000458,108454,-19,6,28,Active,0
1005541,105087,-40,36,24,Active,0
1006954,100365,-3,24,34,Active,0
1008428,107927,-5,24,3,Active,0
1008484,102950,-28,36,27,Active,0
1002146,103149,-47,24,11,Active,0
1006404,106063,-41,36,26,Active,0
1000033,100187,-5,36,30,Active,0
1000979,100582,-9,36,31,Active,0
1000062,106261,-22,12,22,Active,0
1004264,102967,-44,6,13,Active,0
1000136,201210,-34,36,27,Active,0
1007233,109635,-27,36,10,Active,0
1005518,104033,-39,24,30,Active,0
1001937,106804,-44,12,5,Active,0
1004472,102468,-23,6,22,Active,0
1001179,103844,-1,24,24,Active,0
1004062,102835,-28,12,15,Active,0
1006434,106792,-32,24,25,Active,0
1007280,102269,-26,36,10,Active,0
1001040,200953,-23,36,9,Active,0
1003890,105649,-42,12,32,Active,0
1007776,101433,-8,24,13,Active,0
1004733,201954,-25,6,32,Active,0
1004889,102019,-29,6,5,Active,0
1000002,105747,-28,6,0,Active,0
1008410,102719,-31,6,33,Active,0
1000951,100818,-4,24,19,Active,0
1005415,103118,-40,24,20,Active,0
1002033,109445,-11,12,23,Active,0
1007386,105559,-29,36,10,Active,0
1002367,104348,-43,24,22,Active,0
1002731,105521,-44,6,33,Active,0
1005020,101853,-35,24,0,Active,0
1009386,109534,-30,24,5,Active,0
1008712,108649,-27,36,20,Active,0
1003125,102512,-43,6,20,Active,0
1009480,106391,-14,6,33,Active,0
1008090,201619,-12,36,13,Active,0
1004206,103507,-33,12,27,Active,0
1003728,201338,-12,12,32,Active,0
1002760,200448,-26,24,34,Active,0
1001954,103579,-9,24,20,Active,0
1004274,108610,-7,12,15,Active,0
1006342,200379,-46,36,29,Active,0
1002818,109767,-6,6,0,Active,0
1009740,107434,-12,24,34,Active,0
1007082,107329,-11,24,30,Active,0
1000971,102652,-28,36,18,Active,0
1008326,108125,-47,6,31,Active,5
1000119,108741,-11,6,30,Active,0
1006148,109242,-26,36,25,Active,0
1002441,103574,-14,12,16,Active,0
1003127,201266,-1,6,31,Active,0
1008577,105990,-34,24,10,Active,0
1003595,101315,-19,24,18,Active,0
1003780,108312,-20,6,25,Active,0
1000470,100687,-2,12,19,Active,0
1007263,102167,-9,36,8,Active,0
1004939,107695,-46,6,30,Active,0
1009257,104960,-36,36,8,Active,0
1007349,101615,-2,6,10,Active,0
1008198,100050,-28,24,12,Active,0
1001177,200729,-35,36,30,Active,0
1007344,107654,-10,6,10,Active,0
1001160,200312,-43,24,5,Active,0
1000855,102294,-23,12,3,Active,0
1002042,107447,-15,6,5,Active,0
1009327,201733,-33,36,28,Active,0
1001754,109128,-28,6,9,Active,0
1006025,101973,-9,24,31,Active,0
1001110,101179,-34,6,30,Active,0
1001283,103379,-6,24,9,Active,0
1002499,108010,-28,24,2,Active,0
1003488,106427,-44,24,31,Active,0
1006592,201023,-1,12,1,Active,5
1002446,100861,-43,36,4,Active,0
1006594,105933,-26,6,13,Active,0
1009751,105349,-42,24,15,Active,0
1009833,105274,-20,12,22,Active,0
1008280,200224,-37,36,33,Active,0
1007950,103429,-44,36,9,Active,0
1005646,100006,-8,24,26,Active,0
1002000,109916,-4,24,9,Active,0
1007174,106084,-3,24,14,Active,0
1002457,201901,-43,24,8,Active,0
1009179,109015,-17,12,4,Active,0
1004859,104708,-7,12,16,Active,0
1007686,200166,-29,6,18,Active,0
1009403,200463,-32,12,1,Active,0
1000137,100836,-46,6,10,Active,0
1002284,102991,-28,36,23,Active,0
1009052,108190,-12,36,35,Active,0
1001804,105810,-21,6,22,Active,0
1003527,106642,-5,12,3,Active,0
1007740,101400,-3,6,8,Active,5
1008144,108440,-1,6,14,Active,0
1008955,105429,-41,12,26,Active,0
1007242,201848,-43,36,14,Active,0
1004433,200698,-23,36,16,Active,0
1005562,108218,-40,12,16,Active,0
1005714,109603,-5,12,6,Active,0
1005277,100313,-34,12,1,Active,0
1000210,201723,-40,36,10,Active,0
1001697,103456,-40,6,22,Active,0
1009751,105349,-42,12,33,Active,0
1009552,108210,-12,12,0,Active,0
1002963,100869,-13,6,8,Active,0
1008537,109387,-18,12,7,Active,0
1002473,109614,-22,24,25,Active,5
1000778,100797,-31,12,12,Active,0
1005030,109587,-13,24,14,Active,0
1008989,103493,-38,24,28,Active,5
1005671,106410,-18,36,16,Active,0
1007973,102435,-13,24,20,Active,0
1009582,109975,-47,24,2,Active,0
1003310,200724,-17,12,2,Active,0
1003662,201045,-28,12,25,Active,0
1003677,102449,-29,12,15,Active,0
1001467,103124,-11,36,29,Active,0
1009439,101060,-9,24,34,Active,0
1001167,102819,-2,36,26,Active,0
1001019,103492,-12,24,33,Active,0
1000824,200406,-29,24,24,Active,0
1005391,103853,-14,36,31,Active,0
1008984,109716,-47,6,24,Active,0
1002345,201321,-17,24,25,Active,0
1008269,104963,-17,12,4,Active,0
1000293,109882,-7,6,21,Active,0
1009634,105179,-17,24,13,Active,0
1005903,107568,-45,36,35,Active,0
1000440,200661,-14,12,9,Active,0
1003166,104194,-29,12,35,Active,5
1008569,107396,-22,12,24,Active,0
1004844,104015,-27,24,12,Active,0
1007883,100176,-2,36,11,Active,0
1003084,103402,-8,36,25,Active,0
1007840,200032,-8,24,0,Active,0
1005926,104419,-26,24,2,Active,0
1005717,104033,-11,36,24,Active,0
1008993,107020,-12,36,12,Active,0
1004827,102975,-23,36,18,Active,0
1004032,109541,-16,12,28,Active,0
1004927,200406,-26,24,13,Active,0
1005032,200371,-3,12,29,Active,0
1005481,105730,-39,12,15,Active,0
1007099,103403,-23,12,17,Active,0
1001498,103015,-47,6,11,Active,0
1007149,109265,-36,24,34,Active,0
1000058,106918,-1,24,28,Active,0
1005380,104434,-20,12,20,Active,0
1005801,200935,-18,6,26,Active,0
1002094,102457,-13,36,13,Active,0
1009230,107274,-10,6,26,Active,0
1009387,102162,-28,6,22,Active,0
1006883,105026,-46,12,12,Active,0
1005226,109178,-27,36,15,Active,5
1007849,107205,-11,36,27,Active,0
1006572,201506,-3,24,9,Active,0
1003241,107884,-17,24,11,Active,0
1001187,106629,-13,12,23,Active,0
1004930,200304,-21,12,2,Active,0
1008080,105926,-28,12,6,Active,0
1007618,106907,-13,12,24,Active,0
1007831,108743,-3,36,1,Active,0
1007201,101848,-33,12,10,Active,0
1005955,108277,-12,24,17,Active,0
1005567,100062,-12,24,29,Active,0
1007358,201027,-27,6,18,Active,0
1004943,103004,-1,24,16,Active,0
1004827,102975,-47,6,10,Active,0
1007622,103915,-7,36,31,Active,0
1007380,101134,-1,36,22,Active,0
1006301,102271,-9,12,3,Active,0
1006363,201462,-37,6,13,Active,0
1002729,105528,-23,36,33,Active,0
1000988,109755,-8,12,8,Active,0
1004284,101764,-3,24,14,Active,0
1004286,104164,-27,36,34,Active,0
1006835,105237,-39,36,27,Active,0
1001571,108181,-32,36,27,Active,0
1007612,107558,-44,24,35,Active,0
1004108,201977,-40,24,32,Active,0
1001664,106213,-11,24,34,Active,0
1004862,201258,-13,12,16,Active,0
1004233,101005,-23,12,29,Active,0
1002622,106908,-32,24,25,Active,0
1003991,100827,-30,6,3,Active,0
1006994,201718,-45,6,13,Active,0
1007743,101345,-22,6,25,Active,0
1009011,105176,-4,12,26,Active,0
1007000,107256,-8,12,11,Active,0
1001865,200513,-30,12,34,Active,0
1009906,106999,-14,24,35,Active,0
1008814,102448,-5,6,3,Active,0
1002181,109749,-27,24,26,Active,0
1006460,106847,-7,36,21,Active,0
1003578,105916,-19,36,5,Active,0
1005452,106796,-8,36,14,Active,0
1007864,102167,-29,36,24,Active,0
1008563,104571,-44,36,29,Active,0
1000272,201543,-27,6,11,Active,0
1001672,100801,-37,24,32,Active,0
1002681,102727,-36,6,23,Active,0
1003293,100128,-38,36,2,Active,0
1004376,107422,-6,36,35,Active,0
1008607,103876,-37,36,30,Active,0
1001237,101616,-31,12,8,Active,0
1006366,200230,-15,12,17,Active,0
1005691,109223,-21,36,1,Active,0
1004227,201610,-6,24,29,Active,0
1003134,104152,-32,24,2,Active,0
1007567,105229,-36,6,11,Active,5
1007083,108464,-41,12,6,Active,0
1009395,106870,-25,36,23,Active,0
1003075,104858,-24,24,10,Active,0
1000522,103548,-11,12,33,Active,5
1007334,106721,-43,24,19,Active,0
1006255,105572,-16,6,12,Active,0
1002199,109050,-43,24,1,Active,0
1002210,105283,-40,6,20,Active,0
1008670,200083,-44,6,17,Active,0
1003046,106125,-6,12,6,Active,0
1008598,101769,-45,24,23,Active,0
1001768,109822,-9,24,22,Active,0
1005940,101921,-13,12,12,Active,0
1008366,106896,-19,36,22,Active,0
1000305,201492,-21,6,10,Active,0
1004470,201371,-15,6,19,Active,0
1003608,105686,-23,12,20,Active,0
1003112,103598,-29,6,10,Active,0
1004939,107695,-10,6,14,Active,0
1005104,200160,-9,6,0,Active,0
1003270,108790,-29,6,0,Active,0
1008376,109901,-44,24,18,Active,0
1000719,101541,-2,12,19,Active,0
1004164,100294,-16,12,29,Active,0
1003374,102486,-9,24,26,Active,0
1001030,108148,-41,12,14,Active,0
1004210,109181,-33,12,25,Active,0
1004594,104475,-25,6,10,Active,0
1000348,107679,-43,24,18,Active,5
1003389,106107,-17,12,15,Active,0
1003066,105259,-40,24,22,Active,0
1009963,201868,-26,36,8,Active,0
1005540,200765,-38,6,2,Active,0
1006156,106771,-40,6,26,Active,0
1002881,106830,-19,24,21,Active,0
1009483,109301,-2,36,6,Active,0
1000438,105307,-46,6,26,Active,0
1007530,201320,-7,36,21,Active,0
1002028,104554,-20,36,29,Active,0
1008509,201749,-27,24,3,Active,0
1004570,102053,-35,12,28,Active,0
1002597,104947,-43,6,8,Active,0
1000962,200823,-28,6,15,Active,0
1003801,200999,-37,36,4,Active,0
1009394,105692,-23,12,34,Active,0
1005843,105443,-19,36,11,Active,0
1000723,201056,-2,12,28,Active,0
1002043,105365,-10,6,2,Active,0
1006753,108314,-27,12,12,Active,0
1009997,104541,-26,36,28,Active,0
1001167,102819,-42,36,26,Active,0
1001482,101114,-30,36,32,Active,0
1001109,108915,-42,12,31,Active,0
1002094,102457,-21,12,15,Active,0
1001199,101103,-34,6,28,Active,0
1008855,102678,-20,24,14,Active,0
1000086,101314,-47,24,1,Active,0
1005912,107266,-31,12,18,Active,0
1008298,106276,-25,24,6,Active,0
1009304,106425,-13,12,23,Active,0
1005995,104501,-21,24,15,Active,0
1008424,101645,-44,12,10,Active,0
1004013,201248,-8,6,15,Active,0
1004998,200341,-25,6,0,Active,0
1003907,200251,-5,36,32,Active,0
1008986,106778,-45,6,10,Active,0
1007835,103302,-25,36,12,Active,0
1004540,200174,-18,12,8,Active,0
1004746,105242,-17,36,14,Active,0
1005846,107800,-2,12,25,Active,0
1009271,107608,-10,36,13,Active,0
1001225,104989,-30,24,17,Active,0
1000547,106679,-22,12,9,Active,0
1002042,107447,-36,6,12,Active,0
1004779,102856,-6,36,29,Active,0
1004962,106060,-24,24,6,Active,0
1006279,201988,-2,36,28,Active,0
1000434,201699,-5,36,24,Active,0
1002874,104801,-2,12,6,Active,0
1000598,107753,-14,24,33,Active,0
1000162,107354,-27,36,11,Active,0
1000874,104919,-10,6,34,Active,0
1003823,106693,-17,36,16,Active,0
1005361,106767,-38,36,34,Active,0
1001302,106225,-2,36,12,Active,0
1009005,107687,-43,12,10,Active,0
1001370,103087,-26,24,31,Active,0
1000241,102376,-44,6,29,Active,0
1003429,200768,-27,24,11,Active,0
1002108,102351,-34,12,30,Active,0
1001746,108505,-1,36,23,Active,0
1000592,103722,-40,36,29,Active,0
1009173,105908,-3,24,35,Active,0
1007998,108429,-27,36,35,Active,0
1007710,100335,-20,24,9,Active,0
1000959,100994,-42,24,2,Active,0
1004260,108307,-24,6,8,Active,0
1001977,106764,-36,36,30,Active,0
1000993,100134,-5,12,1,Active,0
1005809,109697,-15,36,23,Active,0
1005825,201030,-41,36,4,Active,0
1004122,101111,-27,24,25,Active,0
1003033,201023,-27,12,0,Active,0
1007236,103415,-45,6,14,Active,0
1003733,103875,-6,36,28,Active,0
1004107,101726,-4,6,29,Active,0
1002854,109897,-2,6,18,Active,0
1001892,103982,-4,6,29,Active,0
1009648,103176,-21,6,8,Active,0
1008011,108424,-15,6,29,Active,0
1006459,109667,-35,12,12,Active,0
1007642,107667,-35,6,28,Active,0
1000953,106370,-35,24,7,Active,0
1000455,102734,-13,36,2,Active,0
1006138,108712,-13,36,8,Active,5
1009481,104752,-25,36,4,Active,0
1007404,105563,-39,24,12,Active,0
1002476,101886,-32,12,27,Active,0
1000284,103755,-41,36,18,Active,0
1007620,107255,-37,24,13,Active,0
1005169,201771,-33,36,34,Active,0
1001355,200427,-1,12,9,Active,0
1006326,108222,-12,12,2,Active,0
1002763,101589,-32,24,16,Active,0
1000604,201689,-42,6,18,Active,0
1003463,107924,-38,24,31,Active,0
1006293,108166,-33,24,34,Active,0
1005194,109400,-36,36,19,Active,0
1001254,201767,-26,6,14,Active,0
1005722,106526,-32,6,11,Active,0
1008734,103403,-6,36,4,Active,0
1004737,101203,-36,36,9,Active,0
1005425,107081,-9,24,32,Active,0
1001168,103751,-16,24,21,Active,0
1004831,201187,-4,12,30,Active,0
1000675,103905,-29,6,19,Active,0
1003594,102278,-7,12,31,Active,0
1007708,104265,-46,36,10,Active,0
1009469,109420,-41,24,10,Active,0
1000718,108176,-13,12,31,Active,0
1009044,200003,-2,36,7,Active,0
1005835,107890,-21,6,27,Active,0
1007699,102029,-17,6,33,Active,0
1008031,104278,-5,24,30,Active,0
1009544,104275,-4,36,0,Active,0
1006567,101260,-9,6,2,Active,0
1007593,103259,-32,36,34,Active,0
1006406,106006,-23,36,5,Active,0
1000085,107918,-45,24,4,Active,0
1005155,201393,-20,36,28,Active,0
1007424,200252,-27,24,0,Active,0
1003276,200105,-29,6,29,Active,0
1007437,102655,-23,12,4,Active,0
1002886,100300,-40,12,28,Active,0
1004823,105442,-29,12,10,Active,0
1009004,102587,-15,12,5,Active,0
1002311,100160,-33,36,33,Active,0
1007148,102102,-32,24,28,Active,0
1009431,200599,-40,36,27,Active,0
1005616,100565,-43,12,12,Active,0
1003421,101024,-23,12,31,Active,0
1004856,105887,-35,6,13,Active,0
1004336,100128,-42,36,35,Active,0
1002157,108720,-15,6,32,Active,0
1007882,103989,-3,6,32,Active,0
1006436,104950,-11,24,30,Active,0
1003750,101091,-26,6,25,Active,0
1003499,201212,-3,24,21,Active,0
1007807,200074,-44,6,21,Active,0
1001632,105483,-41,36,32,Active,0
1006687,104427,-41,12,18,Active,0
1001904,200909,-29,36,32,Active,0
1004745,103082,-28,12,10,Active,0
1008169,200966,-14,24,25,Active,0
1005417,107283,-40,24,26,Active,0
1007893,105794,-12,24,9,Active,0
1002999,109803,-36,12,30,Active,0
1000531,107290,-11,24,28,Active,0
1000586,100960,-20,6,6,Active,0
1006907,108165,-31,12,33,Active,0
1008304,200498,-46,6,23,Active,0
1008855,102678,-45,12,13,Active,0
1006722,108801,-4,12,1,Active,0
1002898,102752,-32,6,4,Active,0
1001475,101287,-9,36,25,Active,0
1004203,103183,-46,24,7,Active,0
1008051,106607,-11,6,1,Active,0
1003819,104038,-26,12,0,Active,0
1004131,101075,-47,12,17,Active,0
1000916,103142,-45,24,34,Active,0
1000349,108138,-34,6,31,Active,0
1002162,106791,-37,12,35,Active,0
1009003,102775,-5,12,10,Active,0
1000117,104073,-30,36,34,Active,0
1006568,107882,-4,12,9,Active,0
1008239,104298,-41,24,25,Active,0
1000783,105166,-43,12,14,Active,0
1002883,109393,-33,12,30,Active,0
1003859,201764,-36,12,27,Active,0
1002580,107902,-44,24,4,Active,0
1006170,104292,-27,6,10,Active,0
1001347,107891,-34,24,25,Active,0
1007881,200900,-28,24,33,Active,0
1007688,100901,-25,24,18,Active,0
1007054,104730,-23,24,19,Active,0
1000068,108589,-13,6,8,Active,5
1007067,200133,-42,12,17,Active,0
1003878,109921,-31,36,29,Active,0
1004706,108759,-29,12,10,Active,0
1004246,107847,-23,6,29,Active,0
1002044,106390,-23,36,33,Active,0
1000681,100795,-45,24,25,Active,0
1006083,109496,-37,6,12,Active,0
1005048,200049,-29,12,6,Active,0
1005316,108607,-45,36,18,Active,0
1005974,101736,-12,24,27,Active,0
1006557,100849,-32,36,35,Active,0
1006256,108104,-1,12,19,Active,0
1009707,105919,-19,36,13,Active,0
1006632,200686,-24,6,5,Active,0
1002826,200344,-40,36,19,Active,5
1008662,107647,-25,6,33,Active,0
1006838,200177,-41,12,23,Active,0
1001709,102245,-7,36,8,Active,0
1000845,105111,-26,24,10,Active,0
1008118,107454,-18,24,32,Active,0
1007416,100097,-5,36,1,Active,0
1003563,108002,-43,6,23,Active,0
1006173,103690,-36,36,12,Active,0
1009886,100321,-29,24,15,Active,0
1008567,100572,-8,6,18,Active,0
1007365,200472,-20,24,33,Active,0
1006679,106695,-42,36,25,Active,0
1000259,106795,-28,24,1,Active,5
1007876,102441,-45,6,7,Active,0
1005862,108513,-19,24,6,Active,0
1007232,104397,-14,12,2,Active,0
1000153,106081,-40,24,31,Active,0
1004341,107975,-20,6,21,Active,0
1007030,103781,-9,24,25,Active,0
1000615,200009,-23,12,8,Active,0
1007917,101458,-5,36,6,Active,0
1003145,102582,-16,36,20,Active,0
1009569,201378,-26,36,1,Active,0
1005972,105361,-21,12,12,Active,0
1007721,103016,-29,6,6,Active,0
1004144,200401,-1,24,25,Active,0
1007038,100609,-15,12,20,Active,0
1001446,108316,-34,6,5,Active,0
1004603,109091,-41,24,20,Active,0
1003832,102242,-36,6,33,Active,0
1004402,106448,-11,6,0,Active,0
1001227,109356,-43,6,9,Active,0
1005590,105219,-8,6,22,Active,0
1003775,108428,-46,6,28,Active,0
1008857,201734,-6,12,3,Active,0
1003791,201622,-24,12,0,Active,0
1002109,101072,-43,6,17,Active,0
1005124,107848,-13,12,24,Active,0
1009968,107601,-30,36,17,Active,0
1007371,102871,-31,24,16,Active,0
1007106,106744,-47,24,23,Active,0
1008346,109383,-38,36,10,Active,0
1002554,101630,-41,12,21,Active,0
1009457,201241,-25,6,33,Active,0
1000106,108599,-36,36,8,Active,0
1000235,201127,-5,6,27,Active,0
1005185,201996,-12,12,35,Active,0
1006770,109237,-22,12,17,Active,0
1008546,201271,-45,12,27,Active,0
1004569,109747,-21,36,3,Active,0
1002890,201871,-26,6,6,Active,0
1002592,109113,-27,6,1,Active,0
1000487,200758,-21,36,27,Active,0
1001857,105793,-36,24,16,Active,0
1000276,108201,-39,36,0,Active,0
1006715,101388,-23,6,7,Active,0
1005795,105494,-26,12,25,Active,0
1003207,200562,-4,36,12,Active,0
1009012,109245,-46,6,30,Active,0
1005268,108355,-37,36,31,Active,0
1009846,101994,-29,24,34,Active,0
1002830,106081,-36,12,9,Active,0
1001292,100334,-23,12,0,Active,0
1004832,102212,-17,24,5,Active,0
1007866,109758,-9,36,7,Active,0
1004250,201530,-4,24,13,Active,0
1002844,102592,-32,36,5,Active,0
1006054,105349,-15,12,7,Active,0
1006370,201254,-34,6,20,Active,0
1004730,109305,-18,12,18,Active,0
1008904,102534,-3,12,12,Active,0
1001284,200624,-19,12,28,Active,0
1002431,108908,-28,36,6,Active,0
1002691,100350,-11,12,1,Active,0
1001575,106721,-33,6,24,Active,0
1003455,105030,-29,36,32,Active,0
1003655,103020,-15,24,13,Active,0
1004104,109605,-20,12,3,Active,0
1001979,103238,-15,24,20,Active,0
1005755,200242,-7,36,14,Active,0
1004419,108671,-29,12,25,Active,0
1006893,109290,-17,24,15,Active,0
1003236,106862,-28,36,20,Active,0
1006954,100365,-19,36,26,Active,0
1009840,100689,-29,12,6,Active,0
1002373,100854,-7,36,28,Active,0
1007996,106331,-33,24,32,Active,0
1001801,103301,-37,36,12,Active,0
1001708,106709,-10,24,23,Active,0
1000832,108091,-27,12,14,Active,0
1009831,105708,-3,36,5,Active,0
1004384,106090,-41,6,6,Active,0
1005930,102234,-19,6,13,Active,0
1001003,200673,-2,36,21,Active,0
1009425,101061,-25,6,33,Active,0
1004346,105898,-8,36,26,Active,0
1003161,107635,-28,6,23,Active,0
1007519,101371,-32,12,27,Active,0
1002894,201746,-32,12,29,Active,0
1005768,101195,-3,6,19,Active,0
1003001,106833,-4,24,20,Active,0
1001598,107965,-31,36,20,Active,0
1009442,107117,-7,24,4,Active,0
1000202,103863,-31,36,16,Active,0
1000771,102699,-25,24,34,Active,0
1003408,200401,-2,12,7,Active,0
1000338,201908,-37,6,5,Active,0
1000099,107704,-25,6,32,Active,0
1002984,108600,-36,24,35,Active,0
1003666,108567,-30,24,17,Active,0
1008322,106016,-44,6,27,Active,0
1003120,201259,-11,24,12,Active,0
1007366,109823,-37,6,23,Active,0
1006319,103597,-25,12,8,Active,0
1001826,107361,-35,12,20,Active,0
1000520,200911,-47,36,10,Active,0
1006037,109333,-4,24,5,Active,0
1008093,109384,-38,6,30,Active,0
1000837,107868,-5,12,28,Active,0
1002027,103783,-18,6,30,Active,0
1006810,105816,-38,6,25,Active,0
1008186,108476,-10,6,8,Active,0
1000912,108898,-18,24,20,Active,0
1008867,107276,-32,6,16,Active,0
1009714,107466,-28,36,34,Active,0
1001496,100809,-10,12,2,Active,0
1004689,104000,-46,6,16,Active,0
1000127,108278,-38,36,34,Active,0
1003855,108202,-31,6,31,Active,0
1008490,200768,-47,6,9,Active,0
1006930,106457,-40,36,19,Active,0
1003013,200577,-40,36,9,Active,0
1008653,106881,-33,6,19,Active,0
1003063,107870,-38,6,28,Active,0
1008356,201872,-46,12,3,Active,0
1001840,103548,-8,24,20,Active,0
1009514,106459,-8,12,20,Active,0
1003333,107808,-16,12,32,Active,0
1008682,200919,-15,36,18,Active,0
1005890,102749,-2,6,1,Active,5
1001053,107827,-18,6,1,Active,0
1001347,107891,-33,36,16,Active,0
1001738,105629,-35,24,20,Active,0
1008509,201749,-14,12,7,Active,0
1008890,200443,-1,36,4,Active,0
1009283,109722,-15,12,24,Active,0
1001651,101184,-6,6,27,Active,0
1005158,105297,-35,6,1,Active,0
1000063,109033,-24,24,34,Active,0
1005605,109602,-24,36,22,Active,0
1003072,201158,-13,24,13,Active,0
1006231,105333,-7,24,25,Active,0
1001616,107249,-13,36,14,Active,0
1007759,105972,-3,24,14,Active,0
1007789,200153,-9,24,23,Active,0
1005651,107599,-35,6,32,Active,0
1002438,108544,-5,6,19,Active,0
1006386,104221,-4,6,15,Active,0
1009186,201249,-30,6,33,Active,0
1009422,102521,-18,6,21,Active,0
1009715,107090,-7,6,30,Active,0
1005013,101618,-23,12,5,Active,0
1000377,108968,-7,6,12,Active,0
1004159,102303,-39,12,2,Active,0
1009043,104646,-5,24,15,Active,0
1003521,105610,-9,36,15,Active,0
1001830,105901,-17,12,30,Active,0
1009693,101073,-30,12,7,Active,0
1008491,106742,-25,12,7,Active,0
1007409,200056,-45,36,11,Active,0
1002710,103694,-40,6,14,Active,0
1000756,105083,-28,12,7,Active,0
1008534,105408,-21,12,16,Active,0
1005396,102538,-43,36,7,Active,0
1005059,105053,-47,6,31,Active,0
1009076,108034,-10,36,23,Active,0
1004507,106741,-28,6,11,Active,0
1001993,103331,-5,24,31,Active,0
1009961,105900,-19,36,14,Active,0
1003850,109875,-33,6,30,Active,0
1003893,107637,-21,12,12,Active,0
1007912,100962,-28,24,32,Active,0
1003250,106768,-6,24,26,Active,0
1007180,109871,-37,36,18,Active,0
1008231,107288,-47,6,7,Active,0
1008465,100922,-5,24,3,Active,0
1009520,103573,-17,24,9,Active,0
1006616,200725,-22,6,24,Active,0
1001971,104100,-25,12,18,Active,0
1000641,106470,-22,36,27,Active,0
1004442,201501,-7,6,9,Active,5
1004820,105475,-31,6,21,Active,0
1000105,109421,-4,24,31,Active,0
1003757,100134,-25,24,31,Active,0
1002119,200351,-17,24,21,Active,0
1006293,108166,-13,12,5,Active,0
1008566,103030,-7,36,1,Active,0
1009494,102964,-33,36,20,Active,0
1000411,105257,-7,12,14,Active,0
1000686,107232,-46,24,30,Active,0
1007123,200163,-28,24,20,Active,0
1007875,106876,-3,24,27,Active,0
1008971,104757,-39,24,13,Active,0
1005618,104597,-26,24,8,Active,0
1003538,105587,-40,24,16,Active,0
1004480,108525,-17,36,32,Active,0
1002997,100606,-39,36,12,Active,0
1007470,102042,-9,6,29,Active,0
1002048,108341,-28,6,28,Active,0
1004936,102334,-24,6,31,Active,0
1005927,106722,-27,24,2,Active,0
1003020,104105,-44,36,31,Active,0
1008005,104206,-15,6,7,Active,0
1004167,102879,-13,24,9,Active,0
1000024,100047,-39,24,15,Active,0
1001431,103444,-13,36,27,Active,0
1002232,107115,-11,36,21,Active,0
1003902,109701,-14,36,1,Active,0
1001095,103379,-36,24,19,Active,0
1009174,101632,-22,24,23,Active,0
1001473,200670,-21,6,13,Active,0
1007953,109006,-9,24,31,Active,0
1009176,200761,-30,12,1,Active,0
1003541,106422,-20,6,34,Active,0
1008467,105662,-27,6,18,Active,0
1001455,107537,-8,24,5,Active,0
1008532,106906,-10,6,18,Active,0
1007344,107654,-18,6,1,Active,0
1008353,101193,-2,6,5,Active,0
1008330,105195,-44,6,12,Active,0
1004609,106121,-19,12,30,Active,0
1004952,201372,-8,36,8,Active,0
1004921,107475,-16,6,8,Active,0
1006010,201037,-26,36,3,Active,0
1005449,103408,-13,24,19,Active,0
1004898,101977,-32,36,33,Active,0
1003465,109687,-14,6,10,Active,0
1004656,109614,-6,6,30,Active,0
1000665,103074,-9,24,28,Active,0
1007458,104501,-28,24,13,Active,0
1002448,201173,-15,36,17,Active,0
1002836,104730,-20,6,34,Active,0
1006799,105466,-33,24,16,Active,0
1002590,108313,-29,36,21,Active,0
1001794,100326,-43,6,30,Active,0
1003098,104987,-5,24,25,Active,0
1001852,106688,-31,6,17,Active,0
1003156,109173,-22,6,22,Active,0
1008224,109854,-40,36,20,Active,0
1005220,103534,-42,24,5,Active,5
1008796,101893,-26,36,16,Active,0
1001326,105953,-18,6,31,Active,5
1003136,109341,-34,12,15,Active,0
1000992,106246,-20,6,1,Active,0
1004908,105338,-32,6,27,Active,0
1003576,106859,-30,36,3,Active,0
1007451,105270,-11,12,29,Active,0
1000156,104029,-2,12,17,Active,0
1009659,107247,-4,24,33,Active,0
1007527,201100,-15,36,3,Active,0
1008463,109587,-24,24,10,Active,0
1003846,200740,-4,36,1,Active,0
1003091,106023,-23,12,28,Active,0
1002484,102377,-12,24,10,Active,0
1007882,103989,-7,12,14,Active,0
1006314,105620,-24,36,13,Active,0
1004584,106546,-14,6,35,Active,0
1007021,201823,-14,12,21,Active,0
1009648,103176,-8,24,5,Active,0
1004883,104735,-6,24,1,Active,0
1006055,102800,-13,36,6,Active,0
1007502,103642,-45,24,9,Active,0
1009440,102776,-17,24,13,Active,0
1006465,102553,-32,36,33,Active,0
1003908,109031,-37,36,20,Active,0
1008390,201600,-44,24,19,Active,0
1009109,100124,-28,24,32,Active,0
1006021,106586,-39,24,27,Active,0
1003914,101303,-31,12,2,Active,0
1005458,200002,-42,24,22,Active,0
1005178,100232,-1,36,3,Active,0
1006431,105482,-32,12,20,Active,0
1005558,101040,-12,6,11,Active,0
1005874,107666,-37,12,20,Active,0
1006464,103685,-31,12,34,Active,0
1004480,108525,-29,6,9,Active,0
1001781,102905,-38,24,12,Active,0
1004877,102072,-29,6,20,Active,0
1009739,109061,-41,36,24,Active,0
1003024,106328,-21,6,7,Active,0
1009549,104289,-11,12,28,Active,0
1007929,101047,-4,12,2,Active,0
1003909,109504,-14,6,8,Active,0
1003979,105755,-41,24,24,Active,0
1002602,100390,-21,6,14,Active,0
1007721,103016,-27,12,15,Active,0
1003122,201447,-2,36,34,Active,0
1002180,105945,-16,24,8,Active,0
1002413,107767,-25,36,0,Active,0
1008520,102790,-21,36,35,Active,0
1006667,103666,-7,12,23,Active,0
1002202,201729,-25,6,6,Active,0
1006517,201304,-31,6,24,Active,0
1009612,100277,-46,36,33,Active,0
1001705,107376,-10,12,19,Active,0
1002015,107965,-22,24,0,Active,0
1005547,105123,-42,24,20,Active,0
1009544,104275,-7,36,32,Active,0
1007148,102102,-44,12,24,Active,0
1005518,104033,-32,12,20,Active,0
1006881,105025,-12,12,0,Active,0
1006586,200009,-4,12,7,Active,0
1003485,103983,-33,12,17,Active,0
1008182,107224,-41,6,13,Active,0
1008540,109982,-27,12,11,Active,0
1004882,109954,-1,12,27,Active,0
1008074,104023,-12,12,33,Active,0
1001053,107827,-12,36,34,Active,0
1005571,101251,-3,12,13,Active,0
1003141,200044,-21,36,14,Active,0
1007758,109351,-41,6,11,Active,0
1009670,200831,-27,24,34,Active,0
1009071,109757,-15,36,28,Active,0
1005598,103669,-29,24,19,Active,0
1000272,201543,-34,36,11,Active,0
1009538,100980,-2,12,18,Active,0
1005719,108581,-3,24,15,Active,0
1004093,106305,-44,24,25,Active,0
1008570,100183,-24,36,30,Active,0
1007825,100365,-18,24,12,Active,0
1005464,104606,-2,6,17,Active,0
1003062,105324,-34,24,25,Active,0
1006946,102170,-3,12,2,Active,0
1003395,105377,-17,36,2,Active,0
1009757,107696,-43,6,6,Active,0
1008288,108738,-20,12,33,Active,0
1006494,101746,-16,24,14,Active,0
1007283,100446,-17,12,6,Active,0
1006847,104453,-23,24,25,Active,0
1004385,201309,-29,24,27,Active,0
1004997,109767,-11,24,35,Active,0
1006128,105182,-8,36,1,Active,0
1007151,103040,-22,24,27,Active,0
1004494,104491,-38,12,22,Active,0
1002140,102273,-16,24,14,Active,0
1002568,100397,-26,12,26,Active,0
1006308,107150,-27,6,21,Active,0
1002258,105935,-42,12,32,Active,0
1007968,107097,-34,12,3,Active,0
1009496,102432,-45,6,21,Active,0
1000210,201723,-12,12,33,Active,0
1006903,100299,-17,12,21,Active,0
1008640,100346,-36,36,27,Active,5
1004391,104969,-32,36,34,Active,0
1004925,101800,-43,24,15,Active,0
1001480,106776,-18,6,17,Active,0
1004262,105655,-12,6,35,Active,0
1009832,107985,-25,6,32,Active,0
1003415,201096,-29,12,3,Active,0
1000775,201777,-11,12,10,Active,0
1009587,104783,-33,36,35,Active,0
1005488,107593,-12,24,5,Active,0
1009212,108770,-21,36,21,Active,0
1007449,200256,-12,12,32,Active,0
1003953,103589,-8,24,0,Active,0
1002076,103108,-45,6,27,Active,0
1004779,102856,-5,36,2,Active,0
1009915,102305,-2,36,21,Active,0
1007470,102042,-43,24,25,Active,0
1001324,104019,-1,12,34,Active,0
1001695,107814,-20,12,19,Active,0
1008210,200368,-35,24,34,Active,0
1000140,100060,-11,12,12,Active,0
1008165,106393,-20,36,6,Active,0
1008711,201082,-1,6,16,Active,0
1002933,104384,-31,12,7,Active,0
1009201,103446,-32,12,2,Active,0
1004258,201339,-42,6,9,Active,0
1003822,201684,-21,12,16,Active,0
1003171,106075,-19,6,25,Active,0
1007448,101666,-35,12,24,Active,0
1007281,105381,-28,12,30,Active,0
1004204,201817,-37,12,13,Active,0
1005432,103709,-5,24,0,Active,0
1004884,108361,-7,6,0,Active,0
1007322,100578,-40,6,14,Active,0
1006707,106848,-18,36,21,Active,0
1006003,106577,-8,12,23,Active,0
1007382,102140,-13,12,30,Active,0
1006375,109885,-12,36,5,Active,0
1002157,108720,-33,12,24,Active,0
1006295,107990,-38,12,19,Active,0
1002350,106786,-7,12,20,Active,0
1003623,108028,-39,12,24,Active,0
1001245,100481,-29,24,4,Active,0
1004616,102458,-24,36,6,Active,0
1009447,200794,-5,24,21,Active,0
1007332,107459,-35,6,27,Active,0
1003805,102190,-43,6,25,Active,0
1009781,105486,-2,12,31,Active,0
1003025,109890,-14,12,7,Active,0
1007223,201939,-41,12,10,Active,0
1000847,105521,-5,24,7,Active,0
1004939,107695,-35,24,33,Active,0
1005213,200521,-37,24,31,Active,0
1006756,103991,-39,24,27,Active,0
1009751,105349,-36,6,25,Active,0
1003737,107116,-33,6,30,Active,0
1001691,105961,-14,24,7,Active,0
1009347,106994,-13,36,23,Active,0
1009124,109194,-41,12,10,Active,0
1006068,201365,-4,6,19,Active,0
1006147,100900,-23,36,19,Active,0
1003956,106230,-34,36,4,Active,0
1006924,101800,-30,36,1,Active,0
1004993,107762,-26,6,16,Active,0
1006588,100097,-26,36,29,Active,0
1005873,104056,-14,24,32,Active,0
1004314,100562,-11,12,6,Active,0
1002382,101270,-6,36,33,Active,0
1007333,200158,-28,6,23,Active,0
1007746,103566,-32,12,9,Active,0
1003506,104097,-1,36,19,Active,0
1004020,102095,-23,6,7,Active,0
1007336,200633,-33,36,3,Active,0
1001188,201030,-39,12,5,Active,0
1006023,201363,-39,6,28,Active,0
1007433,105815,-21,6,19,Active,0
1001460,109898,-30,24,10,Active,0
1002728,109975,-31,36,22,Active,0
1009871,103964,-31,12,5,Active,0
1007942,101205,-32,24,28,Active,0
1007471,101260,-1,24,4,Active,0
1006703,106626,-22,24,16,Active,0
1000576,100561,-40,6,14,Active,0
1007626,102106,-26,36,26,Active,0
1005001,105033,-4,6,4,Active,0
1001058,102048,-10,12,31,Active,0
1001485,100131,-16,12,16,Active,0
1006516,201223,-46,6,4,Active,0
1005848,105713,-41,24,18,Active,0
1006748,107024,-46,12,26,Active,0
1009636,109474,-45,24,35,Active,0
1004240,108399,-26,36,15,Active,0
1004007,101427,-15,36,31,Active,0
1002534,105271,-19,36,12,Active,0
1001727,105205,-16,6,29,Active,0
1009837,106401,-17,12,23,Active,0
1004301,109638,-1,36,31,Active,0
1001373,107017,-16,36,34,Active,0
1006766,106105,-32,6,24,Active,0
1009518,100619,-5,24,12,Active,5
1007250,109369,-27,24,27,Active,0
1003892,106503,-37,12,23,Active,0
1007415,104316,-43,24,8,Active,0
1008883,104181,-1,12,15,Active,0
1000874,104919,-47,36,10,Active,0
1000188,102648,-45,6,35,Active,0
1008522,201525,-26,6,18,Active,0
1003434,108018,-29,6,12,Active,5
1003751,100858,-26,24,7,Active,0
1005867,201291,-4,6,25,Active,0
1005295,101336,-18,12,23,Active,0
1008402,109254,-29,24,28,Active,0
1009575,106187,-12,24,17,Active,0
1002982,109657,-43,24,17,Active,0
1005721,101351,-16,24,29,Active,0
1005811,100518,-27,36,32,Active,0
1006417,105202,-20,6,1,Active,0
1003838,201813,-25,12,21,Active,0
1006843,103244,-25,24,19,Active,0
1001759,106785,-10,24,21,Active,0
1002879,107075,-19,6,8,Active,0
1004904,105444,-21,24,3,Active,0
1000781,200053,-43,6,18,Active,0
1004635,103068,-25,12,16,Active,0
1006072,104772,-40,24,14,Active,0
1001918,101911,-43,24,27,Active,0
1007753,103299,-12,24,9,Active,0
1009592,103832,-16,12,5,Active,0
1003061,201059,-36,6,7,Active,0
1008195,103668,-41,12,28,Active,0
1007855,103683,-28,6,33,Active,0
1001415,100547,-15,24,3,Active,0
1007044,100191,-43,6,17,Active,0
1003881,200222,-5,24,25,Active,0
1007293,103921,-31,36,22,Active,0
1003253,106405,-18,24,16,Active,0
1008869,106984,-2,24,17,Active,0
1000268,106074,-13,36,25,Active,0
1007750,106764,-39,24,26,Active,0
1008664,107678,-24,24,6,Active,0
1001322,105680,-40,12,14,Active,0
1008720,101723,-7,36,4,Active,0
1002641,102333,-15,6,26,Active,0
1009413,107388,-47,36,9,Active,0
1000671,101398,-10,6,7,Active,0
1009178,100102,-45,6,7,Active,0
1005619,102077,-27,36,25,Active,0
1000696,104120,-38,6,28,Active,0
1008521,100714,-16,6,30,Active,0
1007767,102295,-39,6,0,Active,0
1009598,103427,-17,36,33,Active,0
1002762,108983,-41,24,28,Active,0
1006179,107343,-16,36,25,Active,0
1009648,103176,-16,36,18,Active,0
1009847,103354,-34,12,13,Active,0
1003082,103806,-36,6,3,Active,5
1009710,104052,-37,36,21,Active,0
1001709,102245,-22,24,14,Active,0
1009615,200429,-14,12,35,Active,5
1004949,107828,-18,36,32,Active,0
1005641,103358,-39,6,1,Active,0
1006917,105058,-29,36,18,Active,0
1007926,200258,-43,36,32,Active,0
1000061,104062,-21,12,14,Active,0
1001163,101198,-46,6,33,Active,0
1000658,108818,-15,6,12,Active,0
1003272,108189,-40,24,14,Active,0
1003742,100653,-4,6,19,Active,0
1006022,107302,-40,6,4,Active,0
1003335,101456,-22,36,16,Active,0
1009726,106529,-16,6,4,Active,0
1003720,103077,-33,6,14,Active,0
1002102,109956,-15,36,7,Active,0
1009474,109211,-8,12,29,Active,0
1001932,100813,-6,6,11,Active,0
1007230,201773,-6,24,34,Active,0
1005083,102157,-32,12,9,Active,0
1008758,106052,-42,24,34,Active,0
1009446,106178,-37,12,11,Active,0
1009416,103988,-24,24,7,Active,0
1006120,109964,-27,6,31,Active,0
1007256,103520,-19,36,2,Active,0
1005906,201345,-44,6,4,Active,0
1007177,107665,-26,24,27,Active,0
1007885,201082,-45,36,21,Active,0
1001287,105832,-7,36,32,Active,0
1003239,106722,-46,36,20,Active,0
1006632,200686,-17,12,23,Active,0
1005810,103032,-31,24,29,Active,0
1008071,101397,-37,6,30,Active,0
1000930,105046,-28,6,22,Active,0
1003390,109743,-33,12,30,Active,0
1002088,102295,-29,36,32,Active,0
1002473,109614,-40,6,3,Active,0
1005371,103432,-26,36,32,Active,0
1006895,100361,-36,36,34,Active,0
1003901,106718,-44,12,17,Active,0
1001003,200673,-9,6,30,Active,0
1005333,108907,-24,6,0,Active,0
1005976,102677,-18,24,10,Active,0
1008712,108649,-30,6,25,Active,0
1006255,105572,-41,12,5,Active,0
1004819,200149,-10,24,21,Active,0
1005862,108513,-34,36,21,Active,0
1002488,200179,-28,12,29,Active,0
1002597,104947,-18,24,4,Active,0
1003206,107218,-46,12,33,Active,0
1000404,103240,-33,6,6,Active,0
1002885,102609,-21,12,24,Active,0
1009453,200856,-12,6,28,Active,0
1001355,200427,-42,12,29,Active,0
1003137,200264,-9,12,29,Active,0
1008251,200819,-35,12,4,Active,0
1004901,109076,-40,36,14,Active,0
1002950,108232,-7,12,10,Active,0
1009205,105021,-31,6,23,Active,0
1007401,101574,-5,36,21,Active,0
1001833,201933,-1,6,19,Active,0
1002935,102969,-1,12,34,Active,0
1003227,108841,-31,6,19,Active,0
1006862,102808,-19,36,10,Active,0
1001746,108505,-34,24,25,Active,0
1005998,106496,-43,6,4,Active,0
1007721,103016,-34,24,24,Active,5
1003359,106178,-12,24,26,Active,0
1002886,100300,-47,12,8,Active,0
1005089,107325,-2,12,28,Active,0
1003316,109108,-24,12,14,Active,0
1005870,100271,-17,12,4,Active,0
1002790,201671,-11,36,18,Active,0
1008331,107579,-46,12,7,Active,0
1003025,109890,-20,12,15,Active,0
1007080,108955,-6,12,15,Active,0
1002008,106707,-43,12,30,Active,0
1007422,105726,-16,24,13,Active,0
1001048,105030,-36,24,11,Active,0
1003004,105960,-7,24,16,Active,0
1009118,102723,-9,24,26,Active,0
1003297,106513,-2,24,14,Active,0
1009915,102305,-31,24,11,Active,0
1007376,102680,-31,12,4,Active,0
1008162,100259,-7,24,27,Active,0
1006294,100897,-17,6,23,Active,0
1001750,104618,-13,12,13,Active,0
1008469,103007,-47,12,24,Active,0
1000450,107120,-19,24,29,Active,0
1002344,101041,-33,12,22,Active,0
1000805,109568,-43,36,26,Active,0
1008425,104199,-21,24,20,Active,0
1002994,108675,-31,36,14,Active,0
1006317,201204,-12,12,10,Active,0
1009048,109697,-46,24,15,Active,0
1006238,102158,-4,12,4,Active,0
1002247,107134,-19,12,5,Active,0
1007433,105815,-39,24,4,Active,0
1004319,200110,-22,6,19,Active,0
1006195,100167,-26,24,33,Active,0
1000137,100836,-12,24,34,Active,0
1000352,200934,-14,24,2,Active,0
1000497,102947,-6,24,7,Active,0
1009029,105391,-26,12,14,Active,0
1002495,103164,-46,6,32,Active,5
1002010,102171,-33,6,4,Active,0
1009682,104496,-18,24,13,Active,0
1006213,108832,-2,6,20,Active,0
1008874,200444,-45,6,16,Active,0
1002739,107386,-30,36,30,Active,0
1005819,102485,-43,12,24,Active,0
1004796,104918,-18,6,35,Active,0
1002801,100211,-36,24,19,Active,0
1001398,104795,-23,24,27,Active,0
1002991,200841,-43,24,26,Active,0
1005115,201036,-12,24,33,Active,0
1000943,108711,-17,12,30,Active,0
1002130,104746,-2,36,29,Active,0
1001724,108893,-39,6,32,Active,0
1009318,105309,-21,6,11,Active,0
1002717,200140,-9,6,22,Active,0
1008308,103085,-38,24,18,Active,0
1002153,108133,-46,12,9,Active,0
1000521,105700,-25,6,3,Active,0
1008117,108820,-17,12,35,Active,0
1009781,105486,-6,6,16,Active,0
1003078,107446,-1,12,34,Active,0
1002205,107900,-27,36,9,Active,0
1004427,104139,-11,6,1,Active,0
1007250,109369,-14,24,28,Active,0
1002429,102186,-42,24,33,Active,0
1004392,200964,-4,36,4,Active,0
1001328,200538,-6,12,24,Active,0
1004322,103853,-7,12,17,Active,0
1008521,100714,-12,24,5,Active,0
1008206,105085,-30,6,0,Active,0
1004231,200103,-45,36,12,Active,0
1004954,101326,-21,36,4,Active,0
1009389,108051,-2,6,28,Active,5
1003832,102242,-12,24,0,Active,0
1000677,201071,-15,36,1,Active,0
1006946,102170,-8,24,27,Active,0
1004844,104015,-23,12,33,Active,0
1001698,100512,-28,24,23,Active,0
1008890,200443,-4,24,11,Active,0
1007240,108090,-38,36,34,Active,0
1002228,102581,-11,36,11,Active,0
1003737,107116,-10,24,30,Active,0
1000557,200671,-18,6,33,Active,0
1006460,106847,-12,24,27,Active,0
1004133,104386,-46,24,32,Active,0
1006612,102386,-9,36,26,Active,0
1008164,109540,-29,36,32,Active,0
1008150,201887,-18,6,23,Active,0
1005197,107045,-2,24,10,Active,0
1001235,109609,-33,12,32,Active,0
1001635,100827,-36,24,2,Active,0
1009326,106213,-32,36,33,Active,0
1000732,105279,-32,12,8,Active,0
1006883,105026,-38,12,20,Active,0
1003467,100345,-9,12,1,Active,0
1005515,102948,-19,24,20,Active,0
1007451,105270,-40,36,18,Active,0
1008030,107282,-24,24,1,Active,0
1003755,101857,-15,6,19,Active,0
1007008,104738,-7,6,25,Active,0
1001132,106567,-25,12,4,Active,0
1005331,106780,-19,12,28,Active,0
1009864,104764,-32,24,24,Active,0
1006751,107276,-4,12,1,Active,0
1009694,109668,-18,36,15,Active,0
1008388,104514,-15,6,19,Active,0
1003938,105415,-16,12,30,Active,0
1009743,101319,-26,24,16,Active,0
1002987,104945,-22,36,4,Active,0
1006150,102128,-28,6,18,Active,0
1000985,107699,-34,36,27,Active,0
1008436,105148,-3,6,22,Active,0
1002575,104269,-38,12,19,Active,0
1009752,105064,-16,6,14,Active,0
1005406,108346,-2,12,30,Active,0
1001535,103411,-8,36,24,Active,0
1005048,200049,-27,6,18,Active,0
1007754,107209,-2,24,26,Active,0
1004934,104484,-22,24,23,Active,0
1000430,106301,-25,6,19,Active,0
1001794,100326,-12,24,17,Active,0
1007159,109812,-11,24,11,Active,0
1008715,108920,-40,12,35,Active,0
1002262,105638,-3,24,10,Active,0
1006825,102569,-26,36,27,Active,0
1004509,106440,-12,12,6,Active,0
1000837,107868,-25,6,7,Active,0
1002483,104886,-33,24,23,Active,0
1001661,105644,-44,12,8,Active,0
1004136,102198,-30,36,34,Active,0
1006807,108293,-13,12,1,Active,0
1003242,100238,-11,6,21,Active,0
1009985,200244,-8,12,21,Active,0
1002209,105664,-3,36,21,Active,0
1009400,105490,-39,12,1,Active,0
1004453,102453,-47,12,8,Active,0
1000883,201272,-19,12,9,Active,0
1002918,105826,-6,12,8,Active,0
1009194,109907,-37,6,27,Active,0
1004899,102362,-19,24,22,Active,0
1006950,107576,-31,6,8,Active,5
1005594,103442,-3,36,11,Active,5
1002072,107166,-17,6,35,Active,0
1001935,109173,-17,24,3,Active,0
1004322,103853,-31,6,10,Active,0
1009287,109132,-37,36,0,Active,0
1005155,201393,-47,6,6,Active,0
1002004,100252,-42,24,29,Active,0
1004072,104416,-40,24,3,Active,0
1004427,104139,-45,12,12,Active,0
1000925,100750,-40,12,26,Active,0
1000506,100825,-42,24,31,Active,0
1003724,106671,-20,12,26,Active,0
1009178,100102,-15,36,17,Active,0
1000403,107886,-46,36,30,Active,0
1003312,101547,-40,12,5,Active,0
1002144,109296,-30,36,1,Active,0
1008220,100736,-13,12,18,Active,0
1003247,108150,-38,24,21,Active,0
1000430,106301,-42,36,8,Active,0
1000735,104840,-24,24,5,Active,0
1002138,105808,-41,24,17,Active,0
1000782,103093,-36,12,31,Active,0
1000284,103755,-14,12,22,Active,0
1002565,107373,-12,6,5,Active,0
1001759,106785,-40,6,4,Active,0
1001145,201583,-10,6,11,Active,5
1007679,109094,-16,24,35,Active,0
1001215,100794,-10,12,6,Active,0
1003205,102033,-45,6,12,Active,0
1002823,101894,-20,6,9,Active,0
1003654,107023,-35,36,6,Active,0
1000639,100181,-25,6,16,Active,0
1000016,106416,-28,36,17,Active,0
1003445,109535,-15,24,12,Active,0
1009359,100364,-3,36,10,Active,0
1007778,104935,-6,12,31,Active,0
1000772,200480,-37,12,18,Active,0
1007139,107003,-15,24,27,Active,0
1001543,104354,-17,12,20,Active,0
1008630,103207,-37,6,34,Active,0
1009718,104852,-2,12,27,Active,0
1000634,103013,-45,12,28,Active,5
1004900,201340,-40,36,2,Active,0
1008080,105926,-31,36,24,Active,0
1005445,109194,-27,12,12,Active,0
1002787,105835,-28,36,8,Active,0
1002806,107654,-43,6,11,Active,0
1004208,109127,-5,36,20,Active,0
1000286,105993,-44,6,14,Active,0
1007000,107256,-43,36,9,Active,0
1009234,104984,-16,24,0,Active,0
1003544,104472,-30,12,11,Active,0
1001383,201576,-9,12,33,Active,0
1004920,104077,-35,12,23,Active,0
1006178,101828,-13,6,6,Active,0
1000537,200454,-30,24,15,Active,0
1008701,106705,-31,12,9,Active,0
1002793,108346,-1,12,31,Active,0
1002840,103042,-39,36,18,Active,0
1008603,101736,-37,12,23,Active,0
1007379,105388,-28,24,32,Active,0
1006752,107182,-7,12,26,Active,0
1004055,107572,-6,24,9,Active,0
1007323,104671,-19,24,28,Active,0
1003220,104250,-10,24,26,Active,0
1006354,102377,-46,36,0,Active,0
1002058,101275,-32,6,8,Active,0
1000041,104021,-42,24,18,Active,0
1009974,104190,-22,6,25,Active,0
1008017,105235,-25,6,22,Active,0
1002283,104115,-22,12,17,Active,0
1006675,109133,-47,24,30,Active,0
1000486,200757,-46,24,6,Active,0
1001449,109532,-8,24,6,Active,0
1001105,201326,-34,36,10,Active,0
1009957,100749,-35,36,29,Active,0
1004836,200498,-25,6,26,Active,0
1006612,102386,-46,6,3,Active,0
1006690,104070,-6,12,10,Active,0
1006159,104699,-3,24,25,Active,5
1007970,201625,-35,24,33,Active,0
1001360,100495,-40,36,17,Active,0
1006819,106709,-39,12,17,Active,0
1006896,109106,-42,36,27,Active,0
1003377,107492,-34,6,10,Active,0
1004195,109474,-3,36,25,Active,0
1007636,104438,-31,12,3,Active,0
1005668,200402,-23,12,9,Active,0
1009945,105124,-34,6,34,Active,0
1002271,106976,-15,6,31,Active,0
1008086,106153,-47,24,4,Active,0
1008135,201891,-25,36,16,Active,0
1004522,201785,-1,6,18,Active,0
1006537,101515,-24,6,6,Active,0
1009374,102777,-20,6,32,Active,5
1009653,100387,-17,24,1,Active,0
1005263,100800,-1,24,7,Active,0
1009363,106773,-11,24,21,Active,0
1007585,107562,-30,36,27,Active,0
1005330,109811,-17,36,28,Active,0
1006002,107819,-42,12,18,Active,0
1004322,103853,-7,6,17,Active,0
1000024,100047,-24,36,33,Active,0
1009775,101867,-36,24,10,Active,0
1005331,106780,-38,12,17,Active,0
1000977,102742,-1,6,22,Active,0
1007383,101838,-29,24,5,Active,0
1005687,200117,-30,36,35,Active,0
1006603,107396,-46,12,11,Active,0
1008298,106276,-12,24,0,Active,0
1003017,103571,-42,36,33,Active,0
1005405,103193,-35,36,19,Active,0
1004356,107830,-19,36,12,Active,0
1002885,102609,-29,24,17,Active,0
1008732,200097,-1,24,10,Active,0
1001307,107874,-23,24,27,Active,0
1003310,200724,-2,12,7,Active,0
1006759,101686,-37,6,12,Active,0
1007961,105697,-22,12,19,Active,0
1000438,105307,-18,12,11,Active,0
1001840,103548,-5,6,31,Active,0
1009626,201349,-24,24,8,Active,0
1000445,109301,-30,12,33,Active,0
1007490,103366,-12,24,20,Active,0
1005291,103847,-23,36,31,Active,0
1009396,102081,-40,36,33,Active,0
1000938,100214,-40,12,3,Active,0
1001842,105479,-6,36,31,Active,0
1005464,104606,-18,36,13,Active,5
1001426,101743,-45,24,30,Active,0
1009947,201329,-15,24,25,Active,0
1005254,101207,-15,12,7,Active,0
1007022,101227,-16,12,8,Active,0
1001624,103661,-16,36,26,Active,0
1009348,105734,-35,12,7,Active,0
1007973,102435,-22,6,2,Active,0
1007795,103783,-40,36,27,Active,0
1006388,103986,-2,24,32,Active,0
1001321,109563,-41,12,32,Active,0
1008256,108108,-29,36,19,Active,0
1002482,100112,-39,6,32,Active,0
1000095,102650,-8,6,1,Active,0
1003541,106422,-4,12,19,Active,0
1006209,103272,-8,12,1,Active,0
1005066,103840,-46,36,21,Active,0
1001590,100134,-45,6,4,Active,0
1004094,102853,-19,24,3,Active,0
1004835,102627,-26,12,12,Active,0
1009938,100079,-23,24,8,Active,0
1007553,201240,-28,36,17,Active,0
1002196,109054,-18,36,32,Active,0
1009808,105128,-34,24,23,Active,0
1006821,102281,-35,12,12,Active,0
1007423,107488,-14,24,23,Active,0
1001438,107536,-13,6,5,Active,0
1000517,201951,-40,24,9,Active,0
1009037,100227,-12,12,13,Active,0
1008174,200837,-6,36,26,Active,0
1008859,100190,-25,6,12,Active,0
1007725,106952,-46,24,34,Active,0
1003383,101099,-46,24,17,Active,0
1004465,106179,-45,12,26,Active,0
1004957,102529,-38,12,4,Active,0
1003565,108502,-11,36,30,Active,0
1006950,107576,-37,24,24,Active,0
1001686,104029,-45,12,11,Active,0
1002751,102396,-21,6,18,Active,0
1007179,107402,-15,6,9,Active,0
1009632,109339,-45,36,18,Active,0
1002793,108346,-12,36,8,Active,0
1007835,103302,-16,6,23,Active,0
1003621,106278,-41,36,30,Active,0
1007435,108605,-33,36,22,Active,0
1009889,108630,-39,12,1,Active,0
1005681,100923,-13,36,34,Active,0
1006899,106447,-29,6,14,Active,0
1009126,106864,-39,24,32,Active,0
1008583,102788,-10,6,26,Active,0
1004465,106179,-34,12,6,Active,0
1000537,200454,-2,36,24,Active,0
1004948,201377,-21,24,9,Active,0
1002686,101143,-26,12,26,Active,0
1003500,200902,-18,24,17,Active,0
1003982,102872,-27,24,16,Active,0
1008431,109073,-47,24,8,Active,0
1006937,100864,-24,36,25,Active,0
1009261,108904,-7,6,0,Active,0
1004397,106866,-15,12,26,Active,0
1000745,109363,-28,6,35,Active,0
1001488,100917,-4,24,15,Active,0
1006409,104348,-14,36,12,Active,0
1005705,101319,-26,6,14,Active,0
1001450,107696,-43,24,1,Active,0
1002828,201271,-39,6,32,Active,0
1001280,102451,-24,12,9,Active,0
1000908,104827,-8,12,2,Active,0
1000674,200954,-43,6,10,Active,0
1004662,109410,-47,6,14,Active,0
1001696,105344,-34,24,12,Active,0
1007558,107193,-14,6,33,Active,0
1002988,103838,-25,6,23,Active,0
1002729,105528,-4,12,22,Active,0
1002292,107147,-32,12,2,Active,0
1000350,201874,-35,36,17,Active,0
1004457,200902,-38,6,33,Active,0
1001078,103131,-34,6,6,Active,0
1008756,106298,-13,12,27,Active,0
1009089,200127,-35,6,15,Active,0
1003330,103743,-33,6,35,Active,0
1003827,104304,-46,6,34,Active,0
1007191,108009,-13,6,20,Active,0
1001741,106733,-11,6,11,Active,0
1005581,101594,-15,12,5,Active,0
1006497,100114,-1,24,19,Active,0
1001696,105344,-5,6,32,Active,0
1004697,200289,-32,6,14,Active,0
1006770,109237,-11,36,30,Active,0
1008557,103993,-18,36,33,Active,0
1002305,108759,-34,6,4,Active,0
1001406,200414,-31,12,2,Active,0
1001332,100935,-17,12,7,Active,0
1006393,109158,-33,12,23,Active,0
1007962,201058,-28,6,20,Active,0
1003032,109073,-12,36,31,Active,0
1008981,200977,-15,12,12,Active,0
1001515,102678,-32,12,18,Active,0
1001494,105884,-18,36,30,Active,0
1007535,101966,-38,24,9,Active,0
1000584,106509,-14,24,17,Active,0
1008934,109746,-7,6,3,Active,0
1006700,103752,-20,36,32,Active,0
1007575,105746,-18,6,35,Active,0
1003064,105773,-11,6,5,Active,0
1001990,105123,-7,6,17,Active,0
1007428,109147,-16,36,23,Active,0
1006469,107667,-28,36,3,Active,0
1003767,100439,-2,36,33,Active,0
1008747,109012,-35,36,34,Active,0
1002778,108163,-13,24,12,Active,0
1006231,105333,-34,36,6,Active,0
1009885,109903,-13,12,26,Active,0
1007226,102870,-5,36,22,Active,0
1007136,109572,-29,24,26,Active,0
1007961,105697,-30,36,1,Active,0
1000684,100112,-46,6,16,Active,0
1008486,107146,-8,12,15,Active,0
1008607,103876,-29,24,18,Active,0
1003952,105410,-31,36,1,Active,0
1006780,104974,-43,24,32,Active,0
1008045,200141,-10,24,18,Active,0
1005924,104568,-14,36,13,Active,0
1005595,104091,-9,36,8,Active,0
1000064,102562,-22,12,7,Active,0
1005525,107412,-46,24,17,Active,0
1005707,104165,-12,12,20,Active,0
1001517,100880,-21,6,3,Active,0
1002696,105376,-22,6,22,Active,0
1004370,100034,-5,12,32,Active,0
1007887,108863,-44,36,21,Active,0
1007356,108910,-40,24,9,Active,0
1007948,200461,-37,12,11,Active,0
1003492,105043,-17,6,2,Active,0
1007801,200054,-2,12,23,Active,0
1007752,108865,-13,12,11,Active,0
1004073,103342,-29,36,19,Active,0
1002755,201080,-11,24,25,Active,0
1009231,105313,-45,36,15,Active,0
1006968,109688,-21,12,18,Active,0
1008903,104501,-35,6,13,Active,0
1001811,200176,-18,24,12,Active,0
1005960,107182,-14,12,29,Active,0
1007392,201359,-13,36,17,Active,0
1008119,201672,-26,36,10,Active,0
1001064,106223,-20,24,31,Active,0
1006803,100438,-42,36,6,Active,0
1000335,109628,-1,12,26,Active,0
1000835,103243,-20,24,27,Active,0
1008670,200083,-41,6,3,Active,0
1008465,100922,-37,12,11,Active,0
1001154,106833,-7,6,4,Active,0
1000442,100056,-24,6,5,Active,0
1007521,200316,-39,36,17,Active,0
1001718,101659,-23,24,29,Active,0
1006362,108088,-42,12,19,Active,0
1005563,200943,-19,36,35,Active,0
1008457,201689,-27,6,16,Active,0
1008246,106461,-26,36,4,Active,0
1007676,103305,-3,12,8,Active,0
1000573,103657,-47,12,30,Active,0
1001950,109230,-9,24,13,Active,0
1005354,103838,-27,36,19,Active,0
1001300,100326,-9,12,18,Active,0
1009592,103832,-25,36,9,Active,0
1000561,103241,-7,24,4,Active,0
1005631,201602,-43,6,4,Active,0
1007325,100207,-41,6,28,Active,0
1006081,100623,-17,6,7,Active,0
1009828,109511,-9,24,8,Active,0
1003230,200584,-41,12,12,Active,0
1000869,106196,-23,12,4,Active,0
1002400,103150,-7,6,20,Active,0
1007801,200054,-20,36,27,Active,0
1008799,107563,-18,12,27,Active,0
1003718,201632,-2,24,7,Active,0
1001108,201672,-30,24,16,Active,0
1007599,105641,-7,24,9,Active,0
1003394,105229,-41,6,22,Active,0
1009021,107014,-33,24,0,Active,0
1005781,200431,-25,36,4,Active,0
1006646,201078,-34,24,35,Active,0
1005507,101806,-19,6,16,Active,0
1009466,101048,-22,24,9,Active,0
1007021,201823,-4,12,12,Active,0
1003764,101592,-37,36,26,Active,0
1004201,201655,-4,12,21,Active,0
1006303,106583,-37,12,3,Active,0
1008039,108625,-45,12,5,Active,0
1004327,103547,-36,24,7,Active,0
1003531,107167,-25,36,23,Active,0
1009337,103492,-10,36,28,Active,0
1004773,201022,-12,12,22,Active,0
1000098,100978,-26,6,2,Active,0
1008358,107305,-39,12,0,Active,0
1008982,104696,-25,24,28,Active,0
1004931,109816,-34,24,13,Active,0
1005328,101732,-46,24,11,Active,0
1002767,104536,-35,12,7,Active,0
1007156,105389,-16,12,29,Active,0
1007871,109824,-12,24,1,Active,0
1002982,109657,-31,12,27,Active,0
1004125,107350,-10,12,0,Active,0
1007614,108865,-5,6,2,Active,0
1000843,102095,-35,36,32,Active,0
1003017,103571,-42,36,12,Active,0
1009330,109138,-3,36,0,Active,0
1001420,101581,-6,6,14,Active,0
1001479,108325,-19,24,31,Active,0
1007468,100964,-5,24,18,Active,0
1008400,102359,-15,24,3,Active,0
1001609,104550,-32,6,19,Active,0
1002421,105289,-14,6,4,Active,0
1005573,105190,-33,36,6,Active,0
1006218,108813,-18,36,29,Active,0
1008097,100957,-5,36,32,Active,0
1009939,200639,-18,6,11,Active,0
1009752,105064,-24,12,6,Active,0
1000117,104073,-42,12,24,Active,0
1000678,102645,-26,24,15,Active,0
1002716,104439,-41,6,35,Active,0
1002610,109049,-4,36,23,Active,0
1005260,201236,-16,12,12,Active,0
1002486,106636,-37,36,26,Active,0
1006417,105202,-16,12,4,Active,0
1009967,101610,-9,24,6,Active,0
1008862,103395,-36,12,34,Active,0
1002051,101710,-21,36,35,Active,0
1003216,107224,-23,12,4,Active,0
1004058,103159,-35,36,1,Active,0
1002784,102835,-5,12,4,Active,0
1001555,201097,-32,24,16,Active,0
1002347,101441,-11,24,25,Active,0
1007994,109232,-41,24,18,Active,0
1003391,201716,-4,6,13,Active,0
1009581,103505,-14,24,23,Active,0
1000351,101443,-17,24,31,Active,0
1003324,108005,-25,12,32,Active,0
1002892,101869,-42,12,11,Active,0
1009618,201030,-33,24,5,Active,0
1009683,103455,-23,6,20,Active,0
1000647,100890,-37,12,0,Active,0
1003308,104104,-40,6,3,Active,0
1003109,109700,-43,36,28,Active,0
1002283,104115,-13,12,18,Active,0
1005631,201602,-4,24,35,Active,0
1002006,100610,-46,36,12,Active,0
1001067,100477,-6,36,27,Active,0
1000281,107943,-35,24,21,Active,0
1000609,102308,-26,36,2,Active,0
1000596,102627,-3,12,15,Active,0
1007967,101142,-16,36,25,Active,0
1004437,102324,-5,36,31,Active,0
1008581,105181,-35,12,11,Active,0
1007918,103412,-19,12,12,Active,0
1003256,100398,-37,6,15,Active,0
1006804,201424,-34,36,33,Active,0
1007930,103746,-24,36,22,Active,0
1000165,109141,-25,12,33,Active,0
1002819,101456,-15,24,19,Active,0
1005458,200002,-34,36,16,Active,0
1008022,107608,-30,24,6,Active,0
1004256,109529,-36,24,3,Active,0
1007474,102427,-16,36,4,Active,0
1000216,100197,-2,36,11,Active,0
1005182,101832,-6,12,25,Active,0
1003426,103110,-26,24,27,Active,0
1007355,103136,-35,36,29,Active,0
1006585,201721,-34,12,18,Active,0
1004942,105415,-31,6,25,Active,0
1006789,104481,-33,6,4,Active,0
1003012,108120,-14,12,19,Active,0
1009310,100640,-2,6,19,Active,0
1005890,102749,-10,24,13,Active,0
1002677,103435,-32,6,4,Active,0
1003656,100071,-12,12,1,Active,0
1005965,104952,-35,12,18,Active,0
1007858,108196,-11,12,25,Active,0
1004495,201327,-6,12,6,Active,0
1009047,100319,-36,6,25,Active,0
1007084,201643,-37,12,26,Active,0
1003029,109085,-45,36,16,Active,0
1002454,105443,-23,36,0,Active,0
1003580,102536,-21,6,9,Active,0
1005094,107892,-11,12,8,Active,0
1008644,104757,-13,36,0,Active,0
1003187,106853,-36,12,21,Active,0
1003573,100527,-14,36,26,Active,0
1004824,109678,-12,24,3,Active,0
1004679,105383,-36,6,16,Active,0
1005654,108833,-47,24,5,Active,0
1001110,101179,-19,12,6,Active,0
1001519,104754,-20,6,13,Active,0
1009307,109942,-9,36,5,Active,0
1000853,102608,-24,24,10,Active,0
1005899,101970,-36,36,18,Active,0
1008189,200938,-26,36,4,Active,0
1005574,108807,-42,12,22,Active,0
1009824,104451,-20,24,27,Active,0
1007260,107018,-20,12,20,Active,0
1008603,101736,-26,12,22,Active,0
1003956,106230,-14,36,16,Active,0
1007528,106611,-22,6,30,Active,0
1008142,109505,-13,12,28,Active,0
1009577,106926,-44,24,21,Active,0
1005581,101594,-46,12,25,Active,0
1006289,201197,-46,12,35,Active,0
1002952,103590,-28,12,5,Active,0
1003510,103005,-13,6,21,Active,0
1008762,109110,-47,24,8,Active,0
1009779,109925,-13,12,23,Active,0
1007394,108015,-15,24,15,Active,0
1006551,103424,-13,12,11,Active,0
1007137,105043,-21,6,19,Active,0
1005872,103720,-15,12,6,Active,0
1000771,102699,-2,24,25,Active,0
1003716,109127,-24,6,8,Active,0
1006659,109733,-22,24,7,Active,0
1006108,104147,-32,6,13,Active,0
1005365,201864,-34,12,12,Active,0
1000728,104892,-28,24,2,Active,0
1003757,100134,-19,36,20,Active,0
1001843,107558,-14,36,29,Active,0
1004186,102508,-28,24,11,Active,0
1007488,103003,-27,12,2,Active,0
1009214,106223,-35,24,29,Active,0
1004292,109209,-15,24,35,Active,0
1002924,104051,-32,12,17,Active,0
1007101,201814,-12,24,10,Active,0
1006580,105922,-2,36,12,Active,0
1008176,109873,-25,24,12,Active,0
1004119,101029,-10,12,20,Active,0
1008786,107117,-5,24,30,Active,0
1002559,105869,-17,24,24,Active,0
1007033,201746,-38,12,31,Active,0
1004172,109766,-41,24,17,Active,0
1007751,109151,-24,24,24,Active,0
1007300,108243,-30,36,28,Active,0
1004778,201687,-42,12,28,Active,0
1001420,101581,-11,36,10,Active,0
1005036,103468,-24,24,33,Active,0
1009357,200103,-44,6,13,Active,0
1005514,108284,-29,24,13,Active,0
1001371,100368,-22,12,27,Active,0
1006721,104434,-5,12,34,Active,0
1008142,109505,-22,36,6,Active,0
1004503,106056,-16,12,33,Active,0
1005745,102113,-28,12,30,Active,0
1007565,105124,-31,36,6,Active,0
1005525,107412,-6,24,17,Active,0
1008907,104067,-36,36,18,Active,0
1008931,101406,-12,12,13,Active,0
1007152,109794,-22,36,13,Active,0
1001999,106491,-35,24,34,Active,0
1000635,100734,-14,12,21,Active,0
1002749,102524,-8,24,1,Active,0
1000655,109759,-34,36,28,Active,0
1005242,104922,-40,36,29,Active,0
1000889,108621,-18,24,24,Active,0
1003467,100345,-46,12,28,Active,0
1003451,200754,-2,24,18,Active,5
1008822,103394,-27,36,3,Active,0
1004817,201213,-39,24,17,Active,0
1006657,109902,-8,36,7,Active,0
1007781,105045,-21,36,30,Active,0
1009073,200891,-13,24,29,Active,0
1009173,105908,-2,6,33,Active,0
1001530,102461,-35,24,33,Active,0
1005030,109587,-44,24,5,Active,0
1007995,100956,-37,24,35,Active,0
1004081,108969,-18,12,9,Active,0
1002090,100054,-31,24,22,Active,0
1000796,105430,-20,24,24,Active,0
1003751,100858,-27,12,2,Active,0
1000992,106246,-25,24,32,Active,0
1003208,200722,-17,24,15,Active,0
1006542,106351,-6,6,25,Active,0
1004875,102778,-36,6,8,Active,0
1005954,106248,-4,24,23,Active,0
1005918,102589,-32,36,8,Active,0
1002355,200482,-1,12,12,Active,0
1005195,104217,-24,12,30,Active,0
1007159,109812,-18,12,25,Active,0
1001794,100326,-37,24,12,Active,0
1005086,102183,-35,12,21,Active,0
1006166,107550,-13,24,33,Active,0
1006202,101297,-25,12,18,Active,0
1005939,201423,-46,6,23,Active,0
1007973,102435,-35,24,11,Active,0
1007304,107532,-46,12,2,Active,0
1006198,103585,-29,24,13,Active,0
1006640,108691,-31,36,27,Active,0
1002408,107922,-38,12,21,Active,0
1004798,106007,-8,24,34,Active,0
1002985,103756,-33,6,9,Active,0
1005053,108427,-39,36,13,Active,0
1004572,109101,-2,24,20,Active,0
1008765,102758,-45,6,34,Active,0
1002831,102243,-25,24,5,Active,0
1005180,105062,-27,36,14,Active,0
1009811,106526,-3,6,13,Active,0
1006949,104041,-19,6,15,Active,0
1005235,102327,-34,12,25,Active,0
1003795,103460,-27,6,9,Active,5
1008877,201464,-35,6,25,Active,0
1004604,201054,-33,24,35,Active,0
1004923,106447,-10,12,18,Active,0
1009172,105805,-22,24,12,Active,0
1002329,100124,-40,36,25,Active,0
1009577,106926,-6,12,5,Active,0
1009776,101232,-18,6,27,Active,0
1005698,200686,-40,12,0,Active,0
1000034,101004,-44,12,25,Active,0
1004986,108379,-21,36,30,Active,0
1006358,103475,-1,36,8,Active,0
1000050,201595,-29,24,15,Active,0
1002250,103347,-30,24,12,Active,0
1004336,100128,-7,36,6,Active,0
1003435,103315,-34,12,34,Active,0
1009415,200945,-2,24,24,Active,0
1007552,106065,-20,36,12,Active,0
1002419,103632,-40,12,7,Active,0
1004205,201782,-42,36,15,Active,0
1001657,200696,-7,36,20,Active,0
1002393,201628,-30,24,29,Active,0
1005176,104773,-1,24,16,Active,0
1006226,106148,-35,36,5,Active,0
1003422,201600,-21,12,31,Active,0
1005431,107428,-29,6,15,Active,0
1009546,103316,-31,6,24,Active,0
1007802,109412,-41,6,28,Active,0
1001393,100927,-2,6,31,Active,0
1004135,106151,-23,12,25,Active,0
1004060,200548,-47,24,9,Active,0
1006610,104547,-18,24,27,Active,0
1006814,101006,-14,6,12,Active,0
1007517,109434,-47,36,10,Active,0
1009991,200056,-43,24,22,Active,0
1005723,108035,-5,6,22,Active,0
1004747,108007,-35,24,28,Active,0
1007434,100633,-7,24,29,Active,0
1006870,105915,-9,36,8,Active,0
1001278,201538,-31,6,5,Active,0
1007780,100525,-42,24,19,Active,0
1002464,108006,-4,12,28,Active,0
1007900,100550,-44,6,8,Active,0
1000593,201269,-38,6,0,Active,0
1007045,105917,-24,24,1,Active,0
1009052,108190,-42,36,9,Active,0
1006485,101893,-1,6,12,Active,0
1007437,102655,-5,6,34,Active,0
1007604,109754,-37,12,18,Active,0
1006113,105588,-14,36,19,Active,0
1008072,109251,-21,12,18,Active,0
1000801,105413,-35,6,9,Active,0
1000523,105360,-42,36,21,Active,0
1008016,109986,-47,12,3,Active,0
1004160,106436,-14,36,19,Active,0
1000031,201183,-12,6,16,Active,0
1009511,103682,-3,36,20,Active,0
1006451,106890,-9,12,12,Active,0
1000380,107066,-19,36,23,Active,0
1004207,101617,-3,36,34,Active,0
1004100,103950,-45,12,1,Active,0
1007065,102518,-40,36,23,Active,0
1004905,108787,-19,12,0,Active,0
1006454,103611,-22,24,26,Active,0
1008944,107693,-8,12,31,Active,0
1001471,105991,-22,6,19,Active,0
1004649,109110,-14,12,18,Active,0
1002262,105638,-28,36,30,Active,0
1003083,200623,-8,36,1,Active,0
1008095,107991,-33,36,7,Active,0
1005618,104597,-6,12,27,Active,0
1008291,101715,-15,24,23,Active,0
1003795,103460,-32,24,10,Active,0
1006617,103147,-47,12,5,Active,0
1006625,100264,-45,36,17,Active,0
1006088,106142,-8,12,11,Active,0
1005256,104996,-39,6,11,Active,0
1008634,105974,-31,12,3,Active,0
1002273,104614,-36,6,34,Active,0
1003301,108765,-32,12,5,Active,0
1007699,102029,-27,12,34,Active,0
1004788,106158,-27,36,34,Active,0
1001699,200411,-1,12,25,Active,0
1007155,104254,-1,24,8,Active,0
1009686,106843,-4,6,32,Active,0
1002092,109543,-8,6,35,Active,0
1006947,100617,-22,12,34,Active,0
1002864,200565,-32,6,1,Active,0
1009683,103455,-18,6,6,Active,0
1000357,200381,-44,12,8,Active,0
1000912,108898,-36,36,26,Active,0
1001609,104550,-2,36,22,Active,0
1005258,109464,-29,24,23,Active,0
1001691,105961,-43,6,5,Active,0
1005706,101377,-47,12,24,Active,0
1001897,100632,-25,36,15,Active,0
1003745,104843,-8,36,28,Active,0
1005986,201036,-26,24,18,Active,0
1004156,100005,-15,24,30,Active,0
1003608,105686,-23,6,29,Active,0
1009748,107222,-31,24,0,Active,0
1006507,100407,-39,12,7,Active,0
1007965,104865,-9,12,2,Active,0
1001637,108714,-17,24,31,Active,0
1002302,103562,-31,12,30,Active,0
1007994,109232,-46,36,9,Active,0
1006007,102300,-23,36,0,Active,0
1005907,102226,-4,36,6,Active,0
1004696,106790,-20,36,30,Active,0
1001101,106963,-2,6,13,Active,0
1005040,201062,-6,12,11,Active,0
1005456,100208,-6,6,31,Active,0
1006049,104776,-7,6,9,Active,0
1008057,102124,-36,12,14,Active,0
1004990,105934,-41,6,16,Active,0
1002113,104335,-25,12,33,Active,0
1001609,104550,-4,36,0,Active,0
1004765,100094,-32,12,32,Active,0
1006749,105257,-15,6,21,Active,0
1001873,106737,-25,24,25,Active,0
1002226,107159,-14,6,10,Active,0
1002336,103487,-33,12,15,Active,0
1001957,100213,-24,6,11,Active,0
1003637,200391,-41,24,0,Active,0
1000597,106608,-30,12,25,Active,0
1008473,100875,-25,12,15,Active,0
1009391,109222,-25,24,8,Active,5
1006286,201384,-43,6,19,Active,0
1009179,109015,-19,12,22,Active,0
1006185,102244,-43,12,18,Active,0
1000460,200365,-6,24,0,Active,0
1001698,100512,-21,36,6,Active,0
1007549,107580,-17,12,15,Active,0
1006275,100700,-29,6,17,Active,0
1002265,106078,-22,6,1,Active,0
1000878,101826,-3,24,22,Active,0
1002920,105972,-8,24,12,Active,0
1008345,105252,-12,12,1,Active,0
1003338,201962,-4,12,8,Active,0
1002521,102563,-15,24,2,Active,0
1004130,104969,-41,36,11,Active,0
1004363,100386,-22,24,6,Active,0
1002434,102255,-30,12,32,Active,0
1002525,105024,-46,12,27,Active,0
1005117,105005,-5,12,12,Active,0
1007549,107580,-14,36,11,Active,0
1009178,100102,-36,36,10,Active,0
1002258,105935,-40,36,22,Active,0
1005655,107611,-7,24,4,Active,0
1009128,106202,-26,36,22,Active,0
1000438,105307,-7,12,12,Active,0
1002284,102991,-7,36,1,Active,0
1000502,103387,-1,6,34,Active,0
1007324,105684,-24,24,28,Active,0
1000013,107212,-4,24,14,Active,0
1001199,101103,-25,36,16,Active,0
1000827,104167,-43,6,25,Active,0
1004910,100743,-33,36,32,Active,0
1002430,101240,-3,6,25,Active,0
1005517,107522,-7,36,12,Active,0
1003899,200499,-36,24,4,Active,0
1007938,106378,-35,6,14,Active,0
1003664,201622,-8,36,2,Active,0
1001826,107361,-12,12,16,Active,0
1005056,109890,-4,36,10,Active,0
1001832,200077,-11,24,12,Active,0
1002809,104425,-46,24,27,Active,0
1004478,109387,-47,24,15,Active,0
1008747,109012,-23,36,31,Active,0
1005052,102050,-3,24,17,Active,0
1003657,105684,-35,6,16,Active,0
1009712,201233,-14,36,3,Active,0
1006324,108500,-35,6,13,Active,0
1003336,201941,-5,24,17,Active,5
1006565,100763,-35,12,32,Active,0
1009461,105293,-26,36,7,Active,0
1007085,103248,-19,24,17,Active,0
1006172,103027,-43,6,10,Active,0
1008213,108077,-3,24,29,Active,0
1008013,201533,-40,6,16,Active,0
1003474,108784,-11,36,11,Active,0
1003224,200519,-12,6,10,Active,0
1006903,100299,-18,12,3,Active,0
1005094,107892,-28,12,21,Active,0
1001883,105144,-4,24,16,Active,0
1006047,107102,-41,24,0,Active,0
1007639,201636,-42,12,33,Active,0
1009981,104256,-16,12,24,Active,0
1004088,105037,-9,36,27,Active,0
1003728,201338,-8,6,17,Active,0
1006634,200540,-10,6,34,Active,0
1002680,109486,-29,6,15,Active,0
1001441,100527,-27,12,22,Active,0
1002980,105575,-46,24,20,Active,0
1007766,101389,-46,12,11,Active,0
1009929,103633,-10,36,26,Active,0
1001573,100792,-18,36,32,Active,0
1005900,103779,-36,12,28,Active,0
1000642,101938,-3,12,3,Active,0
1002084,101130,-46,12,28,Active,0
1002635,104581,-2,24,13,Active,0
1002794,200855,-2,36,5,Active,0
1009471,108271,-44,24,7,Active,0
1009351,106440,-38,6,0,Active,0
1006337,109259,-11,36,32,Active,0
1006018,100726,-6,12,2,Active,0
1007496,109282,-11,6,0,Active,0
1008254,107401,-13,12,35,Active,0
1002964,105553,-23,6,10,Active,0
1004600,104831,-32,36,7,Active,0
1002051,101710,-9,24,10,Active,0
1007548,104340,-4,6,2,Active,0
1000774,101133,-36,12,3,Active,0
1007114,108211,-36,6,15,Active,0
1008611,201082,-31,6,5,Active,0
1002038,106737,-6,24,35,Active,0
1009660,108684,-22,24,21,Active,0
1006529,105911,-28,12,32,Active,0
1005235,102327,-31,36,22,Active,0
1003631,106837,-35,6,11,Active,0
1001259,103939,-17,24,27,Active,0
1004737,101203,-43,6,6,Active,0
1000991,201842,-22,24,29,Active,0
1008673,107026,-13,6,18,Active,0
1006625,100264,-28,24,24,Active,0
1008148,101278,-21,6,7,Active,0
1009866,107785,-30,24,9,Active,0
1009529,200275,-41,36,23,Active,0
1004295,108122,-17,36,27,Active,0
1002050,101353,-32,24,14,Active,0
1005177,109905,-45,6,15,Active,0
1004248,103954,-2,24,18,Active,0
1007814,201123,-43,36,1,Active,0
1004799,109417,-35,24,19,Active,0
1009251,103546,-36,36,2,Active,0
1004831,201187,-8,36,34,Active,0
1000501,201020,-35,6,29,Active,0
1005842,101053,-15,24,17,Active,0
1001990,105123,-40,36,12,Active,0
1003366,102653,-6,24,16,Active,0
1006796,200407,-41,24,17,Active,0
1003491,105149,-7,6,10,Active,0
1002180,105945,-12,6,15,Active,5
1004007,101427,-47,24,18,Active,0
1003461,103419,-6,24,17,Active,0
1001518,105777,-22,6,5,Active,0
1006250,108533,-29,6,23,Active,0
1008244,103929,-31,12,33,Active,0
1006829,109389,-23,6,6,Active,0
1007003,106685,-4,12,17,Active,0
1004515,100494,-5,36,18,Active,0
1000160,108886,-4,12,7,Active,0
1005401,103593,-25,6,14,Active,0
1002611,100512,-25,12,8,Active,0
1007350,200581,-22,6,11,Active,0
1007466,105358,-33,6,12,Active,0
1003441,102144,-41,24,27,Active,0
1007921,104301,-22,6,5,Active,0
1009996,108552,-7,36,33,Active,0
1001725,103781,-10,36,35,Active,0
1003828,106621,-21,36,5,Active,0
1001841,101019,-3,24,17,Active,0
1008003,100915,-4,6,0,Active,0
1008096,108562,-39,36,2,Active,0
1007801,200054,-45,36,0,Active,0
1004671,104893,-42,36,3,Active,0
1009850,109247,-32,24,26,Active,0
1000293,109882,-3,24,15,Active,0
1004629,105960,-9,12,17,Active,0
1007794,102957,-45,12,26,Active,0
1005986,201036,-10,12,19,Active,0
1005764,103328,-33,24,22,Active,0
1004831,201187,-4,6,15,Active,0
1004901,109076,-17,36,9,Active,0
1006589,201228,-16,12,18,Active,0
1006854,101067,-6,24,0,Active,0
1002141,103009,-3,6,15,Active,0
1000007,107690,-23,36,20,Active,0
1008917,107545,-31,6,18,Active,0
1001867,106615,-22,24,27,Active,0
1001491,102165,-37,6,25,Active,0
1002208,201610,-38,6,31,Active,0
1009811,106526,-19,36,29,Active,0
1005842,101053,-11,24,17,Active,0
1000336,102457,-7,36,23,Active,0
1001824,107848,-37,6,5,Active,0
1005847,104844,-30,6,13,Active,0
1000593,201269,-9,36,35,Active,0
1001000,101370,-13,12,11,Active,0
1001245,100481,-18,24,16,Active,0
1007341,100837,-27,36,3,Active,0
1003971,201329,-12,12,19,Active,0
1002566,104408,-5,24,17,Active,0
1009988,103264,-31,6,14,Active,0
1005106,102116,-42,24,30,Active,0
1002141,103009,-40,12,27,Active,0
1002417,100187,-6,6,33,Active,0
1001839,201356,-31,12,24,Active,0
1007576,102520,-31,24,12,Active,0
1009633,105628,-25,12,7,Active,0
1003841,106304,-11,6,10,Active,0
1008941,109222,-38,12,34,Active,0
1000184,107471,-20,24,25,Active,0
1008732,200097,-30,6,16,Active,0
1005142,106819,-12,36,34,Active,0
1005987,103484,-3,12,10,Active,0
1005044,101598,-18,36,11,Active,0
1006868,105424,-11,24,34,Active,0
1005441,102989,-23,24,15,Active,0
1005359,101153,-43,12,29,Active,0
1009458,105489,-44,36,11,Active,0
1009183,109696,-21,12,3,Active,0
1000124,201567,-23,36,34,Active,0
1009008,201608,-28,12,22,Active,0
1003444,101235,-29,12,17,Active,0
1001348,103030,-45,24,14,Active,0
1002666,108411,-38,12,0,Active,0
1002649,100701,-18,6,31,Active,0
1000367,201338,-15,12,6,Active,0
1003211,103797,-41,36,6,Active,0
1001463,107111,-2,36,18,Active,0
1008863,107851,-19,6,3,Active,0
1007215,103198,-37,6,23,Active,0
1004940,104700,-17,6,27,Active,0
1005182,101832,-46,6,35,Active,5
1007927,103845,-15,6,8,Active,0
1002657,100613,-44,24,15,Active,0
1003987,101632,-11,12,28,Active,0
1002220,109508,-34,6,24,Active,0
1004005,100561,-28,12,1,Active,0
1007349,101615,-33,24,10,Active,0
1003090,109654,-40,36,9,Active,0
1002809,104425,-41,24,20,Active,0
1006890,100562,-23,24,12,Active,0
1001569,104241,-14,6,16,Active,0
1006905,101999,-30,12,24,Active,0
1004587,100138,-17,36,23,Active,0
1004691,107119,-21,12,7,Active,0
1005837,105029,-40,24,17,Active,0
1006420,107307,-31,12,23,Active,0
1000330,200112,-37,6,20,Active,0
1001381,104900,-11,6,2,Active,0
1008265,105241,-14,36,29,Active,0
1005833,109963,-35,12,32,Active,0
1005731,106433,-16,24,9,Active,0
1002371,100368,-10,6,13,Active,0
1007653,106349,-17,6,3,Active,0
1000996,108763,-9,6,32,Active,0
1002961,106898,-34,36,35,Active,0
1005548,101874,-36,6,35,Active,0
1003146,200219,-4,6,7,Active,0
1004358,101865,-3,6,6,Active,0
1005449,103408,-22,36,14,Active,0
1008592,109314,-44,24,18,Active,0
1001944,105615,-32,36,22,Active,0
1000559,106819,-12,6,3,Active,0
1001620,103648,-27,36,25,Active,0
1000196,201033,-18,6,20,Active,0
1003405,200545,-12,36,3,Active,0
1001282,101857,-13,24,22,Active,0
1008445,200956,-18,12,21,Active,0
1006121,201872,-27,6,27,Active,0
1002305,108759,-40,12,11,Active,0
1007794,102957,-5,24,27,Active,0
1007147,107856,-13,36,4,Active,0
1009626,201349,-21,6,15,Active,0
1006878,105003,-19,24,33,Active,0
1001110,101179,-13,12,6,Active,0
1006270,107430,-7,24,23,Active,0
1002428,100045,-27,24,24,Active,0
1000902,109200,-6,6,28,Active,0
1002307,102608,-7,12,30,Active,0
1001526,105959,-19,36,14,Active,0
1008535,100355,-47,6,17,Active,0
1001273,102978,-29,24,11,Active,0
1007427,101480,-35,36,2,Active,0
1005534,107926,-27,24,4,Active,0
1000431,105230,-1,6,32,Active,0
1007932,201169,-30,12,0,Active,0
1008197,101809,-9,24,27,Active,0
1002378,200154,-5,24,15,Active,0
1005499,102414,-24,24,18,Active,0
1001693,109471,-15,24,12,Active,0
1007307,200436,-1,6,18,Active,0
1002947,103128,-20,12,26,Active,0
1005454,200954,-3,6,18,Active,0
1005916,102235,-6,24,25,Active,0
1001817,103020,-25,36,6,Active,0
1007463,103428,-43,24,26,Active,0
1001631,108942,-4,6,21,Active,0
1005485,104379,-18,24,35,Active,0
1002449,102871,-32,6,21,Active,0
1001501,102414,-3,36,9,Active,0
1001042,100361,-1,24,2,Active,0
1005284,105768,-47,36,23,Active,0
1002540,101247,-8,36,30,Active,0
1009255,200787,-9,24,17,Active,0
1007058,106070,-6,6,8,Active,0
1008635,109829,-44,12,29,Active,0
1005492,108541,-24,6,5,Active,0
1003173,201835,-11,12,11,Active,0
1009085,101519,-22,36,12,Active,0
1005431,107428,-45,24,1,Active,0
1004291,107813,-24,36,35,Active,0
1000243,100806,-13,6,10,Active,0
1002632,109742,-8,24,31,Active,0
1009822,105769,-26,36,17,Active,0
1008291,101715,-37,12,7,Active,0
1008395,109471,-5,24,13,Active,0
1004689,104000,-7,6,5,Active,0
1009873,102204,-4,24,17,Active,0
1007845,109886,-18,24,16,Active,0
1005663,102428,-22,6,27,Active,0
1002080,109604,-26,36,35,Active,0
1000624,101955,-12,6,22,Active,0
1008146,201449,-37,24,21,Active,0
1009759,107202,-31,12,31,Active,0
1006965,103826,-44,12,0,Active,0
1001541,103610,-28,6,19,Active,0
1001719,101406,-24,6,27,Active,0
1004626,107123,-5,24,8,Active,0
1006442,200049,-28,36,8,Active,0
1005379,106451,-8,6,31,Active,0
1009477,104411,-47,24,17,Active,0
1008594,109583,-37,36,1,Active,0
1007763,200959,-30,6,5,Active,0
1001283,103379,-1,6,20,Active,0
1008404,105110,-43,36,23,Active,0
1009617,104689,-15,24,17,Active,0
1000376,201670,-9,6,6,Active,0
1001776,102763,-42,36,7,Active,0
1004164,100294,-46,36,27,Active,0
1003128,100518,-23,24,25,Active,0
1004950,103330,-45,36,4,Active,0
1005559,201437,-9,36,0,Active,0
1009787,101464,-5,6,26,Active,0
1007395,106505,-21,12,5,Active,0
1009905,108895,-7,36,7,Active,0
1003416,102650,-42,12,22,Active,0
1009216,104727,-17,36,10,Active,0
1005669,108166,-2,12,14,Active,0
1007961,105697,-41,36,35,Active,0
1001495,101658,-27,24,17,Active,0
1004191,103827,-25,12,23,Active,0
1008218,107554,-40,6,13,Active,0
1003205,102033,-42,6,16,Active,0
1004217,100742,-39,36,11,Active,0
1005603,108973,-26,24,4,Active,0
1007706,107387,-16,6,34,Active,0
1009221,107893,-30,12,22,Active,0
1007742,100627,-35,6,25,Active,0
1009073,200891,-31,36,29,Active,0
1000692,201424,-27,6,3,Active,0
1005336,105444,-8,12,6,Active,0
1006181,107478,-43,36,11,Active,0
1000738,101406,-17,36,26,Active,0
1007639,201636,-17,6,13,Active,0
1007612,107558,-6,24,17,Active,0
1003837,100983,-5,36,3,Active,0
1005552,104352,-22,6,32,Active,0
1001056,104022,-14,24,16,Active,0
1000002,105747,-4,6,21,Active,0
1005151,104609,-31,24,20,Active,0
1001354,200773,-35,36,10,Active,0
1006721,104434,-42,36,4,Active,0
1008901,102591,-3,36,16,Active,0
1008576,106874,-34,12,2,Active,0
1003874,103943,-27,36,28,Active,0
1001036,200257,-17,12,14,Active,0
1005754,107322,-22,36,18,Active,0
1005212,200339,-3,36,25,Active,0
1000736,100102,-25,12,33,Active,0
1001570,108690,-23,6,23,Active,0
1002026,109327,-47,12,26,Active,0
1008314,106589,-45,6,3,Active,0
1006542,106351,-32,24,9,Active,0
1007027,200800,-34,6,9,Active,0
1000244,102725,-36,6,12,Active,0
1009732,108205,-43,12,11,Active,0
1003811,201093,-41,36,7,Active,0
1001024,109615,-16,12,21,Active,0
1009309,108525,-39,6,1,Active,0
1008590,101625,-5,36,12,Active,0
1001451,109971,-16,24,15,Active,0
1007038,100609,-14,12,33,Active,0
1004591,103898,-21,6,26,Active,0
1002033,109445,-26,12,25,Active,0
1007527,201100,-33,36,31,Active,0
1007742,100627,-12,36,14,Active,0
1008677,103379,-12,36,8,Active,0
1003109,109700,-20,12,22,Active,0
1003964,102405,-20,12,6,Active,0
1004352,109115,-16,24,5,Active,0
1004981,105793,-17,24,28,Active,0
1004211,102426,-41,12,17,Active,0
1006002,107819,-24,24,31,Active,0
1009367,109083,-38,24,5,Active,0
1008797,201473,-27,6,26,Active,0
1000436,201220,-6,36,17,Active,0
1006957,103950,-20,6,4,Active,0
1009507,104196,-23,12,5,Active,0
1006359,101462,-3,6,20,Active,0
1001846,100827,-44,36,31,Active,0
1003473,101592,-6,36,27,Active,0
1001766,107636,-45,12,25,Active,0
1001809,109548,-8,6,20,Active,0
1006291,201957,-37,24,25,Active,0
1007411,106748,-45,36,6,Active,0
1004359,104664,-32,24,20,Active,0
1007431,106281,-11,36,21,Active,0
1007857,101237,-23,12,6,Active,0
1005468,109536,-31,12,32,Active,0
1008373,106156,-32,24,13,Active,0
1009529,200275,-12,6,33,Active,0
1008379,109786,-31,6,1,Active,0
1001893,103291,-22,12,15,Active,0
1000654,201161,-17,36,35,Active,0
1002282,104119,-13,12,0,Active,0
1009678,102174,-33,12,33,Active,0
1006268,104338,-30,36,24,Active,0
1005727,108361,-25,6,8,Active,0
1009677,104215,-35,12,14,Active,0
1001672,100801,-1,24,21,Active,0
1003338,201962,-17,24,33,Active,0
1005018,103349,-23,6,34,Active,0
1009952,102521,-29,24,26,Active,0
1006172,103027,-14,6,6,Active,0
1009157,107452,-30,24,3,Active,0
1001457,105469,-3,24,2,Active,0
1005251,102788,-33,24,28,Active,0
1006725,106866,-18,12,12,Active,0
1001650,103222,-36,12,18,Active,0
1004658,104250,-33,36,9,Active,0
1003985,101410,-44,12,14,Active,0
1006956,106981,-4,36,23,Active,0
1000680,104696,-10,6,33,Active,0
1009486,103475,-3,12,13,Active,0
1003824,103130,-6,6,5,Active,0
1009092,101319,-46,36,31,Active,0
1009834,103287,-46,12,7,Active,0
1005443,105826,-4,24,17,Active,0
1002377,105102,-5,36,22,Active,0
1008945,100874,-47,36,19,Active,0
1002411,101795,-42,6,31,Active,0
1008075,109739,-5,6,15,Active,0
1001495,101658,-30,12,18,Active,0
1009760,108442,-36,24,15,Active,0
1002968,103642,-42,6,6,Active,0
1003664,201622,-4,6,20,Active,0
1008357,102745,-32,24,12,Active,0
1000182,102922,-19,12,7,Active,0
1005413,106200,-14,12,14,Active,0
1005299,101232,-45,12,35,Active,0
1008350,104282,-2,36,30,Active,0
1001466,102961,-29,6,30,Active,0
1004808,105382,-13,36,16,Active,0
1000235,201127,-11,6,22,Active,0
1001477,100727,-31,24,27,Active,0
1006835,105237,-31,24,9,Active,0
1000120,104192,-12,36,5,Active,0
1000385,107787,-4,6,9,Active,0
1000409,101114,-4,24,1,Active,0
1008008,103988,-2,36,27,Active,0
1003392,104887,-1,12,30,Active,0
1008732,200097,-31,36,27,Active,0
1008697,108459,-40,24,16,Active,0
1000710,200017,-47,36,34,Active,0
1007996,106331,-6,24,8,Active,0
1001525,105975,-39,6,26,Active,0
1001236,100465,-37,24,13,Active,0
1002986,102580,-23,36,14,Active,0
1008324,107945,-46,24,15,Active,0
1004260,108307,-28,36,20,Active,0
1001303,109133,-42,24,35,Active,0
1004779,102856,-4,6,1,Active,0
1002211,200419,-30,6,26,Active,0
1003831,200921,-25,6,14,Active,0
1009151,103186,-23,12,9,Active,0
1003959,104024,-37,24,33,Active,0
1001452,106811,-32,24,20,Active,0
1000641,106470,-46,36,16,Active,0
1009798,104093,-47,36,3,Active,0
1001829,109777,-46,36,18,Active,0
1005309,100504,-24,36,18,Active,0
1006710,201948,-23,36,22,Active,0
1008007,106273,-43,36,22,Active,0
1009460,201337,-43,36,14,Active,0
1007524,107289,-25,24,32,Active,0
1004095,103821,-24,24,16,Active,0
1005557,102686,-14,6,34,Active,0
1008419,103003,-21,24,26,Active,0
1009169,107567,-41,36,31,Active,0
1009503,105628,-9,12,35,Active,0
1003091,106023,-26,36,15,Active,0
1009175,102791,-6,12,33,Active,0
1002681,102727,-1,36,15,Active,0
1002997,100606,-23,36,16,Active,0
1003243,107750,-8,6,26,Active,0
1008754,104523,-9,6,27,Active,0
1009233,102786,-40,24,10,Active,0
1008129,201942,-14,24,1,Active,0
1005796,102541,-24,36,24,Active,0
1008233,106912,-30,6,35,Active,0
1006007,102300,-46,12,21,Active,0
1000003,104391,-3,24,11,Active,0
1007538,107823,-2,6,20,Active,0
1001056,104022,-2,36,30,Active,0
1001467,103124,-38,12,3,Active,0
1007999,201526,-7,12,1,Active,0
1001475,101287,-32,12,0,Active,0
1004509,106440,-42,36,4,Active,0
1008352,200888,-47,36,19,Active,0
1004239,107152,-42,6,35,Active,0
1004214,102441,-32,36,3,Active,0
1003539,102004,-8,6,7,Active,0
1000257,101927,-13,24,11,Active,0
1003874,103943,-11,36,7,Active,0
1007203,106156,-47,6,20,Active,0
1000281,107943,-14,12,15,Active,5
1001657,200696,-46,36,20,Active,0
1006691,100180,-46,36,11,Active,0
1008870,101132,-47,12,0,Active,0
1005719,108581,-41,12,0,Active,0
1006803,100438,-2,24,35,Active,0
1003385,200080,-39,12,13,Active,0
1007656,201377,-46,36,3,Active,0
1006612,102386,-2,36,25,Active,0
1002658,201654,-13,12,31,Active,0
1008850,107166,-15,6,29,Active,0
1009746,201115,-20,24,33,Active,0
1002063,100164,-4,24,1,Active,0
1006315,104342,-15,12,8,Active,0
1005563,200943,-11,12,17,Active,0
1003650,104669,-8,12,20,Active,0
1002910,201150,-14,6,22,Active,0
1008601,100322,-27,6,28,Active,0
1002041,100494,-11,36,19,Active,0
1007048,105692,-16,12,5,Active,0
1002657,100613,-14,24,4,Active,0
1007010,102881,-13,12,6,Active,0
1006373,108824,-3,6,6,Active,0
1007776,101433,-18,12,18,Active,0
1005520,104635,-7,6,6,Active,0
1005537,101651,-43,36,19,Active,0
1001145,201583,-3,24,13,Active,0
1008622,104541,-16,6,28,Active,0
1004907,105184,-29,36,9,Active,0
1002226,107159,-17,6,31,Active,5
1001083,106451,-33,36,8,Active,0
1009645,106360,-19,24,19,Active,0
1004970,100824,-27,24,26,Active,0
1000170,103032,-28,24,30,Active,0
1007069,102936,-18,12,6,Active,0
1003867,106117,-35,12,16,Active,0
1006528,102240,-42,6,30,Active,0
1005189,105216,-23,6,15,Active,0
1003558,108829,-41,6,24,Active,0
1009253,104812,-43,24,6,Active,0
1008440,106857,-46,24,1,Active,0
1007081,201855,-31,12,30,Active,0
1006218,108813,-19,24,34,Active,0
1006447,104236,-1,6,15,Active,0
1007153,201414,-7,36,15,Active,0
1006441,104252,-17,6,2,Active,0
1002689,201709,-41,12,11,Active,0
1007407,104239,-5,24,28,Active,0
1000726,101933,-18,12,4,Active,0
1003879,105548,-42,6,20,Active,0
1007971,100378,-12,12,13,Active,0
1007204,100482,-41,36,2,Active,0
1004111,106737,-46,6,30,Active,0
1002094,102457,-42,24,9,Active,0
1005912,107266,-34,36,22,Active,0
1008287,109480,-12,36,27,Active,0
1005893,200088,-35,36,28,Active,0
1004788,106158,-29,36,25,Active,0
1007369,107193,-28,24,8,Active,0
1003423,104440,-38,36,11,Active,0
1008535,100355,-20,12,9,Active,0
1008458,109764,-16,36,24,Active,0
1008161,200686,-31,24,10,Active,0
1003652,100449,-19,36,9,Active,0
1003147,106388,-21,12,13,Active,0
1002201,106336,-20,24,2,Active,0
1003051,108135,-16,36,8,Active,0
1009712,201233,-47,12,29,Active,0
1000598,107753,-16,24,17,Active,0
1001944,105615,-44,12,21,Active,0
1002739,107386,-40,6,34,Active,0
1003545,201788,-44,36,2,Active,0
1005536,101788,-14,36,5,Active,0
1002930,102437,-45,6,19,Active,0
1005776,201164,-22,6,32,Active,0
1004317,106392,-34,24,10,Active,0
1007208,109630,-31,12,17,Active,0
1002128,104610,-32,24,21,Active,0
1001248,108736,-1,24,23,Active,0
1001182,107157,-39,6,5,Active,0
1005738,107095,-24,24,23,Active,0
1001092,109699,-30,12,19,Active,0
1000542,103184,-4,12,20,Active,0
1005804,108099,-10,6,9,Active,0
1000152,201021,-2,36,8,Active,0
1004501,201653,-45,24,5,Active,0
1009498,105494,-33,24,16,Active,0
1000155,109294,-38,24,3,Active,0
1003062,105324,-31,24,13,Active,0
1001340,104161,-7,6,15,Active,0
1006622,105590,-19,6,9,Active,0
1004781,200546,-37,6,31,Active,0
1006769,104409,-19,12,11,Active,0
1008424,101645,-1,24,9,Active,0
1002377,105102,-21,24,34,Active,0
1009890,107447,-41,12,22,Active,0
1005137,201549,-23,12,31,Active,0
1001289,106427,-40,12,25,Active,0
1007011,100328,-3,12,30,Active,0
1004948,201377,-19,36,12,Active,0
1001297,102005,-47,12,16,Active,0
1004175,201511,-9,24,18,Active,0
1004309,106646,-13,36,13,Active,0
1000323,100183,-7,36,6,Active,0
1006612,102386,-1,6,12,Active,0
1004275,104728,-6,12,3,Active,0
1005723,108035,-21,36,19,Active,0
1004729,100893,-1,36,15,Active,0
1006989,100807,-2,6,24,Active,0
1002595,101594,-27,24,35,Active,0
1007904,104009,-33,6,1,Active,0
1006741,103934,-18,36,3,Active,0
1008327,108482,-6,6,28,Active,0
1004147,104069,-18,24,9,Active,0
1005536,101788,-14,6,19,Active,0
1009183,109696,-5,12,2,Active,0
1005429,101489,-6,12,2,Active,0
1003929,103005,-21,12,12,Active,0
1006760,200476,-8,6,32,Active,0
1007564,200781,-8,24,26,Active,0
1001363,108695,-22,36,25,Active,0
1001137,104785,-34,36,14,Active,0
1006349,103042,-37,6,1,Active,0
1009626,201349,-2,12,15,Active,0
1000735,104840,-9,36,0,Active,0
1003287,102911,-13,36,29,Active,0
1003781,104671,-39,6,18,Active,0
1008265,105241,-3,36,20,Active,0
1003776,109228,-17,24,23,Active,0
1000503,100390,-11,6,22,Active,0
1006340,100610,-43,6,19,Active,0
1008968,103710,-31,24,12,Active,0
1004475,106084,-10,6,34,Active,0
1009967,101610,-35,36,7,Active,0
1002828,201271,-23,24,1,Active,0
1004017,200009,-36,12,21,Active,0
1004815,200853,-28,6,17,Active,0
1009776,101232,-18,12,26,Active,0
1003033,201023,-43,24,24,Active,0
1002779,201127,-25,36,4,Active,0
1004583,100384,-44,24,10,Active,0
1001650,103222,-22,24,8,Active,0
1002569,103108,-9,12,20,Active,0
1005612,108368,-10,6,26,Active,0
1009980,109107,-1,24,18,Active,0
1000143,105908,-19,12,29,Active,0
1001690,100719,-40,12,16,Active,0
1000691,200269,-37,6,10,Active,0
1007112,103099,-30,36,23,Active,0
1007052,108716,-17,12,35,Active,0
1001979,103238,-3,36,8,Active,0
1006339,102749,-4,6,22,Active,0
1000280,201878,-39,24,30,Active,0
1007373,100253,-41,36,13,Active,0
1000995,105034,-2,36,31,Active,0
1009744,100146,-30,36,14,Active,0
1005322,106028,-25,12,4,Active,0
1008431,109073,-43,24,25,Active,0
1001300,100326,-1,6,10,Active,0
1001536,107755,-32,36,23,Active,5
1006506,104024,-17,6,11,Active,0
1002735,109273,-28,24,15,Active,0
1006686,104082,-32,24,0,Active,0
1009146,107375,-23,6,0,Active,0
1000356,108361,-26,24,3,Active,0
1003645,201355,-44,6,20,Active,0
1005065,104841,-9,36,13,Active,0
1001676,100496,-34,36,7,Active,0
1006152,102163,-20,12,7,Active,0
1006204,105409,-13,24,14,Active,0
1004721,104879,-36,24,8,Active,0
1009788,109179,-11,6,8,Active,0
1007234,102786,-3,12,31,Active,0
1000334,103060,-16,6,9,Active,0
1009672,200390,-34,36,35,Active,0
1005457,200375,-23,36,28,Active,0
1006236,101635,-32,24,0,Active,5
1008141,200906,-23,24,5,Active,0
1003574,102465,-6,6,28,Active,0
1005850,109479,-15,24,34,Active,0
1001440,100330,-16,36,2,Active,0
1002836,104730,-26,24,7,Active,0
1006117,104401,-38,36,11,Active,0
1007310,105562,-25,24,35,Active,0
1005938,100286,-23,24,6,Active,0
1004588,103832,-16,36,19,Active,0
1009529,200275,-35,6,23,Active,0
1002508,108128,-26,36,23,Active,0
1003756,104113,-3,6,35,Active,0
1001515,102678,-18,6,14,Active,0
1003613,106660,-14,24,6,Active,0
1000443,106957,-34,12,17,Active,0
1000951,100818,-10,12,13,Active,0
1002116,101584,-6,36,14,Active,0
1008966,109280,-27,36,25,Active,0
1004700,106691,-45,24,33,Active,0
1008875,201774,-22,36,8,Active,0
1008330,105195,-21,6,23,Active,0
1005630,102785,-35,36,15,Active,0
1004101,109961,-11,36,23,Active,0
1000895,107815,-22,24,26,Active,0
1008046,107618,-25,6,32,Active,0
1009141,106887,-28,36,8,Active,0
1000781,200053,-46,36,22,Active,0
1008114,100550,-36,6,25,Active,0
1000577,105530,-34,6,3,Active,0
1001488,100917,-34,24,26,Active,0
1002956,100088,-12,24,23,Active,0
1008705,109732,-21,24,29,Active,0
1000849,106575,-7,36,33,Active,0
1000956,100750,-20,36,19,Active,0
1009012,109245,-8,24,8,Active,0
1002752,106414,-22,12,2,Active,0
1009610,201097,-5,12,3,Active,0
1005667,106657,-32,24,16,Active,0
1001199,101103,-39,12,19,Active,0
1000217,100835,-36,12,26,Active,0
1004687,109641,-5,12,34,Active,0
1009010,106685,-12,12,19,Active,0
1005701,109485,-28,6,18,Active,0
1001489,107928,-22,12,25,Active,0
1004111,106737,-10,24,13,Active,0
1009678,102174,-41,24,30,Active,0
1008702,200515,-17,36,34,Active,0
1001185,102527,-25,6,29,Active,0
1007287,109626,-2,36,23,Active,0
1008094,200371,-21,12,26,Active,0
1003001,106833,-20,12,30,Active,0
1002439,201410,-32,36,11,Active,0
1003844,101516,-38,24,7,Active,0
1005495,200288,-21,6,33,Active,0
1004120,107255,-13,12,19,Active,0
1000599,201186,-36,6,4,Active,0
1000965,201068,-26,36,29,Active,0
1007867,105600,-16,12,16,Active,0
1003460,104230,-12,36,10,Active,0
1008742,102427,-2,12,30,Active,0
1000287,200234,-18,24,12,Active,0
1002205,107900,-17,12,2,Active,0
1003186,201987,-12,24,10,Active,0
1008365,100975,-38,36,1,Active,0
1006303,106583,-29,36,1,Active,0
1005440,108592,-8,12,18,Active,0
1004428,100659,-6,6,10,Active,0
1003158,100004,-47,36,8,Active,0
1005991,200554,-29,24,9,Active,0
1009259,103269,-46,36,4,Active,0
1001401,200292,-32,24,10,Active,0
1005076,109893,-21,12,33,Active,0
1007521,200316,-22,36,9,Active,0
1000650,107142,-44,24,20,Active,0
1006194,200010,-28,6,28,Active,0
1006539,104366,-36,6,26,Active,0
1007126,109716,-40,12,13,Active,0
1004374,200108,-45,12,25,Active,0
1003051,108135,-39,6,7,Active,0
1006458,105867,-21,24,15,Active,0
1009386,109534,-30,36,17,Active,0
1009805,101731,-21,12,17,Active,0
1006450,102226,-36,24,17,Active,0
1004508,102518,-47,6,29,Active,0
1002358,101387,-10,24,24,Active,0
1003562,109153,-10,6,5,Active,0
1000605,108741,-23,24,32,Active,0
1006519,107354,-45,6,16,Active,0
1007488,103003,-10,36,25,Active,0
1008185,106197,-3,12,12,Active,0
1009277,100709,-46,24,18,Active,0
1003947,100990,-36,12,31,Active,0
1004263,108131,-32,6,31,Active,0
1009493,103771,-34,24,8,Active,0
1006830,201703,-23,6,29,Active,0
1009123,101403,-8,24,6,Active,0
1004995,109839,-6,24,14,Active,0
1004619,108952,-17,36,23,Active,0
1006345,201169,-14,36,0,Active,0
1001132,106567,-38,6,35,Active,0
1002470,104748,-29,36,19,Active,0
1007921,104301,-29,36,7,Active,0
1002555,106141,-21,24,19,Active,5
1007486,105493,-4,12,11,Active,0
1001352,102761,-21,36,11,Active,0
1002129,101994,-47,6,32,Active,0
1005444,103555,-43,36,7,Active,0
1000730,100481,-36,12,35,Active,0
1008310,201224,-43,24,31,Active,0
1001502,102451,-41,6,0,Active,0
1009635,107846,-21,6,25,Active,0
1006354,102377,-21,36,26,Active,0
1003489,104547,-20,12,1,Active,0
1004326,109740,-42,36,33,Active,0
1002603,100317,-32,36,7,Active,0
1000224,109521,-47,6,5,Active,0
1002283,104115,-45,6,33,Active,0
1002424,101073,-18,12,4,Active,0
1005115,201036,-42,24,29,Active,0
1009440,102776,-4,24,22,Active,0
1003598,100240,-42,6,30,Active,0
1003718,201632,-25,6,13,Active,0
1005691,109223,-11,12,7,Active,0
1007179,107402,-7,12,3,Active,0
1001519,104754,-29,12,16,Active,0
1004087,105033,-38,24,26,Active,0
1008896,109612,-40,6,10,Active,0
1003061,201059,-21,6,5,Active,0
1001842,105479,-33,6,1,Active,0
1009418,200904,-7,24,35,Active,0
1004048,101250,-39,36,21,Active,0
1004690,201319,-30,24,4,Active,0
1005051,102463,-24,6,3,Active,0
1009269,104293,-21,12,22,Active,0
1001358,103244,-2,12,20,Active,0
1002649,100701,-11,12,12,Active,0
1005375,102591,-39,24,8,Active,0
1000337,200108,-19,24,15,Active,0
1000649,100632,-28,24,10,Active,0
1004022,102825,-13,12,35,Active,0
1000936,102005,-46,12,26,Active,0
1003527,106642,-3,24,24,Active,0
1001079,105622,-45,12,6,Active,0
1000414,104425,-2,24,13,Active,0
1001990,105123,-36,6,31,Active,0
1009483,109301,-18,12,5,Active,0
1003771,103528,-45,12,33,Active,0
1006834,103230,-25,6,3,Active,0
1008904,102534,-24,6,20,Active,0
1002637,100111,-24,36,4,Active,0
1006754,101422,-41,36,23,Active,0
1004161,104618,-34,24,14,Active,0
1007664,108383,-42,6,27,Active,0
1007159,109812,-37,36,15,Active,0
1005535,101534,-1,24,21,Active,0
1005558,101040,-43,24,16,Active,0
1003090,109654,-38,36,14,Active,0
1004506,101280,-46,12,23,Active,0
1002064,106560,-41,24,14,Active,0
1008614,201958,-37,24,9,Active,0
1006042,108504,-38,6,2,Active,0
1007800,102047,-39,24,29,Active,0
1009559,104695,-47,24,6,Active,0
1009579,105374,-17,36,32,Active,0
1009429,100426,-45,12,17,Active,0
1005410,108190,-47,36,33,Active,0
1002085,109169,-11,36,8,Active,0
1007772,108842,-5,36,35,Active,0
1004801,101845,-27,36,30,Active,0
1002341,107070,-9,6,7,Active,0
1002378,200154,-23,6,8,Active,0
1006085,106775,-35,12,12,Active,0
1003450,101839,-44,24,22,Active,0
1000175,102537,-18,24,5,Active,0
1009568,104864,-33,12,27,Active,0
1008679,201153,-35,24,24,Active,0
1003879,105548,-43,6,25,Active,0
1000009,105267,-6,6,35,Active,0
1004033,102648,-3,24,16,Active,0
1000928,106089,-30,24,10,Active,0
1007175,109234,-13,36,29,Active,0
1005276,101200,-26,6,11,Active,0
1009743,101319,-29,36,16,Active,0
1001007,107250,-30,24,23,Active,0
1007793,105092,-43,24,16,Active,0
1002111,103966,-21,24,1,Active,0
1009021,107014,-13,36,17,Active,0
1002164,106527,-13,36,22,Active,0
1005149,107711,-16,6,28,Active,0
1008300,100436,-17,36,19,Active,0
1006261,103203,-31,12,9,Active,0
1006199,103991,-35,36,30,Active,0
1006078,201803,-21,36,8,Active,5
1004196,101304,-42,36,0,Active,0
1004439,100567,-37,36,10,Active,0
1002881,106830,-30,36,19,Active,0
1000174,107048,-1,12,30,Active,0
1004835,102627,-19,12,19,Active,0
1007753,103299,-25,6,30,Active,0
1008438,102534,-32,36,30,Active,0
1007269,102069,-3,36,4,Active,0
1007932,201169,-39,24,8,Active,0
1005798,108600,-9,24,23,Active,0
1002422,108827,-16,12,16,Active,0
1008235,101911,-15,36,6,Active,0
1006486,200879,-30,36,12,Active,0
1006430,106879,-39,6,23,Active,0
1002306,108431,-12,6,9,Active,0
1005778,105828,-31,6,31,Active,0
1001368,201809,-1,12,2,Active,0
1001844,103953,-18,12,24,Active,0
1002227,200566,-44,6,17,Active,0
1003266,201097,-42,12,21,Active,0
1007157,100305,-32,6,24,Active,0
1001172,105092,-41,6,5,Active,0
1000152,201021,-6,6,26,Active,0
1005494,109426,-33,24,11,Active,0
1001512,108605,-44,6,2,Active,0
1005851,108704,-38,24,31,Active,0
1008349,104068,-30,36,2,Active,0
1006687,104427,-37,36,0,Active,0
1003968,107772,-14,12,4,Active,0
1001689,103379,-41,36,26,Active,0
1009242,104685,-17,24,12,Active,0
1001033,107754,-22,6,1,Active,0
1009847,103354,-25,24,20,Active,0
1004445,101804,-9,36,7,Active,0
1000335,109628,-36,24,6,Active,0
1009571,107519,-28,36,11,Active,0
1004113,200854,-11,24,3,Active,0
1005260,201236,-23,24,3,Active,0
1007174,106084,-17,24,14,Active,0
1008497,105335,-40,12,18,Active,0
1002321,104661,-22,6,27,Active,0
1004234,108935,-33,6,11,Active,0
1001513,106450,-13,24,24,Active,0
1000040,109107,-21,12,3,Active,0
1002089,102921,-7,12,14,Active,0
1000214,105387,-15,12,0,Active,0
1006301,102271,-40,6,23,Active,0
1006957,103950,-30,36,5,Active,0
1005372,100589,-16,24,21,Active,0
1006815,109420,-27,12,12,Active,0
1001903,102241,-18,36,1,Active,0
1003077,104152,-29,12,35,Active,0
1005913,104702,-21,6,1,Active,0
1006965,103826,-35,36,31,Active,0
1002775,200428,-10,6,13,Active,0
1002550,100382,-47,6,28,Active,0
1009215,104871,-4,6,19,Active,0
1007160,201362,-28,12,23,Active,0
1000210,201723,-5,36,19,Active,0
1007338,106627,-21,6,21,Active,0
1001999,106491,-41,6,29,Active,0
1009768,104018,-20,36,15,Active,0
1005294,104171,-26,6,34,Active,0
1008703,100012,-37,6,31,Active,0
1000088,108057,-18,6,26,Active,0
1006355,105490,-11,6,20,Active,0
1007263,102167,-40,12,26,Active,0
1007131,102883,-44,12,23,Active,0
1007976,101716,-18,6,9,Active,0
1003672,201394,-28,36,29,Active,0
1000224,109521,-13,24,22,Active,0
1006029,100991,-15,36,22,Active,0
1003171,106075,-19,12,27,Active,0
1008950,108196,-19,6,24,Active,0
1003544,104472,-46,36,17,Active,0
1006856,109182,-40,24,26,Active,0
1005269,105060,-32,6,6,Active,0
1005758,201792,-26,36,18,Active,0
1001035,201360,-39,12,29,Active,0
1009876,201304,-4,12,33,Active,0
1006065,201004,-36,12,32,Active,0
1006430,106879,-38,6,20,Active,0
1002845,106425,-42,6,11,Active,0
1008829,200079,-5,36,8,Active,0
1004668,106773,-45,24,6,Active,0
1000557,200671,-36,24,23,Active,0
1004778,201687,-36,36,28,Active,0
1005196,100229,-1,36,4,Active,0
1008138,105385,-23,24,15,Active,0
1004417,104333,-32,36,22,Active,0
1000217,100835,-39,36,29,Active,0
1009693,101073,-34,36,30,Active,0
1001982,107095,-42,6,11,Active,0
1007541,101504,-25,24,16,Active,0
1008630,103207,-6,6,17,Active,0
1008569,107396,-17,24,5,Active,0
1007540,200140,-1,6,1,Active,0
1004606,106485,-44,24,31,Active,0
1009854,108433,-23,24,29,Active,0
1000575,101561,-2,36,2,Active,0
1004876,106313,-8,36,27,Active,5
1007430,200217,-7,36,33,Active,0
1008365,100975,-20,36,34,Active,0
1005995,104501,-2,12,2,Active,0
1009644,201999,-23,6,32,Active,0
1009940,101588,-38,24,8,Active,0
1008447,102586,-14,36,31,Active,0
1006266,200627,-11,6,31,Active,0
1007674,100035,-11,6,16,Active,0
1009713,201629,-4,12,35,Active,0
1000436,201220,-20,36,0,Active,0
1004942,105415,-10,24,16,Active,0
1002161,200375,-7,24,8,Active,0
1001106,109941,-30,12,12,Active,0
1008333,109120,-8,36,25,Active,0
1001373,107017,-43,6,7,Active,0
1009407,102123,-20,6,6,Active,0
1007520,106042,-24,36,7,Active,0
1005366,108863,-18,24,32,Active,0
1009050,105817,-38,36,28,Active,0
1006919,103420,-39,24,6,Active,0
1006713,107931,-41,36,10,Active,0
1008006,108161,-11,36,4,Active,0
1001039,100463,-9,6,23,Active,0
1004675,100555,-47,24,4,Active,0
1000964,108783,-45,24,6,Active,0
1007762,100136,-37,12,18,Active,0
1006605,107529,-28,6,23,Active,0
1006334,101541,-34,36,25,Active,0
1000278,101485,-39,24,28,Active,0
1000300,108089,-45,24,33,Active,0
1005339,100134,-39,12,9,Active,0
1008706,106934,-30,36,23,Active,0
1001547,200391,-14,12,19,Active,0
1007878,105620,-7,24,24,Active,0
1002005,102291,-8,24,30,Active,0
1006413,101533,-44,6,15,Active,0
1008206,105085,-16,24,13,Active,0
1007265,101900,-40,12,8,Active,0
1002058,101275,-23,36,33,Active,0
1008319,106095,-8,12,34,Active,0
1006609,100500,-41,24,1,Active,0
1006326,108222,-26,24,1,Active,0
1008274,108235,-35,24,17,Active,0
1004673,102209,-33,36,20,Active,0
1004989,102290,-2,36,35,Active,0
1004885,103841,-29,12,1,Active,0
1008038,104594,-4,12,28,Active,5
1002675,102374,-21,12,22,Active,0
1000095,102650,-44,24,23,Active,0
1007883,100176,-12,24,13,Active,0
1004984,100513,-3,36,27,Active,0
1000806,105084,-3,24,6,Active,0
1001300,100326,-36,6,23,Active,0
1000294,109221,-22,24,18,Active,0
1000582,101442,-27,6,34,Active,0
1006102,103095,-13,36,1,Active,0
1004720,107734,-20,12,19,Active,0
1008694,101642,-2,12,35,Active,0
1004471,201384,-27,24,4,Active,0
1002650,103489,-42,12,28,Active,0
1003137,200264,-39,24,17,Active,0
1006103,108879,-35,24,30,Active,0
1001754,109128,-1,6,13,Active,0
1004668,106773,-13,12,32,Active,0
1005173,105592,-19,36,26,Active,0
1001603,108097,-28,6,35,Active,0
1005354,103838,-43,36,7,Active,0
1000580,200107,-22,36,17,Active,0
1007124,109496,-9,6,1,Active,0
1002770,102649,-37,36,25,Active,0
1008208,102165,-22,12,12,Active,0
1007053,106307,-13,24,2,Active,0
1009856,102181,-10,36,9,Active,0
1008254,107401,-9,24,30,Active,0
1005811,100518,-30,12,0,Active,0
1009111,201816,-23,12,30,Active,0
1009881,100887,-16,12,28,Active,0
1001345,102254,-14,36,5,Active,0
1001707,200576,-22,36,4,Active,0
1005978,101721,-13,6,2,Active,0
1009004,102587,-47,24,4,Active,0
1001645,102321,-21,12,24,Active,0
1009303,108894,-15,24,4,Active,0
1001329,106023,-34,6,25,Active,0
1008034,108751,-41,24,21,Active,0
1006649,101624,-1,36,26,Active,0
1005150,104507,-41,24,21,Active,0
1007188,100476,-5,36,10,Active,0
1003751,100858,-5,6,3,Active,0
1004301,109638,-2,12,32,Active,0
1009291,201512,-20,24,33,Active,0
1003574,102465,-16,24,4,Active,0
1008309,102134,-45,36,6,Active,0
1000837,107868,-27,24,31,Active,0
1003430,104850,-42,6,26,Active,0
1008021,106374,-18,12,0,Active,0
1003950,101399,-32,12,33,Active,0
1009940,101588,-43,24,7,Active,0
1005786,102210,-20,36,8,Active,0
1005368,102568,-31,24,23,Active,0
1006604,200837,-11,36,28,Active,0
1001401,200292,-41,12,10,Active,0
1004103,105767,-32,12,19,Active,0
1005638,103866,-8,12,30,Active,0
1004377,108036,-18,6,15,Active,0
1002096,201902,-19,24,0,Active,0
1008978,106829,-32,24,27,Active,0
1008171,100693,-33,36,26,Active,0
1009032,108526,-26,36,11,Active,0
1002897,201145,-39,24,10,Active,0
1001391,102051,-39,24,12,Active,0
1008915,108617,-6,12,9,Active,0
1001997,101947,-38,36,11,Active,5
1006015,108505,-34,36,34,Active,0
1002477,106389,-2,12,29,Active,0
1005216,103956,-4,12,24,Active,0
1005459,106768,-15,24,1,Active,0
1007388,103848,-16,36,14,Active,0
1000453,102931,-28,24,19,Active,0
1002559,105869,-45,24,5,Active,0
1009964,108400,-32,36,31,Active,0
1004682,200369,-7,12,30,Active,5
1007252,100317,-37,24,4,Active,0
1001018,103233,-46,36,24,Active,0
1004754,101985,-28,6,26,Active,0
1000694,200570,-28,12,21,Active,0
1009390,109626,-38,12,5,Active,0
1004627,103229,-42,36,6,Active,0
1003516,105925,-45,6,34,Active,0
1007337,109615,-18,24,3,Active,0
1004833,105466,-39,24,13,Active,0
1002863,104014,-2,24,29,Active,0
1000447,109492,-28,6,7,Active,0
1000464,106381,-38,36,8,Active,0
1004683,102609,-40,36,27,Active,0
1004437,102324,-2,24,25,Active,0
1004090,201331,-1,12,0,Active,0
1005169,201771,-28,36,13,Active,0
1008204,200682,-25,24,34,Active,0
1004849,100962,-39,6,26,Active,0
1000030,109744,-15,36,17,Active,0
1007322,100578,-7,24,25,Active,0
1005934,109405,-7,6,7,Active,0
1008360,201205,-4,36,8,Active,0
1000802,104152,-20,24,19,Active,0
1004557,105905,-44,6,11,Active,0
1007584,100320,-44,6,31,Active,0
1005412,105287,-47,36,2,Active,0
1000920,104984,-23,6,0,Active,0
1003704,101568,-27,6,15,Active,0
1009149,104061,-43,12,25,Active,0
1002233,105999,-28,6,35,Active,0
1005088,108603,-37,6,35,Active,0
1001154,106833,-37,12,6,Active,0
1002415,201446,-38,6,25,Active,0
1001845,108056,-28,6,19,Active,0
1002974,102425,-47,36,31,Active,0
1002607,108703,-36,24,27,Active,0
1008219,108447,-9,12,13,Active,0
1009733,103630,-40,24,8,Active,0
1008580,100297,-46,12,30,Active,0
1009348,105734,-31,12,26,Active,0
1004865,107911,-29,12,17,Active,0
1005475,101140,-41,24,13,Active,0
1005223,102030,-38,12,0,Active,0
1002009,107731,-42,36,17,Active,0
1000167,106115,-42,24,19,Active,0
1009021,107014,-41,36,20,Active,0
1006505,103139,-22,6,2,Active,0
1000185,101927,-15,24,9,Active,0
1009635,107846,-15,24,18,Active,0
1001675,109080,-1,24,16,Active,0
1002681,102727,-18,36,29,Active,0
1006439,201445,-36,12,28,Active,0
1006708,102415,-26,6,7,Active,0
1006818,103961,-31,24,16,Active,0
1009774,201727,-4,36,30,Active,0
1008392,104138,-25,6,19,Active,0
1008597,106724,-45,24,28,Active,0
1004527,109437,-26,12,7,Active,0
1001709,102245,-36,24,34,Active,0
1006352,102162,-13,12,1,Active,0
1006911,108298,-12,12,1,Active,0
1009278,107465,-12,36,32,Active,0
1009833,105274,-16,6,12,Active,0
1001997,101947,-18,36,32,Active,0
1004603,109091,-20,24,29,Active,0
1001934,100214,-42,24,1,Active,5
1004354,201850,-6,12,19,Active,0
1003712,104761,-9,6,31,Active,0
1008743,108510,-23,12,23,Active,0
1000584,106509,-45,6,35,Active,0
1001576,109006,-2,36,1,Active,0
1007841,104367,-18,6,6,Active,0
1005236,108323,-16,36,15,Active,0
1004439,100567,-29,12,35,Active,0
1004048,101250,-33,36,6,Active,0
1001789,106881,-13,12,11,Active,0
1004399,109208,-9,6,18,Active,0
1005142,106819,-36,12,27,Active,0
1002710,103694,-21,24,25,Active,0
1009195,100868,-27,6,13,Active,0
1002520,201237,-18,12,10,Active,0
1003178,109038,-34,36,27,Active,0
1007540,200140,-40,6,17,Active,0
1008446,104329,-23,6,15,Active,0
1008192,106299,-30,12,13,Active,0
1002288,103520,-12,6,0,Active,0
1001385,106448,-28,36,13,Active,0
1005161,104317,-37,36,5,Active,0
1000609,102308,-7,36,33,Active,0
1001027,103611,-19,24,15,Active,0
1002881,106830,-42,6,13,Active,0
1005030,109587,-24,6,5,Active,0
1004838,105315,-43,24,18,Active,5
1002067,108835,-9,6,19,Active,0
1000296,103419,-47,36,29,Active,0
1004120,107255,-29,24,9,Active,0
1007124,109496,-17,12,27,Active,0
1009525,103946,-4,36,31,Active,0
1000275,104954,-30,24,25,Active,0
1004811,105860,-43,24,22,Active,0
1006544,101574,-23,6,6,Active,0
1001007,107250,-9,12,25,Active,0
1002624,101300,-31,12,0,Active,0
1005375,102591,-8,12,21,Active,0
1009313,103977,-3,24,25,Active,0
1001558,101308,-6,6,32,Active,0
1008627,104908,-46,6,30,Active,0
1005027,102957,-22,12,16,Active,0
1002538,200416,-39,36,12,Active,0
1005641,103358,-19,36,32,Active,0
1000687,200017,-2,24,24,Active,0
1005950,103671,-31,36,0,Active,0
1003986,200425,-32,6,21,Active,0
1003349,108880,-17,6,29,Active,5
1006950,107576,-16,24,13,Active,0
1001918,101911,-24,12,6,Active,0
1006064,103117,-43,36,9,Active,0
1001202,102691,-41,36,2,Active,0
1007861,107507,-5,6,28,Active,0
1003118,102341,-34,12,14,Active,0
1006039,106041,-35,12,18,Active,0
1002747,109267,-44,24,19,Active,0
1002735,109273,-31,36,16,Active,0
1002422,108827,-43,6,30,Active,0
1003384,201039,-7,24,24,Active,0
1006911,108298,-21,6,21,Active,0
1006577,104411,-11,12,32,Active,0
1002950,108232,-15,24,1,Active,0
1006250,108533,-10,6,3,Active,0
1003715,101721,-28,12,19,Active,0
1001689,103379,-34,12,33,Active,0
1006942,108176,-38,6,21,Active,0
1001755,101128,-31,12,31,Active,0
1005973,101276,-19,24,5,Active,0
1006832,104370,-1,12,14,Active,0
1004523,109478,-29,36,29,Active,0
1008804,104395,-45,6,3,Active,0
1002291,200688,-31,12,19,Active,0
1002046,100411,-47,24,11,Active,0
1007949,106685,-24,6,28,Active,0
1007764,108528,-10,6,1,Active,0
1009847,103354,-19,6,20,Active,0
1007491,109871,-30,6,34,Active,0
1003937,105035,-31,12,3,Active,0
1007082,107329,-33,24,25,Active,0
1002197,103218,-12,24,14,Active,0
1009886,100321,-31,24,27,Active,0
1005301,109047,-29,12,33,Active,0
1003090,109654,-26,36,28,Active,0
1000598,107753,-36,6,34,Active,0
1001279,107362,-13,6,25,Active,0
1000703,100837,-47,12,21,Active,0
1001521,104325,-11,36,24,Active,0
1009595,107631,-42,24,3,Active,0
1003233,108353,-2,6,23,Active,0
1000302,109908,-12,12,5,Active,0
1000007,107690,-9,12,34,Active,0
1000983,201852,-1,24,0,Active,0
1002022,108604,-16,36,13,Active,0
1005284,105768,-32,6,32,Active,0
1004556,100293,-22,12,21,Active,0
1002465,105420,-45,6,19,Active,0
1007184,103802,-35,24,1,Active,0
1007008,104738,-47,36,1,Active,0
1006430,106879,-24,6,35,Active,0
1004685,100754,-24,24,32,Active,0
1002944,106484,-21,24,7,Active,0
1007261,104821,-17,36,7,Active,0
1003965,103575,-20,6,14,Active,0
1002574,100181,-21,36,30,Active,0
1003130,201267,-38,12,7,Active,0
1004969,201988,-22,24,19,Active,0
1002562,201419,-23,6,11,Active,0
1009229,107171,-19,24,26,Active,0
1003772,101310,-28,36,8,Active,0
1000843,102095,-38,6,2,Active,0
1000867,201587,-4,12,17,Active,0
1008317,106578,-3,6,20,Active,0
1006713,107931,-35,6,1,Active,0
1002085,109169,-42,12,25,Active,0
1009901,100265,-25,6,4,Active,0
1000574,104104,-35,36,16,Active,0
1002056,103905,-40,24,7,Active,0
1007660,201712,-44,12,35,Active,0
1007547,201861,-5,36,10,Active,0
1005219,103009,-19,12,20,Active,0
1001505,108584,-10,6,15,Active,0
1003149,109804,-9,36,3,Active,0
1003144,108203,-33,36,3,Active,0
1004497,109004,-13,24,29,Active,0
1002125,102541,-16,6,34,Active,0
1006457,104448,-19,6,6,Active,0
1007240,108090,-14,24,3,Active,0
1007234,102786,-36,24,7,Active,0
1009852,103661,-39,12,30,Active,0
1003923,105435,-15,24,26,Active,0
1001568,101905,-45,24,20,Active,0
1000258,101057,-42,24,8,Active,0
1007602,109556,-44,36,17,Active,0
1003690,105487,-13,12,23,Active,0
1007586,103384,-14,24,3,Active,0
1000602,106771,-43,6,20,Active,0
1006781,108961,-35,24,11,Active,0
1005663,102428,-8,24,1,Active,0
1002620,201360,-44,6,17,Active,0
1000356,108361,-42,12,27,Active,0
1007132,100683,-34,6,8,Active,0
1001254,201767,-47,36,21,Active,0
1002667,106319,-44,24,34,Active,0
1004947,200677,-45,12,24,Active,0
1000294,109221,-18,6,5,Active,0
1002309,108954,-5,24,0,Active,0
1006444,100816,-30,6,10,Active,0
1003422,201600,-27,24,5,Active,0
1005442,107519,-42,36,16,Active,0
1001014,102630,-12,12,26,Active,0
1005151,104609,-17,12,21,Active,0
1002401,104538,-40,24,15,Active,0
1000119,108741,-29,24,32,Active,0
1003356,200269,-35,24,25,Active,0
1001363,108695,-28,36,30,Active,0
1000864,106339,-16,6,6,Active,0
1002867,107655,-6,12,26,Active,0
1007988,100011,-13,24,13,Active,0
1001526,105959,-44,36,24,Active,0
1004817,201213,-6,24,7,Active,0
1006555,103577,-21,6,5,Active,0
1000573,103657,-28,6,19,Active,0
1009049,104950,-41,24,29,Active,0
1000816,103203,-19,24,1,Active,0
1005349,102842,-25,36,31,Active,0
1008193,109017,-21,6,13,Active,0
1007235,100162,-21,6,6,Active,0
1008488,107475,-22,24,2,Active,0
1006964,104397,-46,36,27,Active,0
1000204,105336,-11,12,8,Active,0
1005842,101053,-40,6,5,Active,0
1008839,100692,-11,24,3,Active,0
1001624,103661,-33,24,23,Active,0
1008097,100957,-35,6,14,Active,5
1000765,103045,-15,36,1,Active,0
1005275,201074,-4,6,15,Active,0
1001923,107042,-1,6,34,Active,0
1000247,104558,-9,36,7,Active,0
1003179,100600,-9,12,32,Active,0
1006339,102749,-29,12,5,Active,0
1002458,104073,-3,36,4,Active,0
1005918,102589,-35,36,30,Active,0
1008034,108751,-25,24,15,Active,0
1008279,105967,-43,36,31,Active,0
1007294,107643,-23,36,21,Active,0
1008188,200831,-13,36,1,Active,0
1002405,100489,-43,12,32,Active,0
1000970,105469,-22,24,19,Active,0
1000879,104610,-9,36,22,Active,0
1001788,108156,-34,36,4,Active,0
1000297,105059,-5,36,21,Active,0
1002579,103166,-6,12,34,Active,0
1006220,102406,-27,36,29,Active,0
1002413,107767,-7,12,21,Active,0
1003543,109820,-33,6,21,Active,0
1000477,105800,-32,12,6,Active,0
1008299,200923,-47,6,3,Active,0
1006478,102964,-45,12,33,Active,0
1003666,108567,-32,24,2,Active,0
1001963,101232,-25,24,19,Active,0
1007911,100442,-8,6,15,Active,0
1002893,107971,-19,12,15,Active,0
1009701,101554,-32,12,12,Active,0
1006794,108958,-25,12,10,Active,0
1009374,102777,-16,12,19,Active,0
1001582,104822,-40,6,19,Active,0
1008142,109505,-2,6,4,Active,0
1007624,200021,-32,36,3,Active,0
1000777,100394,-11,12,13,Active,0
1002992,103723,-2,12,24,Active,0
1000165,109141,-36,24,14,Active,0
1007963,102387,-26,12,27,Active,0
1009824,104451,-16,36,31,Active,0
1009949,103528,-46,36,13,Active,0
1009457,201241,-28,6,28,Active,0
1007581,201796,-11,24,6,Active,0
1003161,107635,-12,12,10,Active,0
1001866,109893,-27,24,34,Active,0
1009565,201378,-22,36,24,Active,0
1002818,109767,-43,24,32,Active,0
1000004,100056,-3,36,14,Active,0
1001388,104255,-37,36,32,Active,0
1000955,100456,-43,24,12,Active,0
1001456,101613,-6,24,14,Active,0
1005476,201311,-40,12,14,Active,0
1008630,103207,-13,12,2,Active,0
1009115,105952,-10,12,32,Active,0
1007356,108910,-37,36,16,Active,0
1002696,105376,-40,12,32,Active,0
1009950,201337,-20,24,0,Active,0
1007118,106983,-11,12,21,Active,0
1001700,200184,-34,24,30,Active,0
1005425,107081,-42,36,6,Active,0
1002938,100229,-2,12,22,Active,0
1007218,106142,-44,36,17,Active,0
1005444,103555,-21,36,35,Active,0
1001535,103411,-38,24,25,Active,0
1009754,102136,-32,24,29,Active,0
1003440,103793,-43,36,24,Active,0
1002648,201238,-39,12,23,Active,0
1001507,101730,-18,24,19,Active,0
1008755,102572,-18,12,1,Active,0
1003943,104829,-6,24,11,Active,0
1001618,100904,-46,24,2,Active,0
1005369,109353,-30,36,0,Active,0
1008097,100957,-1,6,28,Active,0
1000879,104610,-39,12,16,Active,0
1002429,102186,-12,12,3,Active,5
1004969,201988,-2,6,23,Active,0
1008747,109012,-40,6,14,Active,0
1008411,101706,-24,12,18,Active,0
1009348,105734,-17,36,16,Active,0
1002287,108954,-31,36,13,Active,0
1008101,106197,-5,36,24,Active,0
1009238,102386,-26,36,4,Active,0
1001491,102165,-47,24,9,Active,0
1009703,200705,-35,24,25,Active,0
1008638,101743,-24,36,35,Active,0
1009636,109474,-2,12,23,Active,0
1000250,109661,-34,6,28,Active,0
1004791,109279,-33,24,28,Active,0
1005439,102396,-44,6,1,Active,0
1009789,200909,-32,36,11,Active,0
1004967,104693,-4,12,34,Active,0
1008846,109965,-38,24,13,Active,0
1008513,105251,-43,12,17,Active,0
1008574,109652,-1,6,1,Active,0
1002470,104748,-8,24,21,Active,0
1005262,201654,-36,36,1,Active,0
1008263,200696,-17,24,27,Active,0
1003902,109701,-20,36,6,Active,5
1007112,103099,-32,36,31,Active,0
1002093,107350,-11,6,7,Active,0
1003752,108686,-44,36,30,Active,0
1001273,102978,-21,36,28,Active,0
1006232,105635,-36,36,17,Active,0
1002111,103966,-43,36,17,Active,0
1001000,101370,-24,12,12,Active,0
1000565,109255,-47,24,25,Active,0
1000555,107343,-20,36,7,Active,0
1002236,201058,-18,36,35,Active,0
1004575,106866,-7,36,32,Active,0
1007829,109615,-34,12,21,Active,0
1009094,109284,-24,36,12,Active,0
1000498,103573,-44,12,7,Active,0
1005685,102501,-20,12,18,Active,0
1006667,103666,-33,6,25,Active,0
1009020,104511,-7,6,26,Active,0
1006701,200250,-34,6,10,Active,0
1004271,109019,-4,36,10,Active,0
1007054,104730,-20,12,23,Active,0
1002223,109823,-12,12,21,Active,0
1002362,102832,-1,36,3,Active,0
1009152,108072,-44,12,27,Active,0
1006388,103986,-18,36,31,Active,0
1007665,100019,-35,36,24,Active,0
1006968,109688,-34,6,31,Active,0
1007175,109234,-2,6,19,Active,0
1002635,104581,-12,24,23,Active,0
1002262,105638,-9,24,14,Active,0
1002513,107329,-5,6,5,Active,0
1000694,200570,-38,6,32,Active,0
1008883,104181,-16,6,12,Active,0
1006565,100763,-39,12,10,Active,0
1008228,109876,-20,36,35,Active,0
1006199,103991,-3,36,29,Active,0
1002050,101353,-26,12,13,Active,0
1006826,104216,-15,24,7,Active,0
1002033,109445,-20,36,22,Active,0
1002850,109393,-39,36,32,Active,0
1009223,201667,-18,12,20,Active,0
1008832,101967,-41,6,21,Active,0
1001125,104895,-2,24,31,Active,0
1003930,103675,-43,24,30,Active,0
1003129,101472,-19,36,0,Active,0
1003648,105843,-37,24,34,Active,0
1002786,201771,-33,36,33,Active,0
1005085,109709,-21,6,11,Active,0
1007764,108528,-14,24,10,Active,0
1003556,106554,-5,6,1,Active,0
1007282,105143,-4,6,32,Active,0
1009112,106505,-5,36,15,Active,0
1007224,109681,-8,24,30,Active,0
1003485,103983,-34,36,29,Active,0
1005170,200163,-23,6,10,Active,0
1000711,101176,-41,6,31,Active,0
1000090,200782,-27,6,10,Active,0
1000039,109418,-32,24,5,Active,0
1003335,101456,-16,36,19,Active,5
1001805,106667,-16,6,20,Active,0
1008481,100585,-29,36,24,Active,0
1002566,104408,-47,12,6,Active,0
1003233,108353,-21,36,24,Active,0
1007747,108266,-1,6,30,Active,0
1002042,107447,-12,12,19,Active,0
1000006,102429,-38,6,2,Active,0
1007374,100435,-24,6,33,Active,0
1007424,200252,-27,6,33,Active,0
1006031,106377,-40,24,0,Active,0
1005755,200242,-3,6,24,Active,0
1003982,102872,-20,24,8,Active,0
1001872,100914,-24,6,8,Active,0
1003376,105140,-23,24,24,Active,0
1004839,102709,-29,24,32,Active,0
1001584,102647,-6,12,16,Active,0
1000343,102156,-4,24,8,Active,0
1002490,105433,-25,12,31,Active,0
1007407,104239,-14,6,19,Active,0
1005913,104702,-14,6,16,Active,0
1006027,106918,-40,6,0,Active,0
1003147,106388,-19,12,34,Active,0
1001098,101974,-14,12,25,Active,0
1009254,106792,-46,24,35,Active,0
1006600,108238,-7,24,27,Active,0
1002155,108654,-17,24,23,Active,0
1000806,105084,-23,24,15,Active,0
1000950,102760,-36,24,10,Active,0
1006559,200353,-8,12,16,Active,0
1006909,105778,-12,24,2,Active,0
1000489,201683,-16,36,8,Active,0
1004017,200009,-47,6,19,Active,0
1004696,106790,-29,36,14,Active,0
1003282,105767,-36,12,29,Active,0
1003174,103629,-10,36,33,Active,0
1004548,100980,-16,36,35,Active,0
1000961,201752,-17,24,24,Active,0
1004960,109843,-37,12,18,Active,0
1001529,108452,-44,6,15,Active,0
1007274,108458,-29,24,19,Active,0
1001418,102077,-43,12,11,Active,0
1000991,201842,-29,6,16,Active,0
1003225,108217,-3,12,17,Active,0
1009501,201052,-32,24,13,Active,0
1004144,200401,-44,36,10,Active,0
1005091,107548,-7,36,10,Active,0
1003160,108165,-8,24,28,Active,0
1003266,201097,-4,36,18,Active,0
1006440,200683,-46,12,10,Active,0
1007183,200197,-39,12,10,Active,0
1000897,103640,-43,6,7,Active,0
1009425,101061,-2,24,21,Active,0
1000256,100791,-36,6,31,Active,0
1000161,106125,-40,36,31,Active,0
1002091,102596,-24,12,23,Active,0
1001965,107811,-11,12,15,Active,0
1000107,102864,-4,24,16,Active,0
1001704,106313,-25,24,4,Active,0
1001117,100081,-38,6,23,Active,0
1001175,104422,-15,24,13,Active,0
1008196,101118,-22,24,0,Active,0
1002328,103485,-20,24,16,Active,0
1004215,103137,-6,24,34,Active,0
1001413,200804,-13,24,29,Active,0
1001382,107089,-35,36,16,Active,0
1007051,104525,-40,24,2,Active,0
1000888,103613,-31,24,16,Active,0
1005209,108226,-24,6,34,Active,0
1000151,109480,-36,24,14,Active,0
1004640,106389,-38,6,14,Active,0
1003944,108531,-35,36,25,Active,0
1002493,105720,-23,12,29,Active,0
1007591,104611,-25,36,33,Active,0
1005356,101826,-7,36,5,Active,0
1002606,104097,-21,12,21,Active,0
1000685,104691,-45,36,7,Active,0
1001356,101441,-29,24,1,Active,0
1006354,102377,-36,24,30,Active,0
1002874,104801,-6,24,10,Active,0
1009955,106972,-14,36,26,Active,0
1002704,100198,-38,6,2,Active,0
1009875,104448,-40,24,3,Active,0
1004606,106485,-31,6,5,Active,0
1004917,108366,-5,12,2,Active,0
1008374,107548,-24,36,28,Active,0
1007045,105917,-10,36,19,Active,0
1003952,105410,-5,36,11,Active,0
1000888,103613,-20,12,21,Active,0
1003880,105948,-17,36,30,Active,0
1007051,104525,-17,24,2,Active,0
1009178,100102,-4,6,17,Active,0
1001256,106297,-43,12,4,Active,0
1007887,108863,-1,36,14,Active,0
1001318,100294,-34,24,20,Active,0
1004462,104438,-22,6,1,Active,0
1007268,102366,-20,36,28,Active,0
1005925,109700,-6,24,0,Active,0
1008773,108730,-24,12,28,Active,0
1007230,201773,-19,12,3,Active,0
1009036,107835,-13,12,8,Active,0
1005423,107316,-4,36,12,Active,0
1009277,100709,-42,12,26,Active,0
1007037,100216,-18,12,3,Active,0
1002606,104097,-15,12,3,Active,0
1005714,109603,-42,6,31,Active,0
1005612,108368,-3,6,2,Active,0
1001383,201576,-21,36,1,Active,0
1000113,100105,-35,24,14,Active,0
1008819,106208,-31,36,6,Active,0
1003919,104102,-14,12,10,Active,0
1008430,100204,-4,36,27,Active,0
1002110,108851,-21,36,27,Active,0
1004725,102076,-5,36,23,Active,0
1005331,106780,-31,12,23,Active,0
1004726,201501,-1,6,8,Active,0
1007435,108605,-22,6,19,Active,0
1004940,104700,-20,12,23,Active,0
1002370,104816,-4,24,28,Active,0
1007305,105155,-17,6,2,Active,0
1001570,108690,-39,24,18,Active,0
1003284,109124,-38,12,8,Active,0
1005929,200508,-17,24,0,Active,0
1002845,106425,-28,24,15,Active,0
1002013,102432,-12,24,2,Active,0
1009570,109027,-37,24,33,Active,0
1004769,107139,-38,6,8,Active,0
1001635,100827,-4,36,19,Active,0
1002036,107337,-14,24,33,Active,0
1009006,101207,-8,36,1,Active,0
1007838,101371,-23,36,33,Active,0
1005625,109312,-47,36,9,Active,0
1007330,200549,-31,6,10,Active,0
1009542,104695,-31,6,0,Active,0
1004273,104468,-25,12,3,Active,0
1000027,101282,-47,12,28,Active,0
1002140,102273,-27,12,34,Active,0
1006651,105954,-3,24,21,Active,0
1002686,101143,-24,6,29,Active,0
1009943,105431,-3,6,29,Active,0
1004845,102827,-22,6,28,Active,0
1003105,100777,-24,6,12,Active,0
1009585,106125,-26,36,27,Active,0
1003420,101933,-11,24,10,Active,0
1000850,201305,-27,12,26,Active,0
1006594,105933,-13,24,12,Active,0
1002246,101463,-8,12,4,Active,0
1005338,105874,-41,36,5,Active,0
1006754,101422,-29,36,30,Active,0
1002730,200632,-46,12,23,Active,0
1004309,106646,-33,36,29,Active,5
1001182,107157,-35,6,1,Active,0
1006651,105954,-37,12,2,Active,0
1009863,201874,-7,12,7,Active,0
1009000,101421,-42,6,35,Active,0
1000668,107579,-6,36,26,Active,0
1004354,201850,-7,36,13,Active,0
1004314,100562,-27,24,28,Active,0
1005859,102639,-10,12,17,Active,0
1003609,101833,-2,36,8,Active,0
1005635,107046,-11,36,29,Active,0
1005549,101027,-38,24,0,Active,0
1004910,100743,-47,24,32,Active,0
1008200,102802,-31,24,26,Active,0
1008309,102134,-7,12,4,Active,0
1003335,101456,-47,12,27,Active,0
1003161,107635,-6,24,15,Active,0
1004442,201501,-13,6,34,Active,0
1006351,106519,-44,36,18,Active,0
1004620,109935,-25,12,35,Active,0
1009363,106773,-7,12,24,Active,0
1008649,107459,-3,12,26,Active,0
1000483,101427,-13,6,35,Active,0
1001577,107175,-12,6,15,Active,0
1000713,100355,-22,24,9,Active,0
1003949,104758,-26,24,28,Active,0
1009245,200440,-23,24,26,Active,0
1008598,101769,-37,24,26,Active,0
1008617,102798,-19,36,27,Active,0
1003200,200532,-31,36,8,Active,0
1003652,100449,-36,36,4,Active,0
1004353,103392,-43,36,29,Active,0
1003077,104152,-30,12,30,Active,0
1001591,103097,-25,36,26,Active,0
1003883,201844,-28,36,0,Active,0
1002664,103152,-33,36,9,Active,0
1006792,201101,-21,6,18,Active,0
1001214,101970,-5,36,12,Active,0
1002805,107391,-28,36,33,Active,0
1009617,104689,-35,24,1,Active,0
1009775,101867,-10,36,12,Active,0
1002715,100579,-40,24,34,Active,0
1009412,103600,-1,36,3,Active,0
1007583,100960,-44,12,20,Active,0
1008807,107766,-20,36,26,Active,0
1000098,100978,-19,24,21,Active,0
1009473,100582,-44,6,16,Active,0
1005836,101437,-5,24,29,Active,0
1003728,201338,-36,12,5,Active,0
1008699,107807,-23,36,7,Active,0
1009251,103546,-36,24,34,Active,0
1004670,109680,-26,36,32,Active,0
1008578,102385,-18,24,24,Active,0
1001648,107685,-22,6,28,Active,0
1004839,102709,-23,36,26,Active,0
1001641,107832,-24,36,4,Active,0
1005223,102030,-46,6,31,Active,0
1007431,106281,-43,24,35,Active,0
1002969,101869,-29,36,18,Active,0
1009635,107846,-4,12,32,Active,0
1005051,102463,-43,36,13,Active,0
1002018,104252,-7,6,4,Active,0
1009315,106576,-3,24,23,Active,0
1001105,201326,-1,12,13,Active,0
1001172,105092,-2,6,19,Active,0
1003533,107211,-29,36,14,Active,0
1003221,101088,-35,36,33,Active,0
1002428,100045,-9,6,30,Active,0
1003921,101555,-25,36,1,Active,0
1001014,102630,-33,36,17,Active,0
1006004,104650,-8,12,2,Active,5
1006638,102004,-45,6,31,Active,0
1000716,201767,-8,6,26,Active,0
1004792,101717,-46,6,29,Active,0
1003105,100777,-14,24,23,Active,0
1008402,109254,-9,24,23,Active,0
1002057,100899,-22,6,12,Active,0
1008360,201205,-32,6,21,Active,0
1003458,108878,-28,6,31,Active,0
1004308,109857,-19,6,18,Active,0
1009355,106675,-38,12,25,Active,0
1005693,201527,-19,24,12,Active,0
1008442,107435,-21,36,27,Active,0
1006546,106800,-4,36,29,Active,0
1009082,200482,-31,6,33,Active,0
1000558,100102,-15,6,2,Active,0
1009704,106606,-38,12,21,Active,0
1001835,103714,-11,12,8,Active,0
1009351,106440,-36,12,30,Active,0
1004495,201327,-32,36,15,Active,0
1000848,201425,-23,36,23,Active,0
1001044,100916,-1,12,12,Active,0
1008929,200742,-43,36,2,Active,0
1008960,104380,-3,36,21,Active,0
1002222,100269,-28,12,27,Active,0
1000522,103548,-44,24,8,Active,0
1009501,201052,-47,36,26,Active,0
1009326,106213,-20,24,31,Active,0
1009528,107354,-19,12,23,Active,0
1005646,100006,-45,12,13,Active,0
1007388,103848,-46,6,17,Active,0
1002692,201095,-42,6,17,Active,0
1000560,103794,-3,6,24,Active,0
1006080,201184,-16,36,11,Active,0
1009686,106843,-38,6,2,Active,0
1006826,104216,-25,36,10,Active,0
1003157,101749,-29,6,19,Active,0
1003416,102650,-20,6,4,Active,5
1007425,100150,-35,12,11,Active,0
1006473,107537,-20,36,30,Active,0
1005172,103855,-15,12,22,Active,0
1003287,102911,-14,24,32,Active,0
1008013,201533,-17,36,33,Active,0
1006493,109227,-26,24,16,Active,0
1005628,106424,-39,36,20,Active,0
1008117,108820,-11,36,33,Active,0
1000767,105585,-47,12,0,Active,0
1009385,102748,-42,6,33,Active,5
1005044,101598,-15,12,17,Active,0
1009052,108190,-30,6,26,Active,0
1006852,105388,-13,6,34,Active,0
1005488,107593,-31,36,31,Active,0
1001535,103411,-10,12,13,Active,0
1008268,105225,-31,36,4,Active,0
1009830,106636,-40,24,11,Active,0
1009507,104196,-7,12,13,Active,0
1009113,102499,-4,36,17,Active,0
1009122,105441,-25,12,13,Active,0
1007197,104029,-27,12,17,Active,0
1003263,200433,-36,36,7,Active,0
1001180,101869,-16,6,26,Active,0
1005550,105181,-18,24,20,Active,0
1000540,105322,-46,6,21,Active,0
1008874,200444,-29,12,6,Active,0
1009687,108257,-17,12,27,Active,0
1002231,106622,-22,36,23,Active,0
1006165,109701,-14,6,34,Active,0
1003695,200807,-35,6,9,Active,0
1004744,106709,-17,24,29,Active,0
1009772,100367,-27,6,25,Active,0
1002471,100842,-21,12,19,Active,0
1005683,200990,-11,36,18,Active,0
1002302,103562,-20,6,14,Active,0
1003143,106650,-3,12,11,Active,0
1001061,109223,-26,12,3,Active,0
1006296,104942,-14,24,10,Active,0
1006417,105202,-29,12,28,Active,0
1005528,102267,-7,24,29,Active,0
1001369,101963,-15,24,35,Active,0
1008979,105905,-28,6,26,Active,0
1001997,101947,-8,36,34,Active,0
1002232,107115,-16,12,14,Active,0
1004079,102675,-36,24,9,Active,0
1008143,105586,-2,6,10,Active,0
1002653,104257,-5,24,32,Active,0
1008467,105662,-32,6,33,Active,0
1006117,104401,-47,6,28,Active,0
1008371,100912,-38,12,12,Active,0
1004246,107847,-43,6,13,Active,0
1008551,101340,-19,36,34,Active,0
1004132,106526,-20,36,15,Active,0
1004758,106010,-23,6,0,Active,0
1002004,100252,-26,24,15,Active,5
1006343,103776,-22,36,22,Active,0
1004865,107911,-46,6,2,Active,0
1005037,103267,-14,24,17,Active,0
1003399,108789,-19,36,18,Active,0
1004809,201383,-27,6,22,Active,0
1007994,109232,-26,12,13,Active,0
1009034,201528,-12,36,10,Active,0
1000094,100465,-10,24,8,Active,0
1004012,103319,-10,36,5,Active,0
1006752,107182,-35,6,6,Active,0
1006786,108004,-7,24,34,Active,0
1005317,100507,-42,12,32,Active,0
1006103,108879,-8,12,3,Active,0
1003834,200491,-30,36,7,Active,0
1008599,106167,-30,12,2,Active,0
1009477,104411,-5,6,32,Active,0
1007628,104293,-20,24,28,Active,0
1005373,101776,-17,6,25,Active,0
1008739,101590,-19,12,34,Active,0
1008530,104944,-1,12,25,Active,0
1008005,104206,-38,6,25,Active,0
1007714,102969,-10,6,32,Active,0
1006322,107893,-28,36,28,Active,0
1001681,105213,-1,36,31,Active,0
1007207,101738,-31,6,6,Active,0
1002131,104808,-37,6,27,Active,0
1006567,101260,-19,36,27,Active,0
1008754,104523,-19,6,21,Active,0
1004287,105259,-14,24,21,Active,0
1001714,100642,-46,36,30,Active,0
1001244,102193,-40,12,25,Active,0
1002615,100214,-22,6,13,Active,0
1004585,103114,-44,36,11,Active,0
1008410,102719,-5,6,25,Active,0
1007471,101260,-26,6,25,Active,0
1007322,100578,-27,12,0,Active,0
1008041,108582,-25,36,24,Active,0
1009994,108839,-32,24,0,Active,0
1002979,201931,-25,6,25,Active,0
1007592,108167,-35,24,35,Active,0
1004183,101559,-13,36,12,Active,0
1008869,106984,-6,36,28,Active,0
1006898,109339,-46,12,9,Active,0
1005858,109130,-45,24,7,Active,0
1001843,107558,-17,6,7,Active,0
1002950,108232,-15,36,7,Active,0
1001381,104900,-46,24,25,Active,0
1003962,101580,-35,24,25,Active,0
1008451,108611,-13,36,29,Active,0
1009461,105293,-40,12,11,Active,0
1007892,200207,-11,6,22,Active,0
1002331,103199,-25,24,24,Active,0
1000943,108711,-22,12,16,Active,0
1007926,200258,-32,36,11,Active,0
1000679,106835,-41,24,6,Active,0
1009124,109194,-33,6,33,Active,0
1008951,109607,-35,6,5,Active,0
1005764,103328,-11,36,9,Active,0
1005198,102197,-9,36,27,Active,0
1008488,107475,-13,12,26,Active,0
1009254,106792,-12,12,8,Active,0
1006050,104607,-20,24,35,Active,0
1006321,104621,-42,24,23,Active,0
1007152,109794,-41,24,5,Active,0
1009019,103644,-25,24,2,Active,0
1005571,101251,-28,24,10,Active,0
1004417,104333,-36,36,18,Active,0
1005655,107611,-39,6,19,Active,0
1005356,101826,-10,6,16,Active,0
1001679,200108,-23,36,17,Active,0
1001311,101796,-4,12,1,Active,0
1005837,105029,-9,36,17,Active,0
1002738,106296,-33,24,24,Active,0
1001856,101378,-15,6,7,Active,0
1006031,106377,-29,24,35,Active,0
1005657,105664,-35,12,9,Active,0
1004167,102879,-2,36,24,Active,0
1003103,200563,-18,12,15,Active,0
1006946,102170,-33,24,16,Active,0
1009443,100116,-30,36,30,Active,0
1006395,105023,-24,36,31,Active,0
1000511,106475,-2,24,18,Active,0
1005996,106036,-44,12,19,Active,0
1000528,102889,-41,24,20,Active,0
1002099,105994,-24,36,35,Active,0
1005600,100516,-3,6,9,Active,0
1007861,107507,-2,24,30,Active,0
1003375,106837,-46,36,4,Active,5
1007845,109886,-19,6,34,Active,0
1008291,101715,-7,24,28,Active,0
1000086,101314,-45,36,13,Active,0
1001910,104662,-35,36,35,Active,0
1003591,102902,-37,36,10,Active,0
1005252,104819,-25,36,4,Active,0
1002979,201931,-8,24,10,Active,0
1003798,101180,-3,24,23,Active,0
1007333,200158,-19,12,9,Active,0
1003839,105132,-7,36,17,Active,0
1007157,100305,-19,36,27,Active,0
1006028,103020,-23,24,20,Active,0
1000424,103042,-27,12,25,Active,0
1002453,105114,-23,36,7,Active,0
1003635,102852,-34,24,18,Active,0
1009114,106467,-14,12,2,Active,0
1006209,103272,-18,12,3,Active,0
1004953,102248,-41,12,25,Active,0
1004565,200170,-19,6,2,Active,0
1008218,107554,-40,12,34,Active,0
1002904,200935,-17,24,8,Active,0
1008600,109772,-39,24,1,Active,0
1006223,201005,-1,6,4,Active,0
1000916,103142,-19,24,18,Active,0
1002742,107986,-9,36,7,Active,0
1004115,106003,-33,6,30,Active,0
1003920,105785,-20,36,27,Active,0
1001582,104822,-28,6,2,Active,0
1000153,106081,-29,12,30,Active,0
1006154,109677,-38,12,5,Active,0
1008816,107165,-15,12,15,Active,0
1001519,104754,-29,6,8,Active,0
1003977,102376,-46,12,2,Active,0
1006557,100849,-37,36,21,Active,0
1009960,102637,-22,12,3,Active,0
1003786,104453,-47,36,27,Active,0
1007639,201636,-17,24,15,Active,0
1005669,108166,-45,24,13,Active,0
1005185,201996,-17,24,33,Active,0
1002342,109070,-45,6,6,Active,0
1003393,103256,-15,12,35,Active,0
1007473,107837,-43,24,34,Active,0
1008958,100777,-2,6,14,Active,5
1004718,102691,-17,12,8,Active,0
1001581,108162,-6,24,29,Active,0
1009946,104981,-24,6,12,Active,0
1002368,103527,-10,36,23,Active,0
1000516,101414,-46,24,6,Active,0
1006669,200015,-34,24,16,Active,0
1002866,107068,-32,36,3,Active,0
1005974,101736,-17,6,21,Active,0
1003778,104505,-36,24,1,Active,0
1008131,104454,-9,36,3,Active,0
1005891,106787,-16,24,18,Active,0
1008829,200079,-44,36,23,Active,0
1007268,102366,-33,6,29,Active,0
1006688,109456,-24,12,8,Active,0
1000590,106050,-37,36,29,Active,0
1002492,103053,-45,12,12,Active,0
1009400,105490,-10,12,14,Active,0
1002745,105664,-34,12,8,Active,0
1006027,106918,-7,12,14,Active,0
1001786,102147,-31,36,19,Active,0
1003885,105966,-20,12,26,Active,0
1003642,201203,-30,36,28,Active,0
1009783,108559,-20,36,12,Active,0
1000416,105843,-42,6,9,Active,0
1009877,100824,-32,24,24,Active,0
1005863,105857,-15,24,22,Active,0
1006912,105458,-47,36,10,Active,0
1006635,109405,-20,12,35,Active,5
1006831,103313,-29,36,21,Active,0
1002216,107880,-21,36,9,Active,0
1002010,102171,-37,12,8,Active,0
1004054,108766,-36,6,18,Active,0
1001205,100168,-47,12,11,Active,0
1009163,100260,-29,36,35,Active,0
1003269,102642,-13,12,25,Active,0
1007500,100774,-32,6,31,Active,0
1002892,101869,-9,36,12,Active,0
1000652,109436,-27,12,4,Active,0
1009385,102748,-29,12,21,Active,0
1004017,200009,-37,24,3,Active,0
1000827,104167,-16,6,27,Active,0
1002702,100166,-30,36,31,Active,0
1001084,200295,-21,6,17,Active,0
1005134,104426,-23,36,10,Active,0
1008433,107675,-46,36,32,Active,0
1000268,106074,-18,24,18,Active,0
1007499,200507,-32,6,21,Active,0
1007225,109266,-22,6,33,Active,0
1000785,201539,-22,6,9,Active,0
1005760,100715,-46,24,24,Active,0
1004411,106610,-46,12,12,Active,0
1007005,107028,-32,6,20,Active,0
1000634,103013,-24,12,20,Active,0
1006257,105402,-47,6,28,Active,0
1006029,100991,-25,12,22,Active,0
1008819,106208,-42,24,13,Active,0
1005808,101459,-32,6,23,Active,0
1007280,102269,-29,6,4,Active,0
1001490,106944,-28,36,24,Active,0
1002943,102733,-47,36,18,Active,0
1007091,107884,-44,36,19,Active,0
1009150,103113,-37,12,18,Active,0
1005200,101421,-8,12,1,Active,0
1002533,103224,-29,24,22,Active,0
1004867,106332,-30,12,21,Active,0
1008098,201142,-24,36,11,Active,0
1004220,200283,-16,12,12,Active,0
1004162,103680,-20,6,6,Active,0
1001823,100849,-2,6,5,Active,0
1002793,108346,-39,36,2,Active,0
1000884,107846,-38,36,17,Active,0
1006006,104911,-30,12,16,Active,0
1006329,103702,-16,24,1,Active,0
1004051,104896,-38,24,11,Active,0
1005374,100369,-40,12,7,Active,0
1006205,104461,-5,12,32,Active,0
1003195,105166,-38,6,16,Active,0
1007990,109901,-28,6,28,Active,0
1007226,102870,-8,24,21,Active,0
1009161,103024,-24,36,3,Active,0
1006266,200627,-34,12,17,Active,0
1002387,108042,-43,24,8,Active,0
1007513,106025,-32,36,9,Active,0
1001922,105930,-14,12,8,Active,0
1004698,102817,-22,36,13,Active,0
1003159,101888,-40,12,4,Active,0
1003394,105229,-38,24,12,Active,0
1006540,104749,-42,24,34,Active,0
1005519,105155,-19,6,27,Active,5
1000359,106573,-47,6,13,Active,0
1005828,103721,-27,12,34,Active,0
1009462,201252,-36,24,1,Active,0
1006360,107283,-6,6,32,Active,0
1005937,109592,-22,6,21,Active,0
1001461,200752,-20,12,5,Active,0
1002801,100211,-24,24,5,Active,0
1008817,106672,-15,24,33,Active,0
1007677,109926,-15,12,19,Active,0
1004814,106943,-32,6,13,Active,0
1007736,109345,-1,12,14,Active,0
1004570,102053,-8,6,23,Active,0
1007484,200771,-31,36,27,Active,0
1000496,200826,-4,36,28,Active,0
1005719,108581,-22,6,15,Active,0
1002088,102295,-6,12,7,Active,0
1000504,106481,-38,36,15,Active,0
1005767,100803,-16,36,30,Active,0
1000763,104654,-9,6,17,Active,0
1009202,102132,-11,24,35,Active,0
1004491,104277,-30,24,22,Active,0
1004117,109865,-30,12,17,Active,0
1002017,101896,-28,36,5,Active,0
1002037,100127,-1,6,32,Active,0
1005646,100006,-16,36,25,Active,0
1005967,105374,-23,12,31,Active,0
1009684,109561,-14,24,17,Active,0
1006405,108682,-13,24,25,Active,0
1002829,109252,-10,36,26,Active,0
1003514,101673,-32,12,2,Active,0
1007983,200299,-18,6,20,Active,0
1000503,100390,-39,24,17,Active,0
1006401,107464,-28,6,32,Active,0
1006773,109682,-17,6,13,Active,0
1002002,102760,-8,6,27,Active,0
1004538,201701,-19,12,33,Active,0
1008334,105215,-46,24,35,Active,0
1008344,108179,-30,12,18,Active,0
1007248,108286,-34,6,26,Active,0
1003149,109804,-23,12,21,Active,5
1004260,108307,-41,12,4,Active,0
1007818,102702,-27,12,3,Active,0
1004818,200845,-1,24,34,Active,0
1007855,103683,-44,36,27,Active,0
1000035,101409,-18,6,35,Active,0
1009340,108338,-47,36,3,Active,0
1000357,200381,-34,6,33,Active,0
1006245,108722,-6,12,4,Active,0
1008466,103687,-10,24,33,Active,0
1005757,105341,-3,6,26,Active,0
1009287,109132,-29,24,20,Active,0
1007897,107906,-37,24,10,Active,0
1006243,104200,-19,24,18,Active,0
1004634,107847,-14,36,29,Active,0
1009947,201329,-34,6,14,Active,0
1005634,201367,-4,6,5,Active,0
1005596,200338,-47,6,13,Active,0
1003731,104850,-33,12,32,Active,0
1004401,108866,-39,6,34,Active,0
1000296,103419,-37,12,34,Active,0
1008464,101550,-5,36,25,Active,0
1003141,200044,-10,6,13,Active,0
1006680,105629,-28,24,32,Active,0
1001064,106223,-16,12,21,Active,0
1006588,100097,-10,12,21,Active,0
1009591,106325,-17,36,18,Active,0
1006365,106478,-11,24,32,Active,0
1006675,109133,-21,6,32,Active,0
1001483,103237,-34,6,8,Active,0
1007424,200252,-3,12,13,Active,0
1001275,102836,-43,36,14,Active,0
1000254,103536,-44,12,34,Active,0
1009701,101554,-32,12,4,Active,0
1003889,101710,-46,6,16,Active,0
1000221,100357,-36,12,28,Active,0
1009107,104563,-1,6,10,Active,0
1009018,201590,-47,12,26,Active,0
1000085,107918,-4,24,24,Active,0
1004309,106646,-47,36,34,Active,0
1006394,201838,-25,36,32,Active,0
1002863,104014,-29,36,29,Active,0
1000982,105100,-13,12,16,Active,0
1007426,201302,-35,36,4,Active,0
1002778,108163,-42,6,8,Active,0
1007635,201366,-34,6,13,Active,0
1006190,107285,-43,36,16,Active,0
1005179,104807,-10,6,1,Active,0
1006108,104147,-5,36,16,Active,0
1000745,109363,-44,36,28,Active,0
1008242,100562,-14,12,6,Active,0
1000872,108511,-24,6,25,Active,0
1008298,106276,-5,24,35,Active,0
1006585,201721,-28,6,23,Active,0
1006336,109166,-4,24,27,Active,0
1002882,201911,-42,24,35,Active,0
1003806,102563,-38,36,18,Active,0
1002810,107113,-20,36,10,Active,0
1005378,107769,-43,6,15,Active,0
1004733,201954,-20,12,1,Active,0
1001440,100330,-44,36,2,Active,0
1009299,107828,-2,36,5,Active,0
1008955,105429,-13,6,2,Active,0
1001888,107772,-33,6,27,Active,0
1002778,108163,-18,12,27,Active,0
1007644,101491,-32,6,24,Active,0
1009234,104984,-1,12,7,Active,0
1007296,201412,-12,24,17,Active,0
1008744,109346,-26,6,32,Active,0
1005224,106273,-24,24,23,Active,0
1001056,104022,-29,6,21,Active,0
1001607,101462,-5,6,26,Active,0
1009867,108641,-44,24,11,Active,0
1006362,108088,-39,12,5,Active,0
1005870,100271,-37,24,35,Active,0
1003609,101833,-4,36,34,Active,0
1002078,103027,-8,6,24,Active,0
1003174,103629,-47,36,23,Active,0
1002382,101270,-33,36,14,Active,0
1006593,201755,-25,36,10,Active,0
1001866,109893,-42,24,26,Active,0
1008368,102852,-13,12,10,Active,0
1007595,100875,-14,6,3,Active,0
1009327,201733,-12,36,9,Active,0
1006915,105484,-20,24,17,Active,0
1001777,108636,-33,12,11,Active,0
1008221,103631,-29,12,24,Active,0
1004968,105314,-29,12,17,Active,0
1004309,106646,-20,6,20,Active,0
1007004,106933,-44,12,15,Active,0
1007286,101189,-38,24,1,Active,0
1005747,200719,-10,24,16,Active,0
1006785,103271,-11,12,25,Active,0
1009978,109148,-23,6,7,Active,0
1005027,102957,-37,12,4,Active,0
1002656,100064,-8,6,9,Active,0
1007530,201320,-35,12,21,Active,0
1004452,109868,-18,36,30,Active,0
1002679,201057,-19,36,8,Active,0
1004462,104438,-12,6,28,Active,0
1004697,200289,-5,36,2,Active,0
1001837,200408,-28,36,10,Active,0
1002849,106204,-25,24,35,Active,0
1007020,105449,-16,6,27,Active,0
1009044,200003,-6,6,29,Active,0
1002907,109722,-20,24,34,Active,0
1001448,104078,-14,6,15,Active,0
1007339,201770,-30,36,30,Active,0
1006243,104200,-10,24,26,Active,0
1008882,102197,-31,6,9,Active,0
1009231,105313,-15,36,12,Active,0
1002987,104945,-41,36,31,Active,0
1001688,108431,-33,24,8,Active,0
1008584,104223,-7,12,25,Active,0
1002985,103756,-26,24,22,Active,0
1008550,104556,-35,12,26,Active,0
1008503,107047,-32,12,23,Active,0
1008074,104023,-17,36,30,Active,0
1000779,101957,-11,36,4,Active,0
1009619,108540,-33,6,15,Active,0
1003568,104393,-38,24,27,Active,0
1005279,101691,-47,24,22,Active,0
1000122,100910,-38,6,3,Active,0
1007948,200461,-27,6,25,Active,0
1003907,200251,-45,24,16,Active,0
1006605,107529,-37,36,32,Active,0
1009330,109138,-25,24,21,Active,0
1002460,200372,-20,24,21,Active,0
1000876,108558,-3,6,4,Active,0
1008899,103973,-33,24,26,Active,0
1008882,102197,-46,12,5,Active,0
1008908,108510,-1,12,16,Active,0
1007292,107648,-19,12,3,Active,0
1001006,200567,-44,6,16,Active,0
1001886,106775,-34,36,17,Active,0
1004188,108197,-27,6,9,Active,0
1006034,102899,-24,12,16,Active,0
1006541,100074,-40,24,6,Active,0
1005370,108819,-3,36,32,Active,0
1005803,108296,-7,12,35,Active,0
1001850,101538,-28,24,32,Active,0
1006421,105078,-27,6,0,Active,0
1005474,103131,-4,36,4,Active,0
1007482,108142,-47,36,35,Active,0
1008067,108511,-28,12,31,Active,0
1000984,102471,-25,6,12,Active,0
1005917,108334,-33,6,2,Active,0
1009879,101165,-45,24,35,Active,0
1002735,109273,-22,6,35,Active,0
1003517,101240,-11,6,22,Active,0
1006533,107608,-46,12,23,Active,0
1004288,104277,-40,6,5,Active,0
1004741,102741,-45,6,17,Active,0
1000533,103961,-34,24,30,Active,0
1002421,105289,-23,6,34,Active,0
1006507,100407,-6,12,33,Active,0
1000703,100837,-41,12,12,Active,0
1002873,109721,-26,6,31,Active,0
1009188,107979,-14,12,23,Active,0
1008565,201861,-14,6,25,Active,0
1008656,108350,-39,36,4,Active,0
1002834,109640,-13,12,4,Active,0
1001357,108692,-21,36,12,Active,0
1003153,108585,-15,6,7,Active,0
1007509,107623,-37,12,0,Active,0
1005055,102695,-6,6,35,Active,0
1004417,104333,-14,24,13,Active,0
1000177,103782,-8,12,17,Active,0
1008423,101365,-16,36,3,Active,0
1006463,107315,-44,6,0,Active,0
1007803,101794,-17,36,3,Active,0
1003905,102080,-24,6,18,Active,0
1002085,109169,-42,12,12,Active,0
1001957,100213,-14,36,25,Active,0
1004942,105415,-13,12,24,Active,0
1005010,200350,-12,24,32,Active,0
1002899,201043,-8,12,7,Active,0
1004397,106866,-35,6,11,Active,0
1003769,201460,-23,24,19,Active,0
1005825,201030,-17,6,14,Active,0
1003742,100653,-46,36,6,Active,0
1001952,106688,-14,6,29,Active,0
1004805,109087,-33,12,7,Active,0
1007504,109981,-36,36,14,Active,0
1007360,101548,-23,12,27,Active,0
1009424,103671,-43,36,5,Active,0
1008933,103891,-30,12,32,Active,0
1007292,107648,-7,6,21,Active,0
1008407,107385,-19,24,34,Active,0
1008754,104523,-25,36,17,Active,5
1001256,106297,-33,6,20,Active,0
1005702,101673,-32,12,8,Active,0
1004488,102674,-12,12,15,Active,0
1000723,201056,-34,6,18,Active,0
1008812,109704,-7,6,27,Active,0
1006428,200899,-44,24,13,Active,0
1009842,102984,-21,36,11,Active,0
1007615,107555,-39,24,2,Active,0
1009246,102592,-21,6,14,Active,0
1008643,105602,-5,24,12,Active,0
1009682,104496,-47,36,8,Active,0
1002662,107751,-4,12,17,Active,0
1008155,101121,-16,36,22,Active,0
1000721,103284,-32,36,19,Active,0
1004643,108046,-6,12,35,Active,0
1004060,200548,-40,12,18,Active,0
1002123,103473,-20,36,24,Active,0
1002651,105082,-15,24,29,Active,0
1005760,100715,-29,6,34,Active,0
1006821,102281,-27,24,17,Active,5
1006418,108090,-21,36,22,Active,0
1007765,105949,-13,12,29,Active,0
1009260,109708,-22,36,21,Active,0
1002102,109956,-30,6,28,Active,0
1004917,108366,-35,12,17,Active,0
1004749,100231,-12,36,11,Active,0
1002213,105808,-36,24,0,Active,0
1000842,200701,-27,36,10,Active,0
1004591,103898,-46,6,34,Active,0
1002766,201594,-19,24,18,Active,0
1008531,109895,-2,24,6,Active,0
1008082,102800,-31,12,14,Active,0
1001290,109303,-4,36,22,Active,0
1004597,200460,-15,36,26,Active,0
1003499,201212,-8,6,2,Active,0
1003133,101213,-31,6,9,Active,0
1000464,106381,-11,36,27,Active,0
1008994,102792,-4,36,29,Active,0
1009040,102293,-42,12,5,Active,0
1006163,109854,-26,12,2,Active,0
1000747,104592,-46,36,24,Active,5
1007881,200900,-31,24,12,Active,0
1009510,106089,-37,6,10,Active,0
1001909,101717,-4,6,0,Active,0
1005299,101232,-24,24,3,Active,0
1006870,105915,-27,24,20,Active,0
1008670,200083,-30,12,24,Active,0
1002128,104610,-37,6,31,Active,0
1001991,105869,-7,24,4,Active,0
1002320,101592,-5,24,34,Active,0
1007353,109502,-20,6,0,Active,0
1007477,108630,-37,36,12,Active,0
1008484,102950,-17,12,35,Active,0
1004280,102279,-46,12,31,Active,0
1005218,100760,-11,12,21,Active,0
1009573,101292,-28,24,14,Active,0
1008296,103173,-5,24,29,Active,0
1007111,201160,-11,6,24,Active,0
1004092,107029,-39,6,2,Active,0
1004645,104643,-36,24,32,Active,0
1001407,109746,-4,36,14,Active,0
1005142,106819,-35,24,28,Active,0
1005972,105361,-15,12,11,Active,0
1005096,102620,-45,36,33,Active,0
1000761,103722,-16,6,29,Active,0
1000264,101993,-43,24,33,Active,0
1002328,103485,-32,6,31,Active,0
1007870,105968,-28,24,6,Active,0
1000118,102145,-6,36,35,Active,0
1002772,108839,-15,6,1,Active,0
1005868,104755,-1,24,34,Active,0
1009377,200993,-35,12,13,Active,0
1002821,102436,-47,36,23,Active,0
1008762,109110,-40,24,25,Active,0
1002416,105531,-19,36,15,Active,0
1001469,201062,-37,24,2,Active,0
1007738,105075,-45,36,18,Active,0
1004769,107139,-8,12,30,Active,0
1004728,105894,-6,6,21,Active,0
1008007,106273,-43,12,28,Active,0
1003808,105819,-5,36,20,Active,0
1004267,107067,-38,12,21,Active,5
1004962,106060,-22,24,1,Active,0
1005032,200371,-26,36,23,Active,0
1001356,101441,-9,24,8,Active,0
1002749,102524,-47,24,21,Active,0
1009805,101731,-9,36,34,Active,0
1004643,108046,-3,6,24,Active,0
1001498,103015,-41,6,33,Active,0
1001567,100553,-42,6,5,Active,0
1007095,200303,-35,24,31,Active,0
1004539,101276,-20,6,20,Active,0
1007231,201278,-35,12,26,Active,0
1006548,106052,-36,36,25,Active,0
1009189,109812,-3,24,16,Active,0
1008425,104199,-41,36,26,Active,0
1002837,201432,-25,6,30,Active,0
1007481,109150,-24,6,8,Active,0
1004804,200166,-20,6,35,Active,0
1008253,103972,-16,12,17,Active,0
1002363,104535,-4,12,0,Active,0
1003759,108600,-28,12,20,Active,0
1004801,101845,-21,36,35,Active,0
1009562,106471,-25,36,10,Active,0
1009765,106656,-23,6,17,Active,0
1001150,201610,-6,12,8,Active,0
1006376,104271,-28,36,9,Active,0
1004484,201283,-44,24,2,Active,0
1004375,100804,-32,24,6,Active,0
1003043,102020,-23,24,7,Active,0
1004480,108525,-24,12,8,Active,0
1003142,201632,-46,6,17,Active,0
1002608,101451,-29,24,26,Active,0
1008360,201205,-44,6,28,Active,0
1009179,109015,-15,24,17,Active,0
1006079,105086,-36,12,33,Active,0
1008670,200083,-5,36,24,Active,0
1002878,107811,-33,12,2,Active,0
1000657,107446,-6,24,9,Active,0
1007681,106891,-34,24,0,Active,5
1001400,108232,-44,6,32,Active,0
1004524,104079,-23,36,20,Active,0
1003234,108659,-3,24,4,Active,0
1000909,101730,-39,24,22,Active,0
1000927,103271,-3,12,28,Active,0
1005740,108707,-23,36,14,Active,0
1006605,107529,-32,36,22,Active,5
1000608,100193,-8,24,19,Active,0
1000029,201487,-39,6,10,Active,0
1009875,104448,-47,24,25,Active,0
1002197,103218,-3,12,3,Active,0
1009037,100227,-46,6,8,Active,0
1002746,109632,-8,24,23,Active,0
1007534,106327,-43,12,28,Active,0
1006677,106607,-35,6,18,Active,0
1008606,101796,-32,24,32,Active,0
1004727,108283,-14,24,5,Active,0
1003193,108729,-8,36,28,Active,0
1009491,101491,-27,24,22,Active,0
1007208,109630,-46,36,20,Active,0
1008696,103672,-43,24,31,Active,0
1007741,102250,-43,6,15,Active,0
1009089,200127,-34,36,8,Active,0
1000264,101993,-44,12,33,Active,0
1004361,103829,-31,36,34,Active,0
1005308,201745,-29,36,14,Active,0
1000420,200153,-12,12,13,Active,0
1007766,101389,-30,36,22,Active,0
1006846,200563,-9,36,32,Active,0
1004823,105442,-13,36,8,Active,0
1007847,105362,-47,36,9,Active,0
1005195,104217,-9,12,29,Active,0
1004665,101435,-42,36,13,Active,0
1004751,105351,-4,36,15,Active,0
1005832,109124,-28,12,4,Active,5
1003198,106370,-33,36,24,Active,0
1004096,105189,-24,36,11,Active,0
1006902,105249,-42,12,2,Active,0
1001726,108460,-26,12,16,Active,5
1004038,105128,-34,6,34,Active,0
1009227,103502,-3,24,17,Active,0
1008711,201082,-30,36,21,Active,0
1000877,100316,-2,36,2,Active,0
1004766,104695,-13,12,2,Active,0
1005265,105497,-41,36,23,Active,0
1000545,100523,-1,12,26,Active,0
1000331,104620,-39,36,17,Active,0
1009666,108411,-44,36,3,Active,0
1008690,200076,-27,6,21,Active,0
1007448,101666,-37,6,11,Active,0
1003683,201091,-29,24,16,Active,0
1006533,107608,-7,6,32,Active,0
1002327,106753,-46,6,34,Active,0
1005546,100943,-33,12,18,Active,0
1000064,102562,-17,36,10,Active,0
1001812,200867,-3,24,9,Active,0
1004234,108935,-35,36,34,Active,0
1007046,101807,-44,12,9,Active,0
1004691,107119,-5,36,9,Active,0
1005635,107046,-26,12,9,Active,0
1007462,100187,-36,12,7,Active,0
1002039,103482,-25,12,9,Active,0
1009688,105373,-5,6,20,Active,0
1001420,101581,-22,12,30,Active,0
1001686,104029,-23,12,2,Active,0
1003979,105755,-26,36,19,Active,0
1006560,200366,-24,12,8,Active,0
1003009,103747,-27,12,7,Active,5
1004399,109208,-43,24,27,Active,0
1008380,105863,-9,36,18,Active,0
1004210,109181,-28,6,33,Active,0
1008727,103138,-27,6,26,Active,0
1008580,100297,-41,12,6,Active,0
1002323,106741,-5,6,30,Active,0
1001821,107091,-7,24,9,Active,0
1004321,107857,-25,24,12,Active,0
1006159,104699,-4,6,31,Active,0
1008536,104186,-40,12,4,Active,0
1008955,105429,-5,24,7,Active,0
1005756,104686,-8,24,31,Active,0
1001813,106686,-6,12,4,Active,0
1009192,201550,-45,36,16,Active,0
1005890,102749,-8,36,33,Active,0
1005176,104773,-23,6,31,Active,0
1000571,200369,-15,24,15,Active,0
1009533,103949,-8,36,24,Active,0
1007043,101177,-37,24,15,Active,0
1006583,107169,-20,12,9,Active,0
1004824,109678,-25,6,14,Active,0
1007812,105199,-3,36,4,Active,0
1002913,105249,-45,12,15,Active,0
1000923,100204,-42,24,22,Active,0
1000067,107602,-37,24,13,Active,0
1007360,101548,-6,12,12,Active,0
1008858,107198,-29,6,34,Active,0
1001006,200567,-18,12,12,Active,0
1007177,107665,-34,24,5,Active,0
1009406,107999,-28,24,34,Active,0
1009329,103507,-21,6,1,Active,0
1005528,102267,-12,12,19,Active,0
1008624,200331,-26,24,14,Active,0
1005279,101691,-9,12,18,Active,0
1002601,103605,-13,24,35,Active,0
1002038,106737,-44,6,15,Active,0
1008077,100447,-17,12,31,Active,0
1007071,109289,-20,24,21,Active,0
1004645,104643,-39,12,32,Active,0
1003073,108918,-32,12,12,Active,0
1008260,201131,-46,24,21,Active,0
1003221,101088,-11,24,14,Active,5
1003235,103384,-8,12,8,Active,0
1008313,103727,-46,12,1,Active,0
1006506,104024,-10,36,4,Active,0
1008356,201872,-45,36,35,Active,0
1000926,104460,-4,6,20,Active,0
1005403,104533,-29,24,23,Active,0
1005306,201874,-32,36,0,Active,0
1003172,102913,-18,12,13,Active,0
1005475,101140,-11,36,10,Active,0
1005866,107446,-45,6,21,Active,0
1004073,103342,-11,36,6,Active,0
1009257,104960,-27,24,4,Active,0
1008524,200319,-25,12,17,Active,0
1001851,101500,-35,36,19,Active,0
1007782,100195,-45,12,20,Active,0
1007988,100011,-3,24,30,Active,0
1000638,105178,-19,36,25,Active,0
1005203,201418,-11,36,35,Active,0
1000324,101972,-1,24,29,Active,0
1008281,104776,-14,12,34,Active,0
1006532,102000,-29,12,35,Active,0
1007647,200904,-19,12,11,Active,0
1002234,109986,-41,6,12,Active,0
1003096,108012,-27,24,12,Active,0
1004308,109857,-41,24,18,Active,0
1003238,101883,-47,6,35,Active,0
1000164,100318,-19,6,31,Active,5
1001547,200391,-9,36,14,Active,0
1008507,107828,-40,36,12,Active,0
1005593,109294,-28,36,23,Active,0
1005225,109841,-29,12,4,Active,0
1001017,109355,-23,24,16,Active,0
1002663,200516,-14,12,22,Active,0
1007603,106382,-23,6,34,Active,0
1007745,104982,-11,36,30,Active,0
1004777,105288,-29,12,34,Active,0
1006101,109601,-44,24,21,Active,0
1009652,105229,-32,12,6,Active,0
1002158,109963,-41,24,30,Active,0
1002591,108132,-35,36,24,Active,0
1006241,105815,-20,6,20,Active,0
1004243,106027,-34,6,17,Active,0
1000031,201183,-31,24,18,Active,0
1009878,106394,-33,36,31,Active,0
1006181,107478,-8,36,7,Active,0
1006086,103205,-38,12,16,Active,0
1005547,105123,-37,6,14,Active,0
1005131,100399,-23,12,15,Active,0
1008835,105932,-41,24,15,Active,0
1002844,102592,-8,24,4,Active,0
1007207,101738,-13,6,35,Active,0
1007533,108523,-3,12,23,Active,0
1009540,102322,-44,12,14,Active,0
1001591,103097,-7,36,12,Active,0
1009164,106978,-44,36,6,Active,0
1004221,200298,-21,12,10,Active,0
1006465,102553,-8,12,14,Active,0
1005227,100538,-20,12,11,Active,0
1002133,200690,-42,36,4,Active,0
1005238,201734,-42,6,6,Active,0
1006276,107751,-14,36,13,Active,5
1003248,107246,-47,36,2,Active,0
1003269,102642,-38,12,26,Active,0
1006290,104455,-31,36,26,Active,0
1000663,108732,-3,12,9,Active,0
1009548,200711,-43,36,14,Active,0
1006434,106792,-13,24,3,Active,0
1003089,201459,-18,36,31,Active,0
1001735,107199,-43,12,35,Active,0
1001731,103014,-33,6,13,Active,0
1005486,109113,-38,36,26,Active,0
1005571,101251,-41,24,29,Active,0
1000701,200372,-39,36,27,Active,5
1002162,106791,-20,36,3,Active,0
1001696,105344,-4,36,28,Active,0
1001608,107816,-40,24,9,Active,0
1005878,106285,-21,6,8,Active,0
1004722,104243,-13,12,26,Active,0
1009593,107014,-37,36,10,Active,0
1002896,201005,-18,36,15,Active,0
1008015,106946,-13,12,33,Active,0
1006105,100526,-44,6,19,Active,0
1006427,105660,-46,36,24,Active,0
1009685,105269,-45,6,0,Active,0
1004316,106916,-41,24,10,Active,0
1000668,107579,-42,12,33,Active,0
1008974,105803,-16,12,7,Active,0
1009518,100619,-31,6,35,Active,0
1001185,102527,-10,12,11,Active,0
1001490,106944,-33,6,6,Active,0
1003634,109948,-24,24,7,Active,0
1007768,102244,-24,36,30,Active,0
1005990,200646,-4,36,8,Active,0
1002040,104824,-42,12,30,Active,0
1005569,100652,-32,24,21,Active,0
1002220,109508,-21,12,34,Active,0
1003396,101942,-22,24,21,Active,0
1002772,108839,-17,36,11,Active,0
1004496,105837,-3,6,20,Active,0
1002167,107852,-3,24,12,Active,0
1002425,104724,-23,6,21,Active,0
1003671,109117,-37,12,30,Active,0
1000715,108709,-39,36,24,Active,0
1007755,109642,-20,6,13,Active,0
1008543,105866,-7,6,19,Active,0
1004456,101667,-6,36,7,Active,0
1006318,100801,-41,36,6,Active,0
1003199,200126,-1,36,7,Active,0
1002888,201202,-9,24,3,Active,0
1006010,201037,-32,12,7,Active,0
1008420,102879,-28,36,12,Active,0
1005927,106722,-35,36,22,Active,0
1009807,108344,-20,24,34,Active,0
1003194,103756,-12,6,33,Active,0
1003152,108189,-8,6,20,Active,0
1007479,200970,-41,36,18,Active,0
1004136,102198,-47,12,20,Active,0
1006059,109600,-45,24,9,Active,0
1007572,104565,-22,12,1,Active,0
1006860,200770,-25,24,18,Active,0
1007958,103018,-3,24,20,Active,0
1000002,105747,-37,36,25,Active,0
1001665,108876,-28,6,14,Active,0
1003603,108079,-23,12,24,Active,0
1003975,105639,-11,6,16,Active,0
1007289,100285,-18,36,26,Active,0
1001551,100558,-6,12,9,Active,0
1001481,200925,-45,6,15,Active,0
1009964,108400,-33,12,28,Active,0
1004807,101681,-35,24,5,Active,0
1000796,105430,-28,6,6,Active,0
1004319,200110,-25,6,6,Active,0
1008617,102798,-10,12,31,Active,0
1008339,103501,-45,24,9,Active,0
1006559,200353,-7,36,14,Active,0
1007724,101365,-18,6,9,Active,0
1000254,103536,-47,6,6,Active,0
1009892,106735,-46,6,14,Active,0
1009027,104560,-3,12,25,Active,0
1009737,200739,-20,36,8,Active,0
1002852,104368,-35,12,33,Active,0
1006532,102000,-19,24,19,Active,0
1002413,107767,-7,24,23,Active,0
1000790,101932,-6,36,7,Active,0
1008195,103668,-17,12,5,Active,0
1000370,107948,-4,12,17,Active,0
1007197,104029,-38,36,30,Active,0
1008608,106523,-12,24,28,Active,0
1001223,105897,-28,6,12,Active,5
1004299,106112,-23,24,27,Active,0
1002194,200379,-31,24,3,Active,0
1000687,200017,-21,36,16,Active,0
1004864,101102,-35,12,12,Active,0
1006678,200935,-7,24,31,Active,0
1009830,106636,-18,24,27,Active,0
1005223,102030,-32,6,5,Active,0
1007486,105493,-13,24,11,Active,0
1002574,100181,-34,12,12,Active,0
1007160,201362,-26,6,33,Active,0
1000980,105212,-9,24,1,Active,0
1002668,107254,-42,12,28,Active,0
1008951,109607,-47,36,3,Active,0
1006238,102158,-46,36,7,Active,0
1005004,106417,-27,24,7,Active,0
1002154,100775,-15,6,13,Active,0
1005936,107543,-7,12,6,Active,0
1000620,108947,-35,12,26,Active,0
1008652,100427,-10,24,34,Active,0
1002564,107898,-20,36,22,Active,0
1001090,201890,-22,36,10,Active,0
1006397,104198,-14,6,23,Active,0
1009453,200856,-13,6,13,Active,0
1003481,100653,-7,36,6,Active,0
1006013,101041,-19,12,1,Active,0
1008311,107845,-23,12,33,Active,0
1007556,200004,-23,12,34,Active,0
1007358,201027,-30,12,25,Active,0
1008880,106306,-7,6,17,Active,0
1005613,105096,-33,36,5,Active,0
1006999,200130,-46,36,27,Active,0
1006628,102851,-13,6,32,Active,0
1007705,109647,-44,12,31,Active,0
1008165,106393,-15,6,9,Active,0
1005774,104709,-40,12,14,Active,0
1008581,105181,-19,24,10,Active,0
1004287,105259,-45,6,20,Active,0
1008548,101994,-35,36,16,Active,0
1006962,200052,-12,12,1,Active,0
1000789,104764,-30,6,23,Active,0
1008801,103129,-5,6,20,Active,0
1004756,103676,-34,6,6,Active,0
1001660,100481,-29,12,23,Active,0
1008484,102950,-46,12,9,Active,0
1004932,104758,-27,24,7,Active,0
1007598,107918,-22,24,6,Active,0
1000347,200985,-25,24,31,Active,0
1002930,102437,-31,24,4,Active,0
1003267,108784,-16,6,16,Active,0
1000932,108339,-22,6,18,Active,0
1009130,103128,-2,24,34,Active,0
1000228,102504,-5,36,24,Active,0
1008135,201891,-41,12,14,Active,0
1002701,109051,-20,12,7,Active,0
1004352,109115,-43,6,17,Active,0
1003690,105487,-39,6,35,Active,0
1007100,104109,-17,24,11,Active,0
1002855,108230,-36,6,16,Active,0
1008525,201706,-6,24,22,Active,0
1001388,104255,-7,24,13,Active,0
1001491,102165,-15,6,1,Active,0
1008879,100168,-37,6,9,Active,0
1002113,104335,-29,36,9,Active,0
1009834,103287,-35,12,13,Active,0
1005140,107226,-31,6,5,Active,0
1005057,101528,-3,36,29,Active,0
1006502,108055,-40,12,20,Active,0
1006604,200837,-19,36,17,Active,0
1008636,109267,-19,24,21,Active,0
1008737,103545,-25,36,8,Active,0
1000746,105261,-10,6,6,Active,0
1001393,100927,-28,6,30,Active,0
1005516,104525,-15,6,2,Active,0
1000515,200806,-35,6,18,Active,0
1007485,200538,-45,12,3,Active,0
1003593,106375,-20,12,19,Active,0
1008078,108251,-15,12,27,Active,0
1005541,105087,-25,6,5,Active,0
1004973,101950,-21,36,26,Active,0
1004152,101466,-19,6,15,Active,0
1002541,107415,-43,24,27,Active,0
1005433,109926,-2,36,5,Active,0
1001306,109828,-29,12,34,Active,0
1007849,107205,-21,36,35,Active,0
1000982,105100,-43,24,32,Active,0
1004717,105391,-43,12,16,Active,0
1003805,102190,-44,36,9,Active,0
1008162,100259,-34,24,33,Active,0
1007834,103747,-47,12,18,Active,0
1005916,102235,-36,12,27,Active,0
1004984,100513,-20,6,25,Active,5
1006454,103611,-44,36,4,Active,0
1009330,109138,-38,24,14,Active,0
1006839,106147,-17,36,5,Active,0
1009056,104997,-23,24,28,Active,0
1008179,107083,-25,6,16,Active,0
1000131,102094,-38,6,18,Active,0
1003170,108197,-2,6,31,Active,0
1005275,201074,-27,36,32,Active,0
1005157,107619,-30,36,5,Active,0
1009515,100047,-32,36,29,Active,0
1003111,200572,-25,24,6,Active,0
1000525,104507,-14,36,15,Active,0
1000651,100529,-16,24,34,Active,0
1008656,108350,-23,24,20,Active,0
1003431,107653,-35,6,4,Active,0
1003954,102929,-5,6,17,Active,0
1002483,104886,-22,6,9,Active,0
1002337,104038,-18,6,5,Active,0
1005815,101449,-27,24,34,Active,0
1007192,100781,-34,24,14,Active,0
1002601,103605,-13,24,17,Active,0
1000112,108926,-8,36,30,Active,0
1009892,106735,-29,12,9,Active,0
1001032,107161,-5,12,4,Active,0
1007145,106301,-27,24,33,Active,0
1009501,201052,-10,24,6,Active,0
1006345,201169,-17,6,25,Active,0
1004534,107370,-4,24,4,Active,0
1006191,106589,-12,12,26,Active,0
1004363,100386,-35,36,1,Active,0
1003736,101677,-14,12,17,Active,0
1008518,100128,-39,6,33,Active,0
1007927,103845,-25,6,23,Active,5
1001969,100695,-17,36,3,Active,0
1004395,104737,-37,24,2,Active,0
1002909,201414,-13,12,21,Active,0
1000505,107808,-25,36,23,Active,0
1003311,105557,-47,24,34,Active,0
1004433,200698,-3,36,25,Active,0
1002600,106482,-7,24,24,Active,0
1006688,109456,-18,36,30,Active,0
1000471,108649,-40,24,12,Active,0
1002704,100198,-17,6,12,Active,0
1000602,106771,-22,36,9,Active,0
1001878,200167,-44,24,13,Active,0
1007706,107387,-35,12,7,Active,0
1005823,200040,-36,36,34,Active,0
1005114,104851,-17,36,25,Active,0
1007111,201160,-26,6,35,Active,0
1005042,106038,-18,24,11,Active,0
1000850,201305,-1,12,12,Active,0
1007018,101811,-30,24,15,Active,0
1006220,102406,-42,12,0,Active,0
1005142,106819,-13,12,12,Active,0
1001308,100487,-22,36,8,Active,0
1009205,105021,-47,6,35,Active,0
1006192,108012,-22,36,0,Active,0
1002852,104368,-44,24,1,Active,0
1000149,201437,-2,12,25,Active,0
1007647,200904,-22,24,26,Active,0
1008378,103304,-36,12,14,Active,0
1006517,201304,-38,24,30,Active,0
1009955,106972,-5,36,29,Active,0
1003045,108321,-42,24,1,Active,0
1009479,201027,-31,36,4,Active,0
1006261,103203,-18,24,21,Active,0
1005599,201875,-46,24,3,Active,0
1004292,109209,-1,36,34,Active,0
1006862,102808,-38,12,18,Active,0
1003976,100960,-30,36,19,Active,0
1000292,105374,-36,24,31,Active,0
1009903,104913,-30,6,0,Active,0
1000848,201425,-20,24,14,Active,0
1004240,108399,-23,6,33,Active,0
1005330,109811,-46,36,4,Active,0
1007801,200054,-18,12,29,Active,0
1005128,104686,-13,12,7,Active,0
1002131,104808,-17,12,30,Active,0
1001339,107458,-20,36,25,Active,0
1008017,105235,-5,36,18,Active,0
1007889,106337,-22,24,11,Active,0
1002246,101463,-2,6,0,Active,0
1000390,201536,-2,36,3,Active,0
1000958,200990,-40,6,13,Active,0
1005559,201437,-14,24,18,Active,0
1006424,109325,-16,12,33,Active,0
1001785,201792,-43,36,22,Active,0
1007938,106378,-37,12,14,Active,0
1009350,102270,-43,6,32,Active,0
1007791,201900,-27,6,0,Active,0
1001565,100339,-14,6,4,Active,0
1000470,100687,-40,24,7,Active,0
1003037,200565,-32,12,6,Active,0
1006277,103415,-14,12,26,Active,0
1005585,103604,-8,24,25,Active,0
1006363,201462,-37,6,32,Active,0
1005213,200521,-1,24,17,Active,0
1006679,106695,-29,36,23,Active,0
1001789,106881,-32,12,1,Active,0
1000385,107787,-5,6,3,Active,0
1007958,103018,-44,6,13,Active,0
1006720,201010,-8,12,32,Active,0
1009529,200275,-21,36,6,Active,0
1006786,108004,-39,36,26,Active,0
1007193,106221,-5,6,30,Active,0
1007193,106221,-15,36,13,Active,0
1002995,100443,-30,24,29,Active,0
1002237,109226,-34,6,20,Active,0
1009777,201544,-2,24,31,Active,0
1000098,100978,-20,6,22,Active,0
1003518,108704,-36,12,35,Active,0
1005699,108063,-41,36,2,Active,0
1005296,103451,-39,6,34,Active,0
1002473,109614,-35,12,35,Active,0
1001554,102289,-40,12,35,Active,0
1004274,108610,-45,36,20,Active,0
1001515,102678,-11,36,3,Active,0
1005303,108966,-4,12,2,Active,0
1002703,108392,-28,36,2,Active,0
1001913,100706,-34,36,8,Active,0
1006311,201375,-32,24,25,Active,0
1005786,102210,-45,12,18,Active,0
1007592,108167,-8,36,19,Active,0
1006841,106617,-28,12,29,Active,0
1006713,107931,-25,6,28,Active,0
1007146,105265,-5,12,31,Active,0
1004280,102279,-2,24,31,Active,0
1004304,100140,-30,24,13,Active,0
1004694,200782,-23,6,9,Active,0
1009811,106526,-30,6,19,Active,0
1003891,105287,-41,36,28,Active,0
1009029,105391,-23,6,4,Active,0
1005105,200859,-25,12,27,Active,0
1008785,200714,-16,24,12,Active,0
1005897,102837,-44,36,35,Active,0
1009090,200627,-25,24,1,Active,0
1008834,201040,-16,24,9,Active,0
1007929,101047,-34,6,19,Active,0
1001010,102880,-6,24,16,Active,0
1001410,201316,-39,12,19,Active,0
1006864,200634,-25,12,12,Active,0
1000770,102241,-6,12,29,Active,0
1004265,104172,-33,36,33,Active,0
1004777,105288,-12,24,12,Active,0
1001159,103771,-31,12,1,Active,0
1000040,109107,-33,12,1,Active,0
1003377,107492,-6,6,26,Active,0
1007633,106224,-7,12,19,Active,0
1008444,103750,-23,36,23,Active,0
1001438,107536,-25,36,33,Active,0
1002054,106960,-32,12,6,Active,0
1005728,109012,-11,12,6,Active,0
1006059,109600,-43,12,10,Active,0
1006467,105578,-43,24,6,Active,0
1000544,103937,-11,6,14,Active,0
1005612,108368,-20,12,21,Active,0
1006416,201461,-47,12,15,Active,0
1001772,103353,-20,12,20,Active,0
1007562,200173,-45,36,27,Active,0
1008095,107991,-2,36,17,Active,0
1006798,104379,-36,12,14,Active,0
1001145,201583,-17,12,31,Active,0
1001201,108069,-41,36,35,Active,5
1002553,200344,-43,36,8,Active,0
1001045,102461,-23,24,8,Active,0
1003237,107561,-1,6,8,Active,0
1009473,100582,-39,6,13,Active,0
1006558,102783,-30,12,14,Active,0
1000727,107254,-42,24,13,Active,0
1001198,104885,-18,36,33,Active,0
1005647,109789,-2,12,34,Active,0
1003237,107561,-1,6,26,Active,0
1006620,108635,-20,6,18,Active,0
1007649,102454,-4,12,34,Active,0
1009841,200477,-13,12,11,Active,0
1001524,104439,-40,36,18,Active,0
1009274,105558,-34,12,1,Active,0
1000269,108665,-22,36,12,Active,0
1004262,105655,-26,36,2,Active,0
1003320,107721,-2,36,20,Active,0
1009915,102305,-2,6,4,Active,0
1008507,107828,-17,36,6,Active,0
1000197,105971,-36,6,25,Active,0
1007801,200054,-45,24,33,Active,0
1004042,109341,-47,36,24,Active,0
1005891,106787,-24,36,12,Active,0
1001533,107922,-30,12,21,Active,0
1009539,108678,-32,6,33,Active,0
1004794,200782,-14,36,6,Active,0
1009122,105441,-34,36,18,Active,0
1007840,200032,-11,24,32,Active,0
1009974,104190,-38,6,29,Active,0
1001428,201751,-27,6,27,Active,5
1001898,105936,-15,12,7,Active,0
1009390,109626,-28,12,30,Active,0
1006284,201371,-25,36,3,Active,0
1001598,107965,-37,6,28,Active,0
1004803,201538,-8,24,9,Active,5
1002529,200325,-21,12,34,Active,0
1004628,100489,-9,24,29,Active,0
1007909,105460,-35,6,9,Active,0
1006964,104397,-16,6,0,Active,0
1006963,109362,-23,6,32,Active,0
1005659,108367,-4,6,20,Active,0
1002233,105999,-25,36,20,Active,0
1002034,107227,-26,36,5,Active,0
1009241,108787,-9,12,26,Active,0
1005878,106285,-30,24,27,Active,0
1004333,106913,-15,12,9,Active,0
1006247,109318,-9,12,31,Active,0
1009740,107434,-5,36,24,Active,0
1000457,201897,-37,12,1,Active,0
1001022,201780,-15,12,9,Active,0
1000489,201683,-28,36,33,Active,0
1009193,100913,-47,36,31,Active,0
1002986,102580,-14,12,35,Active,0
1003645,201355,-32,6,34,Active,0
1003893,107637,-30,12,13,Active,0
1007430,200217,-2,6,21,Active,0
1007402,109738,-39,36,11,Active,0
1004735,105075,-46,6,30,Active,0
1005367,105053,-24,36,23,Active,0
1001220,103448,-11,12,19,Active,0
1009128,106202,-8,24,14,Active,5
1002506,109436,-15,24,10,Active,0
1007789,200153,-29,36,17,Active,0
1001573,100792,-15,24,4,Active,0
1009427,104164,-4,6,16,Active,0
1007719,104387,-41,6,4,Active,0
1008167,109802,-15,36,10,Active,0
1005976,102677,-42,12,10,Active,0
1008357,102745,-15,6,12,Active,0
1004459,200067,-43,6,12,Active,0
1005279,101691,-9,6,15,Active,0
1002594,109745,-23,36,15,Active,0
1003553,109899,-33,36,8,Active,0
1008266,107595,-7,12,18,Active,0
1004396,106391,-9,24,23,Active,0
1002709,100691,-19,36,34,Active,0
1007565,105124,-32,6,10,Active,0
1007627,107031,-15,6,19,Active,0
1007258,201999,-11,12,33,Active,5
1005600,100516,-45,12,31,Active,0
1003071,101861,-43,12,22,Active,0
1001486,109032,-37,36,17,Active,0
1005659,108367,-2,12,1,Active,0
1008224,109854,-15,6,20,Active,0
1004521,200004,-14,6,25,Active,0
1005799,106166,-32,36,15,Active,0
1004081,108969,-23,6,13,Active,0
1009290,100767,-22,36,26,Active,0
1007590,201382,-16,6,3,Active,0
1003741,101309,-41,24,15,Active,0
1008392,104138,-23,36,6,Active,0
1004828,108336,-9,12,9,Active,0
1002762,108983,-5,36,7,Active,0
1005831,200671,-35,36,10,Active,0
1003356,200269,-4,36,18,Active,0
1000788,100978,-35,24,33,Active,0
1009140,105374,-15,6,8,Active,0
1006185,102244,-14,24,7,Active,0
1007603,106382,-16,12,21,Active,0
1009544,104275,-38,12,3,Active,0
1006768,107055,-27,12,21,Active,0
1003185,201807,-10,24,31,Active,0
1009361,105052,-1,6,20,Active,0
1006232,105635,-5,6,28,Active,0
1002880,103531,-27,6,20,Active,0
1002684,105206,-23,12,13,Active,0
1008720,101723,-23,6,16,Active,0
1009535,108858,-23,36,32,Active,0
1007990,109901,-3,12,2,Active,0
1009741,102387,-10,36,3,Active,0
1000545,100523,-31,36,27,Active,0
1001574,109263,-6,24,10,Active,0
1008510,201642,-21,24,7,Active,0
1000955,100456,-35,36,16,Active,0
1006679,106695,-31,24,24,Active,0
1007081,201855,-10,24,12,Active,0
1008329,104494,-26,12,20,Active,0
1001550,200225,-19,36,35,Active,0
1002955,103726,-40,12,23,Active,0
1008145,102788,-28,24,27,Active,0
1006758,101515,-40,24,22,Active,0
1000528,102889,-32,12,22,Active,0
1008922,107342,-37,6,10,Active,0
1008963,102131,-44,12,30,Active,0
1008239,104298,-18,24,27,Active,0
1001889,106342,-1,36,7,Active,0
1008415,106371,-16,24,5,Active,0
1002207,101352,-35,12,34,Active,5
1009271,107608,-12,12,21,Active,0
1000961,201752,-15,36,31,Active,0
1002653,104257,-35,24,35,Active,0
1001833,201933,-13,36,26,Active,0
1004304,100140,-42,6,15,Active,0
1008572,108824,-33,24,33,Active,0
1001267,200095,-9,12,6,Active,0
1006625,100264,-26,6,28,Active,0
1004286,104164,-9,24,2,Active,0
1006289,201197,-29,6,26,Active,0
1005772,100944,-11,12,32,Active,0
1005484,200061,-20,36,9,Active,0
1000129,107884,-28,36,24,Active,0
1004836,200498,-7,36,12,Active,0
1006400,100374,-11,36,8,Active,0
1004746,105242,-23,24,31,Active,0
1009809,106411,-30,24,5,Active,0
1007520,106042,-22,36,30,Active,0
1004755,108678,-15,6,28,Active,0
1001759,106785,-15,24,7,Active,0
1004049,109231,-15,24,13,Active,0
1006621,104144,-11,24,12,Active,0
1002479,105062,-15,36,4,Active,0
1008103,101545,-2,24,21,Active,0
1005110,201050,-21,36,33,Active,0
1000955,100456,-5,36,7,Active,0
1001544,107181,-34,12,34,Active,0
1001915,201534,-36,24,9,Active,0
1009917,109454,-31,36,16,Active,0
1001815,107830,-1,36,19,Active,0
1001476,103491,-15,6,22,Active,5
1000286,105993,-44,12,14,Active,0
1008353,101193,-30,6,8,Active,0
1000405,107578,-29,6,33,Active,0
1000983,201852,-3,6,9,Active,0
1000723,201056,-36,12,29,Active,0
1008944,107693,-24,24,16,Active,0
1005813,104926,-45,12,15,Active,0
1009533,103949,-27,36,9,Active,0
1006924,101800,-37,36,15,Active,0
1009587,104783,-1,36,0,Active,0
1000110,108179,-1,6,23,Active,0
1000453,102931,-45,6,32,Active,0
1003550,100205,-18,6,22,Active,0
1007305,105155,-26,12,32,Active,0
1001097,107309,-45,6,26,Active,0
1005267,109768,-28,36,11,Active,0
1007267,200409,-28,12,16,Active,0
1000407,102434,-16,24,15,Active,0
1003869,108657,-38,36,0,Active,0
1006145,102824,-19,36,9,Active,0
1000785,201539,-29,36,12,Active,0
1001101,106963,-46,24,17,Active,0
1007940,108489,-41,24,21,Active,0
1006996,100265,-41,36,18,Active,0
1003066,105259,-37,24,3,Active,0
1007237,109634,-31,12,13,Active,0
1009930,108318,-18,12,21,Active,0
1003732,108744,-10,24,10,Active,0
1009655,106669,-7,12,5,Active,0
1008199,102668,-30,24,12,Active,0
1003881,200222,-14,12,32,Active,0
1001638,105457,-3,36,32,Active,0
1002648,201238,-37,36,17,Active,0
1007177,107665,-13,6,28,Active,0
1005574,108807,-25,6,30,Active,0
1007058,106070,-22,12,11,Active,0
1005253,105441,-8,24,34,Active,0
1004406,104543,-2,36,24,Active,5
1004408,105679,-7,36,35,Active,0
1008919,106990,-27,24,28,Active,0
1001607,101462,-38,24,16,Active,0
1007152,109794,-34,24,34,Active,0
1005068,106706,-40,36,0,Active,0
1006151,103802,-21,36,11,Active,0
1005602,104511,-36,36,4,Active,0
1001335,109355,-27,6,13,Active,0
1006806,109272,-39,12,23,Active,0
1009153,100048,-6,36,29,Active,0
1005285,100595,-5,6,7,Active,0
1000716,201767,-44,6,30,Active,0
1005521,100919,-46,36,30,Active,0
1006844,105964,-27,6,14,Active,0
1009197,102300,-5,12,31,Active,0
1009437,108924,-25,12,25,Active,0
1004176,102989,-32,12,11,Active,0
1006959,105733,-4,36,9,Active,0
1006512,200711,-22,6,22,Active,0
1000929,201204,-32,24,32,Active,0
1005085,109709,-10,36,15,Active,0
1005444,103555,-41,24,4,Active,0
1009395,106870,-36,24,22,Active,0
1006364,108190,-35,12,10,Active,0
1000169,101759,-47,6,12,Active,0
1006283,101169,-15,12,11,Active,0
1009115,105952,-5,36,14,Active,0
1004172,109766,-41,12,27,Active,0
1004133,104386,-17,6,23,Active,0
1007427,101480,-3,24,9,Active,0
1009430,109828,-2,12,17,Active,0
1003274,109339,-10,24,12,Active,0
1003717,104516,-27,24,0,Active,0
1009908,103227,-2,12,23,Active,0
1005293,100487,-23,36,5,Active,0
1008224,109854,-5,24,6,Active,0
1007200,108286,-17,6,33,Active,0
1005754,107322,-37,24,0,Active,0
1004609,106121,-23,24,17,Active,0
1007082,107329,-37,36,27,Active,0
1002635,104581,-36,24,26,Active,0
1001978,201006,-39,12,33,Active,0
1003020,104105,-35,6,25,Active,0
1001563,106856,-41,24,22,Active,0
1005660,107954,-29,36,0,Active,0
1005849,201874,-17,36,28,Active,0
1000062,106261,-22,6,32,Active,0
1009273,100406,-13,24,14,Active,5
1009483,109301,-43,12,20,Active,0
1007827,101307,-18,24,22,Active,0
1008034,108751,-3,6,10,Active,0
1009204,108577,-11,6,32,Active,0
1009074,106163,-40,6,27,Active,0
1004701,106648,-39,12,24,Active,0
1005406,108346,-6,12,16,Active,0
1002619,104270,-10,12,1,Active,0
1009986,106240,-29,24,22,Active,0
1005453,108478,-44,6,6,Active,0
1000899,101872,-45,6,13,Active,0
1003636,100777,-42,36,26,Active,0
1006367,104894,-33,6,2,Active,0
1001787,107038,-7,12,9,Active,0
1007748,200296,-28,6,14,Active,0
1004944,107651,-1,6,2,Active,0
1009460,201337,-5,6,9,Active,0
1005333,108907,-13,36,19,Active,0
1000207,100287,-15,12,31,Active,0
1007466,105358,-13,6,30,Active,0
1004120,107255,-37,24,7,Active,0
1006465,102553,-24,6,16,Active,0
1004551,201244,-19,36,2,Active,0
1001525,105975,-25,36,15,Active,0
1006262,104795,-39,24,34,Active,0
1006586,200009,-21,6,15,Active,0
1009173,105908,-8,36,0,Active,0
1005081,104801,-13,36,20,Active,0
1009681,200322,-28,36,18,Active,0
1003038,105117,-1,6,6,Active,0
1005240,104570,-8,12,27,Active,0
1004611,106406,-23,12,9,Active,0
1007555,104937,-38,12,34,Active,0
1003643,102517,-47,12,27,Active,0
1007719,104387,-19,36,17,Active,0
1000435,107596,-20,6,13,Active,0
1001499,101502,-35,36,6,Active,0
1006562,105209,-7,6,17,Active,0
1008364,103067,-21,24,1,Active,0
1006809,104445,-12,6,4,Active,0
1007786,106211,-36,12,27,Active,0
1004488,102674,-25,36,15,Active,0
1003870,201155,-1,24,12,Active,5
1008920,106697,-38,24,32,Active,0
1003658,107888,-7,12,2,Active,0
1007631,103042,-6,36,26,Active,0
1007823,107084,-14,24,2,Active,0
1007549,107580,-42,12,31,Active,0
1004269,100331,-11,12,6,Active,0
1000201,101028,-26,6,16,Active,0
1006080,201184,-44,24,34,Active,0
1008683,102229,-34,12,14,Active,0
1001555,201097,-24,24,1,Active,0
1007719,104387,-33,24,32,Active,0
1005003,109970,-42,24,11,Active,0
1000837,107868,-1,6,15,Active,0
1001589,200704,-36,6,31,Active,0
1002423,101413,-19,36,12,Active,0
1004473,104266,-40,36,30,Active,0
1000814,200626,-17,12,27,Active,0
1003680,104230,-40,12,31,Active,0
1005999,108509,-39,6,16,Active,0
1000137,100836,-8,24,30,Active,0
1000906,105245,-37,12,21,Active,0
1003102,104789,-5,24,16,Active,0
1009797,106070,-44,12,16,Active,0
1005616,100565,-28,24,16,Active,0
1004556,100293,-41,24,6,Active,0
1009034,201528,-42,6,1,Active,0
1006348,106412,-6,12,15,Active,0
1003433,100802,-15,24,30,Active,0
1006989,100807,-4,6,24,Active,0
1005018,103349,-28,12,0,Active,5
1001866,109893,-24,24,3,Active,0
1004919,201453,-19,24,34,Active,0
1001481,200925,-11,6,35,Active,0
1005193,105192,-23,24,16,Active,0
1001265,108078,-1,12,12,Active,0
1009967,101610,-17,6,31,Active,0
1009590,103736,-26,6,4,Active,0
1004494,104491,-2,24,32,Active,0
1006469,107667,-4,24,6,Active,0
1007835,103302,-44,36,12,Active,0
1006466,104751,-16,36,17,Active,0
1007844,100511,-26,36,23,Active,0
1006266,200627,-4,24,6,Active,0
1009777,201544,-6,36,22,Active,0
1002800,108183,-34,12,2,Active,5
1004995,109839,-44,24,33,Active,0
1007446,108034,-24,12,34,Active,0
1008957,107956,-47,12,21,Active,0
1000915,101698,-17,6,10,Active,0
1008462,103308,-19,12,9,Active,0
1001279,107362,-9,12,35,Active,0
1008199,102668,-15,12,27,Active,0
1001664,106213,-5,12,18,Active,0
1005328,101732,-25,12,12,Active,0
1003925,103546,-18,24,30,Active,0
1005404,102030,-12,6,1,Active,0
1005493,106868,-47,36,33,Active,0
1001619,100653,-45,36,13,Active,0
1008695,108516,-27,24,28,Active,0
1005501,105005,-2,12,31,Active,0
1006765,108915,-29,24,1,Active,0
1001812,200867,-42,12,35,Active,0
1004180,102878,-21,6,9,Active,0
1009280,200534,-21,36,7,Active,0
1008385,102313,-34,12,24,Active,0
1002493,105720,-35,36,29,Active,0
1008579,107260,-38,24,4,Active,0
1006665,105893,-37,12,16,Active,0
1009839,107495,-6,6,4,Active,0
1000093,107125,-24,12,16,Active,0
1001151,106612,-4,36,1,Active,5
1001269,108445,-9,6,9,Active,0
1006965,103826,-1,36,3,Active,0
1009281,106258,-34,12,35,Active,0
1009338,103361,-28,24,27,Active,0
1000885,102127,-9,24,13,Active,0
1008234,103247,-16,24,16,Active,0
1008973,100474,-26,6,19,Active,0
1005121,105603,-41,6,3,Active,5
1008971,104757,-40,24,21,Active,0
1004813,100583,-36,24,23,Active,0
1001094,109919,-27,6,19,Active,0
1006748,107024,-21,24,22,Active,0
1005975,201038,-15,6,12,Active,0
1001335,109355,-25,24,30,Active,0
1004500,200501,-35,36,4,Active,0
1004346,105898,-34,12,0,Active,0
1006778,109937,-13,36,12,Active,0
1009881,100887,-2,12,10,Active,0
1004173,104334,-32,6,2,Active,5
1000341,200752,-33,24,25,Active,0
1002692,201095,-29,36,15,Active,0
1004376,107422,-37,6,4,Active,0
1007968,107097,-14,6,2,Active,0
1002948,103190,-39,6,2,Active,0
1006034,102899,-32,36,35,Active,0
1006374,106973,-6,36,16,Active,0
1003543,109820,-18,36,16,Active,0
1008107,100924,-14,12,22,Active,0
1009179,109015,-27,6,4,Active,0
1004253,201281,-3,36,12,Active,0
1003468,105506,-39,6,23,Active,0
1008075,109739,-18,24,30,Active,0
1006165,109701,-2,6,10,Active,0
1004525,101664,-5,6,15,Active,0
1006978,106852,-17,36,13,Active,0
1000926,104460,-8,12,35,Active,0
1005445,109194,-11,12,33,Active,0
1005528,102267,-7,24,11,Active,0
1007806,102785,-16,24,7,Active,0
1000090,200782,-39,36,18,Active,0
1008233,106912,-46,36,8,Active,0
1007870,105968,-29,36,2,Active,0
1005301,109047,-13,12,19,Active,5
1008051,106607,-45,24,2,Active,0
1009668,101336,-24,6,25,Active,0
1009208,101801,-29,24,27,Active,0
1001228,109309,-34,24,7,Active,0
1005285,100595,-23,24,22,Active,0
1002013,102432,-41,36,27,Active,0
1006271,100586,-9,12,31,Active,0
1005748,102132,-15,36,5,Active,0
1009116,101788,-30,6,34,Active,0
1005488,107593,-31,6,34,Active,0
1002467,100562,-41,24,24,Active,0
1008353,101193,-16,6,11,Active,0
1009361,105052,-6,36,26,Active,5
1009132,107254,-43,24,25,Active,0
1003946,201792,-1,36,8,Active,0
1001464,201072,-35,6,35,Active,0
1007946,200058,-9,12,0,Active,0
1008653,106881,-32,24,31,Active,0
1003110,109854,-38,24,15,Active,0
1008847,109026,-15,12,11,Active,0
1007115,108913,-16,36,13,Active,0
1004339,201170,-27,6,18,Active,0
1004965,200054,-27,12,25,Active,0
1009289,102400,-30,36,9,Active,0
1001068,100104,-29,36,29,Active,0
1002599,107956,-41,36,21,Active,0
1000026,108629,-34,6,1,Active,0
1009094,109284,-25,36,15,Active,0
1007858,108196,-17,6,1,Active,0
1006073,103685,-26,6,2,Active,0
1000905,109226,-20,6,28,Active,0
1009628,102062,-15,6,11,Active,0
1007143,200224,-7,12,34,Active,0
1008728,100611,-31,24,20,Active,0
1008975,101416,-6,36,25,Active,5
1003929,103005,-4,36,2,Active,0
1005661,108434,-10,36,34,Active,0
1005260,201236,-15,24,31,Active,0
1002822,100826,-11,24,19,Active,0
1007585,107562,-30,12,10,Active,0
1007418,103829,-30,6,7,Active,0
1007533,108523,-45,12,21,Active,0
1001346,106647,-18,24,32,Active,0
1002333,107588,-36,36,25,Active,0
1006651,105954,-29,24,17,Active,0
1007978,201689,-21,6,32,Active,0
1007079,107546,-46,12,11,Active,0
1001949,108634,-19,24,18,Active,0
1008476,104397,-16,6,20,Active,0
1004299,106112,-1,12,28,Active,0
1001787,107038,-22,12,0,Active,0
1005055,102695,-9,24,14,Active,0
1009761,108349,-13,24,6,Active,0
1002367,104348,-32,12,2,Active,0
1001978,201006,-11,24,1,Active,0
1001433,102916,-41,12,2,Active,0
1006436,104950,-37,6,8,Active,0
1008274,108235,-43,6,5,Active,0
1003529,107827,-23,6,23,Active,0
1004461,101042,-36,24,5,Active,0
1009970,107367,-18,12,32,Active,0
1005070,101894,-28,6,17,Active,0
1006363,201462,-34,12,29,Active,0
1006748,107024,-34,6,27,Active,0
1007841,104367,-35,36,21,Active,0
1000964,108783,-1,6,14,Active,0
1001869,104786,-4,36,25,Active,0
1003161,107635,-36,12,35,Active,0
1006953,109651,-29,12,15,Active,0
1005409,109582,-36,24,3,Active,0
1009865,103963,-19,24,35,Active,0
1000805,109568,-13,24,30,Active,0
1001429,108341,-20,6,32,Active,0
1008116,109247,-18,6,7,Active,0
1001139,201168,-44,24,9,Active,0
1007985,100215,-6,12,13,Active,0
1005941,102499,-13,6,24,Active,0
1006675,109133,-14,6,11,Active,0
1002075,105014,-5,12,13,Active,0
1003867,106117,-40,6,9,Active,0
1009051,103561,-16,24,19,Active,0
1005025,103798,-11,24,12,Active,0
1000744,107328,-14,12,30,Active,0
1006831,103313,-34,6,4,Active,0
1000815,201918,-22,12,12,Active,0
1005075,107111,-22,6,22,Active,0
1006093,201429,-23,6,34,Active,0
1002373,100854,-6,6,8,Active,0
1004976,109994,-47,36,12,Active,0
1008321,100167,-14,6,32,Active,0
1002607,108703,-26,24,25,Active,0
1007479,200970,-32,12,30,Active,0
1000052,201234,-43,12,4,Active,0
1001263,109761,-7,36,24,Active,0
1002565,107373,-18,12,3,Active,0
1001758,104924,-24,36,27,Active,0
1002731,105521,-33,12,5,Active,0
1002581,201786,-36,12,10,Active,0
1008950,108196,-15,12,15,Active,0
1000061,104062,-24,12,33,Active,0
1006492,104530,-22,12,16,Active,0
1005492,108541,-20,24,21,Active,0
1000982,105100,-1,12,3,Active,0
1000682,101169,-40,6,12,Active,0
1008954,104743,-17,36,21,Active,0
1006222,100463,-6,24,2,Active,0
1006503,105220,-26,24,16,Active,0
1005698,200686,-19,24,22,Active,0
1009561,106407,-32,36,5,Active,0
1009159,106975,-43,24,35,Active,0
1003485,103983,-3,12,30,Active,0
1008561,106184,-18,12,31,Active,0
1000326,102000,-7,36,10,Active,0
1004245,108195,-45,36,13,Active,0
1002828,201271,-11,12,1,Active,0
1003384,201039,-11,36,29,Active,0
1001402,106264,-25,12,30,Active,0
1009557,109947,-2,12,22,Active,0
1006061,100493,-46,36,3,Active,5
1009534,100477,-11,36,18,Active,0
1009912,101840,-39,24,35,Active,0
1007823,107084,-2,36,29,Active,0
1001175,104422,-16,6,35,Active,0
1007069,102936,-46,6,19,Active,0
1001663,105730,-36,24,16,Active,0
1003192,105584,-3,12,11,Active,0
1002113,104335,-10,6,14,Active,0
1003297,106513,-2,12,3,Active,0
1007784,101007,-1,12,24,Active,0
1004344,102362,-36,24,5,Active,0
1003821,201031,-27,24,18,Active,0
1007008,104738,-36,12,16,Active,0
1007078,104632,-21,6,9,Active,0
1008044,108103,-44,12,17,Active,0
1006689,200851,-15,36,30,Active,0
1004386,106545,-25,36,19,Active,0
1002395,105197,-3,6,27,Active,0
1001553,200775,-30,24,9,Active,0
1004186,102508,-41,12,6,Active,0
1004585,103114,-47,12,1,Active,0
1008684,100954,-27,12,11,Active,0
1003155,106517,-40,24,24,Active,0
1009236,103710,-42,6,9,Active,0
1001647,101942,-30,24,29,Active,0
1003635,102852,-43,6,17,Active,0
1006309,201926,-1,24,30,Active,0
1000688,107550,-23,12,30,Active,0
1005394,102058,-42,6,1,Active,0
1009828,109511,-35,24,0,Active,0
1005768,101195,-21,36,10,Active,0
1008502,103492,-18,36,35,Active,5
1005913,104702,-5,6,5,Active,0
1005118,103092,-13,36,21,Active,0
1001162,102877,-5,36,11,Active,0
1008029,101905,-39,36,1,Active,0
1007234,102786,-32,6,17,Active,0
1000473,106215,-16,12,1,Active,0
1005925,109700,-32,36,13,Active,0
1001486,109032,-26,36,29,Active,0
1004736,104639,-14,6,28,Active,0
1000707,100210,-42,12,25,Active,0
1004474,102232,-40,24,4,Active,0
1007178,105540,-42,12,6,Active,0
1009655,106669,-30,36,26,Active,0
1007686,200166,-35,6,11,Active,0
1002448,201173,-45,6,0,Active,0
1002968,103642,-3,36,11,Active,0
1006553,100092,-46,24,35,Active,0
1006616,200725,-10,12,21,Active,0
1006385,106112,-25,36,1,Active,0
1006915,105484,-8,24,4,Active,0
1007600,107637,-35,6,30,Active,0
1004050,108298,-27,6,33,Active,0
1006353,107419,-46,24,17,Active,0
1002750,104478,-19,36,16,Active,0
1008421,108458,-24,6,3,Active,0
1004071,201660,-26,12,13,Active,0
1006715,101388,-20,12,7,Active,0
1008996,109536,-16,24,29,Active,0
1008923,100548,-24,12,24,Active,0
1000049,108522,-43,12,9,Active,0
1009533,103949,-6,12,30,Active,0
1008035,200314,-5,6,34,Active,0
1009644,201999,-17,12,11,Active,0
1007172,200613,-21,6,8,Active,0
1005431,107428,-1,36,35,Active,0
1005207,201072,-16,6,15,Active,0
1002941,104604,-36,6,21,Active,0
1009348,105734,-15,36,6,Active,0
1000445,109301,-23,6,28,Active,0
1004509,106440,-24,6,19,Active,0
1005005,201008,-28,36,13,Active,0
1006612,102386,-20,24,13,Active,0
1000177,103782,-8,36,26,Active,0
1000275,104954,-26,24,34,Active,0
1005952,103937,-37,12,27,Active,0
1006288,104034,-40,36,21,Active,0
1006368,201842,-12,24,9,Active,0
1000733,107033,-14,6,34,Active,0
1005491,106730,-6,36,34,Active,0
1007417,107945,-34,24,27,Active,0
1009996,108552,-36,24,11,Active,0
1002990,108570,-12,6,17,Active,0
1001533,107922,-14,6,29,Active,0
1006925,101255,-45,6,11,Active,0
1007254,106075,-26,6,14,Active,0
1008108,104966,-32,6,19,Active,0
1003959,104024,-12,24,9,Active,0
1000672,108591,-3,12,25,Active,0
1000613,109397,-23,36,10,Active,0
1009604,105946,-26,6,22,Active,0
1006469,107667,-1,24,10,Active,0
1008054,201981,-19,24,10,Active,0
1002391,105760,-19,24,20,Active,0
1000717,106501,-11,12,9,Active,0
1003714,201245,-15,24,13,Active,0
1008219,108447,-16,6,26,Active,0
1009824,104451,-30,6,26,Active,0
1006118,201195,-6,36,15,Active,0
1003214,109816,-20,12,18,Active,0
1002007,108162,-28,6,16,Active,0
1009610,201097,-10,6,2,Active,0
1002447,100847,-34,12,25,Active,0
1000439,107315,-37,12,4,Active,0
1001263,109761,-1,6,7,Active,0
1003503,106450,-11,12,10,Active,0
1003753,201339,-41,24,2,Active,0
1008773,108730,-19,6,14,Active,0
1008235,101911,-31,6,17,Active,0
1002993,105600,-2,12,6,Active,0
1003319,109381,-33,6,2,Active,0
1006313,105805,-37,36,28,Active,0
1005574,108807,-8,6,19,Active,0
1002116,101584,-1,12,24,Active,0
1007159,109812,-12,24,24,Active,0
1009278,107465,-10,6,15,Active,0
1005736,201937,-41,24,11,Active,0
1006809,104445,-45,6,1,Active,0
1002934,107119,-15,24,12,Active,0
1009708,200734,-21,36,12,Active,0
1004873,201327,-25,12,27,Active,0
1006684,102334,-4,6,17,Active,0
1002977,200248,-16,12,29,Active,0
1005855,100063,-47,36,2,Active,0
1007606,109961,-9,12,3,Active,0
1001975,108733,-13,36,2,Active,0
1003518,108704,-17,36,11,Active,0
1004425,201190,-19,6,8,Active,0
1004043,104112,-5,36,13,Active,0
1002822,100826,-16,12,8,Active,0
1009918,108515,-27,6,16,Active,0
1008644,104757,-28,24,14,Active,0
1002734,103305,-38,36,29,Active,0
1007249,103554,-32,6,35,Active,0
1006584,106752,-30,36,20,Active,0
1007545,105954,-5,12,24,Active,0
1003227,108841,-37,24,20,Active,0
1001210,102071,-1,36,1,Active,0
1005014,104161,-26,24,3,Active,0
1006104,104245,-29,24,21,Active,0
1004868,102792,-40,36,18,Active,0
1001802,200218,-11,36,32,Active,0
1008213,108077,-37,12,16,Active,0
1001987,201250,-38,12,18,Active,0
1008324,107945,-4,6,27,Active,0
1005113,105766,-11,12,32,Active,0
1002118,109133,-34,12,0,Active,0
1008970,102821,-46,36,12,Active,0
1006261,103203,-42,24,26,Active,0
1007853,201888,-23,36,26,Active,0
1002175,105599,-18,24,4,Active,0
1009671,106831,-15,6,33,Active,0
1002087,108510,-45,36,24,Active,0
1003633,101318,-37,36,4,Active,0
1008433,107675,-25,6,33,Active,0
1007669,100603,-47,6,12,Active,0
1009497,100751,-15,24,30,Active,0
1005505,103500,-32,12,29,Active,0
1001679,200108,-3,6,30,Active,0
1008803,100024,-31,6,20,Active,0
1003869,108657,-3,36,33,Active,0
1002293,103313,-43,36,4,Active,0
1009836,100119,-19,6,29,Active,0
1005400,106206,-44,6,16,Active,0
1004728,105894,-15,24,27,Active,0
1004468,109281,-3,24,20,Active,0
1008777,200088,-8,6,2,Active,0
1003782,200681,-13,12,9,Active,0
1001488,100917,-28,6,14,Active,0
1003410,100246,-32,12,27,Active,0
1002839,200175,-26,24,24,Active,0
1005736,201937,-29,6,22,Active,0
1007447,103424,-38,36,32,Active,0
1003368,109273,-23,24,24,Active,0
1001246,100342,-4,36,19,Active,0
1003908,109031,-12,24,24,Active,0
1009568,104864,-39,24,15,Active,5
1000891,104498,-20,12,30,Active,0
1008103,101545,-9,24,33,Active,0
1005485,104379,-12,12,29,Active,0
1004126,101949,-46,24,25,Active,0
1007940,108489,-19,6,12,Active,0
1006980,105770,-22,36,34,Active,0
1001626,104211,-19,24,19,Active,0
1002848,200031,-28,12,9,Active,0
1008591,100636,-21,12,0,Active,0
1007851,200569,-31,12,1,Active,0
1007035,106763,-21,12,17,Active,0
1008861,201158,-45,36,9,Active,0
1004954,101326,-21,36,29,Active,0
1004257,102750,-46,36,34,Active,5
1004593,107139,-34,24,8,Active,0
1006644,103752,-12,6,13,Active,0
1008578,102385,-24,36,12,Active,0
1003319,109381,-18,36,3,Active,0
1001867,106615,-25,12,17,Active,0
1002986,102580,-45,6,30,Active,0
1001994,101580,-47,36,9,Active,0
1002224,107886,-9,12,7,Active,0
1002208,201610,-18,36,9,Active,0
1004553,107041,-17,36,1,Active,0
1002119,200351,-43,24,27,Active,0
1005372,100589,-12,24,26,Active,0
1004942,105415,-40,36,15,Active,0
1006297,107963,-37,12,1,Active,0
1000573,103657,-15,36,34,Active,0
1000278,101485,-23,36,15,Active,0
1005407,200633,-11,24,1,Active,0
1000752,200108,-27,12,3,Active,0
1001994,101580,-4,12,31,Active,0
1004120,107255,-41,6,7,Active,0
1007046,101807,-24,36,9,Active,0
1004882,109954,-30,24,12,Active,0
1007071,109289,-44,6,20,Active,0
1001878,200167,-38,36,16,Active,0
1008285,107832,-21,24,29,Active,0
1002276,108842,-40,12,18,Active,0
1004513,108719,-6,24,8,Active,0
1001341,200555,-6,12,4,Active,0
1007455,103917,-27,36,31,Active,0
1003770,101085,-2,12,14,Active,0
1008021,106374,-26,24,6,Active,0
1000400,104732,-47,12,7,Active,0
1000392,201274,-44,36,24,Active,0
1003957,109478,-19,36,18,Active,0
1006047,107102,-2,36,26,Active,0
1001789,106881,-1,12,3,Active,0
1003482,109861,-26,6,3,Active,0
1003733,103875,-19,12,22,Active,0
1005263,100800,-32,6,21,Active,0
1003481,100653,-34,24,7,Active,0
1004980,108361,-32,24,20,Active,0
1002794,200855,-18,24,35,Active,0
1005884,109650,-38,36,29,Active,0
1002801,100211,-37,24,28,Active,0
1000392,201274,-36,6,13,Active,0
1004925,101800,-1,6,12,Active,0
1001363,108695,-14,24,23,Active,0
1005908,100746,-45,6,14,Active,0
1002234,109986,-21,24,31,Active,0
1006734,107076,-24,36,21,Active,0
1008053,101154,-1,36,23,Active,0
1000295,105972,-36,12,23,Active,0
1009971,108090,-33,36,23,Active,0
1000635,100734,-20,24,0,Active,0
1009675,108775,-14,36,12,Active,0
1000432,100071,-42,36,18,Active,0
1009539,108678,-21,6,2,Active,0
1007567,105229,-35,6,32,Active,0
1004139,106021,-27,12,22,Active,0
1004230,108579,-40,12,5,Active,0
1006857,100426,-33,12,4,Active,0
1005098,100785,-32,6,6,Active,0
1004629,105960,-4,24,16,Active,0
1006888,107335,-33,36,4,Active,0
1003101,104208,-6,36,35,Active,0
1006684,102334,-11,12,3,Active,0
1008307,100218,-24,36,3,Active,0
1001427,101654,-39,36,24,Active,0
1008393,200281,-36,24,31,Active,5
1007684,101389,-2,36,6,Active,0
1004856,105887,-46,12,24,Active,0
1004966,108886,-7,24,30,Active,0
1004983,109692,-13,36,30,Active,0
1000128,104920,-38,12,0,Active,0
1003163,104061,-44,12,16,Active,0
1006172,103027,-28,12,22,Active,0
1000526,109121,-40,12,5,Active,0
1002651,105082,-39,6,11,Active,0
1000350,201874,-30,12,4,Active,0
1004907,105184,-16,24,21,Active,0
1002228,102581,-31,6,10,Active,0
1003676,100352,-25,6,12,Active,0
1004505,107123,-41,36,30,Active,0
1007278,106301,-45,6,23,Active,0
1009344,107296,-6,12,10,Active,0
1003616,108122,-18,36,28,Active,0
1000048,105466,-38,12,30,Active,0
1005785,200463,-12,24,11,Active,0
1000105,109421,-10,36,0,Active,0
1005360,108965,-7,36,15,Active,0
1002990,108570,-6,6,9,Active,0
1004524,104079,-31,24,35,Active,0
1002087,108510,-39,6,28,Active,0
1001073,109212,-34,12,0,Active,0
1009519,106457,-35,36,0,Active,0
1006966,101450,-17,36,10,Active,0
1000665,103074,-4,6,25,Active,0
1007098,201865,-20,12,4,Active,0
1006324,108500,-29,6,14,Active,0
1007050,107461,-25,12,3,Active,0
1004073,103342,-39,24,27,Active,0
1002721,200254,-17,6,29,Active,0
1005948,201973,-42,36,27,Active,0
1009508,102813,-37,36,12,Active,0
1003769,201460,-26,12,33,Active,0
1002345,201321,-11,12,2,Active,0
1004537,107561,-41,6,17,Active,0
1004845,102827,-13,36,24,Active,0
1006793,104978,-10,6,15,Active,0
1000064,102562,-46,24,2,Active,0
1007113,101258,-10,24,9,Active,0
1004798,106007,-20,36,28,Active,0
1000625,200756,-42,6,1,Active,0
1006630,104430,-36,36,18,Active,0
1008935,102321,-43,36,12,Active,0
1005833,109963,-38,24,4,Active,0
1008462,103308,-12,36,1,Active,0
1003802,102714,-11,24,9,Active,0
1001576,109006,-37,12,3,Active,0
1002085,109169,-20,36,25,Active,0
1006170,104292,-8,36,2,Active,0
1006621,104144,-38,6,26,Active,0
1006214,107412,-16,36,14,Active,0
1004818,200845,-45,24,17,Active,0
1002537,104424,-2,6,28,Active,0
1003931,108350,-19,24,21,Active,0
1007508,106997,-35,24,15,Active,0
1004067,109467,-39,36,26,Active,0
1005632,200701,-21,24,29,Active,0
1003225,108217,-30,24,5,Active,0
1004088,105037,-7,6,26,Active,0
1005370,108819,-24,24,18,Active,0
1004822,200135,-30,24,28,Active,0
1002878,107811,-16,24,19,Active,0
1008897,105471,-29,36,15,Active,0
1009258,108414,-14,24,25,Active,0
1002536,103952,-10,12,10,Active,0
1007797,101634,-7,36,21,Active,0
1001979,103238,-28,24,1,Active,0
1000496,200826,-19,12,31,Active,0
1009897,105661,-6,36,0,Active,0
1004559,106295,-9,6,4,Active,0
1005465,200923,-2,6,29,Active,5
1007749,104083,-39,36,16,Active,0
1006026,103701,-37,36,1,Active,0
1004307,201679,-40,36,22,Active,0
1002649,100701,-1,24,27,Active,0
1000749,104846,-47,36,15,Active,0
1006195,100167,-33,36,9,Active,0
1009885,109903,-23,24,7,Active,0
1001750,104618,-43,6,6,Active,0
1002726,109257,-27,12,26,Active,0
1000311,108962,-36,6,6,Active,0
1004828,108336,-5,24,8,Active,0
1009658,101283,-2,12,10,Active,0
1002585,101131,-36,24,32,Active,0
1004844,104015,-36,36,4,Active,0
1004189,101878,-35,12,23,Active,0
1004294,101203,-16,36,31,Active,0
1004057,100206,-23,24,14,Active,0
1003348,104654,-32,12,26,Active,0
1005959,102604,-27,12,3,Active,0
1004223,200257,-31,12,19,Active,0
1004103,105767,-31,6,16,Active,0
1001237,101616,-25,6,2,Active,0
1009350,102270,-34,36,34,Active,5
1003805,102190,-46,36,5,Active,0
1004546,200475,-19,24,27,Active,0
1008427,105415,-45,24,34,Active,0
1008264,106983,-19,24,10,Active,0
1004425,201190,-4,36,2,Active,0
1002539,106400,-22,36,19,Active,0
1004917,108366,-29,36,17,Active,0
1006070,109829,-3,6,6,Active,0
1004661,201233,-23,36,21,Active,0
1005012,102455,-14,6,11,Active,0
1003797,106876,-3,12,16,Active,0
1001828,101626,-27,6,21,Active,0
1001289,106427,-38,12,21,Active,0
1005744,107467,-30,6,13,Active,0
1009142,102194,-30,36,22,Active,0
1000224,109521,-14,12,34,Active,0
1006227,107605,-19,24,23,Active,0
1007703,109599,-37,12,29,Active,0
1001089,102155,-29,36,16,Active,5
1004495,201327,-30,6,13,Active,0
1001878,200167,-39,24,29,Active,0
1006174,109270,-3,12,6,Active,0
1008114,100550,-34,6,4,Active,0
1009373,101401,-26,12,5,Active,0
1001721,109831,-7,6,23,Active,0
1002683,101726,-25,6,12,Active,0
1003063,107870,-26,6,28,Active,0
1001619,100653,-11,12,30,Active,0
1001809,109548,-2,12,16,Active,0
1000731,200855,-37,12,17,Active,0
1009755,109607,-24,12,12,Active,0
1001996,102326,-13,36,4,Active,0
1006659,109733,-20,6,34,Active,0
1001464,201072,-43,12,9,Active,0
1000580,200107,-39,36,14,Active,0
1006717,105815,-37,12,28,Active,0
1002038,106737,-6,6,26,Active,0
1001950,109230,-22,12,20,Active,0
1005556,107024,-47,6,6,Active,0
1003975,105639,-27,36,27,Active,0
1007281,105381,-15,12,35,Active,0
1005644,104600,-40,36,1,Active,0
1003460,104230,-27,6,27,Active,0
1007683,109161,-6,12,20,Active,0
1000299,104252,-4,36,27,Active,0
1006810,105816,-15,24,14,Active,0
1009468,201707,-21,12,17,Active,0
1009043,104646,-14,12,22,Active,0
1009575,106187,-20,36,25,Active,0
1007289,100285,-33,24,18,Active,0
1009905,108895,-21,6,34,Active,0
1005936,107543,-38,12,1,Active,0
1001658,103900,-34,24,22,Active,0
1007221,101107,-42,12,28,Active,0
1005400,106206,-26,24,12,Active,0
1000944,100515,-47,12,32,Active,0
1009874,108322,-47,6,16,Active,0
1003493,100500,-44,36,24,Active,0
1007098,201865,-10,36,16,Active,0
1000399,105980,-2,24,5,Active,0
1005475,101140,-33,12,7,Active,0
1007079,107546,-15,36,27,Active,0
1004566,100810,-34,12,33,Active,0
1003181,100787,-29,12,32,Active,0
1001437,201200,-38,36,22,Active,0
1006648,104096,-33,24,13,Active,0
1000715,108709,-28,12,6,Active,0
1004541,106719,-32,36,20,Active,0
1007489,107729,-20,24,0,Active,0
1001634,108922,-4,6,15,Active,0
1007063,100267,-40,6,24,Active,0
1003138,109931,-10,12,5,Active,0
1009934,108134,-13,24,22,Active,0
1007674,100035,-29,6,20,Active,0
1008416,103602,-14,6,8,Active,0
1004996,105891,-12,24,34,Active,0
1003159,101888,-9,24,15,Active,0
1003683,201091,-30,36,13,Active,0
1009123,101403,-37,6,32,Active,0
1006086,103205,-17,24,33,Active,0
1000716,201767,-26,12,2,Active,0
1009979,105667,-12,6,33,Active,0
1006971,109435,-26,12,2,Active,0
1007259,106496,-13,36,33,Active,0
1005001,105033,-20,12,24,Active,0
1006904,103946,-37,12,12,Active,0
1005505,103500,-20,36,15,Active,0
1001613,103427,-8,36,6,Active,0
1000544,103937,-46,36,4,Active,0
1001530,102461,-23,12,25,Active,0
1003256,100398,-17,6,35,Active,0
1007363,104022,-34,36,33,Active,0
1004089,103586,-42,12,10,Active,0
1001862,105437,-13,24,2,Active,0
1007370,107593,-3,24,20,Active,0
1003125,102512,-38,36,22,Active,0
1006812,103581,-17,6,11,Active,0
1000739,105689,-12,36,8,Active,0
1006389,106457,-13,12,28,Active,0
1003966,104344,-15,36,34,Active,0
1009746,201115,-41,12,17,Active,0
1001171,200398,-33,12,13,Active,0
1005501,105005,-45,6,14,Active,0
1000590,106050,-25,36,7,Active,0
1001808,107935,-3,6,21,Active,0
1008995,201734,-23,24,34,Active,0
1006473,107537,-11,24,8,Active,0
1004386,106545,-13,24,16,Active,0
1000593,201269,-35,24,16,Active,0
1008817,106672,-31,6,10,Active,0
1002799,104700,-22,24,27,Active,0
1004955,201919,-32,24,12,Active,0
1003810,108086,-24,24,35,Active,0
1005907,102226,-33,24,35,Active,0
1004381,101474,-7,24,29,Active,0
1008983,104589,-33,6,25,Active,0
1000374,107771,-16,36,9,Active,0
1001434,104678,-5,12,26,Active,0
1008077,100447,-14,12,18,Active,0
1006015,108505,-26,12,19,Active,0
1006187,200098,-45,6,34,Active,0
1005219,103009,-3,24,11,Active,5
1009683,103455,-43,12,31,Active,0
1002828,201271,-3,24,14,Active,0
1003967,101296,-33,24,4,Active,0
1005001,105033,-25,6,3,Active,0
1006284,201371,-16,36,4,Active,0
1006923,109526,-30,36,8,Active,0
1001749,200509,-1,6,23,Active,0
1007322,100578,-31,24,24,Active,0
1009963,201868,-47,12,11,Active,0
1006225,200125,-28,6,14,Active,0
1003465,109687,-46,6,19,Active,5
1003265,103409,-25,12,12,Active,0
1002217,100074,-18,6,5,Active,0
1000932,108339,-3,6,28,Active,0
1005067,109080,-41,24,28,Active,0
1009681,200322,-29,12,16,Active,0
1003804,100496,-6,12,6,Active,0
1001894,109963,-8,24,20,Active,0
1004811,105860,-27,24,3,Active,0
1008215,200848,-46,6,14,Active,0
1005936,107543,-35,6,23,Active,0
1002782,109183,-7,36,18,Active,0
1008442,107435,-37,6,12,Active,0
1006984,105855,-33,24,30,Active,0
1001101,106963,-32,24,28,Active,0
1006081,100623,-11,12,7,Active,0
1002282,104119,-4,6,35,Active,0
1001966,109356,-17,24,19,Active,0
1001456,101613,-37,36,35,Active,0
1003341,102801,-31,12,25,Active,0
1009882,107193,-31,24,29,Active,0
1000011,200498,-23,12,0,Active,0
1007255,108484,-34,24,6,Active,0
1008244,103929,-19,24,22,Active,0
1008247,109792,-28,24,18,Active,0
1006096,200503,-5,12,1,Active,0
1008475,200819,-18,6,35,Active,0
1008094,200371,-32,6,8,Active,0
1009178,100102,-12,24,25,Active,0
1007312,104034,-31,6,33,Active,0
1006022,107302,-11,24,33,Active,0
1001420,101581,-44,24,12,Active,0
1001345,102254,-22,6,28,Active,0
1009352,100396,-39,36,19,Active,0
1005963,103434,-40,36,29,Active,0
1003267,108784,-26,24,25,Active,0
1004899,102362,-3,36,28,Active,0
1007296,201412,-35,12,30,Active,0
1001065,201135,-18,6,21,Active,0
1001696,105344,-4,6,4,Active,5
1000044,200392,-1,36,15,Active,0
1003914,101303,-12,24,19,Active,0
1006120,109964,-8,6,35,Active,0
1000442,100056,-39,12,25,Active,0
1000250,109661,-15,36,6,Active,0
1005239,108991,-44,24,17,Active,0
1008301,103795,-10,36,22,Active,0
1004534,107370,-32,12,15,Active,0
1002499,108010,-46,12,9,Active,0
1008656,108350,-6,36,32,Active,0
1007797,101634,-30,36,31,Active,0
1008003,100915,-9,6,25,Active,0
1007022,101227,-26,24,26,Active,0
1005253,105441,-45,6,31,Active,0
1000269,108665,-11,24,17,Active,0
1009379,100236,-42,6,24,Active,0
1004129,103365,-11,6,18,Active,0
1009972,201397,-14,36,31,Active,0
1003847,105186,-39,6,12,Active,0
1006025,101973,-24,36,12,Active,0
1003071,101861,-15,6,7,Active,0
1003007,100039,-24,6,30,Active,0
1002682,108823,-37,6,18,Active,0
1002439,201410,-23,36,27,Active,0
1005516,104525,-46,36,4,Active,0
1004267,107067,-11,36,15,Active,0
1003786,104453,-8,6,3,Active,0
1004928,109174,-45,36,0,Active,0
1008988,109531,-13,24,21,Active,0
1008456,109942,-25,24,8,Active,0
1002584,108795,-24,12,16,Active,0
1000505,107808,-23,12,24,Active,0
1006031,106377,-35,24,7,Active,0
1008736,100526,-13,12,27,Active,0
1006850,102886,-34,6,2,Active,0
1003012,108120,-8,6,30,Active,0
1001392,201082,-16,6,28,Active,0
1004617,107791,-44,36,22,Active,0
1005250,104622,-25,24,33,Active,0
1004208,109127,-28,36,18,Active,0
1006502,108055,-2,6,10,Active,0
1001560,102249,-27,36,23,Active,0
1003264,101345,-9,12,0,Active,0
1002329,100124,-38,36,7,Active,0
1005603,108973,-26,12,10,Active,0
1008231,107288,-29,12,19,Active,0
1007986,102526,-19,6,14,Active,0
1003095,201139,-28,6,28,Active,0
1004991,107805,-6,36,27,Active,0
1000782,103093,-13,24,19,Active,0
1001736,200845,-27,24,16,Active,0
1003395,105377,-11,6,13,Active,0
1002401,104538,-10,12,14,Active,0
1001644,102356,-19,12,33,Active,0
1005093,103388,-36,36,0,Active,0
1003898,105589,-19,36,15,Active,0
1007786,106211,-2,6,0,Active,0
1003828,106621,-28,24,6,Active,0
1001313,108538,-5,12,14,Active,0
1006254,108728,-46,36,34,Active,0
1007343,108087,-13,6,19,Active,0
1008597,106724,-33,12,16,Active,5
1001478,109222,-28,24,20,Active,0
1004134,102025,-1,6,27,Active,0
1001673,108411,-36,6,25,Active,0
1001958,200591,-35,6,9,Active,0
1006305,105241,-25,12,32,Active,0
1008905,103100,-14,12,2,Active,0
1009742,109243,-10,36,6,Active,5
1001435,106129,-13,12,15,Active,0
1001205,100168,-16,12,0,Active,0
1006757,107611,-42,24,22,Active,0
1007021,201823,-14,24,23,Active,0
1007982,103948,-2,24,1,Active,0
1000916,103142,-17,6,22,Active,0
1000193,105535,-33,12,12,Active,0
1009805,101731,-42,36,26,Active,0
1000274,106528,-23,24,31,Active,0
1005897,102837,-39,12,17,Active,0
1009286,200091,-8,36,19,Active,0
1003715,101721,-41,36,10,Active,0
1001327,109925,-26,24,26,Active,0
1007621,104614,-6,6,34,Active,0
1002920,105972,-21,6,29,Active,0
1009421,100796,-16,24,23,Active,0
1003197,105223,-15,24,7,Active,0
1004492,103148,-30,12,31,Active,0
1005339,100134,-24,24,22,Active,0
1008048,101731,-38,24,21,Active,0
1000334,103060,-44,36,2,Active,0
1003902,109701,-40,36,6,Active,0
1006355,105490,-15,24,22,Active,0
1009674,109767,-13,6,13,Active,0
1000644,105281,-10,36,10,Active,0
1003830,109981,-4,6,30,Active,0
1002687,201535,-44,24,14,Active,0
1002000,109916,-46,24,18,Active,0
1003452,103739,-12,12,11,Active,0
1006667,103666,-47,12,14,Active,0
1003862,100694,-43,36,16,Active,0
1000615,200009,-42,12,15,Active,0
1007883,100176,-47,24,26,Active,0
1008961,108114,-32,36,7,Active,0
1009662,100250,-19,36,25,Active,0
1005303,108966,-10,6,24,Active,0
1000811,200855,-32,36,17,Active,0
1001265,108078,-42,36,35,Active,0
1001071,106770,-44,6,35,Active,0
1002372,103511,-43,6,13,Active,0
1008139,101416,-16,24,28,Active,0
1006155,109060,-35,6,0,Active,0
1007041,100340,-46,6,23,Active,0
1000820,109422,-14,6,35,Active,0
1008228,109876,-24,36,32,Active,0
1003071,101861,-46,36,14,Active,0
1008472,201469,-47,6,25,Active,0
1001752,100981,-5,12,17,Active,0
1004157,105870,-42,36,2,Active,0
1008597,106724,-24,36,1,Active,5
1004754,101985,-16,36,28,Active,0
1003479,200945,-29,6,35,Active,0
1006479,108873,-40,12,9,Active,0
1001565,100339,-14,6,3,Active,0
1004646,108200,-28,6,7,Active,0
1008920,106697,-16,6,17,Active,0
1002670,104127,-8,36,15,Active,0
1001636,108965,-46,24,11,Active,0
1003642,201203,-26,6,30,Active,0
1005011,101397,-10,6,26,Active,0
1005645,108896,-28,24,25,Active,0
1002917,105577,-15,6,0,Active,0
1006769,104409,-46,36,3,Active,0
1006263,108896,-33,24,21,Active,0
1009801,104532,-24,24,34,Active,0
1002296,109103,-38,6,9,Active,0
1004404,104599,-28,6,34,Active,0
1000909,101730,-41,24,28,Active,0
1009590,103736,-21,12,4,Active,0
1006789,104481,-3,24,23,Active,0
1006867,201185,-19,36,26,Active,0
1006936,103685,-44,12,19,Active,0
1001572,109415,-44,36,28,Active,0
1001362,201366,-34,12,23,Active,0
1002320,101592,-12,12,24,Active,0
1009943,105431,-34,6,6,Active,0
1005620,102720,-45,6,23,Active,0
1007017,108860,-19,24,15,Active,0
1009494,102964,-20,36,14,Active,0
1009668,101336,-25,36,10,Active,0
1008726,108912,-10,36,24,Active,0
1006693,105687,-28,12,8,Active,0
1007820,103353,-45,24,23,Active,0
1002679,201057,-43,36,18,Active,0
1007754,107209,-29,12,4,Active,0
1009121,103941,-45,24,3,Active,0
1008278,108056,-11,6,0,Active,0
1001178,100615,-46,36,19,Active,0
1001251,200709,-1,6,34,Active,0
1000690,100188,-12,12,15,Active,0
1009471,108271,-18,12,32,Active,0
1007726,108224,-41,6,32,Active,0
1009563,103624,-28,12,17,Active,0
1009522,106838,-34,36,21,Active,0
1001762,101887,-46,6,34,Active,0
1004180,102878,-7,24,31,Active,0
1009367,109083,-25,36,19,Active,0
1009309,108525,-10,36,29,Active,0
1003650,104669,-46,6,30,Active,0
1004076,107336,-13,36,27,Active,0
1005857,106527,-24,36,22,Active,0
1008666,201943,-6,12,26,Active,0
1003645,201355,-14,36,22,Active,0
1005620,102720,-8,36,4,Active,0
1004418,201412,-3,6,10,Active,0
1003210,200453,-26,12,27,Active,0
1006183,108828,-34,24,11,Active,0
1008339,103501,-12,24,7,Active,0
1009805,101731,-6,36,0,Active,0
1004699,105379,-10,36,26,Active,0
1004419,108671,-10,12,9,Active,0
1006776,101916,-45,36,10,Active,0
1004222,100661,-36,6,34,Active,0
1008132,100711,-47,6,6,Active,0
1007614,108865,-21,6,15,Active,0
1001180,101869,-6,6,2,Active,0
1007245,101125,-40,36,24,Active,0
1003419,100335,-45,36,5,Active,0
1005552,104352,-13,6,27,Active,0
1001443,108464,-45,36,11,Active,0
1008835,105932,-31,24,28,Active,0
1002769,106900,-41,24,11,Active,0
1006057,201611,-15,24,15,Active,0
1007906,201062,-29,24,35,Active,0
1005558,101040,-11,36,18,Active,0
1007414,103236,-28,12,13,Active,0
1006579,105517,-29,12,15,Active,0
1004198,101094,-21,6,11,Active,0
1005316,108607,-41,6,5,Active,0
1000173,103670,-24,12,28,Active,0
1009247,102483,-46,6,27,Active,0
1001880,105920,-20,12,19,Active,0
1008324,107945,-39,12,27,Active,0
1006398,108102,-16,36,1,Active,0
1000548,201890,-31,36,14,Active,0
1002032,100035,-34,36,33,Active,0
1009480,106391,-5,36,17,Active,0
1003314,201551,-31,24,13,Active,0
1001718,101659,-31,12,16,Active,0
1000101,108528,-9,6,24,Active,0
1001151,106612,-8,36,8,Active,0
1001869,104786,-44,12,4,Active,0
1004371,104066,-32,24,30,Active,0
1009691,105688,-15,12,3,Active,0
1007730,201788,-9,12,14,Active,0
1006990,108287,-36,12,28,Active,0
1009347,106994,-24,24,30,Active,0
1006667,103666,-30,6,15,Active,0
1007063,100267,-41,24,29,Active,0
1008466,103687,-19,12,15,Active,0
1005877,200658,-35,6,11,Active,0
1000857,107977,-34,24,33,Active,0
1004749,100231,-18,6,15,Active,0
1009680,106185,-23,24,34,Active,0
1002964,105553,-16,24,8,Active,0
1006296,104942,-39,24,12,Active,0
1004484,201283,-41,24,9,Active,0
1002866,107068,-31,6,8,Active,0
1000007,107690,-47,36,24,Active,0
1002712,100149,-28,6,31,Active,0
1002799,104700,-20,36,17,Active,0
1000651,100529,-17,36,22,Active,0
1007004,106933,-11,24,28,Active,5
1005813,104926,-16,12,0,Active,0
1008681,107941,-27,6,20,Active,0
1006876,100714,-11,24,34,Active,0
1008285,107832,-4,24,24,Active,0
1008602,102345,-28,24,32,Active,0
1008151,201268,-13,24,31,Active,0
1007080,108955,-8,6,34,Active,0
1002117,200960,-35,24,3,Active,0
1007317,101402,-35,36,35,Active,0
1000303,201181,-16,36,32,Active,0
1001794,100326,-8,24,11,Active,0
1005926,104419,-27,36,26,Active,0
1007345,106042,-12,6,17,Active,0
1007730,201788,-33,36,0,Active,0
1009254,106792,-33,6,0,Active,0
1002199,109050,-6,12,22,Active,0
1005944,103336,-6,6,15,Active,0
1006630,104430,-17,12,32,Active,0
1006501,100052,-26,24,28,Active,0
1007345,106042,-36,6,14,Active,0
1001241,103491,-40,6,32,Active,0
1007512,107359,-33,12,12,Active,0
1002171,109789,-6,36,31,Active,0
1008717,105203,-28,12,24,Active,0
1001364,105590,-28,6,13,Active,0
1003305,109866,-18,24,24,Active,0
1009208,101801,-34,6,5,Active,0
1007286,101189,-3,6,34,Active,0
1007120,101882,-35,36,32,Active,0
1005791,109330,-1,24,18,Active,0
1004528,101066,-45,12,15,Active,0
1008988,109531,-27,36,5,Active,0
1009385,102748,-31,36,16,Active,0
1009571,107519,-9,6,24,Active,0
1007483,105397,-20,6,21,Active,0
1005810,103032,-15,36,18,Active,0
1005988,105290,-11,24,10,Active,5
1004125,107350,-44,24,28,Active,0
1008382,107519,-17,6,6,Active,0
1004695,103568,-7,6,13,Active,0
1004705,200651,-35,36,7,Active,0
1004920,104077,-43,6,14,Active,0
1005711,107504,-3,24,30,Active,0
1007523,100663,-26,24,27,Active,0
1000704,108330,-9,24,14,Active,0
1000553,102634,-24,24,26,Active,0
1008206,105085,-10,24,22,Active,0
1005363,100165,-8,6,20,Active,0
1005858,109130,-9,24,0,Active,0
1001712,201130,-28,6,13,Active,0
1007076,103667,-30,36,0,Active,0
1009220,108294,-10,24,5,Active,0
1005633,101550,-17,12,21,Active,0
1003403,104950,-46,36,14,Active,0
1005878,106285,-38,24,23,Active,0
1000469,107390,-9,36,16,Active,0
1002791,200505,-1,12,15,Active,0
1004255,104484,-39,12,8,Active,0
1002042,107447,-9,36,1,Active,0
1006153,106379,-2,24,18,Active,0
1002831,102243,-46,12,14,Active,0
1008136,102117,-16,6,22,Active,0
1002271,106976,-21,12,4,Active,0
1006901,107677,-39,6,35,Active,0
1009750,103997,-44,36,29,Active,0
1008238,105043,-10,6,20,Active,0
1004778,201687,-36,12,33,Active,0
1008864,201969,-4,6,24,Active,0
1009348,105734,-15,24,7,Active,0
1009701,101554,-34,24,27,Active,0
1007178,105540,-5,12,2,Active,0
1008472,201469,-30,24,10,Active,0
1007513,106025,-40,24,10,Active,0
1007141,104077,-15,6,25,Active,0
1005383,108616,-11,36,34,Active,0
1001796,106291,-17,24,16,Active,0
1004588,103832,-44,6,34,Active,0
1008365,100975,-20,24,22,Active,0
1009857,108086,-2,6,15,Active,0
1001237,101616,-3,24,6,Active,0
1004782,105816,-32,6,15,Active,0
1000138,109629,-33,24,9,Active,0
1008316,201658,-39,24,35,Active,0
1009540,102322,-43,36,19,Active,0
1000813,106920,-10,24,23,Active,0
1003115,102442,-11,12,9,Active,0
1000334,103060,-37,36,33,Active,0
1001896,102807,-36,12,18,Active,0
1009793,101983,-41,6,22,Active,0
1002337,104038,-19,12,11,Active,0
1000857,107977,-33,24,1,Active,0
1000817,100735,-2,12,29,Active,5
1006476,201665,-39,6,5,Active,0
1004258,201339,-10,36,35,Active,0
1000038,108399,-19,6,6,Active,0
1001533,107922,-36,12,15,Active,0
1001430,105279,-41,24,25,Active,0
1003850,109875,-25,12,4,Active,0
1006268,104338,-28,6,16,Active,0
1006268,104338,-39,36,15,Active,0
1007007,103502,-1,24,30,Active,0
1000921,103031,-47,6,9,Active,0
1000336,102457,-17,12,28,Active,0
1000371,109245,-26,36,21,Active,0
1000227,108125,-11,36,4,Active,0
1006430,106879,-39,36,25,Active,0
1000950,102760,-12,6,5,Active,0
1008828,105939,-17,6,25,Active,0
1007484,200771,-43,36,25,Active,0
1005834,108466,-24,24,10,Active,0
1004840,101030,-39,6,7,Active,0
1000445,109301,-10,12,19,Active,0
1000731,200855,-3,6,27,Active,0
1007654,109726,-30,24,13,Active,0
1006740,106266,-32,12,19,Active,0
1009691,105688,-9,24,8,Active,0
1009001,105078,-22,6,19,Active,0
1006417,105202,-13,12,2,Active,0
1004340,109099,-13,24,5,Active,0
1006132,105287,-34,6,13,Active,0
1007328,201220,-11,36,22,Active,0
1001181,105395,-25,36,20,Active,0
1009982,102427,-30,36,33,Active,0
1000094,100465,-5,6,13,Active,0
1007018,101811,-28,24,17,Active,0
1002668,107254,-18,6,4,Active,0
1007914,101034,-18,6,26,Active,0
1009697,107429,-34,6,35,Active,0
1002479,105062,-4,36,7,Active,0
1008952,105637,-29,12,23,Active,0
1004578,100403,-24,24,5,Active,0
1009748,107222,-25,6,25,Active,0
1004386,106545,-26,6,1,Active,0
1001356,101441,-35,36,17,Active,0
1001607,101462,-17,36,5,Active,0
1004179,106568,-11,36,24,Active,0
1008915,108617,-35,36,11,Active,0
1007991,200679,-46,24,15,Active,0
1008988,109531,-30,36,33,Active,0
1002444,108261,-21,24,25,Active,0
1001706,102235,-35,24,14,Active,0
1009428,103931,-24,12,16,Active,0
1000265,201084,-19,12,13,Active,0
1003058,106820,-32,36,30,Active,0
1001356,101441,-7,24,30,Active,0
1006843,103244,-38,6,12,Active,0
1007051,104525,-17,12,7,Active,0
1007180,109871,-2,36,12,Active,0
1005290,107573,-2,24,14,Active,0
1009555,107691,-3,36,33,Active,0
1004852,106410,-42,36,35,Active,0
1001458,103748,-16,36,3,Active,0
1003022,105329,-24,24,30,Active,0
1008677,103379,-17,12,20,Active,0
1007543,201593,-32,6,19,Active,0
1008976,102616,-13,36,21,Active,0
1005675,105595,-8,36,24,Active,0
1003237,107561,-19,12,6,Active,0
1004341,107975,-47,36,30,Active,0
1006240,107298,-5,24,6,Active,0
1007037,100216,-2,6,5,Active,0
1008356,201872,-32,6,26,Active,0
1004090,201331,-5,12,30,Active,0
1006321,104621,-38,24,18,Active,0
1007318,107366,-23,36,9,Active,5
1000249,106337,-3,12,13,Active,0
1007938,106378,-6,36,18,Active,0
1007787,108959,-44,12,20,Active,0
1007219,102295,-3,6,20,Active,0
1004519,101988,-13,12,12,Active,0
1008399,104054,-16,12,29,Active,0
1006059,109600,-41,6,29,Active,0
1007175,109234,-40,12,2,Active,0
1001897,100632,-7,6,15,Active,0
1009280,200534,-18,24,30,Active,0
1005890,102749,-15,36,0,Active,0
1004770,101389,-2,24,14,Active,0
1002273,104614,-7,36,26,Active,0
1006927,103530,-30,12,18,Active,0
1005998,106496,-38,6,6,Active,0
1006728,107735,-15,36,3,Active,0
1003570,108491,-13,6,13,Active,0
1000442,100056,-27,12,1,Active,0
1008996,109536,-12,12,0,Active,0
1004464,109766,-44,12,26,Active,0
1002188,103220,-4,12,28,Active,0
1002205,107900,-13,36,13,Active,0
1002049,200159,-22,24,7,Active,0
1006786,108004,-43,24,1,Active,0
1006907,108165,-47,36,2,Active,0
1006295,107990,-37,12,19,Active,0
1001258,102146,-6,6,9,Active,0
1008333,109120,-27,6,1,Active,0
1003332,108941,-22,12,11,Active,0
1000602,106771,-13,36,16,Active,0
1002663,200516,-17,6,29,Active,0
1002755,201080,-20,36,20,Active,0
1006925,101255,-42,12,15,Active,0
1004985,106421,-40,6,10,Active,0
1000171,108406,-32,6,2,Active,0
1005102,100674,-28,12,6,Active,0
1007533,108523,-34,6,0,Active,0
1006795,109974,-39,6,17,Active,0
1001853,108559,-15,24,33,Active,0
1002229,107363,-43,6,7,Active,0
1004945,103693,-39,24,10,Active,0
1003188,106206,-4,12,15,Active,0
1001094,109919,-29,6,23,Active,5
1002534,105271,-32,6,29,Active,0
1006192,108012,-1,6,10,Active,0
1009639,100679,-11,36,13,Active,0
1006247,109318,-40,24,12,Active,0
1007725,106952,-20,6,33,Active,0
1004602,102672,-15,24,24,Active,0
1003708,105672,-46,24,9,Active,0
1005565,108228,-19,12,4,Active,5
1000300,108089,-30,36,17,Active,0
1009230,107274,-20,36,30,Active,0
1003833,103337,-1,24,17,Active,5
1008862,103395,-40,24,5,Active,0
1005377,101676,-41,12,26,Active,0
1007964,200849,-36,24,31,Active,0
1004672,107026,-24,36,9,Active,0
1007850,101337,-45,6,15,Active,0
1001085,108983,-2,12,35,Active,0
1001627,102135,-13,6,23,Active,0
1009256,100440,-25,6,13,Active,0
1000744,107328,-30,6,19,Active,0
1007880,201185,-29,36,14,Active,0
1003275,104671,-42,12,17,Active,0
1001085,108983,-21,24,21,Active,0
1004825,102355,-18,24,24,Active,0
1005019,200413,-8,12,1,Active,0
1004649,109110,-16,12,3,Active,0
1008208,102165,-46,24,25,Active,0
1009148,105062,-18,36,10,Active,0
1009311,200909,-40,6,31,Active,0
1005145,201090,-33,12,17,Active,0
1001400,108232,-19,12,31,Active,0
1001806,105442,-3,12,32,Active,0
1008108,104966,-18,12,11,Active,0
1006012,102177,-34,36,22,Active,0
1005738,107095,-47,12,13,Active,5
1007899,107306,-7,36,16,Active,0
1004594,104475,-32,6,1,Active,0
1003791,201622,-38,36,26,Active,0
1005257,107162,-19,6,5,Active,0
1000256,100791,-24,24,12,Active,0
1003216,107224,-40,12,25,Active,0
1009280,200534,-19,12,5,Active,0
1008186,108476,-19,12,14,Active,0
1007959,101617,-21,24,2,Active,0
1003374,102486,-46,36,0,Active,0
1005438,107538,-3,12,34,Active,0
1007081,201855,-7,24,31,Active,0
1009729,106362,-30,12,16,Active,0
1000440,200661,-2,24,13,Active,0
1003097,200437,-31,6,8,Active,0
1001862,105437,-10,36,20,Active,0
1008096,108562,-43,12,24,Active,0
1001077,201455,-21,6,21,Active,0
1008317,106578,-11,24,26,Active,0
1008082,102800,-2,6,32,Active,0
1007302,107683,-10,6,0,Active,0
1004655,108788,-17,24,10,Active,0
1009010,106685,-7,36,11,Active,0
1008810,100982,-24,36,0,Active,0
1000459,105930,-14,24,24,Active,0
1000567,107816,-7,6,16,Active,0
1001945,100699,-36,12,17,Active,0
1008126,101354,-4,12,5,Active,0
1004543,104149,-38,24,34,Active,0
1000334,103060,-19,24,24,Active,0
1005639,105111,-47,12,12,Active,0
1008561,106184,-46,36,11,Active,0
1003669,101204,-19,6,2,Active,0
1000250,109661,-1,24,23,Active,0
1000709,104177,-14,6,27,Active,0
1006102,103095,-43,12,9,Active,0
1000753,103069,-33,24,25,Active,0
1006407,106580,-46,12,15,Active,0
1006560,200366,-16,12,23,Active,0
1003058,106820,-18,6,23,Active,0
1002197,103218,-18,6,30,Active,0
1008679,201153,-42,24,17,Active,0
1009467,200779,-9,12,27,Active,0
1006297,107963,-32,6,10,Active,0
1005489,200925,-40,6,27,Active,0
1004004,106370,-25,24,20,Active,0
1001330,107181,-31,36,19,Active,0
1003531,107167,-19,6,22,Active,0
1003609,101833,-5,12,15,Active,0
1009938,100079,-34,12,4,Active,0
1000237,102307,-18,12,9,Active,0
1004434,103556,-35,24,35,Active,0
1008777,200088,-26,12,19,Active,0
1001852,106688,-29,12,12,Active,0
1008031,104278,-11,24,8,Active,0
1000408,201074,-9,36,18,Active,0
1005237,105053,-33,12,6,Active,0
1006502,108055,-30,6,25,Active,5
1003195,105166,-31,12,30,Active,0
1004764,102125,-7,12,33,Active,0
1001947,200211,-25,12,23,Active,0
1009775,101867,-5,24,5,Active,0
1001225,104989,-23,6,20,Active,0
1002914,200431,-47,6,19,Active,0
1008662,107647,-41,12,21,Active,0
1005770,103536,-16,6,31,Active,0
1000195,103847,-22,24,14,Active,0
1007141,104077,-41,6,18,Active,0
1008429,200300,-39,24,35,Active,0
1009893,200791,-7,12,7,Active,0
1003525,102564,-36,36,16,Active,0
1005271,100001,-41,36,24,Active,0
1007453,108943,-9,12,19,Active,0
1004042,109341,-20,36,14,Active,0
1003719,100293,-27,24,28,Active,0
1006056,101299,-14,36,9,Active,0
1003948,108636,-33,36,14,Active,0
1004124,104459,-44,24,33,Active,0
1004853,104096,-15,6,11,Active,0
1001695,107814,-19,12,4,Active,0
1002637,100111,-42,12,28,Active,0
1001318,100294,-3,36,20,Active,0
1006485,101893,-19,6,16,Active,0
1008598,101769,-35,6,0,Active,0
1004914,200515,-46,24,6,Active,0
1004646,108200,-6,6,27,Active,0
1004023,103693,-37,6,5,Active,0
1009028,106586,-34,36,2,Active,0
1004747,108007,-21,24,21,Active,0
1003647,109512,-38,6,7,Active,0
1005908,100746,-19,36,21,Active,0
1008690,200076,-15,12,22,Active,0
1003609,101833,-15,6,13,Active,0
1006935,104032,-7,12,3,Active,0
1007242,201848,-4,36,20,Active,0
1006669,200015,-29,12,21,Active,0
1002047,108526,-36,6,31,Active,0
1005857,106527,-32,24,35,Active,0
1005215,101023,-5,36,4,Active,0
1008881,200378,-10,24,19,Active,0
1003616,108122,-40,12,16,Active,0
1000725,100294,-25,36,17,Active,0
1007125,200548,-17,36,32,Active,0
1003634,109948,-15,36,25,Active,0
1002742,107986,-14,12,33,Active,0
1005032,200371,-47,36,28,Active,0
1007407,104239,-22,24,2,Active,0
1007060,109205,-17,36,26,Active,0
1007378,109631,-12,12,15,Active,0
1006488,200117,-26,24,23,Active,0
1006096,200503,-42,36,22,Active,0
1001403,106182,-3,6,2,Active,0
1009313,103977,-13,24,23,Active,0
1001363,108695,-39,36,32,Active,0
1000991,201842,-7,6,2,Active,0
1000175,102537,-42,12,24,Active,0
1009985,200244,-6,6,34,Active,5
1006180,102895,-5,36,23,Active,0
1009682,104496,-47,24,25,Active,0
1009440,102776,-1,12,34,Active,5
1000928,106089,-47,36,20,Active,0
1004534,107370,-36,24,31,Active,0
1004733,201954,-22,12,17,Active,0
1001321,109563,-28,24,29,Active,0
1003978,106910,-28,6,24,Active,0
1000730,100481,-9,6,27,Active,0
1009090,200627,-36,6,2,Active,5
1007968,107097,-31,12,13,Active,0
1003303,101893,-2,6,34,Active,0
1008572,108824,-39,6,8,Active,0
1004301,109638,-13,6,9,Active,0
1001392,201082,-4,24,10,Active,0
1009252,104993,-42,36,33,Active,5
1002730,200632,-32,12,7,Active,0
1008662,107647,-24,36,31,Active,0
1001168,103751,-39,6,27,Active,0
1003133,101213,-5,6,6,Active,0
1002627,102703,-31,36,20,Active,0
1007597,201819,-44,6,1,Active,0
1008471,200034,-14,12,6,Active,0
1007474,102427,-37,12,0,Active,0
1002355,200482,-37,6,18,Active,0
1006868,105424,-30,24,16,Active,0
1004286,104164,-20,12,34,Active,0
1006484,103092,-11,36,2,Active,0
1004744,106709,-35,12,30,Active,0
1003753,201339,-8,36,25,Active,0
1004946,201798,-11,36,13,Active,0
1000754,102604,-43,36,18,Active,0
1000289,102331,-31,24,3,Active,0
1008889,100534,-25,12,3,Active,0
1006311,201375,-42,12,6,Active,0
1003718,201632,-19,36,22,Active,0
1006084,200987,-39,6,21,Active,0
1000990,101701,-38,24,5,Active,0
1007538,107823,-37,24,32,Active,0
1008078,108251,-26,6,26,Active,0
1006640,108691,-4,6,32,Active,0
1008986,106778,-9,12,19,Active,0
1006513,107606,-1,12,26,Active,0
1006365,106478,-1,12,13,Active,0
1004206,103507,-4,24,0,Active,0
1004619,108952,-40,6,4,Active,0
1006047,107102,-2,12,27,Active,0
1005036,103468,-33,36,34,Active,0
1009604,105946,-7,36,32,Active,0
1007376,102680,-26,36,3,Active,0
1007994,109232,-27,12,4,Active,0
1000570,107894,-46,12,1,Active,0
1004939,107695,-10,24,2,Active,0
1006358,103475,-11,24,19,Active,0
1005349,102842,-36,24,32,Active,0
1004843,100067,-27,24,14,Active,0
1008655,105886,-39,6,25,Active,0
1006772,100759,-25,6,23,Active,0
1001195,200746,-30,24,9,Active,0
1006523,109782,-14,6,9,Active,0
1000754,102604,-26,24,2,Active,0
1003609,101833,-24,12,33,Active,0
1009381,107142,-28,12,7,Active,0
1007965,104865,-12,12,4,Active,0
1009827,100521,-36,6,35,Active,0
1003437,107737,-24,36,31,Active,0
1003354,101607,-20,12,33,Active,5
1001536,107755,-40,12,29,Active,0
1005143,109865,-5,24,15,Active,0
1008380,105863,-42,24,10,Active,0
1008506,106594,-13,6,29,Active,0
1009042,108385,-17,24,28,Active,0
1005947,108406,-34,36,21,Active,0
1009313,103977,-31,6,0,Active,0
1007568,102617,-11,24,6,Active,0
1002702,100166,-34,6,4,Active,0
1003140,106265,-4,6,4,Active,0
1002348,107271,-10,36,16,Active,0
1003995,108441,-22,12,20,Active,0
1000800,107169,-28,36,27,Active,0
1002075,105014,-16,24,2,Active,0
1005865,106014,-37,24,19,Active,0
1005021,200736,-6,36,25,Active,0
1001672,100801,-29,6,26,Active,0
1007890,108483,-41,6,17,Active,0
1005918,102589,-46,12,26,Active,0
1000147,102605,-19,6,13,Active,0
1004551,201244,-18,24,21,Active,0
1009658,101283,-33,24,22,Active,0
1009086,100998,-33,36,29,Active,0
1009277,100709,-25,24,11,Active,0
1005055,102695,-35,6,19,Active,0
1000844,201617,-42,12,14,Active,0
1006287,108126,-1,36,11,Active,0
1002470,104748,-43,36,34,Active,5
1002191,101486,-5,24,25,Active,0
1005902,102884,-5,6,31,Active,0
1008883,104181,-7,24,31,Active,0
1009647,103964,-13,24,30,Active,0
1006410,201888,-24,6,28,Active,0
1005931,105217,-10,12,20,Active,0
1005122,104538,-35,24,19,Active,0
1004674,200360,-39,36,33,Active,0
1006424,109325,-21,6,12,Active,0
1009580,200392,-40,12,2,Active,0
1000358,108127,-23,12,19,Active,0
1000579,109610,-36,36,33,Active,0
1001747,102424,-7,24,26,Active,0
1006574,102182,-43,12,32,Active,0
1008129,201942,-20,12,28,Active,0
1004020,102095,-4,36,5,Active,0
1006116,108389,-13,36,20,Active,0
1004617,107791,-6,6,16,Active,0
1000355,104267,-7,12,26,Active,0
1005773,100109,-35,24,7,Active,0
1008325,201342,-13,6,23,Active,0
1003613,106660,-46,12,27,Active,0
1003986,200425,-29,12,15,Active,0
1002661,201004,-15,12,33,Active,0
1008661,102705,-47,36,15,Active,0
1003777,201092,-44,24,35,Active,0
1006571,103244,-5,36,15,Active,0
1009592,103832,-8,6,31,Active,0
1000292,105374,-6,6,34,Active,0
1000233,102513,-35,24,7,Active,0
1004059,102337,-16,12,1,Active,0
1001414,104730,-12,24,18,Active,0
1003267,108784,-26,12,16,Active,0
1000505,107808,-6,12,19,Active,0
1004342,107143,-12,6,29,Active,0
1001626,104211,-29,24,7,Active,0
1007416,100097,-44,24,35,Active,0
1002596,102895,-25,24,27,Active,0
1002047,108526,-41,6,5,Active,0
1001897,100632,-44,24,13,Active,0
1004339,201170,-45,36,9,Active,0
1001253,100262,-18,36,5,Active,0
1008628,109648,-31,36,31,Active,0
1002813,104343,-15,24,0,Active,0
1009360,103819,-8,36,14,Active,0
1001689,103379,-31,12,15,Active,0
1000650,107142,-26,12,28,Active,0
1005873,104056,-14,12,3,Active,0
1004825,102355,-13,24,17,Active,0
1004995,109839,-32,12,13,Active,0
1002991,200841,-18,24,15,Active,0
1007347,108054,-18,36,1,Active,0
1001952,106688,-37,12,11,Active,5
1006291,201957,-4,36,22,Active,0
1000080,106617,-37,6,20,Active,0
1008625,108835,-14,12,29,Active,0
1002037,100127,-18,6,8,Active,0
1001915,201534,-3,12,23,Active,0
1004906,107594,-24,36,15,Active,0
1006995,102230,-7,12,30,Active,0
1003991,100827,-24,12,33,Active,0
1008676,102902,-46,6,9,Active,0
1007505,107772,-5,24,4,Active,0
1002920,105972,-24,36,1,Active,0
1002387,108042,-4,24,35,Active,0
1005106,102116,-9,24,21,Active,0
1007250,109369,-39,24,11,Active,0
1003832,102242,-27,24,9,Active,0
1002766,201594,-3,6,6,Active,0
1007800,102047,-1,36,35,Active,0
1003524,105399,-13,24,5,Active,0
1004351,201099,-39,24,8,Active,0
1006762,200748,-14,12,29,Active,0
1004313,106242,-43,24,23,Active,0
1003880,105948,-28,6,10,Active,0
1007057,201087,-38,12,3,Active,0
1009466,101048,-21,6,1,Active,0
1002245,109023,-23,24,10,Active,0
1007674,100035,-25,12,13,Active,0
1009523,102893,-34,24,23,Active,0
1008234,103247,-40,12,17,Active,0
1001727,105205,-18,6,14,Active,0
1007971,100378,-41,12,30,Active,0
1005847,104844,-28,36,34,Active,0
1005980,107183,-39,24,35,Active,0
1003431,107653,-33,36,26,Active,0
1006629,100399,-1,12,33,Active,0
1002275,100594,-14,24,11,Active,0
1003103,200563,-41,12,25,Active,0
1000007,107690,-42,12,32,Active,0
1005613,105096,-44,12,11,Active,0
1004002,100403,-39,6,23,Active,0
1000938,100214,-22,24,29,Active,0
1000454,109785,-3,36,13,Active,0
1007083,108464,-28,36,14,Active,0
1000855,102294,-21,12,29,Active,0
1009991,200056,-1,24,6,Active,0
1007631,103042,-7,36,3,Active,0
1005414,104909,-34,36,3,Active,0
1004133,104386,-5,36,0,Active,0
1003148,105506,-10,24,9,Active,5
1006847,104453,-3,36,26,Active,0
1001585,109215,-35,6,24,Active,0
1006454,103611,-6,6,31,Active,0
1000460,200365,-17,12,28,Active,0
1005839,109144,-47,24,5,Active,0
1004389,103293,-40,6,22,Active,0
1004194,102057,-45,12,9,Active,0
1002801,100211,-45,36,15,Active,0
1007615,107555,-11,24,32,Active,0
1001495,101658,-26,36,3,Active,0
1008426,200153,-47,24,17,Active,0
1001487,107305,-33,12,4,Active,0
1009457,201241,-16,12,3,Active,0
1000696,104120,-37,6,22,Active,0
1003308,104104,-17,24,17,Active,0
1008616,200776,-13,24,15,Active,0
1005090,103282,-45,12,4,Active,0
1003956,106230,-44,6,6,Active,0
1003102,104789,-43,36,24,Active,0
1001531,109612,-16,24,15,Active,0
1004165,108886,-19,12,26,Active,0
1009090,200627,-34,24,19,Active,0
1008671,109305,-5,24,13,Active,0
1000883,201272,-38,6,2,Active,0
1001866,109893,-44,6,10,Active,0
1008374,107548,-3,36,24,Active,0
1000356,108361,-1,12,19,Active,0
1007198,100337,-16,36,3,Active,0
1007165,101149,-36,24,23,Active,0
1009434,105157,-21,12,4,Active,0
1001535,103411,-36,6,6,Active,0
1001936,103121,-4,36,34,Active,0
1007575,105746,-25,12,4,Active,0
1005462,103393,-34,24,20,Active,0
1000070,101593,-22,36,15,Active,0
1004467,101704,-9,36,21,Active,0
1003877,100527,-44,12,15,Active,0
1008620,101757,-26,6,33,Active,0
1004572,109101,-11,6,14,Active,0
1001359,102083,-44,36,20,Active,0
1002755,201080,-35,36,2,Active,0
1000338,201908,-35,36,0,Active,0
1000756,105083,-13,24,10,Active,0
1007488,103003,-16,6,25,Active,0
1002829,109252,-27,36,35,Active,0
1001312,109877,-45,6,30,Active,0
1002902,105724,-23,6,7,Active,0
1009595,107631,-46,6,35,Active,0
1008290,101385,-12,24,18,Active,0
1001187,106629,-8,24,2,Active,0
1006332,104647,-34,6,17,Active,0
1009416,103988,-20,6,13,Active,0
1000181,108044,-16,24,10,Active,0
1003656,100071,-13,24,1,Active,0
1007241,108786,-5,6,26,Active,0
1004799,109417,-9,6,25,Active,0
1009159,106975,-45,36,8,Active,0
1001874,105969,-6,6,28,Active,0
1002262,105638,-3,12,19,Active,0
1002854,109897,-9,12,20,Active,0
1005375,102591,-10,12,35,Active,0
1008957,107956,-35,6,16,Active,0
1002239,201302,-21,24,29,Active,0
1001253,100262,-1,24,0,Active,0
1000581,104701,-6,6,32,Active,0
1008475,200819,-40,24,8,Active,0
1004277,105750,-11,36,31,Active,0
1003277,102050,-28,6,16,Active,0
1007554,102725,-35,6,0,Active,0
1001557,102558,-23,24,20,Active,0
1008156,200181,-4,12,29,Active,0
1003896,105177,-8,6,26,Active,0
1003859,201764,-39,36,15,Active,0
1005829,107104,-47,36,9,Active,0
1008142,109505,-20,6,13,Active,0
1006351,106519,-16,12,0,Active,0
1002517,103732,-19,36,9,Active,0
1007097,107241,-40,36,29,Active,0
1005185,201996,-46,6,2,Active,0
1008773,108730,-23,6,35,Active,0
1004437,102324,-26,6,11,Active,0
1001635,100827,-25,6,32,Active,0
1009367,109083,-18,24,34,Active,0
1009793,101983,-27,12,27,Active,0
1004439,100567,-28,36,14,Active,0
1006115,109276,-13,24,33,Active,0
1003444,101235,-29,6,22,Active,0
1001606,100245,-40,12,9,Active,0
1000338,201908,-1,36,4,Active,0
1001508,105162,-39,12,11,Active,0
1005569,100652,-29,12,11,Active,0
1008723,101238,-19,24,29,Active,0
1009472,106642,-46,6,6,Active,0
1003842,108954,-10,6,14,Active,0
1003227,108841,-44,12,35,Active,0
1009988,103264,-34,6,15,Active,0
1005562,108218,-3,24,6,Active,0
1000234,201824,-40,36,10,Active,0
1008420,102879,-23,24,26,Active,0
1003956,106230,-25,24,27,Active,0
1001819,102090,-38,36,14,Active,0
1001728,106546,-2,36,16,Active,0
1004622,107934,-31,12,17,Active,0
1009004,102587,-16,6,17,Active,0
1003823,106693,-26,6,15,Active,0
1000334,103060,-29,24,3,Active,0
1008717,105203,-41,6,28,Active,0
1001070,109652,-22,24,26,Active,0
1001862,105437,-34,24,22,Active,0
1006287,108126,-21,6,13,Active,0
1007636,104438,-1,36,12,Active,0
1003749,109690,-43,24,6,Active,0
1000082,105906,-13,6,7,Active,0
1006482,109511,-33,12,3,Active,0
1001386,107104,-9,36,29,Active,0
1003545,201788,-22,36,22,Active,0
1000218,101538,-4,24,5,Active,0
1006541,100074,-17,24,35,Active,0
1009383,102322,-24,6,26,Active,0
1008312,109201,-40,24,29,Active,0
1004881,107377,-27,12,28,Active,0
1008138,105385,-39,24,28,Active,0
1004991,107805,-20,6,10,Active,0
1003437,107737,-26,12,24,Active,0
1001954,103579,-16,6,9,Active,0
1001925,109969,-2,24,17,Active,0
1000875,104940,-16,36,12,Active,0
1002627,102703,-38,24,10,Active,0
1008260,201131,-7,6,3,Active,0
1000360,109675,-4,24,6,Active,0
1003140,106265,-29,24,31,Active,0
1001321,109563,-32,12,14,Active,0
1003447,101896,-29,12,18,Active,0
1005593,109294,-6,12,18,Active,0
1006701,200250,-18,24,31,Active,0
1008477,103390,-45,36,16,Active,0
1008748,108127,-22,6,15,Active,0
1005690,109130,-24,24,4,Active,0
1007495,200383,-19,6,21,Active,0
1000973,200366,-7,24,20,Active,0
1009969,201535,-3,6,7,Active,0
1007614,108865,-42,24,22,Active,0
1006517,201304,-35,12,3,Active,0
1006247,109318,-2,24,20,Active,0
1000362,104204,-9,12,33,Active,0
1003687,104319,-3,12,4,Active,0
1003089,201459,-14,24,24,Active,0
1003673,201395,-30,6,3,Active,0
1000483,101427,-20,12,0,Active,0
1006707,106848,-1,12,12,Active,0
1000061,104062,-45,24,10,Active,0
1000075,107695,-26,12,15,Active,0
1002215,104025,-19,12,24,Active,0
1005760,100715,-32,6,2,Active,0
1007798,108024,-12,12,28,Active,0
1002787,105835,-29,6,27,Active,0
1001847,108289,-5,6,23,Active,0
1001331,100986,-13,6,10,Active,0
1008446,104329,-26,36,23,Active,0
1006445,109024,-11,12,13,Active,0
1007123,200163,-13,12,8,Active,0
1003921,101555,-4,6,24,Active,0
1009177,109563,-31,36,2,Active,0
1003427,100300,-47,24,24,Active,0
1006962,200052,-7,6,1,Active,0
1000348,107679,-30,36,27,Active,0
1003504,201669,-37,24,9,Active,0
1003479,200945,-44,24,28,Active,0
1000106,108599,-45,24,26,Active,0
1000145,106797,-30,12,32,Active,0
1000903,109721,-38,6,20,Active,0
1009306,103941,-11,6,1,Active,0
1003619,106971,-24,24,18,Active,0
1006582,100424,-20,12,35,Active,0
1009805,101731,-43,24,12,Active,0
1003109,109700,-4,24,23,Active,0
1003455,105030,-42,36,9,Active,0
1006865,109020,-14,6,26,Active,0
1006866,103651,-17,36,6,Active,0
1000814,200626,-43,36,29,Active,0
1001295,200437,-27,36,0,Active,0
1007152,109794,-41,24,27,Active,0
1009236,103710,-37,6,20,Active,0
1000935,103994,-21,24,35,Active,0
1009140,105374,-1,24,19,Active,0
1004790,105484,-23,6,0,Active,0
1003032,109073,-25,12,7,Active,0
1008921,102931,-15,6,27,Active,0
1003518,108704,-43,36,27,Active,0
1009280,200534,-7,12,31,Active,0
1000351,101443,-11,36,33,Active,0
1004592,102752,-14,24,25,Active,0
1006798,104379,-47,6,24,Active,0
1000058,106918,-2,6,24,Active,0
1005817,109125,-21,24,35,Active,0
1003946,201792,-43,36,21,Active,0
1002760,200448,-37,6,25,Active,0
1007160,201362,-22,6,20,Active,0
1006405,108682,-32,12,14,Active,0
1001969,100695,-11,24,29,Active,0
1002025,200381,-19,6,35,Active,0
1004831,201187,-40,6,27,Active,0
1004624,102304,-23,6,21,Active,0
1002561,100219,-8,24,18,Active,5
1001265,108078,-40,6,22,Active,0
1006462,105171,-42,24,29,Active,0
1004261,107269,-11,12,30,Active,5
1001878,200167,-24,24,16,Active,0
1000262,104233,-40,24,34,Active,0
1000752,200108,-28,12,33,Active,5
1002737,104956,-29,12,13,Active,0
1003998,106528,-35,36,11,Active,0
1000256,100791,-19,36,1,Active,0
1000185,101927,-13,6,32,Active,0
1008945,100874,-31,6,17,Active,0
1009763,107862,-38,24,18,Active,0
1007131,102883,-2,36,5,Active,0
1003591,102902,-47,36,15,Active,0
1002411,101795,-42,36,27,Active,0
1001572,109415,-16,6,11,Active,0
1007222,103250,-20,12,18,Active,0
1007581,201796,-40,24,31,Active,0
1003208,200722,-7,12,1,Active,0
1001040,200953,-12,24,27,Active,0
1005692,102247,-2,6,31,Active,0
1008392,104138,-13,24,23,Active,0
1001609,104550,-24,36,12,Active,0
1005028,104961,-8,12,8,Active,0
1002742,107986,-21,12,5,Active,0
1002026,109327,-38,36,30,Active,0
1001572,109415,-20,12,34,Active,0
1008882,102197,-9,24,22,Active,0
1006844,105964,-16,24,17,Active,0
1007161,105919,-21,12,15,Active,0
1000190,109288,-4,6,35,Active,0
1003341,102801,-41,24,0,Active,0
1006855,109286,-9,6,28,Active,0
1009992,107653,-25,24,16,Active,0
1005373,101776,-4,36,32,Active,0
1007517,109434,-4,36,2,Active,0
1009210,102194,-35,24,27,Active,0
1004414,108744,-15,12,8,Active,0
1004319,200110,-1,6,6,Active,0
1000859,109079,-32,6,18,Active,0
1007516,103563,-18,12,6,Active,0
1001438,107536,-31,36,31,Active,0
1005225,109841,-37,6,30,Active,0
1002917,105577,-6,6,16,Active,0
1002140,102273,-33,24,34,Active,5
1003084,103402,-26,36,31,Active,0
1009851,107970,-23,36,13,Active,0
1005707,104165,-14,24,28,Active,0
1006240,107298,-2,24,0,Active,0
1005308,201745,-17,12,32,Active,0
1009816,107421,-1,6,8,Active,0
1002891,106005,-10,6,10,Active,0
1009737,200739,-13,24,20,Active,0
1009533,103949,-4,24,2,Active,0
1008309,102134,-17,12,2,Active,0
1002862,107214,-46,6,35,Active,0
1007523,100663,-18,24,26,Active,0
1001577,107175,-9,36,28,Active,0
1007207,101738,-8,6,26,Active,0
1000778,100797,-18,36,29,Active,0
1007886,100587,-13,24,35,Active,0
1003375,106837,-44,12,31,Active,0
1002529,200325,-47,12,22,Active,0
1002747,109267,-41,12,5,Active,0
1009121,103941,-33,6,21,Active,0
1009632,109339,-33,24,6,Active,0
1001776,102763,-45,24,16,Active,0
1005097,102810,-22,36,24,Active,0
1002860,105768,-41,6,29,Active,0
1003712,104761,-19,6,4,Active,0
1009272,102543,-24,36,34,Active,0
1009237,108486,-6,12,18,Active,0
1004018,100503,-15,36,31,Active,0
1003115,102442,-8,36,1,Active,0
1005555,102618,-9,6,27,Active,0
1007049,108328,-43,36,17,Active,0
1006536,105040,-5,36,34,Active,0
1007048,105692,-32,24,15,Active,0
1009683,103455,-33,6,23,Active,0
1009029,105391,-13,36,10,Active,0
1009981,104256,-39,6,33,Active,0
1004344,102362,-36,24,32,Active,0
1004504,104282,-44,12,5,Active,0
1004563,107990,-23,6,4,Active,0
1006491,104540,-47,24,28,Active,0
1006471,101169,-3,24,24,Active,0
1000562,200965,-18,12,28,Active,0
1009927,100252,-10,12,1,Active,0
1002523,105363,-3,12,19,Active,0
1007113,101258,-47,36,11,Active,0
1009001,105078,-32,12,31,Active,0
1004666,109219,-23,6,22,Active,0
1004542,108816,-3,6,23,Active,0
1009795,102787,-8,6,8,Active,0
1005019,200413,-42,24,23,Active,0
1007102,108839,-29,24,3,Active,0
1005953,201544,-45,24,11,Active,0
1007947,109445,-10,24,2,Active,0
1005335,103508,-23,12,18,Active,0
1003094,101429,-30,36,6,Active,0
1008131,104454,-41,12,16,Active,0
1001069,103150,-11,12,35,Active,0
1009311,200909,-12,12,32,Active,0
1007408,101156,-14,24,31,Active,0
1005243,101707,-1,36,5,Active,0
1006180,102895,-9,36,32,Active,0
1004262,105655,-4,6,23,Active,0
1005521,100919,-35,24,5,Active,0
1009154,106166,-10,6,6,Active,0
1008665,201285,-46,6,28,Active,0
1008625,108835,-34,12,0,Active,0
1000858,105394,-36,36,14,Active,0
1006166,107550,-33,6,25,Active,0
1009864,104764,-46,36,19,Active,0
1007312,104034,-19,36,21,Active,0
1007289,100285,-10,12,19,Active,0
1006560,200366,-4,6,26,Active,0
1002724,102585,-37,24,11,Active,0
1005597,103349,-42,12,18,Active,0
1008390,201600,-20,24,30,Active,0
1002767,104536,-8,12,17,Active,0
1000094,100465,-11,6,20,Active,0
1006138,108712,-4,24,16,Active,0
1005427,107981,-12,12,0,Active,0
1007092,106363,-2,36,19,Active,0
1003377,107492,-29,36,11,Active,0
1000407,102434,-11,6,32,Active,0
1004535,100407,-24,24,19,Active,0
1007757,201314,-10,36,23,Active,0
1007301,109717,-24,12,17,Active,0
1001893,103291,-15,24,4,Active,0
1000011,200498,-10,6,35,Active,0
1000404,103240,-33,12,0,Active,0
1005643,105303,-36,24,14,Active,0
1007962,201058,-20,6,30,Active,0
1008492,109705,-4,6,35,Active,0
1007652,105343,-38,6,2,Active,0
1009525,103946,-23,24,0,Active,0
1009533,103949,-35,36,17,Active,0
1008392,104138,-44,36,33,Active,0
1004376,107422,-9,24,20,Active,0
1007955,200475,-5,36,22,Active,0
1004300,102393,-5,12,6,Active,0
1005281,200721,-1,6,24,Active,0
1005632,200701,-40,6,18,Active,0
1000446,101655,-16,6,0,Active,0
1007074,105208,-45,24,29,Active,0
1004857,109666,-39,6,13,Active,0
1001764,106210,-34,12,11,Active,0
1009997,104541,-33,24,7,Active,0
1004794,200782,-13,6,21,Active,0
1002026,109327,-6,6,9,Active,0
1004318,105920,-7,12,1,Active,0
1002042,107447,-32,6,32,Active,0
1005024,201323,-46,12,17,Active,0
1001558,101308,-35,12,30,Active,0
1001772,103353,-6,36,1,Active,0
1006488,200117,-22,36,23,Active,0
1003012,108120,-47,12,31,Active,0
1005572,102649,-16,36,30,Active,0
1004479,105422,-40,24,21,Active,5
1003967,101296,-41,36,34,Active,0
1000599,201186,-18,36,0,Active,0
1007158,107756,-11,24,22,Active,0
1002283,104115,-32,24,20,Active,0
1003643,102517,-39,6,32,Active,0
1007020,105449,-36,24,28,Active,0
1002176,101599,-3,36,7,Active,0
1000166,107605,-30,6,13,Active,0
1002607,108703,-11,12,27,Active,0
1009082,200482,-3,12,27,Active,0
1009205,105021,-40,12,35,Active,0
1005836,101437,-42,6,10,Active,0
1000674,200954,-21,36,16,Active,0
1005584,100736,-14,12,16,Active,0
1006989,100807,-35,6,34,Active,0
1001246,100342,-7,24,35,Active,0
1000232,107392,-26,6,35,Active,0
1008159,201975,-42,36,16,Active,0
1003669,101204,-29,6,29,Active,0
1000147,102605,-44,24,1,Active,0
1003537,100859,-5,12,21,Active,0
1009499,201849,-38,36,32,Active,0
1009921,102866,-30,12,35,Active,0
1002379,108177,-40,24,2,Active,0
1009872,201059,-30,12,30,Active,5
1002187,107801,-1,12,10,Active,0
1009144,104876,-18,12,24,Active,0
1007446,108034,-5,12,24,Active,0
1002256,102296,-30,6,5,Active,0
1009716,100993,-12,36,16,Active,0
1003786,104453,-15,12,24,Active,0
1000396,107060,-7,12,6,Active,0
1001560,102249,-24,36,22,Active,0
1001602,200129,-4,6,14,Active,0
1001269,108445,-22,36,22,Active,0
1004941,104538,-27,6,31,Active,0
1001670,100255,-35,12,20,Active,0
1007782,100195,-41,6,14,Active,0
1006734,107076,-23,36,16,Active,0
1006603,107396,-20,12,8,Active,0
1001073,109212,-43,6,16,Active,0
1006777,201606,-47,36,20,Active,0
1004450,108800,-45,24,8,Active,0
1000965,201068,-44,36,17,Active,0
1006280,201067,-17,24,3,Active,0
1001783,109991,-37,36,16,Active,0
1000484,103212,-39,6,15,Active,0
1003042,200075,-22,6,3,Active,0
1000102,201629,-8,12,11,Active,0
1001585,109215,-11,6,14,Active,0
1005244,106800,-9,36,17,Active,0
1002574,100181,-4,12,30,Active,0
1003760,108361,-42,36,12,Active,0
1004265,104172,-46,36,10,Active,0
1003018,200148,-22,6,29,Active,0
1001028,201999,-1,6,31,Active,0
1003634,109948,-18,6,28,Active,0
1007016,108453,-24,12,31,Active,0
1008263,200696,-38,36,1,Active,0
1004525,101664,-21,12,35,Active,0
1008456,109942,-46,24,29,Active,0
1007071,109289,-5,6,15,Active,0
1006962,200052,-46,36,18,Active,0
1003385,200080,-24,6,22,Active,0
1001525,105975,-28,12,30,Active,0
1002724,102585,-1,36,28,Active,0
1008083,105654,-7,12,14,Active,0
1006740,106266,-27,6,1,Active,0
1007045,105917,-4,6,10,Active,0
1005651,107599,-19,6,19,Active,0
1003750,101091,-20,36,32,Active,0
1009603,109183,-21,6,18,Active,0
1008133,102312,-6,36,11,Active,0
1008657,106170,-43,36,31,Active,0
1005355,104978,-23,12,18,Active,0
1009723,108737,-39,36,12,Active,0
1003624,201994,-26,36,29,Active,0
1000712,102536,-20,6,25,Active,0
1000473,106215,-24,6,9,Active,0
1009515,100047,-35,12,26,Active,0
1001111,103389,-29,24,23,Active,0
1000109,107215,-4,24,23,Active,0
1007336,200633,-1,6,1,Active,0
1006003,106577,-35,12,7,Active,0
1008138,105385,-9,6,6,Active,0
1001358,103244,-29,12,28,Active,0
1007483,105397,-7,6,21,Active,0
1008195,103668,-40,24,0,Active,0
1002759,200907,-33,36,7,Active,0
1006928,103413,-29,6,14,Active,0
1003907,200251,-5,36,8,Active,0
1003648,105843,-23,12,33,Active,0
1001328,200538,-15,24,27,Active,0
1002854,109897,-43,36,5,Active,0
1001119,104041,-5,36,12,Active,0
1002803,107968,-12,6,1,Active,0
1007001,101127,-13,6,16,Active,5
1004220,200283,-20,12,13,Active,0
1000574,104104,-35,12,6,Active,0
1007956,100906,-3,6,12,Active,0
1001726,108460,-8,36,10,Active,0
1006539,104366,-3,6,10,Active,0
1001549,104416,-42,24,12,Active,0
1009045,102686,-15,12,19,Active,0
1005223,102030,-16,36,31,Active,0
1005014,104161,-41,36,3,Active,0
1005337,109519,-20,24,22,Active,0
1007715,201185,-17,12,34,Active,0
1009610,201097,-47,36,34,Active,0
1005144,108709,-34,6,35,Active,0
1000120,104192,-37,6,7,Active,0
1003406,105123,-22,36,15,Active,0
1004178,103774,-4,6,26,Active,0
1004013,201248,-44,24,30,Active,0
1005557,102686,-43,24,29,Active,0
1007983,200299,-46,36,33,Active,0
1004288,104277,-3,6,10,Active,0
1006356,107574,-39,12,4,Active,0
1000431,105230,-46,6,17,Active,0
1003675,103183,-36,12,12,Active,0
1006141,201901,-13,6,11,Active,0
1000075,107695,-2,12,29,Active,0
1002282,104119,-37,24,25,Active,0
1004617,107791,-32,36,15,Active,0
1002854,109897,-35,36,11,Active,0
1003026,104251,-12,12,13,Active,0
1005128,104686,-30,6,14,Active,0
1006605,107529,-8,12,18,Active,0
1004145,101408,-22,36,28,Active,0
1005724,100961,-27,24,22,Active,0
1008287,109480,-36,24,25,Active,0
1009192,201550,-16,12,30,Active,0
1002782,109183,-17,36,25,Active,0
1003878,109921,-8,12,16,Active,0
1005657,105664,-47,6,32,Active,0
1009215,104871,-36,36,28,Active,0
1004289,109991,-21,12,25,Active,0
1008336,100238,-8,24,23,Active,0
1004403,104013,-25,12,24,Active,5
1003104,109874,-35,12,30,Active,0
1006622,105590,-26,36,8,Active,0
1004661,201233,-14,6,27,Active,0
1002393,201628,-43,24,2,Active,0
1000859,109079,-3,24,22,Active,0
1009143,102803,-47,12,19,Active,0
1005393,106803,-20,24,27,Active,0
1002750,104478,-21,6,9,Active,0
1000940,108534,-13,12,13,Active,0
1008628,109648,-5,6,22,Active,0
1004168,105530,-7,6,27,Active,0
1007892,200207,-30,6,26,Active,0
1006883,105026,-12,24,26,Active,0
1000968,102789,-1,12,11,Active,0
1007674,100035,-35,12,24,Active,0
1008553,101599,-17,12,24,Active,0
1006967,108488,-44,24,35,Active,0
1002553,200344,-43,24,25,Active,0
1001013,106748,-16,12,18,Active,0
1006884,105520,-22,12,24,Active,0
1002482,100112,-45,6,5,Active,0
1006549,104768,-36,36,7,Active,0
1002492,103053,-34,24,33,Active,0
1006940,102760,-34,12,7,Active,0
1006806,109272,-25,6,28,Active,0
1006324,108500,-23,36,1,Active,0
1004183,101559,-17,24,14,Active,0
1008014,102786,-46,6,17,Active,0
1003723,107985,-21,6,25,Active,0
1000494,101387,-46,12,22,Active,0
1003235,103384,-29,36,17,Active,0
1006357,109726,-17,12,24,Active,0
1002914,200431,-42,6,6,Active,0
1007871,109824,-4,24,25,Active,0
1004981,105793,-44,12,8,Active,0
1004392,200964,-46,12,22,Active,0
1003965,103575,-14,6,24,Active,0
1008362,201316,-10,24,35,Active,0
1002532,103316,-6,6,17,Active,0
1006013,101041,-3,24,31,Active,0
1006916,107103,-18,6,25,Active,0
1008785,200714,-43,12,17,Active,5
1005978,101721,-8,36,11,Active,0
1000187,107761,-19,6,34,Active,0
1007619,109252,-16,6,34,Active,0
1001362,201366,-26,6,25,Active,0
1004224,100320,-8,24,21,Active,0
1005732,109218,-42,12,6,Active,0
1006163,109854,-16,36,24,Active,0
1004821,101391,-27,24,35,Active,0
1007769,104063,-20,6,29,Active,0
1007087,104685,-14,24,10,Active,0
1004804,200166,-44,6,11,Active,0
1009049,104950,-37,24,14,Active,0
1006454,103611,-32,24,28,Active,0
1003918,108652,-15,24,28,Active,0
1001339,107458,-10,36,22,Active,0
1005034,201683,-31,6,2,Active,0
1009011,105176,-8,6,27,Active,0
1007140,201288,-42,24,27,Active,0
1004646,108200,-37,36,15,Active,0
1007757,201314,-30,12,1,Active,0
1006282,201297,-18,24,14,Active,0
1000096,104255,-38,6,5,Active,0
1004513,108719,-29,24,10,Active,0
1002567,107425,-1,36,24,Active,0
1005829,107104,-46,6,32,Active,0
1001796,106291,-31,12,31,Active,0
1009485,105462,-15,6,15,Active,0
1009998,106723,-20,12,0,Active,0
1004906,107594,-33,12,14,Active,5
1001859,104346,-45,36,1,Active,0
1001892,103982,-8,12,28,Active,0
1005587,106389,-36,24,27,Active,0
1004442,201501,-3,6,27,Active,0
1001693,109471,-21,24,19,Active,0
1006312,200860,-44,12,17,Active,0
1000622,102198,-33,12,35,Active,0
1006046,106622,-26,6,23,Active,0
1004443,100294,-20,24,16,Active,0
1002425,104724,-8,24,17,Active,0
1006224,200637,-43,24,6,Active,0
1007161,105919,-37,6,35,Active,0
1009564,106312,-4,24,31,Active,0
1008377,108792,-31,6,17,Active,0
1001753,103214,-7,24,14,Active,0
1001096,106358,-25,24,17,Active,0
1004316,106916,-20,12,12,Active,0
1007075,109413,-27,6,6,Active,0
1001358,103244,-43,12,20,Active,0
1007121,201802,-35,24,3,Active,0
1009745,101219,-33,6,5,Active,0
1001705,107376,-8,12,21,Active,0
1005004,106417,-40,12,19,Active,0
1004891,100529,-38,24,25,Active,0
1001938,106222,-9,24,3,Active,0
1006930,106457,-46,12,15,Active,0
1009164,106978,-5,6,11,Active,0
1008945,100874,-26,24,22,Active,0
1002956,100088,-25,6,34,Active,0
1001691,105961,-43,6,30,Active,0
1008227,201672,-39,36,13,Active,0
1008729,106240,-36,12,33,Active,0
1006500,201909,-15,36,15,Active,0
1005961,100331,-17,12,0,Active,0
1003115,102442,-20,36,16,Active,0
1001552,104815,-35,12,4,Active,0
1004485,102260,-4,36,24,Active,0
1000272,201543,-32,24,33,Active,0
1003913,100042,-21,36,10,Active,0
1001088,103461,-12,36,11,Active,0
1003509,102371,-13,36,33,Active,0
1000160,108886,-13,6,4,Active,0
1008525,201706,-4,36,31,Active,0
1007904,104009,-32,12,16,Active,0
1000821,103130,-31,6,28,Active,0
1006946,102170,-20,6,27,Active,0
1003299,109160,-25,12,8,Active,0
1000589,201067,-15,24,25,Active,0
1009779,109925,-7,12,18,Active,0
1004967,104693,-18,36,18,Active,0
1005451,101123,-39,24,32,Active,0
1004138,102427,-33,6,13,Active,0
1002285,100601,-32,12,31,Active,0
1004811,105860,-1,24,35,Active,0
1002632,109742,-39,36,18,Active,0
1003471,106104,-31,24,1,Active,0
1007642,107667,-4,6,31,Active,0
1005737,109935,-47,12,30,Active,0
1003136,109341,-43,6,2,Active,0
1000336,102457,-4,24,27,Active,0
1007858,108196,-41,36,6,Active,0
1008299,200923,-4,24,21,Active,0
1006435,105749,-13,36,28,Active,0
1008312,109201,-9,6,5,Active,0
1000453,102931,-24,12,10,Active,0
1005059,105053,-9,6,33,Active,0
1009845,106095,-2,24,7,Active,0
1002671,104290,-33,12,17,Active,0
1008799,107563,-44,36,32,Active,0
1009678,102174,-30,24,32,Active,0
1008979,105905,-26,24,8,Active,0
1006294,100897,-24,12,0,Active,0
1001775,103666,-3,24,5,Active,0
1002764,105016,-29,24,7,Active,0
1009553,108994,-32,6,35,Active,0
1001517,100880,-37,6,29,Active,0
1000356,108361,-11,36,17,Active,0
1001366,109733,-22,24,28,Active,0
1006666,103532,-37,36,7,Active,0
1009115,105952,-24,12,14,Active,0
1006764,100195,-42,12,16,Active,0
1009322,103886,-38,24,2,Active,0
1009501,201052,-46,36,33,Active,0
1004684,200553,-23,24,34,Active,0
1009462,201252,-19,6,4,Active,0
1005154,106796,-4,36,2,Active,0
1001575,106721,-29,36,4,Active,0
1000523,105360,-30,6,7,Active,0
1001463,107111,-30,36,34,Active,0
1006521,200672,-25,6,23,Active,0
1002228,102581,-27,36,4,Active,5
1008608,106523,-29,36,33,Active,0
1000893,107346,-47,12,7,Active,0
1002492,103053,-29,24,6,Active,0
1008398,106065,-37,12,31,Active,0
1002683,101726,-38,36,32,Active,0
1006846,200563,-25,6,28,Active,0
1004926,102194,-13,6,26,Active,0
1001720,102640,-38,6,31,Active,0
1001821,107091,-7,12,12,Active,0
1001453,100280,-21,24,16,Active,0
1002146,103149,-13,6,12,Active,0
1008497,105335,-46,36,9,Active,0
1004296,103657,-45,12,33,Active,0
1006478,102964,-22,24,8,Active,0
1001003,200673,-45,6,35,Active,0
1001751,109293,-23,12,18,Active,0
1008900,105972,-44,24,31,Active,0
1003628,109194,-16,6,10,Active,0
1009225,100352,-37,24,18,Active,0
1002385,104547,-36,24,34,Active,0
1006165,109701,-45,36,25,Active,0
1002532,103316,-23,36,22,Active,0
1003389,106107,-20,36,18,Active,0
1008824,106054,-36,12,13,Active,0
1004997,109767,-39,24,18,Active,0
1004006,105737,-44,12,25,Active,0
1009428,103931,-29,12,35,Active,0
1001470,108842,-45,36,3,Active,0
1005989,109511,-20,36,19,Active,5
1005903,107568,-2,6,18,Active,0
1009802,201216,-26,6,28,Active,0
1000802,104152,-36,12,15,Active,0
1004175,201511,-46,6,32,Active,5
1001209,107763,-32,6,32,Active,0
1006413,101533,-40,6,6,Active,0
1006611,101176,-30,36,16,Active,0
1001045,102461,-29,24,11,Active,0
1001075,100320,-21,6,1,Active,0
1001058,102048,-41,6,34,Active,0
1004736,104639,-35,24,14,Active,0
1008637,103274,-19,36,35,Active,0
1004332,100027,-17,6,15,Active,0
1002755,201080,-30,24,9,Active,0
1003062,105324,-25,12,12,Active,0
1001446,108316,-6,6,23,Active,0
1000501,201020,-19,12,20,Active,0
1008672,107326,-24,24,2,Active,0
1005823,200040,-18,24,29,Active,0
1002681,102727,-6,36,31,Active,0
1006965,103826,-33,12,12,Active,0
1000424,103042,-31,24,4,Active,0
1002435,200168,-10,36,16,Active,0
1001337,104368,-16,36,34,Active,0
1000053,102045,-10,12,6,Active,0
1006647,107868,-4,24,10,Active,0
1005390,108620,-16,12,33,Active,0
1008587,105892,-16,6,10,Active,0
1007684,101389,-37,6,21,Active,0
1001914,109295,-29,36,24,Active,0
1007320,103128,-4,6,28,Active,0
1004214,102441,-5,12,20,Active,0
1001241,103491,-29,12,6,Active,0
1007455,103917,-11,12,3,Active,0
1005817,109125,-39,36,26,Active,0
1008538,100465,-31,6,14,Active,0
1001722,102839,-22,12,33,Active,0
1007180,109871,-33,6,24,Active,0
1004754,101985,-47,24,26,Active,0
1006359,101462,-39,36,14,Active,0
1005060,201478,-1,36,30,Active,0
1005058,101905,-19,6,23,Active,0
1008932,106544,-43,6,0,Active,0
1000658,108818,-16,12,7,Active,0
1005634,201367,-1,6,20,Active,0
1009550,101839,-32,36,6,Active,0
1005992,100809,-41,6,23,Active,0
1002787,105835,-4,36,33,Active,0
1004013,201248,-19,36,33,Active,0
1002182,103685,-6,36,29,Active,0
1005014,104161,-29,24,8,Active,0
1007930,103746,-1,6,18,Active,0
1000270,109971,-14,6,14,Active,0
1009600,201740,-15,6,30,Active,0
1005704,201150,-47,24,26,Active,0
1006294,100897,-18,12,0,Active,0
1002156,100864,-18,24,26,Active,0
1009170,101481,-45,12,34,Active,0
1005308,201745,-20,24,8,Active,0
1004173,104334,-40,24,3,Active,0
1002840,103042,-19,36,1,Active,0
1001129,102923,-46,6,18,Active,0
1000758,108103,-2,36,2,Active,0
1001453,100280,-21,6,8,Active,0
1009849,106016,-43,36,10,Active,0
1008292,201135,-46,36,25,Active,0
1007787,108959,-26,6,11,Active,0
1003796,108845,-37,12,8,Active,0
1003056,100062,-37,36,10,Active,0
1007066,104518,-34,36,9,Active,0
1005552,104352,-39,24,32,Active,0
1007012,104640,-25,24,15,Active,0
1009731,103496,-5,36,9,Active,0
1000605,108741,-16,24,7,Active,0
1004079,102675,-14,24,13,Active,0
1009499,201849,-35,6,18,Active,0
1008162,100259,-44,24,5,Active,0
1001414,104730,-40,24,6,Active,0
1007845,109886,-12,36,33,Active,0
1007946,200058,-17,6,10,Active,0
1006834,103230,-38,24,7,Active,0
1004544,200192,-14,12,14,Active,0
1002921,100134,-10,36,21,Active,0
1008508,104949,-27,6,2,Active,0
1000829,101287,-11,36,18,Active,0
1005809,109697,-24,24,30,Active,0
1009021,107014,-8,24,9,Active,0
1004341,107975,-23,36,10,Active,0
1007643,101854,-36,6,19,Active,0
1007142,109865,-11,36,25,Active,0
1004384,106090,-27,6,10,Active,0
1005903,107568,-6,12,15,Active,0
1002671,104290,-40,6,16,Active,0
1005090,103282,-1,12,18,Active,0
1007419,105182,-27,24,16,Active,0
1000477,105800,-5,6,13,Active,0
1009077,104808,-35,6,8,Active,0
1001955,104447,-23,24,1,Active,0
1003713,108235,-21,24,0,Active,0
1000821,103130,-40,12,10,Active,5
1007021,201823,-37,24,16,Active,0
1006222,100463,-10,36,24,Active,0
1002557,108380,-39,24,31,Active,0
1000063,109033,-12,12,35,Active,0
1009679,109877,-33,36,12,Active,0
1002346,108707,-33,6,9,Active,0
1001196,201135,-4,36,27,Active,0
1002294,100721,-13,36,21,Active,0
1009051,103561,-38,24,11,Active,0
1008144,108440,-16,6,30,Active,0
1009416,103988,-46,24,14,Active,0
1003541,106422,-42,24,24,Active,0
1000306,201668,-10,12,34,Active,0
1003692,103073,-40,36,33,Active,0
1008341,103301,-42,12,32,Active,0
1005319,108518,-7,36,3,Active,0
1009765,106656,-41,36,25,Active,0
1004473,104266,-34,24,18,Active,0
1005006,107436,-26,24,7,Active,0
1005061,201191,-14,6,6,Active,0
1004112,201790,-18,12,22,Active,0
1000342,107432,-30,36,31,Active,0
1005479,105871,-47,12,15,Active,0
1002449,102871,-28,12,9,Active,0
1004006,105737,-39,6,11,Active,0
1000879,104610,-8,12,33,Active,0
1001587,109674,-35,36,20,Active,0
1004043,104112,-15,24,35,Active,0
1008480,108383,-2,6,12,Active,0
1001613,103427,-30,12,22,Active,0
1009076,108034,-29,6,20,Active,0
1009607,104723,-41,12,17,Active,0
1007653,106349,-21,24,23,Active,0
1004096,105189,-2,12,22,Active,5
1000355,104267,-29,24,33,Active,0
1004870,101598,-21,6,24,Active,0
1006224,200637,-7,36,10,Active,0
1005764,103328,-23,36,35,Active,0
1000942,101642,-37,6,7,Active,0
1002047,108526,-40,36,14,Active,0
1006263,108896,-39,12,28,Active,0
1003740,200181,-10,6,15,Active,0
1009830,106636,-22,36,8,Active,0
1000363,107799,-45,24,34,Active,0
1005103,108073,-44,24,5,Active,0
1002970,104951,-44,36,3,Active,5
1009764,108148,-2,12,35,Active,0
1008602,102345,-20,12,16,Active,0
1005204,103853,-30,24,1,Active,0
1004677,200393,-30,6,21,Active,0
1002112,103187,-40,6,11,Active,0
1006845,106190,-1,24,31,Active,0
1006205,104461,-35,6,35,Active,0
1000458,108454,-19,12,25,Active,0
1006595,109735,-19,24,17,Active,0
1002658,201654,-30,36,21,Active,0
1004692,103685,-4,36,11,Active,0
1007737,109314,-9,24,0,Active,0
1002674,103518,-5,24,33,Active,0
1006765,108915,-41,12,34,Active,0
1008004,200350,-2,36,3,Active,0
1002493,105720,-31,36,34,Active,0
1003953,103589,-31,24,21,Active,0
1005125,101350,-29,6,23,Active,0
1008526,107441,-1,12,16,Active,0
1003738,101513,-26,12,15,Active,0
1009552,108210,-7,12,35,Active,0
1000658,108818,-31,36,27,Active,0
1005661,108434,-45,24,7,Active,0
1002619,104270,-14,12,30,Active,0
1001175,104422,-41,24,12,Active,0
1001839,201356,-24,12,27,Active,0
1000494,101387,-3,24,0,Active,0
1003053,100311,-20,12,33,Active,0
1008484,102950,-12,12,11,Active,0
1009974,104190,-19,12,11,Active,0
1003704,101568,-6,36,31,Active,0
1005423,107316,-34,6,24,Active,0
1001041,106821,-23,36,34,Active,5
1005358,102760,-24,36,7,Active,0
1006348,106412,-37,12,29,Active,0
1005019,200413,-40,24,0,Active,0
1007243,107272,-25,36,19,Active,0
1008082,102800,-13,12,33,Active,0
1008519,103679,-33,6,33,Active,0
1006007,102300,-1,12,35,Active,0
1000115,105173,-33,24,5,Active,0
1008760,102995,-6,6,0,Active,0
1000559,106819,-4,6,30,Active,0
1004916,102802,-9,36,28,Active,0
1006265,102902,-37,6,29,Active,0
1009899,108747,-19,36,34,Active,0
1002475,201573,-32,24,34,Active,0
1007099,103403,-17,12,11,Active,0
1001325,108258,-6,6,35,Active,0
1004100,103950,-31,36,10,Active,0
1005428,101078,-5,24,15,Active,0
1002438,108544,-30,12,8,Active,0
1004722,104243,-33,12,5,Active,0
1005165,106411,-5,6,20,Active,0
1009930,108318,-25,24,26,Active,0
1002654,100386,-26,24,22,Active,0
1009663,106853,-11,36,0,Active,0
1000404,103240,-4,36,30,Active,0
1007532,200328,-29,36,34,Active,0
1001417,107877,-15,6,28,Active,0
1002314,200680,-34,6,25,Active,0
1000435,107596,-16,36,18,Active,0
1006836,103379,-6,36,20,Active,0
1007013,200611,-10,36,29,Active,0
1005980,107183,-40,6,31,Active,0
1008695,108516,-8,6,14,Active,0
1006962,200052,-45,6,11,Active,0
1008062,201735,-46,6,1,Active,0
1009718,104852,-28,6,7,Active,0
1005186,102985,-43,36,6,Active,0
1004640,106389,-46,36,31,Active,0
1004804,200166,-38,24,8,Active,0
1009753,200068,-9,36,27,Active,0
1003088,101257,-42,36,24,Active,0
1004516,107022,-35,12,8,Active,0
1009822,105769,-6,6,11,Active,0
1002657,100613,-29,6,5,Active,0
1008054,201981,-11,6,11,Active,0
1003304,106472,-6,36,29,Active,0
1006948,201811,-28,24,2,Active,0
1008271,200039,-42,6,34,Active,0
1000356,108361,-27,36,16,Active,0
1004151,201859,-8,24,8,Active,0
1002512,104944,-11,36,3,Active,0
1005620,102720,-46,12,19,Active,0
1006389,106457,-24,24,1,Active,5
1008387,105993,-1,24,22,Active,0
1006309,201926,-9,36,6,Active,0
1001813,106686,-38,24,28,Active,0
1003762,201535,-12,6,14,Active,0
1007169,104402,-11,6,13,Active,0
1005520,104635,-21,24,5,Active,0
1001198,104885,-26,24,9,Active,0
1009406,107999,-27,12,19,Active,0
1007009,105584,-1,36,4,Active,0
1009152,108072,-35,24,19,Active,0
1004987,109557,-3,36,27,Active,0
1006839,106147,-41,24,6,Active,5
1003476,100140,-28,6,16,Active,0
1002695,103148,-28,36,23,Active,0
1008675,101470,-43,36,25,Active,0
1005887,105827,-12,36,10,Active,0
1005372,100589,-34,6,0,Active,0
1000099,107704,-24,36,6,Active,0
1002465,105420,-7,24,7,Active,0
1003162,107454,-4,6,23,Active,0
1009226,106933,-3,24,2,Active,0
1003282,105767,-43,6,14,Active,0
1003874,103943,-11,36,4,Active,0
1006698,201386,-42,12,31,Active,0
1008312,109201,-11,36,7,Active,0
1008934,109746,-29,24,31,Active,0
1006287,108126,-5,6,3,Active,0
1002567,107425,-5,36,20,Active,5
1001809,109548,-17,36,34,Active,0
1005574,108807,-26,6,9,Active,0
1005461,109277,-11,12,25,Active,0
1008792,104218,-18,12,16,Active,0
1009197,102300,-5,6,3,Active,0
1002875,102165,-4,36,2,Active,0
1002221,108410,-14,12,13,Active,5
1005049,103039,-9,24,16,Active,0
1001990,105123,-15,36,22,Active,0
1008299,200923,-10,6,24,Active,0
1002517,103732,-40,36,33,Active,0
1008391,200190,-34,6,8,Active,0
1007110,109408,-45,12,29,Active,0
1008404,105110,-28,12,34,Active,0
1000381,108714,-10,24,29,Active,0
1003238,101883,-22,12,14,Active,0
1004184,101609,-4,12,29,Active,0
1004819,200149,-1,12,5,Active,0
1005557,102686,-46,24,32,Active,0
1006351,106519,-38,24,8,Active,0
1001754,109128,-2,6,24,Active,0
1005465,200923,-7,6,30,Active,0
1006012,102177,-40,36,33,Active,0
1006564,103241,-38,36,17,Active,0
1003383,101099,-44,12,12,Active,0
1000993,100134,-9,24,18,Active,0
1009314,101803,-1,24,16,Active,0
1006393,109158,-34,6,10,Active,0
1001749,200509,-18,36,17,Active,0
1004344,102362,-15,36,8,Active,0
1005521,100919,-46,6,31,Active,0
1002660,107612,-40,6,22,Active,0
1003957,109478,-7,12,18,Active,0
1001939,106548,-30,36,19,Active,0
1004123,102283,-13,12,34,Active,0
1005701,109485,-20,36,22,Active,0
1009475,101850,-12,24,27,Active,0
1004519,101988,-8,12,34,Active,0
1001295,200437,-47,24,1,Active,0
1004907,105184,-31,12,4,Active,0
1005696,200134,-15,24,5,Active,0
1003218,201822,-16,36,9,Active,0
1008496,201843,-39,36,11,Active,0
1003591,102902,-39,24,11,Active,0
1004935,102480,-23,12,6,Active,0
1000062,106261,-12,6,22,Active,0
1004094,102853,-31,24,35,Active,0
1000028,100764,-15,36,28,Active,0
1008494,109696,-42,24,19,Active,0
1004541,106719,-6,12,28,Active,0
1004431,101047,-44,6,31,Active,0
1009913,200160,-46,36,1,Active,0
1008494,109696,-28,36,3,Active,0
1008058,105525,-18,36,13,Active,0
1007050,107461,-3,24,18,Active,0
1002936,200328,-7,36,8,Active,0
1001225,104989,-43,36,14,Active,0
1000127,108278,-45,12,20,Active,0
1009394,105692,-1,12,16,Active,0
1008797,201473,-36,24,13,Active,0
1008437,105397,-12,24,34,Active,0
1004508,102518,-38,12,7,Active,0
1004414,108744,-11,12,9,Active,0
1008864,201969,-16,12,5,Active,0
1003888,104490,-4,24,17,Active,0
1007238,103152,-8,12,33,Active,0
1008667,109440,-42,36,32,Active,0
1007205,201685,-25,12,21,Active,0
1000281,107943,-31,6,18,Active,0
1002579,103166,-1,36,6,Active,0
1001219,201489,-8,6,29,Active,0
1002167,107852,-25,24,35,Active,0
1005165,106411,-26,6,8,Active,0
1003201,104014,-7,6,10,Active,0
1003684,104821,-39,12,22,Active,0
1009204,108577,-35,36,34,Active,0
1004088,105037,-45,36,4,Active,0
1002692,201095,-11,36,2,Active,0
1008502,103492,-29,6,19,Active,0
1001958,200591,-26,12,26,Active,0
1003076,108222,-3,12,30,Active,0
1009722,103406,-26,12,21,Active,0
1007119,104245,-22,12,21,Active,0
1000239,104223,-36,12,0,Active,0
1007083,108464,-22,36,32,Active,0
1009028,106586,-20,24,1,Active,0
1009542,104695,-43,6,13,Active,0
1007369,107193,-26,6,17,Active,0
1004679,105383,-2,6,22,Active,0
1004081,108969,-24,36,32,Active,0
1004335,101080,-33,24,10,Active,0
1002901,109518,-19,12,12,Active,0
1006894,105261,-28,12,8,Active,0
1002184,103619,-45,12,12,Active,0
1001440,100330,-39,36,20,Active,0
1001356,101441,-4,24,3,Active,0
1004390,106764,-8,24,16,Active,0
1009466,101048,-33,12,27,Active,0
1007411,106748,-28,6,18,Active,0
1005984,109947,-13,6,28,Active,0
1003070,104186,-28,6,19,Active,0
1009088,108061,-11,12,26,Active,0
1001885,104461,-19,6,22,Active,0
1006532,102000,-37,12,9,Active,0
1004546,200475,-18,36,32,Active,0
1003594,102278,-44,12,14,Active,0
1002687,201535,-45,24,28,Active,0
1003437,107737,-28,36,22,Active,0
1009335,107615,-36,12,6,Active,0
1004363,100386,-29,36,4,Active,0
1001053,107827,-13,12,33,Active,0
1000982,105100,-33,36,1,Active,0
1001952,106688,-28,36,34,Active,0
1009260,109708,-6,24,9,Active,0
1005706,101377,-3,24,13,Active,0
1007343,108087,-4,24,0,Active,0
1008133,102312,-35,36,32,Active,5
1009084,100183,-44,36,10,Active,0
1002863,104014,-40,36,31,Active,0
1000143,105908,-39,6,23,Active,0
1002001,201613,-44,12,11,Active,0
1007882,103989,-11,6,22,Active,0
1006687,104427,-34,36,5,Active,0
1004241,105343,-28,36,2,Active,0
1007788,108596,-29,12,28,Active,0
1006575,100909,-17,24,33,Active,0
1000359,106573,-28,6,4,Active,0
1008758,106052,-40,6,16,Active,0
1007090,106964,-9,12,9,Active,0
1006700,103752,-41,12,18,Active,0
1001292,100334,-30,24,4,Active,0
1005490,102183,-44,12,4,Active,0
1003980,201980,-28,24,11,Active,0
1008449,200184,-19,6,27,Active,0
1003387,106627,-21,12,11,Active,0
1008040,101990,-25,36,20,Active,0
1008369,100817,-33,24,3,Active,0
1009954,104692,-47,36,20,Active,0
1001597,103577,-26,36,33,Active,0
1009629,104491,-43,12,23,Active,0
1004013,201248,-19,6,11,Active,0
1000101,108528,-13,24,22,Active,0
1002810,107113,-1,24,6,Active,0
1008571,200824,-45,12,15,Active,0
1001417,107877,-4,12,25,Active,0
1001335,109355,-18,12,2,Active,0
1001693,109471,-45,36,28,Active,0
1005873,104056,-13,6,11,Active,0
1003691,200363,-30,12,24,Active,0
1001120,107541,-38,24,15,Active,0
1009037,100227,-38,36,16,Active,0
1008074,104023,-42,24,30,Active,0
1007274,108458,-41,24,34,Active,0
1000837,107868,-11,24,24,Active,0
1005140,107226,-35,24,34,Active,0
1009922,201623,-29,36,4,Active,0
1006694,101911,-34,36,11,Active,0
1007400,200118,-17,24,18,Active,0
1005797,106678,-39,12,13,Active,0
1004435,201216,-33,12,35,Active,0
1004337,103556,-18,36,33,Active,0
1006368,201842,-11,36,18,Active,0
1006565,100763,-29,36,7,Active,0
1002344,101041,-9,6,35,Active,0
1009897,105661,-10,36,19,Active,0
1004226,108017,-32,6,30,Active,0
1006692,103963,-47,24,4,Active,0
1002046,100411,-7,12,17,Active,0
1009660,108684,-5,6,26,Active,0
1003701,100087,-4,36,5,Active,0
1003124,106240,-29,24,27,Active,0
1008064,108573,-24,6,20,Active,0
1005272,108255,-35,36,31,Active,0
1001874,105969,-20,36,17,Active,5
1000655,109759,-10,36,13,Active,0
1007539,103897,-28,12,16,Active,0
1003620,103592,-29,6,27,Active,0
1003408,200401,-6,36,25,Active,0
1007124,109496,-21,24,5,Active,0
1003607,101143,-22,6,29,Active,0
1004352,109115,-25,24,13,Active,0
1006317,201204,-11,6,31,Active,0
1003323,106393,-41,24,17,Active,0
1000495,103867,-19,6,7,Active,0
1000936,102005,-5,36,12,Active,0
1009975,106544,-36,12,33,Active,0
1005664,201368,-12,12,1,Active,0
1008879,100168,-33,36,8,Active,0
1002889,106758,-6,6,30,Active,0
1001419,200687,-33,36,25,Active,0
1002768,107016,-21,12,33,Active,0
1006162,103528,-18,36,21,Active,0
1005935,200559,-12,24,12,Active,0
1005428,101078,-43,12,25,Active,0
1006587,108838,-2,36,30,Active,0
1005397,107443,-22,36,9,Active,0
1009211,200887,-18,12,8,Active,0
1006512,200711,-43,12,23,Active,0
1006229,201472,-11,36,5,Active,0
1001646,108105,-22,36,14,Active,0
1001098,101974,-1,36,31,Active,0
1003067,201092,-5,12,18,Active,0
1001800,201601,-35,24,35,Active,0
1003580,102536,-26,6,27,Active,0
1005694,109703,-12,6,10,Active,0
1008377,108792,-37,36,20,Active,0
1007571,107079,-38,36,7,Active,0
1007290,109317,-32,36,33,Active,0
1005522,104320,-18,6,13,Active,0
1006439,201445,-29,24,17,Active,0
1001346,106647,-26,24,16,Active,0
1004372,101995,-1,6,11,Active,0
1004652,101560,-18,24,19,Active,0
1005339,100134,-44,24,17,Active,0
1007951,103198,-10,6,22,Active,0
1003902,109701,-19,24,4,Active,0
1005354,103838,-4,24,15,Active,0
1003644,101790,-11,12,25,Active,0
1003146,200219,-30,24,6,Active,0
1008986,106778,-21,24,9,Active,0
1003395,105377,-8,6,32,Active,0
1007126,109716,-7,24,10,Active,0
1008523,105586,-21,6,27,Active,0
1006568,107882,-39,6,5,Active,0
1004851,201305,-15,6,27,Active,0
1001896,102807,-10,36,21,Active,0
1000967,105477,-15,6,18,Active,0
1008209,100958,-34,36,34,Active,0
1003014,108414,-13,12,30,Active,0
1007641,201842,-9,6,2,Active,0
1008309,102134,-46,12,14,Active,0
1003220,104250,-9,12,7,Active,0
1009445,101463,-36,24,19,Active,0
1008061,200852,-20,24,27,Active,0
1007302,107683,-10,6,29,Active,0
1000376,201670,-23,6,0,Active,0
1000298,103627,-8,12,34,Active,0
1001058,102048,-24,12,5,Active,0
1009140,105374,-21,36,30,Active,0
1002761,106422,-30,24,4,Active,0
1009457,201241,-6,6,13,Active,0
1009322,103886,-24,36,14,Active,0
1005297,100684,-5,12,21,Active,0
1009458,105489,-11,12,2,Active,0
1002346,108707,-18,24,11,Active,0
1006519,107354,-42,6,14,Active,0
1005491,106730,-3,24,8,Active,0
1009218,109171,-18,12,27,Active,0
1009645,106360,-3,24,17,Active,0
1004153,107864,-31,24,33,Active,0
1004358,101865,-9,12,21,Active,0
1007848,109871,-4,36,23,Active,0
1005825,201030,-5,6,20,Active,0
1008485,104859,-10,12,0,Active,0
1002135,107754,-13,6,29,Active,0
1009534,100477,-37,12,6,Active,0
1009345,106846,-27,36,35,Active,0
1003239,106722,-42,6,10,Active,0
1002274,101444,-27,12,16,Active,0
1004794,200782,-29,36,27,Active,0
1002984,108600,-45,6,25,Active,0
1009278,107465,-29,6,21,Active,0
1007866,109758,-28,24,24,Active,0
1003023,103539,-3,24,35,Active,0
1004242,102210,-35,12,12,Active,0
1006255,105572,-40,6,12,Active,0
1004599,107658,-11,24,17,Active,0
1000829,101287,-21,36,20,Active,0
1001735,107199,-7,36,29,Active,0
1006419,100807,-35,36,30,Active,0
1006263,108896,-6,36,23,Active,0
1008869,106984,-20,6,16,Active,0
1009432,109409,-20,6,25,Active,0
1009018,201590,-47,24,10,Active,0
1001368,201809,-12,24,35,Active,0
1008131,104454,-47,24,8,Active,0
1006077,109496,-33,6,3,Active,0
1007509,107623,-3,6,4,Active,0
1004201,201655,-3,12,18,Active,0
1001126,201919,-20,36,13,Active,0
1002287,108954,-7,36,26,Active,0
1004557,105905,-24,24,7,Active,0
1004382,109872,-22,6,26,Active,0
1000434,201699,-21,24,25,Active,0
1009668,101336,-28,36,10,Active,5
1002711,103036,-13,36,31,Active,0
1005032,200371,-44,12,26,Active,0
1006270,107430,-19,24,16,Active,0
1000424,103042,-22,24,30,Active,0
1003708,105672,-3,6,8,Active,5
1006695,100990,-10,24,21,Active,0
1008172,200636,-40,36,13,Active,0
1000192,106569,-27,36,10,Active,0
1001791,100167,-17,36,26,Active,0
1008558,201268,-20,36,3,Active,0
1003352,103311,-38,6,26,Active,0
1002544,101827,-32,36,34,Active,0
1006266,200627,-46,24,17,Active,5
1005913,104702,-28,6,6,Active,5
1008112,200289,-41,6,25,Active,0
1001535,103411,-5,36,14,Active,0
1001220,103448,-15,12,26,Active,0
1005691,109223,-44,24,15,Active,0
1000483,101427,-44,6,33,Active,0
1009754,102136,-7,6,9,Active,0
1002641,102333,-13,36,2,Active,0
1007700,104302,-3,24,31,Active,0
1008240,104143,-24,12,32,Active,0
1002283,104115,-46,12,28,Active,0
1003042,200075,-13,36,6,Active,0
1004605,104032,-20,24,6,Active,0
1007690,102306,-34,24,35,Active,0
1007706,107387,-37,24,11,Active,0
1000552,104917,-3,36,35,Active,0
1002447,100847,-11,24,5,Active,0
1001956,101755,-47,12,1,Active,0
1002084,101130,-14,24,26,Active,0
1003690,105487,-22,24,22,Active,0
1003449,108040,-39,12,27,Active,0
1004197,201381,-2,36,0,Active,0
1003015,104260,-10,36,13,Active,0
1006634,200540,-27,24,7,Active,0
1003956,106230,-5,12,18,Active,0
1008614,201958,-28,12,35,Active,0
1005955,108277,-18,36,34,Active,5
1003900,107030,-5,24,4,Active,0
1009405,200291,-17,6,7,Active,0
1000782,103093,-4,12,19,Active,0
1006856,109182,-8,6,11,Active,0
1002633,105092,-7,12,33,Active,0
1009583,108527,-43,24,15,Active,0
1007021,201823,-9,36,29,Active,0
1005472,201272,-43,6,24,Active,0
1009905,108895,-28,6,25,Active,0
1007174,106084,-34,36,17,Active,0
1006872,106637,-43,6,27,Active,0
1005693,201527,-1,12,2,Active,5
1009319,107658,-22,6,7,Active,0
1000421,105029,-26,6,31,Active,0
1006905,101999,-18,6,23,Active,0
1000129,107884,-4,24,31,Active,0
1005791,109330,-10,6,10,Active,0
1006338,105497,-28,36,16,Active,0
1000893,107346,-38,6,4,Active,0
1006140,101448,-38,6,14,Active,0
1008006,108161,-44,24,2,Active,0
1007582,104316,-2,36,15,Active,0
1005009,104767,-33,36,0,Active,0
1006187,200098,-38,36,18,Active,0
1002673,107795,-31,24,33,Active,0
1006439,201445,-16,6,23,Active,0
1006361,104358,-8,36,4,Active,0
1008580,100297,-17,6,3,Active,0
1001418,102077,-31,6,11,Active,0
1003102,104789,-16,36,7,Active,0
1008149,109119,-7,6,23,Active,0
1008963,102131,-31,12,3,Active,0
1007536,104805,-41,24,30,Active,0
1006742,100186,-31,36,32,Active,0
1004436,103087,-25,6,12,Active,0
1005783,105390,-28,12,10,Active,0
1001087,103407,-22,12,6,Active,0
1006224,200637,-38,24,0,Active,0
1006191,106589,-2,36,15,Active,0
1006791,102956,-9,6,4,Active,0
1007320,103128,-42,24,8,Active,0
1003624,201994,-13,24,34,Active,0
1009186,201249,-36,36,15,Active,0
1008571,200824,-34,24,27,Active,0
1004164,100294,-12,24,2,Active,0
1000606,108832,-21,36,35,Active,5
1001562,106415,-20,12,1,Active,0
1009465,109877,-2,12,5,Active,0
1009731,103496,-31,6,29,Active,0
1008910,100677,-40,6,32,Active,0
1008187,105098,-39,6,1,Active,0
1009260,109708,-13,12,14,Active,0
1006364,108190,-17,36,7,Active,0
1004870,101598,-15,36,21,Active,0
1000554,102546,-9,6,9,Active,0
1003034,105867,-3,6,35,Active,0
1008087,100933,-2,12,24,Active,0
1009710,104052,-41,24,15,Active,0
1009675,108775,-7,36,0,Active,0
1005739,102733,-46,36,5,Active,0
1001016,109456,-32,12,25,Active,0
1003353,102290,-24,12,6,Active,0
1000485,100311,-12,24,9,Active,0
1007927,103845,-30,36,11,Active,0
1001961,107280,-29,12,27,Active,5
1004818,200845,-5,24,11,Active,0
1009681,200322,-18,36,0,Active,0
1009949,103528,-46,12,35,Active,0
1008305,201784,-37,24,26,Active,0
1003038,105117,-20,6,5,Active,0
1005269,105060,-12,24,33,Active,0
1007490,103366,-36,36,13,Active,0
1003463,107924,-11,24,8,Active,0
1009952,102521,-26,6,24,Active,0
1004114,109380,-16,24,23,Active,0
1001436,200297,-12,36,9,Active,0
1008507,107828,-22,36,14,Active,0
1007336,200633,-38,36,5,Active,0
1001534,106738,-41,36,7,Active,0
1002313,105330,-42,36,16,Active,0
1003132,107372,-44,6,10,Active,0
1003351,105030,-15,24,22,Active,0
1007490,103366,-42,36,23,Active,0
1009380,103019,-20,12,8,Active,5
1000867,201587,-34,12,12,Active,0
1000637,103818,-17,12,32,Active,0
1005588,101844,-36,12,13,Active,0
1007844,100511,-4,24,2,Active,0
1000858,105394,-3,12,10,Active,0
1006398,108102,-15,36,16,Active,0
1005764,103328,-2,6,10,Active,0
1002798,201792,-4,36,18,Active,0
1005133,103242,-9,12,29,Active,0
1002347,101441,-11,6,33,Active,0
1008420,102879,-43,6,8,Active,0
1008315,200383,-37,6,27,Active,0
1006769,104409,-46,12,24,Active,0
1005367,105053,-2,24,12,Active,0
1004512,103675,-27,24,25,Active,0
1001309,108177,-42,6,2,Active,0
1007075,109413,-4,36,3,Active,0
1005180,105062,-22,6,5,Active,0
1006620,108635,-41,6,26,Active,0
1008152,103937,-26,36,33,Active,0
1007631,103042,-5,12,9,Active,0
1007509,107623,-8,24,10,Active,0
1004184,101609,-23,36,24,Active,0
1002640,107914,-39,6,29,Active,0
1001928,105829,-2,24,28,Active,0
1000189,102047,-9,6,15,Active,0
1009164,106978,-30,6,31,Active,0
1004346,105898,-26,6,8,Active,0
1007684,101389,-1,36,24,Active,0
1007737,109314,-18,6,1,Active,0
1007534,106327,-11,36,32,Active,0
1008726,108912,-27,12,19,Active,0
1003008,100492,-43,6,23,Active,0
1006232,105635,-16,24,26,Active,0
1006921,201900,-31,36,34,Active,0
1007345,106042,-16,24,18,Active,0
1009332,102712,-19,24,19,Active,0
1005685,102501,-22,24,23,Active,0
1003971,201329,-22,36,16,Active,0
1006356,107574,-17,12,22,Active,0
1007540,200140,-40,36,13,Active,0
1009922,201623,-12,36,2,Active,0
1009467,200779,-25,36,10,Active,0
1009700,100036,-5,24,28,Active,0
1001750,104618,-46,24,30,Active,0
1007006,107948,-15,36,8,Active,0
1007935,104636,-28,12,20,Active,0
1006728,107735,-43,24,11,Active,0
1000051,104208,-21,12,16,Active,0
1006696,104809,-3,36,11,Active,0
1008724,201818,-40,12,26,Active,0
1001429,108341,-40,36,19,Active,0
1000824,200406,-14,24,34,Active,0
1008567,100572,-44,6,21,Active,0
1002455,103138,-44,24,19,Active,0
1003906,101919,-38,36,17,Active,0
1004394,200812,-2,6,19,Active,0
1003245,201282,-22,24,3,Active,0
1008221,103631,-43,6,23,Active,0
1000274,106528,-7,36,17,Active,0
1008603,101736,-34,12,22,Active,0
1009205,105021,-27,36,7,Active,0
1001345,102254,-36,12,31,Active,0
1005955,108277,-31,6,1,Active,0
1007425,100150,-24,12,34,Active,0
1006613,100340,-6,6,4,Active,0
1008407,107385,-32,36,19,Active,0
1001987,201250,-9,12,7,Active,0
1006615,106651,-26,6,10,Active,0
1004237,201146,-10,36,19,Active,0
1009092,101319,-26,12,24,Active,0
1009180,201961,-40,24,17,Active,0
1002851,201462,-27,24,8,Active,0
1008893,104573,-47,6,8,Active,0
1008494,109696,-34,12,31,Active,0
1000822,201045,-42,36,17,Active,0
1001595,101384,-29,12,34,Active,0
1009550,101839,-43,36,32,Active,0
1000497,102947,-17,12,2,Active,0
1008116,109247,-36,12,24,Active,0
1005061,201191,-27,36,20,Active,0
1003897,106164,-11,36,24,Active,0
1009223,201667,-33,36,28,Active,0
1007853,201888,-1,6,18,Active,0
1004504,104282,-38,36,2,Active,0
1008907,104067,-43,24,13,Active,0
1005655,107611,-16,6,3,Active,0
1007270,105640,-41,12,12,Active,0
1003331,200506,-39,6,4,Active,0
1006649,101624,-10,36,29,Active,0
1007101,201814,-36,36,13,Active,0
1006558,102783,-35,6,22,Active,0
1001244,102193,-15,6,25,Active,0
1004145,101408,-8,36,8,Active,0
1001422,103802,-25,36,13,Active,0
1005079,200519,-33,12,28,Active,0
1002710,103694,-18,12,14,Active,0
1003016,102849,-3,6,29,Active,0
1000322,200347,-21,36,10,Active,0
1004555,201838,-9,36,15,Active,0
1005272,108255,-32,24,8,Active,0
1009331,108526,-17,36,23,Active,0
1001958,200591,-2,6,27,Active,0
1002173,100975,-1,6,34,Active,0
1003997,106822,-1,6,27,Active,0
1003065,201600,-40,36,19,Active,0
1006154,109677,-2,24,21,Active,0
1007096,100185,-6,6,29,Active,0
1000617,101660,-38,12,27,Active,0
1008430,100204,-2,6,18,Active,0
1009852,103661,-20,24,8,Active,0
1001242,105723,-30,12,9,Active,0
1002163,200840,-3,36,20,Active,0
1009654,100988,-27,24,9,Active,0
1005909,104329,-14,24,25,Active,0
1008172,200636,-16,36,10,Active,0
1006244,106418,-8,36,17,Active,0
1009412,103600,-27,36,34,Active,0
1003543,109820,-35,12,13,Active,0
1004412,103999,-3,24,33,Active,0
1007126,109716,-15,24,24,Active,5
1003575,200717,-10,36,2,Active,0
1002939,103535,-26,6,29,Active,0
1006697,200887,-17,12,1,Active,0
1006699,105613,-40,36,25,Active,0
1009537,100680,-42,12,12,Active,0
1001448,104078,-9,6,34,Active,0
1000576,100561,-47,24,8,Active,5
1006440,200683,-2,6,33,Active,0
1002931,105879,-1,6,17,Active,0
1007474,102427,-4,24,18,Active,0
1003908,109031,-4,36,34,Active,0
1007347,108054,-24,12,0,Active,0
1006832,104370,-11,12,9,Active,0
1006957,103950,-29,36,27,Active,0
1008872,108232,-12,12,23,Active,0
1004603,109091,-24,6,14,Active,0
1009906,106999,-32,24,3,Active,0
1003979,105755,-15,12,3,Active,0
1007078,104632,-3,36,33,Active,0
1000412,102266,-22,6,9,Active,0
1003774,107251,-22,6,11,Active,0
1004364,105302,-9,6,7,Active,0
1009888,101335,-20,12,7,Active,0
1003958,106703,-29,36,11,Active,0
1004513,108719,-28,36,10,Active,0
1003398,100386,-8,36,7,Active,0
1007962,201058,-45,6,8,Active,0
1005923,108384,-10,36,17,Active,0
1005610,107480,-37,6,0,Active,0
1007534,106327,-22,24,22,Active,0
1005404,102030,-11,36,21,Active,0
1009358,106607,-35,36,0,Active,0
1003835,108745,-25,12,24,Active,0
1000811,200855,-25,24,4,Active,0
1001919,103756,-40,36,30,Active,0
1009164,106978,-9,36,28,Active,0
1002837,201432,-34,36,10,Active,0
1003203,109294,-24,24,35,Active,0
1004178,103774,-1,12,6,Active,0
1005097,102810,-31,36,30,Active,0
1001638,105457,-32,24,19,Active,0
1005377,101676,-16,6,32,Active,0
1004691,107119,-12,36,32,Active,0
1001079,105622,-24,12,18,Active,0
1005784,105296,-17,36,14,Active,0
1007251,109068,-12,6,33,Active,0
1009545,101472,-42,6,7,Active,0
1003321,200632,-47,36,3,Active,0
1007617,105161,-35,6,8,Active,0
1000162,107354,-38,12,13,Active,0
1009802,201216,-7,12,30,Active,0
1009115,105952,-40,36,0,Active,0
1007392,201359,-17,12,5,Active,0
1007521,200316,-17,24,10,Active,0
1007894,109617,-35,36,4,Active,0
1009345,106846,-7,24,3,Active,0
1004066,104187,-37,36,28,Active,0
1009473,100582,-25,36,25,Active,5
1002434,102255,-14,24,3,Active,0
1007545,105954,-31,6,6,Active,0
1009512,105288,-47,24,25,Active,0
1005550,105181,-32,6,28,Active,0
1005741,105069,-37,24,35,Active,0
1008514,104923,-44,24,0,Active,0
1007242,201848,-14,6,13,Active,0
1003316,109108,-9,6,14,Active,0
1009615,200429,-35,12,15,Active,0
1008248,105622,-28,12,9,Active,0
1000567,107816,-10,24,34,Active,0
1008800,100636,-20,12,2,Active,0
1003588,100894,-27,36,28,Active,0
1008771,101063,-3,24,8,Active,0
1004422,104669,-12,6,22,Active,0
1000844,201617,-36,24,29,Active,0
1006994,201718,-4,12,6,Active,0
1003166,104194,-34,24,0,Active,0
1005071,102758,-19,36,5,Active,0
1008747,109012,-37,6,1,Active,0
1007429,104220,-45,36,12,Active,0
1003986,200425,-30,12,2,Active,0
1004700,106691,-45,12,17,Active,0
1007234,102786,-31,12,7,Active,5
1000696,104120,-15,6,18,Active,0
1007249,103554,-20,36,32,Active,0
1005952,103937,-16,6,30,Active,0
1003778,104505,-26,24,31,Active,0
1005652,109060,-27,6,31,Active,0
1005534,107926,-16,12,28,Active,0
1002996,105486,-33,12,31,Active,0
1007031,105156,-39,12,2,Active,0
1006932,108995,-12,6,19,Active,0
1008639,102484,-29,24,29,Active,0
1006838,200177,-2,12,29,Active,0
1003909,109504,-8,24,32,Active,0
1002181,109749,-29,12,1,Active,0
1009248,101864,-14,12,21,Active,0
1003102,104789,-19,6,13,Active,5
1008335,106008,-34,36,13,Active,0
1002700,109499,-43,12,17,Active,5
1004902,102499,-36,24,19,Active,0
1003551,105464,-39,24,23,Active,0
1005903,107568,-32,24,17,Active,0
1009536,107419,-10,36,8,Active,0
1007024,200601,-1,12,14,Active,0
1006681,105761,-4,6,24,Active,0
1001994,101580,-12,6,20,Active,0
1009000,101421,-47,24,21,Active,0
1008993,107020,-11,36,22,Active,0
1002412,105677,-29,12,21,Active,0
1000869,106196,-39,12,11,Active,0
1004341,107975,-37,6,25,Active,0
1002027,103783,-45,6,8,Active,0
1004315,103752,-35,24,29,Active,0
1004658,104250,-34,36,28,Active,0
1003217,103774,-1,36,14,Active,0
1004118,101490,-32,12,23,Active,0
1007090,106964,-4,12,5,Active,0
1001980,102630,-36,12,20,Active,0
1004615,108143,-8,12,30,Active,0
1009654,100988,-4,36,10,Active,0
1007176,106039,-13,6,20,Active,0
1001824,107848,-17,36,35,Active,0
1003962,101580,-41,36,4,Active,0
1005340,200520,-9,6,24,Active,0
1002286,107620,-28,6,5,Active,0
1002740,108117,-15,24,26,Active,0
1003263,200433,-17,36,18,Active,0
1002759,200907,-17,6,11,Active,0
1004966,108886,-13,24,30,Active,0
1007054,104730,-39,6,35,Active,0
1008525,201706,-2,36,2,Active,0
1006135,108995,-25,24,0,Active,0
1001362,201366,-6,36,34,Active,0
1000252,101120,-23,12,23,Active,0
1006842,103396,-28,12,7,Active,0
1007181,200677,-9,12,28,Active,0
1004923,106447,-2,24,6,Active,0
1007702,201967,-5,36,18,Active,0
1006700,103752,-31,6,16,Active,0
1003175,201678,-23,36,15,Active,0
1006506,104024,-10,24,1,Active,0
1000554,102546,-23,12,0,Active,0
1004567,107464,-13,12,6,Active,0
1003779,106342,-47,36,34,Active,0
1000008,105958,-6,6,13,Active,0
1006788,103455,-22,12,0,Active,0
1006248,105554,-47,6,6,Active,0
1006957,103950,-35,24,10,Active,0
1008759,106800,-39,12,19,Active,0
1008209,100958,-23,36,31,Active,0
1003370,103251,-23,12,14,Active,0
1003903,108764,-1,12,33,Active,0
1003692,103073,-19,24,35,Active,0
1008258,102745,-13,24,13,Active,0
1008592,109314,-5,24,2,Active,0
1005271,100001,-18,24,20,Active,0
1007364,100634,-32,24,33,Active,0
1006132,105287,-42,24,8,Active,0
1007359,106445,-25,36,6,Active,0
1000964,108783,-17,12,18,Active,0
1003871,107122,-20,12,28,Active,0
1003300,200633,-2,24,25,Active,0
1000252,101120,-23,12,28,Active,0
1004178,103774,-25,6,3,Active,0
1009248,101864,-38,24,16,Active,0
1009272,102543,-9,36,27,Active,0
1000911,105875,-18,36,25,Active,0
1007147,107856,-3,12,10,Active,0
1009399,107735,-20,36,34,Active,0
1009105,103684,-23,36,4,Active,0
1007087,104685,-2,36,34,Active,0
1001951,100396,-5,36,29,Active,0
1006410,201888,-11,6,20,Active,5
1009836,100119,-33,36,15,Active,0
1001054,104371,-23,6,32,Active,0
1009030,106855,-20,36,6,Active,0
1001062,200231,-17,6,27,Active,0
1007030,103781,-19,6,7,Active,0
1002082,100554,-44,12,31,Active,0
1009757,107696,-12,6,0,Active,0
1009122,105441,-28,12,0,Active,0
1009894,200842,-14,24,24,Active,0
1003093,201153,-6,6,34,Active,0
1007682,107591,-44,12,13,Active,0
1007623,101450,-36,12,28,Active,0
1008859,100190,-39,6,33,Active,0
1001204,102729,-13,24,33,Active,0
1003644,101790,-32,36,18,Active,0
1005020,101853,-35,24,14,Active,0
1006231,105333,-43,6,21,Active,0
1007392,201359,-18,36,1,Active,0
1005613,105096,-19,6,11,Active,0
1005807,104222,-35,12,26,Active,0
1009991,200056,-1,6,10,Active,0
1009745,101219,-20,12,25,Active,0
1009530,103340,-20,24,23,Active,0
1001586,109314,-47,24,33,Active,0
1005476,201311,-5,24,28,Active,0
1008017,105235,-30,36,21,Active,0
1002019,200534,-20,12,29,Active,0
1009756,201323,-17,36,35,Active,0
1000794,107870,-43,6,24,Active,0
1000326,102000,-35,6,21,Active,0
1006218,108813,-46,24,24,Active,0
1007840,200032,-6,24,34,Active,0
1000786,200029,-25,6,32,Active,0
1009677,104215,-28,24,23,Active,0
1007365,200472,-39,12,25,Active,0
1004916,102802,-31,36,21,Active,0
1009361,105052,-32,36,19,Active,0
1008143,105586,-10,6,19,Active,0
1000122,100910,-8,6,28,Active,0
1004050,108298,-38,12,25,Active,0
1008267,103081,-37,6,12,Active,0
1008716,105785,-26,12,17,Active,0
1004590,107561,-23,6,33,Active,0
1008848,100031,-36,36,17,Active,0
1003948,108636,-19,6,7,Active,0
1002668,107254,-8,24,22,Active,0
1008705,109732,-9,6,22,Active,0
1004834,103331,-29,36,5,Active,0
1002614,101584,-5,24,31,Active,0
1007778,104935,-43,12,0,Active,0
1008215,200848,-8,24,2,Active,0
1001206,200393,-18,6,14,Active,0
1006850,102886,-5,36,24,Active,0
1000955,100456,-26,6,28,Active,0
1001047,100334,-42,6,10,Active,0
1005395,200630,-22,6,24,Active,0
1002496,109188,-31,6,26,Active,0
1008143,105586,-11,6,5,Active,0
1007395,106505,-19,36,31,Active,0
1000969,109287,-30,36,3,Active,0
1007416,100097,-19,36,20,Active,0
1006327,109387,-43,6,13,Active,0
1001414,104730,-9,24,0,Active,0
1005682,108200,-32,24,17,Active,0
1002412,105677,-33,12,31,Active,0
1001024,109615,-28,24,29,Active,0
1007661,109320,-14,24,4,Active,0
1003795,103460,-38,12,18,Active,0
1005529,107894,-9,24,8,Active,0
1002611,100512,-19,6,23,Active,0
1005014,104161,-3,6,14,Active,0
1004096,105189,-39,24,14,Active,0
1002177,201773,-44,12,15,Active,0
1001226,107179,-30,36,28,Active,0
1000203,109444,-4,36,35,Active,0
1000528,102889,-23,12,1,Active,0
1005720,100852,-14,12,2,Active,0
1005309,100504,-10,24,11,Active,0
1000170,103032,-47,6,4,Active,0
1000122,100910,-42,12,31,Active,0
1006682,101869,-18,12,21,Active,0
1004202,103089,-5,12,19,Active,0
1001583,107297,-17,36,10,Active,0
1008975,101416,-41,12,23,Active,0
1006184,103361,-7,12,6,Active,0
1000322,200347,-36,6,25,Active,0
1008520,102790,-40,12,9,Active,0
1006456,102802,-19,6,16,Active,0
1006337,109259,-25,24,6,Active,0
1003445,109535,-12,6,26,Active,0
1003656,100071,-44,24,11,Active,0
1004251,107094,-11,24,4,Active,0
1002706,103874,-1,6,21,Active,0
1006259,200720,-15,12,19,Active,0
1005786,102210,-32,12,26,Active,0
1005395,200630,-46,6,6,Active,0
1006823,108964,-8,12,28,Active,0
1000214,105387,-38,6,27,Active,0
1008724,201818,-15,6,31,Active,0
1003783,106713,-27,6,18,Active,0
1005537,101651,-19,36,32,Active,0
1002736,104272,-11,12,20,Active,0
1001351,201476,-3,36,6,Active,0
1001139,201168,-4,36,24,Active,0
1006923,109526,-37,36,3,Active,0
1002426,106425,-34,24,11,Active,0
1004094,102853,-44,12,5,Active,0
1004165,108886,-9,36,6,Active,0
1006705,107100,-3,36,34,Active,0
1005927,106722,-43,36,2,Active,0
1006971,109435,-27,12,21,Active,0
1006704,107281,-43,6,33,Active,0
1006412,104600,-9,12,9,Active,0
1003606,100866,-3,36,30,Active,0
1007102,108839,-3,24,13,Active,0
1004590,107561,-47,6,16,Active,0
1000389,107100,-11,36,7,Active,0
1006713,107931,-1,6,25,Active,0
1006042,108504,-35,24,23,Active,0
1009849,106016,-33,24,3,Active,0
1008045,200141,-34,24,23,Active,0
1009331,108526,-45,6,16,Active,0
1003870,201155,-16,12,35,Active,0
1006585,201721,-35,36,10,Active,0
1008288,108738,-7,36,13,Active,0
1003643,102517,-19,24,26,Active,0
1005562,108218,-35,24,35,Active,0
1007189,102884,-33,36,14,Active,0
1002305,108759,-24,36,7,Active,0
1000482,107050,-24,6,32,Active,0
1000211,108577,-30,36,30,Active,0
1005840,101254,-1,36,8,Active,0
1001550,200225,-14,6,6,Active,0
1003106,102845,-47,6,12,Active,0
1005759,109414,-23,36,16,Active,0
1006063,104375,-45,12,30,Active,0
1001066,200222,-24,24,19,Active,0
1007667,107712,-4,12,19,Active,0
1000115,105173,-11,6,10,Active,0
1005836,101437,-46,6,29,Active,0
1008810,100982,-12,12,33,Active,0
1007648,102806,-44,12,9,Active,0
1002817,200334,-33,36,15,Active,0
1005001,105033,-30,36,12,Active,0
1001808,107935,-42,6,11,Active,0
1001664,106213,-19,12,18,Active,0
1006680,105629,-14,24,25,Active,0
1007699,102029,-40,12,21,Active,0
1008304,200498,-35,6,13,Active,0
1001420,101581,-28,24,30,Active,0
1007278,106301,-21,6,26,Active,0
1007835,103302,-37,36,9,Active,0
1005193,105192,-31,24,13,Active,0
1000519,105951,-42,36,11,Active,0
1006622,105590,-9,36,3,Active,0
1007681,106891,-29,12,14,Active,0
1001092,109699,-46,12,35,Active,0
1001470,108842,-40,24,26,Active,0
1005290,107573,-19,36,35,Active,0
1001797,106533,-1,36,16,Active,0
1001723,108001,-35,6,9,Active,0
1005552,104352,-17,6,34,Active,0
1004751,105351,-21,36,24,Active,0
1008383,103963,-46,36,12,Active,0
1003991,100827,-30,12,15,Active,0
1003557,101442,-40,36,35,Active,0
1005396,102538,-40,36,17,Active,0
1003876,200497,-2,36,14,Active,0
1008842,105065,-44,24,13,Active,0
1007454,201785,-10,36,33,Active,0
1007799,107752,-41,24,20,Active,0
1007640,103839,-2,36,10,Active,0
1006546,106800,-7,24,32,Active,5
1008830,105344,-28,6,29,Active,0
1003608,105686,-15,6,35,Active,0
1001486,109032,-33,36,16,Active,0
1007615,107555,-45,24,26,Active,0
1008665,201285,-3,6,27,Active,0
1001290,109303,-14,12,4,Active,0
1009772,100367,-47,24,8,Active,0
1009680,106185,-40,12,25,Active,0
1000120,104192,-15,24,14,Active,0
1000021,201029,-30,24,34,Active,0
1006779,109522,-19,12,13,Active,0
1005285,100595,-40,12,10,Active,0
1000892,103526,-24,24,20,Active,0
1007243,107272,-5,6,1,Active,0
1008839,100692,-8,36,18,Active,0
1003250,106768,-7,12,30,Active,0
1003218,201822,-13,6,5,Active,0
1005427,107981,-3,24,3,Active,0
1006836,103379,-20,36,9,Active,0
1009656,108616,-44,36,33,Active,0
1005343,100045,-44,36,14,Active,0
1000422,109666,-28,12,19,Active,0
1000591,105538,-35,12,27,Active,0
1004426,107691,-13,24,21,Active,0
1007608,201874,-42,36,21,Active,0
1003707,108535,-1,6,28,Active,0
1002706,103874,-25,6,11,Active,0
1005005,201008,-30,36,31,Active,0
1009263,200623,-31,6,14,Active,0
1005759,109414,-40,36,25,Active,0
1006330,109342,-24,36,22,Active,0
1005131,100399,-42,12,6,Active,0
1002869,101296,-45,24,4,Active,0
1002235,101279,-29,24,32,Active,0
1006994,201718,-25,12,25,Active,0
1003808,105819,-8,36,14,Active,0
1006718,106488,-12,24,15,Active,0
1007361,102635,-11,24,31,Active,0
1006835,105237,-7,36,13,Active,0
1007920,109191,-41,6,22,Active,0
1005060,201478,-15,6,6,Active,0
1004944,107651,-1,6,33,Active,0
1001352,102761,-45,36,9,Active,0
1006112,201433,-46,24,6,Active,0
1006925,101255,-29,6,2,Active,0
1007159,109812,-10,6,18,Active,0
1000758,108103,-24,12,17,Active,0
1001261,103936,-8,6,10,Active,0
1000490,101719,-18,24,24,Active,0
1003288,108611,-42,12,20,Active,0
1009722,103406,-32,24,11,Active,0
1009696,100017,-34,36,23,Active,0
1006542,106351,-46,24,16,Active,0
1006177,103389,-6,36,22,Active,0
1000533,103961,-26,24,2,Active,0
1004365,201922,-35,6,1,Active,0
1006678,200935,-25,24,15,Active,0
1000133,105024,-21,36,5,Active,0
1001866,109893,-38,36,1,Active,0
1000329,101994,-44,36,25,Active,0
1006768,107055,-20,24,7,Active,0
1005531,201433,-47,36,16,Active,0
1009546,103316,-8,6,26,Active,0
1002515,107057,-15,36,6,Active,0
1008783,105835,-2,6,11,Active,0
1005110,201050,-32,6,35,Active,0
1007285,107001,-44,6,24,Active,0
1003971,201329,-18,24,4,Active,0
1009106,103491,-25,6,14,Active,0
1009779,109925,-7,12,30,Active,0
1004640,106389,-41,12,20,Active,0
1001446,108316,-37,12,26,Active,0
1007738,105075,-30,36,2,Active,0
1002397,107111,-41,6,33,Active,0
1008220,100736,-36,24,23,Active,0
1008472,201469,-1,24,33,Active,0
1000035,101409,-13,6,23,Active,0
1002312,108645,-10,36,11,Active,0
1006033,102498,-5,36,18,Active,0
1002557,108380,-44,24,20,Active,0
1007410,200764,-24,36,4,Active,0
1001456,101613,-32,24,28,Active,0
1003438,107956,-10,6,9,Active,0
1003836,101480,-6,12,15,Active,0
1002422,108827,-47,36,9,Active,0
1001225,104989,-38,36,16,Active,0
1006356,107574,-15,6,9,Active,0
1007270,105640,-37,24,8,Active,0
1004763,104525,-12,6,24,Active,0
1008650,106380,-31,6,25,Active,0
1000705,102600,-38,36,26,Active,0
1003846,200740,-15,12,14,Active,0
1004427,104139,-27,12,30,Active,0
1008371,100912,-17,12,29,Active,0
1006612,102386,-35,36,9,Active,0
1009773,100514,-29,6,35,Active,0
1003369,105066,-1,12,19,Active,0
1003658,107888,-22,6,6,Active,0
1006420,107307,-17,6,12,Active,0
1004014,107488,-10,6,2,Active,0
1007248,108286,-20,36,31,Active,0
1002357,109856,-10,12,33,Active,0
1001550,200225,-29,24,6,Active,0
1003366,102653,-27,36,19,Active,0
1006155,109060,-7,12,21,Active,0
1004210,109181,-1,36,27,Active,0
1009090,200627,-13,12,19,Active,0
1009995,106302,-38,36,16,Active,0
1007499,200507,-43,12,15,Active,0
1008774,104724,-45,36,3,Active,0
1004439,100567,-42,6,27,Active,0
1003378,108963,-30,12,31,Active,0
1007662,107049,-11,12,29,Active,0
1009948,104430,-6,36,14,Active,0
1002448,201173,-5,6,21,Active,0
1004625,105652,-34,12,6,Active,0
1002820,101405,-9,36,21,Active,0
1000808,104613,-25,12,2,Active,0
1004991,107805,-23,12,4,Active,0
1008141,200906,-47,36,5,Active,0
1006790,200371,-25,6,8,Active,0
1009073,200891,-22,36,8,Active,0
1008153,200221,-2,6,23,Active,0
1003639,106618,-40,36,11,Active,0
1003561,200846,-23,36,11,Active,0
1009557,109947,-11,12,22,Active,0
1002193,106599,-27,6,18,Active,0
1005981,101933,-18,12,34,Active,0
1007774,103491,-19,6,7,Active,0
1002417,100187,-25,6,27,Active,0
1000667,103919,-15,12,4,Active,0
1009356,108053,-14,12,24,Active,0
1002807,103382,-45,24,2,Active,0
1000066,105982,-47,12,18,Active,0
1003768,105145,-7,12,32,Active,0
1004129,103365,-17,36,22,Active,0
1002163,200840,-26,36,34,Active,0
1002746,109632,-27,36,16,Active,0
1000011,200498,-29,12,7,Active,0
1002770,102649,-29,24,26,Active,0
1008579,107260,-19,6,28,Active,0
1009665,107558,-41,12,16,Active,0
1005182,101832,-44,12,0,Active,0
1003386,108927,-39,24,23,Active,0
1009319,107658,-27,12,11,Active,0
1000773,103846,-8,36,6,Active,0
1004538,201701,-12,36,13,Active,0
1008990,107010,-23,36,24,Active,0
1001813,106686,-3,36,23,Active,0
1007325,100207,-42,24,15,Active,0
1003189,106720,-8,36,4,Active,0
1000528,102889,-29,36,31,Active,0
1003577,105545,-10,6,18,Active,0
1007258,201999,-15,12,6,Active,0
1004406,104543,-27,36,29,Active,0
1003856,105856,-38,12,30,Active,0
1009751,105349,-28,6,18,Active,0
1004771,201068,-31,24,33,Active,0
1007284,200701,-7,36,31,Active,0
1005129,106578,-27,36,27,Active,0
1000732,105279,-19,36,18,Active,0
1007632,200637,-1,36,1,Active,0
1005707,104165,-8,6,29,Active,0
1009293,105051,-16,6,18,Active,0
1005952,103937,-5,36,21,Active,0
1006406,106006,-38,12,15,Active,0
1007271,109826,-38,36,1,Active,0
1001864,102888,-18,36,31,Active,0
1007004,106933,-15,6,11,Active,0
1002961,106898,-25,12,13,Active,0
1003220,104250,-27,36,24,Active,0
1009017,106532,-10,24,24,Active,0
1003290,106881,-36,12,6,Active,0
1003786,104453,-7,24,20,Active,0
1000349,108138,-6,12,23,Active,0
1009944,102387,-45,12,16,Active,0
1009156,201391,-2,24,0,Active,0
1005755,200242,-33,36,2,Active,0
1009313,103977,-36,6,35,Active,0
1009702,101670,-18,6,5,Active,0
1007399,106594,-47,36,21,Active,0
1009884,100655,-16,24,27,Active,0
1002972,201482,-22,6,31,Active,0
1000520,200911,-27,36,7,Active,0
1004109,108097,-12,24,29,Active,0
1002024,201609,-30,24,29,Active,0
1005024,201323,-9,24,14,Active,0
1003040,101467,-17,36,2,Active,0
1009875,104448,-37,36,19,Active,0
1008488,107475,-5,12,33,Active,0
1000650,107142,-13,6,9,Active,0
1008281,104776,-37,6,20,Active,0
1006828,101272,-7,24,33,Active,0
1008002,102862,-3,36,2,Active,0
1005532,101108,-38,24,18,Active,0
1008258,102745,-1,12,17,Active,0
1003618,105009,-14,36,33,Active,0
1008806,107553,-45,6,26,Active,0
1000772,200480,-8,12,33,Active,0
1002420,101633,-3,36,20,Active,0
1002888,201202,-16,36,4,Active,0
1002971,201600,-4,24,16,Active,0
1001307,107874,-38,24,17,Active,0
1004909,109415,-42,36,6,Active,0
1007010,102881,-29,36,3,Active,0
1006988,201496,-19,6,7,Active,0
1000550,108317,-46,24,23,Active,0
1005085,109709,-20,6,21,Active,0
1000139,108200,-10,36,3,Active,0
1007665,100019,-11,36,9,Active,0
1008771,101063,-5,12,23,Active,0
1005384,104532,-28,24,28,Active,0
1003477,109999,-1,6,3,Active,0
1001103,101879,-34,36,14,Active,0
1005578,109084,-35,36,10,Active,0
1004754,101985,-26,12,7,Active,0
1007590,201382,-9,24,22,Active,0
1003260,108044,-35,24,27,Active,0
1005557,102686,-32,24,22,Active,0
1009867,108641,-6,24,26,Active,0
1007578,107665,-31,12,8,Active,0
1005300,102309,-21,36,23,Active,0
1000695,201314,-9,6,23,Active,0
1005159,108060,-27,12,16,Active,0
1004669,105937,-43,12,3,Active,0
1000294,109221,-5,6,6,Active,0
1000612,107948,-30,24,16,Active,0
1000589,201067,-34,6,14,Active,0
1006126,104206,-20,36,28,Active,0
1005195,104217,-12,6,20,Active,0
1009609,109364,-41,6,2,Active,0
1006184,103361,-15,12,16,Active,0
1001831,106775,-16,12,33,Active,0
1004169,100145,-4,12,21,Active,0
1003159,101888,-43,36,26,Active,0
1000479,104561,-16,6,18,Active,0
1001861,104663,-45,6,30,Active,0
1009633,105628,-20,24,16,Active,0
1006238,102158,-11,6,17,Active,0
1004507,106741,-33,24,9,Active,0
1008922,107342,-32,36,21,Active,0
1000112,108926,-30,12,7,Active,0
1001640,200113,-23,6,2,Active,0
1008927,105380,-10,36,9,Active,0
1005987,103484,-14,6,15,Active,0
1004667,100963,-29,24,16,Active,0
1002083,103531,-2,12,3,Active,0
1009008,201608,-19,12,29,Active,0
1005423,107316,-36,36,16,Active,0
1007367,108069,-29,36,33,Active,0
1004829,105351,-15,36,23,Active,0
1006837,103922,-44,6,6,Active,0
1007831,108743,-31,12,19,Active,0
1009665,107558,-13,36,5,Active,0
1002598,106855,-13,24,13,Active,0
1001716,106308,-25,36,28,Active,0
1002944,106484,-11,6,9,Active,5
1006000,108449,-20,24,24,Active,0
1000082,105906,-2,36,12,Active,0
1009134,103910,-15,12,13,Active,0
1000285,100885,-20,6,32,Active,0
1005270,100357,-4,6,7,Active,0
1000021,201029,-28,12,1,Active,0
1008445,200956,-43,36,25,Active,0
1000369,107022,-8,12,32,Active,0
1004069,109521,-8,12,13,Active,0
1009100,201818,-31,24,7,Active,0
1004902,102499,-18,36,0,Active,0
1009731,103496,-16,24,35,Active,0
1006575,100909,-33,6,20,Active,0
1001607,101462,-34,12,20,Active,0
1006228,103108,-5,6,0,Active,0
1002939,103535,-17,24,26,Active,5
1008122,103768,-31,24,19,Active,0
1001975,108733,-3,12,3,Active,0
1000119,108741,-34,6,27,Active,0
1002158,109963,-10,24,30,Active,0
1007332,107459,-14,6,25,Active,0
1008951,109607,-37,6,33,Active,0
1009161,103024,-13,36,14,Active,0
1004492,103148,-14,36,13,Active,0
1001308,100487,-10,24,10,Active,0
1005759,109414,-30,36,16,Active,0
1002227,200566,-10,36,9,Active,0
1000136,201210,-23,12,27,Active,0
1002859,105227,-24,36,34,Active,0
1000164,100318,-31,12,29,Active,0
1001376,103377,-39,24,5,Active,0
1005858,109130,-28,36,15,Active,0
1006175,100297,-9,12,4,Active,0
1003636,100777,-30,36,8,Active,0
1006480,104576,-43,24,28,Active,0
1002874,104801,-2,6,4,Active,0
1003003,106913,-2,24,13,Active,0
1008814,102448,-28,36,14,Active,0
1000097,102942,-10,12,5,Active,0
1002135,107754,-37,36,17,Active,0
1005624,106885,-36,24,10,Active,0
1009585,106125,-38,12,24,Active,0
1005437,201421,-28,6,6,Active,0
1005577,102345,-42,12,14,Active,0
1009836,100119,-39,12,18,Active,0
1001737,108385,-28,6,1,Active,0
1004845,102827,-3,6,13,Active,0
1000435,107596,-6,12,18,Active,0
1001208,102875,-46,6,30,Active,0
1006730,105832,-5,6,8,Active,0
1005443,105826,-26,24,33,Active,0
1001364,105590,-19,6,8,Active,0
1002824,109172,-12,6,17,Active,0
1003048,104764,-2,6,11,Active,0
1004503,106056,-39,36,15,Active,0
1008920,106697,-31,24,24,Active,0
1000393,102545,-26,24,15,Active,0
1005232,109678,-38,36,30,Active,0
1006864,200634,-35,24,15,Active,0
1005976,102677,-12,6,19,Active,0
1000028,100764,-19,36,5,Active,0
1001462,201089,-22,12,1,Active,0
1009418,200904,-44,24,17,Active,0
1009779,109925,-46,12,8,Active,0
1007944,100943,-34,12,12,Active,0
1001890,200842,-44,36,15,Active,0
1008759,106800,-25,6,30,Active,0
1009282,106287,-41,24,27,Active,0
1003004,105960,-16,36,7,Active,0
1001204,102729,-12,6,11,Active,0
1005290,107573,-40,6,21,Active,0
1003213,108098,-5,24,19,Active,0
1005029,109844,-18,6,25,Active,0
1001220,103448,-26,6,35,Active,0
1007151,103040,-36,12,31,Active,0
1004942,105415,-6,24,30,Active,0
1008120,103869,-1,24,12,Active,0
1005296,103451,-42,6,14,Active,0
1007279,107886,-14,24,20,Active,0
1003025,109890,-5,24,9,Active,0
1008072,109251,-42,36,4,Active,0
1006715,101388,-17,12,4,Active,0
1008041,108582,-12,12,1,Active,0
1008964,101741,-6,6,14,Active,0
1000649,100632,-15,6,0,Active,0
1009794,201405,-33,12,27,Active,0
1000200,104417,-25,24,8,Active,0
1004144,200401,-7,6,13,Active,0
1000353,103156,-12,12,11,Active,0
1003056,100062,-27,12,12,Active,0
1006050,104607,-17,24,20,Active,0
1007400,200118,-16,24,6,Active,0
1008592,109314,-30,36,17,Active,0
1002335,201393,-1,12,17,Active,0
1009782,100449,-37,24,31,Active,0
1001688,108431,-29,12,22,Active,0
1009694,109668,-27,6,22,Active,0
1005821,103121,-41,36,31,Active,0
1008304,200498,-7,24,13,Active,0
1002099,105994,-45,6,29,Active,0
1002211,200419,-33,24,32,Active,0
1001290,109303,-47,24,22,Active,0
1009589,101656,-3,36,22,Active,0
1000148,201678,-41,12,8,Active,0
1003387,106627,-34,24,26,Active,0
1003619,106971,-4,24,26,Active,0
1000165,109141,-31,6,7,Active,0
1009741,102387,-1,24,8,Active,0
1003577,105545,-10,12,0,Active,0
1001429,108341,-42,24,30,Active,0
1009906,106999,-25,36,23,Active,0
1003018,200148,-10,12,15,Active,0
1000657,107446,-24,36,13,Active,0
1009614,103307,-34,12,8,Active,0
1006023,201363,-5,6,21,Active,0
1006018,100726,-42,24,6,Active,0
1006289,201197,-45,36,27,Active,0
1005570,108106,-32,12,10,Active,0
1004026,100303,-19,6,18,Active,0
1003073,108918,-13,36,1,Active,0
1005587,106389,-6,6,30,Active,0
1000885,102127,-14,6,25,Active,0
1001769,108634,-12,24,12,Active,0
1002758,108899,-5,24,20,Active,0
1009256,100440,-27,6,22,Active,0
1009343,109951,-10,6,16,Active,0
1004791,109279,-13,12,2,Active,0
1008433,107675,-35,36,33,Active,0
1000772,200480,-7,6,28,Active,0
1004161,104618,-6,12,29,Active,0
1002610,109049,-2,36,33,Active,0
1007937,101312,-29,6,9,Active,0
1005278,104020,-6,12,15,Active,0
1001827,200001,-1,6,3,Active,0
1000561,103241,-15,6,14,Active,0
1000775,201777,-20,24,33,Active,0
1004186,102508,-16,6,32,Active,0
1000373,201578,-42,12,23,Active,0
1002821,102436,-37,36,12,Active,0
1007658,108726,-20,6,14,Active,0
1007218,106142,-11,12,17,Active,0
1003625,104734,-44,24,4,Active,0
1003323,106393,-24,6,35,Active,0
1001446,108316,-19,24,0,Active,0
1006020,201251,-17,12,27,Active,0
1007947,109445,-28,6,2,Active,0
1005174,103238,-24,24,34,Active,0
1001614,201293,-36,6,35,Active,0
1002761,106422,-26,12,17,Active,0
1007170,103498,-24,12,7,Active,0
1009985,200244,-13,36,14,Active,0
1000146,104383,-9,6,9,Active,0
1007889,106337,-3,24,0,Active,5
1001517,100880,-33,24,20,Active,0
1007349,101615,-7,12,1,Active,0
1003019,102814,-38,24,34,Active,0
1000259,106795,-6,36,32,Active,0
1006332,104647,-19,12,2,Active,0
1008767,107273,-8,36,28,Active,0
1009484,102591,-46,24,22,Active,0
1002451,108305,-42,36,11,Active,0
1007107,105566,-29,6,17,Active,0
1001880,105920,-32,24,8,Active,0
1001702,101448,-21,36,9,Active,0
1002258,105935,-8,6,5,Active,0
1006191,106589,-22,12,6,Active,0
1004423,108721,-43,6,0,Active,0
1005772,100944,-26,36,24,Active,0
1009701,101554,-13,36,11,Active,0
1003998,106528,-47,12,17,Active,0
1004401,108866,-30,12,0,Active,0
1008525,201706,-22,12,6,Active,0
1003997,106822,-30,24,9,Active,0
1007521,200316,-17,12,6,Active,0
1009640,101126,-6,6,35,Active,0
1005153,107800,-19,24,2,Active,0
1003970,103665,-30,12,25,Active,0
1008110,103187,-16,36,6,Active,0
1005273,103562,-8,24,27,Active,0
1008603,101736,-12,36,10,Active,0
1005931,105217,-23,6,10,Active,0
1002949,101510,-32,6,32,Active,0
1003936,107045,-30,12,6,Active,0
1004404,104599,-19,36,9,Active,0
1002891,106005,-32,12,25,Active,0
1007290,109317,-36,36,21,Active,5
1002800,108183,-9,36,29,Active,0
1001054,104371,-14,36,16,Active,0
1002895,201295,-47,12,7,Active,0
1003652,100449,-34,24,18,Active,0
1003870,201155,-46,36,27,Active,0
1004385,201309,-10,24,30,Active,0
1005199,201509,-22,36,15,Active,0
1001260,101809,-33,6,7,Active,0
1006448,101039,-10,36,18,Active,0
1009104,108155,-20,6,24,Active,0
1000028,100764,-29,12,11,Active,0
1008179,107083,-4,36,30,Active,0
1006615,106651,-32,24,17,Active,0
1004812,201013,-45,6,28,Active,0
1003427,100300,-46,12,31,Active,0
1006681,105761,-30,36,5,Active,0
1002868,105926,-38,6,3,Active,0
1009630,200952,-41,6,16,Active,0
1003529,107827,-45,24,19,Active,0
1004112,201790,-22,24,31,Active,0
1008414,105175,-26,24,8,Active,0
1004675,100555,-4,6,34,Active,0
1003144,108203,-43,6,0,Active,0
1009501,201052,-4,12,33,Active,0
1008869,106984,-28,36,3,Active,5
1003253,106405,-16,6,30,Active,0
1009340,108338,-28,12,2,Active,0
1004740,103615,-15,24,7,Active,0
1009442,107117,-3,36,26,Active,0
1003808,105819,-47,36,14,Active,0
1002594,109745,-32,12,8,Active,0
1001510,109261,-38,12,3,Active,0
1005075,107111,-11,12,24,Active,0
1008648,109459,-6,36,4,Active,0
1004402,106448,-35,12,15,Active,0
1003799,107453,-21,24,27,Active,0
1007542,107450,-42,12,0,Active,0
1009853,103684,-15,36,0,Active,0
1008406,106012,-20,6,28,Active,0
1002150,103743,-6,12,1,Active,0
1001374,109663,-10,12,18,Active,0
1005681,100923,-3,12,10,Active,0
1002771,100829,-15,24,9,Active,0
1003818,201631,-13,36,2,Active,0
1007105,200431,-23,36,22,Active,0
1006935,104032,-27,24,6,Active,0
1004588,103832,-18,36,12,Active,0
1009226,106933,-47,6,11,Active,0
1007869,106810,-26,24,0,Active,0
1004682,200369,-30,36,14,Active,0
1008021,106374,-21,36,26,Active,0
1002383,100104,-7,36,20,Active,0
1000997,101908,-38,36,34,Active,0
1007726,108224,-40,24,10,Active,0
1007875,106876,-33,36,11,Active,0
1007130,100639,-7,36,32,Active,0
1007901,105307,-8,6,29,Active,0
1003295,106750,-15,24,21,Active,0
1002906,105963,-33,24,22,Active,0
1007093,107252,-36,6,0,Active,0
1001010,102880,-8,24,12,Active,0
1005447,200816,-43,12,31,Active,0
1002090,100054,-38,36,25,Active,0
1001092,109699,-42,12,4,Active,0
1004018,100503,-39,6,2,Active,0
1003095,201139,-5,12,20,Active,0
1004140,105108,-28,12,16,Active,0
1008440,106857,-40,12,10,Active,0
1000586,100960,-35,24,26,Active,0
1006511,200205,-44,36,12,Active,0
1001205,100168,-22,36,8,Active,0
1002849,106204,-45,24,9,Active,0
1003457,102899,-5,6,25,Active,0
1005564,103051,-17,6,4,Active,0
1009436,106041,-17,6,22,Active,0
1005211,109607,-24,36,31,Active,0
1001106,109941,-8,36,20,Active,0
1003873,109469,-44,12,35,Active,0
1005874,107666,-14,6,17,Active,0
1005044,101598,-14,6,34,Active,0
1002782,109183,-4,6,30,Active,0
1008318,108040,-1,6,13,Active,0
1003484,200619,-5,24,3,Active,0
1009530,103340,-44,36,14,Active,0
1008841,100023,-18,36,9,Active,0
1008483,107828,-21,12,22,Active,0
1007140,201288,-31,12,11,Active,0
1009226,106933,-31,12,35,Active,5
1006099,105563,-7,24,8,Active,0
1005439,102396,-36,36,23,Active,0
1003956,106230,-27,6,14,Active,0
1003845,103247,-27,12,9,Active,0
1001648,107685,-47,36,23,Active,0
1008381,200975,-36,6,5,Active,0
1004644,201906,-11,24,2,Active,0
1007965,104865,-34,24,23,Active,0
1005911,107887,-42,24,6,Active,0
1004004,106370,-36,36,8,Active,0
1007262,107932,-5,36,2,Active,0
1009964,108400,-1,36,34,Active,0
1007778,104935,-46,24,16,Active,0
1007154,201107,-25,36,17,Active,0
1000755,106570,-31,6,26,Active,0
1003935,201579,-21,36,3,Active,0
1003407,108901,-29,36,10,Active,0
1001232,101533,-45,24,16,Active,0
1005927,106722,-10,6,27,Active,5
1001211,102326,-16,12,11,Active,0
1003762,201535,-42,36,14,Active,0
1001070,109652,-32,6,6,Active,0
1002803,107968,-8,24,25,Active,0
1009915,102305,-11,6,4,Active,0
1006715,101388,-26,36,30,Active,0
1005839,109144,-7,12,23,Active,0
1000615,200009,-4,6,10,Active,0
1003189,106720,-27,12,16,Active,0
1007438,101840,-37,12,25,Active,0
1007555,104937,-37,12,1,Active,0
1002670,104127,-18,36,18,Active,0
1008737,103545,-14,12,35,Active,0
1003332,108941,-19,6,28,Active,0
1002110,108851,-30,24,19,Active,0
1005665,108783,-43,24,35,Active,0
1001509,102836,-45,12,28,Active,0
1008092,102324,-33,6,8,Active,0
1002315,103275,-17,6,0,Active,0
1007576,102520,-41,6,11,Active,0
1008621,106343,-33,12,22,Active,0
1007055,100030,-46,6,27,Active,0
1003551,105464,-36,6,11,Active,0
1001826,107361,-32,24,17,Active,0
1005909,104329,-28,36,6,Active,0
1002005,102291,-39,6,11,Active,0
1007450,100032,-21,6,21,Active,0
1006172,103027,-12,36,21,Active,0
1006049,104776,-5,12,15,Active,0
1006703,106626,-23,36,18,Active,0
1008949,200162,-39,36,16,Active,0
1004453,102453,-34,12,7,Active,0
1007068,105510,-19,24,12,Active,0
1001433,102916,-45,12,19,Active,0
1007108,102298,-7,12,19,Active,0
1007699,102029,-20,24,29,Active,0
1002922,100891,-38,6,10,Active,0
1007061,106196,-14,6,0,Active,0
1007039,200773,-14,36,2,Active,0
1001321,109563,-13,12,35,Active,0
1007973,102435,-4,12,27,Active,0
1009135,105892,-31,12,17,Active,0
1006812,103581,-5,12,13,Active,0
1008770,108483,-24,6,15,Active,0
1009440,102776,-45,12,4,Active,0
1006874,101982,-7,36,18,Active,0
1000287,200234,-3,36,33,Active,0
1006257,105402,-35,6,28,Active,0
1008966,109280,-32,12,22,Active,0
1005468,109536,-41,6,3,Active,0
1004631,201189,-18,12,1,Active,0
1005889,104622,-21,12,29,Active,0
1006651,105954,-18,6,9,Active,0
1002303,105284,-11,24,1,Active,0
1006143,104309,-28,36,14,Active,0
1003564,109552,-1,36,10,Active,0
1009870,103303,-21,24,13,Active,0
1001876,200687,-6,24,19,Active,0
1007542,107450,-40,24,0,Active,0
1006516,201223,-10,6,24,Active,0
1003916,106701,-17,24,13,Active,0
1001518,105777,-23,36,3,Active,0
1000049,108522,-16,12,16,Active,0
1000407,102434,-10,12,7,Active,0
1008332,106620,-8,36,9,Active,0
1009660,108684,-35,24,28,Active,0
1001800,201601,-34,24,24,Active,0
1008616,200776,-44,24,22,Active,0
1002867,107655,-6,12,20,Active,0
1009758,105443,-35,12,33,Active,0
1000952,107566,-16,12,24,Active,0
1002638,107674,-16,12,22,Active,0
1003877,100527,-21,6,22,Active,0
1004696,106790,-25,36,31,Active,0
1008319,106095,-37,12,28,Active,0
1003496,200028,-5,6,21,Active,0
1007225,109266,-43,6,28,Active,0
1003248,107246,-7,24,5,Active,0
1009088,108061,-26,24,31,Active,0
1007552,106065,-15,12,14,Active,0
1005332,102050,-46,36,27,Active,0
1005071,102758,-24,6,1,Active,0
1005195,104217,-21,36,26,Active,0
1000809,106150,-43,6,32,Active,0
1009728,105576,-29,24,6,Active,0
1004909,109415,-1,36,10,Active,0
1008968,103710,-8,12,26,Active,0
1006157,103790,-32,24,4,Active,0
1004962,106060,-25,36,15,Active,0
1003320,107721,-10,6,20,Active,0
1007448,101666,-36,36,21,Active,0
1008537,109387,-39,36,33,Active,0
1008354,100392,-6,12,14,Active,0
1000747,104592,-18,36,32,Active,0
1000276,108201,-27,6,35,Active,0
1001867,106615,-1,6,27,Active,0
1001784,105773,-20,12,35,Active,0
1000571,200369,-28,36,11,Active,0
1003559,109919,-25,24,30,Active,0
1007690,102306,-46,12,4,Active,0
1003710,103970,-5,6,17,Active,0
1005629,103850,-46,6,9,Active,0
1004772,106903,-29,36,21,Active,0
1006257,105402,-15,24,11,Active,0
1000093,107125,-44,6,17,Active,0
1007890,108483,-2,6,28,Active,0
1002256,102296,-28,36,15,Active,0
1006808,109992,-41,24,23,Active,0
1004921,107475,-40,12,6,Active,0
1009922,201623,-12,12,35,Active,0
1009167,108870,-43,36,6,Active,0
1004962,106060,-41,6,18,Active,0
1007300,108243,-20,24,20,Active,0
1006470,107983,-36,12,24,Active,0
1009391,109222,-10,12,4,Active,0
1003724,106671,-23,36,31,Active,0
1005580,109940,-17,6,23,Active,0
1007062,106499,-22,12,28,Active,0
1005688,102999,-4,36,34,Active,0
1000034,101004,-14,24,28,Active,0
1008701,106705,-35,6,7,Active,0
1009266,200031,-8,24,14,Active,0
1006162,103528,-37,24,29,Active,0
1007006,107948,-13,12,30,Active,0
1006380,103072,-8,36,20,Active,0
1002432,200373,-47,12,1,Active,0
1003166,104194,-44,24,35,Active,0
1002558,107676,-36,36,3,Active,0
1006654,105576,-16,24,23,Active,0
1008323,100334,-18,6,32,Active,0
1006516,201223,-33,12,30,Active,0
1007194,104611,-44,36,15,Active,0
1002793,108346,-22,24,2,Active,0
1002335,201393,-7,36,28,Active,0
1004481,103378,-19,24,12,Active,0
1001312,109877,-41,6,22,Active,0
1009618,201030,-20,36,27,Active,0
1003862,100694,-34,6,9,Active,0
1000778,100797,-26,24,29,Active,0
1004417,104333,-10,6,32,Active,0
1009609,109364,-11,6,18,Active,0
1007521,200316,-29,6,20,Active,0
1004147,104069,-30,24,15,Active,0
1004960,109843,-17,36,19,Active,0
1007019,201592,-37,6,16,Active,0
1001941,201978,-23,24,25,Active,0
1009305,102669,-34,36,29,Active,0
1004859,104708,-27,24,20,Active,0
1006727,109681,-37,24,20,Active,0
1007249,103554,-5,24,25,Active,0
1005821,103121,-18,24,35,Active,0
1004485,102260,-22,36,22,Active,0
1006427,105660,-1,6,18,Active,0
1004538,201701,-11,24,15,Active,0
1008933,103891,-38,6,14,Active,0
1003259,101710,-35,36,10,Active,0
1008737,103545,-42,6,1,Active,0
1001933,104641,-39,6,3,Active,0
1007588,103419,-3,36,7,Active,0
1006120,109964,-37,36,33,Active,0
1009346,104026,-12,24,27,Active,0
1009957,100749,-37,24,28,Active,0
1004749,100231,-28,36,1,Active,0
1005568,100021,-23,6,8,Active,0
1001220,103448,-22,24,12,Active,0
1001285,107195,-36,24,22,Active,0
1001924,104363,-39,36,27,Active,5
1009096,201734,-41,12,15,Active,0
1004799,109417,-3,12,27,Active,0
1001525,105975,-18,36,3,Active,0
1002280,201511,-7,24,25,Active,0
1006855,109286,-8,6,0,Active,0
1005475,101140,-32,36,11,Active,0
1008265,105241,-4,12,27,Active,0
1005584,100736,-3,12,25,Active,0
1005573,105190,-44,6,9,Active,0
1003391,201716,-5,12,26,Active,0
1002621,101276,-8,24,4,Active,0
1007476,104302,-6,12,17,Active,0
1002442,107126,-25,6,27,Active,0
1005645,108896,-43,36,29,Active,0
1003495,105280,-6,6,32,Active,0
1004539,101276,-31,12,16,Active,0
1006451,106890,-20,6,26,Active,0
1008639,102484,-12,12,28,Active,0
1002191,101486,-8,24,32,Active,0
1000109,107215,-30,6,0,Active,0
1009385,102748,-17,36,17,Active,0
1001414,104730,-41,6,2,Active,0
1001453,100280,-42,12,2,Active,0
1005183,104432,-43,24,3,Active,0
1009681,200322,-17,12,28,Active,0
1009868,109817,-12,36,35,Active,0
1006200,201437,-14,6,33,Active,0
1005616,100565,-41,12,30,Active,0
1000752,200108,-9,6,5,Active,0
1005062,101438,-3,6,25,Active,0
1004135,106151,-20,6,24,Active,0
1005841,200790,-44,24,2,Active,0
1004777,105288,-39,36,10,Active,0
1000192,106569,-13,36,25,Active,0
1002089,102921,-33,24,27,Active,0
1009811,106526,-42,6,20,Active,0
1001213,105108,-8,6,14,Active,0
1007828,108994,-19,12,3,Active,0
1004362,100227,-11,36,11,Active,0
1001114,106688,-19,36,13,Active,0
1007105,200431,-42,12,25,Active,0
1006381,106719,-40,36,4,Active,0
1000691,200269,-19,6,0,Active,0
1003594,102278,-20,12,26,Active,0
1000517,201951,-40,36,28,Active,0
1008146,201449,-45,6,15,Active,0
1005614,102805,-46,12,31,Active,0
1001181,105395,-33,12,35,Active,0
1007949,106685,-6,12,4,Active,0
1008123,200159,-45,6,30,Active,0
1006454,103611,-12,6,16,Active,0
1007830,200659,-47,36,24,Active,0
1009551,109409,-9,12,18,Active,0
1008615,100641,-31,12,23,Active,0
1008595,201730,-2,24,34,Active,0
1009726,106529,-5,6,26,Active,0
1006157,103790,-16,24,29,Active,0
1002454,105443,-5,12,16,Active,0
1009052,108190,-9,24,20,Active,0
1003710,103970,-47,24,13,Active,0
1000026,108629,-41,12,10,Active,0
1003917,102130,-47,36,12,Active,0
1000596,102627,-46,36,14,Active,0
1009702,101670,-39,12,23,Active,0
1009133,104510,-31,36,10,Active,0
1003116,105540,-2,6,6,Active,0
1003778,104505,-30,12,12,Active,0
1005221,100896,-31,36,9,Active,0
1001222,105771,-6,36,24,Active,0
1008645,200492,-28,12,15,Active,0
1008409,100943,-3,36,30,Active,0
1005946,109482,-22,24,33,Active,0
1005660,107954,-5,12,1,Active,0
1001074,102262,-1,6,18,Active,0
1001498,103015,-30,12,2,Active,0
1005128,104686,-45,36,9,Active,0
1006080,201184,-26,24,26,Active,0
1002123,103473,-21,6,12,Active,0
1002112,103187,-22,12,18,Active,0
1009757,107696,-46,6,7,Active,0
1003086,101665,-24,6,29,Active,0
1001860,109201,-43,36,29,Active,5
1006493,109227,-8,6,19,Active,0
1007876,102441,-27,6,6,Active,0
1004962,106060,-39,12,4,Active,0
1001674,104374,-42,12,12,Active,0
1008138,105385,-32,24,13,Active,0
1000306,201668,-4,36,21,Active,0
1007673,100256,-37,36,27,Active,0
1000900,102018,-30,24,5,Active,0
1008184,102609,-34,24,13,Active,0
1002937,103358,-15,24,26,Active,0
1005811,100518,-40,12,5,Active,0
1003136,109341,-6,6,20,Active,0
1009634,105179,-18,12,15,Active,0
1003400,109827,-4,12,17,Active,0
1002606,104097,-33,6,15,Active,0
1004693,101757,-31,24,20,Active,5
1004748,109259,-1,24,26,Active,0
1004622,107934,-12,36,16,Active,0
1003389,106107,-5,12,32,Active,0
1006719,101464,-38,24,22,Active,0
1000274,106528,-8,6,12,Active,0
1003425,107697,-8,36,1,Active,0
1007104,104839,-18,6,14,Active,0
1002037,100127,-21,24,34,Active,0
1003955,201901,-35,12,20,Active,0
1005956,100332,-46,12,2,Active,0
1002586,105336,-5,6,29,Active,0
1006734,107076,-21,12,33,Active,0
1003307,100921,-44,12,21,Active,0
1001741,106733,-38,24,19,Active,0
1009943,105431,-25,24,12,Active,0
1002719,101182,-26,36,10,Active,0
1007893,105794,-30,12,22,Active,0
1001541,103610,-6,6,0,Active,0
1007861,107507,-43,6,0,Active,0
1009104,108155,-36,24,22,Active,0
1003876,200497,-11,24,7,Active,0
1005784,105296,-22,36,8,Active,0
1006765,108915,-13,6,20,Active,0
1009504,107661,-19,24,0,Active,0
1005828,103721,-40,24,22,Active,0
1006090,201133,-10,12,8,Active,0
1004929,105519,-5,6,23,Active,0
1000718,108176,-47,12,5,Active,0
1004227,201610,-37,24,28,Active,0
1008503,107047,-38,6,14,Active,0
1002048,108341,-14,36,28,Active,0
1001956,101755,-21,36,1,Active,0
1008746,108359,-32,36,4,Active,0
1005789,108728,-16,12,6,Active,0
1003776,109228,-17,6,33,Active,0
1009449,101482,-14,24,24,Active,0
1001735,107199,-21,6,17,Active,0
1000801,105413,-39,6,3,Active,0
1008087,100933,-40,36,18,Active,0
1009442,107117,-6,36,16,Active,0
1003428,107431,-20,24,26,Active,0
1006529,105911,-14,24,30,Active,0
1005731,106433,-17,24,19,Active,0
1003991,100827,-2,12,13,Active,0
1009705,200105,-38,6,2,Active,0
1009687,108257,-30,6,0,Active,0
1008133,102312,-23,36,8,Active,0
1001993,103331,-3,6,28,Active,0
1009171,103260,-24,6,23,Active,0
1001399,106413,-6,6,34,Active,0
1004438,102861,-19,12,16,Active,0
1005455,108687,-30,36,18,Active,0
1006215,201702,-44,12,16,Active,0
1000434,201699,-9,24,11,Active,0
1004037,107981,-2,36,9,Active,0
1007117,101206,-13,12,17,Active,0
1001454,102767,-39,12,22,Active,0
1009971,108090,-46,6,16,Active,0
1002834,109640,-27,36,11,Active,0
1005594,103442,-26,36,6,Active,0
1002278,200494,-11,12,35,Active,0
1006356,107574,-45,36,23,Active,0
1003298,109668,-13,12,13,Active,0
1001115,200990,-13,6,28,Active,0
1002536,103952,-17,6,27,Active,0
1009244,104807,-42,36,9,Active,0
1007795,103783,-42,36,8,Active,0
1000492,105772,-36,36,7,Active,0
1005430,105148,-24,6,9,Active,0
1000032,201198,-1,6,35,Active,0
1002763,101589,-6,24,8,Active,0
1001280,102451,-3,6,14,Active,0
1009728,105576,-4,12,6,Active,0
1000742,107019,-39,36,35,Active,0
1004123,102283,-35,36,0,Active,0
1004707,101570,-34,36,32,Active,0
1006426,102632,-19,12,12,Active,0
1006461,108244,-25,6,10,Active,0
1005073,109296,-34,36,32,Active,0
1001413,200804,-15,12,0,Active,0
1005052,102050,-34,36,0,Active,0
1004286,104164,-19,12,31,Active,0
1001841,101019,-38,36,20,Active,0
1005920,105646,-23,24,9,Active,0
1002863,104014,-32,24,14,Active,0
1007040,102418,-37,36,21,Active,0
1009203,108397,-34,24,14,Active,0
1000137,100836,-13,36,8,Active,0
1001990,105123,-15,12,15,Active,0
1005348,109333,-1,12,5,Active,0
1001632,105483,-19,36,3,Active,0
1006883,105026,-21,6,6,Active,0
1007225,109266,-18,24,29,Active,0
1004143,105575,-15,24,6,Active,0
1008499,103040,-16,36,32,Active,5
1009919,100326,-41,24,2,Active,0
1001989,107564,-19,36,10,Active,0
1005003,109970,-28,36,1,Active,0
1002741,104609,-44,36,4,Active,0
1002043,105365,-21,6,18,Active,0
1009767,104903,-8,24,21,Active,0
1005026,107284,-22,12,18,Active,0
1005771,103180,-45,12,35,Active,0
1004627,103229,-39,12,16,Active,0
1000676,108441,-7,24,4,Active,0
1000152,201021,-14,36,14,Active,0
1002590,108313,-22,36,20,Active,0
1001155,105592,-11,6,13,Active,5
1005868,104755,-7,36,8,Active,0
1004595,200224,-9,12,7,Active,0
1005635,107046,-19,6,10,Active,0
1000424,103042,-19,12,6,Active,0
1009721,107798,-34,24,25,Active,0
1008103,101545,-24,24,5,Active,0
1004313,106242,-23,12,32,Active,0
1003544,104472,-2,36,13,Active,0
1008463,109587,-9,24,10,Active,0
1005783,105390,-35,36,15,Active,0
1009065,200573,-5,12,4,Active,0
1006408,200668,-9,24,27,Active,0
1009232,105002,-12,24,12,Active,0
1004033,102648,-32,6,29,Active,0
1003108,104576,-35,12,19,Active,0
1001805,106667,-44,24,28,Active,0
1005437,201421,-30,36,5,Active,0
1008817,106672,-24,6,1,Active,0
1008333,109120,-43,24,11,Active,0
1004089,103586,-8,12,16,Active,0
1004163,104725,-29,12,16,Active,0
1000739,105689,-27,24,0,Active,0
1002889,106758,-43,24,18,Active,0
1004346,105898,-18,12,35,Active,0
1004946,201798,-8,12,17,Active,0
1002626,109015,-25,12,2,Active,0
1001747,102424,-4,6,22,Active,0
1005555,102618,-23,12,23,Active,0
1008339,103501,-14,36,0,Active,0
1001810,101777,-21,36,26,Active,0
1005665,108783,-20,12,17,Active,0
1004437,102324,-6,12,20,Active,0
1008366,106896,-20,12,29,Active,0
1001529,108452,-1,36,33,Active,0
1004060,200548,-18,24,13,Active,0
1001046,106712,-17,12,2,Active,0
1008066,106190,-22,12,14,Active,0
1009165,106318,-26,24,35,Active,0
1007032,107633,-38,36,19,Active,0
1005423,107316,-11,12,12,Active,0
1008643,105602,-25,6,35,Active,0
1000472,106939,-10,6,6,Active,0
1005324,103577,-23,24,18,Active,0
1008695,108516,-46,36,3,Active,0
1001247,104119,-13,12,31,Active,0
1005676,108263,-17,36,1,Active,0
1004315,103752,-26,12,18,Active,0
1004166,100075,-26,12,19,Active,0
1009383,102322,-21,6,31,Active,0
1007097,107241,-25,24,23,Active,0
1008389,102327,-42,24,19,Active,0
1002695,103148,-10,6,26,Active,0
1009343,109951,-10,24,4,Active,0
1002079,107421,-35,24,22,Active,0
1004839,102709,-4,24,34,Active,0
1004351,201099,-6,6,20,Active,0
1009396,102081,-6,24,2,Active,0
1009337,103492,-24,36,13,Active,0
1000322,200347,-14,6,20,Active,0
1001987,201250,-23,36,28,Active,0
1006210,101880,-23,6,24,Active,0
1003798,101180,-12,6,30,Active,0
1005565,108228,-28,6,14,Active,0
1000331,104620,-31,36,20,Active,0
1001364,105590,-44,12,5,Active,0
1003248,107246,-13,12,28,Active,0
1000730,100481,-22,36,0,Active,0
1005188,101178,-13,24,13,Active,0
1008303,101832,-33,6,26,Active,0
1008034,108751,-3,12,21,Active,0
1001958,200591,-13,6,11,Active,0
1008195,103668,-21,12,10,Active,0
1002058,101275,-35,6,21,Active,0
1002023,200082,-11,6,29,Active,0
1005708,103604,-46,12,33,Active,0
1007376,102680,-28,6,0,Active,0
1009546,103316,-27,36,33,Active,0
1006248,105554,-43,12,20,Active,0
1008375,107627,-30,12,27,Active,0
1000961,201752,-32,12,31,Active,0
1009159,106975,-25,12,20,Active,0
1006618,201872,-29,6,17,Active,0
1000619,200802,-18,36,9,Active,0
1007453,108943,-1,24,27,Active,0
1001350,109492,-25,24,33,Active,0
1006134,108590,-27,36,31,Active,0
1002494,107417,-37,36,12,Active,0
1003267,108784,-42,36,32,Active,0
1008011,108424,-15,12,10,Active,0
1007200,108286,-19,24,7,Active,0
1008775,201319,-19,24,0,Active,0
1007863,108584,-4,6,0,Active,0
1008651,101518,-1,12,26,Active,0
1007272,201474,-8,24,33,Active,0
1005170,200163,-36,12,32,Active,0
1009832,107985,-40,24,12,Active,0
1008749,106384,-8,12,15,Active,0
1000098,100978,-33,12,12,Active,0
1002512,104944,-29,6,8,Active,0
1007397,104617,-43,6,34,Active,0
1009419,109148,-23,36,21,Active,0
1006376,104271,-9,24,3,Active,0
1003936,107045,-5,24,9,Active,0
1008881,200378,-17,36,24,Active,0
1000504,106481,-17,36,10,Active,0
1000550,108317,-37,12,28,Active,0
1005822,108818,-7,36,34,Active,0
1002307,102608,-8,12,3,Active,0
1000124,201567,-1,12,1,Active,0
1005030,109587,-15,24,6,Active,0
1002584,108795,-44,36,21,Active,0
1008988,109531,-8,6,9,Active,0
1007380,101134,-25,36,22,Active,0
1008932,106544,-32,24,3,Active,0
1004078,102194,-25,36,23,Active,0
1004955,201919,-42,36,14,Active,0
1006351,106519,-1,24,0,Active,0
1001066,200222,-39,12,21,Active,0
1004453,102453,-14,24,34,Active,0
1001941,201978,-21,24,17,Active,0
1007781,105045,-22,6,24,Active,0
1006800,101011,-47,6,17,Active,0
1009383,102322,-2,12,1,Active,0
1009375,100696,-31,24,23,Active,0
1003394,105229,-47,24,13,Active,0
1008628,109648,-4,6,16,Active,0
1006498,200302,-3,36,12,Active,0
1001637,108714,-5,36,23,Active,0
1008911,104275,-2,36,27,Active,0
1000508,200672,-34,36,5,Active,0
1000475,109460,-24,12,34,Active,0
1000291,200612,-33,6,31,Active,0
1000105,109421,-33,6,8,Active,0
1007213,103344,-2,36,10,Active,0
1009502,100901,-41,12,21,Active,0
1008046,107618,-2,6,27,Active,0
1005950,103671,-35,6,6,Active,0
1001978,201006,-41,24,28,Active,0
1002088,102295,-17,12,11,Active,0
1005008,107026,-36,36,29,Active,0
1003529,107827,-22,12,20,Active,0
1004717,105391,-47,6,3,Active,0
1000410,104673,-2,24,15,Active,0
1002786,201771,-42,12,14,Active,0
1000031,201183,-21,36,12,Active,0
1004099,108364,-29,36,3,Active,0
1002641,102333,-30,36,6,Active,0
1008640,100346,-21,36,32,Active,0
1001116,100674,-28,36,1,Active,0
1005191,100631,-14,6,22,Active,0
1000406,105688,-27,6,22,Active,0
1004594,104475,-44,36,9,Active,0
1002094,102457,-12,36,24,Active,0
1002717,200140,-37,36,21,Active,0
1003126,100393,-19,24,9,Active,0
1000480,100803,-26,24,32,Active,0
1005028,104961,-23,12,3,Active,5
1009358,106607,-47,24,25,Active,0
1008451,108611,-14,24,9,Active,0
1006807,108293,-22,6,8,Active,0
1005667,106657,-4,6,23,Active,0
1002676,101618,-23,6,25,Active,0
1006838,200177,-41,12,11,Active,0
1008146,201449,-8,36,22,Active,0
1006694,101911,-6,24,9,Active,0
1003177,109719,-24,6,31,Active,0
1008086,106153,-7,6,29,Active,0
1001897,100632,-2,6,12,Active,0
1009599,108230,-12,36,15,Active,0
1009272,102543,-37,12,24,Active,0
1001770,100759,-47,12,25,Active,0
1002172,201050,-1,6,11,Active,0
1005254,101207,-13,36,9,Active,0
1001705,107376,-21,24,25,Active,0
1006649,101624,-34,36,5,Active,0
1004362,100227,-10,24,7,Active,0
1007519,101371,-7,6,8,Active,0
1008918,200640,-35,12,16,Active,0
1005266,200511,-35,12,24,Active,0
1004903,201342,-36,12,4,Active,0
1003253,106405,-47,36,1,Active,0
1001449,109532,-36,24,14,Active,0
1007536,104805,-17,12,16,Active,0
1001673,108411,-11,36,26,Active,0
1006777,201606,-11,6,13,Active,0
1003782,200681,-9,6,10,Active,0
1002701,109051,-43,24,25,Active,0
1006047,107102,-6,24,0,Active,0
1002064,106560,-30,12,15,Active,0
1000477,105800,-7,12,6,Active,0
1000150,105253,-20,24,19,Active,0
1002875,102165,-11,12,18,Active,0
1002043,105365,-34,12,35,Active,0
1009328,109160,-17,6,12,Active,0
1009926,105342,-41,6,9,Active,0
1000282,108666,-1,36,27,Active,0
1005479,105871,-7,12,1,Active,0
1005065,104841,-17,24,17,Active,0
1008088,102543,-28,6,8,Active,0
1007904,104009,-34,24,9,Active,0
1004400,106540,-36,36,11,Active,0
1007369,107193,-1,36,4,Active,0
1003535,103569,-4,24,30,Active,0
1005878,106285,-47,12,30,Active,0
1006250,108533,-12,12,23,Active,0
1005714,109603,-41,24,27,Active,0
1009099,101148,-13,12,26,Active,0
1005887,105827,-38,12,14,Active,0
1006593,201755,-40,24,17,Active,0
1009858,109559,-18,36,11,Active,0
1008670,200083,-16,24,29,Active,0
1006031,106377,-40,36,34,Active,0
1001337,104368,-8,6,17,Active,0
1002325,200541,-46,36,31,Active,0
1001338,201747,-39,12,29,Active,0
1002191,101486,-21,6,6,Active,0
1007946,200058,-21,12,27,Active,0
1006302,109556,-32,24,19,Active,0
1009216,104727,-3,24,20,Active,0
1003485,103983,-47,24,0,Active,0
1006075,101693,-8,36,10,Active,0
1001638,105457,-13,36,28,Active,0
1005629,103850,-10,24,10,Active,0
1004904,105444,-22,12,16,Active,0
1004236,109015,-23,6,8,Active,0
1009675,108775,-17,36,0,Active,0
1003570,108491,-35,6,21,Active,0
1004726,201501,-22,24,21,Active,0
1007859,200696,-34,36,18,Active,0
1005543,107751,-31,36,10,Active,0
1003699,109948,-11,24,5,Active,0
1002182,103685,-26,24,24,Active,0
1000005,102380,-34,24,0,Active,0
1009878,106394,-7,36,3,Active,0
1001693,109471,-9,6,31,Active,0
1004727,108283,-9,12,18,Active,0
1001212,108619,-19,24,16,Active,0
1004350,101952,-47,24,10,Active,0
1005257,107162,-29,24,4,Active,0
1005130,201608,-16,6,18,Active,0
1007033,201746,-39,6,14,Active,0
1008521,100714,-41,24,10,Active,0
1002892,101869,-7,6,31,Active,0
1002784,102835,-37,6,5,Active,0
1001871,105202,-31,24,10,Active,0
1009018,201590,-20,12,8,Active,0
1009898,201459,-35,24,16,Active,0
1003242,100238,-15,12,15,Active,0
1002281,106738,-7,36,16,Active,0
1000324,101972,-43,12,25,Active,0
1006882,109522,-23,24,33,Active,0
1008542,104321,-20,36,3,Active,0
1007981,200215,-12,6,34,Active,0
1008891,200655,-18,6,19,Active,0
1005316,108607,-38,24,29,Active,0
1006913,107927,-2,6,20,Active,0
1006433,100525,-47,6,14,Active,0
1009504,107661,-4,12,18,Active,0
1000477,105800,-32,36,20,Active,0
1000573,103657,-20,24,29,Active,5
1008171,100693,-4,36,22,Active,0
1008666,201943,-8,6,19,Active,0
1007578,107665,-6,6,18,Active,0
1007646,105162,-45,6,12,Active,0
1005311,108819,-44,36,30,Active,0
1008616,200776,-34,12,17,Active,0
1002965,101060,-29,12,6,Active,0
1004299,106112,-43,36,18,Active,0
1007612,107558,-13,36,19,Active,0
1000520,200911,-46,12,3,Active,0
1004794,200782,-37,12,4,Active,0
1009722,103406,-1,36,4,Active,0
1001578,101803,-14,36,16,Active,0
1003283,102777,-46,36,26,Active,5
1002134,107104,-40,6,14,Active,0
1005473,104188,-42,12,23,Active,0
1008365,100975,-2,24,8,Active,0
1006949,104041,-46,6,17,Active,0
1006189,105334,-33,36,15,Active,0
1001588,101952,-22,24,11,Active,0
1000887,104580,-29,24,8,Active,0
1002661,201004,-18,6,32,Active,0
1002028,104554,-37,6,26,Active,0
1009731,103496,-32,36,33,Active,0
1006757,107611,-6,6,12,Active,0
1004950,103330,-22,24,28,Active,0
1003301,108765,-46,36,35,Active,0
1006487,200037,-7,6,11,Active,0
1001565,100339,-11,12,16,Active,0
1008857,201734,-23,12,5,Active,0
1002090,100054,-21,24,27,Active,0
1006879,104388,-43,6,11,Active,0
1001587,109674,-23,36,17,Active,0
1005838,105580,-46,6,3,Active,0
1001315,104843,-44,6,7,Active,0
1000376,201670,-32,36,32,Active,0
1002177,201773,-20,36,7,Active,0
1004667,100963,-18,12,29,Active,0
1006163,109854,-8,36,3,Active,0
1002251,105509,-7,24,14,Active,0
1007290,109317,-27,36,7,Active,0
1006403,101583,-46,6,24,Active,0
1002685,107166,-31,6,34,Active,0
1001281,200666,-42,6,1,Active,0
1005232,109678,-39,6,10,Active,0
1007533,108523,-15,12,19,Active,0
1000482,107050,-18,12,24,Active,0
1001091,201363,-39,12,2,Active,0
1002155,108654,-23,24,30,Active,0
1007971,100378,-15,24,22,Active,0
1007422,105726,-29,12,29,Active,0
1002188,103220,-27,36,32,Active,0
1006479,108873,-8,24,16,Active,0
1001584,102647,-7,6,15,Active,0
1003287,102911,-2,12,32,Active,0
1000777,100394,-17,24,15,Active,0
1002838,106139,-4,6,10,Active,0
1008493,109820,-47,6,2,Active,0
1001329,106023,-3,24,11,Active,0
1003262,105134,-41,12,6,Active,0
1008841,100023,-11,36,1,Active,0
1009854,108433,-40,6,5,Active,0
1006153,106379,-31,36,29,Active,0
1000821,103130,-27,24,1,Active,0
1004569,109747,-28,24,5,Active,0
1002871,103916,-33,6,5,Active,0
1003667,100844,-15,24,9,Active,0
1008136,102117,-9,36,29,Active,0
1001286,109048,-46,24,11,Active,0
1001565,100339,-10,36,30,Active,0
1008944,107693,-28,24,25,Active,0
1006476,201665,-46,36,16,Active,0
1008874,200444,-36,12,19,Active,0
1005787,200260,-26,24,31,Active,0
1007347,108054,-3,6,10,Active,0
1009212,108770,-5,36,34,Active,0
1006033,102498,-13,24,16,Active,0
1002794,200855,-41,36,19,Active,0
1001448,104078,-44,24,22,Active,0
1009754,102136,-46,12,23,Active,0
1004095,103821,-38,6,2,Active,0
1008404,105110,-23,36,7,Active,0
1007782,100195,-23,6,3,Active,0
1009197,102300,-15,24,17,Active,0
1007766,101389,-6,6,23,Active,0
1000988,109755,-43,6,24,Active,0
1002212,103833,-25,12,2,Active,0
1001896,102807,-20,6,31,Active,0
1009431,200599,-11,36,21,Active,0
1000434,201699,-12,24,15,Active,0
1003729,200648,-8,12,13,Active,0
1001019,103492,-31,36,31,Active,0
1001717,109584,-13,12,24,Active,0
1001319,103400,-41,6,29,Active,0
1000576,100561,-30,24,12,Active,0
1000468,107668,-45,12,1,Active,0
1009298,104761,-7,12,34,Active,0
1001568,101905,-41,6,2,Active,0
1008556,201089,-16,12,1,Active,0
1005977,108039,-18,6,25,Active,0
1005429,101489,-34,12,18,Active,0
1009808,105128,-5,24,29,Active,0
1009447,200794,-26,6,30,Active,0
1009257,104960,-33,24,20,Active,0
1004015,200763,-16,6,7,Active,0
1002286,107620,-33,36,19,Active,0
1005300,102309,-32,12,1,Active,0
1001456,101613,-44,24,29,Active,0
1008620,101757,-37,36,2,Active,5
1005976,102677,-23,36,17,Active,0
1004550,200880,-20,12,34,Active,0
1009507,104196,-40,36,23,Active,0
1001252,104337,-34,24,2,Active,0
1004700,106691,-7,36,15,Active,0
1006014,106475,-24,6,23,Active,0
1001700,200184,-42,36,3,Active,0
1001373,107017,-39,12,17,Active,0
1003292,108916,-13,24,16,Active,0
1008715,108920,-26,12,2,Active,0
1004824,109678,-42,36,33,Active,0
1008880,106306,-43,24,29,Active,0
1006950,107576,-5,12,30,Active,0
1008733,104200,-45,12,14,Active,0
1005784,105296,-24,6,34,Active,0
1004522,201785,-39,6,11,Active,0
1004503,106056,-14,6,35,Active,0
1008457,201689,-15,12,18,Active,0
1002361,100178,-13,36,34,Active,0
1005016,104066,-15,24,31,Active,0
1009002,106246,-20,6,29,Active,0
1008165,106393,-29,36,1,Active,0
1008301,103795,-19,6,2,Active,0
1006158,101032,-38,36,1,Active,0
1001868,103516,-13,24,21,Active,0
1006265,102902,-36,12,20,Active,0
1008862,103395,-25,6,34,Active,0
1007784,101007,-2,24,6,Active,0
1001758,104924,-41,36,9,Active,0
1009332,102712,-43,6,1,Active,0
1007538,107823,-37,12,10,Active,0
1004186,102508,-23,24,26,Active,0
1000490,101719,-1,12,17,Active,0
1001817,103020,-29,24,21,Active,0
1002862,107214,-33,6,27,Active,0
1006472,108493,-27,12,30,Active,0
1006279,201988,-26,24,18,Active,0
1000758,108103,-28,36,18,Active,0
1000684,100112,-37,6,35,Active,0
1001510,109261,-17,24,22,Active,0
1002811,101911,-31,36,21,Active,0
1008571,200824,-1,24,19,Active,0
1000498,103573,-20,36,12,Active,0
1008390,201600,-33,12,25,Active,0
1006583,107169,-46,6,25,Active,0
1007198,100337,-8,6,11,Active,0
1006410,201888,-17,6,8,Active,0
1001781,102905,-12,6,10,Active,0
1008695,108516,-34,6,34,Active,0
1008006,108161,-25,6,9,Active,0
1009253,104812,-7,12,14,Active,0
1008342,103062,-47,6,14,Active,0
1005445,109194,-42,12,33,Active,0
1006678,200935,-16,6,25,Active,0
1003992,105368,-20,12,9,Active,0
1006445,109024,-19,12,7,Active,0
1003546,200178,-10,12,8,Active,0
1006938,107450,-28,24,35,Active,0
1004506,101280,-44,6,9,Active,0
1000736,100102,-47,24,31,Active,0
1005534,107926,-26,36,23,Active,0
1009319,107658,-18,24,6,Active,0
1001427,101654,-24,24,32,Active,0
1005587,106389,-6,12,10,Active,0
1002179,104142,-32,24,19,Active,0
1007449,200256,-23,24,35,Active,0
1006048,104396,-18,6,30,Active,0
1003124,106240,-4,6,34,Active,0
1003419,100335,-1,36,7,Active,0
1004091,200285,-29,24,22,Active,0
1008697,108459,-15,36,11,Active,0
1006799,105466,-27,12,7,Active,0
1008589,200234,-36,6,13,Active,0
1003455,105030,-4,6,15,Active,0
1001048,105030,-7,6,27,Active,0
1002809,104425,-44,12,34,Active,0
1006943,200101,-24,36,8,Active,0
1000613,109397,-36,12,1,Active,0
1001148,105414,-9,12,16,Active,0
1002274,101444,-33,6,27,Active,0
1004614,102279,-44,24,17,Active,0
1002550,100382,-45,6,14,Active,5
1000542,103184,-6,6,34,Active,0
1002317,105956,-44,24,13,Active,0
1000103,107117,-30,12,35,Active,0
1002804,106872,-37,12,24,Active,0
1005869,109862,-46,36,9,Active,0
1008923,100548,-37,6,15,Active,0
1009136,201083,-17,36,28,Active,0
1007177,107665,-31,36,26,Active,0
1002890,201871,-32,24,30,Active,0
1005072,102530,-23,24,23,Active,0
1005167,108613,-22,12,32,Active,0
1007050,107461,-12,24,28,Active,0
1004793,102647,-31,36,26,Active,0
1005568,100021,-16,12,7,Active,0
1003369,105066,-19,6,2,Active,0
1005638,103866,-42,36,16,Active,0
1003003,106913,-11,12,1,Active,0
1005146,106875,-40,24,0,Active,0
1006074,201737,-42,36,24,Active,0
1000171,108406,-47,36,7,Active,0
1007688,100901,-33,24,1,Active,0
1008274,108235,-40,12,35,Active,0
1003351,105030,-23,24,9,Active,0
1002318,103196,-27,6,17,Active,0
1005231,105460,-27,6,5,Active,0
1009211,200887,-8,12,20,Active,0
1003159,101888,-21,6,3,Active,0
1004650,102234,-43,24,24,Active,0
1008925,109508,-35,6,4,Active,0
1004593,107139,-34,6,28,Active,0
1009020,104511,-11,12,32,Active,0
1004331,200747,-27,24,10,Active,0
1006097,109558,-26,36,16,Active,0
1009239,107166,-37,36,4,Active,0
1006933,108461,-41,24,9,Active,0
1004415,103575,-40,6,34,Active,0
1009584,100504,-20,36,8,Active,0
1005287,107516,-33,12,6,Active,0
1007649,102454,-26,36,31,Active,0
1001804,105810,-10,12,12,Active,0
1002971,201600,-45,6,4,Active,0
1002081,201776,-10,6,17,Active,0
1004155,102963,-25,36,4,Active,0
1003447,101896,-45,6,22,Active,0
1005106,102116,-16,36,30,Active,0
1009404,100379,-40,36,34,Active,0
1004281,107462,-16,6,12,Active,0
1006351,106519,-22,12,14,Active,0
1001646,108105,-18,36,6,Active,0
1003113,201965,-46,6,32,Active,0
1007287,109626,-5,36,15,Active,0
1000160,108886,-39,24,20,Active,0
1009917,109454,-5,24,21,Active,0
1002678,101744,-23,6,29,Active,0
1007087,104685,-47,36,34,Active,0
1006052,104862,-41,6,3,Active,0
1009882,107193,-12,6,33,Active,0
1000131,102094,-4,24,21,Active,0
1001933,104641,-15,6,2,Active,0
1005226,109178,-18,24,7,Active,0
1007530,201320,-36,12,9,Active,0
1009895,105201,-11,24,24,Active,0
1003678,108784,-35,12,30,Active,0
1003705,102201,-38,36,13,Active,0
1000979,100582,-2,6,31,Active,0
1004330,109118,-29,36,22,Active,0
1008910,100677,-20,24,21,Active,0
1008677,103379,-11,6,13,Active,0
1008834,201040,-37,24,33,Active,0
1002386,106439,-15,24,32,Active,0
1008177,105738,-9,6,19,Active,0
1006863,109124,-43,24,32,Active,0
1009569,201378,-19,12,31,Active,0
1005127,109893,-44,6,1,Active,0
1005586,100473,-32,6,15,Active,0
1001923,107042,-25,24,21,Active,0
1009000,101421,-19,36,12,Active,0
1002066,100984,-3,6,7,Active,0
1009853,103684,-17,36,30,Active,0
1001532,101226,-10,6,28,Active,0
1003036,106207,-5,12,8,Active,0
1005676,108263,-13,36,12,Active,0
1006029,100991,-44,12,35,Active,0
1007466,105358,-17,6,25,Active,0
1009487,106544,-26,36,31,Active,0
1006577,104411,-27,36,23,Active,0
1005942,103376,-24,24,30,Active,0
1000769,101268,-14,24,13,Active,0
1001167,102819,-25,6,0,Active,0
1002549,108138,-2,12,26,Active,0
1000176,100045,-10,12,26,Active,0
1008825,107572,-27,24,18,Active,0
1005989,109511,-47,24,22,Active,0
1008298,106276,-44,36,31,Active,0
1004877,102072,-11,24,19,Active,0
1003449,108040,-19,12,14,Active,0
1004240,108399,-36,24,5,Active,0
1008034,108751,-43,24,28,Active,0
1007824,101807,-8,24,22,Active,0
1002550,100382,-32,12,20,Active,0
1006618,201872,-19,36,19,Active,0
1009216,104727,-4,36,12,Active,0
1003495,105280,-34,36,34,Active,0
1005900,103779,-39,6,24,Active,0
1009780,200512,-17,24,18,Active,0
1006144,201804,-24,12,25,Active,0
1004097,108036,-17,6,20,Active,0
1009423,100690,-25,12,2,Active,0
1001429,108341,-44,12,25,Active,0
1008564,101343,-34,24,0,Active,0
1007006,107948,-1,24,20,Active,0
1007541,101504,-39,24,31,Active,0
1003380,106669,-19,36,0,Active,0
1001687,106542,-12,12,2,Active,0
1008136,102117,-17,6,19,Active,0
1008688,201952,-26,36,8,Active,0
1004068,201060,-25,36,25,Active,0
1009540,102322,-10,36,7,Active,0
1001859,104346,-47,24,21,Active,0
1000203,109444,-25,36,34,Active,0
1004308,109857,-38,6,7,Active,0
1001861,104663,-40,24,8,Active,0
1009408,104167,-4,6,32,Active,0
1007967,101142,-7,12,35,Active,0
1005235,102327,-39,12,11,Active,0
1008430,100204,-37,24,15,Active,0
1000785,201539,-4,12,7,Active,0
1007120,101882,-25,6,25,Active,0
1004657,107624,-9,12,1,Active,0
1009305,102669,-11,12,5,Active,0
1006611,101176,-29,36,26,Active,0
1000282,108666,-44,36,1,Active,0
1000692,201424,-19,36,27,Active,0
1007558,107193,-46,12,12,Active,0
1008905,103100,-47,24,11,Active,0
1006431,105482,-39,12,29,Active,0
1006060,108406,-42,24,33,Active,0
1003413,102266,-26,12,31,Active,0
1000759,200034,-45,6,3,Active,0
1004356,107830,-41,12,22,Active,0
1003998,106528,-6,24,3,Active,0
1001949,108634,-17,6,31,Active,0
1004626,107123,-38,36,0,Active,0
1001634,108922,-2,6,33,Active,0
1009430,109828,-21,12,24,Active,0
1009508,102813,-1,12,7,Active,0
1004031,201047,-40,24,16,Active,0
1002233,105999,-28,24,15,Active,0
1006770,109237,-32,24,27,Active,0
1005498,101631,-28,12,33,Active,0
1007833,108715,-33,24,14,Active,0
1008873,200465,-34,6,33,Active,0
1001433,102916,-5,12,19,Active,0
1004730,109305,-31,36,26,Active,0
1008802,107299,-12,24,17,Active,0
1007278,106301,-30,6,7,Active,0
1005695,102421,-27,6,11,Active,0
1001617,101310,-37,6,12,Active,0
1008785,200714,-19,36,35,Active,0
1003904,107718,-24,36,14,Active,5
1002114,107185,-40,24,22,Active,0
1004945,103693,-14,36,8,Active,0
1004377,108036,-46,12,26,Active,0
1000950,102760,-1,6,16,Active,0
1006511,200205,-18,12,2,Active,0
1007080,108955,-28,36,16,Active,0
1009362,104497,-8,12,4,Active,0
1007386,105559,-42,12,17,Active,0
1005347,104060,-17,36,0,Active,0
1005500,106564,-13,24,23,Active,0
1005040,201062,-28,12,32,Active,0
1004049,109231,-8,12,21,Active,0
1000823,201280,-26,36,4,Active,0
1001099,103559,-39,12,8,Active,0
1006797,104729,-43,36,28,Active,0
1004899,102362,-6,12,6,Active,0
1009876,201304,-47,36,25,Active,0
1009749,200104,-24,36,30,Active,0
1008483,107828,-19,24,2,Active,0
1003029,109085,-10,12,9,Active,0
1004500,200501,-9,12,21,Active,0
1002338,107370,-31,6,4,Active,0
1009017,106532,-38,36,3,Active,0
1008672,107326,-29,6,8,Active,0
1001808,107935,-45,36,8,Active,0
1006407,106580,-8,6,18,Active,0
1007008,104738,-35,36,26,Active,0
1007542,107450,-40,12,5,Active,0
1008388,104514,-29,24,3,Active,0
1009839,107495,-1,36,12,Active,0
1005592,107994,-40,12,31,Active,0
1004619,108952,-27,36,4,Active,0
1008856,101558,-25,6,13,Active,0
1005808,101459,-7,36,8,Active,0
1007175,109234,-3,6,1,Active,0
1005152,201232,-33,6,30,Active,0
1002490,105433,-36,24,32,Active,0
1002561,100219,-46,36,19,Active,0
1003116,105540,-42,12,16,Active,0
1001698,100512,-22,36,8,Active,0
1000989,104818,-32,24,0,Active,0
1005058,101905,-26,12,13,Active,0
1004657,107624,-11,12,14,Active,5
1001787,107038,-6,6,18,Active,0
1006531,201282,-37,12,29,Active,5
1006462,105171,-41,12,35,Active,0
1008241,101965,-28,12,9,Active,0
1004111,106737,-32,6,0,Active,0
1009774,201727,-11,24,23,Active,0
1002877,100258,-9,6,11,Active,0
1005890,102749,-24,12,18,Active,5
1009208,101801,-1,24,13,Active,0
1002422,108827,-12,24,10,Active,0
1001366,109733,-30,12,25,Active,0
1007444,100870,-1,24,6,Active,0
1005199,201509,-33,36,21,Active,0
1008259,106162,-28,24,1,Active,0
1007126,109716,-47,24,3,Active,0
1002443,108860,-1,24,14,Active,0
1007882,103989,-44,24,18,Active,0
1003872,201380,-9,6,11,Active,0
1005825,201030,-33,24,21,Active,0
1008377,108792,-43,36,33,Active,0
1004206,103507,-46,12,2,Active,0
1002882,201911,-17,12,31,Active,0
1009038,103961,-44,24,12,Active,0
1003229,100095,-45,24,22,Active,0
1008298,106276,-11,12,32,Active,0
1001586,109314,-36,12,16,Active,0
1004699,105379,-4,12,15,Active,0
1000352,200934,-11,24,20,Active,0
1005469,106373,-6,24,16,Active,0
1002893,107971,-11,24,14,Active,0
1002129,101994,-35,6,33,Active,0
1008032,200813,-4,6,24,Active,0
1004337,103556,-26,6,27,Active,5
1003534,105998,-15,12,9,Active,0
1009461,105293,-16,12,20,Active,0
1007826,106021,-26,12,17,Active,0
1000912,108898,-44,6,3,Active,0
1000793,108693,-6,24,27,Active,0
1002429,102186,-22,24,15,Active,0
1006269,106979,-32,12,23,Active,0
1001116,100674,-47,24,32,Active,0
1004801,101845,-27,24,2,Active,0
1006868,105424,-39,12,26,Active,0
1008083,105654,-13,36,22,Active,0
1004180,102878,-28,36,16,Active,0
1006963,109362,-21,36,0,Active,0
1008982,104696,-27,6,14,Active,0
1008299,200923,-24,24,12,Active,0
1002562,201419,-17,6,7,Active,0
1003437,107737,-8,6,28,Active,0
1001947,200211,-32,36,5,Active,0
1001114,106688,-38,6,21,Active,5
1007869,106810,-36,6,32,Active,0
1003116,105540,-19,6,29,Active,0
1005265,105497,-19,36,21,Active,0
1000160,108886,-13,12,15,Active,0
1006786,108004,-43,6,35,Active,0
1008222,108403,-41,6,28,Active,0
1006283,101169,-18,24,26,Active,0
1006706,107490,-28,24,10,Active,0
1003373,101261,-25,6,19,Active,0
1005232,109678,-22,24,9,Active,0
1007873,101170,-7,24,16,Active,0
1003279,102058,-5,36,10,Active,0
1002373,100854,-1,6,12,Active,0
1003337,106755,-38,36,1,Active,0
1000977,102742,-32,12,5,Active,0
1000624,101955,-36,24,11,Active,0
1004504,104282,-17,12,32,Active,0
1005612,108368,-4,36,8,Active,0
1003216,107224,-24,6,11,Active,0
1001536,107755,-25,36,0,Active,0
1002979,201931,-40,36,26,Active,0
1001745,102078,-9,24,5,Active,0
1005774,104709,-23,36,26,Active,0
1007933,109134,-11,12,15,Active,0
1009278,107465,-14,6,4,Active,0
1005882,201286,-19,12,26,Active,0
1001721,109831,-35,12,31,Active,0
1005025,103798,-32,12,19,Active,0
1008766,200739,-1,12,13,Active,0
1001655,101108,-3,6,17,Active,0
1006601,107610,-31,6,13,Active,0
1005351,108140,-26,36,33,Active,0
1002905,201778,-43,36,15,Active,0
1003246,101070,-47,6,5,Active,0
1003538,105587,-39,6,12,Active,0
1006457,104448,-37,12,29,Active,0
1008186,108476,-40,12,19,Active,0
1009586,107488,-21,36,33,Active,0
1004236,109015,-35,24,35,Active,0
1000796,105430,-3,36,8,Active,0
1002704,100198,-23,6,28,Active,0
1005894,106382,-33,12,35,Active,0
1000042,108572,-20,24,17,Active,0
1001779,103603,-32,6,25,Active,0
1006496,104806,-25,36,27,Active,0
1008421,108458,-5,36,32,Active,0
1006533,107608,-4,36,25,Active,0
1007910,104539,-9,36,30,Active,0
1007949,106685,-10,36,2,Active,0
1000446,101655,-18,36,8,Active,0
1005421,101181,-47,12,1,Active,0
1007562,200173,-44,24,30,Active,0
1009822,105769,-37,6,28,Active,0
1009331,108526,-5,24,19,Active,0
1009870,103303,-38,6,0,Active,0
1006824,100027,-11,12,1,Active,0
1001190,100403,-18,12,25,Active,0
1008944,107693,-14,12,19,Active,0
1003244,107343,-13,6,8,Active,0
1009039,101916,-32,36,35,Active,0
1007958,103018,-38,36,16,Active,0
1002975,100428,-30,12,28,Active,0
1009785,104147,-4,12,29,Active,0
1008159,201975,-10,36,28,Active,0
1005415,103118,-36,12,13,Active,0
1008320,109759,-12,36,10,Active,0
1002110,108851,-37,6,23,Active,0
1002973,102652,-31,6,12,Active,0
1001229,201240,-6,36,35,Active,0
1009632,109339,-28,6,14,Active,0
1007482,108142,-19,24,30,Active,0
1008739,101590,-23,36,15,Active,0
1004605,104032,-45,6,12,Active,0
1004977,106191,-11,6,1,Active,0
1003211,103797,-3,12,30,Active,0
1007272,201474,-35,24,20,Active,0
1007253,201216,-40,36,7,Active,0
1004745,103082,-10,24,12,Active,0
1007038,100609,-13,12,7,Active,0
1008632,109579,-21,6,35,Active,0
1009770,108926,-42,6,13,Active,0
1005944,103336,-30,12,24,Active,0
1006232,105635,-33,36,22,Active,0
1008752,102121,-14,6,32,Active,0
1007309,104003,-28,24,31,Active,0
1007533,108523,-3,6,18,Active,0
1001825,200125,-5,12,27,Active,0
1008883,104181,-6,6,32,Active,0
1002256,102296,-46,36,2,Active,0
1003649,107966,-27,24,3,Active,0
1002209,105664,-32,24,2,Active,0
1004449,108163,-3,24,28,Active,0
1009479,201027,-43,36,24,Active,0
1003189,106720,-38,12,13,Active,0
1009706,106091,-40,36,35,Active,0
1003396,101942,-45,24,34,Active,0
1001260,101809,-40,36,33,Active,0
1007875,106876,-38,6,20,Active,0
1000601,103092,-20,6,31,Active,0
1003980,201980,-27,24,17,Active,0
1007900,100550,-25,6,1,Active,0
1008781,101259,-6,12,10,Active,0
1000119,108741,-32,6,8,Active,0
1003406,105123,-31,24,5,Active,0
1004179,106568,-15,12,8,Active,0
1003108,104576,-33,12,22,Active,0
1002122,104604,-44,24,15,Active,0
1004870,101598,-13,6,27,Active,0
1007139,107003,-40,6,28,Active,0
1000915,101698,-17,24,7,Active,0
1002885,102609,-40,36,21,Active,0
1006220,102406,-46,24,10,Active,0
1000580,200107,-34,24,17,Active,0
1002698,103721,-28,36,6,Active,0
1001290,109303,-30,6,8,Active,0
1004724,107145,-14,24,33,Active,0
1009761,108349,-6,12,16,Active,0
1000499,106825,-37,24,31,Active,0
1005444,103555,-15,6,23,Active,0
1007792,101480,-45,24,30,Active,0
1009583,108527,-30,12,19,Active,0
1003984,102331,-8,24,30,Active,0
1009239,107166,-7,24,3,Active,0
1005288,105981,-8,12,19,Active,0
1008639,102484,-6,36,1,Active,0
1005584,100736,-44,24,4,Active,0
1000363,107799,-47,6,31,Active,0
1003902,109701,-10,24,11,Active,0
1004301,109638,-14,12,8,Active,0
1005849,201874,-11,36,19,Active,0
1009623,101818,-1,24,20,Active,0
1001893,103291,-42,6,27,Active,0
1003633,101318,-5,12,21,Active,0
1007724,101365,-5,6,1,Active,0
1009504,107661,-18,36,25,Active,0
1002774,109236,-1,36,6,Active,0
1004626,107123,-3,6,3,Active,0
1002176,101599,-38,36,30,Active,0
1008404,105110,-16,36,30,Active,0
1002476,101886,-24,36,17,Active,0
1003020,104105,-46,12,5,Active,0
1000734,102621,-11,12,10,Active,0
1008206,105085,-8,12,1,Active,0
1004587,100138,-26,36,24,Active,0
1000983,201852,-8,36,20,Active,0
1007944,100943,-16,12,1,Active,0
1004550,200880,-22,6,33,Active,0
1003567,106590,-23,24,7,Active,5
1005268,108355,-40,6,35,Active,0
1007386,105559,-39,6,10,Active,0
1008265,105241,-9,12,33,Active,0
1007480,104951,-25,24,29,Active,0
1000083,101527,-22,24,25,Active,0
1004234,108935,-11,36,20,Active,0
1000798,105892,-31,24,15,Active,0
1000871,100640,-29,12,32,Active,0
1003916,106701,-4,24,31,Active,0
1008622,104541,-15,24,28,Active,0
1008190,108713,-10,6,35,Active,0
1008602,102345,-34,12,12,Active,0
1006157,103790,-12,36,13,Active,0
1000162,107354,-46,6,22,Active,0
1002320,101592,-8,12,3,Active,0
1000964,108783,-19,24,19,Active,0
1002491,200152,-3,24,24,Active,0
1008699,107807,-34,24,31,Active,0
1004146,109869,-7,6,20,Active,0
1008991,107805,-38,6,5,Active,0
1008155,101121,-7,12,24,Active,0
1003448,109671,-45,6,15,Active,0
1001950,109230,-25,36,22,Active,0
1008325,201342,-45,36,30,Active,0
1001252,104337,-3,12,35,Active,0
1000971,102652,-17,36,26,Active,0
1000181,108044,-45,36,28,Active,0
1008616,200776,-33,24,27,Active,0
1009346,104026,-27,12,11,Active,0
1004216,109505,-15,6,10,Active,0
1008136,102117,-21,24,32,Active,0
1001657,200696,-24,36,20,Active,0
1000632,101387,-43,12,30,Active,0
1006752,107182,-40,24,17,Active,0
1004477,105533,-43,36,28,Active,0
1002520,201237,-37,6,25,Active,0
1007922,106254,-29,12,6,Active,0
1000109,107215,-4,12,16,Active,0
1003517,101240,-34,36,31,Active,0
1009430,109828,-27,24,10,Active,5
1000186,103555,-41,24,0,Active,0
1008364,103067,-25,12,19,Active,0
1005148,108440,-15,24,29,Active,0
1004846,104298,-5,36,28,Active,0
1007593,103259,-32,36,2,Active,0
1008077,100447,-32,24,17,Active,0
1002203,107819,-33,6,4,Active,0
1003507,105482,-28,24,32,Active,0
1005452,106796,-3,6,5,Active,0
1003887,107022,-2,12,13,Active,0
1009249,100402,-22,6,8,Active,0
1004688,101636,-44,12,22,Active,0
1006234,101251,-31,36,2,Active,0
1002113,104335,-30,6,27,Active,0
1008049,108267,-21,36,1,Active,0
1002839,200175,-28,24,18,Active,0
1007438,101840,-28,6,9,Active,0
1007031,105156,-3,12,26,Active,0
1007626,102106,-34,12,13,Active,0
1004632,107486,-28,12,2,Active,0
1008914,105602,-39,24,29,Active,0
1005186,102985,-38,12,7,Active,0
1008873,200465,-4,12,7,Active,0
1001748,200077,-8,6,19,Active,0
1005547,105123,-26,12,25,Active,0
1002530,100842,-24,6,16,Active,0
1007209,200876,-40,36,1,Active,0
1006094,104760,-40,36,31,Active,0
1001864,102888,-5,24,21,Active,0
1001498,103015,-18,36,19,Active,0
1004019,201627,-26,6,16,Active,0
1005435,102922,-9,24,12,Active,0
1000709,104177,-23,24,18,Active,0
1008606,101796,-25,24,4,Active,0
1000616,100835,-22,6,29,Active,0
1007639,201636,-12,12,14,Active,0
1004018,100503,-15,6,28,Active,0
1000691,200269,-6,6,11,Active,0
1008236,104384,-5,12,19,Active,0
1005313,106011,-10,6,32,Active,0
1000958,200990,-10,6,11,Active,0
1004675,100555,-3,6,3,Active,0
1000505,107808,-6,12,29,Active,0
1002107,106156,-13,6,16,Active,0
1000875,104940,-27,36,22,Active,0
1000371,109245,-23,12,20,Active,0
1008742,102427,-42,36,32,Active,0
1005986,201036,-35,6,33,Active,0
1008878,109194,-8,12,26,Active,0
1006397,104198,-23,36,5,Active,0
1005867,201291,-28,12,28,Active,0
1001790,105568,-25,24,11,Active,0
1004548,100980,-46,24,16,Active,0
1006903,100299,-26,12,3,Active,0
1007638,100336,-26,36,16,Active,0
1007007,103502,-43,36,15,Active,0
1009766,108544,-44,36,23,Active,0
1005008,107026,-47,6,23,Active,0
1008296,103173,-36,24,13,Active,0
1003374,102486,-34,36,34,Active,0
1009280,200534,-2,24,9,Active,0
1006027,106918,-16,12,7,Active,0
1000834,100290,-30,6,10,Active,0
1002719,101182,-10,24,1,Active,0
1005117,105005,-16,24,3,Active,0
1002563,104578,-38,36,12,Active,0
1004111,106737,-18,24,20,Active,0
1009366,108765,-38,24,2,Active,0
1008373,106156,-5,6,26,Active,0
1000774,101133,-36,24,3,Active,0
1007184,103802,-9,12,19,Active,0
1005587,106389,-26,36,21,Active,0
1001540,106470,-25,6,30,Active,0
1006429,103030,-13,36,0,Active,0
1009355,106675,-4,6,5,Active,0
1001845,108056,-19,24,5,Active,0
1002591,108132,-20,6,1,Active,0
1001489,107928,-8,24,19,Active,0
1008823,109747,-29,24,19,Active,0
1003103,200563,-30,36,5,Active,0
1000712,102536,-38,24,23,Active,0
1001041,106821,-24,24,16,Active,0
1008738,100930,-33,12,25,Active,0
1003041,102391,-31,6,27,Active,0
1002978,108469,-22,12,31,Active,0
1002124,108795,-20,24,21,Active,0
1004707,101570,-5,12,13,Active,0
1001355,200427,-18,24,18,Active,0
1007508,106997,-35,12,9,Active,0
1006240,107298,-22,24,24,Active,0
1002125,102541,-21,24,20,Active,0
1003388,108813,-4,24,14,Active,0
1001263,109761,-27,12,2,Active,0
1005983,101462,-41,36,11,Active,0
1006749,105257,-25,12,7,Active,0
1002567,107425,-35,6,16,Active,0
1001651,101184,-30,12,5,Active,0
1002847,106158,-8,12,12,Active,0
1007693,200158,-24,36,28,Active,0
1006691,100180,-20,12,11,Active,0
1001704,106313,-44,24,1,Active,0
1001120,107541,-17,36,8,Active,0
1001363,108695,-38,12,3,Active,0
1007347,108054,-2,36,22,Active,0
1006183,108828,-3,36,4,Active,0
1003624,201994,-32,36,21,Active,0
1009867,108641,-38,6,28,Active,0
1007134,103274,-3,24,32,Active,0
1009197,102300,-17,12,5,Active,0
1001028,201999,-19,6,20,Active,0
1009329,103507,-5,36,33,Active,0
1000185,101927,-2,36,10,Active,0
1009405,200291,-43,24,19,Active,0
1004535,100407,-39,24,8,Active,0
1006514,107057,-35,12,1,Active,0
1000733,107033,-19,6,30,Active,0
1008069,103630,-41,24,19,Active,0
1007250,109369,-27,12,16,Active,0
1008083,105654,-4,12,14,Active,0
1000856,201157,-12,12,1,Active,0
1004888,200970,-7,6,29,Active,5
1008989,103493,-14,6,12,Active,0
1002281,106738,-44,36,22,Active,0
1006494,101746,-21,12,6,Active,0
1006532,102000,-12,36,8,Active,0
1002986,102580,-22,24,9,Active,5
1004169,100145,-31,24,6,Active,0
1002139,100754,-20,24,21,Active,0
1004550,200880,-41,6,2,Active,0
1006225,200125,-29,36,32,Active,0
1006114,107463,-29,24,35,Active,0
1001544,107181,-38,36,34,Active,0
1008624,200331,-36,36,23,Active,0
1007654,109726,-30,24,10,Active,0
1003565,108502,-43,36,34,Active,0
1000990,101701,-38,6,15,Active,0
1006059,109600,-10,6,3,Active,0
1003995,108441,-14,24,30,Active,0
1005815,101449,-26,36,18,Active,0
1000191,104042,-38,36,0,Active,0
1001566,101833,-2,6,34,Active,0
1008237,108128,-3,12,4,Active,0
1001245,100481,-18,12,1,Active,0
1005526,201707,-44,6,11,Active,0
1004052,100465,-41,24,4,Active,0
1001870,201363,-39,6,12,Active,0
1009339,200489,-23,12,35,Active,0
1006662,108131,-13,24,31,Active,0
1009547,201893,-19,24,10,Active,0
1007876,102441,-2,12,3,Active,0
1009489,109382,-5,24,34,Active,0
1007043,101177,-43,6,7,Active,0
1007445,101769,-13,6,30,Active,0
1003620,103592,-22,12,15,Active,0
1005984,109947,-34,24,32,Active,0
1009222,106538,-47,12,4,Active,0
1007399,106594,-31,6,35,Active,0
1001299,100677,-41,12,33,Active,0
1006514,107057,-1,36,0,Active,0
1004053,104131,-29,6,26,Active,0
1005972,105361,-35,36,17,Active,0
1007992,106541,-9,12,8,Active,0
1008114,100550,-22,12,17,Active,0
1000898,108032,-7,36,7,Active,0
1009776,101232,-6,12,13,Active,0
1001610,101977,-40,36,12,Active,0
1008563,104571,-1,12,35,Active,0
1000244,102725,-20,12,2,Active,0
1007068,105510,-41,24,26,Active,5
1008667,109440,-38,36,14,Active,0
1006737,103047,-6,12,3,Active,0
1007223,201939,-8,24,10,Active,0
1004600,104831,-30,6,16,Active,0
1002182,103685,-17,6,3,Active,0
1008407,107385,-19,36,10,Active,0
1004006,105737,-31,36,19,Active,0
1000994,104383,-11,36,33,Active,0
1004185,107526,-36,36,23,Active,0
1005520,104635,-13,24,14,Active,0
1009507,104196,-29,36,31,Active,0
1003446,200616,-7,24,27,Active,0
1003093,201153,-9,12,26,Active,0
1006117,104401,-45,36,21,Active,0
1006338,105497,-46,6,19,Active,0
1004953,102248,-11,24,34,Active,0
1009425,101061,-14,36,29,Active,0
1000940,108534,-26,36,14,Active,0
1004753,201928,-31,36,14,Active,0
1004198,101094,-40,12,6,Active,0
1007327,106508,-38,36,30,Active,0
1004109,108097,-46,24,9,Active,0
1000443,106957,-14,24,26,Active,0
1005868,104755,-34,12,1,Active,0
1006655,201583,-20,12,29,Active,0
1006289,201197,-33,36,35,Active,0
1004660,105604,-26,6,14,Active,0
1004833,105466,-26,12,23,Active,0
1002671,104290,-38,6,4,Active,0
1009678,102174,-26,6,0,Active,0
1008425,104199,-11,24,14,Active,0
1009070,102321,-22,36,4,Active,0
1000351,101443,-4,24,2,Active,0
1005713,103057,-29,24,26,Active,0
1000623,108162,-29,12,27,Active,0
1003201,104014,-35,36,29,Active,0
1004010,109279,-34,6,22,Active,0
1006384,108986,-6,6,31,Active,0
1008854,109718,-34,36,33,Active,0
1001355,200427,-43,12,15,Active,0
1004747,108007,-18,24,8,Active,0
1008120,103869,-13,12,12,Active,0
1006638,102004,-31,12,31,Active,0
1000211,108577,-14,12,7,Active,0
1003402,200034,-15,6,9,Active,0
1000257,101927,-13,6,27,Active,0
1003659,101701,-38,12,10,Active,0
1009015,102495,-36,12,5,Active,0
1005562,108218,-35,36,3,Active,0
1009353,106400,-16,12,6,Active,0
1009517,107935,-35,6,18,Active,0
1003463,107924,-44,6,9,Active,0
1009638,107135,-42,12,16,Active,0
1007926,200258,-35,12,1,Active,0
1008913,100441,-35,6,10,Active,0
1000501,201020,-44,24,21,Active,0
1005762,109682,-20,12,30,Active,0
1004343,103667,-17,12,23,Active,0
1008728,100611,-41,6,0,Active,0
1000982,105100,-20,12,10,Active,0
1005380,104434,-21,24,5,Active,0
1009425,101061,-12,36,22,Active,0
1009799,109588,-12,6,1,Active,0
1008826,109980,-32,36,2,Active,0
1002019,200534,-8,12,24,Active,0
1009615,200429,-22,6,2,Active,5
1009205,105021,-23,6,3,Active,0
1007576,102520,-18,24,2,Active,0
1009301,109891,-22,36,15,Active,0
1004858,100702,-14,24,19,Active,0
1002940,105692,-35,24,19,Active,0
1003997,106822,-28,12,16,Active,0
1001549,104416,-38,36,13,Active,0
1007244,103882,-18,36,5,Active,0
1007392,201359,-10,12,4,Active,0
1004614,102279,-32,36,21,Active,0
1005039,101338,-5,36,9,Active,0
1005542,104609,-37,24,32,Active,0
1008375,107627,-29,12,17,Active,0
1004009,201909,-3,6,28,Active,0
1000314,109486,-16,6,34,Active,0
1007549,107580,-30,12,24,Active,0
1001657,200696,-36,6,0,Active,0
1005966,109928,-3,36,26,Active,0
1003161,107635,-30,6,34,Active,0
1001144,109708,-23,24,27,Active,0
1007627,107031,-40,36,0,Active,0
1004866,105409,-11,24,0,Active,0
1005201,102063,-33,6,4,Active,0
1001952,106688,-37,36,2,Active,0
1001249,101569,-47,24,3,Active,0
1008686,107467,-30,36,26,Active,0
1003469,103234,-9,24,3,Active,0
1003007,100039,-33,6,25,Active,0
1004803,201538,-9,36,15,Active,0
1000656,200705,-38,36,33,Active,0
1005993,107966,-6,12,13,Active,0
1006784,104110,-47,36,31,Active,0
1003353,102290,-12,36,18,Active,0
1004487,103810,-43,12,13,Active,0
1005209,108226,-13,24,26,Active,0
1005721,101351,-25,36,9,Active,0
1004247,200740,-1,6,8,Active,0
1004566,100810,-34,6,7,Active,0
1006173,103690,-47,6,7,Active,0
1002663,200516,-43,12,3,Active,0
1000865,201150,-38,12,1,Active,0
1009804,100893,-11,24,11,Active,0
1002882,201911,-22,24,29,Active,0
1007510,200898,-2,6,28,Active,0
1000965,201068,-7,36,32,Active,0
1007901,105307,-28,36,16,Active,0
1009873,102204,-15,36,4,Active,0
1005145,201090,-21,24,21,Active,0
1003029,109085,-46,6,15,Active,0
1009167,108870,-28,24,15,Active,0
1003208,200722,-21,24,34,Active,0
1004239,107152,-4,24,32,Active,0
