SK_ID_PREV,SK_ID_CURR,NAME_CONTRACT_TYPE,AMT_APPLICATION,AMT_CREDIT,NAME_CONTRACT_STATUS
1000000,103098,Cash loans,8869.95,146112.77,Approved
1000001,104502,Consumer loans,188411.72,159598.46,Approved
1000002,105747,Cash loans,199000.83,40313.95,Approved
1000003,104391,Consumer loans,113619.87,27565.22,Canceled
1000004,100056,Revolving loans,315804.82,68639.98,Approved
1000005,102380,Consumer loans,15600.62,72194.02,Approved
1000006,102429,Consumer loans,20014.59,59076.16,Refused
1000007,107690,Revolving loans,104104.6,35644.47,Canceled
1000008,105958,Revolving loans,26297.28,71500.22,Approved
1000009,105267,Revolving loans,40718.43,114866.9,Approved
1000010,105163,Consumer loans,52064.76,334101.78,Approved
1000011,200498,Cash loans,34926.34,122408.12,Approved
1000012,108003,Consumer loans,11147.85,309162.23,Approved
1000013,107212,Revolving loans,71023.94,217051.98,Refused
1000014,103377,Cash loans,57631.14,113794.17,Approved
1000015,106824,Revolving loans,154592.03,36816.64,Approved
1000016,106416,Cash loans,3962.08,52790.94,Refused
1000017,108835,Consumer loans,72566.97,108029.5,Approved
1000018,106748,Cash loans,162139.16,12249.43,Approved
1000019,101983,Consumer loans,158884.02,222448.49,Approved
1000020,100504,Revolving loans,130409.98,76486.5,Approved
1000021,201029,Revolving loans,33130.46,26993.63,Canceled
1000022,100666,Consumer loans,12031.03,136773.23,Canceled
1000023,109312,Cash loans,74207.03,137407.12,Canceled
1000024,100047,Cash loans,537.91,64486.58,Approved
1000025,100145,Consumer loans,135722.09,49662.96,Refused
1000026,108629,Cash loans,106400.15,118857.32,Approved
1000027,101282,Cash loans,94663.86,97164.45,Approved
1000028,100764,Cash loans,2920.98,215719.12,Refused
1000029,201487,Revolving loans,97712.91,7632.59,Canceled
1000030,109744,Consumer loans,54304.36,199236.22,Approved
1000031,201183,Revolving loans,13476.33,84671.72,Canceled
1000032,201198,Consumer loans,10910.81,14293.89,Approved
1000033,100187,Consumer loans,115688.44,341700.11,Canceled
1000034,101004,Cash loans,190582.59,45136.52,Approved
1000035,101409,Revolving loans,218333.19,69490.28,Refused
1000036,101489,Consumer loans,90578.0,168047.64,Approved
1000037,101054,Cash loans,111005.93,202004.85,Refused
1000038,108399,Revolving loans,24071.22,182844.44,Approved
1000039,109418,Consumer loans,93679.1,69494.9,Approved
1000040,109107,Consumer loans,110200.98,365205.1,Approved
1000041,104021,Cash loans,64145.07,74688.66,Approved
1000042,108572,Revolving loans,212082.18,226972.18,Refused
1000043,103208,Cash loans,163931.59,195846.06,Approved
1000044,200392,Cash loans,10136.15,29122.1,Approved
1000045,201610,Revolving loans,12337.78,1499.18,Approved
1000046,108308,Revolving loans,63756.68,257997.79,Refused
1000047,108718,Cash loans,23645.54,312334.96,Approved
1000048,105466,Consumer loans,167325.27,23036.78,Refused
1000049,108522,Cash loans,70191.79,160536.37,Approved
1000050,201595,Revolving loans,13965.09,101771.41,Approved
1000051,104208,Revolving loans,1442.84,267217.74,Canceled
1000052,201234,Revolving loans,121175.05,48164.24,Approved
1000053,102045,Revolving loans,41193.8,88303.02,Approved
1000054,201824,Revolving loans,7747.22,435504.05,Approved
1000055,104556,Cash loans,206283.22,64986.72,Approved
1000056,104157,Consumer loans,113202.68,75119.06,Refused
1000057,109273,Revolving loans,14710.64,189274.55,Canceled
1000058,106918,Consumer loans,82679.6,245203.93,Canceled
1000059,201892,Revolving loans,31281.47,509107.83,Canceled
1000060,106466,Cash loans,46177.3,22680.53,Canceled
1000061,104062,Revolving loans,207034.1,491083.15,Canceled
1000062,106261,Revolving loans,7423.16,157228.0,Approved
1000063,109033,Cash loans,78636.88,7864.37,Approved
1000064,102562,Cash loans,149250.03,574317.92,Approved
1000065,105415,Revolving loans,306123.65,207679.0,Refused
1000066,105982,Cash loans,70366.73,36732.31,Refused
1000067,107602,Cash loans,55478.66,239666.17,Canceled
1000068,108589,Cash loans,99988.17,365398.38,Approved
1000069,106214,Cash loans,127139.82,24078.82,Approved
1000070,101593,Consumer loans,183966.99,204183.0,Refused
1000071,105512,Cash loans,18442.48,443691.21,Approved
1000072,102421,Consumer loans,44280.49,134920.5,Canceled
1000073,102922,Consumer loans,501771.35,8412.87,Approved
1000074,200730,Revolving loans,156395.38,66134.66,Approved
1000075,107695,Cash loans,36094.49,10328.9,Canceled
1000076,105211,Consumer loans,152009.08,344120.03,Approved
1000077,201647,Cash loans,310614.84,94058.38,Refused
1000078,104446,Consumer loans,417135.15,2694.97,Approved
1000079,201945,Revolving loans,17637.73,235701.4,Approved
1000080,106617,Revolving loans,157812.81,124508.46,Approved
1000081,106104,Cash loans,5101.04,20806.35,Canceled
1000082,105906,Revolving loans,71757.57,172428.0,Approved
1000083,101527,Consumer loans,209038.69,3347.75,Approved
1000084,201577,Cash loans,3061.56,14699.92,Refused
1000085,107918,Consumer loans,3315.26,39392.44,Canceled
1000086,101314,Cash loans,170427.78,22063.68,Approved
1000087,107893,Cash loans,131126.41,94220.8,Canceled
1000088,108057,Consumer loans,1273.36,285422.67,Approved
1000089,200513,Consumer loans,150221.06,26544.86,Approved
1000090,200782,Revolving loans,83923.33,191829.99,Canceled
1000091,105402,Cash loans,75892.55,56629.31,Approved
1000092,101026,Consumer loans,167579.61,14122.15,Refused
1000093,107125,Cash loans,37551.1,50313.71,Approved
1000094,100465,Consumer loans,102056.5,22751.85,Canceled
1000095,102650,Consumer loans,179980.61,57915.06,Approved
1000096,104255,Revolving loans,19025.48,98771.36,Refused
1000097,102942,Cash loans,313392.64,138180.19,Refused
1000098,100978,Revolving loans,66160.38,143523.17,Canceled
1000099,107704,Consumer loans,25607.86,282469.81,Canceled
1000100,201451,Revolving loans,65493.59,14819.4,Approved
1000101,108528,Consumer loans,95560.5,47926.2,Canceled
1000102,201629,Consumer loans,21849.28,135135.06,Approved
1000103,107117,Revolving loans,684.6,243347.86,Approved
1000104,109310,Revolving loans,15923.85,322550.88,Approved
1000105,109421,Consumer loans,3564.57,213518.7,Approved
1000106,108599,Revolving loans,53247.37,542841.28,Approved
1000107,102864,Revolving loans,78732.21,314229.5,Approved
1000108,102399,Consumer loans,130923.86,158640.66,Canceled
1000109,107215,Cash loans,14277.99,186506.48,Approved
1000110,108179,Consumer loans,225652.66,49546.05,Approved
1000111,104638,Cash loans,16737.65,24974.33,Approved
1000112,108926,Revolving loans,100472.62,34991.02,Canceled
1000113,100105,Consumer loans,67087.0,29412.27,Refused
1000114,201578,Revolving loans,7437.11,230828.53,Approved
1000115,105173,Consumer loans,16802.18,15015.2,Approved
1000116,108671,Revolving loans,387132.0,12929.23,Canceled
1000117,104073,Cash loans,9544.39,306744.16,Approved
1000118,102145,Cash loans,84714.93,154155.66,Canceled
1000119,108741,Consumer loans,76638.79,226941.36,Approved
1000120,104192,Consumer loans,6035.45,48243.46,Approved
1000121,103665,Cash loans,25191.88,19649.35,Approved
1000122,100910,Revolving loans,19230.7,30001.73,Approved
1000123,108909,Consumer loans,251644.53,129590.19,Approved
1000124,201567,Revolving loans,10034.4,89910.9,Approved
1000125,201106,Revolving loans,78230.56,27452.3,Approved
1000126,201568,Consumer loans,103200.62,4980.86,Refused
1000127,108278,Revolving loans,52498.56,187627.38,Approved
1000128,104920,Consumer loans,63055.37,120960.68,Approved
1000129,107884,Cash loans,167976.34,87945.98,Approved
1000130,108411,Cash loans,87607.35,13538.44,Canceled
1000131,102094,Consumer loans,265278.73,345713.45,Approved
1000132,102302,Cash loans,3873.13,12496.13,Canceled
1000133,105024,Cash loans,336119.33,57520.47,Approved
1000134,201099,Revolving loans,316033.03,16504.18,Refused
1000135,105050,Consumer loans,43405.13,248993.45,Approved
1000136,201210,Cash loans,238209.22,55109.81,Approved
1000137,100836,Revolving loans,106977.75,150360.6,Approved
1000138,109629,Consumer loans,10610.48,162943.12,Canceled
1000139,108200,Revolving loans,89005.16,10721.57,Approved
1000140,100060,Consumer loans,31220.57,55604.49,Canceled
1000141,101926,Cash loans,27895.24,12249.78,Approved
1000142,104654,Consumer loans,1314.17,838.88,Refused
1000143,105908,Revolving loans,128824.4,25156.57,Approved
1000144,201183,Revolving loans,33484.57,460.52,Approved
1000145,106797,Revolving loans,265621.94,160714.5,Refused
1000146,104383,Cash loans,4953.46,12615.05,Approved
1000147,102605,Consumer loans,191867.15,400876.69,Approved
1000148,201678,Revolving loans,8999.17,49509.99,Approved
1000149,201437,Revolving loans,30638.85,99146.03,Approved
1000150,105253,Cash loans,36826.5,109240.86,Approved
1000151,109480,Consumer loans,118408.42,27810.98,Canceled
1000152,201021,Cash loans,22327.3,144406.81,Canceled
1000153,106081,Consumer loans,63553.73,386144.57,Approved
1000154,109629,Consumer loans,43195.53,160234.64,Approved
1000155,109294,Consumer loans,137011.59,110474.98,Refused
1000156,104029,Cash loans,100626.39,9161.2,Canceled
1000157,105218,Revolving loans,13703.14,16182.08,Canceled
1000158,102870,Consumer loans,12730.54,4947.58,Canceled
1000159,105592,Consumer loans,97546.85,89634.44,Approved
1000160,108886,Consumer loans,73743.79,173404.69,Approved
1000161,106125,Cash loans,151110.91,105469.36,Approved
1000162,107354,Revolving loans,7049.38,33745.56,Refused
1000163,201464,Consumer loans,583775.54,82696.0,Refused
1000164,100318,Revolving loans,137400.25,713.18,Approved
1000165,109141,Revolving loans,287201.6,40258.92,Canceled
1000166,107605,Revolving loans,121553.38,70569.45,Refused
1000167,106115,Cash loans,4543.41,161491.03,Approved
1000168,108823,Consumer loans,137737.92,1584.7,Approved
1000169,101759,Revolving loans,27522.56,99398.14,Approved
1000170,103032,Revolving loans,33921.07,22216.68,Canceled
1000171,108406,Consumer loans,100248.01,58660.2,Approved
1000172,104413,Revolving loans,87846.7,12204.4,Approved
1000173,103670,Cash loans,327339.37,199727.14,Approved
1000174,107048,Cash loans,960.99,174784.93,Approved
1000175,102537,Cash loans,119190.74,430863.92,Approved
1000176,100045,Cash loans,269637.44,695858.58,Refused
1000177,103782,Consumer loans,17757.77,157406.04,Approved
1000178,108115,Revolving loans,101111.4,6603.15,Approved
1000179,101525,Revolving loans,310730.77,9909.89,Approved
1000180,105851,Cash loans,64200.2,1775.58,Approved
1000181,108044,Consumer loans,2688.81,35900.94,Refused
1000182,102922,Consumer loans,24755.06,186182.47,Approved
1000183,103443,Consumer loans,89347.14,12801.56,Canceled
1000184,107471,Consumer loans,251595.14,44467.38,Approved
1000185,101927,Cash loans,55209.78,109935.53,Refused
1000186,103555,Consumer loans,27272.98,256764.19,Approved
1000187,107761,Cash loans,17722.69,133221.08,Approved
1000188,102648,Revolving loans,530216.03,40936.85,Approved
1000189,102047,Cash loans,60732.95,203746.13,Approved
1000190,109288,Revolving loans,146519.34,8833.4,Canceled
1000191,104042,Cash loans,259952.17,29509.59,Approved
1000192,106569,Cash loans,113514.28,45022.22,Approved
1000193,105535,Consumer loans,514586.0,430081.79,Canceled
1000194,201881,Cash loans,27583.66,95661.3,Refused
1000195,103847,Consumer loans,120828.34,55329.36,Approved
1000196,201033,Consumer loans,46304.89,12997.78,Approved
1000197,105971,Consumer loans,187251.15,58240.15,Approved
1000198,201196,Consumer loans,69145.16,81226.7,Canceled
1000199,201461,Revolving loans,54398.51,43145.58,Refused
1000200,104417,Cash loans,764.0,121486.12,Approved
1000201,101028,Cash loans,60315.77,35063.08,Approved
1000202,103863,Consumer loans,205800.76,133362.84,Approved
1000203,109444,Cash loans,234936.28,184135.93,Canceled
1000204,105336,Revolving loans,23941.98,31847.67,Approved
1000205,201564,Cash loans,53906.87,157718.59,Refused
1000206,106484,Revolving loans,61945.25,34667.22,Approved
1000207,100287,Revolving loans,50856.89,89325.53,Approved
1000208,201527,Consumer loans,110732.11,57891.31,Approved
1000209,101967,Consumer loans,31134.62,23823.71,Approved
1000210,201723,Cash loans,36903.93,184330.24,Approved
1000211,108577,Revolving loans,153055.61,102467.05,Approved
1000212,108648,Consumer loans,213915.66,71107.62,Canceled
1000213,200412,Consumer loans,419.48,211399.68,Approved
1000214,105387,Consumer loans,181373.8,261297.54,Canceled
1000215,101744,Consumer loans,75789.8,19966.11,Approved
1000216,100197,Revolving loans,83157.36,3724.25,Approved
1000217,100835,Consumer loans,45772.45,49776.5,Refused
1000218,101538,Consumer loans,50930.6,170693.11,Approved
1000219,109085,Cash loans,50356.68,305723.49,Refused
1000220,103982,Cash loans,40780.1,267113.57,Approved
1000221,100357,Cash loans,317157.1,27027.48,Approved
1000222,107211,Cash loans,14690.57,12851.74,Approved
1000223,105848,Cash loans,27471.22,35007.47,Approved
1000224,109521,Consumer loans,155956.63,93887.95,Refused
1000225,103167,Cash loans,41167.86,241481.95,Approved
1000226,100810,Cash loans,24211.5,61083.43,Approved
1000227,108125,Consumer loans,38779.56,180435.24,Approved
1000228,102504,Revolving loans,304768.95,329923.12,Refused
1000229,103589,Consumer loans,3227.8,105520.7,Approved
1000230,100456,Cash loans,5015.12,180008.47,Approved
1000231,107695,Cash loans,165672.89,68746.68,Approved
1000232,107392,Revolving loans,3995.48,66158.91,Approved
1000233,102513,Revolving loans,50040.9,79526.95,Approved
1000234,201824,Cash loans,23842.7,28320.6,Canceled
1000235,201127,Revolving loans,51896.53,24979.79,Canceled
1000236,109933,Consumer loans,11121.63,205990.55,Refused
1000237,102307,Revolving loans,48097.16,61918.25,Canceled
1000238,200485,Revolving loans,78329.48,50410.46,Canceled
1000239,104223,Consumer loans,138648.34,242419.27,Refused
1000240,103048,Revolving loans,54596.8,643925.09,Approved
1000241,102376,Consumer loans,68293.02,249722.72,Canceled
1000242,101233,Cash loans,12386.02,54287.31,Approved
1000243,100806,Consumer loans,90582.4,185573.93,Approved
1000244,102725,Consumer loans,60318.44,321719.99,Canceled
1000245,100376,Revolving loans,25439.07,137677.16,Approved
1000246,103957,Revolving loans,60670.73,211057.52,Approved
1000247,104558,Consumer loans,57740.89,316723.17,Canceled
1000248,107097,Cash loans,246805.56,25499.27,Approved
1000249,106337,Consumer loans,150680.66,106889.07,Approved
1000250,109661,Revolving loans,203136.34,63013.22,Approved
1000251,106366,Consumer loans,193659.51,136006.68,Approved
1000252,101120,Consumer loans,168551.42,1962.19,Approved
1000253,108012,Revolving loans,9318.56,61281.12,Approved
1000254,103536,Cash loans,15134.35,151875.46,Approved
1000255,200931,Revolving loans,34802.47,62473.38,Canceled
1000256,100791,Cash loans,195992.6,72696.55,Approved
1000257,101927,Cash loans,42906.89,44307.58,Refused
1000258,101057,Revolving loans,115423.21,44380.7,Canceled
1000259,106795,Cash loans,28639.68,17213.8,Refused
1000260,100652,Revolving loans,252205.3,45444.7,Canceled
1000261,109606,Revolving loans,92655.58,266389.82,Refused
1000262,104233,Consumer loans,83130.09,200629.05,Refused
1000263,103923,Revolving loans,123656.55,180874.67,Refused
1000264,101993,Cash loans,27373.89,48742.5,Refused
1000265,201084,Cash loans,251246.95,93502.92,Approved
1000266,101741,Cash loans,105098.4,42.87,Canceled
1000267,105715,Cash loans,7959.73,17495.05,Refused
1000268,106074,Revolving loans,79106.49,455026.76,Refused
1000269,108665,Consumer loans,71947.16,31542.67,Approved
1000270,109971,Cash loans,76098.93,119133.06,Approved
1000271,101433,Revolving loans,210820.08,58425.99,Approved
1000272,201543,Consumer loans,35848.49,350863.87,Refused
1000273,105102,Cash loans,10535.56,86415.63,Approved
1000274,106528,Consumer loans,48209.88,261976.87,Canceled
1000275,104954,Consumer loans,587702.1,58109.46,Approved
1000276,108201,Cash loans,324884.34,59333.52,Approved
1000277,101096,Revolving loans,216001.81,78219.17,Approved
1000278,101485,Cash loans,917.8,19645.52,Refused
1000279,105129,Consumer loans,17046.14,67840.74,Refused
1000280,201878,Cash loans,107971.2,49156.02,Canceled
1000281,107943,Cash loans,14516.07,492173.88,Approved
1000282,108666,Consumer loans,109576.47,2706.88,Canceled
1000283,101519,Consumer loans,46060.94,92681.06,Refused
1000284,103755,Consumer loans,100307.09,599777.0,Approved
1000285,100885,Cash loans,287761.65,374324.05,Approved
1000286,105993,Consumer loans,82956.38,24543.18,Refused
1000287,200234,Revolving loans,63990.93,59723.2,Refused
1000288,100496,Revolving loans,68892.38,180166.27,Approved
1000289,102331,Revolving loans,58731.94,136186.18,Approved
1000290,107835,Cash loans,284884.68,28437.16,Approved
1000291,200612,Revolving loans,74598.48,58775.34,Approved
1000292,105374,Cash loans,173022.7,139620.53,Approved
1000293,109882,Consumer loans,237601.72,67451.68,Approved
1000294,109221,Revolving loans,59207.26,117140.22,Approved
1000295,105972,Revolving loans,184893.86,148556.88,Approved
1000296,103419,Cash loans,141554.88,139181.18,Canceled
1000297,105059,Revolving loans,28257.52,105123.98,Canceled
1000298,103627,Revolving loans,61215.11,163595.02,Refused
1000299,104252,Consumer loans,52283.3,50175.91,Approved
1000300,108089,Consumer loans,14584.63,416832.73,Canceled
1000301,200866,Consumer loans,77899.17,67154.0,Approved
1000302,109908,Cash loans,107970.87,132989.53,Approved
1000303,201181,Revolving loans,38745.7,278706.8,Refused
1000304,100915,Cash loans,130986.77,66616.98,Refused
1000305,201492,Consumer loans,101767.01,2544.07,Approved
1000306,201668,Consumer loans,38508.92,224750.79,Approved
1000307,108972,Revolving loans,2844.35,62232.4,Refused
1000308,102186,Consumer loans,48211.07,173645.22,Refused
1000309,109137,Cash loans,301351.14,42428.97,Approved
1000310,200389,Consumer loans,111118.48,51009.45,Refused
1000311,108962,Cash loans,137596.4,72399.67,Canceled
1000312,107598,Consumer loans,21636.73,118078.13,Approved
1000313,106966,Consumer loans,46718.33,46901.27,Canceled
1000314,109486,Consumer loans,61755.04,93622.62,Approved
1000315,102799,Cash loans,71489.25,49224.08,Approved
1000316,109914,Revolving loans,160101.21,128339.99,Approved
1000317,109165,Revolving loans,206678.78,224533.37,Approved
1000318,105412,Cash loans,18372.57,147513.92,Approved
1000319,106304,Revolving loans,203181.02,175961.04,Approved
1000320,103408,Consumer loans,238606.15,104566.56,Approved
1000321,101147,Revolving loans,200434.23,188207.24,Approved
1000322,200347,Revolving loans,58367.45,21380.57,Approved
1000323,100183,Cash loans,21655.1,114006.77,Approved
1000324,101972,Cash loans,53065.37,335457.31,Approved
1000325,200427,Cash loans,5377.82,85286.47,Approved
1000326,102000,Cash loans,48837.01,114365.44,Approved
1000327,104031,Consumer loans,70175.83,234510.4,Approved
1000328,104781,Cash loans,446343.0,10274.71,Refused
1000329,101994,Cash loans,108194.98,79225.81,Approved
1000330,200112,Consumer loans,19194.0,102427.25,Approved
1000331,104620,Consumer loans,15546.75,368417.68,Refused
1000332,104233,Cash loans,8636.43,101647.87,Canceled
1000333,106345,Consumer loans,12794.09,38903.49,Approved
1000334,103060,Revolving loans,18440.8,479358.8,Approved
1000335,109628,Consumer loans,2649.46,26602.22,Approved
1000336,102457,Consumer loans,335442.74,25141.24,Approved
1000337,200108,Revolving loans,61906.46,109768.8,Approved
1000338,201908,Cash loans,105727.84,145465.66,Approved
1000339,100388,Revolving loans,171796.1,140021.6,Refused
1000340,101639,Consumer loans,16842.1,32509.8,Refused
1000341,200752,Revolving loans,21152.87,108259.14,Canceled
1000342,107432,Consumer loans,33085.12,122943.66,Refused
1000343,102156,Cash loans,101384.28,218262.61,Approved
1000344,201983,Cash loans,79181.83,126923.99,Approved
1000345,102755,Revolving loans,29656.44,557836.16,Approved
1000346,103652,Consumer loans,16238.67,34646.96,Approved
1000347,200985,Cash loans,43313.03,27872.01,Approved
1000348,107679,Cash loans,131340.79,84865.6,Approved
1000349,108138,Revolving loans,1430.24,273.91,Approved
1000350,201874,Revolving loans,37019.12,36997.81,Approved
1000351,101443,Consumer loans,39490.13,31606.59,Approved
1000352,200934,Cash loans,87198.27,273429.18,Refused
1000353,103156,Revolving loans,54827.15,37335.32,Approved
1000354,104106,Consumer loans,103330.57,42344.81,Canceled
1000355,104267,Cash loans,257220.22,176154.81,Refused
1000356,108361,Consumer loans,38857.69,43264.59,Approved
1000357,200381,Consumer loans,386207.79,8274.44,Canceled
1000358,108127,Revolving loans,43379.36,20503.77,Approved
1000359,106573,Consumer loans,62468.77,50387.45,Approved
1000360,109675,Consumer loans,31691.78,50387.02,Approved
1000361,102302,Revolving loans,65564.12,22079.67,Approved
1000362,104204,Revolving loans,7500.99,58240.87,Approved
1000363,107799,Consumer loans,19825.28,265142.74,Approved
1000364,107804,Cash loans,111016.95,61744.22,Refused
1000365,103912,Consumer loans,5726.88,6303.79,Approved
1000366,100198,Consumer loans,33579.48,4447.54,Approved
1000367,201338,Revolving loans,21879.94,205205.56,Canceled
1000368,101133,Consumer loans,237274.44,74283.59,Approved
1000369,107022,Cash loans,46477.12,35685.5,Canceled
1000370,107948,Revolving loans,1813.73,256168.81,Approved
1000371,109245,Consumer loans,2361.45,31560.17,Approved
1000372,102164,Cash loans,330218.08,93434.9,Approved
1000373,201578,Consumer loans,427486.64,86154.33,Approved
1000374,107771,Consumer loans,253366.05,95158.57,Refused
1000375,102028,Cash loans,6226.88,1424.6,Refused
1000376,201670,Consumer loans,109423.98,49474.77,Approved
1000377,108968,Revolving loans,58196.72,73348.82,Canceled
1000378,201090,Consumer loans,74672.18,33208.32,Refused
1000379,100988,Cash loans,86733.31,120721.56,Approved
1000380,107066,Cash loans,191369.58,157145.35,Approved
1000381,108714,Revolving loans,96824.54,31856.5,Approved
1000382,109034,Cash loans,12288.62,1389.08,Canceled
1000383,107629,Revolving loans,32464.98,66839.5,Approved
1000384,100277,Cash loans,54740.61,66632.05,Approved
1000385,107787,Cash loans,24878.96,33697.43,Approved
1000386,201610,Consumer loans,145538.83,54646.44,Approved
1000387,100986,Revolving loans,478018.25,106192.72,Approved
1000388,102534,Revolving loans,435.68,159587.2,Canceled
1000389,107100,Revolving loans,81245.19,305717.18,Refused
1000390,201536,Cash loans,28569.68,11460.37,Canceled
1000391,106275,Revolving loans,5868.38,167740.94,Canceled
1000392,201274,Consumer loans,163353.2,33081.76,Refused
1000393,102545,Cash loans,27651.85,243594.73,Refused
1000394,103660,Revolving loans,107119.32,233994.06,Approved
1000395,109745,Revolving loans,137899.81,226770.85,Approved
1000396,107060,Revolving loans,28167.82,12707.72,Approved
1000397,200830,Revolving loans,64182.53,68190.09,Canceled
1000398,101761,Cash loans,235583.65,29436.26,Approved
1000399,105980,Consumer loans,96544.07,239833.46,Approved
1000400,104732,Revolving loans,73921.56,139534.14,Approved
1000401,102850,Revolving loans,185756.93,151257.43,Refused
1000402,108099,Consumer loans,69076.59,74131.33,Approved
1000403,107886,Revolving loans,30685.68,36794.29,Approved
1000404,103240,Revolving loans,10559.38,100004.74,Approved
1000405,107578,Cash loans,139890.3,277570.83,Approved
1000406,105688,Revolving loans,304509.05,17608.44,Refused
1000407,102434,Cash loans,275446.66,8918.11,Approved
1000408,201074,Cash loans,63651.34,212978.31,Approved
1000409,101114,Consumer loans,114928.75,97596.52,Canceled
1000410,104673,Cash loans,125651.54,49674.34,Approved
1000411,105257,Cash loans,47141.23,19548.14,Refused
1000412,102266,Revolving loans,429462.72,36189.04,Canceled
1000413,100175,Revolving loans,69997.67,24775.94,Refused
1000414,104425,Revolving loans,100300.66,7704.94,Canceled
1000415,108965,Consumer loans,260520.11,207876.46,Canceled
1000416,105843,Revolving loans,71591.66,181437.99,Approved
1000417,103881,Revolving loans,58307.7,58262.06,Canceled
1000418,100711,Revolving loans,117807.02,52098.54,Approved
1000419,200305,Revolving loans,95886.11,50869.73,Refused
1000420,200153,Consumer loans,233861.97,52869.66,Approved
1000421,105029,Cash loans,75891.23,1311.83,Canceled
1000422,109666,Cash loans,15768.4,52385.55,Approved
1000423,101667,Consumer loans,208761.04,141207.92,Canceled
1000424,103042,Consumer loans,157693.06,300335.96,Approved
1000425,201878,Consumer loans,21347.67,16744.24,Approved
1000426,100106,Revolving loans,52373.19,21325.6,Approved
1000427,107799,Consumer loans,236237.62,454461.08,Refused
1000428,106180,Consumer loans,146171.23,20583.61,Canceled
1000429,108014,Revolving loans,18102.24,106759.13,Refused
1000430,106301,Cash loans,85379.11,129505.24,Canceled
1000431,105230,Revolving loans,310942.25,7615.73,Canceled
1000432,100071,Revolving loans,105435.38,266860.65,Canceled
1000433,104473,Consumer loans,38003.93,17912.79,Approved
1000434,201699,Consumer loans,31753.28,21326.05,Approved
1000435,107596,Consumer loans,252164.15,33278.04,Approved
1000436,201220,Consumer loans,198669.51,95320.24,Approved
1000437,201694,Consumer loans,176139.1,84146.07,Approved
1000438,105307,Revolving loans,271262.55,49387.97,Refused
1000439,107315,Cash loans,9568.29,57567.74,Approved
1000440,200661,Consumer loans,61350.82,93699.86,Approved
1000441,101348,Revolving loans,15873.46,152952.55,Approved
1000442,100056,Revolving loans,330899.92,220788.17,Canceled
1000443,106957,Consumer loans,9955.2,339.69,Approved
1000444,100650,Cash loans,26192.6,189691.77,Approved
1000445,109301,Cash loans,48393.75,24156.82,Refused
1000446,101655,Cash loans,26264.31,98057.8,Approved
1000447,109492,Revolving loans,22108.57,207313.05,Refused
1000448,201186,Consumer loans,105171.4,13673.91,Canceled
1000449,109539,Revolving loans,56107.55,70394.77,Canceled
1000450,107120,Consumer loans,99970.18,92437.38,Canceled
1000451,200421,Cash loans,219204.14,5298.99,Canceled
1000452,100058,Cash loans,111472.93,30363.58,Approved
1000453,102931,Cash loans,224711.36,630455.55,Approved
1000454,109785,Consumer loans,11896.61,167696.11,Canceled
1000455,102734,Cash loans,43122.55,39983.19,Canceled
1000456,104708,Revolving loans,15579.15,29794.53,Refused
1000457,201897,Revolving loans,34735.55,239177.13,Approved
1000458,108454,Revolving loans,40838.46,110175.13,Refused
1000459,105930,Consumer loans,221526.04,97256.66,Approved
1000460,200365,Consumer loans,20932.66,63637.22,Refused
1000461,106885,Revolving loans,130645.82,303881.34,Refused
1000462,200096,Cash loans,125784.8,30543.36,Canceled
1000463,101709,Cash loans,2139.96,6146.47,Canceled
1000464,106381,Revolving loans,40224.17,32207.27,Canceled
1000465,108632,Revolving loans,21382.04,155485.06,Approved
1000466,108706,Consumer loans,9498.83,75317.53,Canceled
1000467,101147,Revolving loans,197333.09,49105.97,Canceled
1000468,107668,Consumer loans,65756.36,18125.78,Refused
1000469,107390,Cash loans,77035.02,30559.64,Approved
1000470,100687,Revolving loans,41550.2,47518.33,Approved
1000471,108649,Consumer loans,41916.38,138179.83,Approved
1000472,106939,Revolving loans,312893.26,62333.78,Canceled
1000473,106215,Revolving loans,260124.62,98758.18,Approved
1000474,106829,Consumer loans,74977.64,58.47,Approved
1000475,109460,Revolving loans,3638.27,28722.22,Refused
1000476,200923,Consumer loans,78471.13,1037.8,Approved
1000477,105800,Cash loans,40182.35,199850.15,Refused
1000478,100816,Revolving loans,68941.42,111152.55,Approved
1000479,104561,Cash loans,25815.42,59231.17,Approved
1000480,100803,Cash loans,98175.42,23789.47,Refused
1000481,201188,Consumer loans,4205.03,292724.9,Approved
1000482,107050,Cash loans,75061.77,25959.93,Approved
1000483,101427,Revolving loans,41262.72,474553.89,Refused
1000484,103212,Consumer loans,16154.56,90035.14,Approved
1000485,100311,Cash loans,270804.65,183372.37,Approved
1000486,200757,Consumer loans,1155.76,106710.61,Canceled
1000487,200758,Consumer loans,39912.5,72274.16,Approved
1000488,105178,Consumer loans,18397.94,286710.25,Refused
1000489,201683,Revolving loans,31132.78,587201.02,Approved
1000490,101719,Cash loans,45678.44,191853.7,Refused
1000491,201920,Cash loans,6164.89,115924.37,Canceled
1000492,105772,Cash loans,121966.08,185777.92,Canceled
1000493,104006,Revolving loans,5680.25,15297.38,Approved
1000494,101387,Cash loans,44544.03,55768.84,Canceled
1000495,103867,Consumer loans,139394.89,59460.14,Approved
1000496,200826,Revolving loans,198298.51,41054.26,Canceled
1000497,102947,Revolving loans,101726.15,7371.09,Approved
1000498,103573,Revolving loans,17455.72,48319.89,Approved
1000499,106825,Revolving loans,19022.63,217995.47,Canceled
1000500,101757,Consumer loans,31820.72,91485.61,Approved
1000501,201020,Revolving loans,15879.23,64839.33,Approved
1000502,103387,Consumer loans,321931.39,63232.51,Approved
1000503,100390,Cash loans,10098.05,34200.91,Canceled
1000504,106481,Consumer loans,60570.26,141991.04,Approved
1000505,107808,Consumer loans,108902.64,383486.69,Approved
1000506,100825,Revolving loans,229231.18,167287.57,Approved
1000507,103318,Revolving loans,183531.32,64552.3,Canceled
1000508,200672,Cash loans,71700.52,29238.67,Approved
1000509,201265,Cash loans,1763.71,66603.34,Approved
1000510,200496,Revolving loans,7455.19,139971.12,Approved
1000511,106475,Consumer loans,41233.61,41749.54,Approved
1000512,200584,Consumer loans,90659.19,336779.7,Approved
1000513,109409,Cash loans,201088.74,12092.18,Refused
1000514,108954,Revolving loans,47676.97,72542.87,Approved
1000515,200806,Cash loans,119578.83,48164.24,Canceled
1000516,101414,Consumer loans,240692.47,70282.2,Approved
1000517,201951,Cash loans,90892.59,150556.1,Approved
1000518,109221,Consumer loans,106456.13,8178.98,Refused
1000519,105951,Consumer loans,17255.29,37281.38,Approved
1000520,200911,Consumer loans,135465.18,134477.94,Approved
1000521,105700,Consumer loans,59847.63,335532.84,Approved
1000522,103548,Revolving loans,285170.53,285212.29,Approved
1000523,105360,Cash loans,18044.79,26546.9,Approved
1000524,200151,Cash loans,219211.17,237769.58,Refused
1000525,104507,Revolving loans,90975.27,37353.45,Approved
1000526,109121,Revolving loans,192118.68,264791.86,Approved
1000527,109264,Revolving loans,29575.93,19437.18,Canceled
1000528,102889,Revolving loans,90881.05,47218.53,Canceled
1000529,107549,Cash loans,29006.87,60171.22,Approved
1000530,103687,Cash loans,17951.39,87795.1,Approved
1000531,107290,Revolving loans,23146.62,20972.01,Refused
1000532,107709,Cash loans,1357.04,30913.52,Approved
1000533,103961,Consumer loans,214892.78,122113.32,Approved
1000534,101528,Revolving loans,20889.53,114137.46,Approved
1000535,108986,Cash loans,117800.92,29679.96,Refused
1000536,100340,Revolving loans,4003.24,168412.57,Canceled
1000537,200454,Consumer loans,133067.45,33398.46,Approved
1000538,100590,Revolving loans,285377.61,98801.23,Approved
1000539,200411,Revolving loans,89989.82,259306.94,Canceled
1000540,105322,Consumer loans,226384.8,94172.88,Canceled
1000541,106535,Consumer loans,45137.03,212735.24,Approved
1000542,103184,Cash loans,144112.23,67698.63,Approved
1000543,200508,Revolving loans,492542.93,44326.63,Refused
1000544,103937,Cash loans,2075.25,17104.9,Approved
1000545,100523,Cash loans,495171.02,18416.79,Refused
1000546,109314,Consumer loans,39144.42,278845.77,Approved
1000547,106679,Consumer loans,77032.88,3551.32,Approved
1000548,201890,Consumer loans,68313.09,154195.44,Canceled
1000549,104697,Cash loans,104024.81,45612.38,Refused
1000550,108317,Consumer loans,75046.42,365786.86,Approved
1000551,109308,Consumer loans,298979.53,20834.68,Approved
1000552,104917,Consumer loans,44089.51,15147.1,Approved
1000553,102634,Cash loans,8579.6,17475.67,Approved
1000554,102546,Consumer loans,45474.5,212074.25,Approved
1000555,107343,Cash loans,3677.0,212230.67,Approved
1000556,201309,Revolving loans,33020.52,40714.19,Approved
1000557,200671,Revolving loans,188826.58,18714.3,Approved
1000558,100102,Revolving loans,86414.75,29011.32,Approved
1000559,106819,Cash loans,34100.93,259239.22,Approved
1000560,103794,Consumer loans,76745.71,41495.84,Approved
1000561,103241,Revolving loans,49275.84,51835.24,Approved
1000562,200965,Revolving loans,65882.29,100573.65,Approved
1000563,102389,Cash loans,186612.48,98788.1,Approved
1000564,200082,Revolving loans,87428.82,13174.65,Canceled
1000565,109255,Consumer loans,85336.46,18992.88,Approved
1000566,200541,Cash loans,149979.6,58.25,Approved
1000567,107816,Cash loans,10512.03,111913.43,Approved
1000568,101679,Cash loans,200766.93,734.68,Canceled
1000569,104580,Revolving loans,118584.96,76977.36,Approved
1000570,107894,Revolving loans,82959.43,496689.04,Approved
1000571,200369,Cash loans,23041.6,61517.99,Approved
1000572,108197,Revolving loans,50715.74,293735.07,Approved
1000573,103657,Consumer loans,110173.61,150833.79,Canceled
1000574,104104,Revolving loans,45034.58,8323.55,Approved
1000575,101561,Consumer loans,84456.99,22878.99,Canceled
1000576,100561,Revolving loans,28413.89,88410.27,Approved
1000577,105530,Consumer loans,155290.44,118401.43,Approved
1000578,107658,Cash loans,19838.34,19048.95,Approved
1000579,109610,Cash loans,4527.15,302318.6,Canceled
1000580,200107,Cash loans,151018.56,92029.26,Refused
1000581,104701,Cash loans,42491.01,127678.57,Approved
1000582,101442,Cash loans,108869.58,18966.72,Approved
1000583,200901,Cash loans,16732.68,20742.68,Canceled
1000584,106509,Cash loans,74665.34,4311.73,Approved
1000585,201983,Revolving loans,34598.02,165812.82,Canceled
1000586,100960,Revolving loans,156282.16,91937.28,Canceled
1000587,103782,Revolving loans,153259.98,248424.96,Canceled
1000588,107586,Revolving loans,213310.53,40522.71,Canceled
1000589,201067,Consumer loans,92958.63,41336.8,Approved
1000590,106050,Cash loans,42799.25,247330.0,Approved
1000591,105538,Consumer loans,44051.19,160019.73,Approved
1000592,103722,Revolving loans,201050.16,225986.05,Approved
1000593,201269,Cash loans,74000.89,20695.43,Approved
1000594,100581,Cash loans,11070.0,86783.64,Refused
1000595,108052,Consumer loans,387243.03,125943.56,Approved
1000596,102627,Consumer loans,31843.56,159102.32,Refused
1000597,106608,Cash loans,63321.96,18222.71,Canceled
1000598,107753,Revolving loans,463833.9,79278.18,Refused
1000599,201186,Consumer loans,122389.54,63960.87,Approved
1000600,101874,Cash loans,140466.76,224993.63,Canceled
1000601,103092,Consumer loans,131414.18,6542.62,Approved
1000602,106771,Revolving loans,19493.5,3521.54,Canceled
1000603,108447,Revolving loans,141593.64,3157.59,Canceled
1000604,201689,Cash loans,95118.57,42815.6,Refused
1000605,108741,Cash loans,31205.58,16822.86,Approved
1000606,108832,Revolving loans,67472.96,37153.0,Canceled
1000607,108710,Revolving loans,72220.04,12491.59,Refused
1000608,100193,Revolving loans,28467.11,2597.18,Approved
1000609,102308,Cash loans,133475.46,259447.2,Refused
1000610,105889,Cash loans,180287.92,446013.42,Approved
1000611,201188,Revolving loans,76533.86,178703.39,Refused
1000612,107948,Cash loans,118745.22,7400.7,Approved
1000613,109397,Consumer loans,138726.78,144371.04,Approved
1000614,200429,Cash loans,19360.88,5318.15,Approved
1000615,200009,Cash loans,362559.33,180642.38,Refused
1000616,100835,Cash loans,46181.02,33450.01,Approved
1000617,101660,Consumer loans,112809.4,73396.05,Approved
1000618,107727,Revolving loans,112884.27,85781.64,Refused
1000619,200802,Consumer loans,61858.42,47367.41,Approved
1000620,108947,Consumer loans,1695.93,113080.56,Refused
1000621,102578,Revolving loans,54990.76,63529.04,Approved
1000622,102198,Consumer loans,56078.49,10384.78,Approved
1000623,108162,Consumer loans,64071.68,13334.85,Refused
1000624,101955,Consumer loans,120252.3,34159.19,Refused
1000625,200756,Revolving loans,78550.18,3899.94,Refused
1000626,102642,Revolving loans,174147.98,10462.97,Approved
1000627,107129,Cash loans,24430.26,80322.45,Approved
1000628,107512,Cash loans,214009.41,31373.73,Approved
1000629,101565,Consumer loans,58306.34,62095.03,Approved
1000630,108367,Cash loans,163582.14,37577.87,Approved
1000631,105735,Revolving loans,72726.67,237453.93,Approved
1000632,101387,Consumer loans,5661.01,501644.15,Approved
1000633,109248,Cash loans,71794.1,944.61,Approved
1000634,103013,Revolving loans,259207.97,71485.5,Canceled
1000635,100734,Cash loans,206151.69,144192.36,Approved
1000636,201216,Revolving loans,41801.52,4163.69,Canceled
1000637,103818,Cash loans,52810.58,6789.97,Canceled
1000638,105178,Cash loans,34959.09,62522.96,Approved
1000639,100181,Consumer loans,34491.09,121511.91,Approved
1000640,101120,Consumer loans,25019.24,111520.72,Canceled
1000641,106470,Consumer loans,131864.07,294080.58,Canceled
1000642,101938,Revolving loans,25240.41,80773.54,Refused
1000643,107898,Revolving loans,40756.7,144309.76,Refused
1000644,105281,Revolving loans,17402.98,57533.58,Approved
1000645,104359,Consumer loans,1238.82,271207.64,Approved
1000646,201252,Consumer loans,42467.07,7249.25,Refused
1000647,100890,Revolving loans,122482.58,561778.31,Approved
1000648,103424,Consumer loans,43165.51,187258.02,Approved
1000649,100632,Consumer loans,62985.4,136184.88,Approved
1000650,107142,Consumer loans,125515.73,96473.83,Approved
1000651,100529,Revolving loans,1925.27,316292.05,Approved
1000652,109436,Consumer loans,227556.39,122436.71,Approved
1000653,103453,Cash loans,79739.79,90761.0,Approved
1000654,201161,Consumer loans,65892.21,37388.77,Refused
1000655,109759,Consumer loans,194705.5,42403.43,Canceled
1000656,200705,Consumer loans,145545.07,190938.23,Refused
1000657,107446,Consumer loans,157097.11,187539.25,Approved
1000658,108818,Cash loans,30877.47,215333.64,Approved
1000659,106610,Cash loans,109950.85,146555.98,Approved
1000660,200202,Cash loans,105001.67,60277.2,Approved
1000661,106168,Consumer loans,226762.03,1700.35,Approved
1000662,107828,Consumer loans,42806.65,208796.61,Approved
1000663,108732,Cash loans,143253.97,211938.92,Canceled
1000664,201443,Revolving loans,163850.15,158229.2,Refused
1000665,103074,Consumer loans,352830.95,254785.52,Approved
1000666,201569,Cash loans,51060.32,60521.33,Refused
1000667,103919,Revolving loans,70199.93,121437.58,Approved
1000668,107579,Consumer loans,204296.8,29387.67,Refused
1000669,102741,Consumer loans,19297.87,314912.49,Approved
1000670,109468,Revolving loans,191607.07,86302.67,Approved
1000671,101398,Cash loans,177932.72,95750.96,Approved
1000672,108591,Revolving loans,556061.99,106239.42,Approved
1000673,200219,Revolving loans,152362.92,1519.2,Approved
1000674,200954,Revolving loans,43617.92,39450.54,Approved
1000675,103905,Consumer loans,172548.97,342609.78,Approved
1000676,108441,Cash loans,176841.66,261674.12,Canceled
1000677,201071,Consumer loans,62733.67,163993.5,Approved
1000678,102645,Revolving loans,192295.51,233679.76,Canceled
1000679,106835,Cash loans,131602.53,1403.17,Approved
1000680,104696,Consumer loans,20565.32,6874.68,Refused
1000681,100795,Consumer loans,70029.29,174809.84,Refused
1000682,101169,Cash loans,10333.53,4337.59,Canceled
1000683,104031,Revolving loans,1397.77,60248.44,Approved
1000684,100112,Cash loans,60804.57,29381.23,Refused
1000685,104691,Cash loans,56685.11,64025.79,Refused
1000686,107232,Cash loans,147327.51,235980.63,Approved
1000687,200017,Cash loans,54400.56,198205.28,Approved
1000688,107550,Cash loans,152170.81,318861.67,Canceled
1000689,105541,Cash loans,97975.33,222635.18,Canceled
1000690,100188,Consumer loans,734.58,58555.29,Approved
1000691,200269,Revolving loans,47691.61,483424.79,Approved
1000692,201424,Cash loans,231627.23,43774.05,Approved
1000693,200516,Revolving loans,8322.85,205304.77,Refused
1000694,200570,Revolving loans,62819.03,18961.0,Canceled
1000695,201314,Consumer loans,39943.69,18771.02,Canceled
1000696,104120,Cash loans,54535.56,39267.71,Approved
1000697,102118,Consumer loans,205866.15,129822.6,Approved
1000698,107448,Consumer loans,71933.46,36148.05,Canceled
1000699,101256,Revolving loans,44442.63,411043.18,Canceled
1000700,105195,Cash loans,7977.34,10223.37,Refused
1000701,200372,Revolving loans,71059.35,403407.71,Canceled
1000702,109039,Consumer loans,12493.84,27382.94,Canceled
1000703,100837,Cash loans,59733.55,3592.08,Approved
1000704,108330,Cash loans,68387.47,104933.64,Approved
1000705,102600,Cash loans,120271.36,32164.42,Approved
1000706,102334,Cash loans,65692.33,4114.35,Approved
1000707,100210,Cash loans,60069.53,6887.46,Approved
1000708,101169,Revolving loans,56865.71,65599.75,Approved
1000709,104177,Cash loans,110929.15,95032.85,Approved
1000710,200017,Revolving loans,45862.45,523424.5,Approved
1000711,101176,Consumer loans,167910.42,28744.67,Approved
1000712,102536,Consumer loans,49590.03,4437.36,Approved
1000713,100355,Consumer loans,49818.39,32780.24,Approved
1000714,100279,Consumer loans,107248.25,322723.94,Refused
1000715,108709,Cash loans,113147.27,219023.04,Approved
1000716,201767,Revolving loans,358534.22,142695.1,Refused
1000717,106501,Cash loans,76724.46,57089.04,Canceled
1000718,108176,Cash loans,93805.38,351480.33,Approved
1000719,101541,Cash loans,19407.49,20871.6,Approved
1000720,100890,Cash loans,77186.92,50399.44,Approved
1000721,103284,Revolving loans,17910.3,16052.23,Canceled
1000722,103839,Revolving loans,68983.31,12678.09,Approved
1000723,201056,Consumer loans,71428.36,172575.5,Approved
1000724,104230,Revolving loans,55716.12,257088.64,Approved
1000725,100294,Revolving loans,76077.35,31279.88,Canceled
1000726,101933,Cash loans,78472.55,26760.28,Approved
1000727,107254,Cash loans,17750.02,435347.48,Approved
1000728,104892,Consumer loans,25209.03,37538.96,Approved
1000729,106566,Revolving loans,42046.54,176511.61,Approved
1000730,100481,Cash loans,44903.3,242342.95,Canceled
1000731,200855,Consumer loans,280947.6,159466.45,Approved
1000732,105279,Revolving loans,59541.67,357836.13,Approved
1000733,107033,Revolving loans,34421.95,124394.45,Canceled
1000734,102621,Cash loans,113446.67,24832.03,Canceled
1000735,104840,Consumer loans,7011.49,17213.68,Approved
1000736,100102,Consumer loans,214091.37,54408.85,Approved
1000737,107257,Consumer loans,134943.19,8759.73,Approved
1000738,101406,Cash loans,31654.72,68398.79,Approved
1000739,105689,Consumer loans,18394.61,123478.25,Approved
1000740,104245,Consumer loans,45492.0,141926.78,Refused
1000741,109325,Cash loans,67483.34,141977.69,Approved
1000742,107019,Cash loans,8865.63,22609.33,Canceled
1000743,105035,Cash loans,173208.9,117605.62,Refused
1000744,107328,Revolving loans,173261.23,190327.1,Refused
1000745,109363,Cash loans,73815.16,209021.03,Approved
1000746,105261,Revolving loans,30129.9,53858.01,Canceled
1000747,104592,Consumer loans,37905.32,12489.06,Approved
1000748,101885,Cash loans,113468.4,6600.27,Approved
1000749,104846,Revolving loans,46529.01,156356.25,Approved
1000750,103685,Cash loans,277053.01,321544.45,Approved
1000751,107646,Consumer loans,24885.58,129715.3,Refused
1000752,200108,Cash loans,35518.49,1508.37,Refused
1000753,103069,Cash loans,8339.22,202294.2,Approved
1000754,102604,Revolving loans,301910.88,152181.81,Approved
1000755,106570,Consumer loans,20270.47,106002.76,Approved
1000756,105083,Revolving loans,67638.71,559248.22,Approved
1000757,105401,Consumer loans,32126.32,351383.32,Approved
1000758,108103,Consumer loans,200347.27,112652.88,Approved
1000759,200034,Revolving loans,112627.24,24446.69,Approved
1000760,103165,Consumer loans,48148.16,18939.57,Refused
1000761,103722,Revolving loans,331119.18,266419.23,Approved
1000762,101950,Revolving loans,21396.11,61967.12,Canceled
1000763,104654,Consumer loans,257036.24,26049.57,Refused
1000764,107569,Consumer loans,147614.24,20562.74,Approved
1000765,103045,Revolving loans,25448.97,196021.09,Approved
1000766,201012,Cash loans,120283.33,86699.09,Approved
1000767,105585,Cash loans,31542.15,107868.83,Canceled
1000768,107836,Cash loans,94294.49,76915.15,Canceled
1000769,101268,Consumer loans,287434.3,152295.5,Approved
1000770,102241,Cash loans,40320.7,43272.26,Approved
1000771,102699,Cash loans,746.03,6920.45,Refused
1000772,200480,Cash loans,21032.46,36908.91,Approved
1000773,103846,Cash loans,259128.87,27764.05,Approved
1000774,101133,Cash loans,32164.46,17941.58,Approved
1000775,201777,Revolving loans,96157.29,429382.53,Refused
1000776,107853,Consumer loans,227558.64,40186.15,Approved
1000777,100394,Consumer loans,1789.95,81638.73,Approved
1000778,100797,Consumer loans,1082.28,9612.88,Approved
1000779,101957,Revolving loans,401.23,64215.7,Refused
1000780,106677,Cash loans,156883.59,198966.15,Refused
1000781,200053,Revolving loans,81833.89,145975.07,Refused
1000782,103093,Consumer loans,10796.23,107475.97,Approved
1000783,105166,Cash loans,283512.81,194892.15,Canceled
1000784,100581,Cash loans,73075.48,144317.46,Refused
1000785,201539,Consumer loans,118159.84,553083.57,Approved
1000786,200029,Consumer loans,60327.32,129495.06,Approved
1000787,105945,Consumer loans,49246.14,81275.58,Canceled
1000788,100978,Revolving loans,101146.91,128083.21,Approved
1000789,104764,Cash loans,69833.68,1268.9,Canceled
1000790,101932,Consumer loans,101897.59,54029.6,Refused
1000791,106311,Consumer loans,182076.48,74397.6,Refused
1000792,107456,Consumer loans,96889.29,36887.13,Approved
1000793,108693,Revolving loans,79828.64,247024.61,Approved
1000794,107870,Cash loans,15398.8,292345.61,Canceled
1000795,201974,Consumer loans,64885.52,13704.69,Approved
1000796,105430,Cash loans,17290.97,41573.29,Approved
1000797,105545,Revolving loans,5279.91,313030.95,Approved
1000798,105892,Cash loans,185213.34,218580.91,Approved
1000799,107847,Revolving loans,254756.8,28472.26,Canceled
1000800,107169,Cash loans,167484.9,25417.68,Approved
1000801,105413,Consumer loans,164385.13,48609.76,Refused
1000802,104152,Cash loans,26054.79,372373.56,Approved
1000803,106580,Consumer loans,23238.59,80752.29,Canceled
1000804,106398,Cash loans,94070.25,141677.4,Approved
1000805,109568,Cash loans,63462.45,194540.46,Approved
1000806,105084,Cash loans,55192.97,57411.37,Approved
1000807,200542,Revolving loans,77446.99,306364.15,Approved
1000808,104613,Consumer loans,122368.02,77961.48,Refused
1000809,106150,Revolving loans,16402.33,54211.24,Canceled
1000810,104575,Cash loans,179588.34,117515.02,Canceled
1000811,200855,Cash loans,583729.36,131497.39,Approved
1000812,109749,Consumer loans,39899.43,28290.47,Refused
1000813,106920,Cash loans,83921.81,61564.26,Refused
1000814,200626,Consumer loans,1768.91,67708.22,Approved
1000815,201918,Cash loans,37880.06,2272.27,Canceled
1000816,103203,Revolving loans,303726.98,32524.56,Approved
1000817,100735,Revolving loans,52833.9,141955.95,Canceled
1000818,201396,Consumer loans,17010.59,109280.01,Refused
1000819,107184,Cash loans,17962.55,7209.52,Approved
1000820,109422,Consumer loans,84761.7,38178.35,Approved
1000821,103130,Cash loans,667.04,141393.33,Approved
1000822,201045,Consumer loans,11557.17,64260.19,Approved
1000823,201280,Cash loans,3986.06,229123.77,Approved
1000824,200406,Cash loans,275244.27,113261.44,Approved
1000825,107057,Cash loans,2405.34,183124.65,Canceled
1000826,201361,Consumer loans,50915.8,43533.72,Approved
1000827,104167,Revolving loans,74207.44,7250.66,Approved
1000828,108405,Consumer loans,85359.46,48588.09,Approved
1000829,101287,Revolving loans,110274.27,112333.59,Approved
1000830,106495,Revolving loans,92584.91,77533.19,Refused
1000831,105929,Consumer loans,22128.57,4487.17,Approved
1000832,108091,Cash loans,19395.57,200811.63,Canceled
1000833,105400,Cash loans,148977.85,32957.28,Approved
1000834,100290,Consumer loans,24926.81,287263.28,Canceled
1000835,103243,Revolving loans,320673.95,83164.1,Canceled
1000836,109585,Consumer loans,531563.83,14015.73,Approved
1000837,107868,Revolving loans,22787.18,321920.85,Refused
1000838,101541,Revolving loans,433726.21,117412.38,Refused
1000839,201381,Revolving loans,67735.9,221954.5,Canceled
1000840,102946,Cash loans,187068.36,73011.63,Approved
1000841,109949,Revolving loans,15385.64,174468.84,Approved
1000842,200701,Consumer loans,194060.61,126606.24,Refused
1000843,102095,Revolving loans,358444.1,64418.99,Approved
1000844,201617,Cash loans,18484.06,66503.48,Approved
1000845,105111,Consumer loans,86844.47,62057.78,Refused
1000846,102690,Cash loans,12830.25,49543.36,Canceled
1000847,105521,Revolving loans,110208.1,110227.1,Approved
1000848,201425,Revolving loans,35999.74,67853.95,Approved
1000849,106575,Consumer loans,17742.87,67564.58,Approved
1000850,201305,Consumer loans,2836.71,55791.11,Refused
1000851,105758,Revolving loans,7619.49,105265.87,Approved
1000852,105944,Revolving loans,97065.91,294541.66,Refused
1000853,102608,Revolving loans,30219.33,694135.52,Canceled
1000854,102888,Cash loans,239043.4,29346.61,Refused
1000855,102294,Revolving loans,17095.38,119311.06,Approved
1000856,201157,Consumer loans,96488.44,44315.56,Approved
1000857,107977,Cash loans,36187.26,316821.39,Approved
1000858,105394,Consumer loans,37659.36,318871.71,Approved
1000859,109079,Consumer loans,155988.25,41896.09,Canceled
1000860,109646,Consumer loans,4503.13,18295.76,Approved
1000861,100309,Revolving loans,27897.44,270652.66,Canceled
1000862,106786,Revolving loans,200555.37,68610.06,Approved
1000863,107997,Revolving loans,70246.27,220032.89,Approved
1000864,106339,Consumer loans,24466.28,308476.3,Canceled
1000865,201150,Revolving loans,77991.87,99597.89,Approved
1000866,107604,Consumer loans,110731.14,70748.59,Approved
1000867,201587,Consumer loans,4826.99,60897.56,Approved
1000868,201151,Revolving loans,3423.29,87283.13,Refused
1000869,106196,Cash loans,85360.98,22019.93,Refused
1000870,105025,Revolving loans,62714.03,144177.36,Approved
1000871,100640,Consumer loans,29495.68,524668.3,Canceled
1000872,108511,Consumer loans,157609.58,115675.07,Approved
1000873,106040,Revolving loans,112924.48,212140.39,Approved
1000874,104919,Revolving loans,207383.78,481174.15,Approved
1000875,104940,Cash loans,3458.01,95355.88,Approved
1000876,108558,Cash loans,13013.56,192241.58,Approved
1000877,100316,Consumer loans,55759.48,243420.56,Approved
1000878,101826,Revolving loans,24404.46,98232.05,Approved
1000879,104610,Revolving loans,21897.68,127807.61,Canceled
1000880,103722,Revolving loans,355395.15,55017.16,Refused
1000881,109713,Consumer loans,15234.46,103771.08,Approved
1000882,105621,Cash loans,53655.32,155021.05,Approved
1000883,201272,Cash loans,80479.76,36998.66,Refused
1000884,107846,Cash loans,149697.26,30185.07,Approved
1000885,102127,Revolving loans,111722.61,34891.43,Approved
1000886,109167,Consumer loans,96927.09,11767.02,Refused
1000887,104580,Cash loans,289508.66,60843.77,Approved
1000888,103613,Cash loans,34635.81,84427.89,Approved
1000889,108621,Cash loans,8301.01,189558.8,Canceled
1000890,100679,Cash loans,28502.74,158586.06,Approved
1000891,104498,Revolving loans,31517.4,229581.94,Approved
1000892,103526,Revolving loans,16729.04,100196.87,Approved
1000893,107346,Cash loans,74392.48,12554.61,Approved
1000894,101186,Revolving loans,27104.64,8635.32,Approved
1000895,107815,Consumer loans,292964.49,90468.37,Approved
1000896,102852,Consumer loans,4603.09,7550.79,Approved
1000897,103640,Cash loans,119602.1,43721.32,Approved
1000898,108032,Revolving loans,165452.71,275541.27,Canceled
1000899,101872,Cash loans,239841.98,156074.22,Canceled
1000900,102018,Consumer loans,121413.31,10741.34,Approved
1000901,200124,Revolving loans,4382.63,227171.68,Approved
1000902,109200,Cash loans,2709.51,25268.9,Refused
1000903,109721,Cash loans,53273.43,3488.86,Canceled
1000904,105571,Revolving loans,195267.87,450821.48,Approved
1000905,109226,Consumer loans,476.4,151402.21,Canceled
1000906,105245,Revolving loans,12291.92,48127.17,Approved
1000907,107860,Consumer loans,194576.92,74186.54,Refused
1000908,104827,Revolving loans,99222.86,66155.98,Refused
1000909,101730,Cash loans,55918.5,40471.93,Approved
1000910,103217,Cash loans,34739.26,112383.25,Approved
1000911,105875,Consumer loans,2714.12,176764.12,Approved
1000912,108898,Consumer loans,1582.33,139266.75,Canceled
1000913,201152,Consumer loans,115349.04,28082.05,Canceled
1000914,100823,Revolving loans,398811.91,30140.04,Approved
1000915,101698,Cash loans,67947.86,37232.48,Approved
1000916,103142,Consumer loans,11949.55,32556.67,Canceled
1000917,106974,Cash loans,138612.43,2126.59,Approved
1000918,201267,Consumer loans,39376.71,84677.34,Approved
1000919,102394,Consumer loans,52738.32,284729.26,Approved
1000920,104984,Revolving loans,133061.08,88523.43,Approved
1000921,103031,Cash loans,240142.25,95274.89,Refused
1000922,200381,Revolving loans,97450.11,97237.99,Approved
1000923,100204,Revolving loans,291318.56,124333.89,Approved
1000924,201155,Cash loans,135515.72,55312.03,Approved
1000925,100750,Revolving loans,281028.43,107704.63,Approved
1000926,104460,Revolving loans,124000.01,39880.97,Refused
1000927,103271,Revolving loans,76511.67,99082.66,Refused
1000928,106089,Cash loans,9008.54,64179.02,Approved
1000929,201204,Consumer loans,36744.34,18584.06,Approved
1000930,105046,Cash loans,418470.92,145293.3,Refused
1000931,100902,Revolving loans,16837.82,386138.93,Approved
1000932,108339,Cash loans,27725.2,311280.78,Canceled
1000933,200538,Consumer loans,84936.3,74225.15,Refused
1000934,101117,Cash loans,108747.76,48636.19,Canceled
1000935,103994,Cash loans,155823.56,38130.0,Approved
1000936,102005,Cash loans,26040.53,33442.44,Refused
1000937,101390,Revolving loans,166799.08,34873.49,Approved
1000938,100214,Revolving loans,7171.84,27842.26,Canceled
1000939,105431,Revolving loans,9562.33,143675.77,Approved
1000940,108534,Revolving loans,11335.62,107154.4,Approved
1000941,109344,Revolving loans,333667.57,39199.48,Approved
1000942,101642,Consumer loans,43789.34,10948.38,Approved
1000943,108711,Cash loans,23954.13,224489.83,Approved
1000944,100515,Cash loans,55306.3,152620.83,Refused
1000945,104830,Revolving loans,40796.12,28237.58,Canceled
1000946,200211,Cash loans,109753.69,2983.88,Canceled
1000947,201477,Consumer loans,35577.75,201765.06,Approved
1000948,104424,Revolving loans,147863.33,87147.34,Refused
1000949,107935,Revolving loans,9067.71,44540.06,Refused
1000950,102760,Cash loans,13184.67,78019.89,Approved
1000951,100818,Cash loans,164444.91,31209.68,Canceled
1000952,107566,Consumer loans,66523.22,17543.24,Refused
1000953,106370,Revolving loans,80157.97,97706.14,Canceled
1000954,103910,Consumer loans,31561.02,81793.85,Canceled
1000955,100456,Consumer loans,790929.28,47997.74,Approved
1000956,100750,Revolving loans,55905.66,57869.8,Approved
1000957,108333,Cash loans,89473.32,65.69,Approved
1000958,200990,Revolving loans,53216.54,109550.14,Approved
1000959,100994,Cash loans,83020.04,28034.37,Approved
1000960,108362,Consumer loans,163753.01,216409.66,Canceled
1000961,201752,Cash loans,444645.72,69618.84,Approved
1000962,200823,Revolving loans,294870.89,1249.65,Canceled
1000963,105350,Cash loans,233.77,30760.97,Approved
1000964,108783,Consumer loans,6091.66,8590.62,Approved
1000965,201068,Revolving loans,81128.77,100682.76,Approved
1000966,101247,Revolving loans,39337.36,200864.13,Approved
1000967,105477,Consumer loans,101556.46,27239.09,Approved
1000968,102789,Consumer loans,4465.23,154738.13,Canceled
1000969,109287,Revolving loans,11556.69,86667.86,Refused
1000970,105469,Cash loans,44492.47,58125.01,Approved
1000971,102652,Revolving loans,93327.53,152082.92,Refused
1000972,105651,Consumer loans,4831.01,30072.23,Approved
1000973,200366,Revolving loans,85263.93,72688.3,Refused
1000974,101094,Consumer loans,311483.76,223078.05,Approved
1000975,108955,Revolving loans,289859.05,130267.58,Approved
1000976,105811,Revolving loans,171278.32,54721.25,Approved
1000977,102742,Revolving loans,118813.66,41682.54,Approved
1000978,100736,Revolving loans,108337.25,159561.26,Refused
1000979,100582,Cash loans,358734.22,270229.66,Refused
1000980,105212,Revolving loans,70428.36,76580.49,Approved
1000981,105608,Cash loans,33164.91,115035.2,Refused
1000982,105100,Cash loans,126109.26,121900.74,Canceled
1000983,201852,Cash loans,73334.56,157734.25,Approved
1000984,102471,Consumer loans,1397.2,14431.97,Approved
1000985,107699,Cash loans,359891.89,76336.96,Approved
1000986,102318,Consumer loans,21598.69,178457.3,Approved
1000987,105666,Revolving loans,33415.15,86022.17,Approved
1000988,109755,Cash loans,67238.74,15514.38,Approved
1000989,104818,Consumer loans,20254.84,42574.01,Approved
1000990,101701,Cash loans,68113.99,50244.76,Approved
1000991,201842,Consumer loans,49327.07,102592.87,Canceled
1000992,106246,Revolving loans,29282.14,108585.93,Approved
1000993,100134,Revolving loans,171869.55,49332.52,Refused
1000994,104383,Consumer loans,187048.65,82403.73,Approved
1000995,105034,Cash loans,11394.72,57869.64,Refused
1000996,108763,Consumer loans,211116.79,119245.12,Approved
1000997,101908,Consumer loans,37166.58,97739.66,Canceled
1000998,102664,Cash loans,26830.11,81963.62,Canceled
1000999,200380,Cash loans,42348.71,274457.84,Refused
1001000,101370,Revolving loans,123907.92,105194.17,Approved
1001001,106435,Revolving loans,20844.74,31133.6,Canceled
1001002,100157,Revolving loans,39986.22,7850.5,Refused
1001003,200673,Consumer loans,94635.69,50349.49,Approved
1001004,201685,Consumer loans,30688.7,83523.24,Approved
1001005,108999,Revolving loans,25659.79,30163.25,Approved
1001006,200567,Consumer loans,128359.85,209516.36,Approved
1001007,107250,Cash loans,4947.86,41228.43,Refused
1001008,108615,Cash loans,207941.7,68970.76,Approved
1001009,104546,Consumer loans,211195.12,97212.69,Approved
1001010,102880,Consumer loans,53589.07,12537.97,Approved
1001011,100461,Cash loans,83853.2,166065.4,Approved
1001012,200453,Cash loans,3884.08,75951.61,Canceled
1001013,106748,Revolving loans,194723.79,93277.58,Approved
1001014,102630,Cash loans,69452.59,31584.35,Approved
1001015,102205,Cash loans,254034.0,536115.35,Refused
1001016,109456,Cash loans,152087.98,39640.01,Refused
1001017,109355,Consumer loans,46810.55,113438.12,Approved
1001018,103233,Revolving loans,2264.13,12245.91,Canceled
1001019,103492,Cash loans,5029.84,105522.56,Approved
1001020,201713,Consumer loans,15170.79,95540.39,Approved
1001021,105795,Consumer loans,113242.87,29612.32,Approved
1001022,201780,Revolving loans,85967.4,31388.72,Canceled
1001023,104390,Consumer loans,150398.3,138119.08,Canceled
1001024,109615,Revolving loans,88266.27,41103.28,Canceled
1001025,200835,Cash loans,41257.84,29196.82,Canceled
1001026,105505,Consumer loans,24642.72,23073.56,Canceled
1001027,103611,Consumer loans,68013.47,116651.26,Approved
1001028,201999,Cash loans,150150.67,30767.47,Approved
1001029,101391,Consumer loans,11814.02,7139.48,Approved
1001030,108148,Consumer loans,65541.19,47107.81,Canceled
1001031,108871,Consumer loans,40338.83,51943.2,Approved
1001032,107161,Revolving loans,33134.79,180173.58,Approved
1001033,107754,Consumer loans,134289.03,196995.46,Refused
1001034,102457,Cash loans,77920.05,69537.97,Approved
1001035,201360,Cash loans,5547.46,122812.0,Refused
1001036,200257,Revolving loans,162330.64,112328.7,Canceled
1001037,107593,Revolving loans,62875.72,79596.93,Approved
1001038,200567,Cash loans,27143.39,32522.26,Canceled
1001039,100463,Cash loans,98861.92,232769.93,Refused
1001040,200953,Consumer loans,154547.34,4875.89,Canceled
1001041,106821,Cash loans,20102.79,125700.74,Approved
1001042,100361,Consumer loans,52805.67,177767.97,Approved
1001043,200071,Cash loans,208134.21,328227.51,Approved
1001044,100916,Revolving loans,503961.24,71868.3,Approved
1001045,102461,Cash loans,198094.23,79258.84,Canceled
1001046,106712,Consumer loans,84527.13,31354.67,Refused
1001047,100334,Revolving loans,69895.19,54002.38,Approved
1001048,105030,Revolving loans,209554.87,28751.65,Refused
1001049,109771,Cash loans,74007.11,85348.29,Canceled
1001050,107298,Revolving loans,53363.83,20964.15,Refused
1001051,104850,Revolving loans,9847.88,156808.67,Approved
1001052,104392,Revolving loans,5340.93,440015.7,Canceled
1001053,107827,Consumer loans,39916.34,304333.97,Approved
1001054,104371,Consumer loans,69183.12,54114.37,Refused
1001055,106728,Consumer loans,208835.39,17727.6,Approved
1001056,104022,Consumer loans,525697.15,170824.41,Approved
1001057,103929,Cash loans,49811.01,108563.07,Canceled
1001058,102048,Revolving loans,11446.8,389574.56,Approved
1001059,100723,Cash loans,76958.41,83914.18,Approved
1001060,108306,Revolving loans,303110.73,58801.73,Approved
1001061,109223,Consumer loans,43249.05,40206.76,Canceled
1001062,200231,Cash loans,183247.46,16144.5,Canceled
1001063,106632,Consumer loans,55339.53,35784.98,Approved
1001064,106223,Consumer loans,95697.45,19804.32,Approved
1001065,201135,Revolving loans,43967.58,51824.18,Approved
1001066,200222,Revolving loans,180873.89,22853.99,Approved
1001067,100477,Consumer loans,337121.6,180270.48,Approved
1001068,100104,Revolving loans,406972.87,4686.63,Refused
1001069,103150,Revolving loans,43173.12,5099.17,Approved
1001070,109652,Revolving loans,390722.0,40079.93,Approved
1001071,106770,Cash loans,318963.56,70793.36,Approved
1001072,108007,Consumer loans,108288.34,27717.98,Approved
1001073,109212,Cash loans,278480.8,382608.18,Approved
1001074,102262,Consumer loans,254531.82,177.63,Canceled
1001075,100320,Revolving loans,155077.64,46056.24,Approved
1001076,102224,Consumer loans,206038.24,212200.28,Approved
1001077,201455,Cash loans,63083.97,48678.77,Canceled
1001078,103131,Revolving loans,49890.92,220565.42,Approved
1001079,105622,Cash loans,157483.23,78428.1,Approved
1001080,103715,Revolving loans,16784.55,23738.59,Refused
1001081,106659,Consumer loans,240429.49,93920.78,Approved
1001082,108368,Cash loans,118461.82,457465.11,Approved
1001083,106451,Revolving loans,18815.3,76298.52,Refused
1001084,200295,Consumer loans,4260.75,24718.18,Approved
1001085,108983,Consumer loans,115513.81,18598.98,Approved
1001086,103597,Consumer loans,13860.05,137276.52,Canceled
1001087,103407,Revolving loans,33712.55,359339.79,Canceled
1001088,103461,Revolving loans,59174.55,85874.55,Approved
1001089,102155,Consumer loans,128787.42,51303.89,Approved
1001090,201890,Revolving loans,47090.9,27314.06,Refused
1001091,201363,Revolving loans,3053.0,452856.46,Approved
1001092,109699,Cash loans,83334.9,105732.22,Canceled
1001093,103847,Revolving loans,41601.67,87872.49,Refused
1001094,109919,Consumer loans,195313.51,60302.53,Approved
1001095,103379,Consumer loans,23352.06,325770.55,Approved
1001096,106358,Revolving loans,51829.83,214768.0,Canceled
1001097,107309,Revolving loans,112887.71,42818.61,Approved
1001098,101974,Consumer loans,69612.28,32701.72,Approved
1001099,103559,Cash loans,119850.89,2015.51,Approved
1001100,103865,Consumer loans,149823.19,137842.53,Approved
1001101,106963,Consumer loans,27412.41,102215.49,Approved
1001102,201560,Consumer loans,52226.76,6632.79,Refused
1001103,101879,Consumer loans,257064.89,51950.74,Refused
1001104,200434,Consumer loans,88592.27,342463.84,Approved
1001105,201326,Revolving loans,61919.77,38793.71,Canceled
1001106,109941,Cash loans,237307.98,75665.13,Approved
1001107,201623,Cash loans,83119.34,9309.64,Canceled
1001108,201672,Cash loans,67214.64,183982.31,Approved
1001109,108915,Consumer loans,83310.9,52746.87,Refused
1001110,101179,Consumer loans,70381.29,60466.19,Canceled
1001111,103389,Revolving loans,42319.02,52428.7,Approved
1001112,105352,Cash loans,78288.45,99243.95,Approved
1001113,106307,Consumer loans,172999.92,153664.85,Approved
1001114,106688,Cash loans,468495.27,12879.31,Canceled
1001115,200990,Cash loans,34466.58,12485.77,Refused
1001116,100674,Revolving loans,4987.63,15505.41,Approved
1001117,100081,Cash loans,41604.44,20791.56,Refused
1001118,106926,Consumer loans,139196.39,43945.04,Canceled
1001119,104041,Revolving loans,6341.39,79346.42,Approved
1001120,107541,Consumer loans,482335.15,48394.27,Approved
1001121,104810,Revolving loans,34846.51,198926.5,Approved
1001122,201951,Consumer loans,72320.82,25071.98,Canceled
1001123,104448,Consumer loans,51851.61,58886.27,Approved
1001124,100610,Revolving loans,54936.01,19156.1,Approved
1001125,104895,Consumer loans,73646.35,80125.19,Approved
1001126,201919,Cash loans,69947.59,236925.45,Approved
1001127,109064,Consumer loans,75699.78,591509.77,Approved
1001128,106903,Consumer loans,23746.05,15918.35,Approved
1001129,102923,Revolving loans,171199.17,52739.6,Approved
1001130,102622,Revolving loans,165469.56,10476.03,Approved
1001131,100208,Cash loans,7020.28,35311.47,Approved
1001132,106567,Consumer loans,70084.37,26352.13,Canceled
1001133,106877,Revolving loans,264505.6,10034.03,Approved
1001134,102612,Revolving loans,73059.08,91887.88,Approved
1001135,106658,Cash loans,139321.58,47096.91,Approved
1001136,103083,Cash loans,46709.91,144694.45,Refused
1001137,104785,Consumer loans,6297.18,101550.75,Approved
1001138,105894,Consumer loans,29054.45,36561.39,Approved
1001139,201168,Consumer loans,89826.52,119117.61,Approved
1001140,108821,Revolving loans,57570.89,73236.37,Approved
1001141,109829,Revolving loans,51811.32,56515.27,Approved
1001142,108085,Cash loans,6370.36,10235.26,Approved
1001143,200683,Consumer loans,9657.29,112517.14,Approved
1001144,109708,Revolving loans,25085.38,18476.55,Canceled
1001145,201583,Cash loans,56492.92,218499.39,Approved
1001146,104337,Consumer loans,37456.27,22620.55,Approved
1001147,108691,Cash loans,145706.9,134522.35,Approved
1001148,105414,Cash loans,29127.36,115241.97,Approved
1001149,104799,Consumer loans,67007.04,115832.07,Canceled
1001150,201610,Cash loans,4096.22,137225.71,Approved
1001151,106612,Cash loans,95889.09,41703.26,Approved
1001152,100250,Revolving loans,4396.58,72172.81,Approved
1001153,102648,Consumer loans,17281.57,20304.68,Approved
1001154,106833,Revolving loans,45419.74,255442.25,Approved
1001155,105592,Consumer loans,116149.5,47289.37,Approved
1001156,108326,Cash loans,59546.31,115978.54,Approved
1001157,200821,Cash loans,4802.64,84900.65,Refused
1001158,105356,Consumer loans,216021.43,42764.8,Canceled
1001159,103771,Consumer loans,16138.33,98504.33,Approved
1001160,200312,Revolving loans,8389.06,497210.83,Approved
1001161,100816,Consumer loans,91079.08,52239.07,Approved
1001162,102877,Cash loans,114453.48,52711.57,Refused
1001163,101198,Cash loans,69053.97,488515.35,Canceled
1001164,108862,Revolving loans,103491.04,14878.88,Refused
1001165,107040,Revolving loans,136737.88,479587.23,Approved
1001166,102654,Consumer loans,89730.29,153631.56,Approved
1001167,102819,Cash loans,44102.33,4972.77,Approved
1001168,103751,Consumer loans,291183.79,46534.94,Approved
1001169,200459,Consumer loans,312283.98,103852.97,Approved
1001170,104460,Revolving loans,43588.44,33191.97,Approved
1001171,200398,Cash loans,4593.8,326347.63,Approved
1001172,105092,Cash loans,247191.93,334972.32,Approved
1001173,109510,Consumer loans,20031.07,132197.07,Approved
1001174,107065,Revolving loans,283247.92,8839.68,Canceled
1001175,104422,Revolving loans,47321.43,191743.48,Approved
1001176,107687,Revolving loans,151080.52,2254.4,Approved
1001177,200729,Cash loans,120198.81,8717.97,Refused
1001178,100615,Revolving loans,190568.67,38081.04,Approved
1001179,103844,Revolving loans,20004.16,54188.14,Approved
1001180,101869,Consumer loans,344879.28,50832.76,Refused
1001181,105395,Revolving loans,195763.35,182241.11,Approved
1001182,107157,Revolving loans,89321.72,235555.99,Approved
1001183,102263,Cash loans,58670.26,82651.06,Approved
1001184,108837,Consumer loans,41172.56,16250.32,Approved
1001185,102527,Revolving loans,85965.33,39107.84,Approved
1001186,100655,Consumer loans,23641.13,421967.76,Approved
1001187,106629,Consumer loans,207994.85,149117.3,Approved
1001188,201030,Revolving loans,79246.04,839.4,Approved
1001189,108720,Cash loans,2267.77,204437.24,Approved
1001190,100403,Revolving loans,20287.69,105357.0,Approved
1001191,101341,Consumer loans,196927.19,89568.13,Approved
1001192,201735,Cash loans,54423.89,312719.67,Approved
1001193,200391,Consumer loans,111246.5,142732.27,Approved
1001194,103126,Cash loans,23602.19,487369.42,Approved
1001195,200746,Cash loans,45217.08,62255.07,Approved
1001196,201135,Cash loans,129922.78,230206.62,Canceled
1001197,105074,Cash loans,13509.17,23250.54,Approved
1001198,104885,Consumer loans,248269.03,154785.45,Canceled
1001199,101103,Consumer loans,224887.62,53216.38,Refused
1001200,105640,Revolving loans,178919.53,58532.63,Canceled
1001201,108069,Cash loans,50223.54,67812.72,Approved
1001202,102691,Revolving loans,87291.47,132075.43,Canceled
1001203,101501,Revolving loans,101228.93,70937.22,Approved
1001204,102729,Revolving loans,248413.81,240190.88,Approved
1001205,100168,Consumer loans,4251.54,208038.53,Approved
1001206,200393,Consumer loans,295322.21,154693.28,Approved
1001207,109695,Cash loans,177061.85,146515.13,Approved
1001208,102875,Consumer loans,172745.8,426352.05,Refused
1001209,107763,Consumer loans,59348.67,135819.52,Approved
1001210,102071,Cash loans,214406.47,226536.75,Canceled
1001211,102326,Consumer loans,129174.04,206838.36,Canceled
1001212,108619,Revolving loans,31431.3,167130.98,Approved
1001213,105108,Consumer loans,402364.16,119170.86,Approved
1001214,101970,Cash loans,35708.36,104579.5,Approved
1001215,100794,Revolving loans,113837.71,55125.92,Approved
1001216,100544,Consumer loans,31820.78,130568.94,Approved
1001217,100324,Consumer loans,205859.7,36611.12,Approved
1001218,108701,Cash loans,50809.22,48171.65,Refused
1001219,201489,Revolving loans,12968.22,307218.34,Refused
1001220,103448,Cash loans,5822.5,50755.95,Approved
1001221,108785,Revolving loans,23930.0,64739.04,Refused
1001222,105771,Revolving loans,190238.95,194368.32,Canceled
1001223,105897,Consumer loans,15584.54,223316.97,Canceled
1001224,105301,Consumer loans,182.11,52082.18,Approved
1001225,104989,Revolving loans,24234.08,203831.97,Approved
1001226,107179,Cash loans,172439.98,145830.83,Approved
1001227,109356,Consumer loans,424005.52,104250.8,Approved
1001228,109309,Consumer loans,32821.04,22610.64,Approved
1001229,201240,Consumer loans,34652.78,172344.92,Approved
1001230,101950,Cash loans,44770.52,47785.05,Approved
1001231,201672,Cash loans,20054.29,48411.58,Approved
1001232,101533,Consumer loans,105627.19,53855.59,Approved
1001233,109250,Consumer loans,27771.71,181440.94,Refused
1001234,104314,Revolving loans,30893.66,87669.01,Canceled
1001235,109609,Revolving loans,188637.49,17617.65,Approved
1001236,100465,Revolving loans,6327.88,112781.85,Canceled
1001237,101616,Cash loans,62865.9,101356.58,Approved
1001238,101830,Consumer loans,134034.88,262969.54,Refused
1001239,102102,Cash loans,297568.35,343790.53,Canceled
1001240,105363,Cash loans,90135.65,13901.64,Approved
1001241,103491,Consumer loans,65999.14,194188.19,Approved
1001242,105723,Revolving loans,29342.7,230722.23,Approved
1001243,102226,Cash loans,36507.28,223308.93,Approved
1001244,102193,Consumer loans,17015.31,39308.41,Canceled
1001245,100481,Revolving loans,8001.58,90326.94,Approved
1001246,100342,Consumer loans,4236.68,31138.52,Canceled
1001247,104119,Cash loans,202651.27,56202.56,Refused
1001248,108736,Cash loans,113006.18,54120.01,Approved
1001249,101569,Revolving loans,1541.84,134107.01,Approved
1001250,106315,Cash loans,371134.21,123502.94,Refused
1001251,200709,Consumer loans,134904.98,43873.91,Approved
1001252,104337,Cash loans,104607.37,24063.03,Approved
1001253,100262,Consumer loans,135882.27,95540.64,Canceled
1001254,201767,Consumer loans,29554.22,57115.21,Canceled
1001255,100631,Revolving loans,98195.39,129.26,Approved
1001256,106297,Consumer loans,217266.5,83762.21,Approved
1001257,104520,Revolving loans,34202.79,80486.0,Approved
1001258,102146,Consumer loans,30805.31,10079.24,Canceled
1001259,103939,Revolving loans,289854.17,235535.65,Approved
1001260,101809,Cash loans,44206.07,91356.0,Approved
1001261,103936,Cash loans,62570.72,43497.4,Refused
1001262,108812,Revolving loans,13531.92,284126.71,Canceled
1001263,109761,Cash loans,212780.42,42902.68,Refused
1001264,201222,Consumer loans,40278.87,53745.46,Approved
1001265,108078,Consumer loans,38879.24,17859.66,Approved
1001266,108230,Revolving loans,52964.07,123931.45,Approved
1001267,200095,Cash loans,93850.1,90749.57,Refused
1001268,101531,Cash loans,13635.95,252928.75,Approved
1001269,108445,Revolving loans,13949.02,264500.14,Approved
1001270,105251,Cash loans,31471.22,105718.77,Canceled
1001271,103659,Revolving loans,131424.32,66999.87,Approved
1001272,102976,Consumer loans,160954.67,12049.52,Approved
1001273,102978,Revolving loans,17787.55,6802.62,Refused
1001274,102625,Revolving loans,175147.66,159861.87,Approved
1001275,102836,Consumer loans,56162.97,190248.14,Canceled
1001276,104798,Cash loans,60049.75,80591.47,Canceled
1001277,201002,Consumer loans,108551.76,74236.41,Approved
1001278,201538,Consumer loans,66651.54,28089.4,Approved
1001279,107362,Cash loans,158618.11,156429.55,Approved
1001280,102451,Cash loans,58539.04,42836.58,Approved
1001281,200666,Cash loans,68631.93,257547.26,Approved
1001282,101857,Cash loans,34280.44,14705.57,Canceled
1001283,103379,Cash loans,1832.01,80384.2,Approved
1001284,200624,Consumer loans,70643.41,556788.75,Refused
1001285,107195,Consumer loans,131042.08,43601.5,Approved
1001286,109048,Revolving loans,18937.9,4226.84,Approved
1001287,105832,Cash loans,58791.85,221973.58,Approved
1001288,200706,Cash loans,127320.12,58242.05,Refused
1001289,106427,Consumer loans,43123.99,21619.36,Approved
1001290,109303,Revolving loans,34762.11,51448.28,Approved
1001291,101561,Revolving loans,4205.05,113657.5,Approved
1001292,100334,Revolving loans,27027.38,18623.59,Approved
1001293,105231,Cash loans,46039.68,72516.35,Approved
1001294,109117,Consumer loans,21663.76,7281.68,Refused
1001295,200437,Consumer loans,33422.17,209876.13,Approved
1001296,100167,Cash loans,59970.33,94009.86,Canceled
1001297,102005,Consumer loans,53167.44,206049.79,Approved
1001298,100481,Cash loans,52334.39,171893.5,Approved
1001299,100677,Consumer loans,189736.76,198785.07,Approved
1001300,100326,Revolving loans,49563.15,76402.08,Approved
1001301,102480,Cash loans,120264.21,155150.91,Canceled
1001302,106225,Revolving loans,49993.95,80754.65,Canceled
1001303,109133,Cash loans,241403.94,102149.71,Approved
1001304,109790,Consumer loans,381689.83,38154.33,Approved
1001305,200568,Cash loans,116531.37,20702.5,Refused
1001306,109828,Consumer loans,329981.73,31982.11,Canceled
1001307,107874,Consumer loans,89117.71,11084.82,Approved
1001308,100487,Revolving loans,335165.64,26407.41,Refused
1001309,108177,Consumer loans,73685.4,51525.36,Canceled
1001310,105596,Consumer loans,53933.51,48246.73,Approved
1001311,101796,Cash loans,39694.03,35875.13,Refused
1001312,109877,Revolving loans,153296.19,97426.18,Approved
1001313,108538,Revolving loans,6516.55,9754.85,Canceled
1001314,103417,Cash loans,11192.44,32760.66,Canceled
1001315,104843,Consumer loans,123304.51,203988.16,Canceled
1001316,100587,Cash loans,121760.05,30635.13,Canceled
1001317,102332,Consumer loans,76402.11,59943.88,Approved
1001318,100294,Consumer loans,8128.39,135415.2,Canceled
1001319,103400,Consumer loans,114261.82,142813.62,Refused
1001320,101879,Consumer loans,24667.47,168159.72,Canceled
1001321,109563,Cash loans,56914.08,288069.84,Approved
1001322,105680,Consumer loans,30992.3,67668.76,Approved
1001323,102817,Cash loans,108317.07,9181.02,Approved
1001324,104019,Consumer loans,66578.32,75534.18,Canceled
1001325,108258,Cash loans,14311.85,202702.08,Approved
1001326,105953,Revolving loans,27480.23,74165.95,Approved
1001327,109925,Revolving loans,137920.59,97038.42,Approved
1001328,200538,Consumer loans,49385.85,14836.23,Approved
1001329,106023,Cash loans,66600.07,64693.13,Canceled
1001330,107181,Cash loans,90878.6,90843.8,Approved
1001331,100986,Revolving loans,136236.35,76993.26,Approved
1001332,100935,Revolving loans,6270.26,237574.56,Approved
1001333,106438,Revolving loans,132289.53,32962.33,Canceled
1001334,201947,Consumer loans,66323.09,30822.69,Approved
1001335,109355,Consumer loans,43369.23,5495.11,Approved
1001336,105515,Revolving loans,26366.33,217005.6,Approved
1001337,104368,Revolving loans,23165.16,29476.03,Refused
1001338,201747,Consumer loans,173733.94,77980.61,Approved
1001339,107458,Revolving loans,38961.75,420587.53,Canceled
1001340,104161,Consumer loans,58755.21,341018.78,Approved
1001341,200555,Revolving loans,58477.12,219900.87,Approved
1001342,101581,Revolving loans,220910.9,42673.27,Refused
1001343,108153,Consumer loans,60028.08,92729.9,Approved
1001344,101723,Consumer loans,123532.52,87914.35,Approved
1001345,102254,Cash loans,211646.18,14959.44,Refused
1001346,106647,Consumer loans,9753.33,10034.98,Approved
1001347,107891,Consumer loans,24670.55,13152.04,Approved
1001348,103030,Consumer loans,21085.02,29949.58,Canceled
1001349,200409,Consumer loans,35978.95,226273.0,Canceled
1001350,109492,Cash loans,77109.44,82484.56,Refused
1001351,201476,Revolving loans,45147.04,151611.52,Canceled
1001352,102761,Revolving loans,127825.1,61494.57,Approved
1001353,105938,Consumer loans,7821.26,8819.39,Approved
1001354,200773,Revolving loans,172465.9,60546.62,Approved
1001355,200427,Revolving loans,490812.81,207311.87,Approved
1001356,101441,Revolving loans,30507.04,96241.4,Approved
1001357,108692,Consumer loans,53409.27,130235.67,Approved
1001358,103244,Cash loans,6699.81,271007.86,Approved
1001359,102083,Consumer loans,42313.36,127082.87,Approved
1001360,100495,Consumer loans,21356.42,57370.29,Approved
1001361,102407,Revolving loans,49992.22,49649.17,Canceled
1001362,201366,Cash loans,82438.32,327717.23,Approved
1001363,108695,Cash loans,407235.65,115486.92,Refused
1001364,105590,Cash loans,19406.83,166165.67,Refused
1001365,104570,Revolving loans,99000.97,105292.89,Canceled
1001366,109733,Revolving loans,22516.46,12567.16,Approved
1001367,108681,Cash loans,91896.65,210589.86,Refused
1001368,201809,Consumer loans,4949.04,106144.47,Canceled
1001369,101963,Revolving loans,470204.32,233266.8,Approved
1001370,103087,Consumer loans,372001.96,1860.48,Refused
1001371,100368,Cash loans,61721.45,59348.4,Approved
1001372,102823,Consumer loans,225552.87,21522.75,Canceled
1001373,107017,Consumer loans,55311.06,459352.09,Approved
1001374,109663,Consumer loans,117639.45,72359.54,Canceled
1001375,104952,Revolving loans,5390.88,38793.19,Canceled
1001376,103377,Consumer loans,102600.84,113396.67,Approved
1001377,109280,Cash loans,246535.76,260522.62,Approved
1001378,104532,Cash loans,81279.26,101168.59,Canceled
1001379,101927,Consumer loans,200252.26,43075.67,Approved
1001380,106606,Revolving loans,183961.44,97825.28,Approved
1001381,104900,Cash loans,114116.85,255877.89,Refused
1001382,107089,Cash loans,16738.93,41945.05,Approved
1001383,201576,Revolving loans,150220.52,71443.94,Approved
1001384,104490,Revolving loans,114276.96,209305.54,Canceled
1001385,106448,Cash loans,230888.89,61458.19,Refused
1001386,107104,Revolving loans,19595.92,49531.52,Refused
1001387,200074,Consumer loans,82841.68,88769.39,Canceled
1001388,104255,Revolving loans,117438.47,1321.99,Canceled
1001389,201911,Cash loans,60705.36,116626.95,Approved
1001390,101295,Revolving loans,105594.68,80667.64,Approved
1001391,102051,Consumer loans,71197.06,67090.11,Approved
1001392,201082,Consumer loans,60020.18,58799.21,Canceled
1001393,100927,Revolving loans,117633.02,155717.2,Approved
1001394,104442,Consumer loans,81485.36,173482.56,Approved
1001395,100530,Consumer loans,108015.79,4264.89,Approved
1001396,106768,Revolving loans,19361.6,137407.95,Approved
1001397,108455,Consumer loans,69425.15,60280.22,Refused
1001398,104795,Consumer loans,72692.25,105172.85,Canceled
1001399,106413,Cash loans,202086.24,207762.45,Approved
1001400,108232,Revolving loans,8883.28,39339.9,Approved
1001401,200292,Cash loans,153.07,23813.16,Refused
1001402,106264,Cash loans,46916.92,235452.33,Approved
1001403,106182,Consumer loans,10828.12,131571.48,Canceled
1001404,101090,Cash loans,45339.85,173974.41,Approved
1001405,103938,Consumer loans,13563.49,478574.01,Approved
1001406,200414,Consumer loans,31487.32,555991.68,Canceled
1001407,109746,Revolving loans,65583.39,13015.1,Canceled
1001408,107419,Cash loans,1862.01,278428.72,Canceled
1001409,107563,Revolving loans,8825.85,34534.24,Canceled
1001410,201316,Consumer loans,21.94,18963.27,Canceled
1001411,101542,Cash loans,48873.83,40550.03,Canceled
1001412,105912,Revolving loans,762138.43,500671.0,Approved
1001413,200804,Cash loans,80242.74,16087.57,Approved
1001414,104730,Consumer loans,25347.82,9338.52,Approved
1001415,100547,Cash loans,18484.39,101930.63,Approved
1001416,106234,Consumer loans,37659.24,258788.74,Approved
1001417,107877,Consumer loans,47900.04,175184.85,Canceled
1001418,102077,Cash loans,29253.33,134735.06,Approved
1001419,200687,Consumer loans,158784.1,110664.16,Approved
1001420,101581,Cash loans,124120.44,81375.39,Approved
1001421,107946,Revolving loans,150121.45,268269.75,Refused
1001422,103802,Cash loans,47148.25,348789.57,Approved
1001423,102800,Consumer loans,348705.46,273502.67,Approved
1001424,106283,Cash loans,112226.43,45065.78,Canceled
1001425,100303,Cash loans,126607.29,33273.88,Refused
1001426,101743,Revolving loans,214514.45,51480.51,Canceled
1001427,101654,Revolving loans,87559.31,421555.32,Approved
1001428,201751,Consumer loans,757.26,32072.26,Approved
1001429,108341,Consumer loans,237.7,66301.76,Canceled
1001430,105279,Cash loans,17343.77,249788.49,Refused
1001431,103444,Revolving loans,90431.6,140152.5,Refused
1001432,106073,Consumer loans,141892.89,215228.89,Approved
1001433,102916,Cash loans,272503.1,84986.03,Canceled
1001434,104678,Revolving loans,13089.29,120463.31,Canceled
1001435,106129,Revolving loans,1267.97,239484.92,Approved
1001436,200297,Consumer loans,27183.3,381833.45,Approved
1001437,201200,Revolving loans,4835.37,31545.72,Approved
1001438,107536,Revolving loans,41572.28,197280.08,Canceled
1001439,201442,Cash loans,278635.26,9667.45,Approved
1001440,100330,Revolving loans,57539.21,178166.75,Refused
1001441,100527,Consumer loans,12638.75,186148.76,Refused
1001442,105521,Revolving loans,192107.53,33436.53,Approved
1001443,108464,Cash loans,123688.6,106885.77,Refused
1001444,200686,Cash loans,23013.55,5331.16,Refused
1001445,101910,Revolving loans,106310.45,563039.91,Approved
1001446,108316,Consumer loans,89437.7,12244.9,Approved
1001447,109503,Cash loans,30707.77,202090.9,Approved
1001448,104078,Revolving loans,121919.28,150247.63,Refused
1001449,109532,Revolving loans,311750.2,307083.25,Canceled
1001450,107696,Revolving loans,21518.61,470422.65,Approved
1001451,109971,Consumer loans,199408.72,69333.96,Refused
1001452,106811,Consumer loans,75267.02,112457.74,Approved
1001453,100280,Revolving loans,3543.98,109758.73,Approved
1001454,102767,Consumer loans,121284.89,199642.68,Approved
1001455,107537,Cash loans,115849.1,189142.72,Refused
1001456,101613,Consumer loans,62255.12,27473.19,Approved
1001457,105469,Revolving loans,2382.87,466257.85,Approved
1001458,103748,Cash loans,39046.16,27128.22,Approved
1001459,106827,Consumer loans,32718.53,5736.34,Refused
1001460,109898,Revolving loans,27113.59,357359.51,Canceled
1001461,200752,Consumer loans,70977.99,31458.83,Refused
1001462,201089,Cash loans,65158.07,176095.39,Refused
1001463,107111,Consumer loans,224197.5,28348.08,Canceled
1001464,201072,Consumer loans,483633.98,250309.49,Canceled
1001465,104899,Consumer loans,2933.76,5767.21,Refused
1001466,102961,Consumer loans,63084.03,39825.52,Canceled
1001467,103124,Cash loans,70713.59,91920.99,Approved
1001468,107779,Consumer loans,106471.91,1230.13,Approved
1001469,201062,Consumer loans,400019.42,172917.55,Canceled
1001470,108842,Revolving loans,177594.84,486021.08,Approved
1001471,105991,Consumer loans,60779.09,9484.23,Approved
1001472,107970,Revolving loans,220326.63,51474.79,Canceled
1001473,200670,Consumer loans,108609.76,31298.05,Approved
1001474,108671,Revolving loans,10077.5,187800.01,Approved
1001475,101287,Cash loans,8169.58,25375.03,Approved
1001476,103491,Revolving loans,22613.18,55464.0,Refused
1001477,100727,Consumer loans,47619.9,14973.81,Approved
1001478,109222,Cash loans,29659.53,44531.94,Approved
1001479,108325,Consumer loans,73697.68,114835.64,Approved
1001480,106776,Revolving loans,13921.81,9199.57,Approved
1001481,200925,Consumer loans,48454.12,100568.01,Canceled
1001482,101114,Revolving loans,171292.73,5059.07,Canceled
1001483,103237,Revolving loans,171547.82,129453.81,Refused
1001484,107044,Revolving loans,150744.15,39883.19,Canceled
1001485,100131,Revolving loans,16577.67,41828.17,Approved
1001486,109032,Consumer loans,25481.97,20082.71,Canceled
1001487,107305,Cash loans,74890.11,36912.82,Approved
1001488,100917,Consumer loans,19241.53,130822.56,Canceled
1001489,107928,Revolving loans,140709.03,108961.44,Refused
1001490,106944,Consumer loans,151577.7,83260.55,Refused
1001491,102165,Revolving loans,109451.32,24008.43,Approved
1001492,106226,Consumer loans,17005.11,40205.78,Approved
1001493,200566,Consumer loans,67440.54,43505.41,Refused
1001494,105884,Consumer loans,261225.71,22338.02,Approved
1001495,101658,Cash loans,19212.11,21487.91,Approved
1001496,100809,Cash loans,43888.91,189520.29,Approved
1001497,102770,Consumer loans,115427.15,78619.43,Canceled
1001498,103015,Revolving loans,96345.39,5657.04,Canceled
1001499,101502,Cash loans,58224.93,176420.17,Approved
1001500,107931,Revolving loans,51364.92,716.57,Approved
1001501,102414,Cash loans,269549.77,175629.71,Approved
1001502,102451,Consumer loans,40894.09,212360.53,Approved
1001503,105583,Cash loans,150256.87,64224.46,Approved
1001504,201818,Revolving loans,9278.91,61152.76,Approved
1001505,108584,Consumer loans,137964.25,100773.49,Canceled
1001506,107025,Revolving loans,108772.42,65929.64,Refused
1001507,101730,Revolving loans,295567.77,190247.25,Approved
1001508,105162,Consumer loans,54548.92,55689.28,Approved
1001509,102836,Consumer loans,186615.49,215315.45,Approved
1001510,109261,Consumer loans,34737.6,78739.83,Approved
1001511,104126,Revolving loans,99362.79,13192.22,Approved
1001512,108605,Cash loans,100495.6,32494.21,Canceled
1001513,106450,Cash loans,36336.46,62584.63,Approved
1001514,104732,Cash loans,364711.24,341264.55,Approved
1001515,102678,Revolving loans,165461.96,40843.2,Canceled
1001516,109379,Consumer loans,260129.06,218346.43,Canceled
1001517,100880,Revolving loans,256601.69,61074.55,Approved
1001518,105777,Consumer loans,5984.53,50603.86,Refused
1001519,104754,Cash loans,126108.77,35330.01,Refused
1001520,108476,Revolving loans,46071.58,82388.55,Canceled
1001521,104325,Consumer loans,10337.34,12682.25,Canceled
1001522,106736,Revolving loans,136022.19,162133.01,Approved
1001523,200630,Cash loans,20505.79,85655.2,Refused
1001524,104439,Revolving loans,12011.43,172128.73,Approved
1001525,105975,Cash loans,187851.83,213967.45,Approved
1001526,105959,Cash loans,27370.83,17768.41,Approved
1001527,101230,Consumer loans,35490.47,193067.56,Approved
1001528,200597,Revolving loans,142562.07,190815.38,Approved
1001529,108452,Consumer loans,241048.45,143349.14,Approved
1001530,102461,Cash loans,4390.29,4274.87,Refused
1001531,109612,Revolving loans,169424.96,85940.16,Canceled
1001532,101226,Cash loans,19289.18,60636.36,Canceled
1001533,107922,Consumer loans,54359.1,141264.02,Canceled
1001534,106738,Revolving loans,110900.5,177121.58,Refused
1001535,103411,Revolving loans,182086.2,79662.62,Refused
1001536,107755,Consumer loans,294381.95,451518.58,Approved
1001537,102201,Consumer loans,33436.54,235587.99,Approved
1001538,201633,Revolving loans,60119.04,92278.54,Canceled
1001539,100799,Revolving loans,253405.51,88909.5,Canceled
1001540,106470,Revolving loans,38510.89,298747.68,Approved
1001541,103610,Consumer loans,42194.95,186306.38,Approved
1001542,108995,Consumer loans,9142.5,36747.74,Approved
1001543,104354,Revolving loans,493.34,15568.97,Approved
1001544,107181,Revolving loans,100994.78,74526.22,Approved
1001545,103979,Revolving loans,22811.56,43362.51,Approved
1001546,200844,Revolving loans,193854.09,37024.67,Approved
1001547,200391,Consumer loans,40504.44,83943.5,Canceled
1001548,109267,Consumer loans,235420.58,42350.0,Approved
1001549,104416,Revolving loans,42686.02,9846.62,Approved
1001550,200225,Cash loans,217992.16,38977.25,Canceled
1001551,100558,Cash loans,118571.51,106157.07,Canceled
1001552,104815,Consumer loans,1478.63,245285.38,Approved
1001553,200775,Revolving loans,194984.04,324684.25,Approved
1001554,102289,Revolving loans,163444.48,9414.38,Approved
1001555,201097,Revolving loans,95167.82,172609.9,Approved
1001556,104955,Cash loans,132726.38,89315.51,Approved
1001557,102558,Cash loans,52885.7,6105.71,Approved
1001558,101308,Consumer loans,46729.33,18050.28,Approved
1001559,102241,Consumer loans,47804.69,86183.7,Refused
1001560,102249,Cash loans,26841.56,94721.49,Canceled
1001561,108352,Consumer loans,10113.05,231328.69,Approved
1001562,106415,Cash loans,118902.92,93889.96,Approved
1001563,106856,Consumer loans,31300.23,302682.79,Approved
1001564,103849,Consumer loans,7129.45,108526.74,Approved
1001565,100339,Cash loans,337085.5,135293.21,Approved
1001566,101833,Cash loans,38114.54,87579.01,Approved
1001567,100553,Consumer loans,23395.31,57668.65,Approved
1001568,101905,Cash loans,92188.24,428592.53,Approved
1001569,104241,Revolving loans,106041.4,124026.48,Refused
1001570,108690,Consumer loans,200060.12,95571.48,Refused
1001571,108181,Consumer loans,206434.18,79731.58,Approved
1001572,109415,Revolving loans,187457.4,38079.0,Approved
1001573,100792,Revolving loans,195785.56,39716.76,Canceled
1001574,109263,Cash loans,15653.32,29607.75,Refused
1001575,106721,Cash loans,168121.32,117474.37,Approved
1001576,109006,Cash loans,14880.08,234259.46,Approved
1001577,107175,Cash loans,223305.45,73194.37,Approved
1001578,101803,Consumer loans,198236.12,34767.46,Approved
1001579,102696,Revolving loans,71042.64,12866.52,Canceled
1001580,103175,Cash loans,59487.78,14427.12,Approved
1001581,108162,Consumer loans,87287.67,215896.71,Refused
1001582,104822,Consumer loans,247663.12,96704.9,Refused
1001583,107297,Consumer loans,242534.64,18064.4,Approved
1001584,102647,Cash loans,542556.15,24181.33,Approved
1001585,109215,Cash loans,406459.63,295517.65,Approved
1001586,109314,Revolving loans,16666.01,146373.05,Approved
1001587,109674,Consumer loans,77668.0,46091.29,Approved
1001588,101952,Revolving loans,140382.28,73280.87,Canceled
1001589,200704,Revolving loans,294586.8,6927.9,Approved
1001590,100134,Revolving loans,13871.08,170322.6,Approved
1001591,103097,Consumer loans,142766.1,241699.7,Approved
1001592,108081,Revolving loans,41684.86,164881.12,Refused
1001593,107763,Revolving loans,20420.27,109312.24,Refused
1001594,103908,Consumer loans,75189.6,87993.51,Approved
1001595,101384,Cash loans,92133.21,351883.63,Canceled
1001596,102613,Consumer loans,154299.09,216724.3,Refused
1001597,103577,Consumer loans,36549.0,996.03,Approved
1001598,107965,Consumer loans,4292.39,245047.51,Approved
1001599,108443,Revolving loans,22915.12,236005.98,Approved
1001600,103516,Cash loans,119511.88,83863.69,Approved
1001601,201621,Cash loans,90357.56,168953.53,Approved
1001602,200129,Cash loans,172322.17,23480.17,Refused
1001603,108097,Cash loans,53707.26,14972.48,Canceled
1001604,105600,Cash loans,98245.22,59249.46,Canceled
1001605,107958,Cash loans,71320.6,66949.11,Refused
1001606,100245,Revolving loans,146617.06,119375.61,Approved
1001607,101462,Consumer loans,58459.81,271740.56,Approved
1001608,107816,Consumer loans,20881.3,61528.15,Approved
1001609,104550,Cash loans,171743.25,88195.56,Approved
1001610,101977,Revolving loans,44423.89,164567.55,Approved
1001611,104658,Cash loans,65125.33,209326.96,Approved
1001612,200537,Cash loans,208302.98,226327.07,Approved
1001613,103427,Cash loans,9494.38,20367.92,Approved
1001614,201293,Consumer loans,53934.53,55031.25,Refused
1001615,100716,Revolving loans,34917.72,193595.7,Canceled
1001616,107249,Revolving loans,71383.84,90410.74,Refused
1001617,101310,Cash loans,73585.34,46965.55,Canceled
1001618,100904,Consumer loans,196054.56,45837.87,Approved
1001619,100653,Cash loans,22009.1,43440.23,Canceled
1001620,103648,Cash loans,17279.28,137639.99,Refused
1001621,101622,Cash loans,7103.93,112462.63,Refused
1001622,107995,Consumer loans,12661.69,238038.04,Approved
1001623,108126,Cash loans,5469.28,5660.97,Approved
1001624,103661,Revolving loans,98415.64,154016.32,Canceled
1001625,107664,Revolving loans,759865.75,12114.02,Canceled
1001626,104211,Cash loans,85086.05,65249.79,Approved
1001627,102135,Consumer loans,84608.83,118503.08,Refused
1001628,102648,Consumer loans,154337.22,93250.69,Canceled
1001629,102827,Revolving loans,15491.89,132919.57,Canceled
1001630,108437,Cash loans,1960.36,24251.87,Approved
1001631,108942,Revolving loans,118399.24,203911.16,Approved
1001632,105483,Revolving loans,345133.23,162943.24,Approved
1001633,103610,Consumer loans,25708.31,177359.79,Approved
1001634,108922,Consumer loans,33781.36,3828.47,Approved
1001635,100827,Revolving loans,269819.94,60041.43,Approved
1001636,108965,Consumer loans,3983.74,14608.2,Canceled
1001637,108714,Consumer loans,156294.57,74100.17,Canceled
1001638,105457,Cash loans,98361.46,86753.67,Refused
1001639,104260,Cash loans,90015.31,134084.18,Approved
1001640,200113,Revolving loans,110732.33,64880.49,Approved
1001641,107832,Revolving loans,10858.33,170749.93,Approved
1001642,104519,Revolving loans,217494.66,252904.98,Approved
1001643,100289,Revolving loans,424282.03,5240.83,Refused
1001644,102356,Cash loans,56191.37,17681.64,Approved
1001645,102321,Revolving loans,57072.84,46293.81,Approved
1001646,108105,Revolving loans,2858.49,54117.82,Canceled
1001647,101942,Consumer loans,11121.4,85484.23,Canceled
1001648,107685,Cash loans,157296.8,4305.94,Approved
1001649,100845,Consumer loans,161025.51,77734.73,Canceled
1001650,103222,Cash loans,113065.65,136013.72,Approved
1001651,101184,Revolving loans,141337.11,309342.46,Refused
1001652,101163,Revolving loans,223062.36,50371.14,Approved
1001653,107798,Cash loans,38950.49,562096.36,Refused
1001654,104900,Cash loans,29090.18,50683.52,Approved
1001655,101108,Cash loans,110818.78,7449.18,Approved
1001656,103797,Revolving loans,4235.84,20620.18,Approved
1001657,200696,Revolving loans,71950.16,105169.12,Refused
1001658,103900,Revolving loans,16264.76,40482.65,Canceled
1001659,201588,Consumer loans,170604.34,66647.05,Canceled
1001660,100481,Revolving loans,18274.37,253748.04,Approved
1001661,105644,Consumer loans,20315.85,143930.52,Approved
1001662,109560,Revolving loans,39355.51,193270.9,Approved
1001663,105730,Cash loans,25205.07,21108.36,Refused
1001664,106213,Consumer loans,228020.3,86185.41,Approved
1001665,108876,Revolving loans,163466.55,114168.02,Approved
1001666,104392,Revolving loans,97534.56,200777.72,Refused
1001667,109820,Cash loans,302881.93,41419.37,Approved
1001668,109276,Cash loans,251281.33,154975.75,Approved
1001669,102798,Consumer loans,110846.09,237.22,Approved
1001670,100255,Revolving loans,1587.27,586.51,Approved
1001671,102602,Cash loans,72540.47,2905.34,Approved
1001672,100801,Consumer loans,284282.28,134090.62,Approved
1001673,108411,Revolving loans,101035.64,82968.21,Refused
1001674,104374,Consumer loans,18630.86,79471.02,Approved
1001675,109080,Cash loans,49505.35,328155.57,Canceled
1001676,100496,Cash loans,141605.88,31748.85,Approved
1001677,101888,Revolving loans,70227.66,23918.83,Canceled
1001678,100838,Revolving loans,41041.01,40192.76,Refused
1001679,200108,Cash loans,32749.61,103910.42,Approved
1001680,102808,Consumer loans,47499.37,54745.38,Approved
1001681,105213,Cash loans,2226.62,595751.45,Approved
1001682,105949,Revolving loans,2664.63,54243.7,Approved
1001683,107727,Cash loans,90476.25,396799.21,Approved
1001684,105944,Cash loans,10269.46,334855.37,Approved
1001685,102246,Consumer loans,103600.86,467040.51,Approved
1001686,104029,Revolving loans,76652.73,4897.73,Canceled
1001687,106542,Revolving loans,23606.95,78659.6,Canceled
1001688,108431,Revolving loans,87929.59,33230.71,Approved
1001689,103379,Revolving loans,62258.79,59099.03,Approved
1001690,100719,Consumer loans,29680.6,51466.94,Approved
1001691,105961,Consumer loans,13902.51,238502.34,Canceled
1001692,200836,Consumer loans,98406.64,258736.18,Canceled
1001693,109471,Revolving loans,81162.8,2894.99,Approved
1001694,101592,Cash loans,139913.76,90893.53,Refused
1001695,107814,Revolving loans,239180.47,58299.23,Canceled
1001696,105344,Cash loans,134370.19,36076.92,Refused
1001697,103456,Consumer loans,74005.67,64792.73,Approved
1001698,100512,Revolving loans,102137.94,16554.26,Approved
1001699,200411,Consumer loans,5122.35,87070.0,Approved
1001700,200184,Consumer loans,82159.94,21881.73,Approved
1001701,108550,Consumer loans,25980.02,62715.44,Approved
1001702,101448,Consumer loans,30585.93,82720.35,Canceled
1001703,102564,Cash loans,210576.59,40223.39,Approved
1001704,106313,Cash loans,42401.29,275012.7,Canceled
1001705,107376,Cash loans,84818.9,182967.06,Approved
1001706,102235,Revolving loans,132110.82,90092.42,Refused
1001707,200576,Consumer loans,164541.64,305359.31,Refused
1001708,106709,Cash loans,281034.95,84826.48,Canceled
1001709,102245,Revolving loans,19564.87,404349.18,Canceled
1001710,108209,Consumer loans,115382.45,91188.03,Approved
1001711,201408,Cash loans,3482.99,258638.61,Refused
1001712,201130,Cash loans,76989.9,72146.19,Approved
1001713,101520,Revolving loans,18626.25,41909.44,Approved
1001714,100642,Consumer loans,332972.28,24657.95,Approved
1001715,107586,Consumer loans,118483.07,61979.58,Refused
1001716,106308,Revolving loans,35435.26,254917.51,Approved
1001717,109584,Revolving loans,2535.02,62805.94,Approved
1001718,101659,Cash loans,21838.93,33713.15,Approved
1001719,101406,Consumer loans,215794.62,137247.61,Canceled
1001720,102640,Revolving loans,40046.8,40654.16,Approved
1001721,109831,Cash loans,361442.8,20822.98,Approved
1001722,102839,Consumer loans,205038.95,80353.75,Canceled
1001723,108001,Consumer loans,37761.85,13266.03,Approved
1001724,108893,Cash loans,329658.35,35979.83,Canceled
1001725,103781,Revolving loans,12158.87,45213.9,Approved
1001726,108460,Consumer loans,171196.94,22559.41,Refused
1001727,105205,Revolving loans,68745.15,34166.8,Refused
1001728,106546,Consumer loans,96437.41,42414.67,Approved
1001729,201914,Cash loans,121582.18,58463.21,Approved
1001730,103003,Consumer loans,35969.21,151600.26,Approved
1001731,103014,Cash loans,97220.48,15227.48,Approved
1001732,102058,Revolving loans,395487.38,69766.8,Approved
1001733,102888,Cash loans,44822.2,30375.93,Canceled
1001734,108370,Revolving loans,13979.98,55112.8,Approved
1001735,107199,Cash loans,60689.06,55842.29,Approved
1001736,200845,Revolving loans,207607.51,156024.32,Approved
1001737,108385,Revolving loans,56733.5,36948.88,Approved
1001738,105629,Revolving loans,227086.24,14958.81,Refused
1001739,102658,Cash loans,1288.14,63814.32,Approved
1001740,100513,Consumer loans,86118.77,146933.69,Refused
1001741,106733,Revolving loans,72792.62,56459.48,Canceled
1001742,102969,Revolving loans,105888.06,117143.73,Refused
1001743,105629,Revolving loans,6769.3,41741.68,Approved
1001744,108629,Revolving loans,147663.87,220495.15,Approved
1001745,102078,Cash loans,115220.08,515438.89,Refused
1001746,108505,Consumer loans,134751.29,36221.62,Refused
1001747,102424,Cash loans,8515.53,124635.22,Approved
1001748,200077,Consumer loans,135257.52,130721.32,Approved
1001749,200509,Consumer loans,117698.0,115014.19,Approved
1001750,104618,Consumer loans,92617.13,168993.51,Approved
1001751,109293,Consumer loans,433461.63,140956.39,Approved
1001752,100981,Consumer loans,65145.57,291232.8,Refused
1001753,103214,Cash loans,6501.68,6081.59,Approved
1001754,109128,Revolving loans,135169.54,41520.88,Refused
1001755,101128,Revolving loans,81255.98,23398.61,Refused
1001756,200734,Cash loans,395376.58,83753.25,Approved
1001757,108528,Cash loans,109332.15,150021.26,Refused
1001758,104924,Consumer loans,34679.8,40325.99,Canceled
1001759,106785,Revolving loans,80818.06,234248.03,Canceled
1001760,106484,Cash loans,19544.62,79527.55,Refused
1001761,104835,Cash loans,134986.05,85289.65,Approved
1001762,101887,Consumer loans,56842.72,178852.34,Refused
1001763,104657,Revolving loans,258779.36,112194.83,Canceled
1001764,106210,Consumer loans,99702.37,25423.01,Approved
1001765,105689,Revolving loans,87732.81,116270.88,Refused
1001766,107636,Consumer loans,86003.88,315641.6,Approved
1001767,201204,Cash loans,31365.33,187010.93,Approved
1001768,109822,Consumer loans,125585.72,266430.56,Approved
1001769,108634,Consumer loans,222643.27,20745.03,Approved
1001770,100759,Consumer loans,9992.74,164709.66,Refused
1001771,102090,Consumer loans,11248.35,57545.46,Refused
1001772,103353,Cash loans,17909.08,40865.9,Canceled
1001773,100361,Consumer loans,27230.36,118049.68,Approved
1001774,106094,Consumer loans,31104.69,54731.52,Canceled
1001775,103666,Revolving loans,64652.21,146189.42,Refused
1001776,102763,Consumer loans,41657.27,56467.48,Approved
1001777,108636,Consumer loans,9945.58,19218.07,Approved
1001778,107705,Consumer loans,394291.01,380979.28,Approved
1001779,103603,Revolving loans,679.8,53686.71,Approved
1001780,200518,Revolving loans,318555.36,123394.74,Approved
1001781,102905,Consumer loans,140909.84,4312.9,Canceled
1001782,102489,Consumer loans,427889.5,572810.28,Canceled
1001783,109991,Consumer loans,170369.55,308321.74,Approved
1001784,105773,Cash loans,63568.19,27837.71,Refused
1001785,201792,Consumer loans,8916.5,172153.93,Approved
1001786,102147,Revolving loans,393916.27,25924.9,Approved
1001787,107038,Consumer loans,116088.85,184216.03,Approved
1001788,108156,Consumer loans,189901.13,101813.95,Approved
1001789,106881,Cash loans,39486.76,292813.54,Approved
1001790,105568,Revolving loans,339107.86,52943.46,Approved
1001791,100167,Consumer loans,59738.46,195009.8,Approved
1001792,103939,Revolving loans,174508.76,138559.62,Refused
1001793,106623,Cash loans,85537.93,1312891.09,Approved
1001794,100326,Consumer loans,14711.14,242853.96,Refused
1001795,107129,Consumer loans,21862.76,188392.6,Approved
1001796,106291,Consumer loans,210735.61,28796.27,Approved
1001797,106533,Revolving loans,49271.64,134316.12,Approved
1001798,200892,Revolving loans,293638.65,121497.89,Approved
1001799,104160,Consumer loans,85645.51,96039.69,Approved
1001800,201601,Cash loans,15588.4,26636.07,Approved
1001801,103301,Revolving loans,116716.69,116341.27,Refused
1001802,200218,Revolving loans,68103.86,319942.11,Approved
1001803,107578,Consumer loans,17757.33,205970.52,Approved
1001804,105810,Revolving loans,15125.45,206378.35,Refused
1001805,106667,Consumer loans,319554.57,17643.71,Approved
1001806,105442,Consumer loans,107629.46,41402.46,Approved
1001807,101439,Consumer loans,148140.75,43551.13,Approved
1001808,107935,Revolving loans,146982.1,35073.48,Canceled
1001809,109548,Consumer loans,23740.2,59368.0,Approved
1001810,101777,Consumer loans,149764.83,105599.6,Approved
1001811,200176,Consumer loans,21926.37,156586.23,Refused
1001812,200867,Revolving loans,34989.57,130054.41,Approved
1001813,106686,Consumer loans,252629.09,151239.49,Approved
1001814,100981,Consumer loans,8539.19,244.71,Refused
1001815,107830,Consumer loans,37223.05,78189.04,Approved
1001816,107122,Cash loans,145037.55,40874.54,Canceled
1001817,103020,Consumer loans,126132.25,84355.6,Canceled
1001818,109014,Revolving loans,102197.55,48729.35,Refused
1001819,102090,Consumer loans,18294.1,409427.63,Approved
1001820,105980,Revolving loans,192259.28,10279.68,Approved
1001821,107091,Consumer loans,15720.67,18175.49,Canceled
1001822,201621,Cash loans,32745.21,7511.67,Approved
1001823,100849,Consumer loans,8863.64,78338.45,Approved
1001824,107848,Revolving loans,209842.61,269616.51,Refused
1001825,200125,Cash loans,14565.37,54523.17,Approved
1001826,107361,Revolving loans,26925.11,51786.28,Approved
1001827,200001,Consumer loans,85464.81,154596.13,Refused
1001828,101626,Consumer loans,14980.55,54638.52,Approved
1001829,109777,Revolving loans,2607.36,6319.11,Approved
1001830,105901,Cash loans,171080.78,10545.04,Refused
1001831,106775,Cash loans,53923.48,75218.83,Approved
1001832,200077,Consumer loans,122935.55,181772.28,Approved
1001833,201933,Cash loans,532574.59,46235.6,Approved
1001834,101889,Cash loans,98259.86,22324.0,Approved
1001835,103714,Cash loans,129927.56,39714.59,Approved
1001836,108867,Cash loans,26963.81,21285.95,Refused
1001837,200408,Cash loans,69107.74,270843.8,Approved
1001838,101895,Cash loans,405681.48,236166.9,Canceled
1001839,201356,Cash loans,66548.78,231621.5,Approved
1001840,103548,Consumer loans,370487.63,99601.41,Refused
1001841,101019,Revolving loans,193156.56,234738.87,Approved
1001842,105479,Cash loans,88542.11,191405.07,Approved
1001843,107558,Revolving loans,155482.96,62692.7,Approved
1001844,103953,Cash loans,135353.83,188488.03,Canceled
1001845,108056,Revolving loans,57150.86,29994.43,Canceled
1001846,100827,Consumer loans,295509.74,52001.07,Approved
1001847,108289,Revolving loans,76052.05,57267.67,Approved
1001848,106270,Consumer loans,55572.96,270525.87,Approved
1001849,101312,Cash loans,25346.56,54908.19,Canceled
1001850,101538,Cash loans,154.59,13140.52,Approved
1001851,101500,Cash loans,230434.98,90523.83,Canceled
1001852,106688,Revolving loans,223570.73,81778.18,Refused
1001853,108559,Cash loans,35552.93,55073.86,Approved
1001854,108906,Revolving loans,26217.08,31402.8,Approved
1001855,101102,Revolving loans,54270.87,10440.65,Approved
1001856,101378,Cash loans,153769.34,187410.62,Approved
1001857,105793,Cash loans,50067.71,9148.88,Approved
1001858,102383,Consumer loans,8669.81,20731.35,Approved
1001859,104346,Cash loans,311547.7,363447.35,Approved
1001860,109201,Revolving loans,139650.63,104370.71,Approved
1001861,104663,Cash loans,34802.98,225344.83,Approved
1001862,105437,Cash loans,31033.66,94092.0,Approved
1001863,201281,Cash loans,3216.2,9021.23,Approved
1001864,102888,Revolving loans,13627.63,45468.08,Approved
1001865,200513,Consumer loans,67529.77,41185.74,Approved
1001866,109893,Consumer loans,71907.45,165282.52,Approved
1001867,106615,Revolving loans,10910.16,27069.97,Refused
1001868,103516,Revolving loans,22966.04,348916.22,Approved
1001869,104786,Consumer loans,310738.18,32895.38,Canceled
1001870,201363,Cash loans,7348.06,3753.28,Approved
1001871,105202,Consumer loans,22975.03,170146.25,Canceled
1001872,100914,Consumer loans,14198.16,68816.77,Approved
1001873,106737,Cash loans,1796.65,142117.19,Approved
1001874,105969,Consumer loans,43264.42,53947.77,Approved
1001875,108447,Consumer loans,30348.42,107416.82,Approved
1001876,200687,Cash loans,24618.25,195188.34,Approved
1001877,105520,Cash loans,33883.11,10050.57,Canceled
1001878,200167,Revolving loans,10575.97,204249.62,Refused
1001879,101040,Cash loans,55025.37,375117.54,Approved
1001880,105920,Consumer loans,40121.04,6351.7,Canceled
1001881,109915,Cash loans,59423.82,49231.22,Approved
1001882,201503,Cash loans,190881.57,13512.47,Approved
1001883,105144,Consumer loans,58500.73,174553.03,Approved
1001884,100491,Cash loans,120870.12,661434.82,Approved
1001885,104461,Revolving loans,45606.55,256382.49,Approved
1001886,106775,Consumer loans,22371.71,129963.67,Approved
1001887,106500,Revolving loans,61338.1,193351.16,Approved
1001888,107772,Revolving loans,25980.44,263675.45,Approved
1001889,106342,Cash loans,152071.19,260176.81,Refused
1001890,200842,Revolving loans,94311.55,50540.32,Refused
1001891,108004,Cash loans,122442.03,48323.82,Canceled
1001892,103982,Cash loans,64646.47,97830.16,Refused
1001893,103291,Revolving loans,295573.64,138950.91,Canceled
1001894,109963,Revolving loans,150677.88,2100.02,Approved
1001895,104303,Revolving loans,18996.69,81254.67,Approved
1001896,102807,Cash loans,457755.61,71930.73,Approved
1001897,100632,Revolving loans,32030.39,113375.97,Refused
1001898,105936,Consumer loans,98265.82,18922.8,Approved
1001899,100685,Revolving loans,72192.07,152999.72,Approved
1001900,100104,Consumer loans,38864.53,18064.71,Approved
1001901,201567,Revolving loans,110790.41,404408.54,Approved
1001902,201185,Consumer loans,65486.58,4839.07,Approved
1001903,102241,Revolving loans,114176.76,363416.88,Approved
1001904,200909,Revolving loans,91953.7,135796.8,Approved
1001905,106173,Revolving loans,41232.62,142090.32,Approved
1001906,200084,Cash loans,122690.75,163806.62,Approved
1001907,103402,Cash loans,393375.53,458055.41,Refused
1001908,102639,Cash loans,131521.49,115495.57,Approved
1001909,101717,Revolving loans,316164.84,166672.73,Approved
1001910,104662,Revolving loans,103321.69,58727.43,Approved
1001911,103281,Consumer loans,73188.29,39117.41,Approved
1001912,108423,Revolving loans,368607.66,11234.06,Canceled
1001913,100706,Revolving loans,34406.45,160835.78,Approved
1001914,109295,Revolving loans,3704.61,40340.39,Approved
1001915,201534,Revolving loans,62286.03,14677.63,Approved
1001916,108497,Revolving loans,91349.32,46574.49,Approved
1001917,109561,Revolving loans,33479.21,40322.9,Canceled
1001918,101911,Consumer loans,46078.65,20087.73,Approved
1001919,103756,Cash loans,13852.74,66294.47,Approved
1001920,101186,Revolving loans,11023.44,247733.82,Approved
1001921,107591,Consumer loans,49132.56,11207.61,Approved
1001922,105930,Consumer loans,12665.7,239002.39,Approved
1001923,107042,Cash loans,657739.21,132952.96,Approved
1001924,104363,Revolving loans,9438.71,2933.68,Approved
1001925,109969,Revolving loans,37453.97,131906.21,Approved
1001926,109898,Revolving loans,2534.78,135903.5,Approved
1001927,106860,Cash loans,21132.53,137534.9,Approved
1001928,105829,Cash loans,39950.93,156979.81,Canceled
1001929,100089,Cash loans,3352.53,15594.73,Approved
1001930,201135,Revolving loans,192140.07,80309.44,Approved
1001931,100811,Revolving loans,42030.74,358818.91,Approved
1001932,100813,Revolving loans,291761.99,3181.18,Approved
1001933,104641,Consumer loans,286808.49,6351.2,Approved
1001934,100214,Revolving loans,40722.25,82167.6,Approved
1001935,109173,Revolving loans,115404.96,55410.45,Approved
1001936,103121,Revolving loans,93495.85,133621.31,Approved
1001937,106804,Cash loans,23248.99,27263.03,Approved
1001938,106222,Revolving loans,7976.9,274758.47,Approved
1001939,106548,Consumer loans,4821.5,13470.78,Canceled
1001940,102357,Revolving loans,78961.37,61151.66,Approved
1001941,201978,Cash loans,120073.98,223374.38,Approved
1001942,100850,Revolving loans,3083.95,181018.71,Approved
1001943,105102,Consumer loans,63168.44,251650.83,Approved
1001944,105615,Consumer loans,9516.24,20309.99,Approved
1001945,100699,Revolving loans,5730.73,175498.71,Approved
1001946,104767,Cash loans,141991.51,247340.35,Approved
1001947,200211,Cash loans,124171.34,6379.5,Approved
1001948,102569,Cash loans,135383.3,520575.42,Approved
1001949,108634,Consumer loans,55530.59,32678.69,Refused
1001950,109230,Revolving loans,25630.09,8362.25,Refused
1001951,100396,Consumer loans,200211.69,148489.37,Refused
1001952,106688,Revolving loans,4891.86,174715.25,Refused
1001953,103989,Consumer loans,99927.29,195270.34,Canceled
1001954,103579,Consumer loans,130021.2,160381.97,Refused
1001955,104447,Cash loans,29868.6,55704.95,Refused
1001956,101755,Consumer loans,17667.22,388164.79,Approved
1001957,100213,Consumer loans,27285.18,46992.33,Approved
1001958,200591,Cash loans,60788.65,138868.33,Approved
1001959,105021,Consumer loans,81128.05,167283.68,Approved
1001960,107286,Revolving loans,84674.0,75485.16,Approved
1001961,107280,Revolving loans,155351.68,104302.62,Approved
1001962,109311,Consumer loans,121368.58,113988.1,Canceled
1001963,101232,Consumer loans,122291.47,156783.64,Approved
1001964,107643,Revolving loans,31255.68,28035.37,Approved
1001965,107811,Revolving loans,263822.56,306035.28,Approved
1001966,109356,Revolving loans,104480.26,219463.43,Approved
1001967,108488,Revolving loans,82868.62,155925.23,Refused
1001968,102233,Consumer loans,116866.56,179156.32,Canceled
1001969,100695,Consumer loans,58053.44,48507.95,Approved
1001970,201304,Consumer loans,101061.39,425187.98,Refused
1001971,104100,Cash loans,50569.32,28833.45,Canceled
1001972,201970,Consumer loans,70016.07,16215.12,Refused
1001973,103908,Cash loans,262604.31,169932.04,Approved
1001974,201618,Revolving loans,171237.85,68838.8,Refused
1001975,108733,Cash loans,5910.85,113861.6,Approved
1001976,201720,Cash loans,165150.98,271175.98,Approved
1001977,106764,Consumer loans,98246.91,11966.39,Refused
1001978,201006,Cash loans,119405.38,119954.81,Refused
1001979,103238,Revolving loans,117834.34,156918.68,Canceled
1001980,102630,Cash loans,128338.81,672.33,Approved
1001981,106925,Cash loans,14823.4,3207.55,Approved
1001982,107095,Consumer loans,426896.57,3419.35,Refused
1001983,200964,Cash loans,23243.52,264713.14,Canceled
1001984,100021,Consumer loans,54382.09,6005.78,Refused
1001985,200262,Cash loans,20553.16,44381.19,Approved
1001986,106817,Cash loans,65833.04,177559.72,Canceled
1001987,201250,Consumer loans,14971.86,68076.43,Approved
1001988,102666,Cash loans,15556.66,128193.8,Approved
1001989,107564,Consumer loans,106489.43,103932.34,Approved
1001990,105123,Revolving loans,172147.47,159463.48,Refused
1001991,105869,Cash loans,90889.53,197051.78,Approved
1001992,108257,Revolving loans,4299.84,52406.06,Refused
1001993,103331,Cash loans,121526.88,119716.95,Approved
1001994,101580,Consumer loans,95403.23,49790.56,Approved
1001995,105241,Revolving loans,80305.92,130199.92,Approved
1001996,102326,Revolving loans,1893.7,5079.14,Refused
1001997,101947,Consumer loans,148458.24,14845.23,Canceled
1001998,104359,Revolving loans,51262.79,258029.34,Approved
1001999,106491,Consumer loans,124736.03,31522.97,Approved
1002000,109916,Consumer loans,42633.95,112545.45,Approved
1002001,201613,Revolving loans,187808.01,182050.17,Canceled
1002002,102760,Revolving loans,31118.72,139787.67,Approved
1002003,103239,Cash loans,14120.42,38086.64,Approved
1002004,100252,Consumer loans,88286.75,27602.36,Refused
1002005,102291,Cash loans,1938.23,463307.02,Approved
1002006,100610,Cash loans,2870.23,53908.09,Refused
1002007,108162,Revolving loans,188912.64,384395.38,Approved
1002008,106707,Cash loans,81994.54,84262.94,Approved
1002009,107731,Consumer loans,31322.76,61020.02,Approved
1002010,102171,Cash loans,2335.79,71983.6,Canceled
1002011,104191,Revolving loans,128548.68,137680.59,Canceled
1002012,103287,Consumer loans,189120.6,221446.97,Approved
1002013,102432,Revolving loans,30086.98,124987.0,Approved
1002014,102613,Cash loans,63084.74,88787.76,Approved
1002015,107965,Revolving loans,34722.67,82036.72,Approved
1002016,201391,Cash loans,24540.35,2757.46,Approved
1002017,101896,Cash loans,12781.3,299296.84,Refused
1002018,104252,Consumer loans,35454.55,101374.62,Approved
1002019,200534,Revolving loans,6636.82,26647.52,Approved
1002020,101572,Revolving loans,126563.47,34458.17,Approved
1002021,100359,Consumer loans,121161.18,33676.7,Approved
1002022,108604,Revolving loans,93815.99,43095.79,Canceled
1002023,200082,Consumer loans,16770.11,143944.63,Approved
1002024,201609,Revolving loans,3592.04,29473.48,Approved
1002025,200381,Cash loans,15562.13,17895.01,Refused
1002026,109327,Consumer loans,35276.07,95608.94,Canceled
1002027,103783,Cash loans,147543.31,51904.5,Canceled
1002028,104554,Revolving loans,68233.33,132105.36,Approved
1002029,201094,Cash loans,213250.68,1097.59,Refused
1002030,100707,Revolving loans,107869.8,88197.31,Approved
1002031,106672,Cash loans,79445.49,971.49,Approved
1002032,100035,Revolving loans,97263.07,241164.93,Approved
1002033,109445,Cash loans,103481.78,140293.74,Approved
1002034,107227,Revolving loans,129870.89,31669.03,Approved
1002035,101644,Consumer loans,72264.91,361778.91,Canceled
1002036,107337,Revolving loans,268461.05,13526.35,Approved
1002037,100127,Consumer loans,46909.56,303160.09,Refused
1002038,106737,Cash loans,14853.0,157298.03,Canceled
1002039,103482,Consumer loans,6569.75,55802.39,Approved
1002040,104824,Consumer loans,21029.1,38436.15,Refused
1002041,100494,Consumer loans,124568.26,388844.76,Refused
1002042,107447,Revolving loans,66032.1,105826.97,Approved
1002043,105365,Cash loans,8784.93,162620.62,Approved
1002044,106390,Consumer loans,186356.6,324006.45,Approved
1002045,200854,Consumer loans,462227.64,310363.6,Refused
1002046,100411,Cash loans,10371.88,4303.72,Approved
1002047,108526,Cash loans,351543.44,454945.6,Approved
1002048,108341,Revolving loans,165792.0,558675.4,Approved
1002049,200159,Consumer loans,1090.94,432858.96,Refused
1002050,101353,Consumer loans,112210.51,186601.2,Refused
1002051,101710,Revolving loans,152307.6,316496.43,Refused
1002052,108972,Consumer loans,31462.44,86222.52,Approved
1002053,109341,Consumer loans,365095.97,113024.73,Approved
1002054,106960,Revolving loans,68569.31,200414.39,Approved
1002055,108239,Revolving loans,2815.92,39128.79,Approved
1002056,103905,Cash loans,240380.95,85508.81,Refused
1002057,100899,Consumer loans,50636.2,151121.11,Approved
1002058,101275,Cash loans,11683.33,163846.49,Approved
1002059,102056,Revolving loans,200660.32,305183.34,Approved
1002060,105713,Consumer loans,83085.56,45421.65,Canceled
1002061,103172,Consumer loans,24506.04,29690.22,Canceled
1002062,200229,Revolving loans,173061.13,25637.62,Approved
1002063,100164,Revolving loans,217471.38,89184.96,Refused
1002064,106560,Revolving loans,595609.0,64355.74,Canceled
1002065,106515,Cash loans,899.49,1512.57,Approved
1002066,100984,Consumer loans,25734.43,30133.85,Approved
1002067,108835,Revolving loans,52828.27,119744.68,Approved
1002068,102757,Consumer loans,9593.64,355453.33,Approved
1002069,101888,Revolving loans,9221.85,64384.72,Approved
1002070,100448,Consumer loans,420068.81,130984.05,Refused
1002071,101798,Revolving loans,272823.63,15473.92,Approved
1002072,107166,Consumer loans,57199.15,74007.6,Refused
1002073,109970,Consumer loans,115878.29,53061.35,Approved
1002074,108334,Cash loans,3609.02,213371.37,Approved
1002075,105014,Revolving loans,279437.63,153446.31,Approved
1002076,103108,Cash loans,75958.56,7611.94,Refused
1002077,101115,Cash loans,119935.52,234227.39,Approved
1002078,103027,Cash loans,554408.25,103250.9,Refused
1002079,107421,Revolving loans,258899.17,101743.11,Approved
1002080,109604,Revolving loans,31012.12,306146.8,Approved
1002081,201776,Cash loans,217322.85,84077.73,Approved
1002082,100554,Revolving loans,57262.53,21366.67,Canceled
1002083,103531,Cash loans,41945.09,296472.92,Approved
1002084,101130,Revolving loans,71845.44,83400.23,Approved
1002085,109169,Consumer loans,6002.82,50475.31,Canceled
1002086,107700,Cash loans,48460.9,78783.59,Canceled
1002087,108510,Cash loans,23063.96,101922.13,Approved
1002088,102295,Cash loans,132556.5,207370.67,Refused
1002089,102921,Cash loans,41064.75,63650.52,Approved
1002090,100054,Revolving loans,2395.34,23820.38,Approved
1002091,102596,Cash loans,6377.86,65252.95,Canceled
1002092,109543,Consumer loans,7378.41,105850.0,Approved
1002093,107350,Consumer loans,65668.17,12456.49,Canceled
1002094,102457,Consumer loans,22813.54,53560.95,Approved
1002095,100012,Cash loans,18588.31,43745.57,Approved
1002096,201902,Cash loans,410469.67,36926.67,Approved
1002097,100035,Consumer loans,157637.54,48074.83,Approved
1002098,106806,Cash loans,60994.94,34516.82,Approved
1002099,105994,Consumer loans,94924.3,47480.16,Approved
1002100,200163,Revolving loans,195834.22,39789.94,Approved
1002101,109460,Revolving loans,1714.24,104125.41,Approved
1002102,109956,Revolving loans,149427.01,39304.85,Approved
1002103,108885,Revolving loans,43610.84,313010.92,Approved
1002104,200502,Consumer loans,8481.3,54031.25,Approved
1002105,105280,Cash loans,64241.51,126914.17,Approved
1002106,103449,Cash loans,24806.12,27679.48,Approved
1002107,106156,Revolving loans,66348.59,309603.03,Approved
1002108,102351,Cash loans,32491.34,12199.52,Refused
1002109,101072,Revolving loans,29166.6,89573.31,Refused
1002110,108851,Revolving loans,53779.49,79952.85,Refused
1002111,103966,Consumer loans,37402.4,12538.97,Approved
1002112,103187,Cash loans,68256.17,12298.97,Approved
1002113,104335,Revolving loans,760.29,123501.15,Approved
1002114,107185,Revolving loans,317553.14,250506.8,Approved
1002115,100095,Consumer loans,404511.93,32116.27,Approved
1002116,101584,Consumer loans,4799.8,16957.51,Approved
1002117,200960,Revolving loans,3982.48,158416.72,Refused
1002118,109133,Consumer loans,40610.62,155725.87,Approved
1002119,200351,Consumer loans,5287.1,60216.48,Canceled
1002120,106113,Cash loans,165125.76,21437.98,Refused
1002121,109222,Cash loans,145790.08,89646.78,Approved
1002122,104604,Cash loans,134019.68,10443.63,Approved
1002123,103473,Revolving loans,1651.5,296965.84,Canceled
1002124,108795,Consumer loans,123416.2,16784.71,Approved
1002125,102541,Cash loans,41685.52,22934.44,Approved
1002126,201922,Consumer loans,214409.58,62898.73,Approved
1002127,105861,Revolving loans,330243.04,220023.06,Approved
1002128,104610,Consumer loans,81009.42,21517.9,Approved
1002129,101994,Cash loans,32366.57,14831.3,Approved
1002130,104746,Revolving loans,73110.54,40285.75,Approved
1002131,104808,Cash loans,41262.39,347018.1,Approved
1002132,109884,Consumer loans,85735.64,16565.57,Approved
1002133,200690,Consumer loans,106162.19,319021.33,Approved
1002134,107104,Cash loans,18164.56,24407.99,Canceled
1002135,107754,Cash loans,2942.61,75314.09,Approved
1002136,107153,Cash loans,49169.01,101983.38,Refused
1002137,109128,Revolving loans,10952.63,89830.28,Approved
1002138,105808,Revolving loans,86625.09,63683.73,Approved
1002139,100754,Consumer loans,19455.17,320990.49,Refused
1002140,102273,Consumer loans,17856.12,48555.52,Refused
1002141,103009,Consumer loans,125236.35,2081.2,Refused
1002142,109034,Consumer loans,8338.09,174131.47,Approved
1002143,103843,Consumer loans,22544.96,70541.73,Approved
1002144,109296,Revolving loans,45897.59,154537.23,Refused
1002145,108408,Cash loans,224174.89,74051.62,Refused
1002146,103149,Consumer loans,15231.89,183763.08,Approved
1002147,201516,Cash loans,14541.58,23931.62,Refused
1002148,104934,Revolving loans,131198.73,57236.46,Approved
1002149,107762,Consumer loans,206437.17,55760.71,Canceled
1002150,103743,Cash loans,150404.69,134038.89,Canceled
1002151,105014,Revolving loans,98110.81,410764.42,Refused
1002152,200305,Revolving loans,169136.54,16951.58,Approved
1002153,108133,Cash loans,44266.79,98698.36,Approved
1002154,100775,Consumer loans,3507.93,29870.37,Approved
1002155,108654,Consumer loans,160833.71,144769.93,Approved
1002156,100864,Cash loans,291154.92,256101.68,Approved
1002157,108720,Cash loans,31809.06,24226.07,Canceled
1002158,109963,Revolving loans,122065.9,145912.47,Refused
1002159,101587,Cash loans,41429.43,31707.34,Approved
1002160,105921,Cash loans,9573.76,125001.62,Approved
1002161,200375,Cash loans,33805.24,482251.0,Approved
1002162,106791,Cash loans,1401.0,195724.4,Approved
1002163,200840,Revolving loans,15121.97,28966.69,Approved
1002164,106527,Consumer loans,72570.5,199556.71,Approved
1002165,200567,Revolving loans,74059.38,21171.54,Approved
1002166,102298,Cash loans,175788.63,95776.06,Approved
1002167,107852,Revolving loans,172602.86,70758.74,Approved
1002168,200148,Consumer loans,57648.88,9445.93,Approved
1002169,106288,Cash loans,255300.51,7389.36,Approved
1002170,106122,Cash loans,221022.68,17603.49,Canceled
1002171,109789,Cash loans,15170.74,116843.05,Canceled
1002172,201050,Cash loans,192777.5,36231.98,Approved
1002173,100975,Cash loans,350886.42,72297.35,Approved
1002174,100397,Consumer loans,475808.14,131481.99,Approved
1002175,105599,Revolving loans,24655.21,76243.81,Approved
1002176,101599,Consumer loans,13354.03,13948.84,Approved
1002177,201773,Cash loans,40107.18,200605.29,Approved
1002178,103618,Consumer loans,89084.25,61363.3,Approved
1002179,104142,Consumer loans,210682.2,157910.49,Approved
1002180,105945,Revolving loans,20714.46,2095.65,Approved
1002181,109749,Cash loans,61077.23,21598.25,Canceled
1002182,103685,Cash loans,127331.65,65106.31,Approved
1002183,102900,Consumer loans,10944.41,55995.66,Approved
1002184,103619,Consumer loans,40979.92,33521.9,Approved
1002185,201938,Consumer loans,141086.86,53747.64,Canceled
1002186,100015,Cash loans,39300.69,107530.3,Approved
1002187,107801,Consumer loans,22126.63,191264.81,Canceled
1002188,103220,Cash loans,44855.85,191116.73,Refused
1002189,102650,Consumer loans,724.65,661419.82,Approved
1002190,106569,Consumer loans,19467.39,113642.73,Approved
1002191,101486,Cash loans,29995.26,1132.24,Refused
1002192,101549,Revolving loans,176560.47,90993.68,Canceled
1002193,106599,Consumer loans,80403.5,228119.62,Approved
1002194,200379,Revolving loans,47363.96,63871.21,Canceled
1002195,100228,Cash loans,246815.69,62313.35,Approved
1002196,109054,Revolving loans,53123.82,20825.9,Approved
1002197,103218,Revolving loans,86200.01,174255.39,Canceled
1002198,106154,Consumer loans,45536.45,65827.23,Canceled
1002199,109050,Cash loans,22822.78,76708.78,Refused
1002200,104933,Revolving loans,98011.43,75870.13,Canceled
1002201,106336,Consumer loans,154601.35,44285.43,Refused
1002202,201729,Cash loans,118277.89,260701.14,Approved
1002203,107819,Revolving loans,4323.2,43837.82,Approved
1002204,103496,Cash loans,23403.59,7924.53,Approved
1002205,107900,Cash loans,11713.19,40195.85,Approved
1002206,200828,Cash loans,34109.79,29035.36,Approved
1002207,101352,Cash loans,256339.82,28937.5,Approved
1002208,201610,Cash loans,413497.54,63564.18,Approved
1002209,105664,Cash loans,20257.95,14345.41,Approved
1002210,105283,Revolving loans,46558.79,6907.09,Canceled
1002211,200419,Consumer loans,91795.52,27829.3,Approved
1002212,103833,Cash loans,215381.61,47956.22,Approved
1002213,105808,Cash loans,81588.87,164602.32,Refused
1002214,109525,Revolving loans,117244.89,70737.49,Approved
1002215,104025,Cash loans,85549.16,313463.75,Approved
1002216,107880,Consumer loans,46919.84,96092.96,Canceled
1002217,100074,Revolving loans,62947.76,95119.41,Canceled
1002218,109452,Revolving loans,61176.94,64957.13,Canceled
1002219,100784,Cash loans,50794.47,6791.33,Refused
1002220,109508,Cash loans,316859.12,11354.9,Canceled
1002221,108410,Revolving loans,79960.77,111814.08,Refused
1002222,100269,Cash loans,24415.47,55710.15,Approved
1002223,109823,Cash loans,19524.98,68211.41,Canceled
1002224,107886,Cash loans,75722.79,131443.6,Canceled
1002225,104434,Cash loans,180260.21,122773.9,Refused
1002226,107159,Consumer loans,61189.27,47806.98,Approved
1002227,200566,Revolving loans,26578.92,302171.29,Canceled
1002228,102581,Revolving loans,28752.84,87113.69,Refused
1002229,107363,Revolving loans,9355.48,49093.43,Refused
1002230,103674,Cash loans,206.41,78912.54,Approved
1002231,106622,Consumer loans,111663.3,521804.47,Refused
1002232,107115,Consumer loans,30574.68,151213.01,Canceled
1002233,105999,Consumer loans,341844.05,78335.23,Approved
1002234,109986,Consumer loans,52006.09,147849.85,Canceled
1002235,101279,Revolving loans,245050.74,242168.6,Approved
1002236,201058,Revolving loans,141517.55,114168.26,Approved
1002237,109226,Consumer loans,9440.95,171839.44,Approved
1002238,201157,Revolving loans,32100.31,195297.21,Canceled
1002239,201302,Consumer loans,332534.35,102642.77,Approved
1002240,107929,Cash loans,39789.58,97966.7,Approved
1002241,106237,Revolving loans,167442.35,114219.65,Approved
1002242,105383,Cash loans,36281.72,12166.05,Approved
1002243,101160,Cash loans,129419.38,110802.11,Canceled
1002244,107516,Consumer loans,15111.0,26403.89,Refused
1002245,109023,Cash loans,4612.61,60796.87,Refused
1002246,101463,Cash loans,81688.8,113885.58,Approved
1002247,107134,Revolving loans,25512.16,483428.96,Refused
1002248,108997,Revolving loans,27232.26,246811.61,Canceled
1002249,108980,Consumer loans,169785.91,12615.42,Refused
1002250,103347,Consumer loans,104839.69,31801.98,Canceled
1002251,105509,Cash loans,27683.6,163705.16,Approved
1002252,201057,Consumer loans,56016.24,3865.32,Approved
1002253,100261,Revolving loans,5723.93,181837.51,Approved
1002254,108214,Consumer loans,4830.19,45013.63,Canceled
1002255,101820,Cash loans,31067.8,356178.81,Approved
1002256,102296,Cash loans,172719.62,194013.23,Approved
1002257,108884,Consumer loans,62520.73,17015.9,Refused
1002258,105935,Revolving loans,81125.89,192115.61,Approved
1002259,108853,Cash loans,10039.97,81386.66,Approved
1002260,103597,Cash loans,145965.76,130143.44,Canceled
1002261,201504,Revolving loans,32420.31,251713.82,Approved
1002262,105638,Consumer loans,242148.02,106426.27,Approved
1002263,101770,Cash loans,244139.45,52065.21,Canceled
1002264,103023,Cash loans,145549.73,86382.61,Canceled
1002265,106078,Cash loans,59046.2,4443.42,Approved
1002266,105614,Revolving loans,43481.44,310176.29,Approved
1002267,108710,Consumer loans,11715.56,105908.13,Approved
1002268,107470,Revolving loans,152832.71,199112.29,Canceled
1002269,104804,Consumer loans,3861.08,251445.08,Approved
1002270,100338,Cash loans,55194.76,36203.58,Canceled
1002271,106976,Revolving loans,15988.8,71201.91,Canceled
1002272,108039,Revolving loans,38842.19,11743.05,Approved
1002273,104614,Cash loans,65419.1,146150.52,Approved
1002274,101444,Consumer loans,23009.86,14703.4,Canceled
1002275,100594,Consumer loans,195898.9,146551.36,Canceled
1002276,108842,Consumer loans,68489.66,24462.19,Canceled
1002277,201359,Revolving loans,142540.16,398043.77,Canceled
1002278,200494,Consumer loans,140496.93,96210.06,Canceled
1002279,201231,Revolving loans,46695.7,27640.3,Refused
1002280,201511,Revolving loans,174474.91,85625.63,Approved
1002281,106738,Revolving loans,24968.02,6853.45,Approved
1002282,104119,Cash loans,77998.38,88571.6,Approved
1002283,104115,Revolving loans,111465.78,273347.65,Approved
1002284,102991,Consumer loans,11611.56,96504.69,Refused
1002285,100601,Revolving loans,1778.89,54118.81,Approved
1002286,107620,Consumer loans,238479.03,115688.0,Approved
1002287,108954,Consumer loans,94111.23,52412.17,Approved
1002288,103520,Cash loans,90781.52,20138.61,Refused
1002289,103182,Revolving loans,25225.79,135533.38,Refused
1002290,201073,Consumer loans,278710.98,85196.43,Canceled
1002291,200688,Cash loans,85110.03,176905.45,Approved
1002292,107147,Cash loans,93788.23,110290.51,Approved
1002293,103313,Consumer loans,32031.06,8582.68,Approved
1002294,100721,Consumer loans,66553.72,101853.25,Approved
1002295,102950,Cash loans,296053.3,213336.85,Canceled
1002296,109103,Revolving loans,49601.79,25512.91,Canceled
1002297,107477,Consumer loans,172565.17,458106.67,Approved
1002298,109011,Revolving loans,11469.93,123918.67,Refused
1002299,104488,Revolving loans,137927.43,15723.14,Canceled
1002300,103842,Cash loans,145688.51,21039.7,Canceled
1002301,103744,Revolving loans,46034.3,82250.24,Refused
1002302,103562,Revolving loans,89449.1,13751.51,Approved
1002303,105284,Revolving loans,14638.47,115799.23,Refused
1002304,201303,Cash loans,45864.37,7943.06,Approved
1002305,108759,Revolving loans,220983.73,213627.18,Approved
1002306,108431,Cash loans,1217.97,51698.4,Canceled
1002307,102608,Cash loans,218376.85,71833.93,Approved
1002308,201930,Consumer loans,28414.41,151464.8,Approved
1002309,108954,Consumer loans,141239.01,24272.82,Approved
1002310,100163,Cash loans,44904.57,91695.26,Canceled
1002311,100160,Cash loans,3590.4,4091.07,Approved
1002312,108645,Consumer loans,132016.52,63963.11,Canceled
1002313,105330,Consumer loans,279258.74,62286.2,Refused
1002314,200680,Consumer loans,18838.68,339905.63,Canceled
1002315,103275,Revolving loans,60611.94,339450.48,Approved
1002316,200013,Revolving loans,78751.43,314043.17,Approved
1002317,105956,Consumer loans,58445.62,216949.49,Approved
1002318,103196,Consumer loans,43327.51,6669.73,Refused
1002319,106296,Cash loans,49716.75,122823.11,Refused
1002320,101592,Revolving loans,65446.58,50568.19,Canceled
1002321,104661,Consumer loans,99704.57,36809.14,Canceled
1002322,100719,Cash loans,38219.18,2451.15,Refused
1002323,106741,Cash loans,52974.38,189668.01,Approved
1002324,102896,Cash loans,39174.53,71991.3,Approved
1002325,200541,Consumer loans,37833.98,153499.06,Approved
1002326,104883,Consumer loans,23761.64,48446.65,Approved
1002327,106753,Cash loans,171305.21,2003.29,Approved
1002328,103485,Cash loans,110608.13,46199.68,Approved
1002329,100124,Revolving loans,95385.78,118334.85,Refused
1002330,102409,Cash loans,5.96,30134.26,Approved
1002331,103199,Revolving loans,127647.02,7634.54,Refused
1002332,104109,Consumer loans,66074.55,344001.03,Approved
1002333,107588,Cash loans,150422.07,27590.45,Approved
1002334,107360,Revolving loans,31459.22,65077.19,Approved
1002335,201393,Revolving loans,123611.08,113130.01,Approved
1002336,103487,Consumer loans,80382.01,452877.0,Refused
1002337,104038,Consumer loans,153626.05,75361.02,Refused
1002338,107370,Consumer loans,153097.57,154012.55,Approved
1002339,108615,Cash loans,3289.13,3252.55,Canceled
1002340,108817,Consumer loans,19532.45,854217.54,Refused
1002341,107070,Consumer loans,200835.81,92612.31,Approved
1002342,109070,Revolving loans,21270.51,152650.36,Refused
1002343,105492,Cash loans,202836.44,196030.03,Approved
1002344,101041,Consumer loans,89805.51,58458.59,Canceled
1002345,201321,Cash loans,3183.75,140657.55,Approved
1002346,108707,Cash loans,147954.38,106095.43,Approved
1002347,101441,Consumer loans,31840.69,18852.49,Approved
1002348,107271,Revolving loans,5913.35,21802.65,Canceled
1002349,109715,Cash loans,119873.98,57065.88,Approved
1002350,106786,Revolving loans,173036.24,49274.69,Canceled
1002351,108023,Revolving loans,114771.89,18549.9,Canceled
1002352,201301,Cash loans,236919.1,2695.26,Canceled
1002353,103687,Consumer loans,102616.2,42850.82,Approved
1002354,109291,Revolving loans,188952.31,69447.6,Approved
1002355,200482,Consumer loans,65855.51,24815.5,Canceled
1002356,103665,Revolving loans,120318.01,35165.3,Approved
1002357,109856,Cash loans,299881.02,172083.52,Approved
1002358,101387,Consumer loans,176885.49,625886.98,Approved
1002359,102923,Consumer loans,226548.75,40056.46,Refused
1002360,105257,Cash loans,122015.68,68922.49,Approved
1002361,100178,Cash loans,1991.44,24844.38,Canceled
1002362,102832,Consumer loans,107349.7,23696.01,Approved
1002363,104535,Consumer loans,332103.7,40669.86,Approved
1002364,201154,Cash loans,123738.31,50647.7,Approved
1002365,104268,Revolving loans,73441.95,39043.12,Approved
1002366,107777,Cash loans,196977.59,96415.41,Approved
1002367,104348,Cash loans,56808.52,13312.26,Refused
1002368,103527,Cash loans,144875.91,21884.69,Refused
1002369,107912,Revolving loans,48898.86,589815.49,Approved
1002370,104816,Consumer loans,4011.34,55484.97,Approved
1002371,100368,Revolving loans,49189.91,223040.95,Refused
1002372,103511,Cash loans,88520.21,248124.44,Approved
1002373,100854,Consumer loans,200025.77,232268.56,Approved
1002374,101109,Cash loans,321460.13,69182.1,Refused
1002375,105790,Cash loans,21288.27,30359.98,Refused
1002376,109695,Cash loans,131868.79,79517.48,Approved
1002377,105102,Consumer loans,256004.66,187283.32,Approved
1002378,200154,Consumer loans,139488.02,100089.41,Canceled
1002379,108177,Revolving loans,160300.2,18508.93,Approved
1002380,100622,Revolving loans,55474.75,208446.97,Approved
1002381,106599,Revolving loans,29625.38,1277.44,Approved
1002382,101270,Cash loans,539471.4,156209.38,Approved
1002383,100104,Consumer loans,39726.26,62742.59,Approved
1002384,101878,Consumer loans,293086.4,1446.98,Refused
1002385,104547,Revolving loans,51655.83,121946.57,Approved
1002386,106439,Cash loans,106405.05,273420.17,Approved
1002387,108042,Cash loans,9931.09,259651.4,Refused
1002388,105606,Revolving loans,105776.47,2185.75,Approved
1002389,200622,Revolving loans,39144.92,66649.29,Refused
1002390,105939,Cash loans,62014.56,62738.89,Approved
1002391,105760,Revolving loans,71806.63,335206.74,Refused
1002392,106425,Consumer loans,64103.61,10853.25,Approved
1002393,201628,Consumer loans,241719.49,24759.67,Approved
1002394,101040,Cash loans,112891.83,92237.27,Refused
1002395,105197,Cash loans,24494.91,4651.47,Approved
1002396,106187,Revolving loans,55490.58,60525.85,Refused
1002397,107111,Cash loans,22904.93,43822.62,Refused
1002398,104807,Revolving loans,111597.62,78083.15,Canceled
1002399,200075,Revolving loans,59785.22,59264.05,Canceled
1002400,103150,Cash loans,67750.36,134743.13,Approved
1002401,104538,Revolving loans,44364.28,34690.02,Approved
1002402,106980,Revolving loans,73394.92,496422.45,Canceled
1002403,108738,Consumer loans,58123.95,123714.09,Approved
1002404,106310,Consumer loans,370179.38,143514.02,Approved
1002405,100489,Consumer loans,46133.48,11051.88,Canceled
1002406,106191,Cash loans,79747.66,124239.87,Refused
1002407,106933,Cash loans,513561.83,83968.4,Canceled
1002408,107922,Cash loans,300192.5,135976.03,Approved
1002409,103692,Cash loans,75881.27,19474.75,Refused
1002410,107866,Revolving loans,202613.91,58486.66,Approved
1002411,101795,Revolving loans,356930.31,26945.65,Refused
1002412,105677,Cash loans,75064.19,236107.74,Approved
1002413,107767,Consumer loans,197085.97,48606.2,Approved
1002414,101001,Revolving loans,37222.92,30876.7,Canceled
1002415,201446,Consumer loans,176300.27,156442.08,Refused
1002416,105531,Cash loans,37148.96,257187.37,Approved
1002417,100187,Revolving loans,74469.74,66033.3,Refused
1002418,109336,Revolving loans,25488.27,127656.97,Approved
1002419,103632,Consumer loans,66864.38,130273.04,Approved
1002420,101633,Cash loans,31015.11,62449.21,Canceled
1002421,105289,Revolving loans,245706.76,33651.51,Refused
1002422,108827,Revolving loans,187975.87,12144.47,Approved
1002423,101413,Revolving loans,135159.24,65527.89,Approved
1002424,101073,Cash loans,33302.04,373214.36,Approved
1002425,104724,Consumer loans,96642.47,246373.68,Approved
1002426,106425,Consumer loans,274141.65,29522.41,Approved
1002427,106220,Consumer loans,216187.82,16826.67,Canceled
1002428,100045,Cash loans,54896.21,240786.41,Canceled
1002429,102186,Revolving loans,31738.19,48908.93,Approved
1002430,101240,Revolving loans,114716.57,4941.74,Approved
1002431,108908,Cash loans,136479.41,258628.69,Approved
1002432,200373,Revolving loans,225454.54,50433.51,Refused
1002433,108910,Cash loans,35762.22,96671.5,Refused
1002434,102255,Revolving loans,34184.9,267364.99,Refused
1002435,200168,Consumer loans,130430.58,132084.37,Approved
1002436,104570,Revolving loans,72178.36,18231.72,Approved
1002437,104022,Revolving loans,120576.73,86182.05,Approved
1002438,108544,Consumer loans,218543.58,22608.92,Approved
1002439,201410,Revolving loans,73744.94,195490.43,Approved
1002440,109535,Consumer loans,214860.19,59800.66,Canceled
1002441,103574,Revolving loans,141006.75,144842.75,Refused
1002442,107126,Cash loans,15952.72,178605.84,Approved
1002443,108860,Cash loans,23512.18,4968.79,Approved
1002444,108261,Consumer loans,100332.85,184270.81,Approved
1002445,200707,Cash loans,260579.46,93616.08,Approved
1002446,100861,Consumer loans,32610.72,150477.41,Approved
1002447,100847,Consumer loans,49806.02,126309.39,Canceled
1002448,201173,Consumer loans,117325.34,290037.0,Approved
1002449,102871,Revolving loans,83120.83,195320.27,Canceled
1002450,201230,Revolving loans,137906.82,72842.33,Canceled
1002451,108305,Consumer loans,374644.65,15120.34,Refused
1002452,108323,Revolving loans,3255.77,40119.14,Refused
1002453,105114,Consumer loans,6987.13,184605.41,Refused
1002454,105443,Cash loans,141891.12,174230.76,Canceled
1002455,103138,Cash loans,1458.44,20634.73,Approved
1002456,104315,Cash loans,53914.1,44387.88,Canceled
1002457,201901,Consumer loans,75922.79,164560.19,Approved
1002458,104073,Consumer loans,60261.94,7431.11,Approved
1002459,100724,Revolving loans,128789.31,53750.2,Refused
1002460,200372,Consumer loans,79453.36,152131.36,Approved
1002461,106671,Revolving loans,107655.83,135755.51,Approved
1002462,105991,Revolving loans,55723.19,57268.29,Approved
1002463,201569,Revolving loans,191272.65,178413.48,Approved
1002464,108006,Revolving loans,134438.43,41473.53,Canceled
1002465,105420,Consumer loans,106369.19,121103.79,Approved
1002466,103417,Consumer loans,10110.7,148445.92,Canceled
1002467,100562,Revolving loans,266421.58,295160.49,Approved
1002468,107386,Revolving loans,52992.9,16763.43,Refused
1002469,200043,Consumer loans,7888.51,178353.34,Approved
1002470,104748,Cash loans,127292.69,260109.78,Approved
1002471,100842,Consumer loans,25698.88,1285.19,Approved
1002472,201623,Consumer loans,60454.13,13.72,Approved
1002473,109614,Consumer loans,224892.94,64269.65,Refused
1002474,100640,Consumer loans,18207.26,377764.32,Canceled
1002475,201573,Cash loans,311388.05,8308.48,Approved
1002476,101886,Cash loans,193329.69,133240.97,Approved
1002477,106389,Revolving loans,32203.28,108065.73,Refused
1002478,102504,Cash loans,150669.56,5986.89,Refused
1002479,105062,Cash loans,122357.26,69674.29,Approved
1002480,201120,Revolving loans,13187.83,31923.12,Refused
1002481,102605,Cash loans,81835.41,241739.43,Refused
1002482,100112,Revolving loans,12017.6,253871.74,Approved
1002483,104886,Consumer loans,21354.68,161793.15,Approved
1002484,102377,Consumer loans,310701.62,91722.42,Canceled
1002485,109197,Cash loans,97089.2,20208.48,Approved
1002486,106636,Cash loans,139311.64,23396.31,Approved
1002487,107857,Consumer loans,94656.08,112771.86,Canceled
1002488,200179,Cash loans,243242.49,291894.11,Refused
1002489,102227,Cash loans,81802.77,8621.95,Refused
1002490,105433,Revolving loans,79587.81,54570.47,Canceled
1002491,200152,Revolving loans,38894.67,522344.81,Approved
1002492,103053,Revolving loans,5889.45,91762.0,Approved
1002493,105720,Consumer loans,137510.46,80257.24,Approved
1002494,107417,Revolving loans,217527.17,75645.4,Approved
1002495,103164,Cash loans,99486.88,4716.5,Refused
1002496,109188,Cash loans,148276.44,160676.63,Approved
1002497,200053,Cash loans,26066.98,263501.13,Approved
1002498,108268,Cash loans,115295.86,141085.59,Approved
1002499,108010,Cash loans,112500.79,21660.85,Approved
1002500,109517,Consumer loans,72567.73,183329.48,Canceled
1002501,200208,Cash loans,11923.91,106326.44,Approved
1002502,106656,Consumer loans,65815.52,450559.89,Approved
1002503,109147,Consumer loans,18437.32,220559.78,Approved
1002504,109725,Cash loans,20452.16,6335.51,Canceled
1002505,101089,Consumer loans,28497.82,196883.05,Refused
1002506,109436,Cash loans,176484.54,371607.92,Refused
1002507,107087,Revolving loans,83189.76,119615.1,Approved
1002508,108128,Consumer loans,38553.6,211298.71,Approved
1002509,104999,Revolving loans,38574.73,168662.26,Canceled
1002510,201769,Cash loans,268744.98,72750.59,Refused
1002511,201958,Cash loans,111301.01,27887.56,Approved
1002512,104944,Consumer loans,21381.33,146951.15,Approved
1002513,107329,Cash loans,79596.89,149516.61,Refused
1002514,109149,Cash loans,50309.85,3867.6,Approved
1002515,107057,Revolving loans,38825.85,36518.57,Refused
1002516,201853,Revolving loans,94552.61,77320.65,Approved
1002517,103732,Consumer loans,12196.79,2912.39,Approved
1002518,105138,Revolving loans,202134.99,47862.19,Canceled
1002519,105755,Cash loans,146838.91,81303.27,Approved
1002520,201237,Consumer loans,125833.05,253505.09,Canceled
1002521,102563,Cash loans,93814.08,326962.82,Approved
1002522,201947,Revolving loans,90118.27,169462.92,Approved
1002523,105363,Consumer loans,5428.98,331893.92,Approved
1002524,100205,Consumer loans,46647.04,301542.76,Canceled
1002525,105024,Revolving loans,3184.78,52449.62,Refused
1002526,105988,Revolving loans,34579.04,151796.95,Approved
1002527,105114,Revolving loans,7553.53,111455.95,Approved
1002528,104256,Revolving loans,113640.21,163098.28,Approved
1002529,200325,Cash loans,229844.64,35451.4,Refused
1002530,100842,Cash loans,146192.37,265985.96,Refused
1002531,201018,Revolving loans,168468.43,60331.52,Approved
1002532,103316,Revolving loans,51191.21,335375.8,Approved
1002533,103224,Cash loans,428485.45,219760.99,Approved
1002534,105271,Consumer loans,23409.38,19906.35,Approved
1002535,108597,Revolving loans,112705.29,119825.32,Approved
1002536,103952,Revolving loans,36945.43,248512.32,Approved
1002537,104424,Revolving loans,173684.27,188192.83,Approved
1002538,200416,Revolving loans,83148.03,233644.07,Approved
1002539,106400,Consumer loans,67448.8,148057.59,Approved
1002540,101247,Cash loans,11388.53,262004.11,Refused
1002541,107415,Consumer loans,28842.19,15581.01,Approved
1002542,201787,Cash loans,26042.78,108628.83,Canceled
1002543,200402,Cash loans,75880.15,39895.97,Approved
1002544,101827,Consumer loans,107077.79,14934.01,Approved
1002545,105818,Consumer loans,36220.22,229550.88,Approved
1002546,104190,Cash loans,36342.94,162.1,Approved
1002547,106317,Consumer loans,74040.91,42882.57,Approved
1002548,107832,Revolving loans,32966.84,130042.94,Approved
1002549,108138,Revolving loans,47941.19,120493.7,Approved
1002550,100382,Cash loans,334937.47,3592.15,Approved
1002551,106339,Revolving loans,89184.63,128043.3,Refused
1002552,101077,Consumer loans,138566.87,275978.93,Approved
1002553,200344,Revolving loans,94849.72,74912.5,Canceled
1002554,101630,Cash loans,59885.95,514644.3,Approved
1002555,106141,Cash loans,143296.19,5917.1,Refused
1002556,102445,Consumer loans,78580.88,139597.19,Approved
1002557,108380,Revolving loans,115460.92,250772.79,Approved
1002558,107676,Revolving loans,145064.62,57791.07,Refused
1002559,105869,Consumer loans,9126.09,82510.53,Approved
1002560,102490,Cash loans,92980.51,21571.6,Canceled
1002561,100219,Cash loans,4754.47,119114.56,Canceled
1002562,201419,Cash loans,12554.65,59686.18,Approved
1002563,104578,Revolving loans,12427.05,8926.57,Approved
1002564,107898,Cash loans,77505.77,160583.73,Canceled
1002565,107373,Revolving loans,1729.66,188679.3,Canceled
1002566,104408,Revolving loans,59651.44,31652.23,Approved
1002567,107425,Cash loans,87660.47,24929.95,Approved
1002568,100397,Consumer loans,6907.14,107028.88,Approved
1002569,103108,Consumer loans,40376.28,226305.53,Approved
1002570,108010,Consumer loans,56876.81,27220.65,Approved
1002571,104004,Cash loans,72912.22,15604.61,Approved
1002572,100975,Cash loans,36524.98,79793.82,Approved
1002573,104210,Consumer loans,119551.58,6622.32,Approved
1002574,100181,Cash loans,176993.03,217059.68,Approved
1002575,104269,Cash loans,236445.57,38296.97,Approved
1002576,100073,Cash loans,44236.55,122658.46,Canceled
1002577,200430,Cash loans,137519.65,346983.21,Refused
1002578,102079,Consumer loans,12969.4,42673.89,Refused
1002579,103166,Consumer loans,7089.2,86864.23,Approved
1002580,107902,Revolving loans,19337.0,27198.25,Approved
1002581,201786,Revolving loans,224545.57,827288.47,Canceled
1002582,201593,Revolving loans,1102.21,34554.93,Approved
1002583,106114,Consumer loans,20316.56,221832.03,Refused
1002584,108795,Cash loans,30064.95,6445.13,Canceled
1002585,101131,Cash loans,19372.1,116242.5,Approved
1002586,105336,Consumer loans,7232.88,36525.97,Canceled
1002587,105623,Consumer loans,156525.34,212209.21,Approved
1002588,105477,Consumer loans,85909.17,31986.41,Refused
1002589,109470,Cash loans,2517.93,76521.31,Approved
1002590,108313,Cash loans,8842.06,1709.67,Approved
1002591,108132,Consumer loans,28495.21,37736.5,Canceled
1002592,109113,Consumer loans,30252.28,71650.62,Approved
1002593,101073,Cash loans,141098.39,104901.86,Approved
1002594,109745,Cash loans,468114.93,1608.6,Approved
1002595,101594,Consumer loans,15216.23,10935.59,Approved
1002596,102895,Cash loans,170022.74,266795.2,Approved
1002597,104947,Revolving loans,75936.59,254982.97,Refused
1002598,106855,Consumer loans,71946.71,57199.12,Approved
1002599,107956,Cash loans,7219.79,36544.57,Refused
1002600,106482,Cash loans,2747.85,92229.61,Approved
1002601,103605,Revolving loans,4828.89,69224.74,Canceled
1002602,100390,Revolving loans,99416.88,42133.32,Approved
1002603,100317,Revolving loans,78492.58,69828.13,Approved
1002604,106463,Revolving loans,196644.98,216315.29,Approved
1002605,200512,Cash loans,109703.4,88802.19,Approved
1002606,104097,Revolving loans,4722.14,71375.91,Approved
1002607,108703,Consumer loans,66329.78,183617.32,Approved
1002608,101451,Consumer loans,41716.79,261236.38,Canceled
1002609,107553,Cash loans,190886.49,42579.18,Approved
1002610,109049,Consumer loans,53233.11,202928.65,Approved
1002611,100512,Cash loans,78501.57,139335.69,Approved
1002612,108906,Cash loans,441312.17,15439.57,Refused
1002613,102792,Consumer loans,47413.99,148868.5,Refused
1002614,101584,Cash loans,133110.29,39720.69,Approved
1002615,100214,Revolving loans,13046.11,93359.63,Refused
1002616,104937,Cash loans,6498.08,162.61,Refused
1002617,104467,Revolving loans,252288.51,109489.26,Approved
1002618,104814,Revolving loans,72613.37,19501.77,Approved
1002619,104270,Cash loans,117095.96,29898.13,Refused
1002620,201360,Consumer loans,16523.23,247164.39,Approved
1002621,101276,Revolving loans,4198.3,98762.43,Approved
1002622,106908,Consumer loans,140823.78,327630.5,Approved
1002623,100088,Consumer loans,92023.35,100713.71,Approved
1002624,101300,Revolving loans,70298.79,79335.24,Refused
1002625,100835,Cash loans,54480.17,85977.33,Refused
1002626,109015,Consumer loans,141486.72,31556.68,Canceled
1002627,102703,Consumer loans,83824.63,73155.91,Approved
1002628,109866,Consumer loans,119839.69,261317.96,Approved
1002629,102026,Consumer loans,350143.01,396176.87,Approved
1002630,107699,Revolving loans,153612.1,69501.13,Canceled
1002631,101939,Consumer loans,40250.27,29231.64,Canceled
1002632,109742,Cash loans,9001.58,94901.21,Approved
1002633,105092,Cash loans,49109.45,266153.42,Refused
1002634,104836,Cash loans,55176.97,9537.56,Approved
1002635,104581,Cash loans,6140.71,50090.25,Canceled
1002636,100928,Consumer loans,91929.14,197465.76,Approved
1002637,100111,Revolving loans,192433.65,3150.62,Approved
1002638,107674,Consumer loans,35721.96,13801.92,Approved
1002639,200996,Consumer loans,85330.19,25067.26,Refused
1002640,107914,Revolving loans,50770.1,248135.64,Approved
1002641,102333,Revolving loans,115497.65,147755.22,Approved
1002642,109414,Consumer loans,27997.08,105624.71,Approved
1002643,107004,Revolving loans,26375.74,28825.31,Approved
1002644,102327,Revolving loans,143777.19,217494.65,Approved
1002645,107608,Revolving loans,65856.2,166082.32,Approved
1002646,200989,Revolving loans,6208.6,193853.7,Refused
1002647,101640,Cash loans,52426.56,115951.35,Approved
1002648,201238,Revolving loans,128091.94,61564.1,Approved
1002649,100701,Cash loans,54155.69,185375.03,Refused
1002650,103489,Revolving loans,54037.29,188092.05,Approved
1002651,105082,Revolving loans,69609.41,869162.06,Canceled
1002652,105957,Revolving loans,67765.82,156334.62,Approved
1002653,104257,Consumer loans,48544.03,331975.37,Approved
1002654,100386,Revolving loans,34574.27,9358.27,Canceled
1002655,109668,Cash loans,122036.24,91751.62,Approved
1002656,100064,Cash loans,112162.08,116890.27,Approved
1002657,100613,Consumer loans,17171.41,130249.54,Refused
1002658,201654,Revolving loans,135651.99,201566.94,Approved
1002659,102174,Consumer loans,41447.8,413447.57,Approved
1002660,107612,Consumer loans,62360.25,686.17,Approved
1002661,201004,Cash loans,72581.14,879.33,Approved
1002662,107751,Revolving loans,113130.28,33412.48,Approved
1002663,200516,Revolving loans,6581.13,37106.74,Refused
1002664,103152,Consumer loans,447823.38,106470.33,Approved
1002665,109978,Cash loans,68815.09,80047.73,Canceled
1002666,108411,Cash loans,44912.38,130545.04,Approved
1002667,106319,Revolving loans,46517.05,163499.25,Refused
1002668,107254,Consumer loans,97867.51,7776.1,Refused
1002669,104237,Revolving loans,8745.74,84920.34,Approved
1002670,104127,Revolving loans,9248.45,27690.67,Refused
1002671,104290,Revolving loans,210830.5,42149.94,Approved
1002672,104042,Revolving loans,61548.5,95071.89,Approved
1002673,107795,Consumer loans,79449.59,5165.99,Approved
1002674,103518,Consumer loans,152646.89,273163.97,Approved
1002675,102374,Cash loans,88418.15,197586.61,Approved
1002676,101618,Consumer loans,113872.17,341819.92,Approved
1002677,103435,Cash loans,51751.73,245117.73,Approved
1002678,101744,Revolving loans,5406.75,47634.64,Refused
1002679,201057,Cash loans,7685.97,25897.11,Approved
1002680,109486,Consumer loans,77391.96,257925.09,Approved
1002681,102727,Revolving loans,163251.3,82943.28,Canceled
1002682,108823,Consumer loans,292107.9,257082.44,Approved
1002683,101726,Revolving loans,43737.53,26287.43,Approved
1002684,105206,Revolving loans,133034.35,216958.53,Canceled
1002685,107166,Revolving loans,105634.18,42772.0,Approved
1002686,101143,Consumer loans,39205.89,119876.05,Canceled
1002687,201535,Revolving loans,238971.58,48163.59,Approved
1002688,100595,Cash loans,287620.55,298679.8,Approved
1002689,201709,Cash loans,143799.14,90503.16,Approved
1002690,100518,Consumer loans,35019.62,143388.59,Approved
1002691,100350,Cash loans,46397.11,36747.61,Canceled
1002692,201095,Cash loans,52687.6,43725.02,Canceled
1002693,201677,Consumer loans,38669.09,151407.36,Approved
1002694,105829,Consumer loans,28291.81,98772.15,Approved
1002695,103148,Cash loans,127688.99,4732.38,Approved
1002696,105376,Revolving loans,26070.88,14855.59,Canceled
1002697,104196,Cash loans,12237.41,67304.44,Refused
1002698,103721,Revolving loans,207009.38,37561.73,Approved
1002699,109893,Consumer loans,601137.37,170432.71,Canceled
1002700,109499,Consumer loans,137598.57,143683.44,Refused
1002701,109051,Consumer loans,74179.7,472106.4,Canceled
1002702,100166,Cash loans,64743.38,32030.56,Approved
1002703,108392,Cash loans,56467.86,103493.78,Canceled
1002704,100198,Consumer loans,36339.21,121985.41,Refused
1002705,102720,Revolving loans,73356.99,92470.49,Approved
1002706,103874,Consumer loans,14287.79,101211.82,Approved
1002707,104563,Consumer loans,17882.41,4723.41,Refused
1002708,106823,Consumer loans,17199.36,130854.08,Approved
1002709,100691,Consumer loans,20926.95,212873.95,Approved
1002710,103694,Cash loans,32298.26,104774.76,Approved
1002711,103036,Cash loans,66361.82,58062.29,Approved
1002712,100149,Revolving loans,121231.88,74975.19,Approved
1002713,109295,Consumer loans,27080.81,66290.85,Refused
1002714,107561,Cash loans,52746.65,32135.11,Approved
1002715,100579,Cash loans,47683.31,10390.15,Canceled
1002716,104439,Consumer loans,110836.66,233869.32,Refused
1002717,200140,Consumer loans,14447.93,134163.36,Canceled
1002718,102526,Consumer loans,23703.08,118082.35,Approved
1002719,101182,Cash loans,44360.47,4533.62,Approved
1002720,200375,Consumer loans,161156.6,60223.03,Approved
1002721,200254,Revolving loans,165455.49,18126.78,Approved
1002722,200705,Revolving loans,12049.63,32270.23,Approved
1002723,100801,Revolving loans,4336.56,182325.1,Approved
1002724,102585,Consumer loans,220429.04,258496.34,Approved
1002725,100760,Consumer loans,49735.52,140665.75,Approved
1002726,109257,Revolving loans,24498.17,17719.58,Approved
1002727,107331,Cash loans,13664.76,103470.35,Approved
1002728,109975,Consumer loans,83505.28,24246.0,Approved
1002729,105528,Cash loans,127031.31,15807.18,Approved
1002730,200632,Consumer loans,45078.59,229074.26,Canceled
1002731,105521,Revolving loans,37567.9,10771.78,Approved
1002732,101339,Cash loans,268021.42,426493.23,Approved
1002733,103256,Consumer loans,133566.82,53624.28,Approved
1002734,103305,Cash loans,87342.08,37691.58,Refused
1002735,109273,Revolving loans,39227.94,18432.34,Approved
1002736,104272,Cash loans,82520.21,29405.86,Canceled
1002737,104956,Revolving loans,5368.24,238423.93,Approved
1002738,106296,Revolving loans,115027.47,37297.18,Approved
1002739,107386,Revolving loans,69359.83,37190.07,Canceled
1002740,108117,Cash loans,27757.34,268527.32,Approved
1002741,104609,Revolving loans,69373.05,3016.63,Approved
1002742,107986,Consumer loans,12647.95,76149.51,Refused
1002743,103925,Consumer loans,262309.42,112385.2,Canceled
1002744,103512,Cash loans,39899.55,41763.8,Approved
1002745,105664,Revolving loans,126120.52,175861.69,Approved
1002746,109632,Revolving loans,273304.21,34001.36,Refused
1002747,109267,Cash loans,339828.72,117309.34,Refused
1002748,109166,Revolving loans,297266.43,23060.1,Approved
1002749,102524,Revolving loans,102612.77,117103.14,Approved
1002750,104478,Cash loans,138585.78,486037.92,Approved
1002751,102396,Cash loans,219046.46,74157.88,Canceled
1002752,106414,Consumer loans,97090.73,115292.94,Canceled
1002753,107409,Cash loans,32150.34,133238.16,Refused
1002754,100895,Revolving loans,20859.91,186193.12,Approved
1002755,201080,Revolving loans,16901.13,385759.43,Approved
1002756,106491,Cash loans,29804.08,92880.47,Approved
1002757,107324,Consumer loans,172182.3,94970.95,Refused
1002758,108899,Cash loans,64979.15,181491.62,Approved
1002759,200907,Consumer loans,43609.39,134879.23,Approved
1002760,200448,Revolving loans,55968.41,200589.4,Canceled
1002761,106422,Cash loans,34521.38,2779.68,Canceled
1002762,108983,Cash loans,46844.09,486554.19,Approved
1002763,101589,Cash loans,21063.41,59281.12,Approved
1002764,105016,Cash loans,210145.33,227419.62,Approved
1002765,107868,Cash loans,483937.3,102901.11,Refused
1002766,201594,Consumer loans,22448.41,15136.3,Approved
1002767,104536,Cash loans,75528.96,29000.0,Approved
1002768,107016,Revolving loans,21774.82,127677.13,Approved
1002769,106900,Consumer loans,89547.11,463154.54,Approved
1002770,102649,Cash loans,309724.67,288289.86,Canceled
1002771,100829,Consumer loans,54503.78,67717.44,Canceled
1002772,108839,Consumer loans,40175.82,85826.5,Approved
1002773,106976,Consumer loans,9035.25,53240.87,Approved
1002774,109236,Revolving loans,232054.53,2387.19,Approved
1002775,200428,Cash loans,64080.95,41726.23,Approved
1002776,200521,Revolving loans,51705.67,89775.79,Approved
1002777,100768,Revolving loans,59591.58,166994.4,Approved
1002778,108163,Cash loans,39110.39,103230.19,Refused
1002779,201127,Revolving loans,4767.42,56439.74,Canceled
1002780,103580,Consumer loans,249887.4,26369.27,Canceled
1002781,103214,Cash loans,25290.74,33923.52,Approved
1002782,109183,Consumer loans,44430.52,13453.6,Refused
1002783,201261,Cash loans,114593.65,76510.01,Approved
1002784,102835,Consumer loans,244732.39,111690.98,Approved
1002785,201654,Cash loans,50805.89,16154.26,Canceled
1002786,201771,Cash loans,99810.64,146952.6,Approved
1002787,105835,Cash loans,134150.91,42335.57,Canceled
1002788,109587,Cash loans,36627.03,102699.35,Approved
1002789,102298,Revolving loans,21513.91,108714.6,Approved
1002790,201671,Cash loans,44848.23,45261.66,Canceled
1002791,200505,Consumer loans,351541.67,17054.07,Approved
1002792,108729,Cash loans,164397.06,66033.69,Approved
1002793,108346,Consumer loans,48391.81,114536.94,Approved
1002794,200855,Cash loans,1032.67,192977.5,Approved
1002795,103652,Cash loans,134131.36,74548.49,Approved
1002796,108348,Revolving loans,89819.99,188016.48,Approved
1002797,109397,Revolving loans,379060.2,4395.69,Canceled
1002798,201792,Consumer loans,25463.62,24869.85,Approved
1002799,104700,Consumer loans,48961.76,211436.17,Approved
1002800,108183,Cash loans,264.99,95997.32,Approved
1002801,100211,Cash loans,50529.51,140850.24,Approved
1002802,105473,Revolving loans,97867.93,333770.13,Refused
1002803,107968,Consumer loans,81841.85,269596.09,Approved
1002804,106872,Consumer loans,136488.34,6763.94,Canceled
1002805,107391,Revolving loans,37363.55,43537.47,Approved
1002806,107654,Cash loans,300051.84,448.19,Approved
1002807,103382,Consumer loans,229076.87,95701.05,Approved
1002808,105230,Cash loans,19549.82,91026.15,Canceled
1002809,104425,Revolving loans,31088.99,243085.83,Refused
1002810,107113,Consumer loans,115758.21,20616.44,Refused
1002811,101911,Cash loans,12041.34,165935.71,Approved
1002812,201076,Revolving loans,395390.08,118446.66,Approved
1002813,104343,Consumer loans,71729.05,149361.85,Approved
1002814,200557,Consumer loans,22659.99,204337.71,Canceled
1002815,102210,Revolving loans,43716.79,51090.16,Refused
1002816,107528,Cash loans,33984.3,160152.53,Approved
1002817,200334,Revolving loans,36985.68,119908.14,Canceled
1002818,109767,Revolving loans,105585.49,131336.97,Approved
1002819,101456,Cash loans,61448.99,18897.6,Canceled
1002820,101405,Cash loans,89376.37,36471.72,Canceled
1002821,102436,Consumer loans,23995.28,251704.73,Approved
1002822,100826,Revolving loans,12865.52,145713.32,Approved
1002823,101894,Revolving loans,139736.39,25491.7,Refused
1002824,109172,Cash loans,104834.02,27560.27,Refused
1002825,106014,Cash loans,390267.58,162484.29,Canceled
1002826,200344,Revolving loans,573266.58,69310.4,Approved
1002827,105909,Revolving loans,99981.68,91961.28,Canceled
1002828,201271,Cash loans,19549.0,33124.32,Approved
1002829,109252,Consumer loans,6677.0,115656.57,Canceled
1002830,106081,Cash loans,28664.15,27938.95,Approved
1002831,102243,Revolving loans,16902.12,267094.93,Approved
1002832,105848,Consumer loans,309708.74,17340.49,Approved
1002833,200559,Revolving loans,36139.65,33644.2,Approved
1002834,109640,Cash loans,2683.84,305251.96,Canceled
1002835,104677,Revolving loans,239147.92,7644.95,Approved
1002836,104730,Revolving loans,15421.97,65362.44,Refused
1002837,201432,Cash loans,57178.74,88253.63,Approved
1002838,106139,Consumer loans,180471.37,55229.89,Approved
1002839,200175,Revolving loans,128781.86,146467.27,Refused
1002840,103042,Cash loans,80029.09,26783.37,Approved
1002841,105637,Consumer loans,103652.84,21985.94,Canceled
1002842,100046,Revolving loans,139248.75,79601.4,Approved
1002843,101733,Revolving loans,8196.47,45962.84,Approved
1002844,102592,Cash loans,7764.95,119272.79,Approved
1002845,106425,Consumer loans,46845.4,29116.34,Refused
1002846,104333,Cash loans,110523.03,9567.31,Approved
1002847,106158,Cash loans,25583.93,235921.33,Approved
1002848,200031,Cash loans,54224.71,35822.74,Approved
1002849,106204,Revolving loans,124553.13,23783.85,Approved
1002850,109393,Revolving loans,261171.93,374955.13,Approved
1002851,201462,Cash loans,70671.67,155549.36,Approved
1002852,104368,Consumer loans,97046.88,30261.95,Approved
1002853,105092,Cash loans,66610.35,99711.89,Refused
1002854,109897,Revolving loans,182539.82,205134.58,Approved
1002855,108230,Consumer loans,112721.76,104442.27,Approved
1002856,101736,Revolving loans,347813.76,3705.3,Refused
1002857,200305,Revolving loans,53600.73,82972.77,Refused
1002858,100393,Cash loans,2627.59,8926.9,Refused
1002859,105227,Cash loans,249.07,12878.83,Approved
1002860,105768,Revolving loans,150134.73,138571.11,Approved
1002861,100851,Cash loans,4971.44,105728.27,Approved
1002862,107214,Cash loans,49736.05,122310.54,Approved
1002863,104014,Consumer loans,48487.23,208303.24,Approved
1002864,200565,Consumer loans,173808.99,1781.92,Approved
1002865,200184,Revolving loans,34493.3,211753.82,Approved
1002866,107068,Consumer loans,218665.75,262058.32,Approved
1002867,107655,Cash loans,137893.52,63530.27,Canceled
1002868,105926,Revolving loans,44731.54,59622.74,Approved
1002869,101296,Consumer loans,120765.84,63582.57,Approved
1002870,103936,Cash loans,52643.1,14177.97,Approved
1002871,103916,Revolving loans,85872.88,60068.75,Approved
1002872,105214,Cash loans,69811.5,102389.82,Approved
1002873,109721,Cash loans,411704.28,51626.76,Approved
1002874,104801,Cash loans,68056.12,152277.47,Approved
1002875,102165,Consumer loans,67056.88,59312.29,Canceled
1002876,103720,Revolving loans,134471.86,61629.57,Canceled
1002877,100258,Revolving loans,350603.25,120558.87,Canceled
1002878,107811,Revolving loans,74330.94,212528.59,Canceled
1002879,107075,Cash loans,92565.99,23364.14,Refused
1002880,103531,Revolving loans,152190.93,222399.0,Approved
1002881,106830,Revolving loans,31956.98,473214.29,Approved
1002882,201911,Consumer loans,65956.48,231799.22,Canceled
1002883,109393,Revolving loans,91860.38,67426.9,Refused
1002884,201479,Revolving loans,32326.51,16727.8,Approved
1002885,102609,Cash loans,14859.21,216938.88,Approved
1002886,100300,Consumer loans,47730.42,74140.97,Refused
1002887,106744,Cash loans,11342.1,169339.28,Canceled
1002888,201202,Cash loans,2389.86,27093.92,Approved
1002889,106758,Consumer loans,382244.97,330058.14,Approved
1002890,201871,Revolving loans,12780.46,47941.45,Approved
1002891,106005,Revolving loans,16840.03,134833.47,Canceled
1002892,101869,Revolving loans,50337.99,135052.95,Approved
1002893,107971,Cash loans,285879.21,115198.0,Refused
1002894,201746,Consumer loans,191440.56,162700.27,Approved
1002895,201295,Cash loans,36577.76,55119.08,Approved
1002896,201005,Consumer loans,64144.52,100608.99,Approved
1002897,201145,Cash loans,158363.88,85081.7,Canceled
1002898,102752,Cash loans,17858.88,55848.42,Approved
1002899,201043,Revolving loans,34203.51,25704.49,Refused
1002900,106817,Revolving loans,51408.57,55367.94,Canceled
1002901,109518,Cash loans,172056.87,73904.52,Approved
1002902,105724,Consumer loans,1942.24,140358.91,Approved
1002903,104503,Consumer loans,35321.03,126797.37,Approved
1002904,200935,Revolving loans,8386.45,54022.09,Canceled
1002905,201778,Consumer loans,106104.57,12875.69,Refused
1002906,105963,Cash loans,156772.21,78540.51,Approved
1002907,109722,Revolving loans,176329.89,58034.35,Approved
1002908,107497,Consumer loans,1630.82,659446.14,Approved
1002909,201414,Revolving loans,13057.84,38462.52,Approved
1002910,201150,Revolving loans,76906.62,323036.4,Refused
1002911,100127,Consumer loans,10647.14,7255.12,Refused
1002912,107975,Cash loans,36388.12,692035.3,Approved
1002913,105249,Consumer loans,112660.75,119860.05,Canceled
1002914,200431,Cash loans,86762.14,72149.81,Canceled
1002915,100657,Cash loans,235636.15,4683.25,Refused
1002916,100452,Consumer loans,26537.48,69101.62,Approved
1002917,105577,Consumer loans,619093.1,49404.44,Approved
1002918,105826,Cash loans,62924.75,31031.66,Approved
1002919,108622,Cash loans,285974.76,363587.06,Canceled
1002920,105972,Revolving loans,248337.11,10184.74,Approved
1002921,100134,Cash loans,37770.36,388830.01,Approved
1002922,100891,Revolving loans,108248.18,136446.99,Refused
1002923,109171,Cash loans,48062.14,133004.31,Approved
1002924,104051,Revolving loans,447459.79,70019.14,Canceled
1002925,101726,Consumer loans,32714.42,69167.56,Canceled
1002926,106863,Consumer loans,30735.14,53033.58,Canceled
1002927,102234,Consumer loans,376601.31,20554.02,Approved
1002928,107144,Consumer loans,47897.31,94469.84,Refused
1002929,106436,Cash loans,51270.64,225260.57,Approved
1002930,102437,Consumer loans,31865.06,6008.79,Approved
1002931,105879,Consumer loans,80578.59,138442.81,Approved
1002932,106894,Revolving loans,142756.55,317.87,Refused
1002933,104384,Consumer loans,36564.84,222815.62,Approved
1002934,107119,Consumer loans,20860.78,6094.87,Approved
1002935,102969,Consumer loans,37140.48,79861.06,Approved
1002936,200328,Revolving loans,49773.86,51764.3,Refused
1002937,103358,Consumer loans,18212.93,34536.76,Canceled
1002938,100229,Consumer loans,44060.25,48430.93,Approved
1002939,103535,Consumer loans,161099.15,187230.62,Refused
1002940,105692,Cash loans,20713.64,28427.44,Approved
1002941,104604,Cash loans,43581.0,24632.0,Canceled
1002942,105304,Revolving loans,289261.29,29111.41,Canceled
1002943,102733,Revolving loans,10452.38,32539.77,Refused
1002944,106484,Consumer loans,48037.9,122897.95,Approved
1002945,108769,Cash loans,5054.14,91130.64,Approved
1002946,200134,Consumer loans,203894.79,37219.74,Refused
1002947,103128,Consumer loans,106053.3,10315.41,Approved
1002948,103190,Cash loans,74.43,53439.3,Approved
1002949,101510,Revolving loans,16936.84,184521.99,Approved
1002950,108232,Revolving loans,949.63,27534.02,Approved
1002951,108561,Cash loans,224872.16,15419.13,Approved
1002952,103590,Consumer loans,121575.57,90567.98,Approved
1002953,201309,Consumer loans,36692.46,26284.08,Approved
1002954,100445,Consumer loans,35917.82,47286.94,Approved
1002955,103726,Consumer loans,15930.03,307480.27,Refused
1002956,100088,Cash loans,136128.05,218630.08,Approved
1002957,106794,Revolving loans,102880.98,9192.42,Approved
1002958,102791,Cash loans,70563.87,36068.71,Canceled
1002959,107183,Revolving loans,108342.01,117353.06,Approved
1002960,107036,Consumer loans,56024.51,74152.97,Canceled
1002961,106898,Consumer loans,20919.0,136879.16,Approved
1002962,107128,Consumer loans,18879.51,121432.46,Refused
1002963,100869,Cash loans,6552.85,51713.39,Approved
1002964,105553,Cash loans,8338.82,202346.72,Approved
1002965,101060,Consumer loans,41077.38,55195.43,Refused
1002966,200229,Consumer loans,2429.59,42937.91,Refused
1002967,105307,Revolving loans,264329.67,54909.85,Approved
1002968,103642,Revolving loans,53563.88,42099.91,Approved
1002969,101869,Cash loans,56353.57,73389.54,Approved
1002970,104951,Consumer loans,98454.03,183356.97,Approved
1002971,201600,Revolving loans,8323.5,93834.96,Canceled
1002972,201482,Consumer loans,108620.03,133646.23,Approved
1002973,102652,Consumer loans,51903.86,304749.41,Approved
1002974,102425,Cash loans,66121.54,130844.2,Refused
1002975,100428,Cash loans,127723.22,73265.23,Approved
1002976,103321,Cash loans,132035.5,5661.92,Refused
1002977,200248,Cash loans,1431.2,9072.9,Approved
1002978,108469,Cash loans,38977.87,94794.27,Canceled
1002979,201931,Consumer loans,243010.98,391985.93,Approved
1002980,105575,Consumer loans,72884.86,34143.82,Approved
1002981,100106,Consumer loans,146266.91,11505.23,Canceled
1002982,109657,Revolving loans,175238.24,105880.01,Refused
1002983,106257,Cash loans,10757.35,198231.29,Approved
1002984,108600,Consumer loans,88400.84,91349.28,Refused
1002985,103756,Cash loans,239508.72,63105.19,Refused
1002986,102580,Revolving loans,288735.49,13598.9,Canceled
1002987,104945,Cash loans,34615.17,82875.55,Canceled
1002988,103838,Revolving loans,61182.27,315677.16,Refused
1002989,103887,Revolving loans,42387.04,317116.64,Refused
1002990,108570,Consumer loans,149001.71,144795.04,Approved
1002991,200841,Revolving loans,6796.58,91158.93,Approved
1002992,103723,Cash loans,34356.24,450792.74,Canceled
1002993,105600,Consumer loans,112105.25,44598.29,Approved
1002994,108675,Consumer loans,272360.13,69732.18,Approved
1002995,100443,Cash loans,57860.84,43315.2,Refused
1002996,105486,Cash loans,77174.84,106542.76,Approved
1002997,100606,Cash loans,14975.25,149725.32,Approved
1002998,102791,Consumer loans,149452.0,342773.82,Approved
1002999,109803,Consumer loans,82894.81,462.48,Refused
1003000,109562,Consumer loans,36528.47,139518.15,Canceled
1003001,106833,Cash loans,19774.86,21344.39,Approved
1003002,107730,Revolving loans,18962.54,47107.13,Approved
1003003,106913,Cash loans,27398.65,58054.51,Refused
1003004,105960,Cash loans,166091.48,49000.18,Approved
1003005,102449,Revolving loans,132694.22,119435.27,Approved
1003006,106516,Cash loans,14124.81,141800.15,Approved
1003007,100039,Revolving loans,147995.21,192385.69,Approved
1003008,100492,Consumer loans,42378.94,114090.09,Approved
1003009,103747,Revolving loans,29335.86,115340.37,Approved
1003010,108794,Consumer loans,175057.07,13886.12,Approved
1003011,107678,Revolving loans,67108.65,9389.28,Refused
1003012,108120,Consumer loans,12091.36,83052.5,Approved
1003013,200577,Revolving loans,23848.88,14760.99,Canceled
1003014,108414,Consumer loans,110974.63,32293.13,Approved
1003015,104260,Consumer loans,280593.94,49630.7,Approved
1003016,102849,Revolving loans,279292.79,206130.22,Canceled
1003017,103571,Revolving loans,12684.07,212759.89,Canceled
1003018,200148,Cash loans,119057.82,61221.85,Approved
1003019,102814,Revolving loans,29557.24,24151.15,Approved
1003020,104105,Consumer loans,84369.19,9412.83,Approved
1003021,101183,Cash loans,47848.6,14367.49,Refused
1003022,105329,Consumer loans,278873.38,188320.9,Refused
1003023,103539,Consumer loans,28797.49,303905.93,Canceled
1003024,106328,Cash loans,39704.99,7162.21,Approved
1003025,109890,Cash loans,682.65,6970.69,Approved
1003026,104251,Revolving loans,252823.81,322926.67,Approved
1003027,100323,Cash loans,61027.66,52896.35,Approved
1003028,108077,Cash loans,17252.67,653598.85,Approved
1003029,109085,Revolving loans,49424.24,84546.44,Approved
1003030,107058,Cash loans,168331.56,20582.8,Approved
1003031,108548,Consumer loans,46538.23,254507.04,Approved
1003032,109073,Revolving loans,196716.64,112634.26,Canceled
1003033,201023,Cash loans,218315.57,248019.73,Approved
1003034,105867,Revolving loans,12339.32,22479.69,Approved
1003035,106969,Consumer loans,45506.83,691064.61,Approved
1003036,106207,Cash loans,140010.69,383641.27,Refused
1003037,200565,Cash loans,38795.82,66349.25,Approved
1003038,105117,Cash loans,116184.69,163543.54,Approved
1003039,201936,Revolving loans,117919.81,70739.37,Approved
1003040,101467,Cash loans,37995.76,256568.7,Approved
1003041,102391,Consumer loans,113261.28,412446.31,Approved
1003042,200075,Cash loans,302376.15,206034.32,Approved
1003043,102020,Revolving loans,159473.24,545628.85,Refused
1003044,105624,Revolving loans,225082.23,245428.16,Approved
1003045,108321,Cash loans,99127.17,26897.61,Refused
1003046,106125,Cash loans,27424.81,142781.22,Canceled
1003047,201260,Consumer loans,251153.08,15392.17,Approved
1003048,104764,Consumer loans,9613.22,284283.45,Approved
1003049,107740,Revolving loans,147071.3,73397.73,Approved
1003050,106352,Cash loans,47716.26,26246.99,Approved
1003051,108135,Cash loans,228953.62,70219.16,Approved
1003052,108400,Consumer loans,14840.46,39608.97,Approved
1003053,100311,Cash loans,149576.64,144333.17,Approved
1003054,107229,Revolving loans,225788.05,279847.12,Approved
1003055,106836,Consumer loans,126436.98,173787.48,Refused
1003056,100062,Cash loans,40280.97,141872.36,Refused
1003057,102732,Revolving loans,146041.78,26859.23,Canceled
1003058,106820,Consumer loans,34626.92,128972.06,Approved
1003059,200057,Cash loans,72425.42,61126.69,Approved
1003060,108167,Revolving loans,23832.11,16584.12,Approved
1003061,201059,Cash loans,9568.77,220588.1,Canceled
1003062,105324,Revolving loans,3373.53,34818.49,Approved
1003063,107870,Revolving loans,36803.88,46772.2,Approved
1003064,105773,Revolving loans,27389.76,97129.69,Approved
1003065,201600,Revolving loans,61334.35,234760.91,Refused
1003066,105259,Cash loans,226834.97,199362.51,Refused
1003067,201092,Consumer loans,179902.35,123400.58,Refused
1003068,109432,Cash loans,96093.21,123682.58,Canceled
1003069,102394,Revolving loans,38635.11,50015.05,Canceled
1003070,104186,Cash loans,147097.3,156429.06,Approved
1003071,101861,Revolving loans,19221.8,230906.94,Canceled
1003072,201158,Consumer loans,84301.73,203793.25,Canceled
1003073,108918,Revolving loans,109291.44,120946.1,Refused
1003074,102259,Consumer loans,124632.68,27505.13,Approved
1003075,104858,Consumer loans,124399.91,29450.98,Refused
1003076,108222,Cash loans,80815.46,451191.98,Approved
1003077,104152,Consumer loans,71921.66,20097.37,Canceled
1003078,107446,Consumer loans,65119.93,198482.53,Approved
1003079,201651,Revolving loans,8531.21,15370.28,Approved
1003080,109667,Consumer loans,170136.89,270729.58,Approved
1003081,103739,Consumer loans,113505.43,68810.77,Canceled
1003082,103806,Cash loans,131322.66,308767.72,Refused
1003083,200623,Revolving loans,100378.09,93629.81,Approved
1003084,103402,Consumer loans,34558.69,40094.45,Approved
1003085,105300,Consumer loans,92908.86,110371.21,Canceled
1003086,101665,Revolving loans,275578.12,43546.24,Approved
1003087,104889,Cash loans,4064.8,73398.21,Canceled
1003088,101257,Cash loans,315165.81,60653.04,Canceled
1003089,201459,Revolving loans,26402.89,247493.68,Approved
1003090,109654,Revolving loans,181957.65,107025.9,Approved
1003091,106023,Cash loans,207039.84,16603.06,Approved
1003092,200504,Consumer loans,62972.37,189751.38,Approved
1003093,201153,Cash loans,7650.61,216880.1,Approved
1003094,101429,Cash loans,25431.44,40176.9,Canceled
1003095,201139,Cash loans,274524.58,34982.18,Approved
1003096,108012,Revolving loans,148335.59,116910.35,Canceled
1003097,200437,Revolving loans,15291.86,155736.43,Refused
1003098,104987,Cash loans,280416.64,4742.79,Canceled
1003099,201582,Revolving loans,1544.19,73482.63,Approved
1003100,101334,Cash loans,74234.57,48994.07,Refused
1003101,104208,Cash loans,5851.48,91710.2,Canceled
1003102,104789,Consumer loans,10774.14,111237.38,Approved
1003103,200563,Cash loans,50803.13,97471.91,Refused
1003104,109874,Revolving loans,89058.3,69407.42,Refused
1003105,100777,Revolving loans,69919.99,70642.42,Approved
1003106,102845,Consumer loans,28285.69,202570.62,Canceled
1003107,109059,Cash loans,122217.53,255942.75,Approved
1003108,104576,Consumer loans,119986.87,409228.05,Canceled
1003109,109700,Consumer loans,71583.43,133642.51,Canceled
1003110,109854,Consumer loans,59554.09,245452.35,Canceled
1003111,200572,Cash loans,302143.15,62999.81,Approved
1003112,103598,Revolving loans,29990.94,103159.37,Refused
1003113,201965,Cash loans,43465.44,25174.85,Refused
1003114,103864,Revolving loans,50355.5,167400.16,Approved
1003115,102442,Revolving loans,166547.5,66722.21,Approved
1003116,105540,Cash loans,45912.4,225604.84,Approved
1003117,201307,Revolving loans,304801.82,35231.74,Refused
1003118,102341,Consumer loans,37268.66,441546.22,Approved
1003119,100720,Revolving loans,7312.3,319110.65,Approved
1003120,201259,Revolving loans,10800.18,72101.96,Canceled
1003121,108361,Cash loans,55365.27,22889.47,Canceled
1003122,201447,Consumer loans,186206.62,28907.24,Approved
1003123,107844,Consumer loans,169016.7,76779.43,Approved
1003124,106240,Consumer loans,14217.44,8025.8,Refused
1003125,102512,Revolving loans,281148.29,90827.39,Approved
1003126,100393,Cash loans,35346.79,57220.82,Canceled
1003127,201266,Cash loans,47459.81,5681.63,Refused
1003128,100518,Cash loans,199341.21,177090.49,Canceled
1003129,101472,Consumer loans,28496.11,33595.47,Refused
1003130,201267,Cash loans,32193.38,208219.0,Refused
1003131,102991,Cash loans,136720.58,3374.07,Approved
1003132,107372,Cash loans,46817.65,29063.99,Approved
1003133,101213,Revolving loans,74186.26,44147.44,Refused
1003134,104152,Revolving loans,354.39,31394.4,Approved
1003135,106745,Cash loans,106827.45,42685.85,Approved
1003136,109341,Revolving loans,4742.55,178274.63,Approved
1003137,200264,Cash loans,39032.43,34479.84,Refused
1003138,109931,Consumer loans,155378.71,86589.34,Refused
1003139,102920,Consumer loans,42244.92,129857.86,Canceled
1003140,106265,Cash loans,64012.6,68838.42,Refused
1003141,200044,Consumer loans,252069.61,13897.25,Approved
1003142,201632,Revolving loans,90035.9,87893.52,Approved
1003143,106650,Consumer loans,3222.83,22900.42,Refused
1003144,108203,Consumer loans,229694.1,350740.42,Refused
1003145,102582,Revolving loans,30045.31,67789.74,Approved
1003146,200219,Cash loans,136597.63,88666.03,Canceled
1003147,106388,Consumer loans,267664.57,48723.55,Refused
1003148,105506,Revolving loans,133617.04,130290.06,Approved
1003149,109804,Cash loans,2560.85,53887.19,Approved
1003150,103697,Cash loans,1500.7,84750.03,Approved
1003151,103258,Consumer loans,95425.26,146448.55,Approved
1003152,108189,Revolving loans,53465.42,218790.48,Approved
1003153,108585,Consumer loans,78089.13,85986.4,Approved
1003154,109232,Cash loans,254220.99,16373.25,Canceled
1003155,106517,Revolving loans,20239.33,139217.33,Canceled
1003156,109173,Consumer loans,19205.36,445406.67,Approved
1003157,101749,Revolving loans,244766.72,8950.69,Approved
1003158,100004,Consumer loans,4438.25,17811.59,Refused
1003159,101888,Consumer loans,221974.67,59192.79,Approved
1003160,108165,Cash loans,102744.42,88053.31,Approved
1003161,107635,Consumer loans,237833.2,103681.73,Refused
1003162,107454,Revolving loans,66898.63,69615.21,Refused
1003163,104061,Consumer loans,68427.51,13523.13,Approved
1003164,104280,Revolving loans,23687.98,513325.27,Canceled
1003165,100874,Revolving loans,1165.54,174421.58,Canceled
1003166,104194,Revolving loans,111044.58,43759.55,Refused
1003167,200340,Revolving loans,25413.55,20958.18,Refused
1003168,109915,Consumer loans,88032.65,47265.62,Approved
1003169,100007,Consumer loans,80448.88,89806.62,Refused
1003170,108197,Cash loans,47836.04,10116.24,Approved
1003171,106075,Consumer loans,107890.16,181860.5,Approved
1003172,102913,Cash loans,18416.05,170869.52,Approved
1003173,201835,Revolving loans,13765.11,388276.4,Approved
1003174,103629,Cash loans,409980.69,365138.0,Approved
1003175,201678,Consumer loans,85095.16,350031.01,Canceled
1003176,105140,Revolving loans,83372.51,9483.07,Approved
1003177,109719,Cash loans,13729.94,91257.83,Refused
1003178,109038,Cash loans,161645.81,245219.9,Approved
1003179,100600,Revolving loans,380514.27,44896.25,Approved
1003180,102351,Cash loans,2694.91,112912.18,Approved
1003181,100787,Cash loans,88649.63,108855.19,Canceled
1003182,106349,Consumer loans,206932.31,86875.13,Approved
1003183,105769,Cash loans,69661.94,10208.95,Approved
1003184,201086,Consumer loans,43783.14,140141.27,Approved
1003185,201807,Revolving loans,28520.67,127135.05,Approved
1003186,201987,Cash loans,28696.79,16506.68,Approved
1003187,106853,Revolving loans,8757.86,54840.27,Refused
1003188,106206,Cash loans,65874.0,55216.28,Approved
1003189,106720,Consumer loans,3809.29,320088.6,Approved
1003190,108947,Consumer loans,39017.16,89731.14,Refused
1003191,201494,Revolving loans,72269.5,56070.58,Approved
1003192,105584,Consumer loans,5643.34,287520.05,Approved
1003193,108729,Consumer loans,49910.49,9594.66,Refused
1003194,103756,Cash loans,144640.07,48845.37,Approved
1003195,105166,Revolving loans,7587.06,148869.51,Approved
1003196,106888,Cash loans,282230.5,277077.45,Approved
1003197,105223,Cash loans,100716.82,40346.3,Approved
1003198,106370,Revolving loans,67062.08,161839.6,Approved
1003199,200126,Consumer loans,153005.07,149478.69,Refused
1003200,200532,Cash loans,22924.42,25646.89,Approved
1003201,104014,Revolving loans,43827.68,67136.55,Approved
1003202,108737,Consumer loans,14799.44,145706.95,Canceled
1003203,109294,Revolving loans,11173.63,29338.5,Approved
1003204,100611,Cash loans,112820.56,100759.21,Approved
1003205,102033,Consumer loans,82185.54,38951.34,Approved
1003206,107218,Cash loans,110429.85,25494.62,Canceled
1003207,200562,Cash loans,206822.86,25177.18,Refused
1003208,200722,Consumer loans,139226.87,4087.33,Approved
1003209,105239,Cash loans,49840.31,41110.78,Refused
1003210,200453,Revolving loans,103182.72,212263.4,Refused
1003211,103797,Consumer loans,548096.8,105695.15,Approved
1003212,108885,Cash loans,515.74,14845.31,Approved
1003213,108098,Cash loans,9826.44,83861.03,Approved
1003214,109816,Cash loans,26121.15,57042.04,Canceled
1003215,109302,Revolving loans,67073.37,16176.39,Approved
1003216,107224,Cash loans,10535.68,155179.66,Canceled
1003217,103774,Cash loans,44470.33,210375.46,Canceled
1003218,201822,Revolving loans,97906.15,113942.23,Approved
1003219,103623,Consumer loans,208570.48,127156.09,Approved
1003220,104250,Revolving loans,48476.59,86593.42,Approved
1003221,101088,Cash loans,32919.62,62297.99,Refused
1003222,101477,Cash loans,7338.37,122811.74,Canceled
1003223,102965,Revolving loans,66244.58,324159.37,Refused
1003224,200519,Revolving loans,118017.0,287010.51,Approved
1003225,108217,Cash loans,287175.18,15059.12,Approved
1003226,105568,Revolving loans,25105.32,392557.12,Approved
1003227,108841,Consumer loans,16528.6,46286.16,Canceled
1003228,106755,Revolving loans,18655.5,20869.59,Canceled
1003229,100095,Cash loans,6397.12,66219.78,Approved
1003230,200584,Cash loans,11765.68,142571.6,Refused
1003231,101451,Consumer loans,66321.01,112762.86,Canceled
1003232,106431,Cash loans,131381.78,120935.49,Canceled
1003233,108353,Cash loans,169627.59,26070.11,Approved
1003234,108659,Cash loans,10032.74,238356.65,Refused
1003235,103384,Revolving loans,14378.25,200975.8,Approved
1003236,106862,Consumer loans,64803.42,86853.96,Approved
1003237,107561,Revolving loans,158496.4,16111.44,Approved
1003238,101883,Revolving loans,125765.52,219562.28,Approved
1003239,106722,Revolving loans,127919.86,79546.23,Canceled
1003240,106638,Consumer loans,100481.64,109164.51,Approved
1003241,107884,Revolving loans,20949.34,70830.21,Approved
1003242,100238,Cash loans,97739.11,74186.83,Approved
1003243,107750,Cash loans,35279.06,24695.59,Refused
1003244,107343,Revolving loans,91407.4,81767.53,Canceled
1003245,201282,Revolving loans,82798.33,88161.55,Approved
1003246,101070,Cash loans,60000.38,29590.97,Canceled
1003247,108150,Consumer loans,96486.59,54064.99,Canceled
1003248,107246,Consumer loans,300038.58,326754.19,Approved
1003249,108238,Consumer loans,51170.88,100244.33,Canceled
1003250,106768,Consumer loans,28432.72,58512.51,Refused
1003251,105028,Revolving loans,40771.05,9863.98,Refused
1003252,200033,Consumer loans,28910.16,6815.54,Canceled
1003253,106405,Consumer loans,31825.16,52859.09,Approved
1003254,100343,Consumer loans,22634.38,400369.61,Canceled
1003255,100720,Consumer loans,176694.17,63564.92,Approved
1003256,100398,Revolving loans,5917.16,207121.48,Approved
1003257,104083,Cash loans,18480.19,51527.35,Approved
1003258,107042,Revolving loans,15532.6,126961.96,Approved
1003259,101710,Consumer loans,8474.82,164859.67,Approved
1003260,108044,Consumer loans,134172.02,49225.14,Refused
1003261,109342,Consumer loans,938206.78,24553.35,Approved
1003262,105134,Cash loans,5557.26,15842.52,Approved
1003263,200433,Consumer loans,17358.25,3150.99,Canceled
1003264,101345,Cash loans,22709.7,217876.63,Approved
1003265,103409,Consumer loans,38053.88,42156.99,Approved
1003266,201097,Cash loans,37821.27,321223.2,Approved
1003267,108784,Revolving loans,212004.86,120385.12,Approved
1003268,200387,Cash loans,83699.84,19694.19,Approved
1003269,102642,Consumer loans,16785.24,12571.56,Refused
1003270,108790,Consumer loans,42410.27,175809.45,Approved
1003271,109136,Revolving loans,48152.21,291112.62,Canceled
1003272,108189,Revolving loans,80637.15,8329.28,Approved
1003273,107649,Cash loans,110484.29,105488.92,Canceled
1003274,109339,Consumer loans,67633.26,116963.78,Canceled
1003275,104671,Consumer loans,1343.27,4463.36,Approved
1003276,200105,Cash loans,71551.31,6940.03,Canceled
1003277,102050,Cash loans,48028.69,56608.57,Refused
1003278,103001,Cash loans,59222.5,58303.46,Canceled
1003279,102058,Consumer loans,30912.9,48669.46,Approved
1003280,102289,Cash loans,21781.85,412787.72,Refused
1003281,201065,Revolving loans,156526.95,2933.29,Canceled
1003282,105767,Cash loans,32870.33,86046.15,Approved
1003283,102777,Consumer loans,97449.29,355480.68,Approved
1003284,109124,Cash loans,39305.39,9163.84,Approved
1003285,101366,Revolving loans,304086.93,22875.51,Approved
1003286,108286,Revolving loans,290864.37,129487.9,Canceled
1003287,102911,Cash loans,198062.62,73087.22,Approved
1003288,108611,Revolving loans,11460.75,11736.95,Refused
1003289,105106,Revolving loans,64709.25,8325.01,Approved
1003290,106881,Revolving loans,96626.61,43127.14,Approved
1003291,100651,Consumer loans,25864.97,16411.04,Canceled
1003292,108916,Consumer loans,7425.85,7579.63,Approved
1003293,100128,Cash loans,211957.25,125315.74,Refused
1003294,107180,Cash loans,175423.2,31543.35,Refused
1003295,106750,Revolving loans,73664.08,213865.55,Refused
1003296,100234,Consumer loans,34361.91,2971.04,Approved
1003297,106513,Consumer loans,34884.85,6268.29,Canceled
1003298,109668,Cash loans,3276.45,31679.8,Approved
1003299,109160,Revolving loans,17724.52,148481.72,Canceled
1003300,200633,Revolving loans,68694.34,311163.94,Refused
1003301,108765,Consumer loans,73318.55,24631.76,Approved
1003302,103608,Revolving loans,63049.82,11638.11,Approved
1003303,101893,Revolving loans,27826.38,135680.46,Refused
1003304,106472,Cash loans,174208.22,112764.08,Approved
1003305,109866,Consumer loans,10813.43,190314.13,Canceled
1003306,200785,Revolving loans,191041.68,13303.49,Canceled
1003307,100921,Revolving loans,134308.99,82106.72,Canceled
1003308,104104,Cash loans,64771.93,369907.2,Refused
1003309,200855,Consumer loans,119906.14,9991.7,Refused
1003310,200724,Revolving loans,88844.54,43872.25,Refused
1003311,105557,Cash loans,293741.31,5157.26,Approved
1003312,101547,Cash loans,64312.27,35885.73,Refused
1003313,104747,Cash loans,24873.25,47152.53,Approved
1003314,201551,Cash loans,154158.69,97208.56,Approved
1003315,101428,Revolving loans,67305.43,140805.57,Refused
1003316,109108,Consumer loans,42304.85,20392.98,Approved
1003317,102208,Cash loans,78857.45,4802.95,Approved
1003318,100589,Consumer loans,56250.38,11732.4,Approved
1003319,109381,Consumer loans,75577.65,9578.59,Canceled
1003320,107721,Consumer loans,89196.04,16909.91,Canceled
1003321,200632,Revolving loans,207029.85,117362.91,Refused
1003322,105871,Cash loans,1937.52,138710.36,Approved
1003323,106393,Consumer loans,81050.05,669557.35,Approved
1003324,108005,Consumer loans,55455.27,8033.85,Approved
1003325,107460,Consumer loans,127344.73,346847.15,Approved
1003326,106182,Cash loans,132073.8,17702.61,Refused
1003327,107687,Consumer loans,3970.05,93268.91,Canceled
1003328,200682,Consumer loans,99225.23,66789.7,Approved
1003329,107947,Consumer loans,8618.8,94984.55,Canceled
1003330,103743,Consumer loans,42386.85,4705.36,Approved
1003331,200506,Cash loans,68854.63,154358.47,Refused
1003332,108941,Revolving loans,220246.67,46865.2,Approved
1003333,107808,Cash loans,92953.55,19852.65,Refused
1003334,200097,Revolving loans,47728.84,28171.26,Approved
1003335,101456,Cash loans,3586.82,68547.08,Approved
1003336,201941,Cash loans,114871.17,23561.01,Approved
1003337,106755,Consumer loans,63846.77,87247.83,Canceled
1003338,201962,Consumer loans,356586.59,45969.97,Approved
1003339,109339,Consumer loans,105673.07,133862.41,Approved
1003340,200131,Cash loans,182726.26,216609.77,Approved
1003341,102801,Revolving loans,84684.19,223597.15,Approved
1003342,105095,Cash loans,8307.89,63385.9,Canceled
1003343,200033,Revolving loans,161725.96,40234.13,Approved
1003344,103517,Cash loans,16442.18,88058.51,Approved
1003345,108563,Revolving loans,231468.78,214551.94,Approved
1003346,108954,Cash loans,418844.19,66628.82,Approved
1003347,104993,Cash loans,52161.65,97026.65,Canceled
1003348,104654,Consumer loans,76745.86,177538.14,Refused
1003349,108880,Revolving loans,2759.35,108284.2,Approved
1003350,106299,Consumer loans,167229.1,162809.29,Approved
1003351,105030,Revolving loans,27603.06,15451.22,Approved
1003352,103311,Consumer loans,50617.11,358195.11,Approved
1003353,102290,Consumer loans,77101.86,149460.33,Canceled
1003354,101607,Revolving loans,88378.31,86420.2,Approved
1003355,102363,Consumer loans,277121.65,38025.21,Canceled
1003356,200269,Revolving loans,295895.52,47366.28,Approved
1003357,104541,Consumer loans,3115.49,158042.84,Refused
1003358,100350,Consumer loans,181905.45,134015.72,Refused
1003359,106178,Revolving loans,48369.26,342829.32,Approved
1003360,109550,Revolving loans,30796.18,263354.78,Approved
1003361,104360,Revolving loans,70164.72,39798.63,Approved
1003362,104766,Consumer loans,7917.59,229753.81,Approved
1003363,104327,Revolving loans,19290.59,294655.81,Refused
1003364,105954,Cash loans,282603.8,156031.86,Refused
1003365,105864,Consumer loans,34365.3,134570.51,Approved
1003366,102653,Consumer loans,309793.33,179963.85,Approved
1003367,201033,Consumer loans,29473.71,35368.38,Approved
1003368,109273,Consumer loans,77407.38,79365.53,Approved
1003369,105066,Revolving loans,258572.24,20409.96,Canceled
1003370,103251,Revolving loans,534854.9,56097.84,Approved
1003371,108608,Cash loans,18702.21,29487.67,Approved
1003372,106745,Cash loans,12588.76,55796.8,Approved
1003373,101261,Revolving loans,30834.01,127877.93,Approved
1003374,102486,Consumer loans,4847.11,206854.4,Canceled
1003375,106837,Revolving loans,180510.86,256222.14,Approved
1003376,105140,Consumer loans,89086.93,3609.65,Refused
1003377,107492,Consumer loans,39075.14,193262.69,Canceled
1003378,108963,Consumer loans,251586.65,66768.61,Canceled
1003379,200008,Revolving loans,38597.39,101780.74,Approved
1003380,106669,Consumer loans,23484.37,32614.35,Refused
1003381,105998,Consumer loans,96698.26,634359.71,Canceled
1003382,109451,Consumer loans,36992.16,58212.73,Canceled
1003383,101099,Consumer loans,20590.43,18324.91,Refused
1003384,201039,Consumer loans,169623.62,120119.68,Approved
1003385,200080,Cash loans,6086.58,427323.73,Refused
1003386,108927,Consumer loans,49652.04,20947.75,Approved
1003387,106627,Cash loans,5498.84,66275.96,Approved
1003388,108813,Cash loans,67557.37,168372.41,Canceled
1003389,106107,Consumer loans,27622.7,42672.08,Approved
1003390,109743,Consumer loans,160110.06,50459.1,Approved
1003391,201716,Cash loans,37379.04,3623.66,Approved
1003392,104887,Revolving loans,27093.0,134872.07,Refused
1003393,103256,Revolving loans,63885.9,87086.32,Canceled
1003394,105229,Revolving loans,28886.51,239202.68,Canceled
1003395,105377,Cash loans,137358.69,131138.49,Canceled
1003396,101942,Revolving loans,249209.25,139180.65,Approved
1003397,101630,Cash loans,24856.23,116352.58,Approved
1003398,100386,Cash loans,39522.02,364849.83,Approved
1003399,108789,Cash loans,126541.68,27899.11,Approved
1003400,109827,Consumer loans,6850.06,72571.65,Approved
1003401,200336,Cash loans,121718.27,32870.99,Refused
1003402,200034,Consumer loans,26828.69,313204.94,Refused
1003403,104950,Consumer loans,8452.66,129326.47,Refused
1003404,107400,Revolving loans,118277.02,128663.02,Approved
1003405,200545,Consumer loans,98949.51,87116.47,Refused
1003406,105123,Revolving loans,996.17,15212.91,Approved
1003407,108901,Consumer loans,17059.37,9269.15,Approved
1003408,200401,Revolving loans,5273.43,53949.79,Canceled
1003409,106635,Cash loans,29624.17,55657.96,Approved
1003410,100246,Revolving loans,12176.2,107995.67,Approved
1003411,100491,Cash loans,61303.12,87571.53,Approved
1003412,104323,Cash loans,53202.2,141175.04,Approved
1003413,102266,Revolving loans,30506.65,63126.67,Approved
1003414,101861,Consumer loans,4270.65,203828.98,Canceled
1003415,201096,Consumer loans,145869.12,136422.43,Approved
1003416,102650,Cash loans,89836.75,60638.0,Approved
1003417,200494,Cash loans,141332.8,5731.49,Approved
1003418,201506,Revolving loans,1935.36,6623.22,Approved
1003419,100335,Cash loans,143366.12,135163.42,Refused
1003420,101933,Revolving loans,143929.39,55438.08,Approved
1003421,101024,Cash loans,53612.85,411215.82,Refused
1003422,201600,Consumer loans,160344.48,82416.86,Approved
1003423,104440,Cash loans,288035.05,8153.64,Approved
1003424,108138,Cash loans,62171.42,56148.14,Refused
1003425,107697,Revolving loans,36518.34,103569.54,Refused
1003426,103110,Consumer loans,62165.8,48633.51,Approved
1003427,100300,Consumer loans,80116.14,75711.22,Approved
1003428,107431,Cash loans,93448.63,35961.67,Canceled
1003429,200768,Revolving loans,312538.27,47451.12,Approved
1003430,104850,Consumer loans,298714.17,119665.51,Canceled
1003431,107653,Consumer loans,49085.94,77916.27,Approved
1003432,102773,Consumer loans,266802.31,456.35,Approved
1003433,100802,Cash loans,186113.21,225244.17,Approved
1003434,108018,Revolving loans,18643.72,26083.23,Canceled
1003435,103315,Consumer loans,605183.7,81139.15,Canceled
1003436,106793,Cash loans,55593.49,20730.02,Approved
1003437,107737,Revolving loans,49895.45,374637.25,Refused
1003438,107956,Cash loans,53240.43,226792.3,Approved
1003439,100157,Consumer loans,56280.86,85240.01,Refused
1003440,103793,Revolving loans,96556.95,17304.34,Approved
1003441,102144,Revolving loans,36995.01,41766.15,Approved
1003442,104415,Consumer loans,23317.57,97091.4,Approved
1003443,103048,Revolving loans,283961.18,29365.42,Refused
1003444,101235,Revolving loans,47039.21,13596.27,Approved
1003445,109535,Consumer loans,123820.68,19121.92,Approved
1003446,200616,Cash loans,300567.88,33996.38,Refused
1003447,101896,Revolving loans,69823.42,379349.01,Approved
1003448,109671,Consumer loans,33712.82,70895.19,Approved
1003449,108040,Cash loans,1993.8,104069.36,Approved
1003450,101839,Consumer loans,99580.02,83436.26,Approved
1003451,200754,Consumer loans,40744.83,124076.7,Approved
1003452,103739,Revolving loans,65178.3,107684.96,Approved
1003453,108802,Revolving loans,63991.87,2465.71,Canceled
1003454,201065,Revolving loans,39963.49,180985.29,Approved
1003455,105030,Cash loans,11436.18,278437.05,Approved
1003456,106653,Revolving loans,17024.89,15441.73,Canceled
1003457,102899,Cash loans,43052.55,243912.65,Canceled
1003458,108878,Consumer loans,37358.51,327959.61,Canceled
1003459,106207,Cash loans,86270.16,95539.01,Approved
1003460,104230,Cash loans,3022.19,138507.09,Canceled
1003461,103419,Consumer loans,4504.97,36863.6,Approved
1003462,102197,Cash loans,61031.94,237629.41,Canceled
1003463,107924,Cash loans,117466.99,22132.78,Approved
1003464,109539,Consumer loans,116980.25,280309.88,Approved
1003465,109687,Cash loans,185262.22,85044.0,Approved
1003466,108356,Consumer loans,181623.2,26680.15,Refused
1003467,100345,Consumer loans,9213.51,5749.83,Canceled
1003468,105506,Cash loans,44954.7,40390.11,Approved
1003469,103234,Consumer loans,137456.46,332431.4,Approved
1003470,100660,Cash loans,33320.02,60519.4,Approved
1003471,106104,Cash loans,25636.25,138049.26,Approved
1003472,109298,Consumer loans,38536.31,27986.89,Canceled
1003473,101592,Consumer loans,130211.6,251629.04,Approved
1003474,108784,Cash loans,90396.31,38235.6,Approved
1003475,107338,Cash loans,140205.58,147752.61,Approved
1003476,100140,Consumer loans,19773.83,175310.33,Approved
1003477,109999,Revolving loans,3716.4,370035.53,Refused
1003478,103555,Consumer loans,252901.17,48388.85,Approved
1003479,200945,Revolving loans,69977.72,243288.82,Approved
1003480,200263,Cash loans,118518.07,92357.67,Approved
1003481,100653,Cash loans,1653.26,326885.78,Approved
1003482,109861,Consumer loans,333720.12,39644.05,Approved
1003483,104578,Revolving loans,100497.37,32459.42,Approved
1003484,200619,Cash loans,204369.5,84011.42,Approved
1003485,103983,Revolving loans,62259.85,240589.08,Canceled
1003486,104808,Consumer loans,129878.7,293489.6,Canceled
1003487,109709,Revolving loans,131033.45,138605.81,Approved
1003488,106427,Cash loans,359273.2,135128.16,Approved
1003489,104547,Cash loans,13444.74,67461.26,Refused
1003490,105526,Cash loans,29889.64,57520.67,Approved
1003491,105149,Consumer loans,152596.06,22177.23,Approved
1003492,105043,Consumer loans,93536.98,33900.92,Approved
1003493,100500,Revolving loans,80566.05,19410.29,Approved
1003494,105627,Consumer loans,28849.25,136921.19,Approved
1003495,105280,Cash loans,10599.79,172558.48,Approved
1003496,200028,Revolving loans,104114.56,49595.79,Refused
1003497,105788,Consumer loans,200445.58,88575.03,Approved
1003498,200269,Consumer loans,168716.91,8299.43,Approved
1003499,201212,Consumer loans,272995.61,57877.09,Approved
1003500,200902,Consumer loans,100711.9,165873.92,Refused
1003501,101801,Consumer loans,118727.65,34162.19,Canceled
1003502,107746,Cash loans,182652.14,112260.98,Approved
1003503,106450,Revolving loans,36343.94,110318.55,Refused
1003504,201669,Revolving loans,318623.91,243734.87,Approved
1003505,103974,Consumer loans,58647.27,40427.72,Canceled
1003506,104097,Cash loans,133204.21,47319.84,Refused
1003507,105482,Cash loans,22139.31,50911.07,Approved
1003508,105710,Cash loans,71066.93,73436.57,Approved
1003509,102371,Cash loans,300439.32,242704.8,Approved
1003510,103005,Consumer loans,10503.05,39562.17,Refused
1003511,106518,Revolving loans,129918.99,166903.69,Refused
1003512,106205,Cash loans,98570.56,33038.72,Approved
1003513,102559,Revolving loans,98922.5,317738.52,Refused
1003514,101673,Cash loans,267535.04,153967.75,Refused
1003515,103071,Consumer loans,79736.77,164255.08,Approved
1003516,105925,Consumer loans,78111.66,161967.73,Refused
1003517,101240,Consumer loans,80645.27,45417.78,Approved
1003518,108704,Revolving loans,375227.61,4687.86,Approved
1003519,107185,Consumer loans,25174.07,95913.44,Approved
1003520,100624,Cash loans,101140.82,91364.99,Approved
1003521,105610,Revolving loans,94125.69,47436.11,Refused
1003522,201277,Consumer loans,312156.16,5885.42,Approved
1003523,100036,Cash loans,57143.52,78200.04,Canceled
1003524,105399,Revolving loans,44010.4,48088.2,Approved
1003525,102564,Cash loans,15197.17,73523.7,Approved
1003526,201704,Revolving loans,113051.92,50499.32,Canceled
1003527,106642,Cash loans,68228.11,48814.95,Approved
1003528,104876,Cash loans,9825.01,17031.49,Approved
1003529,107827,Revolving loans,38611.09,154372.6,Canceled
1003530,107507,Consumer loans,66552.15,22658.37,Canceled
1003531,107167,Consumer loans,81887.35,20738.7,Approved
1003532,201062,Revolving loans,13533.33,259000.12,Approved
1003533,107211,Revolving loans,143074.31,21040.46,Approved
1003534,105998,Consumer loans,211830.97,2573.83,Approved
1003535,103569,Consumer loans,134442.7,121276.5,Canceled
1003536,104477,Cash loans,187444.15,142066.71,Approved
1003537,100859,Revolving loans,93636.87,256477.39,Approved
1003538,105587,Revolving loans,13622.78,156041.33,Refused
1003539,102004,Consumer loans,33974.65,46575.61,Approved
1003540,200181,Consumer loans,64194.32,83182.95,Canceled
1003541,106422,Consumer loans,338800.39,4966.75,Approved
1003542,106798,Revolving loans,8569.69,170275.9,Canceled
1003543,109820,Revolving loans,92981.39,121753.21,Approved
1003544,104472,Consumer loans,330469.79,153443.55,Approved
1003545,201788,Consumer loans,361584.21,8320.94,Canceled
1003546,200178,Cash loans,75429.46,24297.86,Approved
1003547,101668,Cash loans,33149.0,320598.87,Approved
1003548,201692,Consumer loans,177831.44,34751.12,Refused
1003549,100165,Revolving loans,16080.43,75113.6,Approved
1003550,100205,Consumer loans,144945.42,67169.41,Canceled
1003551,105464,Cash loans,44779.43,138149.44,Approved
1003552,102956,Revolving loans,51455.38,51226.12,Approved
1003553,109899,Revolving loans,121235.38,36930.04,Approved
1003554,107585,Consumer loans,90283.06,73125.3,Approved
1003555,108210,Revolving loans,78415.58,213688.03,Canceled
1003556,106554,Cash loans,28310.81,311069.3,Approved
1003557,101442,Consumer loans,214613.39,134962.31,Refused
1003558,108829,Revolving loans,127793.76,169211.62,Canceled
1003559,109919,Consumer loans,35193.09,70553.5,Canceled
1003560,101672,Cash loans,57199.85,334012.36,Approved
1003561,200846,Cash loans,118738.22,79394.18,Approved
1003562,109153,Consumer loans,22884.21,17490.95,Approved
1003563,108002,Consumer loans,19695.12,59179.22,Approved
1003564,109552,Revolving loans,107417.33,97220.21,Refused
1003565,108502,Cash loans,24196.49,16505.47,Approved
1003566,108250,Revolving loans,4438.94,94875.24,Refused
1003567,106590,Consumer loans,128403.65,41305.39,Approved
1003568,104393,Consumer loans,137938.98,63051.26,Refused
1003569,100375,Consumer loans,121133.95,73373.75,Canceled
1003570,108491,Revolving loans,154312.25,274315.1,Approved
1003571,101826,Cash loans,75737.99,163655.41,Approved
1003572,103810,Cash loans,41310.78,131876.68,Approved
1003573,100527,Cash loans,146428.68,84539.06,Approved
1003574,102465,Cash loans,18067.68,49747.73,Approved
1003575,200717,Revolving loans,48453.85,41298.92,Refused
1003576,106859,Revolving loans,139149.14,55539.16,Approved
1003577,105545,Revolving loans,143545.87,114903.22,Refused
1003578,105916,Cash loans,2754.5,160092.76,Refused
1003579,102845,Cash loans,20409.92,59728.71,Approved
1003580,102536,Cash loans,28016.09,28482.99,Approved
1003581,105956,Consumer loans,16625.63,32804.1,Approved
1003582,101130,Consumer loans,226291.26,37060.33,Refused
1003583,103651,Revolving loans,7631.99,87967.99,Canceled
1003584,105229,Cash loans,114732.45,180017.84,Approved
1003585,106671,Revolving loans,57148.02,20901.74,Approved
1003586,102783,Revolving loans,41560.9,61107.22,Approved
1003587,100972,Consumer loans,5271.5,191001.61,Refused
1003588,100894,Cash loans,13885.62,37979.99,Approved
1003589,109484,Consumer loans,189.44,199064.93,Canceled
1003590,106589,Cash loans,236411.48,59872.09,Approved
1003591,102902,Consumer loans,258634.75,140327.05,Approved
1003592,102673,Revolving loans,11439.07,77142.99,Approved
1003593,106375,Revolving loans,13070.58,7138.19,Approved
1003594,102278,Cash loans,68829.18,7706.95,Approved
1003595,101315,Consumer loans,40027.01,58056.28,Approved
1003596,106965,Consumer loans,24813.53,220968.16,Approved
1003597,200434,Consumer loans,105810.0,26486.82,Canceled
1003598,100240,Consumer loans,1740.87,28496.8,Approved
1003599,104580,Cash loans,85050.51,278139.2,Refused
1003600,103143,Cash loans,47652.23,84874.25,Approved
1003601,106869,Cash loans,27210.74,598905.22,Refused
1003602,104351,Cash loans,114676.53,68203.3,Approved
1003603,108079,Revolving loans,83738.99,84237.53,Approved
1003604,105151,Consumer loans,3463.61,90438.8,Approved
1003605,107455,Revolving loans,165845.73,37957.18,Refused
1003606,100866,Consumer loans,18632.8,14881.62,Refused
1003607,101143,Revolving loans,26965.04,215038.15,Approved
1003608,105686,Consumer loans,333891.47,173023.96,Approved
1003609,101833,Consumer loans,70337.02,39166.02,Canceled
1003610,107326,Cash loans,149721.48,39991.01,Approved
1003611,108820,Revolving loans,114063.96,382763.5,Refused
1003612,201040,Consumer loans,266809.61,85377.69,Canceled
1003613,106660,Cash loans,122681.38,117222.46,Approved
1003614,109115,Consumer loans,58966.65,53073.23,Approved
1003615,105920,Consumer loans,6666.61,35072.67,Approved
1003616,108122,Cash loans,8730.84,22323.5,Approved
1003617,201513,Consumer loans,38084.21,17619.09,Canceled
1003618,105009,Cash loans,246200.88,41311.31,Refused
1003619,106971,Revolving loans,78968.48,111045.75,Approved
1003620,103592,Cash loans,21114.08,220915.62,Canceled
1003621,106278,Consumer loans,42588.01,259153.25,Canceled
1003622,106252,Revolving loans,52963.72,7781.03,Canceled
1003623,108028,Consumer loans,300976.28,327612.9,Canceled
1003624,201994,Consumer loans,27283.32,28442.96,Refused
1003625,104734,Revolving loans,2187.32,84629.4,Approved
1003626,101769,Cash loans,147365.69,335898.26,Approved
1003627,101992,Revolving loans,8549.59,77993.1,Canceled
1003628,109194,Cash loans,2476.53,52105.71,Approved
1003629,104037,Cash loans,6153.23,170894.26,Refused
1003630,107232,Consumer loans,536669.22,9209.91,Approved
1003631,106837,Revolving loans,35605.82,131651.12,Approved
1003632,104880,Revolving loans,3934.01,311077.27,Approved
1003633,101318,Cash loans,117450.27,159885.2,Approved
1003634,109948,Cash loans,136111.68,41587.71,Refused
1003635,102852,Consumer loans,21703.32,42290.59,Approved
1003636,100777,Consumer loans,36419.62,166202.76,Canceled
1003637,200391,Cash loans,24121.56,50424.48,Approved
1003638,100011,Consumer loans,128219.9,293361.16,Refused
1003639,106618,Consumer loans,351951.67,114573.65,Approved
1003640,108932,Revolving loans,42459.93,14083.83,Approved
1003641,200519,Revolving loans,77478.51,226318.69,Refused
1003642,201203,Cash loans,191579.71,258058.82,Canceled
1003643,102517,Revolving loans,220272.09,70034.65,Approved
1003644,101790,Consumer loans,15687.16,694235.03,Canceled
1003645,201355,Consumer loans,77914.42,128402.89,Refused
1003646,201858,Revolving loans,18819.58,124164.35,Refused
1003647,109512,Consumer loans,19806.64,203144.59,Approved
1003648,105843,Cash loans,20438.05,69082.84,Approved
1003649,107966,Cash loans,207737.97,182848.49,Canceled
1003650,104669,Cash loans,39450.69,238131.72,Approved
1003651,107292,Cash loans,102878.55,43588.88,Approved
1003652,100449,Cash loans,128605.98,58961.64,Approved
1003653,201356,Revolving loans,277640.28,151980.23,Approved
1003654,107023,Revolving loans,18976.22,252163.89,Approved
1003655,103020,Cash loans,10865.06,4171.26,Approved
1003656,100071,Cash loans,169741.2,58951.32,Approved
1003657,105684,Revolving loans,3787.38,2945.44,Approved
1003658,107888,Consumer loans,281318.76,44505.64,Canceled
1003659,101701,Consumer loans,5967.18,209686.78,Approved
1003660,106767,Cash loans,23268.17,15493.75,Approved
1003661,201917,Revolving loans,283291.69,19209.63,Refused
1003662,201045,Consumer loans,5158.13,7597.74,Approved
1003663,100325,Revolving loans,31861.64,50557.29,Approved
1003664,201622,Revolving loans,79362.96,94581.15,Refused
1003665,201727,Consumer loans,80742.42,185036.95,Approved
1003666,108567,Revolving loans,34349.9,6502.48,Approved
1003667,100844,Revolving loans,78512.64,61486.74,Approved
1003668,109959,Consumer loans,32972.77,16264.39,Refused
1003669,101204,Consumer loans,801.73,51959.07,Approved
1003670,107340,Consumer loans,61933.11,194613.69,Approved
1003671,109117,Consumer loans,27778.86,195530.72,Approved
1003672,201394,Revolving loans,245261.98,55536.8,Approved
1003673,201395,Revolving loans,175842.95,94073.59,Refused
1003674,109335,Revolving loans,58293.29,285536.01,Approved
1003675,103183,Consumer loans,52591.83,193437.18,Refused
1003676,100352,Revolving loans,44357.62,53037.88,Approved
1003677,102449,Cash loans,295922.44,304483.15,Canceled
1003678,108784,Consumer loans,120752.73,64987.69,Approved
1003679,100436,Consumer loans,144288.11,58552.44,Refused
1003680,104230,Cash loans,253883.06,98264.45,Approved
1003681,109944,Revolving loans,146121.11,200122.27,Approved
1003682,105566,Cash loans,45484.29,93301.03,Canceled
1003683,201091,Cash loans,60888.94,177255.18,Approved
1003684,104821,Cash loans,53553.84,690561.17,Approved
1003685,201977,Revolving loans,10564.17,3173.94,Approved
1003686,201154,Revolving loans,17459.56,137966.87,Canceled
1003687,104319,Cash loans,205885.86,86257.38,Approved
1003688,105253,Cash loans,24517.14,3547.91,Approved
1003689,108058,Consumer loans,103301.59,90011.92,Refused
1003690,105487,Consumer loans,313785.19,183585.03,Refused
1003691,200363,Consumer loans,175937.07,615486.26,Canceled
1003692,103073,Revolving loans,7019.66,193608.19,Approved
1003693,101053,Revolving loans,42009.93,15981.94,Refused
1003694,100213,Cash loans,50889.86,37455.31,Refused
1003695,200807,Consumer loans,263892.05,155876.5,Canceled
1003696,100223,Cash loans,97850.55,54383.92,Approved
1003697,105171,Cash loans,55372.55,68238.7,Refused
1003698,108132,Consumer loans,214603.0,115910.94,Approved
1003699,109948,Cash loans,436950.02,25130.82,Approved
1003700,103531,Consumer loans,10710.18,62974.35,Approved
1003701,100087,Cash loans,36850.01,112106.47,Refused
1003702,200965,Consumer loans,105832.73,138419.22,Canceled
1003703,107157,Consumer loans,53218.0,613.33,Approved
1003704,101568,Cash loans,28948.2,59698.26,Canceled
1003705,102201,Consumer loans,1255.12,68399.0,Approved
1003706,108503,Revolving loans,187378.29,77021.6,Approved
1003707,108535,Revolving loans,157324.22,173587.86,Approved
1003708,105672,Cash loans,7341.13,21634.91,Refused
1003709,107145,Consumer loans,66563.97,81903.99,Canceled
1003710,103970,Consumer loans,189295.25,54590.02,Approved
1003711,102205,Cash loans,18228.92,382932.8,Canceled
1003712,104761,Consumer loans,10564.25,28552.27,Refused
1003713,108235,Cash loans,18289.95,71079.41,Approved
1003714,201245,Revolving loans,63498.62,82744.63,Approved
1003715,101721,Consumer loans,130748.56,82095.52,Approved
1003716,109127,Cash loans,195865.41,6477.85,Canceled
1003717,104516,Cash loans,51601.44,228303.11,Canceled
1003718,201632,Revolving loans,156825.5,176975.94,Refused
1003719,100293,Revolving loans,85038.5,391410.63,Refused
1003720,103077,Revolving loans,25571.4,23310.39,Refused
1003721,103689,Cash loans,7921.31,318187.41,Approved
1003722,103010,Cash loans,33760.28,2266.92,Approved
1003723,107985,Cash loans,75790.94,28689.11,Approved
1003724,106671,Consumer loans,68256.07,137151.83,Canceled
1003725,104456,Consumer loans,48829.83,140466.63,Approved
1003726,100067,Cash loans,87590.71,129932.67,Approved
1003727,103874,Cash loans,365492.28,191593.15,Approved
1003728,201338,Consumer loans,42783.69,36970.61,Refused
1003729,200648,Revolving loans,9022.17,24134.81,Refused
1003730,200222,Revolving loans,104989.21,144780.89,Approved
1003731,104850,Revolving loans,9462.37,45934.78,Refused
1003732,108744,Revolving loans,143191.11,10119.26,Canceled
1003733,103875,Revolving loans,2245.45,122811.39,Refused
1003734,200733,Cash loans,139895.95,269380.28,Approved
1003735,104302,Revolving loans,48859.09,314996.35,Canceled
1003736,101677,Revolving loans,223105.7,14152.33,Approved
1003737,107116,Revolving loans,41047.1,4654.95,Approved
1003738,101513,Revolving loans,21604.16,54670.52,Refused
1003739,107495,Revolving loans,42143.02,27630.38,Approved
1003740,200181,Consumer loans,42752.42,126992.24,Canceled
1003741,101309,Cash loans,90874.95,166101.65,Approved
1003742,100653,Cash loans,2061.36,80877.37,Canceled
1003743,104191,Consumer loans,177204.77,240977.97,Approved
1003744,105209,Consumer loans,261045.49,67607.66,Approved
1003745,104843,Revolving loans,62374.34,33796.89,Refused
1003746,108077,Cash loans,106399.41,15400.13,Refused
1003747,107571,Revolving loans,27222.92,169758.39,Approved
1003748,100654,Consumer loans,206192.12,436640.4,Refused
1003749,109690,Consumer loans,547341.5,12041.14,Refused
1003750,101091,Revolving loans,109599.61,123798.84,Approved
1003751,100858,Cash loans,125951.42,72579.68,Refused
1003752,108686,Revolving loans,71092.45,18917.95,Approved
1003753,201339,Consumer loans,72835.02,199243.48,Canceled
1003754,106415,Cash loans,55056.14,417600.37,Approved
1003755,101857,Consumer loans,76720.43,56298.32,Approved
1003756,104113,Cash loans,128678.97,47621.62,Approved
1003757,100134,Consumer loans,53227.41,16162.23,Canceled
1003758,106733,Cash loans,53061.24,534986.83,Approved
1003759,108600,Consumer loans,62171.01,40504.86,Canceled
1003760,108361,Consumer loans,93964.16,196461.91,Approved
1003761,104688,Cash loans,194167.02,532121.94,Refused
1003762,201535,Consumer loans,5642.16,31714.68,Approved
1003763,100779,Consumer loans,242628.81,483016.92,Approved
1003764,101592,Revolving loans,394893.28,12044.05,Approved
1003765,102556,Revolving loans,10682.0,68363.11,Approved
1003766,101355,Revolving loans,31427.39,426817.78,Approved
1003767,100439,Revolving loans,6832.46,22926.51,Approved
1003768,105145,Cash loans,25272.46,214937.86,Approved
1003769,201460,Consumer loans,51924.71,764.39,Approved
1003770,101085,Consumer loans,28954.98,45705.96,Canceled
1003771,103528,Revolving loans,30041.16,5476.66,Canceled
1003772,101310,Consumer loans,119074.21,186907.34,Approved
1003773,105793,Consumer loans,28003.8,52540.36,Approved
1003774,107251,Consumer loans,145315.51,14796.59,Approved
1003775,108428,Consumer loans,50398.62,11410.67,Approved
1003776,109228,Revolving loans,20907.09,63848.65,Canceled
1003777,201092,Consumer loans,25698.01,12103.66,Refused
1003778,104505,Cash loans,8673.32,56292.12,Approved
1003779,106342,Cash loans,184107.42,36230.26,Approved
1003780,108312,Cash loans,31485.58,58671.35,Refused
1003781,104671,Cash loans,144333.31,89198.15,Approved
1003782,200681,Revolving loans,144709.34,35334.79,Approved
1003783,106713,Revolving loans,63924.88,83204.81,Approved
1003784,101797,Revolving loans,354104.51,157446.43,Approved
1003785,103275,Revolving loans,76391.7,308366.03,Approved
1003786,104453,Consumer loans,75329.15,1139.56,Approved
1003787,103380,Cash loans,123516.73,244678.88,Approved
1003788,108796,Revolving loans,223769.61,94225.41,Approved
1003789,100417,Cash loans,62707.82,163225.66,Refused
1003790,101352,Cash loans,18091.07,120843.02,Approved
1003791,201622,Cash loans,30517.7,77055.52,Approved
1003792,201284,Cash loans,106115.43,28386.74,Approved
1003793,106863,Revolving loans,5904.19,89874.65,Approved
1003794,106774,Revolving loans,53885.98,56643.44,Approved
1003795,103460,Revolving loans,52767.35,26624.87,Approved
1003796,108845,Revolving loans,58368.84,161715.15,Approved
1003797,106876,Revolving loans,15504.21,287180.1,Approved
1003798,101180,Consumer loans,171316.07,37241.54,Approved
1003799,107453,Cash loans,8690.57,222476.49,Refused
1003800,200692,Cash loans,106179.67,47595.04,Approved
1003801,200999,Consumer loans,296197.21,152391.61,Canceled
1003802,102714,Consumer loans,11054.89,138472.56,Approved
1003803,105613,Revolving loans,186589.7,60239.12,Refused
1003804,100496,Revolving loans,144.06,47053.17,Approved
1003805,102190,Cash loans,296727.83,192342.57,Approved
1003806,102563,Revolving loans,32680.46,97579.84,Refused
1003807,101606,Revolving loans,241.08,226780.24,Refused
1003808,105819,Consumer loans,46842.91,197189.12,Refused
1003809,107529,Revolving loans,73127.46,6883.65,Canceled
1003810,108086,Cash loans,62977.86,438146.84,Approved
1003811,201093,Consumer loans,77145.12,437971.59,Refused
1003812,108176,Revolving loans,39796.51,251490.94,Refused
1003813,109279,Revolving loans,44828.2,412991.2,Refused
1003814,101279,Consumer loans,47135.66,15182.38,Refused
1003815,107357,Consumer loans,486.88,12061.16,Approved
1003816,104534,Revolving loans,241258.75,95275.29,Refused
1003817,201936,Consumer loans,162303.56,282149.7,Approved
1003818,201631,Revolving loans,92337.75,35236.77,Canceled
1003819,104038,Revolving loans,100617.24,52222.18,Approved
1003820,102169,Revolving loans,157795.82,1056.64,Approved
1003821,201031,Cash loans,15569.28,173616.26,Approved
1003822,201684,Cash loans,203813.6,22049.05,Approved
1003823,106693,Consumer loans,31208.81,212593.28,Canceled
1003824,103130,Revolving loans,224650.0,2254.37,Canceled
1003825,104799,Cash loans,15821.29,90051.03,Approved
1003826,105519,Revolving loans,36614.96,67848.47,Refused
1003827,104304,Revolving loans,209468.97,64136.68,Refused
1003828,106621,Consumer loans,9217.83,74352.72,Approved
1003829,102960,Cash loans,204705.23,125270.81,Approved
1003830,109981,Revolving loans,67892.83,97488.91,Refused
1003831,200921,Consumer loans,270265.93,6990.07,Refused
1003832,102242,Cash loans,22693.35,209024.05,Canceled
1003833,103337,Revolving loans,254123.4,323667.38,Approved
1003834,200491,Revolving loans,385678.29,47888.14,Approved
1003835,108745,Cash loans,8138.53,144305.9,Canceled
1003836,101480,Cash loans,135667.51,225634.84,Approved
1003837,100983,Cash loans,3910.67,1483.0,Canceled
1003838,201813,Revolving loans,77301.12,9344.41,Approved
1003839,105132,Consumer loans,84295.95,6498.37,Approved
1003840,107845,Cash loans,14144.98,245330.85,Approved
1003841,106304,Revolving loans,123320.75,5168.93,Approved
1003842,108954,Revolving loans,152660.88,65670.37,Refused
1003843,108779,Revolving loans,11590.73,266637.4,Approved
1003844,101516,Cash loans,42222.82,7728.61,Approved
1003845,103247,Consumer loans,72283.92,218000.11,Approved
1003846,200740,Cash loans,135287.32,91145.31,Refused
1003847,105186,Revolving loans,2582.8,216491.75,Approved
1003848,100761,Consumer loans,336453.64,25903.71,Approved
1003849,101121,Consumer loans,6872.44,170447.65,Approved
1003850,109875,Cash loans,24552.79,194913.1,Approved
1003851,201866,Consumer loans,94227.97,2236.42,Approved
1003852,107203,Revolving loans,145545.23,46047.31,Approved
1003853,102770,Cash loans,694461.45,96560.39,Canceled
1003854,100290,Revolving loans,254920.21,274584.12,Canceled
1003855,108202,Revolving loans,32787.35,41812.9,Refused
1003856,105856,Consumer loans,41660.01,208238.45,Canceled
1003857,109542,Cash loans,12030.04,123017.62,Refused
1003858,102841,Cash loans,6915.97,30927.0,Approved
1003859,201764,Cash loans,36324.75,78551.34,Canceled
1003860,201425,Revolving loans,160332.6,3135.59,Refused
1003861,103992,Cash loans,36273.28,61115.54,Canceled
1003862,100694,Revolving loans,125846.12,254400.28,Canceled
1003863,200779,Cash loans,176207.19,42356.51,Approved
1003864,201124,Cash loans,197.06,75042.2,Approved
1003865,108892,Cash loans,86658.13,156243.81,Approved
1003866,100689,Consumer loans,43187.93,18778.62,Approved
1003867,106117,Consumer loans,71510.62,141455.66,Approved
1003868,100039,Consumer loans,37861.03,82490.03,Refused
1003869,108657,Cash loans,72524.1,94691.03,Refused
1003870,201155,Consumer loans,259072.0,16838.94,Canceled
1003871,107122,Cash loans,50391.41,150342.22,Approved
1003872,201380,Cash loans,36193.66,6735.28,Refused
1003873,109469,Consumer loans,295202.07,75753.61,Approved
1003874,103943,Revolving loans,991.84,48254.09,Approved
1003875,102536,Cash loans,241451.42,139624.38,Canceled
1003876,200497,Revolving loans,54295.15,37453.14,Approved
1003877,100527,Revolving loans,17140.6,18469.21,Canceled
1003878,109921,Cash loans,97840.01,140089.32,Approved
1003879,105548,Consumer loans,38937.36,15666.22,Approved
1003880,105948,Cash loans,206168.07,283361.64,Canceled
1003881,200222,Consumer loans,145616.83,167348.97,Approved
1003882,108665,Revolving loans,226566.95,69105.61,Approved
1003883,201844,Revolving loans,74644.14,42189.74,Refused
1003884,109158,Revolving loans,14025.8,134978.47,Canceled
1003885,105966,Consumer loans,294323.37,128632.82,Approved
1003886,200137,Consumer loans,26211.88,91400.15,Approved
1003887,107022,Cash loans,10339.7,47082.52,Canceled
1003888,104490,Revolving loans,244625.06,98588.77,Approved
1003889,101710,Revolving loans,42849.29,193643.77,Canceled
1003890,105649,Cash loans,18033.05,52043.1,Approved
1003891,105287,Revolving loans,11459.44,12803.75,Refused
1003892,106503,Revolving loans,105028.43,209976.64,Approved
1003893,107637,Revolving loans,90925.95,64866.41,Canceled
1003894,108387,Cash loans,28333.25,476784.06,Approved
1003895,105769,Consumer loans,58672.42,21736.44,Canceled
1003896,105177,Revolving loans,75197.85,15528.78,Approved
1003897,106164,Cash loans,37639.22,73063.01,Approved
1003898,105589,Revolving loans,592064.62,236091.88,Approved
1003899,200499,Cash loans,901.97,247964.54,Refused
1003900,107030,Cash loans,19179.38,230579.2,Approved
1003901,106718,Cash loans,144142.86,170468.05,Approved
1003902,109701,Revolving loans,7736.93,22720.95,Approved
1003903,108764,Consumer loans,148882.6,344085.78,Approved
1003904,107718,Cash loans,62427.93,273280.22,Approved
1003905,102080,Cash loans,31311.51,80295.47,Approved
1003906,101919,Consumer loans,173366.19,12261.49,Refused
1003907,200251,Cash loans,21471.83,17721.53,Canceled
1003908,109031,Consumer loans,76555.31,62599.88,Approved
1003909,109504,Revolving loans,28475.73,76947.44,Canceled
1003910,201130,Cash loans,252575.58,4613.31,Approved
1003911,109634,Cash loans,351416.86,848.96,Approved
1003912,200255,Revolving loans,191602.48,59005.69,Approved
1003913,100042,Consumer loans,815317.9,291912.9,Canceled
1003914,101303,Consumer loans,101473.22,111128.14,Approved
1003915,101700,Revolving loans,159328.11,173986.66,Refused
1003916,106701,Consumer loans,180334.43,159047.79,Approved
1003917,102130,Consumer loans,26631.61,61117.54,Approved
1003918,108652,Cash loans,122351.28,257422.84,Approved
1003919,104102,Revolving loans,66621.07,66902.77,Approved
1003920,105785,Cash loans,134474.92,12412.91,Approved
1003921,101555,Cash loans,72464.37,6881.91,Approved
1003922,107661,Cash loans,199459.39,33953.62,Approved
1003923,105435,Revolving loans,19563.0,45930.5,Approved
1003924,107949,Consumer loans,7871.36,54244.03,Refused
1003925,103546,Cash loans,187908.27,76581.1,Approved
1003926,105033,Consumer loans,171932.48,95335.15,Approved
1003927,109483,Cash loans,52547.32,70054.8,Approved
1003928,105020,Revolving loans,36563.9,58731.7,Approved
1003929,103005,Revolving loans,244613.13,9205.88,Refused
1003930,103675,Cash loans,562541.11,69844.81,Canceled
1003931,108350,Consumer loans,48592.34,167068.73,Approved
1003932,100461,Cash loans,38064.66,119286.82,Approved
1003933,103377,Revolving loans,181146.46,254677.79,Refused
1003934,107491,Consumer loans,44061.46,116312.03,Refused
1003935,201579,Cash loans,18480.23,29033.38,Refused
1003936,107045,Cash loans,8669.67,142166.42,Refused
1003937,105035,Revolving loans,5622.84,280421.1,Approved
1003938,105415,Consumer loans,143710.4,156875.9,Refused
1003939,103080,Cash loans,48087.21,28746.97,Approved
1003940,101229,Revolving loans,152679.29,121697.0,Approved
1003941,109419,Cash loans,156381.47,85408.06,Refused
1003942,102318,Cash loans,250298.36,324218.47,Approved
1003943,104829,Consumer loans,71761.15,164096.25,Approved
1003944,108531,Revolving loans,3896.25,61570.05,Canceled
1003945,106268,Cash loans,87334.46,75783.56,Approved
1003946,201792,Consumer loans,79178.78,116878.29,Approved
1003947,100990,Consumer loans,102096.47,37313.48,Canceled
1003948,108636,Revolving loans,131606.98,50421.25,Approved
1003949,104758,Cash loans,44176.26,541276.6,Approved
1003950,101399,Cash loans,95655.77,211370.5,Approved
1003951,101819,Cash loans,32976.42,19068.86,Approved
1003952,105410,Cash loans,44495.77,17161.97,Refused
1003953,103589,Revolving loans,105299.38,152297.88,Approved
1003954,102929,Revolving loans,16138.28,110366.34,Approved
1003955,201901,Revolving loans,8608.56,50961.26,Canceled
1003956,106230,Consumer loans,43049.43,138016.06,Approved
1003957,109478,Consumer loans,41723.77,14114.65,Approved
1003958,106703,Revolving loans,186291.76,113585.93,Canceled
1003959,104024,Consumer loans,21319.33,7486.79,Approved
1003960,102859,Consumer loans,27864.73,63615.73,Refused
1003961,200539,Cash loans,101221.91,167855.61,Refused
1003962,101580,Cash loans,9739.35,101845.41,Canceled
1003963,101142,Cash loans,38471.57,118487.77,Canceled
1003964,102405,Consumer loans,112590.24,14623.54,Approved
1003965,103575,Consumer loans,77490.12,327974.94,Refused
1003966,104344,Consumer loans,163599.47,20986.35,Canceled
1003967,101296,Consumer loans,43140.96,103760.15,Approved
1003968,107772,Consumer loans,27802.13,184516.41,Approved
1003969,100418,Consumer loans,88313.17,43334.27,Approved
1003970,103665,Consumer loans,29433.75,9438.93,Approved
1003971,201329,Revolving loans,120895.94,5832.84,Approved
1003972,107527,Consumer loans,56561.31,79591.5,Refused
1003973,107600,Revolving loans,121162.04,30229.47,Canceled
1003974,104741,Consumer loans,48851.91,102617.22,Refused
1003975,105639,Revolving loans,167768.66,356597.89,Approved
1003976,100960,Consumer loans,15716.22,239393.33,Approved
1003977,102376,Cash loans,21494.54,517601.41,Refused
1003978,106910,Consumer loans,114080.16,38448.13,Approved
1003979,105755,Consumer loans,391944.48,99291.72,Approved
1003980,201980,Revolving loans,66855.22,97364.27,Refused
1003981,108548,Revolving loans,41645.8,76618.29,Approved
1003982,102872,Cash loans,188383.94,599017.83,Approved
1003983,200105,Revolving loans,126293.55,3710.1,Approved
1003984,102331,Revolving loans,962.59,398995.66,Approved
1003985,101410,Revolving loans,41879.06,191015.22,Approved
1003986,200425,Revolving loans,11259.45,671386.17,Approved
1003987,101632,Revolving loans,816.32,73904.16,Refused
1003988,102612,Revolving loans,85605.74,68332.91,Refused
1003989,201506,Cash loans,100618.44,192599.51,Refused
1003990,104922,Consumer loans,114054.96,61757.97,Approved
1003991,100827,Revolving loans,4524.2,38892.54,Refused
1003992,105368,Consumer loans,178187.93,164717.81,Approved
1003993,101056,Consumer loans,26903.31,362530.68,Refused
1003994,104281,Revolving loans,63560.98,27402.86,Approved
1003995,108441,Consumer loans,39753.6,188620.99,Approved
1003996,101781,Revolving loans,158029.05,141235.83,Refused
1003997,106822,Cash loans,8908.19,184939.59,Canceled
1003998,106528,Cash loans,46508.32,7470.65,Approved
1003999,102133,Consumer loans,327400.08,531855.65,Refused
1004000,100904,Revolving loans,52102.57,122961.65,Approved
1004001,103320,Cash loans,18277.26,60088.75,Canceled
1004002,100403,Cash loans,3225.45,106213.85,Canceled
1004003,104972,Cash loans,295833.73,92243.85,Approved
1004004,106370,Revolving loans,105495.07,49582.04,Canceled
1004005,100561,Revolving loans,28903.82,11831.5,Approved
1004006,105737,Cash loans,67029.99,215924.84,Refused
1004007,101427,Revolving loans,72007.12,79107.97,Canceled
1004008,108066,Revolving loans,95716.48,123094.5,Canceled
1004009,201909,Revolving loans,65790.04,319692.85,Refused
1004010,109279,Cash loans,131138.83,132531.23,Refused
1004011,200349,Cash loans,14474.04,52216.35,Approved
1004012,103319,Revolving loans,7912.24,281977.26,Approved
1004013,201248,Consumer loans,8605.06,309524.35,Approved
1004014,107488,Consumer loans,81636.57,23699.09,Refused
1004015,200763,Consumer loans,97494.24,87028.99,Canceled
1004016,100522,Consumer loans,52892.0,17166.29,Approved
1004017,200009,Consumer loans,6565.83,39805.44,Approved
1004018,100503,Cash loans,64617.03,64324.52,Canceled
1004019,201627,Consumer loans,8815.26,44631.25,Approved
1004020,102095,Consumer loans,296531.29,197249.21,Canceled
1004021,101992,Cash loans,41272.05,123981.63,Approved
1004022,102825,Cash loans,174082.34,35501.43,Approved
1004023,103693,Cash loans,324049.31,58460.57,Approved
1004024,103604,Consumer loans,178352.12,422182.52,Canceled
1004025,200632,Consumer loans,452.46,9744.94,Approved
1004026,100303,Revolving loans,51239.65,73664.59,Approved
1004027,106091,Revolving loans,4940.91,159513.71,Canceled
1004028,103502,Consumer loans,179429.2,85311.26,Approved
1004029,103230,Revolving loans,253318.22,74799.9,Approved
1004030,201260,Cash loans,79113.37,66736.77,Approved
1004031,201047,Revolving loans,12528.23,375047.53,Approved
1004032,109541,Revolving loans,292930.24,245324.08,Approved
1004033,102648,Revolving loans,63264.01,19283.16,Canceled
1004034,200198,Revolving loans,74219.35,144805.28,Approved
1004035,105410,Cash loans,42028.82,501238.15,Approved
1004036,200720,Cash loans,120701.04,75270.04,Refused
1004037,107981,Consumer loans,43455.88,55616.89,Approved
1004038,105128,Consumer loans,17690.64,52566.6,Approved
1004039,100156,Cash loans,158644.92,196713.09,Approved
1004040,109102,Revolving loans,21018.62,59271.8,Approved
1004041,200610,Revolving loans,5939.88,52628.33,Refused
1004042,109341,Revolving loans,134645.6,65067.32,Canceled
1004043,104112,Cash loans,35212.47,50342.95,Approved
1004044,100635,Cash loans,33326.83,8523.79,Refused
1004045,102739,Cash loans,211.68,84101.09,Approved
1004046,200819,Cash loans,15648.03,59158.42,Approved
1004047,105034,Cash loans,120667.87,124064.32,Approved
1004048,101250,Revolving loans,26366.62,23268.68,Approved
1004049,109231,Consumer loans,234777.1,84128.17,Approved
1004050,108298,Cash loans,85629.69,27690.92,Approved
1004051,104896,Consumer loans,233269.03,106400.71,Refused
1004052,100465,Cash loans,181662.51,13958.73,Refused
1004053,104131,Consumer loans,276001.48,53599.56,Approved
1004054,108766,Consumer loans,42384.71,395093.55,Approved
1004055,107572,Revolving loans,89956.19,97518.82,Approved
1004056,201736,Cash loans,54862.93,28860.48,Approved
1004057,100206,Cash loans,62638.3,28136.84,Approved
1004058,103159,Revolving loans,20176.04,111781.65,Refused
1004059,102337,Consumer loans,58496.24,148099.3,Canceled
1004060,200548,Cash loans,34560.45,149494.6,Approved
1004061,106493,Revolving loans,315494.28,40569.07,Refused
1004062,102835,Consumer loans,37719.23,92228.03,Approved
1004063,101909,Cash loans,343930.45,219317.73,Approved
1004064,105329,Revolving loans,55290.11,44435.44,Approved
1004065,104774,Revolving loans,170018.21,88326.81,Approved
1004066,104187,Cash loans,39371.75,81599.42,Canceled
1004067,109467,Consumer loans,71749.75,218468.43,Approved
1004068,201060,Revolving loans,76322.13,53969.54,Approved
1004069,109521,Cash loans,13586.17,113849.26,Approved
1004070,100557,Revolving loans,13256.4,33231.74,Approved
1004071,201660,Cash loans,24408.7,23660.95,Approved
1004072,104416,Cash loans,29215.63,56364.14,Approved
1004073,103342,Cash loans,73796.41,50462.22,Approved
1004074,201179,Cash loans,24145.64,118670.1,Approved
1004075,100882,Revolving loans,115398.35,60181.42,Refused
1004076,107336,Revolving loans,31736.43,37454.4,Approved
1004077,103333,Consumer loans,75761.03,88802.1,Approved
1004078,102194,Consumer loans,8685.03,150404.6,Refused
1004079,102675,Consumer loans,436750.99,310723.68,Approved
1004080,101698,Revolving loans,22247.29,15174.69,Refused
1004081,108969,Consumer loans,332556.44,16617.76,Canceled
1004082,102907,Cash loans,94400.73,30043.26,Approved
1004083,109143,Cash loans,66245.2,94418.71,Canceled
1004084,109150,Revolving loans,190458.52,250170.44,Refused
1004085,107330,Consumer loans,234215.96,170570.93,Canceled
1004086,201432,Revolving loans,12757.05,97913.96,Approved
1004087,105033,Revolving loans,131530.31,35412.1,Approved
1004088,105037,Consumer loans,43803.41,13016.46,Approved
1004089,103586,Revolving loans,200396.64,44313.59,Approved
1004090,201331,Revolving loans,113963.39,22149.47,Approved
1004091,200285,Consumer loans,7291.6,81180.59,Approved
1004092,107029,Consumer loans,20431.24,75551.27,Approved
1004093,106305,Revolving loans,155647.99,214575.02,Canceled
1004094,102853,Consumer loans,43188.07,325881.28,Approved
1004095,103821,Consumer loans,335909.11,414609.75,Approved
1004096,105189,Revolving loans,77366.42,182031.35,Approved
1004097,108036,Consumer loans,46174.19,36427.86,Refused
1004098,108456,Consumer loans,24609.79,33490.06,Canceled
1004099,108364,Revolving loans,126135.68,40846.69,Refused
1004100,103950,Revolving loans,57636.23,21011.81,Approved
1004101,109961,Consumer loans,129910.7,110093.73,Approved
1004102,201329,Consumer loans,61075.63,412493.64,Approved
1004103,105767,Cash loans,10153.95,2336.61,Approved
1004104,109605,Revolving loans,42461.86,161767.53,Approved
1004105,103257,Consumer loans,143863.54,296050.61,Approved
1004106,109070,Revolving loans,184722.99,105799.25,Refused
1004107,101726,Revolving loans,51137.85,39631.98,Approved
1004108,201977,Consumer loans,142424.32,69715.17,Approved
1004109,108097,Cash loans,6495.58,26520.01,Refused
1004110,100742,Cash loans,48797.23,81168.72,Approved
1004111,106737,Revolving loans,92653.52,62412.0,Refused
1004112,201790,Consumer loans,9973.87,16937.52,Approved
1004113,200854,Revolving loans,151079.74,4555.95,Canceled
1004114,109380,Consumer loans,62201.81,193476.44,Refused
1004115,106003,Cash loans,23017.41,61519.51,Approved
1004116,200871,Revolving loans,263252.63,61203.37,Canceled
1004117,109865,Cash loans,68623.4,489402.34,Approved
1004118,101490,Revolving loans,119381.66,23070.05,Approved
1004119,101029,Cash loans,1946.63,53143.71,Approved
1004120,107255,Cash loans,73273.54,93754.68,Refused
1004121,102946,Consumer loans,27557.39,15983.27,Canceled
1004122,101111,Consumer loans,182746.06,43241.93,Refused
1004123,102283,Revolving loans,34025.89,120684.59,Canceled
1004124,104459,Cash loans,28661.29,7105.36,Approved
1004125,107350,Revolving loans,112146.87,363879.41,Approved
1004126,101949,Consumer loans,244227.58,367265.94,Canceled
1004127,103902,Revolving loans,15785.02,329177.53,Canceled
1004128,102245,Revolving loans,144592.01,48728.25,Approved
1004129,103365,Consumer loans,84582.78,274897.28,Approved
1004130,104969,Consumer loans,166047.54,18517.5,Approved
1004131,101075,Revolving loans,43705.24,13241.63,Canceled
1004132,106526,Cash loans,124980.39,150152.79,Canceled
1004133,104386,Consumer loans,50049.39,12107.73,Approved
1004134,102025,Revolving loans,45816.46,233577.83,Approved
1004135,106151,Revolving loans,9623.53,13674.69,Approved
1004136,102198,Consumer loans,109706.73,16923.27,Approved
1004137,200269,Revolving loans,185090.98,23038.37,Approved
1004138,102427,Cash loans,121913.5,43695.46,Approved
1004139,106021,Cash loans,7086.19,165697.89,Approved
1004140,105108,Cash loans,1029.33,20736.3,Approved
1004141,108999,Revolving loans,4472.92,144775.53,Approved
1004142,106662,Consumer loans,123691.45,47453.1,Refused
1004143,105575,Consumer loans,88669.78,287126.65,Refused
1004144,200401,Revolving loans,88453.73,392488.6,Approved
1004145,101408,Consumer loans,101897.33,129611.56,Approved
1004146,109869,Revolving loans,255479.8,39160.32,Approved
1004147,104069,Revolving loans,16926.99,170163.24,Canceled
1004148,107232,Revolving loans,132356.39,59197.09,Approved
1004149,101486,Consumer loans,478725.54,123825.49,Approved
1004150,100456,Revolving loans,53987.69,251610.69,Approved
1004151,201859,Cash loans,417917.12,393600.87,Approved
1004152,101466,Revolving loans,86995.7,135155.85,Approved
1004153,107864,Cash loans,51460.3,82164.01,Approved
1004154,109044,Revolving loans,234582.72,468139.56,Approved
1004155,102963,Cash loans,107021.02,603153.86,Refused
1004156,100005,Revolving loans,14212.31,42541.09,Canceled
1004157,105870,Cash loans,61967.45,14326.13,Approved
1004158,103027,Consumer loans,88282.83,207925.67,Canceled
1004159,102303,Cash loans,376973.24,211198.65,Approved
1004160,106436,Cash loans,114260.45,33805.63,Refused
1004161,104618,Cash loans,305933.89,85072.35,Refused
1004162,103680,Consumer loans,64038.34,14611.48,Refused
1004163,104725,Revolving loans,54239.7,194868.68,Canceled
1004164,100294,Cash loans,45478.47,15212.45,Refused
1004165,108886,Revolving loans,175279.84,65735.9,Canceled
1004166,100075,Cash loans,251386.82,276511.48,Approved
1004167,102879,Consumer loans,6066.41,171821.48,Approved
1004168,105530,Consumer loans,27642.54,56220.66,Approved
1004169,100145,Consumer loans,269373.82,172766.3,Refused
1004170,103088,Revolving loans,97463.7,138242.24,Approved
1004171,108467,Cash loans,23685.23,27746.36,Approved
1004172,109766,Cash loans,138636.35,188287.53,Canceled
1004173,104334,Revolving loans,118659.85,18722.36,Approved
1004174,108003,Revolving loans,192279.5,34477.84,Approved
1004175,201511,Cash loans,257530.19,31676.04,Canceled
1004176,102989,Consumer loans,211282.05,141082.15,Approved
1004177,106291,Consumer loans,73802.91,176034.39,Canceled
1004178,103774,Revolving loans,89527.89,268753.11,Approved
1004179,106568,Revolving loans,727.82,115345.08,Canceled
1004180,102878,Revolving loans,147769.74,184252.52,Approved
1004181,105623,Consumer loans,61121.44,11918.2,Refused
1004182,200226,Consumer loans,10842.92,25255.39,Canceled
1004183,101559,Consumer loans,191272.07,62034.35,Refused
1004184,101609,Revolving loans,324595.5,21710.09,Approved
1004185,107526,Revolving loans,165238.73,54131.01,Canceled
1004186,102508,Consumer loans,22676.78,55113.08,Approved
1004187,105151,Cash loans,69000.7,10228.79,Approved
1004188,108197,Revolving loans,34244.11,238418.22,Canceled
1004189,101878,Cash loans,6734.39,16951.6,Approved
1004190,106282,Revolving loans,16464.03,76959.69,Approved
1004191,103827,Cash loans,7588.01,84574.04,Approved
1004192,103273,Revolving loans,117434.56,5968.75,Refused
1004193,109727,Cash loans,11378.05,23351.63,Approved
1004194,102057,Cash loans,6088.16,326337.53,Approved
1004195,109474,Revolving loans,22984.12,196720.99,Approved
1004196,101304,Consumer loans,217000.53,1057297.38,Approved
1004197,201381,Revolving loans,72185.63,315518.12,Refused
1004198,101094,Revolving loans,27135.37,12361.37,Refused
1004199,104904,Revolving loans,56582.02,2746.73,Approved
1004200,100936,Cash loans,127299.37,65966.61,Approved
1004201,201655,Consumer loans,207022.72,96071.98,Approved
1004202,103089,Revolving loans,42747.97,86335.49,Approved
1004203,103183,Revolving loans,70716.64,203240.96,Canceled
1004204,201817,Cash loans,12138.69,89412.59,Refused
1004205,201782,Revolving loans,10133.72,305622.35,Approved
1004206,103507,Revolving loans,95653.11,82300.98,Canceled
1004207,101617,Cash loans,168429.51,113623.59,Canceled
1004208,109127,Revolving loans,101134.97,206983.28,Approved
1004209,109062,Consumer loans,327419.72,70640.86,Approved
1004210,109181,Cash loans,15144.87,229574.5,Canceled
1004211,102426,Consumer loans,8246.23,423.31,Approved
1004212,107043,Revolving loans,4665.26,55044.43,Approved
1004213,106633,Revolving loans,201069.8,131215.79,Canceled
1004214,102441,Revolving loans,122006.15,183612.91,Approved
1004215,103137,Consumer loans,43848.81,78229.53,Approved
1004216,109505,Cash loans,56221.44,124322.03,Approved
1004217,100742,Revolving loans,74631.59,60590.61,Approved
1004218,106104,Revolving loans,49410.45,43844.14,Approved
1004219,100098,Cash loans,3793.95,96537.58,Approved
1004220,200283,Revolving loans,38127.54,95137.72,Approved
1004221,200298,Cash loans,55843.35,65603.21,Approved
1004222,100661,Cash loans,133700.69,156135.9,Approved
1004223,200257,Cash loans,91752.45,70252.9,Approved
1004224,100320,Consumer loans,69725.15,157060.32,Approved
1004225,201251,Revolving loans,16685.69,140816.75,Refused
1004226,108017,Revolving loans,261998.17,14149.21,Approved
1004227,201610,Revolving loans,207665.14,3004.91,Approved
1004228,107521,Revolving loans,56005.27,133370.74,Approved
1004229,102045,Cash loans,55447.49,124603.4,Refused
1004230,108579,Cash loans,193742.45,78865.08,Refused
1004231,200103,Revolving loans,161785.96,143258.23,Approved
1004232,106207,Cash loans,81316.75,24573.76,Approved
1004233,101005,Cash loans,10119.12,21198.18,Refused
1004234,108935,Revolving loans,25890.31,62673.88,Canceled
1004235,109537,Revolving loans,41085.0,122456.51,Refused
1004236,109015,Cash loans,5303.89,415813.69,Approved
1004237,201146,Consumer loans,84586.33,256228.0,Approved
1004238,101035,Consumer loans,49105.77,24036.5,Approved
1004239,107152,Consumer loans,6002.88,210311.57,Approved
1004240,108399,Revolving loans,5804.15,192763.18,Approved
1004241,105343,Revolving loans,43566.67,14128.28,Approved
1004242,102210,Consumer loans,104615.63,172367.12,Canceled
1004243,106027,Consumer loans,531264.34,337466.05,Canceled
1004244,104392,Cash loans,107902.02,213803.31,Approved
1004245,108195,Cash loans,113748.72,72112.44,Refused
1004246,107847,Revolving loans,6676.07,170213.18,Approved
1004247,200740,Consumer loans,28869.26,207094.16,Approved
1004248,103954,Consumer loans,225710.58,319982.9,Approved
1004249,200953,Revolving loans,2607.25,15493.42,Refused
1004250,201530,Consumer loans,33299.9,1382.84,Approved
1004251,107094,Revolving loans,115875.02,109117.64,Approved
1004252,201679,Cash loans,47661.24,236778.05,Approved
1004253,201281,Consumer loans,310072.05,80680.58,Approved
1004254,106477,Revolving loans,47971.8,8736.66,Refused
1004255,104484,Cash loans,12043.58,128167.72,Refused
1004256,109529,Revolving loans,13414.03,389332.13,Approved
1004257,102750,Cash loans,1857.28,58898.94,Approved
1004258,201339,Cash loans,150980.25,55894.11,Approved
1004259,109069,Consumer loans,253795.54,139040.84,Approved
1004260,108307,Revolving loans,45726.8,280500.6,Canceled
1004261,107269,Cash loans,78110.06,191331.8,Refused
1004262,105655,Revolving loans,30496.09,431849.1,Approved
1004263,108131,Revolving loans,60718.64,149779.1,Approved
1004264,102967,Cash loans,91739.17,29481.65,Approved
1004265,104172,Revolving loans,133362.87,487248.02,Canceled
1004266,103086,Revolving loans,16062.43,37152.16,Refused
1004267,107067,Cash loans,50563.11,14052.77,Canceled
1004268,108565,Cash loans,16689.94,46534.85,Refused
1004269,100331,Cash loans,3375.3,40271.03,Canceled
1004270,107485,Consumer loans,142129.48,4558.32,Approved
1004271,109019,Cash loans,119223.02,308497.81,Refused
1004272,103458,Revolving loans,114574.7,81231.5,Approved
1004273,104468,Consumer loans,42962.62,79339.38,Approved
1004274,108610,Cash loans,61207.48,345159.15,Approved
1004275,104728,Revolving loans,109384.4,17638.12,Canceled
1004276,102671,Revolving loans,3432.23,211262.35,Approved
1004277,105750,Consumer loans,79746.12,131098.59,Approved
1004278,103255,Revolving loans,51981.29,51954.08,Refused
1004279,108775,Cash loans,362913.12,14046.57,Approved
1004280,102279,Cash loans,13567.31,63204.64,Approved
1004281,107462,Consumer loans,47683.57,274920.7,Canceled
1004282,105403,Revolving loans,75795.88,252192.69,Refused
1004283,201657,Cash loans,198697.87,315573.74,Approved
1004284,101764,Revolving loans,44564.9,134450.75,Canceled
1004285,103563,Consumer loans,47704.45,260188.42,Approved
1004286,104164,Cash loans,39731.13,184390.34,Approved
1004287,105259,Cash loans,230467.86,20394.11,Approved
1004288,104277,Consumer loans,363637.8,45975.14,Approved
1004289,109991,Revolving loans,46768.01,26629.64,Approved
1004290,104695,Cash loans,129462.38,245288.15,Approved
1004291,107813,Consumer loans,107772.32,42285.53,Approved
1004292,109209,Consumer loans,67677.8,438427.98,Canceled
1004293,101595,Consumer loans,57819.37,14516.13,Approved
1004294,101203,Revolving loans,122331.4,50626.49,Approved
1004295,108122,Revolving loans,8633.16,221684.65,Canceled
1004296,103657,Cash loans,21069.99,102363.87,Approved
1004297,108921,Revolving loans,110830.98,258015.01,Approved
1004298,106282,Consumer loans,51723.87,284851.8,Approved
1004299,106112,Consumer loans,120893.49,190352.82,Approved
1004300,102393,Consumer loans,51402.1,80065.87,Approved
1004301,109638,Revolving loans,169124.36,8722.61,Approved
1004302,200736,Revolving loans,98841.27,581043.23,Approved
1004303,104014,Revolving loans,70104.87,118222.97,Approved
1004304,100140,Revolving loans,74211.17,108577.18,Approved
1004305,105469,Revolving loans,73546.88,22203.33,Refused
1004306,200216,Revolving loans,76183.22,77381.2,Approved
1004307,201679,Revolving loans,43761.41,43066.98,Approved
1004308,109857,Consumer loans,203691.34,78581.48,Approved
1004309,106646,Cash loans,110833.25,304651.62,Canceled
1004310,105043,Revolving loans,43186.4,11374.16,Approved
1004311,108408,Revolving loans,72508.18,142856.11,Approved
1004312,107613,Cash loans,40906.1,143305.3,Approved
1004313,106242,Consumer loans,155082.69,58447.48,Approved
1004314,100562,Consumer loans,399233.31,261687.57,Approved
1004315,103752,Consumer loans,148404.73,410673.8,Approved
1004316,106916,Consumer loans,60126.89,186243.42,Approved
1004317,106392,Revolving loans,1614.99,27284.81,Canceled
1004318,105920,Consumer loans,96546.36,516.54,Approved
1004319,200110,Revolving loans,84913.86,122147.33,Approved
1004320,104623,Revolving loans,176720.95,17095.94,Approved
1004321,107857,Cash loans,16428.43,32105.25,Canceled
1004322,103853,Revolving loans,268242.44,56922.49,Refused
1004323,100830,Cash loans,47781.13,12575.29,Approved
1004324,108715,Consumer loans,113558.47,130131.52,Refused
1004325,108592,Revolving loans,47331.26,85289.52,Approved
1004326,109740,Consumer loans,212341.18,16984.57,Refused
1004327,103547,Consumer loans,17253.1,172842.4,Refused
1004328,108105,Revolving loans,110259.22,199661.99,Approved
1004329,104834,Cash loans,92461.36,143353.04,Approved
1004330,109118,Consumer loans,13360.92,141338.4,Approved
1004331,200747,Cash loans,176994.59,25599.65,Approved
1004332,100027,Consumer loans,61693.55,158974.71,Approved
1004333,106913,Cash loans,15108.75,165259.55,Approved
1004334,107467,Cash loans,62525.46,394449.97,Approved
1004335,101080,Revolving loans,81428.97,358760.64,Canceled
1004336,100128,Revolving loans,114134.51,16148.63,Approved
1004337,103556,Consumer loans,19094.54,57235.77,Refused
1004338,101566,Cash loans,157207.99,29105.76,Refused
1004339,201170,Revolving loans,54639.78,91436.86,Canceled
1004340,109099,Cash loans,137375.91,2888.01,Refused
1004341,107975,Revolving loans,72768.85,148126.7,Approved
1004342,107143,Consumer loans,54680.98,16954.23,Approved
1004343,103667,Consumer loans,123941.86,116022.51,Approved
1004344,102362,Revolving loans,68702.85,165798.04,Approved
1004345,101008,Cash loans,195341.92,140811.16,Approved
1004346,105898,Consumer loans,13758.13,17819.22,Refused
1004347,104138,Cash loans,63085.19,463390.67,Refused
1004348,105835,Consumer loans,116681.38,93546.88,Approved
1004349,109424,Revolving loans,225262.97,99969.2,Approved
1004350,101952,Cash loans,296003.52,159549.18,Approved
1004351,201099,Consumer loans,45004.7,29204.23,Approved
1004352,109115,Revolving loans,145744.5,17481.02,Refused
1004353,103392,Consumer loans,151511.13,135561.97,Approved
1004354,201850,Revolving loans,97761.68,19529.2,Refused
1004355,104943,Revolving loans,118338.24,191199.74,Approved
1004356,107830,Consumer loans,16965.8,134364.89,Refused
1004357,109048,Consumer loans,105722.06,50299.09,Approved
1004358,101865,Consumer loans,119978.47,507702.76,Canceled
1004359,104664,Cash loans,245661.17,132891.39,Refused
1004360,106363,Cash loans,25685.65,123631.19,Approved
1004361,103829,Revolving loans,79416.66,31323.8,Approved
1004362,100227,Consumer loans,232089.37,153952.13,Approved
1004363,100386,Revolving loans,206813.37,20967.92,Approved
1004364,105302,Cash loans,35630.61,270218.03,Approved
1004365,201922,Consumer loans,114028.61,6486.14,Approved
1004366,109757,Cash loans,4369.43,83502.53,Approved
1004367,106892,Consumer loans,305212.88,150787.83,Canceled
1004368,103413,Consumer loans,92030.37,91206.26,Approved
1004369,100171,Consumer loans,126534.26,64681.88,Approved
1004370,100034,Revolving loans,49771.25,94969.68,Approved
1004371,104066,Revolving loans,30894.25,103543.88,Approved
1004372,101995,Consumer loans,52517.29,541685.73,Approved
1004373,108281,Revolving loans,55821.12,109706.98,Canceled
1004374,200108,Revolving loans,4673.97,98601.89,Approved
1004375,100804,Revolving loans,57901.18,112124.16,Approved
1004376,107422,Revolving loans,6836.37,227232.2,Refused
1004377,108036,Cash loans,230342.76,64971.3,Approved
1004378,103378,Cash loans,2144.48,21574.79,Canceled
1004379,100281,Revolving loans,40361.56,36506.62,Approved
1004380,101788,Cash loans,109180.53,46893.78,Approved
1004381,101474,Cash loans,117810.47,352642.15,Approved
1004382,109872,Consumer loans,65875.95,153177.99,Approved
1004383,105119,Consumer loans,165021.51,6507.95,Approved
1004384,106090,Consumer loans,72851.03,57861.11,Refused
1004385,201309,Consumer loans,86415.99,124624.11,Approved
1004386,106545,Revolving loans,126857.76,329685.34,Approved
1004387,102952,Cash loans,2649.49,35184.37,Canceled
1004388,101166,Consumer loans,227083.8,256182.74,Approved
1004389,103293,Consumer loans,99678.93,62887.55,Approved
1004390,106764,Revolving loans,65866.83,31177.98,Canceled
1004391,104969,Cash loans,87388.2,22902.16,Canceled
1004392,200964,Consumer loans,213014.1,178223.08,Approved
1004393,107356,Consumer loans,75456.44,94386.53,Approved
1004394,200812,Consumer loans,576833.32,69619.82,Canceled
1004395,104737,Consumer loans,158288.7,180136.19,Approved
1004396,106391,Consumer loans,53930.49,89551.42,Canceled
1004397,106866,Consumer loans,48854.01,6807.2,Approved
1004398,100631,Consumer loans,42564.05,28846.44,Refused
1004399,109208,Consumer loans,44780.46,274894.29,Canceled
1004400,106540,Revolving loans,279986.72,9819.82,Approved
1004401,108866,Revolving loans,125478.09,240643.08,Approved
1004402,106448,Revolving loans,356895.32,27365.53,Approved
1004403,104013,Revolving loans,1091.5,83175.14,Approved
1004404,104599,Consumer loans,47061.02,218273.47,Approved
1004405,103372,Revolving loans,185465.71,122963.66,Approved
1004406,104543,Consumer loans,7206.29,12577.85,Approved
1004407,106243,Consumer loans,132130.55,200381.08,Approved
1004408,105679,Consumer loans,61755.06,37847.55,Approved
1004409,104855,Cash loans,32255.8,71765.89,Approved
1004410,102194,Revolving loans,45855.12,18175.86,Refused
1004411,106610,Revolving loans,1157.44,376955.41,Approved
1004412,103999,Revolving loans,28132.02,74984.68,Refused
1004413,109169,Revolving loans,394917.7,1140.0,Approved
1004414,108744,Revolving loans,69734.68,70675.69,Approved
1004415,103575,Cash loans,604189.79,9284.14,Approved
1004416,201994,Revolving loans,139281.25,203370.98,Approved
1004417,104333,Cash loans,102950.19,56961.15,Canceled
1004418,201412,Cash loans,300374.01,41835.11,Approved
1004419,108671,Cash loans,180365.89,163111.34,Approved
1004420,103409,Consumer loans,73943.73,19450.4,Approved
1004421,108220,Cash loans,164297.3,6571.62,Approved
1004422,104669,Consumer loans,238.11,174788.53,Approved
1004423,108721,Revolving loans,101620.17,125286.21,Approved
1004424,108163,Consumer loans,27321.72,2871.75,Approved
1004425,201190,Revolving loans,12516.89,40005.91,Approved
1004426,107691,Cash loans,9753.69,97088.16,Approved
1004427,104139,Cash loans,17619.04,117985.25,Approved
1004428,100659,Revolving loans,274531.75,167484.15,Approved
1004429,109560,Revolving loans,117029.17,96585.89,Refused
1004430,108317,Consumer loans,52178.96,125797.62,Canceled
1004431,101047,Cash loans,31868.58,99426.72,Canceled
1004432,103696,Consumer loans,313503.61,80052.69,Approved
1004433,200698,Consumer loans,61724.4,252896.81,Canceled
1004434,103556,Consumer loans,588365.98,190326.26,Approved
1004435,201216,Revolving loans,46992.71,327261.8,Approved
1004436,103087,Cash loans,58537.55,54278.52,Approved
1004437,102324,Cash loans,103296.42,16640.01,Approved
1004438,102861,Consumer loans,43978.69,173954.15,Canceled
1004439,100567,Cash loans,71797.69,6468.91,Approved
1004440,201170,Revolving loans,28749.11,22001.31,Canceled
1004441,106706,Revolving loans,45421.04,194746.16,Approved
1004442,201501,Consumer loans,112862.94,257492.84,Approved
1004443,100294,Cash loans,13936.21,22322.5,Approved
1004444,105693,Consumer loans,79271.08,277130.89,Approved
1004445,101804,Consumer loans,258095.7,155033.37,Approved
1004446,104250,Cash loans,90232.65,81854.14,Approved
1004447,109246,Consumer loans,29265.96,70681.22,Refused
1004448,201990,Consumer loans,107162.97,300923.0,Approved
1004449,108163,Consumer loans,32143.94,270149.23,Approved
1004450,108800,Cash loans,19954.35,42815.32,Refused
1004451,109607,Cash loans,44451.27,95175.15,Approved
1004452,109868,Revolving loans,69409.03,94157.89,Approved
1004453,102453,Consumer loans,57371.07,30276.56,Refused
1004454,104474,Revolving loans,113819.87,39603.22,Refused
1004455,100658,Revolving loans,16368.58,310060.06,Approved
1004456,101667,Cash loans,29666.87,127858.14,Refused
1004457,200902,Consumer loans,233888.26,3710.19,Refused
1004458,103986,Cash loans,301227.88,109127.01,Refused
1004459,200067,Consumer loans,14464.66,214293.79,Approved
1004460,109867,Revolving loans,42601.77,43906.1,Refused
1004461,101042,Revolving loans,15301.93,34751.96,Approved
1004462,104438,Cash loans,68079.97,6260.05,Approved
1004463,100205,Consumer loans,46380.72,91346.45,Approved
1004464,109766,Revolving loans,4961.56,66174.89,Approved
1004465,106179,Consumer loans,156130.88,8924.22,Approved
1004466,100715,Consumer loans,20704.96,82379.15,Approved
1004467,101704,Cash loans,716.13,103820.17,Approved
1004468,109281,Consumer loans,17577.15,218679.86,Approved
1004469,109831,Consumer loans,6782.83,21835.15,Approved
1004470,201371,Consumer loans,61735.64,67512.53,Approved
1004471,201384,Revolving loans,319039.31,49293.78,Canceled
1004472,102468,Consumer loans,6250.75,40279.14,Approved
1004473,104266,Cash loans,19104.64,49414.15,Refused
1004474,102232,Consumer loans,59687.25,3273.41,Approved
1004475,106084,Consumer loans,71965.74,28144.25,Refused
1004476,107374,Cash loans,61538.63,164370.8,Canceled
1004477,105533,Consumer loans,28839.62,95155.73,Approved
1004478,109387,Cash loans,108711.93,98332.08,Refused
1004479,105422,Consumer loans,69852.27,20081.04,Refused
1004480,108525,Cash loans,3650.78,165116.84,Approved
1004481,103378,Consumer loans,5666.61,64839.28,Refused
1004482,201313,Consumer loans,223379.01,85336.84,Approved
1004483,100387,Cash loans,156473.53,75177.89,Canceled
1004484,201283,Revolving loans,98327.34,24346.82,Approved
1004485,102260,Consumer loans,143958.1,266537.07,Refused
1004486,201530,Cash loans,310012.7,30389.39,Approved
1004487,103810,Cash loans,62824.09,213312.18,Approved
1004488,102674,Revolving loans,5636.06,106147.63,Refused
1004489,107539,Cash loans,30906.15,79622.39,Approved
1004490,103816,Revolving loans,290013.73,89652.43,Approved
1004491,104277,Revolving loans,45204.48,30185.19,Approved
1004492,103148,Cash loans,14634.13,20931.14,Approved
1004493,104478,Cash loans,119217.72,117816.97,Approved
1004494,104491,Cash loans,168241.75,213037.14,Approved
1004495,201327,Cash loans,54996.0,37623.27,Approved
1004496,105837,Cash loans,51448.31,24709.9,Approved
1004497,109004,Revolving loans,281222.54,121473.06,Approved
1004498,201941,Consumer loans,123940.98,49515.08,Approved
1004499,100165,Consumer loans,44399.91,22641.89,Approved
1004500,200501,Cash loans,116308.54,205620.42,Canceled
1004501,201653,Cash loans,113553.24,134716.91,Approved
1004502,102500,Revolving loans,31993.66,25252.25,Approved
1004503,106056,Cash loans,82863.78,24110.43,Canceled
1004504,104282,Cash loans,250099.33,274331.37,Refused
1004505,107123,Consumer loans,212329.0,59712.53,Approved
1004506,101280,Cash loans,261816.4,131959.12,Approved
1004507,106741,Revolving loans,125664.71,3441.53,Refused
1004508,102518,Consumer loans,60022.28,51972.74,Canceled
1004509,106440,Consumer loans,4683.87,90765.41,Canceled
1004510,101714,Cash loans,55575.47,69976.3,Approved
1004511,102507,Cash loans,9637.8,85605.8,Approved
1004512,103675,Consumer loans,30532.36,38319.81,Approved
1004513,108719,Cash loans,68967.48,118754.36,Approved
1004514,101153,Revolving loans,143993.26,20538.34,Approved
1004515,100494,Revolving loans,110541.18,9738.37,Approved
1004516,107022,Cash loans,141370.48,12111.02,Refused
1004517,106549,Consumer loans,15536.22,129041.11,Approved
1004518,200836,Cash loans,48152.59,241722.98,Approved
1004519,101988,Consumer loans,17935.02,52844.77,Approved
1004520,103828,Revolving loans,164518.23,319208.36,Canceled
1004521,200004,Revolving loans,38178.55,48718.57,Approved
1004522,201785,Consumer loans,226882.2,288383.19,Refused
1004523,109478,Revolving loans,116010.35,231135.24,Approved
1004524,104079,Cash loans,128024.73,28667.74,Canceled
1004525,101664,Revolving loans,108471.53,102093.9,Canceled
1004526,102464,Revolving loans,212325.67,2220.02,Approved
1004527,109437,Consumer loans,485565.39,116239.65,Approved
1004528,101066,Consumer loans,26837.21,5440.58,Approved
1004529,102260,Revolving loans,47450.47,170488.19,Approved
1004530,107822,Cash loans,117694.64,107337.81,Approved
1004531,106052,Consumer loans,929.07,38909.57,Approved
1004532,108582,Cash loans,14754.94,73466.24,Approved
1004533,109356,Revolving loans,404751.82,150884.75,Approved
1004534,107370,Revolving loans,103558.99,148154.52,Canceled
1004535,100407,Revolving loans,15636.94,52034.05,Approved
1004536,108590,Consumer loans,49823.81,101277.53,Approved
1004537,107561,Cash loans,189615.1,46940.08,Approved
1004538,201701,Revolving loans,61712.52,132950.85,Approved
1004539,101276,Consumer loans,9727.05,39843.57,Approved
1004540,200174,Cash loans,18332.27,40743.58,Approved
1004541,106719,Revolving loans,61622.36,105156.17,Approved
1004542,108816,Cash loans,101267.67,6629.59,Canceled
1004543,104149,Consumer loans,284212.79,255278.83,Approved
1004544,200192,Cash loans,351586.66,33771.73,Approved
1004545,104013,Revolving loans,15379.3,80814.59,Canceled
1004546,200475,Revolving loans,74528.68,52985.59,Approved
1004547,105866,Cash loans,62456.34,69219.72,Canceled
1004548,100980,Cash loans,107156.01,302578.71,Approved
1004549,106662,Revolving loans,138641.06,12007.06,Refused
1004550,200880,Cash loans,25547.81,239843.94,Approved
1004551,201244,Consumer loans,248539.09,134990.81,Approved
1004552,107631,Consumer loans,117028.13,178392.65,Approved
1004553,107041,Cash loans,51297.81,30307.94,Canceled
1004554,107218,Cash loans,344783.85,6818.18,Approved
1004555,201838,Cash loans,164933.31,95236.32,Approved
1004556,100293,Consumer loans,186562.54,143092.21,Canceled
1004557,105905,Revolving loans,35138.89,336610.65,Approved
1004558,107949,Consumer loans,99099.4,19344.88,Canceled
1004559,106295,Consumer loans,72880.07,2288.69,Approved
1004560,100398,Cash loans,43285.89,77200.53,Approved
1004561,104863,Consumer loans,45646.52,88400.87,Approved
1004562,106836,Consumer loans,35572.17,377830.54,Approved
1004563,107990,Revolving loans,160594.65,68996.1,Canceled
1004564,201189,Cash loans,352407.54,227803.3,Approved
1004565,200170,Revolving loans,13672.65,333368.58,Approved
1004566,100810,Revolving loans,62027.44,7599.09,Approved
1004567,107464,Cash loans,20782.67,40740.74,Canceled
1004568,109547,Revolving loans,1809.82,28346.88,Refused
1004569,109747,Revolving loans,41239.62,90252.44,Approved
1004570,102053,Consumer loans,105419.96,159972.51,Approved
1004571,103307,Revolving loans,9076.58,76763.37,Refused
1004572,109101,Revolving loans,117929.43,46024.12,Refused
1004573,103982,Revolving loans,67622.74,42714.27,Refused
1004574,108010,Revolving loans,95968.58,7709.26,Approved
1004575,106866,Consumer loans,39142.89,110573.4,Canceled
1004576,200283,Consumer loans,79229.37,107106.78,Approved
1004577,100314,Revolving loans,119820.81,156993.77,Approved
1004578,100403,Revolving loans,163566.47,83701.55,Approved
1004579,102377,Consumer loans,77024.6,42260.8,Approved
1004580,101675,Cash loans,162182.72,101993.65,Canceled
1004581,104740,Revolving loans,76915.66,110203.61,Approved
1004582,104834,Revolving loans,11084.0,78332.88,Approved
1004583,100384,Cash loans,133252.43,57024.07,Approved
1004584,106546,Cash loans,66530.22,48605.23,Refused
1004585,103114,Consumer loans,121177.61,42787.79,Approved
1004586,102240,Revolving loans,18340.06,54513.71,Canceled
1004587,100138,Cash loans,24681.45,90336.38,Approved
1004588,103832,Revolving loans,36228.88,280681.08,Refused
1004589,201859,Cash loans,40487.7,12502.81,Approved
1004590,107561,Cash loans,221249.35,14388.17,Approved
1004591,103898,Revolving loans,128855.97,130604.37,Approved
1004592,102752,Revolving loans,40029.85,5989.61,Approved
1004593,107139,Cash loans,7722.82,39886.43,Approved
1004594,104475,Cash loans,141565.23,110235.75,Approved
1004595,200224,Consumer loans,365415.78,9712.49,Approved
1004596,105937,Consumer loans,134655.08,15264.88,Refused
1004597,200460,Cash loans,19034.65,25351.35,Approved
1004598,104116,Consumer loans,142429.78,171163.95,Approved
1004599,107658,Revolving loans,29848.96,20257.9,Approved
1004600,104831,Cash loans,82173.63,117339.95,Canceled
1004601,102472,Cash loans,257643.07,227542.25,Approved
1004602,102672,Consumer loans,200875.28,252286.39,Canceled
1004603,109091,Revolving loans,139135.74,35946.19,Approved
1004604,201054,Consumer loans,47896.57,73651.76,Canceled
1004605,104032,Revolving loans,15330.74,61779.49,Approved
1004606,106485,Revolving loans,61485.31,139975.05,Refused
1004607,107862,Revolving loans,171244.86,57696.8,Approved
1004608,105961,Revolving loans,252954.8,223281.93,Approved
1004609,106121,Cash loans,144843.36,446021.83,Refused
1004610,103665,Cash loans,204762.2,292818.71,Approved
1004611,106406,Consumer loans,156553.3,202040.6,Canceled
1004612,106388,Revolving loans,324427.95,90347.7,Refused
1004613,201049,Consumer loans,4372.66,56576.61,Approved
1004614,102279,Consumer loans,4300.95,285000.76,Approved
1004615,108143,Consumer loans,115738.92,13362.59,Approved
1004616,102458,Cash loans,12923.77,13753.3,Refused
1004617,107791,Consumer loans,165755.52,74429.51,Approved
1004618,103751,Cash loans,52613.16,91110.09,Approved
1004619,108952,Revolving loans,25532.88,75543.44,Refused
1004620,109935,Cash loans,7079.1,51090.17,Approved
1004621,106398,Cash loans,231853.17,282146.41,Refused
1004622,107934,Consumer loans,13710.46,293050.4,Approved
1004623,106104,Consumer loans,111503.6,112787.21,Approved
1004624,102304,Consumer loans,92251.01,224270.19,Refused
1004625,105652,Consumer loans,54170.19,116770.22,Approved
1004626,107123,Revolving loans,612500.41,87540.17,Approved
1004627,103229,Revolving loans,38586.9,141214.46,Approved
1004628,100489,Consumer loans,227889.82,263248.62,Refused
1004629,105960,Cash loans,24202.34,136859.36,Approved
1004630,100919,Revolving loans,129820.73,38132.48,Approved
1004631,201189,Consumer loans,238954.67,372.98,Refused
1004632,107486,Consumer loans,255659.47,171250.86,Approved
1004633,100427,Consumer loans,81142.75,156110.33,Approved
1004634,107847,Revolving loans,9448.19,27578.5,Canceled
1004635,103068,Cash loans,44025.01,158994.45,Approved
1004636,108699,Cash loans,9903.56,86437.84,Refused
1004637,100391,Revolving loans,28518.97,212410.04,Approved
1004638,108493,Consumer loans,129528.58,87145.43,Approved
1004639,100210,Revolving loans,16071.17,8566.72,Refused
1004640,106389,Revolving loans,84043.32,43741.52,Approved
1004641,103620,Cash loans,23238.54,353432.86,Approved
1004642,101006,Revolving loans,31936.16,3212.03,Approved
1004643,108046,Consumer loans,191174.08,29162.91,Approved
1004644,201906,Consumer loans,16383.64,197060.1,Canceled
1004645,104643,Cash loans,132659.92,130677.75,Canceled
1004646,108200,Cash loans,13646.66,92064.69,Refused
1004647,102757,Revolving loans,21699.46,45790.79,Refused
1004648,107081,Revolving loans,336246.73,88760.83,Approved
1004649,109110,Revolving loans,206990.43,27355.99,Approved
1004650,102234,Revolving loans,311311.51,7523.47,Refused
1004651,101385,Revolving loans,49721.22,42476.77,Refused
1004652,101560,Cash loans,226244.89,97919.86,Approved
1004653,102814,Consumer loans,49466.37,215260.44,Refused
1004654,107127,Consumer loans,6671.43,4759.86,Refused
1004655,108788,Revolving loans,29111.97,96173.66,Approved
1004656,109614,Cash loans,28025.84,109056.31,Canceled
1004657,107624,Revolving loans,112466.86,26139.52,Approved
1004658,104250,Revolving loans,116198.97,47764.68,Approved
1004659,102719,Consumer loans,25977.19,11072.07,Approved
1004660,105604,Consumer loans,347707.54,148743.81,Refused
1004661,201233,Revolving loans,12395.55,947.38,Refused
1004662,109410,Consumer loans,12622.49,37118.1,Canceled
1004663,104445,Revolving loans,71337.02,63605.77,Canceled
1004664,108692,Revolving loans,5088.43,195892.46,Approved
1004665,101435,Revolving loans,10710.24,58645.93,Approved
1004666,109219,Cash loans,612677.74,137798.33,Refused
1004667,100963,Cash loans,224950.43,63591.1,Canceled
1004668,106773,Cash loans,405572.29,184725.43,Refused
1004669,105937,Consumer loans,79184.2,128483.3,Approved
1004670,109680,Consumer loans,20165.61,86246.48,Canceled
1004671,104893,Revolving loans,17374.72,6669.01,Approved
1004672,107026,Revolving loans,69962.65,84792.49,Approved
1004673,102209,Cash loans,232089.0,107457.59,Canceled
1004674,200360,Consumer loans,35354.97,107467.18,Canceled
1004675,100555,Cash loans,7661.69,3947.31,Canceled
1004676,107828,Cash loans,201065.77,172874.3,Refused
1004677,200393,Consumer loans,158479.69,103282.56,Approved
1004678,200357,Revolving loans,27406.06,91830.96,Refused
1004679,105383,Cash loans,45051.71,118276.28,Approved
1004680,201492,Cash loans,7682.66,99863.98,Refused
1004681,107488,Revolving loans,90074.34,87540.39,Refused
1004682,200369,Consumer loans,90249.49,129296.53,Approved
1004683,102609,Cash loans,142733.87,31764.98,Approved
1004684,200553,Cash loans,30441.63,11389.14,Approved
1004685,100754,Consumer loans,444.04,77060.84,Canceled
1004686,100600,Revolving loans,188738.6,69547.68,Approved
1004687,109641,Revolving loans,139835.84,25438.45,Approved
1004688,101636,Cash loans,35641.29,59875.81,Canceled
1004689,104000,Cash loans,256918.98,240050.06,Canceled
1004690,201319,Consumer loans,37941.4,29471.33,Approved
1004691,107119,Revolving loans,140515.25,227892.52,Approved
1004692,103685,Revolving loans,71118.06,20103.46,Approved
1004693,101757,Consumer loans,37426.88,33409.65,Approved
1004694,200782,Consumer loans,1533.05,76670.35,Refused
1004695,103568,Consumer loans,117823.94,101058.44,Approved
1004696,106790,Cash loans,12184.23,171921.58,Approved
1004697,200289,Cash loans,48481.66,207083.45,Canceled
1004698,102817,Consumer loans,77656.8,49766.06,Approved
1004699,105379,Revolving loans,139981.91,89325.0,Refused
1004700,106691,Revolving loans,55901.1,63609.7,Refused
1004701,106648,Revolving loans,1413.01,221941.37,Refused
1004702,104351,Revolving loans,15679.82,57907.04,Approved
1004703,103015,Consumer loans,30581.36,38870.56,Canceled
1004704,100716,Consumer loans,117358.32,56783.77,Approved
1004705,200651,Consumer loans,107238.7,22263.01,Refused
1004706,108759,Revolving loans,127946.58,52450.77,Refused
1004707,101570,Consumer loans,24415.59,5088.2,Refused
1004708,101415,Revolving loans,486366.6,115371.69,Approved
1004709,102359,Revolving loans,80695.67,287100.05,Approved
1004710,103716,Revolving loans,97184.2,132122.36,Approved
1004711,104422,Revolving loans,29145.5,35682.2,Approved
1004712,107109,Cash loans,86183.91,30015.69,Approved
1004713,201741,Cash loans,169519.08,355708.89,Approved
1004714,108716,Consumer loans,263414.34,78080.55,Approved
1004715,102461,Cash loans,19789.01,36236.49,Approved
1004716,109717,Revolving loans,125859.13,37271.88,Canceled
1004717,105391,Revolving loans,19541.51,185335.76,Refused
1004718,102691,Cash loans,147557.44,457659.78,Refused
1004719,201238,Cash loans,171298.96,8250.17,Refused
1004720,107734,Consumer loans,46667.25,54823.86,Approved
1004721,104879,Revolving loans,198320.86,120692.34,Canceled
1004722,104243,Cash loans,333932.16,151051.03,Refused
1004723,105323,Consumer loans,99157.38,185548.93,Canceled
1004724,107145,Cash loans,24564.16,33990.21,Approved
1004725,102076,Revolving loans,12993.49,3007.57,Approved
1004726,201501,Cash loans,149902.51,219617.87,Canceled
1004727,108283,Revolving loans,9951.0,87732.4,Approved
1004728,105894,Cash loans,13958.0,24424.7,Approved
1004729,100893,Cash loans,37675.18,44059.11,Approved
1004730,109305,Revolving loans,32689.07,291046.01,Approved
1004731,103043,Revolving loans,75817.67,57631.31,Approved
1004732,107794,Consumer loans,123403.76,83026.57,Refused
1004733,201954,Revolving loans,71445.59,435543.66,Refused
1004734,201685,Cash loans,95758.96,462566.82,Refused
1004735,105075,Revolving loans,26068.08,479799.16,Canceled
1004736,104639,Revolving loans,130842.02,160892.47,Canceled
1004737,101203,Cash loans,56755.95,156715.37,Approved
1004738,107037,Cash loans,100973.38,140539.98,Approved
1004739,201573,Revolving loans,117291.32,12307.34,Approved
1004740,103615,Cash loans,68135.91,547187.18,Approved
1004741,102741,Cash loans,22484.23,53332.35,Canceled
1004742,104428,Revolving loans,173098.78,31135.64,Refused
1004743,200198,Consumer loans,15184.09,18211.07,Approved
1004744,106709,Revolving loans,259222.15,4679.75,Approved
1004745,103082,Consumer loans,7443.78,30596.05,Canceled
1004746,105242,Consumer loans,170241.97,90420.27,Approved
1004747,108007,Cash loans,213421.09,533.88,Approved
1004748,109259,Cash loans,162532.08,7502.23,Approved
1004749,100231,Consumer loans,70277.28,235000.18,Approved
1004750,102720,Consumer loans,61190.33,258089.92,Refused
1004751,105351,Revolving loans,182956.43,153892.52,Canceled
1004752,106131,Revolving loans,746.14,334354.85,Approved
1004753,201928,Consumer loans,26591.73,98666.51,Refused
1004754,101985,Cash loans,77782.98,93009.84,Canceled
1004755,108678,Cash loans,207876.89,50512.44,Approved
1004756,103676,Cash loans,37477.95,103868.69,Canceled
1004757,109022,Revolving loans,4596.92,22291.43,Canceled
1004758,106010,Consumer loans,172738.66,294192.75,Approved
1004759,109480,Cash loans,129095.99,150226.59,Approved
1004760,104339,Cash loans,346044.22,61379.59,Approved
1004761,102333,Consumer loans,6141.41,86180.16,Canceled
1004762,102079,Revolving loans,134149.04,298251.05,Approved
1004763,104525,Cash loans,27559.55,109596.93,Approved
1004764,102125,Cash loans,69460.34,38550.22,Approved
1004765,100094,Revolving loans,34532.84,23470.84,Approved
1004766,104695,Revolving loans,163566.43,238406.71,Approved
1004767,100926,Revolving loans,25151.42,102995.46,Refused
1004768,100591,Consumer loans,184035.59,43131.47,Refused
1004769,107139,Revolving loans,48062.86,36075.46,Canceled
1004770,101389,Cash loans,76051.3,46391.47,Approved
1004771,201068,Cash loans,16081.85,41754.31,Approved
1004772,106903,Consumer loans,153732.55,59623.88,Canceled
1004773,201022,Cash loans,127966.3,30799.27,Canceled
1004774,107491,Revolving loans,10620.56,67786.52,Canceled
1004775,105671,Revolving loans,65829.32,126001.84,Canceled
1004776,102458,Consumer loans,71061.79,338737.25,Approved
1004777,105288,Consumer loans,218872.23,77652.94,Refused
1004778,201687,Cash loans,258635.2,24668.32,Approved
1004779,102856,Consumer loans,18367.15,60270.69,Approved
1004780,107294,Consumer loans,168713.75,66581.14,Canceled
1004781,200546,Revolving loans,2266.73,6959.94,Refused
1004782,105816,Consumer loans,136496.8,109661.52,Approved
1004783,201674,Revolving loans,6307.56,27814.78,Approved
1004784,109646,Revolving loans,86015.99,27468.48,Refused
1004785,101730,Consumer loans,57511.56,57143.57,Approved
1004786,102662,Revolving loans,306031.91,118002.08,Refused
1004787,102910,Consumer loans,12238.98,83820.28,Refused
1004788,106158,Consumer loans,278285.34,246286.45,Refused
1004789,104855,Consumer loans,79441.19,82286.0,Approved
1004790,105484,Revolving loans,71307.98,237907.53,Refused
1004791,109279,Consumer loans,148903.32,122145.79,Canceled
1004792,101717,Revolving loans,48515.9,353992.4,Approved
1004793,102647,Cash loans,181226.65,33743.15,Approved
1004794,200782,Cash loans,5330.99,150972.29,Approved
1004795,201458,Revolving loans,79703.51,107181.9,Canceled
1004796,104918,Cash loans,228577.16,198399.19,Approved
1004797,102997,Cash loans,46452.67,93031.96,Approved
1004798,106007,Consumer loans,74268.31,311417.51,Approved
1004799,109417,Cash loans,8027.44,202731.85,Approved
1004800,105094,Cash loans,88907.6,165754.11,Approved
1004801,101845,Consumer loans,196380.23,431832.03,Refused
1004802,105609,Revolving loans,91894.69,97516.5,Refused
1004803,201538,Cash loans,114265.74,67468.28,Refused
1004804,200166,Consumer loans,40495.38,21942.75,Approved
1004805,109087,Revolving loans,66565.73,371918.77,Refused
1004806,106871,Revolving loans,37480.17,162949.69,Approved
1004807,101681,Revolving loans,48916.13,5816.34,Refused
1004808,105382,Cash loans,59834.73,91202.39,Approved
1004809,201383,Cash loans,65126.08,606833.39,Approved
1004810,100535,Revolving loans,155868.19,109705.28,Approved
1004811,105860,Revolving loans,39453.76,139806.64,Approved
1004812,201013,Revolving loans,27398.09,165827.94,Approved
1004813,100583,Cash loans,74016.09,25419.16,Approved
1004814,106943,Cash loans,32879.4,102521.85,Canceled
1004815,200853,Cash loans,75681.73,43355.7,Refused
1004816,201125,Revolving loans,101222.36,507888.06,Approved
1004817,201213,Cash loans,213981.97,166090.77,Refused
1004818,200845,Cash loans,69909.4,68421.94,Canceled
1004819,200149,Cash loans,98747.31,48467.89,Canceled
1004820,105475,Cash loans,49377.56,15669.41,Approved
1004821,101391,Cash loans,186118.46,74200.87,Canceled
1004822,200135,Consumer loans,134113.47,101523.27,Canceled
1004823,105442,Revolving loans,85660.03,48225.8,Canceled
1004824,109678,Consumer loans,190326.6,37138.7,Canceled
1004825,102355,Consumer loans,72029.2,64216.12,Approved
1004826,105433,Consumer loans,40168.98,412438.2,Approved
1004827,102975,Cash loans,10520.8,53945.43,Canceled
1004828,108336,Consumer loans,12080.56,19827.08,Approved
1004829,105351,Consumer loans,72448.08,37482.3,Approved
1004830,108055,Revolving loans,3946.93,144843.36,Canceled
1004831,201187,Revolving loans,14807.7,71164.05,Canceled
1004832,102212,Cash loans,40050.0,60168.8,Canceled
1004833,105466,Consumer loans,32906.15,64531.29,Approved
1004834,103331,Consumer loans,11230.25,195768.92,Refused
1004835,102627,Consumer loans,9436.36,29633.23,Approved
1004836,200498,Consumer loans,58050.3,184504.71,Refused
1004837,106043,Revolving loans,629329.4,149953.39,Approved
1004838,105315,Revolving loans,21277.05,126189.89,Canceled
1004839,102709,Consumer loans,63023.34,20416.32,Approved
1004840,101030,Cash loans,18609.97,97460.67,Approved
1004841,105251,Revolving loans,56312.34,83130.63,Approved
1004842,108922,Cash loans,2697.53,94689.67,Approved
1004843,100067,Consumer loans,253159.14,34111.76,Refused
1004844,104015,Revolving loans,64020.01,52951.25,Approved
1004845,102827,Consumer loans,165462.16,55315.7,Canceled
1004846,104298,Consumer loans,366367.4,71790.33,Refused
1004847,109031,Consumer loans,285367.89,15545.4,Approved
1004848,109379,Cash loans,152463.25,57061.81,Approved
1004849,100962,Revolving loans,116044.53,251433.19,Canceled
1004850,101749,Cash loans,624628.26,46628.31,Refused
1004851,201305,Cash loans,34355.13,59352.16,Approved
1004852,106410,Cash loans,1319.4,225691.15,Approved
1004853,104096,Cash loans,119976.79,46959.59,Approved
1004854,105797,Consumer loans,22128.34,54606.79,Approved
1004855,106913,Consumer loans,94587.4,11999.47,Refused
1004856,105887,Consumer loans,104676.75,153881.1,Approved
1004857,109666,Revolving loans,91682.11,501825.85,Approved
1004858,100702,Revolving loans,43637.58,163445.4,Canceled
1004859,104708,Cash loans,307631.62,48744.72,Approved
1004860,200413,Revolving loans,107413.01,509526.32,Approved
1004861,101188,Cash loans,117644.89,106857.33,Approved
1004862,201258,Consumer loans,73891.03,237876.87,Canceled
1004863,201234,Cash loans,205285.73,89562.88,Canceled
1004864,101102,Cash loans,52793.22,4.79,Approved
1004865,107911,Revolving loans,371004.87,125002.81,Approved
1004866,105409,Revolving loans,172707.25,219673.24,Approved
1004867,106332,Consumer loans,269339.43,45261.49,Refused
1004868,102792,Revolving loans,204758.29,38004.6,Approved
1004869,108296,Cash loans,47130.83,9767.42,Approved
1004870,101598,Cash loans,171330.53,47773.02,Canceled
1004871,102700,Consumer loans,231103.34,140307.91,Approved
1004872,106408,Cash loans,78727.36,82188.24,Approved
1004873,201327,Cash loans,45428.7,56318.63,Approved
1004874,104738,Cash loans,77168.44,75312.87,Approved
1004875,102778,Revolving loans,16852.02,306119.52,Refused
1004876,106313,Revolving loans,17001.49,23938.79,Approved
1004877,102072,Cash loans,40659.29,102860.96,Approved
1004878,201714,Revolving loans,312977.51,59989.35,Approved
1004879,104097,Revolving loans,64603.73,271297.24,Refused
1004880,101734,Revolving loans,19199.35,29938.26,Approved
1004881,107377,Consumer loans,234775.14,182628.28,Canceled
1004882,109954,Consumer loans,61660.36,98869.46,Canceled
1004883,104735,Cash loans,156779.01,116665.63,Approved
1004884,108361,Consumer loans,217369.82,800705.48,Canceled
1004885,103841,Consumer loans,190144.56,270213.6,Canceled
1004886,107285,Cash loans,255610.87,359167.94,Canceled
1004887,103919,Consumer loans,41765.64,448318.94,Refused
1004888,200970,Revolving loans,73386.62,207498.23,Refused
1004889,102019,Consumer loans,60954.65,129349.9,Approved
1004890,107959,Consumer loans,228445.26,163702.01,Approved
1004891,100529,Revolving loans,2007.04,36360.68,Approved
1004892,200205,Revolving loans,420540.75,397959.37,Approved
1004893,108116,Cash loans,358077.0,35853.4,Approved
1004894,104448,Revolving loans,218611.18,182121.1,Approved
1004895,200806,Consumer loans,23051.56,163144.96,Approved
1004896,104361,Cash loans,21458.37,91005.37,Approved
1004897,108574,Revolving loans,46221.15,5678.23,Approved
1004898,101977,Consumer loans,53645.59,32820.16,Approved
1004899,102362,Cash loans,33179.9,99315.15,Approved
1004900,201340,Revolving loans,184049.89,272338.66,Canceled
1004901,109076,Revolving loans,53405.23,144353.6,Refused
1004902,102499,Cash loans,134988.08,74669.65,Approved
1004903,201342,Cash loans,20062.15,117079.2,Canceled
1004904,105444,Consumer loans,169837.32,32123.14,Approved
1004905,108787,Consumer loans,148777.2,184237.37,Refused
1004906,107594,Consumer loans,29510.53,342776.29,Refused
1004907,105184,Consumer loans,9223.56,8831.22,Refused
1004908,105338,Consumer loans,283247.94,410650.42,Refused
1004909,109415,Revolving loans,123101.78,159641.69,Refused
1004910,100743,Revolving loans,49474.48,30881.54,Refused
1004911,101605,Revolving loans,45451.07,271856.9,Approved
1004912,100591,Revolving loans,83026.95,7175.8,Approved
1004913,102837,Cash loans,100819.69,115434.0,Approved
1004914,200515,Revolving loans,270050.42,64597.53,Approved
1004915,105998,Consumer loans,279998.01,39059.73,Approved
1004916,102802,Revolving loans,4894.95,454226.92,Refused
1004917,108366,Cash loans,16722.34,337361.27,Approved
1004918,104918,Consumer loans,195535.96,143906.23,Approved
1004919,201453,Revolving loans,37821.84,14707.79,Canceled
1004920,104077,Cash loans,39367.89,54660.54,Approved
1004921,107475,Cash loans,106158.14,3263.66,Refused
1004922,201933,Consumer loans,22096.25,123737.0,Approved
1004923,106447,Revolving loans,93632.67,68251.8,Canceled
1004924,101265,Revolving loans,4647.43,130674.8,Approved
1004925,101800,Consumer loans,31264.0,74343.77,Approved
1004926,102194,Consumer loans,160881.76,481868.04,Approved
1004927,200406,Consumer loans,5639.0,222160.48,Approved
1004928,109174,Consumer loans,113154.03,122848.82,Approved
1004929,105519,Consumer loans,162490.58,94085.2,Approved
1004930,200304,Revolving loans,19836.41,49992.61,Approved
1004931,109816,Cash loans,24220.22,75426.38,Approved
1004932,104758,Cash loans,75694.13,31389.45,Refused
1004933,103047,Cash loans,63542.4,245605.36,Approved
1004934,104484,Cash loans,62223.23,157241.76,Approved
1004935,102480,Cash loans,46230.29,160020.17,Approved
1004936,102334,Consumer loans,9618.56,116497.2,Approved
1004937,105591,Consumer loans,105099.04,21164.62,Refused
1004938,101021,Cash loans,207590.81,55527.3,Approved
1004939,107695,Consumer loans,34366.4,20457.83,Approved
1004940,104700,Cash loans,98043.76,422472.82,Approved
1004941,104538,Consumer loans,89255.23,189740.92,Approved
1004942,105415,Consumer loans,200682.84,19421.42,Canceled
1004943,103004,Revolving loans,197754.95,39064.21,Canceled
1004944,107651,Cash loans,224819.62,46240.06,Approved
1004945,103693,Consumer loans,274929.47,77956.5,Approved
1004946,201798,Consumer loans,47080.19,36414.77,Approved
1004947,200677,Consumer loans,53565.31,158609.94,Approved
1004948,201377,Cash loans,88344.09,77730.74,Refused
1004949,107828,Revolving loans,135227.6,246975.5,Refused
1004950,103330,Revolving loans,109293.26,13090.56,Approved
1004951,107374,Consumer loans,107830.31,556619.01,Approved
1004952,201372,Revolving loans,241986.96,117213.03,Approved
1004953,102248,Cash loans,26872.03,8627.89,Canceled
1004954,101326,Revolving loans,107328.14,25462.96,Approved
1004955,201919,Revolving loans,64530.17,125459.63,Approved
1004956,109909,Revolving loans,98131.76,63314.9,Approved
1004957,102529,Revolving loans,13567.3,14983.6,Approved
1004958,101771,Revolving loans,52544.98,142749.04,Approved
1004959,102626,Consumer loans,89250.93,199787.38,Approved
1004960,109843,Revolving loans,27723.42,6282.96,Approved
1004961,200175,Consumer loans,16819.56,142804.9,Approved
1004962,106060,Revolving loans,1561.63,154173.26,Approved
1004963,104616,Consumer loans,1474.84,322197.02,Canceled
1004964,108805,Cash loans,103707.6,279777.28,Refused
1004965,200054,Revolving loans,16719.45,152207.62,Approved
1004966,108886,Cash loans,76417.21,215906.17,Approved
1004967,104693,Cash loans,59546.47,22633.72,Approved
1004968,105314,Revolving loans,14822.25,160435.64,Approved
1004969,201988,Consumer loans,32202.74,227618.02,Approved
1004970,100824,Consumer loans,68395.97,410305.25,Refused
1004971,108539,Revolving loans,263627.84,3009.51,Approved
1004972,200219,Revolving loans,126057.65,168785.14,Refused
1004973,101950,Cash loans,1188.71,110952.34,Refused
1004974,104054,Consumer loans,25190.03,250274.3,Approved
1004975,109413,Revolving loans,13071.83,28912.42,Refused
1004976,109994,Cash loans,182402.97,74914.49,Approved
1004977,106191,Consumer loans,5405.92,197681.93,Approved
1004978,201007,Cash loans,121721.46,322530.6,Approved
1004979,109833,Revolving loans,102981.56,78312.4,Approved
1004980,108361,Consumer loans,20512.07,56625.39,Approved
1004981,105793,Revolving loans,89998.97,8800.92,Refused
1004982,106443,Cash loans,180435.43,41588.99,Refused
1004983,109692,Cash loans,85247.19,243287.75,Approved
1004984,100513,Revolving loans,140748.83,203526.74,Refused
1004985,106421,Revolving loans,283754.38,135583.64,Approved
1004986,108379,Revolving loans,230394.01,176271.81,Approved
1004987,109557,Revolving loans,115909.53,29595.3,Refused
1004988,101758,Revolving loans,32584.62,103317.92,Approved
1004989,102290,Revolving loans,204083.44,170101.02,Canceled
1004990,105934,Consumer loans,19680.54,19921.64,Refused
1004991,107805,Cash loans,16701.32,51173.84,Canceled
1004992,106244,Cash loans,256665.6,76839.74,Refused
1004993,107762,Consumer loans,205893.26,121940.63,Canceled
1004994,107012,Revolving loans,89067.67,2067.82,Approved
1004995,109839,Cash loans,130336.39,36267.67,Approved
1004996,105891,Consumer loans,97766.31,282078.35,Refused
1004997,109767,Revolving loans,61990.38,45178.59,Canceled
1004998,200341,Consumer loans,157552.64,186174.6,Approved
1004999,102861,Consumer loans,1583.21,46301.59,Refused
1005000,100859,Cash loans,56724.98,56317.94,Canceled
1005001,105033,Cash loans,94028.34,77954.64,Approved
1005002,105190,Consumer loans,214851.25,8899.49,Approved
1005003,109970,Consumer loans,15726.48,65447.62,Approved
1005004,106417,Cash loans,186563.33,16617.95,Approved
1005005,201008,Consumer loans,96436.31,178150.78,Approved
1005006,107436,Consumer loans,35216.39,120012.39,Canceled
1005007,200140,Cash loans,14936.65,11980.29,Canceled
1005008,107026,Cash loans,69264.25,80588.07,Canceled
1005009,104767,Consumer loans,101463.88,92089.04,Approved
1005010,200350,Revolving loans,161924.85,51742.16,Canceled
1005011,101397,Cash loans,51835.64,195173.23,Approved
1005012,102455,Cash loans,207690.78,280433.0,Approved
1005013,101618,Consumer loans,720.99,227618.13,Approved
1005014,104161,Consumer loans,83701.45,87955.3,Canceled
1005015,101667,Cash loans,36907.81,280489.25,Approved
1005016,104066,Consumer loans,43768.26,106485.65,Canceled
1005017,108847,Cash loans,436.98,83112.35,Approved
1005018,103349,Cash loans,33868.6,147865.3,Refused
1005019,200413,Cash loans,232450.03,179651.86,Canceled
1005020,101853,Cash loans,77955.79,101843.94,Canceled
1005021,200736,Cash loans,49189.29,134437.45,Approved
1005022,201998,Consumer loans,50865.78,27781.23,Approved
1005023,104677,Revolving loans,75293.77,15955.09,Approved
1005024,201323,Consumer loans,98807.4,1551.54,Approved
1005025,103798,Consumer loans,8612.37,9276.11,Approved
1005026,107284,Consumer loans,34958.02,204838.08,Approved
1005027,102957,Cash loans,92655.42,182779.06,Approved
1005028,104961,Consumer loans,1878.48,155236.86,Approved
1005029,109844,Revolving loans,161303.07,22020.57,Approved
1005030,109587,Revolving loans,360390.19,114413.5,Refused
1005031,101982,Consumer loans,335371.43,6380.17,Approved
1005032,200371,Cash loans,22272.16,8129.45,Approved
1005033,100466,Revolving loans,49797.79,340635.84,Canceled
1005034,201683,Consumer loans,51180.12,93332.11,Approved
1005035,200044,Revolving loans,27026.27,49078.73,Approved
1005036,103468,Cash loans,84604.64,27776.72,Approved
1005037,103267,Consumer loans,231404.58,73750.05,Approved
1005038,200481,Consumer loans,208740.74,92890.34,Refused
1005039,101338,Consumer loans,490796.99,42156.55,Refused
1005040,201062,Consumer loans,243847.1,246633.21,Refused
1005041,109008,Revolving loans,25366.13,380910.5,Refused
1005042,106038,Cash loans,14366.4,440084.02,Canceled
1005043,201835,Cash loans,29870.78,212491.55,Approved
1005044,101598,Cash loans,29417.8,76626.01,Approved
1005045,101180,Revolving loans,67256.54,2905.96,Approved
1005046,106612,Cash loans,35106.71,358092.18,Refused
1005047,100593,Revolving loans,41288.56,61713.9,Approved
1005048,200049,Cash loans,114110.51,658.44,Approved
1005049,103039,Revolving loans,138126.54,106424.01,Refused
1005050,105608,Cash loans,38885.84,97558.59,Approved
1005051,102463,Consumer loans,85931.8,159717.24,Approved
1005052,102050,Consumer loans,48483.63,53615.92,Refused
1005053,108427,Consumer loans,69613.31,7462.27,Approved
1005054,200280,Cash loans,81090.33,9268.09,Canceled
1005055,102695,Revolving loans,41461.09,121026.52,Approved
1005056,109890,Consumer loans,374562.2,220126.33,Approved
1005057,101528,Cash loans,2340.78,152552.41,Refused
1005058,101905,Cash loans,96297.62,101050.83,Approved
1005059,105053,Consumer loans,25058.87,105897.7,Canceled
1005060,201478,Cash loans,85243.81,312452.89,Refused
1005061,201191,Revolving loans,8352.73,48414.08,Approved
1005062,101438,Cash loans,189741.08,12216.69,Approved
1005063,200380,Cash loans,354612.51,182267.49,Refused
1005064,101732,Revolving loans,19822.5,59179.29,Refused
1005065,104841,Revolving loans,150082.88,291152.72,Canceled
1005066,103840,Consumer loans,53997.88,11041.64,Approved
1005067,109080,Cash loans,189408.72,102837.83,Approved
1005068,106706,Consumer loans,303869.34,13776.54,Canceled
1005069,103591,Revolving loans,3343.64,116022.0,Approved
1005070,101894,Revolving loans,2620.73,201373.02,Approved
1005071,102758,Consumer loans,276369.61,238446.5,Approved
1005072,102530,Revolving loans,31467.01,284552.48,Approved
1005073,109296,Revolving loans,287393.12,88335.38,Approved
1005074,104245,Cash loans,240123.57,137701.38,Approved
1005075,107111,Cash loans,144815.67,344882.76,Approved
1005076,109893,Consumer loans,53117.13,32131.93,Approved
1005077,106209,Consumer loans,13360.67,61406.17,Approved
1005078,104866,Consumer loans,139109.36,163597.08,Canceled
1005079,200519,Revolving loans,7855.45,17482.78,Refused
1005080,106723,Consumer loans,15928.91,118087.82,Approved
1005081,104801,Consumer loans,37781.0,128995.14,Refused
1005082,103425,Consumer loans,18101.3,129633.8,Approved
1005083,102157,Consumer loans,162209.97,35469.8,Approved
1005084,108339,Cash loans,71614.03,52481.3,Refused
1005085,109709,Cash loans,2640.04,38059.77,Refused
1005086,102183,Cash loans,15712.04,297365.18,Approved
1005087,109253,Revolving loans,146241.59,14968.73,Approved
1005088,108603,Consumer loans,47426.36,9275.95,Approved
1005089,107325,Cash loans,32831.24,212.48,Approved
1005090,103282,Consumer loans,49443.99,217641.91,Canceled
1005091,107548,Consumer loans,118262.77,6854.61,Canceled
1005092,107955,Consumer loans,93595.61,17953.0,Approved
1005093,103388,Revolving loans,186224.92,75243.85,Approved
1005094,107892,Cash loans,2585.13,27395.04,Approved
1005095,105260,Revolving loans,32032.14,226370.08,Approved
1005096,102620,Cash loans,107207.16,151079.23,Approved
1005097,102810,Cash loans,116656.07,117572.6,Refused
1005098,100785,Cash loans,15583.16,376724.35,Canceled
1005099,104819,Cash loans,78303.14,49110.66,Canceled
1005100,108325,Cash loans,39510.86,86705.6,Refused
1005101,200785,Cash loans,3728.85,193342.46,Approved
1005102,100674,Consumer loans,84334.64,136588.96,Approved
1005103,108073,Cash loans,79928.95,27923.28,Approved
1005104,200160,Consumer loans,224650.76,97693.99,Approved
1005105,200859,Consumer loans,52495.39,18172.96,Approved
1005106,102116,Consumer loans,66600.62,232686.65,Canceled
1005107,200905,Consumer loans,59800.99,8401.72,Refused
1005108,103362,Cash loans,35412.95,15161.13,Canceled
1005109,107477,Cash loans,8560.99,38860.22,Approved
1005110,201050,Consumer loans,55767.21,308244.74,Approved
1005111,109174,Cash loans,31083.21,49288.41,Approved
1005112,109223,Cash loans,139573.29,174368.96,Canceled
1005113,105766,Cash loans,88457.47,5757.79,Approved
1005114,104851,Revolving loans,287465.26,215985.67,Approved
1005115,201036,Revolving loans,12238.37,75690.83,Approved
1005116,105814,Cash loans,17253.27,47327.37,Approved
1005117,105005,Revolving loans,125715.0,149361.33,Approved
1005118,103092,Revolving loans,2834.23,27033.22,Approved
1005119,100232,Revolving loans,100108.0,9002.39,Refused
1005120,107987,Cash loans,15129.66,49860.69,Approved
1005121,105603,Revolving loans,18792.99,4654.1,Approved
1005122,104538,Cash loans,1030.25,129965.61,Approved
1005123,103686,Consumer loans,218714.99,966.98,Approved
1005124,107848,Consumer loans,44254.21,141460.44,Approved
1005125,101350,Consumer loans,92655.35,215948.9,Approved
1005126,103308,Revolving loans,229654.39,344005.67,Approved
1005127,109893,Revolving loans,345774.55,233915.65,Approved
1005128,104686,Revolving loans,15069.29,21362.19,Approved
1005129,106578,Cash loans,14603.61,27114.45,Approved
1005130,201608,Revolving loans,43532.63,98537.91,Canceled
1005131,100399,Consumer loans,166150.01,71783.96,Approved
1005132,102782,Consumer loans,197564.11,9076.72,Refused
1005133,103242,Revolving loans,134659.89,14192.42,Approved
1005134,104426,Consumer loans,25053.92,1242.52,Approved
1005135,200300,Cash loans,15115.15,110358.78,Refused
1005136,104194,Cash loans,58588.23,44567.26,Canceled
1005137,201549,Revolving loans,45032.62,52548.95,Refused
1005138,108251,Consumer loans,64137.5,387926.2,Approved
1005139,200497,Revolving loans,854.37,62210.07,Approved
1005140,107226,Consumer loans,117580.27,197699.46,Approved
1005141,101775,Revolving loans,115349.77,82462.17,Canceled
1005142,106819,Cash loans,114530.27,169542.85,Approved
1005143,109865,Consumer loans,16495.6,213982.38,Approved
1005144,108709,Revolving loans,134920.81,29212.28,Canceled
1005145,201090,Consumer loans,48528.59,52119.42,Refused
1005146,106875,Consumer loans,18680.55,61944.59,Canceled
1005147,200620,Consumer loans,515992.59,67578.56,Approved
1005148,108440,Revolving loans,88327.64,98431.31,Canceled
1005149,107711,Cash loans,249685.44,119404.67,Approved
1005150,104507,Cash loans,5358.58,107615.71,Approved
1005151,104609,Cash loans,72129.8,5868.07,Approved
1005152,201232,Cash loans,3371.86,149645.63,Approved
1005153,107800,Consumer loans,125843.6,39280.84,Approved
1005154,106796,Cash loans,21169.67,47405.62,Canceled
1005155,201393,Consumer loans,519076.94,112258.13,Approved
1005156,103433,Cash loans,63254.68,31999.52,Refused
1005157,107619,Consumer loans,36030.41,51956.46,Approved
1005158,105297,Cash loans,49651.2,236780.09,Approved
1005159,108060,Revolving loans,54389.96,91975.89,Refused
1005160,103345,Cash loans,192200.39,18792.83,Refused
1005161,104317,Revolving loans,30507.69,37444.28,Approved
1005162,106584,Consumer loans,147810.49,535127.36,Approved
1005163,106886,Revolving loans,124667.59,77285.56,Approved
1005164,201955,Revolving loans,82741.38,22068.65,Refused
1005165,106411,Cash loans,30346.11,15790.43,Approved
1005166,100088,Consumer loans,183769.25,19510.48,Approved
1005167,108613,Consumer loans,147557.07,29911.46,Approved
1005168,105303,Cash loans,36069.06,67930.58,Approved
1005169,201771,Revolving loans,44203.68,84481.55,Approved
1005170,200163,Consumer loans,92759.33,97651.4,Approved
1005171,101497,Consumer loans,193748.09,8838.81,Approved
1005172,103855,Revolving loans,162456.8,54084.59,Approved
1005173,105592,Cash loans,110589.92,133145.69,Approved
1005174,103238,Revolving loans,56670.63,96476.57,Refused
1005175,200209,Cash loans,7699.26,131680.85,Approved
1005176,104773,Consumer loans,57088.05,190401.64,Canceled
1005177,109905,Revolving loans,252918.61,21432.36,Approved
1005178,100232,Cash loans,220325.34,200364.52,Approved
1005179,104807,Revolving loans,80637.79,320618.39,Canceled
1005180,105062,Revolving loans,73136.99,33777.44,Canceled
1005181,100552,Consumer loans,96300.41,35263.47,Approved
1005182,101832,Consumer loans,88803.33,131553.63,Canceled
1005183,104432,Consumer loans,162273.02,54200.08,Refused
1005184,101103,Cash loans,109257.77,105630.76,Refused
1005185,201996,Revolving loans,148221.05,80613.57,Approved
1005186,102985,Cash loans,109.81,210698.52,Approved
1005187,201154,Cash loans,279629.93,30866.51,Canceled
1005188,101178,Consumer loans,35093.2,178746.13,Approved
1005189,105216,Cash loans,45369.05,35994.67,Approved
1005190,200775,Cash loans,144755.9,16090.32,Approved
1005191,100631,Consumer loans,339709.57,22161.57,Approved
1005192,102160,Revolving loans,136647.21,231361.62,Canceled
1005193,105192,Consumer loans,11951.49,76489.96,Approved
1005194,109400,Revolving loans,86058.63,447600.72,Refused
1005195,104217,Consumer loans,93811.59,23446.77,Approved
1005196,100229,Consumer loans,4899.97,55733.7,Refused
1005197,107045,Consumer loans,20700.85,247673.13,Refused
1005198,102197,Consumer loans,481069.18,72313.73,Canceled
1005199,201509,Consumer loans,266.23,33491.66,Canceled
1005200,101421,Revolving loans,90594.35,94611.19,Canceled
1005201,102063,Cash loans,63282.84,96071.44,Approved
1005202,108551,Cash loans,21942.56,113082.52,Approved
1005203,201418,Consumer loans,26347.93,143649.3,Approved
1005204,103853,Cash loans,57349.58,106811.54,Approved
1005205,201059,Revolving loans,30120.33,14631.97,Approved
1005206,106472,Cash loans,297172.23,48684.97,Approved
1005207,201072,Consumer loans,86171.36,120118.15,Approved
1005208,106193,Revolving loans,226136.44,108307.11,Approved
1005209,108226,Cash loans,9265.68,60422.89,Approved
1005210,109432,Revolving loans,44224.54,39877.22,Approved
1005211,109607,Cash loans,27759.19,27585.37,Approved
1005212,200339,Revolving loans,41618.93,59011.34,Refused
1005213,200521,Revolving loans,206048.16,82945.58,Approved
1005214,201381,Cash loans,51913.46,195371.08,Canceled
1005215,101023,Consumer loans,13733.99,59668.38,Canceled
1005216,103956,Cash loans,31273.47,25774.06,Approved
1005217,108614,Consumer loans,90882.11,6560.63,Refused
1005218,100760,Revolving loans,6503.97,29641.06,Refused
1005219,103009,Revolving loans,48401.74,241425.6,Approved
1005220,103534,Cash loans,401476.94,33200.13,Refused
1005221,100896,Cash loans,143366.46,64548.1,Approved
1005222,108077,Cash loans,185801.98,308391.82,Refused
1005223,102030,Revolving loans,51253.38,70476.44,Approved
1005224,106273,Revolving loans,4621.63,162253.18,Approved
1005225,109841,Revolving loans,180312.49,51175.12,Canceled
1005226,109178,Cash loans,54202.74,259660.21,Canceled
1005227,100538,Revolving loans,3011.06,58715.65,Approved
1005228,102257,Consumer loans,8511.9,136212.68,Approved
1005229,103364,Consumer loans,60590.39,1211.93,Approved
1005230,201670,Cash loans,4573.1,242367.65,Approved
1005231,105460,Revolving loans,75782.03,101454.05,Approved
1005232,109678,Cash loans,2960.11,102068.46,Approved
1005233,104924,Cash loans,112159.68,165168.0,Approved
1005234,105491,Revolving loans,321843.01,3578.34,Canceled
1005235,102327,Consumer loans,119845.23,185587.09,Refused
1005236,108323,Consumer loans,27297.54,14599.45,Approved
1005237,105053,Revolving loans,1469.94,122536.26,Approved
1005238,201734,Cash loans,44025.13,150915.08,Approved
1005239,108991,Cash loans,6655.14,78421.62,Approved
1005240,104570,Consumer loans,4511.46,25420.23,Approved
1005241,106046,Consumer loans,97723.1,123093.46,Approved
1005242,104922,Revolving loans,22040.48,179908.65,Refused
1005243,101707,Revolving loans,160839.31,7308.28,Canceled
1005244,106800,Revolving loans,29832.43,36192.4,Refused
1005245,100471,Revolving loans,86436.16,380878.39,Approved
1005246,107891,Revolving loans,5154.38,68985.23,Approved
1005247,105719,Cash loans,327085.97,116813.51,Canceled
1005248,101491,Revolving loans,141425.63,78122.45,Approved
1005249,104693,Revolving loans,13111.75,1851.08,Approved
1005250,104622,Revolving loans,64168.44,335402.26,Approved
1005251,102788,Cash loans,62284.27,12807.7,Canceled
1005252,104819,Consumer loans,29125.63,29998.93,Refused
1005253,105441,Consumer loans,46299.6,76094.94,Refused
1005254,101207,Cash loans,41906.83,20367.27,Refused
1005255,109728,Cash loans,85900.83,56490.42,Approved
1005256,104996,Consumer loans,59935.83,169305.54,Approved
1005257,107162,Cash loans,35805.75,225936.86,Canceled
1005258,109464,Revolving loans,18903.2,108634.87,Approved
1005259,201458,Consumer loans,149109.99,281081.51,Approved
1005260,201236,Revolving loans,3330.39,213151.38,Approved
1005261,108846,Revolving loans,10281.6,4724.9,Approved
1005262,201654,Consumer loans,135519.89,25881.38,Approved
1005263,100800,Cash loans,254922.47,532245.1,Approved
1005264,107333,Revolving loans,282147.9,3485.12,Approved
1005265,105497,Cash loans,54670.46,29207.23,Approved
1005266,200511,Revolving loans,225042.67,98842.93,Approved
1005267,109768,Revolving loans,107024.76,88478.62,Approved
1005268,108355,Consumer loans,12860.12,3432.9,Refused
1005269,105060,Cash loans,117340.43,131181.39,Approved
1005270,100357,Revolving loans,138635.14,112495.18,Approved
1005271,100001,Revolving loans,78678.33,219198.95,Canceled
1005272,108255,Revolving loans,61250.43,21700.28,Refused
1005273,103562,Cash loans,85522.72,328653.65,Approved
1005274,103916,Revolving loans,21871.67,104611.17,Canceled
1005275,201074,Consumer loans,51366.29,121836.97,Canceled
1005276,101200,Cash loans,41694.9,31812.05,Canceled
1005277,100313,Consumer loans,74299.82,99009.82,Refused
1005278,104020,Consumer loans,340056.25,44093.1,Approved
1005279,101691,Cash loans,2645.06,282285.55,Canceled
1005280,103589,Consumer loans,39816.5,284555.27,Approved
1005281,200721,Cash loans,7954.67,8339.27,Approved
1005282,103166,Cash loans,10347.73,400772.08,Approved
1005283,107859,Cash loans,1472.35,70860.31,Refused
1005284,105768,Revolving loans,182885.33,296.54,Approved
1005285,100595,Cash loans,40188.03,72275.33,Approved
1005286,200337,Revolving loans,35968.31,484324.64,Canceled
1005287,107516,Consumer loans,30381.33,20671.34,Approved
1005288,105981,Revolving loans,12123.37,7099.19,Approved
1005289,107139,Consumer loans,57606.73,102329.57,Approved
1005290,107573,Consumer loans,21768.15,18337.37,Approved
1005291,103847,Revolving loans,276094.35,14542.27,Approved
1005292,107929,Revolving loans,138403.51,123140.15,Refused
1005293,100487,Revolving loans,132227.48,18066.3,Approved
1005294,104171,Revolving loans,50416.91,1211.88,Approved
1005295,101336,Revolving loans,38177.57,174827.86,Refused
1005296,103451,Cash loans,82217.02,225470.11,Approved
1005297,100684,Consumer loans,157301.46,41369.45,Refused
1005298,108533,Cash loans,6619.9,60658.82,Approved
1005299,101232,Revolving loans,115538.27,81278.57,Approved
1005300,102309,Cash loans,21140.46,61391.89,Refused
1005301,109047,Revolving loans,227854.74,264089.11,Approved
1005302,104472,Cash loans,54481.31,6940.4,Approved
1005303,108966,Consumer loans,92456.73,151716.89,Refused
1005304,106919,Consumer loans,248824.54,151012.72,Approved
1005305,100231,Revolving loans,70313.45,17255.87,Approved
1005306,201874,Consumer loans,14742.15,204711.58,Canceled
1005307,100991,Consumer loans,590290.89,121100.8,Approved
1005308,201745,Cash loans,83687.3,59130.9,Refused
1005309,100504,Consumer loans,57130.06,343.28,Approved
1005310,106453,Consumer loans,205931.5,735.67,Canceled
1005311,108819,Revolving loans,138024.75,61964.95,Approved
1005312,104820,Revolving loans,199113.42,93193.74,Approved
1005313,106011,Revolving loans,40916.1,134361.64,Refused
1005314,102939,Consumer loans,123900.99,20019.63,Approved
1005315,101776,Revolving loans,96369.43,14718.09,Approved
1005316,108607,Cash loans,118074.18,26767.03,Refused
1005317,100507,Revolving loans,25143.14,11811.51,Canceled
1005318,107143,Consumer loans,8022.96,92144.91,Canceled
1005319,108518,Cash loans,19481.76,324858.98,Refused
1005320,107417,Revolving loans,53560.32,113494.26,Approved
1005321,107732,Revolving loans,4424.3,44684.76,Refused
1005322,106028,Consumer loans,226403.89,143515.1,Refused
1005323,106663,Revolving loans,63364.21,23570.15,Refused
1005324,103577,Revolving loans,55943.76,185662.39,Canceled
1005325,101663,Cash loans,75461.19,188828.93,Approved
1005326,109952,Cash loans,35875.66,174751.36,Refused
1005327,109202,Consumer loans,125786.08,412459.94,Refused
1005328,101732,Revolving loans,9456.46,59269.01,Approved
1005329,201829,Consumer loans,23042.71,5330.81,Approved
1005330,109811,Consumer loans,34593.06,59568.56,Canceled
1005331,106780,Cash loans,55584.5,55988.95,Canceled
1005332,102050,Cash loans,171302.61,79243.93,Approved
1005333,108907,Consumer loans,12053.69,72147.93,Approved
1005334,107677,Cash loans,62111.0,37532.26,Canceled
1005335,103508,Consumer loans,187698.45,43987.74,Refused
1005336,105444,Revolving loans,298385.9,95746.05,Approved
1005337,109519,Revolving loans,65530.77,109061.23,Canceled
1005338,105874,Consumer loans,33783.03,223633.81,Canceled
1005339,100134,Consumer loans,169831.08,365326.73,Canceled
1005340,200520,Revolving loans,97076.97,19701.11,Approved
1005341,104155,Consumer loans,189995.35,210902.95,Approved
1005342,100469,Cash loans,118370.09,573004.48,Approved
1005343,100045,Cash loans,93607.36,128282.45,Approved
1005344,109910,Cash loans,14316.66,168378.63,Approved
1005345,101072,Consumer loans,270776.52,74465.91,Refused
1005346,104422,Revolving loans,87061.04,215252.16,Approved
1005347,104060,Consumer loans,140230.32,72632.63,Approved
1005348,109333,Cash loans,151380.81,187576.99,Approved
1005349,102842,Revolving loans,190524.61,23668.47,Refused
1005350,109751,Consumer loans,235810.84,188979.86,Approved
1005351,108140,Revolving loans,100878.76,31570.28,Refused
1005352,101580,Revolving loans,79529.63,106694.21,Canceled
1005353,103318,Revolving loans,19747.8,58067.89,Approved
1005354,103838,Consumer loans,32847.57,84477.0,Approved
1005355,104978,Cash loans,28133.03,8483.43,Approved
1005356,101826,Consumer loans,357968.95,16546.61,Approved
1005357,102671,Consumer loans,7311.41,113502.04,Approved
1005358,102760,Revolving loans,30760.72,175277.97,Approved
1005359,101153,Cash loans,269762.31,7798.73,Approved
1005360,108965,Consumer loans,31356.56,50598.15,Approved
1005361,106767,Cash loans,196197.64,78973.85,Refused
1005362,109926,Consumer loans,30856.86,190915.66,Approved
1005363,100165,Revolving loans,237378.38,119792.33,Approved
1005364,201238,Consumer loans,223347.93,161350.1,Approved
1005365,201864,Revolving loans,144735.89,193913.13,Approved
1005366,108863,Cash loans,23256.57,16414.15,Canceled
1005367,105053,Cash loans,188884.59,72649.84,Approved
1005368,102568,Revolving loans,237026.6,186768.39,Refused
1005369,109353,Consumer loans,45845.33,241207.4,Approved
1005370,108819,Consumer loans,20000.34,32064.98,Canceled
1005371,103432,Revolving loans,21621.15,25420.18,Canceled
1005372,100589,Revolving loans,48675.84,9013.52,Approved
1005373,101776,Consumer loans,26706.76,59198.27,Approved
1005374,100369,Consumer loans,468195.9,169636.5,Approved
1005375,102591,Revolving loans,177873.48,105401.77,Refused
1005376,100076,Consumer loans,99584.6,32311.87,Canceled
1005377,101676,Revolving loans,23817.6,339.72,Approved
1005378,107769,Cash loans,13808.84,175681.39,Approved
1005379,106451,Cash loans,77329.97,73490.57,Approved
1005380,104434,Consumer loans,203992.42,196819.15,Approved
1005381,106001,Consumer loans,1615.99,117591.36,Refused
1005382,104458,Revolving loans,69492.14,60622.43,Approved
1005383,108616,Cash loans,38615.22,79248.48,Refused
1005384,104532,Consumer loans,385344.08,155569.74,Refused
1005385,104287,Revolving loans,52980.11,86305.94,Approved
1005386,103270,Cash loans,18211.63,111516.64,Canceled
1005387,109764,Revolving loans,134064.69,10008.49,Approved
1005388,109519,Consumer loans,28985.78,18541.1,Canceled
1005389,108222,Revolving loans,54215.2,44041.79,Canceled
1005390,108620,Consumer loans,350278.45,64457.02,Approved
1005391,103853,Cash loans,21276.83,20041.01,Approved
1005392,200343,Revolving loans,69962.15,5450.77,Refused
1005393,106803,Revolving loans,53409.21,128783.62,Approved
1005394,102058,Cash loans,327430.92,174901.93,Refused
1005395,200630,Cash loans,242706.6,16849.6,Approved
1005396,102538,Consumer loans,86841.19,349794.21,Approved
1005397,107443,Cash loans,123942.18,105428.26,Refused
1005398,101619,Consumer loans,73905.39,49354.58,Approved
1005399,100733,Cash loans,79368.36,83773.56,Approved
1005400,106206,Revolving loans,4843.32,15691.58,Approved
1005401,103593,Revolving loans,4506.02,37779.55,Canceled
1005402,101678,Consumer loans,141094.94,93564.37,Approved
1005403,104533,Consumer loans,359638.56,40289.37,Refused
1005404,102030,Revolving loans,107634.73,32272.02,Refused
1005405,103193,Cash loans,33129.29,193108.09,Approved
1005406,108346,Consumer loans,96388.3,67071.54,Refused
1005407,200633,Cash loans,71113.27,50393.4,Refused
1005408,109588,Cash loans,55347.94,38643.09,Approved
1005409,109582,Revolving loans,16509.34,35299.24,Refused
1005410,108190,Revolving loans,32900.67,107024.95,Approved
1005411,109558,Revolving loans,51574.55,89533.07,Approved
1005412,105287,Cash loans,203901.45,20947.86,Refused
1005413,106200,Revolving loans,217961.74,54405.69,Approved
1005414,104909,Consumer loans,2720.54,148403.89,Approved
1005415,103118,Revolving loans,186802.58,63964.9,Approved
1005416,102952,Cash loans,11679.38,94422.81,Approved
1005417,107283,Consumer loans,186740.99,5930.45,Approved
1005418,103663,Revolving loans,64614.33,21944.65,Canceled
1005419,104854,Revolving loans,5692.76,155234.15,Canceled
1005420,105457,Consumer loans,16651.9,273172.91,Canceled
1005421,101181,Revolving loans,240149.35,49992.49,Canceled
1005422,102124,Consumer loans,28446.54,163683.31,Approved
1005423,107316,Revolving loans,28168.86,1527.09,Refused
1005424,109559,Cash loans,103484.16,391306.3,Approved
1005425,107081,Revolving loans,52238.36,152917.64,Approved
1005426,109641,Revolving loans,190591.25,469639.99,Refused
1005427,107981,Revolving loans,39962.0,106121.9,Refused
1005428,101078,Cash loans,48909.5,60324.09,Refused
1005429,101489,Cash loans,36258.82,31992.46,Approved
1005430,105148,Consumer loans,54166.66,49425.44,Refused
1005431,107428,Cash loans,164373.95,104189.66,Refused
1005432,103709,Revolving loans,87030.53,141336.1,Canceled
1005433,109926,Consumer loans,118546.13,20362.93,Approved
1005434,107049,Cash loans,53884.25,34082.34,Canceled
1005435,102922,Revolving loans,84944.63,27209.55,Canceled
1005436,100041,Revolving loans,90680.89,123606.04,Approved
1005437,201421,Consumer loans,40011.52,282693.53,Canceled
1005438,107538,Cash loans,51057.43,26787.74,Approved
1005439,102396,Consumer loans,72956.92,160605.17,Canceled
1005440,108592,Cash loans,190425.71,73867.5,Approved
1005441,102989,Cash loans,35002.68,102285.41,Canceled
1005442,107519,Cash loans,132540.75,27570.95,Approved
1005443,105826,Revolving loans,151006.97,90895.72,Refused
1005444,103555,Consumer loans,21320.58,21369.33,Approved
1005445,109194,Cash loans,100748.34,175858.4,Approved
1005446,201944,Revolving loans,89221.79,60163.53,Refused
1005447,200816,Cash loans,175436.59,8521.34,Canceled
1005448,201023,Cash loans,13905.47,63707.57,Approved
1005449,103408,Cash loans,7927.4,15956.07,Approved
1005450,109101,Consumer loans,176201.91,106657.01,Canceled
1005451,101123,Cash loans,195897.28,50611.0,Approved
1005452,106796,Cash loans,302812.96,224016.71,Approved
1005453,108478,Revolving loans,468007.9,273990.06,Approved
1005454,200954,Cash loans,171389.4,145526.61,Approved
1005455,108687,Consumer loans,155076.58,447.46,Approved
1005456,100208,Cash loans,101894.69,321889.28,Approved
1005457,200375,Revolving loans,65854.75,2759.17,Approved
1005458,200002,Consumer loans,292256.34,109238.98,Approved
1005459,106768,Revolving loans,372297.49,7156.63,Approved
1005460,201462,Consumer loans,67383.65,53844.59,Refused
1005461,109277,Cash loans,81496.81,97758.39,Canceled
1005462,103393,Cash loans,116042.58,30607.21,Canceled
1005463,101629,Consumer loans,74851.76,17325.88,Approved
1005464,104606,Consumer loans,22981.71,181518.27,Canceled
1005465,200923,Cash loans,36626.32,21252.85,Refused
1005466,200027,Cash loans,179418.86,19615.82,Refused
1005467,103040,Cash loans,30637.97,138308.38,Approved
1005468,109536,Revolving loans,105313.72,11523.38,Approved
1005469,106373,Cash loans,28830.92,28876.13,Approved
1005470,109409,Cash loans,11871.78,196353.92,Approved
1005471,104704,Consumer loans,55437.29,65172.43,Approved
1005472,201272,Consumer loans,164902.15,12021.53,Approved
1005473,104188,Cash loans,51061.07,428597.85,Approved
1005474,103131,Revolving loans,115315.3,29679.61,Refused
1005475,101140,Cash loans,33894.64,57537.43,Refused
1005476,201311,Consumer loans,166488.32,75582.52,Approved
1005477,201922,Revolving loans,17243.83,104365.0,Approved
1005478,101586,Consumer loans,302423.52,70581.11,Refused
1005479,105871,Revolving loans,155965.03,159062.93,Approved
1005480,103749,Cash loans,36804.98,8477.8,Approved
1005481,105730,Revolving loans,255287.0,319899.19,Approved
1005482,102460,Cash loans,115153.87,134993.25,Canceled
1005483,105811,Cash loans,47548.48,98029.85,Refused
1005484,200061,Consumer loans,10927.05,25389.43,Approved
1005485,104379,Cash loans,38407.59,52855.24,Canceled
1005486,109113,Cash loans,449786.45,158621.79,Approved
1005487,106970,Consumer loans,53362.99,168767.22,Refused
1005488,107593,Consumer loans,40093.38,84383.57,Approved
1005489,200925,Revolving loans,65627.96,34443.7,Refused
1005490,102183,Revolving loans,135961.76,215567.71,Approved
1005491,106730,Consumer loans,336772.5,28543.89,Approved
1005492,108541,Revolving loans,104244.24,286459.9,Refused
1005493,106868,Revolving loans,79971.48,59717.58,Canceled
1005494,109426,Revolving loans,150988.51,90971.36,Canceled
1005495,200288,Cash loans,85949.91,442372.73,Approved
1005496,100920,Cash loans,123370.95,130324.0,Canceled
1005497,105586,Cash loans,11668.5,32047.59,Approved
1005498,101631,Cash loans,299730.34,1400.02,Refused
1005499,102414,Cash loans,122725.83,168673.92,Refused
1005500,106564,Revolving loans,113827.96,99624.78,Approved
1005501,105005,Consumer loans,129340.9,27874.96,Approved
1005502,108047,Revolving loans,33624.87,187997.88,Refused
1005503,109326,Revolving loans,98424.46,7805.59,Canceled
1005504,100472,Consumer loans,125656.91,52331.68,Canceled
1005505,103500,Revolving loans,40307.28,88699.1,Approved
1005506,109823,Cash loans,214914.66,3094.85,Approved
1005507,101806,Cash loans,576241.21,17415.92,Refused
1005508,102956,Consumer loans,96169.93,30914.56,Refused
1005509,102663,Revolving loans,198963.45,249985.32,Canceled
1005510,201667,Cash loans,16584.52,138137.05,Approved
1005511,105944,Cash loans,40722.68,259495.44,Approved
1005512,103047,Cash loans,23698.9,91366.52,Approved
1005513,104364,Revolving loans,28197.24,174982.89,Refused
1005514,108284,Consumer loans,509492.61,173566.08,Approved
1005515,102948,Cash loans,34478.46,60763.72,Approved
1005516,104525,Revolving loans,114751.44,89736.97,Approved
1005517,107522,Cash loans,5000.02,271260.0,Canceled
1005518,104033,Cash loans,72141.31,54761.11,Approved
1005519,105155,Cash loans,75548.05,341476.5,Approved
1005520,104635,Revolving loans,111898.62,320084.74,Approved
1005521,100919,Cash loans,55208.71,16116.06,Approved
1005522,104320,Cash loans,16394.27,419903.81,Approved
1005523,106658,Cash loans,279868.34,588182.55,Approved
1005524,200721,Revolving loans,144141.04,21910.15,Approved
1005525,107412,Consumer loans,91934.52,428756.32,Approved
1005526,201707,Cash loans,211215.54,273914.75,Canceled
1005527,104823,Cash loans,121610.2,43115.64,Approved
1005528,102267,Consumer loans,296218.88,61008.18,Refused
1005529,107894,Revolving loans,10516.54,84977.31,Approved
1005530,104968,Revolving loans,200781.66,142761.84,Approved
1005531,201433,Consumer loans,40034.28,268189.55,Approved
1005532,101108,Cash loans,92679.85,225199.68,Refused
1005533,109090,Consumer loans,289243.21,34481.03,Canceled
1005534,107926,Cash loans,176371.8,59913.52,Refused
1005535,101534,Cash loans,104269.73,85540.35,Approved
1005536,101788,Revolving loans,104022.7,74253.7,Canceled
1005537,101651,Consumer loans,144168.68,248400.69,Canceled
1005538,201241,Consumer loans,221576.99,3612.28,Refused
1005539,107479,Cash loans,42086.32,54061.91,Approved
1005540,200765,Revolving loans,97395.88,143899.61,Approved
1005541,105087,Cash loans,201586.8,153220.71,Approved
1005542,104609,Consumer loans,17374.15,20409.22,Approved
1005543,107751,Revolving loans,29058.45,307146.38,Approved
1005544,105665,Cash loans,43061.57,10312.12,Canceled
1005545,108457,Cash loans,20020.04,33148.44,Approved
1005546,100943,Revolving loans,75494.72,109682.11,Approved
1005547,105123,Consumer loans,335703.28,11812.22,Canceled
1005548,101874,Cash loans,42928.48,114801.82,Canceled
1005549,101027,Cash loans,128891.33,537807.84,Approved
1005550,105181,Revolving loans,179152.36,156499.12,Canceled
1005551,106359,Cash loans,17049.89,21350.03,Approved
1005552,104352,Cash loans,159815.65,136623.08,Refused
1005553,109541,Revolving loans,87591.06,73606.24,Approved
1005554,107247,Consumer loans,61902.04,36456.62,Approved
1005555,102618,Revolving loans,118649.6,15228.14,Approved
1005556,107024,Consumer loans,212258.23,20210.21,Refused
1005557,102686,Cash loans,2155.2,83072.19,Approved
1005558,101040,Revolving loans,50410.26,28187.41,Canceled
1005559,201437,Revolving loans,248002.69,157466.61,Approved
1005560,103194,Consumer loans,87413.38,7788.68,Approved
1005561,100309,Cash loans,23855.79,57576.03,Approved
1005562,108218,Cash loans,54427.94,20621.52,Canceled
1005563,200943,Consumer loans,215274.91,334146.5,Refused
1005564,103051,Consumer loans,121819.36,3169.4,Canceled
1005565,108228,Cash loans,216859.07,148761.21,Refused
1005566,201533,Consumer loans,7036.22,124818.09,Canceled
1005567,100062,Cash loans,86653.56,72239.59,Approved
1005568,100021,Consumer loans,36350.51,452905.79,Canceled
1005569,100652,Consumer loans,4306.85,438488.54,Refused
1005570,108106,Consumer loans,6808.63,241500.71,Refused
1005571,101251,Revolving loans,167760.13,31502.3,Refused
1005572,102649,Cash loans,165481.2,100488.85,Approved
1005573,105190,Consumer loans,91285.13,12704.94,Approved
1005574,108807,Revolving loans,175489.27,132238.67,Approved
1005575,104428,Cash loans,155712.44,67467.57,Approved
1005576,200109,Revolving loans,37446.66,29740.57,Approved
1005577,102345,Cash loans,18588.99,182102.33,Approved
1005578,109084,Consumer loans,42597.38,108263.57,Approved
1005579,104649,Consumer loans,52667.97,24348.32,Refused
1005580,109940,Cash loans,127471.05,111027.53,Refused
1005581,101594,Cash loans,28956.46,14705.35,Approved
1005582,104081,Revolving loans,156143.95,237193.82,Approved
1005583,100143,Cash loans,39815.51,13656.13,Approved
1005584,100736,Cash loans,16908.29,26867.87,Approved
1005585,103604,Consumer loans,11402.48,13239.52,Approved
1005586,100473,Revolving loans,148419.37,211462.43,Approved
1005587,106389,Consumer loans,184978.54,12279.61,Refused
1005588,101844,Revolving loans,141008.15,61515.83,Canceled
1005589,103063,Cash loans,22995.92,85229.03,Refused
1005590,105219,Consumer loans,70623.75,24200.16,Canceled
1005591,104735,Revolving loans,51335.57,1357.65,Canceled
1005592,107994,Cash loans,56743.3,203995.82,Approved
1005593,109294,Consumer loans,117631.09,19152.15,Refused
1005594,103442,Revolving loans,70639.02,228512.59,Approved
1005595,104091,Cash loans,183035.49,50345.04,Refused
1005596,200338,Cash loans,163439.29,8003.03,Approved
1005597,103349,Cash loans,39993.67,49683.37,Approved
1005598,103669,Cash loans,293663.68,18698.17,Approved
1005599,201875,Revolving loans,342384.38,137622.19,Canceled
1005600,100516,Revolving loans,32861.43,109239.43,Refused
1005601,200995,Revolving loans,9379.64,35717.52,Approved
1005602,104511,Revolving loans,64368.38,530059.7,Approved
1005603,108973,Consumer loans,100522.08,213785.71,Approved
1005604,106789,Cash loans,55018.64,217473.83,Approved
1005605,109602,Cash loans,211302.7,400813.08,Approved
1005606,201262,Consumer loans,57627.53,163431.44,Approved
1005607,106811,Cash loans,23338.88,58491.87,Canceled
1005608,109600,Revolving loans,150436.36,115002.63,Approved
1005609,107553,Cash loans,77339.51,143233.32,Canceled
1005610,107480,Revolving loans,2262.15,29083.13,Canceled
1005611,101318,Consumer loans,185326.91,192421.14,Approved
1005612,108368,Cash loans,100829.42,314100.47,Refused
1005613,105096,Cash loans,24417.44,28510.0,Approved
1005614,102805,Consumer loans,83040.35,87682.89,Approved
1005615,104311,Cash loans,164108.85,36868.29,Approved
1005616,100565,Revolving loans,41666.2,200968.54,Approved
1005617,201978,Consumer loans,56108.55,112961.45,Refused
1005618,104597,Cash loans,200604.35,17005.61,Canceled
1005619,102077,Revolving loans,223389.04,108887.76,Approved
1005620,102720,Cash loans,126032.22,5365.61,Canceled
1005621,101547,Consumer loans,79564.76,147566.94,Approved
1005622,103409,Revolving loans,141944.04,170224.21,Approved
1005623,107968,Cash loans,29971.48,180231.78,Approved
1005624,106885,Consumer loans,293835.39,105661.68,Refused
1005625,109312,Revolving loans,40882.34,118724.16,Canceled
1005626,104309,Revolving loans,48082.68,28270.95,Approved
1005627,102561,Cash loans,249885.55,3278.6,Approved
1005628,106424,Consumer loans,41347.54,7811.09,Approved
1005629,103850,Consumer loans,40876.97,81226.58,Refused
1005630,102785,Cash loans,3185.17,78026.22,Approved
1005631,201602,Consumer loans,37604.0,53627.02,Approved
1005632,200701,Consumer loans,55054.64,47019.79,Refused
1005633,101550,Consumer loans,60179.8,226012.94,Approved
1005634,201367,Revolving loans,91940.13,354590.38,Approved
1005635,107046,Consumer loans,94238.96,84159.37,Approved
1005636,100120,Consumer loans,95009.32,2887.72,Approved
1005637,106070,Consumer loans,21024.19,43864.94,Canceled
1005638,103866,Revolving loans,148985.35,260945.04,Approved
1005639,105111,Cash loans,308906.53,193110.36,Approved
1005640,101708,Revolving loans,136118.01,217586.57,Approved
1005641,103358,Consumer loans,186962.5,64857.89,Approved
1005642,101109,Cash loans,216055.24,83721.58,Approved
1005643,105303,Cash loans,50855.42,48100.21,Approved
1005644,104600,Cash loans,369746.73,236830.84,Refused
1005645,108896,Consumer loans,111888.08,178200.53,Approved
1005646,100006,Revolving loans,207318.59,57905.89,Refused
1005647,109789,Consumer loans,33236.18,5279.12,Canceled
1005648,103591,Cash loans,59363.96,17816.36,Approved
1005649,201838,Revolving loans,140715.81,107020.51,Approved
1005650,101990,Consumer loans,85853.11,165894.25,Approved
1005651,107599,Revolving loans,59676.95,357326.05,Refused
1005652,109060,Consumer loans,161634.72,201851.65,Refused
1005653,200717,Cash loans,173964.2,140636.43,Refused
1005654,108833,Revolving loans,4328.89,339459.52,Approved
1005655,107611,Revolving loans,39228.88,99245.76,Approved
1005656,201969,Cash loans,32046.45,26102.97,Approved
1005657,105664,Revolving loans,117045.61,25287.72,Canceled
1005658,108593,Consumer loans,160036.46,91883.87,Approved
1005659,108367,Cash loans,22652.99,227447.33,Canceled
1005660,107954,Cash loans,53960.69,141371.97,Approved
1005661,108434,Revolving loans,13239.75,128491.36,Canceled
1005662,100482,Cash loans,156358.8,8769.5,Refused
1005663,102428,Consumer loans,178677.95,123773.37,Canceled
1005664,201368,Consumer loans,18336.54,20434.98,Approved
1005665,108783,Consumer loans,105720.84,243093.07,Canceled
1005666,104147,Cash loans,75817.3,727.38,Refused
1005667,106657,Consumer loans,36886.02,77944.57,Canceled
1005668,200402,Cash loans,27758.45,42185.1,Approved
1005669,108166,Cash loans,51834.31,285420.12,Refused
1005670,108680,Consumer loans,110465.09,184183.28,Approved
1005671,106410,Revolving loans,78418.61,95281.73,Canceled
1005672,101700,Revolving loans,103820.76,65984.82,Approved
1005673,102435,Consumer loans,103662.23,80417.06,Approved
1005674,107291,Consumer loans,4501.48,184840.59,Approved
1005675,105595,Consumer loans,134034.96,195278.22,Refused
1005676,108263,Revolving loans,8523.5,42822.77,Approved
1005677,109535,Consumer loans,203264.48,205204.12,Approved
1005678,108612,Cash loans,49825.07,1231.08,Approved
1005679,107945,Revolving loans,34519.61,109895.11,Refused
1005680,102825,Cash loans,106998.11,11394.28,Approved
1005681,100923,Cash loans,141496.49,97641.0,Approved
1005682,108200,Revolving loans,8921.06,58564.1,Approved
1005683,200990,Cash loans,782.1,214692.06,Approved
1005684,200448,Cash loans,195.67,8555.39,Approved
1005685,102501,Revolving loans,142963.54,159683.42,Approved
1005686,103061,Consumer loans,80150.33,12308.01,Canceled
1005687,200117,Consumer loans,18258.52,100207.69,Canceled
1005688,102999,Consumer loans,65300.01,108519.33,Approved
1005689,109503,Consumer loans,65186.28,393522.3,Refused
1005690,109130,Revolving loans,161580.14,82339.17,Approved
1005691,109223,Cash loans,16111.3,30833.12,Approved
1005692,102247,Consumer loans,12586.74,90916.89,Approved
1005693,201527,Consumer loans,36192.34,564422.4,Approved
1005694,109703,Revolving loans,27371.92,20537.35,Approved
1005695,102421,Cash loans,98009.7,124022.79,Canceled
1005696,200134,Revolving loans,421203.16,305.32,Approved
1005697,105968,Cash loans,35556.77,213115.94,Approved
1005698,200686,Consumer loans,59303.65,92796.83,Refused
1005699,108063,Consumer loans,83567.21,98641.93,Approved
1005700,109933,Cash loans,12790.12,43821.95,Approved
1005701,109485,Cash loans,91377.21,3731.97,Approved
1005702,101673,Cash loans,37969.21,89283.57,Canceled
1005703,109119,Consumer loans,330829.89,191074.13,Approved
1005704,201150,Revolving loans,350280.59,14091.36,Approved
1005705,101319,Cash loans,73273.26,226902.61,Approved
1005706,101377,Cash loans,26212.12,46252.47,Canceled
1005707,104165,Revolving loans,28966.46,22502.57,Refused
1005708,103604,Consumer loans,55966.91,192688.32,Approved
1005709,107719,Consumer loans,88054.91,102194.88,Refused
1005710,103489,Revolving loans,141788.1,108386.91,Approved
1005711,107504,Cash loans,62881.05,324973.85,Refused
1005712,105787,Consumer loans,70541.2,313517.47,Refused
1005713,103057,Cash loans,50051.13,161017.93,Approved
1005714,109603,Revolving loans,94026.13,185355.72,Approved
1005715,200458,Consumer loans,3914.61,48466.2,Canceled
1005716,105593,Consumer loans,102934.64,81012.72,Approved
1005717,104033,Cash loans,24547.3,49911.38,Approved
1005718,109448,Revolving loans,6135.72,127231.52,Approved
1005719,108581,Revolving loans,6734.01,140463.75,Refused
1005720,100852,Cash loans,33298.26,17089.04,Canceled
1005721,101351,Consumer loans,188090.69,224586.03,Refused
1005722,106526,Consumer loans,4670.62,5240.71,Refused
1005723,108035,Cash loans,12982.12,177430.2,Approved
1005724,100961,Consumer loans,57155.95,53718.29,Refused
1005725,201969,Consumer loans,101656.38,12136.28,Approved
1005726,102098,Cash loans,1620.8,11996.45,Approved
1005727,108361,Consumer loans,47931.19,115680.58,Approved
1005728,109012,Revolving loans,78693.21,106381.78,Approved
1005729,109961,Cash loans,314478.75,493015.58,Approved
1005730,201355,Consumer loans,10755.05,85781.03,Canceled
1005731,106433,Cash loans,81642.15,114241.55,Canceled
1005732,109218,Cash loans,3726.72,152055.97,Approved
1005733,105407,Cash loans,206062.65,7322.01,Approved
1005734,108238,Consumer loans,24391.97,156327.38,Refused
1005735,102554,Cash loans,273625.76,137751.85,Approved
1005736,201937,Revolving loans,86232.22,131142.52,Canceled
1005737,109935,Consumer loans,98501.92,5823.73,Approved
1005738,107095,Revolving loans,133634.4,69746.64,Approved
1005739,102733,Consumer loans,157287.04,58598.85,Approved
1005740,108707,Cash loans,140818.02,3753.97,Approved
1005741,105069,Revolving loans,80389.26,91045.98,Refused
1005742,105903,Consumer loans,141689.57,236379.93,Approved
1005743,102770,Cash loans,43025.08,3462.14,Refused
1005744,107467,Revolving loans,33033.06,272832.66,Canceled
1005745,102113,Cash loans,112818.51,37727.6,Approved
1005746,200129,Revolving loans,111067.86,211030.65,Canceled
1005747,200719,Consumer loans,26521.56,52924.87,Approved
1005748,102132,Consumer loans,114391.28,412476.35,Approved
1005749,105414,Cash loans,81852.38,10740.56,Approved
1005750,201529,Cash loans,11551.53,238283.89,Canceled
1005751,104129,Cash loans,158222.59,91435.73,Approved
1005752,108571,Consumer loans,132476.31,515782.53,Approved
1005753,100176,Cash loans,170602.81,42932.92,Canceled
1005754,107322,Revolving loans,22892.97,77898.07,Canceled
1005755,200242,Cash loans,408601.84,101259.63,Refused
1005756,104686,Revolving loans,5443.68,195850.51,Approved
1005757,105341,Consumer loans,152906.88,191576.42,Refused
1005758,201792,Revolving loans,62885.4,53929.97,Approved
1005759,109414,Consumer loans,9260.29,114038.53,Approved
1005760,100715,Revolving loans,21671.22,8181.03,Approved
1005761,108705,Revolving loans,6719.8,150665.96,Approved
1005762,109682,Revolving loans,135359.35,260981.37,Canceled
1005763,200652,Revolving loans,46337.86,289993.62,Approved
1005764,103328,Cash loans,23.65,18450.22,Refused
1005765,201030,Cash loans,233182.61,31529.68,Approved
1005766,102473,Consumer loans,50906.93,7874.02,Refused
1005767,100803,Consumer loans,271425.88,18538.27,Approved
1005768,101195,Cash loans,135477.41,70725.86,Refused
1005769,102409,Consumer loans,122580.1,19381.63,Refused
1005770,103536,Revolving loans,154349.81,35606.7,Approved
1005771,103180,Revolving loans,23586.17,22381.94,Approved
1005772,100944,Revolving loans,15935.5,13881.02,Refused
1005773,100109,Cash loans,20274.79,35716.48,Refused
1005774,104709,Revolving loans,11921.34,58055.63,Refused
1005775,201954,Revolving loans,71993.51,87119.06,Refused
1005776,201164,Cash loans,27937.68,41492.13,Approved
1005777,102341,Revolving loans,246987.24,270426.59,Approved
1005778,105828,Consumer loans,240757.5,39002.39,Approved
1005779,107092,Consumer loans,64090.35,214520.19,Approved
1005780,106728,Revolving loans,108788.42,146239.0,Approved
1005781,200431,Consumer loans,2154.4,170835.09,Approved
1005782,109518,Cash loans,13529.09,87218.74,Canceled
1005783,105390,Cash loans,15708.28,4309.46,Approved
1005784,105296,Consumer loans,10873.37,28866.37,Canceled
1005785,200463,Revolving loans,104346.45,205406.34,Canceled
1005786,102210,Revolving loans,55787.4,167700.9,Approved
1005787,200260,Consumer loans,182723.43,2618.88,Approved
1005788,200640,Consumer loans,38881.3,179553.38,Canceled
1005789,108728,Revolving loans,83238.95,248554.35,Approved
1005790,102769,Revolving loans,39793.61,134222.69,Approved
1005791,109330,Consumer loans,61887.49,102161.87,Approved
1005792,106521,Consumer loans,27056.9,63339.7,Refused
1005793,102858,Revolving loans,78064.4,80380.96,Canceled
1005794,104896,Revolving loans,132014.76,85090.2,Refused
1005795,105494,Consumer loans,134438.67,55077.77,Refused
1005796,102541,Cash loans,11143.55,17620.4,Canceled
1005797,106678,Consumer loans,6447.39,126555.64,Refused
1005798,108600,Consumer loans,3574.26,26874.47,Canceled
1005799,106166,Revolving loans,198433.65,479155.51,Refused
1005800,200324,Cash loans,5212.7,103242.92,Approved
1005801,200935,Consumer loans,51812.61,30338.78,Canceled
1005802,200280,Revolving loans,3172.91,175307.62,Approved
1005803,108296,Revolving loans,190379.93,6391.49,Refused
1005804,108099,Revolving loans,219831.04,137006.07,Approved
1005805,104229,Consumer loans,74389.83,20066.81,Refused
1005806,103715,Consumer loans,214053.44,166527.81,Refused
1005807,104222,Consumer loans,243229.46,64589.46,Approved
1005808,101459,Consumer loans,44322.28,73522.67,Approved
1005809,109697,Consumer loans,79281.45,166182.48,Approved
1005810,103032,Cash loans,37857.29,47556.97,Approved
1005811,100518,Revolving loans,9297.0,210881.6,Approved
1005812,103709,Consumer loans,94362.86,17445.35,Refused
1005813,104926,Revolving loans,85919.53,9047.07,Refused
1005814,107139,Cash loans,3476.54,14426.91,Approved
1005815,101449,Cash loans,9819.06,164932.62,Refused
1005816,201481,Cash loans,239996.51,71863.72,Canceled
1005817,109125,Revolving loans,80003.66,22341.08,Canceled
1005818,108807,Revolving loans,87509.25,6586.47,Refused
1005819,102485,Consumer loans,12999.54,7248.42,Approved
1005820,200357,Consumer loans,260286.62,122036.23,Canceled
1005821,103121,Revolving loans,181234.0,50426.35,Approved
1005822,108818,Consumer loans,2751.65,87732.57,Approved
1005823,200040,Revolving loans,340510.18,122040.72,Approved
1005824,200916,Consumer loans,7007.08,51061.78,Approved
1005825,201030,Consumer loans,26203.64,28599.54,Canceled
1005826,104580,Cash loans,61481.29,124466.23,Approved
1005827,102186,Revolving loans,34710.89,6123.47,Approved
1005828,103721,Consumer loans,12831.98,39947.91,Approved
1005829,107104,Cash loans,1977.28,58170.71,Approved
1005830,103627,Consumer loans,11097.87,104103.79,Refused
1005831,200671,Consumer loans,49748.24,307552.92,Approved
1005832,109124,Cash loans,116534.54,73702.15,Canceled
1005833,109963,Consumer loans,33405.49,95772.91,Canceled
1005834,108466,Cash loans,33302.54,179175.13,Canceled
1005835,107890,Consumer loans,113062.95,316956.65,Approved
1005836,101437,Revolving loans,30173.14,12478.84,Approved
1005837,105029,Consumer loans,34107.68,186809.58,Approved
1005838,105580,Consumer loans,95320.33,7205.59,Approved
1005839,109144,Cash loans,168350.28,90635.55,Approved
1005840,101254,Consumer loans,41054.65,11438.92,Canceled
1005841,200790,Revolving loans,20840.65,44109.3,Approved
1005842,101053,Revolving loans,1348.04,26924.13,Approved
1005843,105443,Revolving loans,23020.81,53442.51,Approved
1005844,106377,Cash loans,105645.33,63406.63,Approved
1005845,201110,Revolving loans,1734.02,58598.44,Refused
1005846,107800,Cash loans,17492.42,37471.45,Approved
1005847,104844,Revolving loans,53998.52,35370.86,Approved
1005848,105713,Consumer loans,76166.98,84257.64,Approved
1005849,201874,Consumer loans,7344.17,11403.9,Approved
1005850,109479,Consumer loans,9882.45,144608.97,Refused
1005851,108704,Revolving loans,73871.85,334785.12,Approved
1005852,100968,Revolving loans,19049.43,91357.91,Approved
1005853,106597,Cash loans,188843.81,3067.85,Canceled
1005854,109597,Cash loans,92615.84,1618.28,Refused
1005855,100063,Cash loans,236779.82,151407.5,Approved
1005856,200299,Cash loans,5542.09,38774.35,Refused
1005857,106527,Consumer loans,49060.74,34718.99,Approved
1005858,109130,Consumer loans,65625.3,263320.73,Approved
1005859,102639,Cash loans,5100.82,800545.35,Approved
1005860,109092,Revolving loans,102205.68,77376.14,Canceled
1005861,101893,Revolving loans,35664.11,56124.8,Approved
1005862,108513,Cash loans,3090.13,60663.36,Canceled
1005863,105857,Cash loans,108395.06,143218.86,Refused
1005864,102065,Revolving loans,4946.25,33114.71,Approved
1005865,106014,Cash loans,120597.84,88094.86,Approved
1005866,107446,Revolving loans,8325.27,108587.56,Approved
1005867,201291,Cash loans,69731.44,146297.06,Refused
1005868,104755,Revolving loans,111449.01,64943.7,Approved
1005869,109862,Revolving loans,99117.68,66869.05,Approved
1005870,100271,Consumer loans,125456.18,150994.64,Approved
1005871,201395,Consumer loans,69162.42,12976.5,Approved
1005872,103720,Cash loans,38740.97,41260.72,Approved
1005873,104056,Cash loans,35684.51,34759.75,Approved
1005874,107666,Revolving loans,24005.91,5531.76,Approved
1005875,102635,Consumer loans,10671.67,67868.2,Approved
1005876,107678,Cash loans,5998.43,243942.63,Approved
1005877,200658,Consumer loans,51731.93,26315.05,Approved
1005878,106285,Consumer loans,343702.53,85929.95,Refused
1005879,108554,Revolving loans,191382.96,229687.62,Approved
1005880,200472,Revolving loans,94734.43,19733.45,Refused
1005881,104165,Cash loans,159667.31,93300.96,Refused
1005882,201286,Consumer loans,90324.93,240606.67,Approved
1005883,100201,Revolving loans,14850.59,101671.94,Canceled
1005884,109650,Revolving loans,84565.02,527743.33,Refused
1005885,104693,Revolving loans,331461.75,95166.27,Refused
1005886,105622,Cash loans,15476.62,67770.86,Approved
1005887,105827,Revolving loans,122819.99,258321.74,Canceled
1005888,201433,Revolving loans,176928.1,264749.8,Refused
1005889,104622,Cash loans,70109.53,318446.11,Approved
1005890,102749,Consumer loans,82642.02,120041.09,Approved
1005891,106787,Cash loans,43182.04,184682.77,Approved
1005892,100213,Consumer loans,156338.74,3543.32,Canceled
1005893,200088,Consumer loans,148887.0,107844.63,Canceled
1005894,106382,Consumer loans,94982.7,103654.48,Refused
1005895,104382,Revolving loans,118536.13,114146.69,Approved
1005896,108693,Cash loans,85498.48,376497.7,Approved
1005897,102837,Consumer loans,50759.55,272824.73,Refused
1005898,102350,Cash loans,4436.56,159223.49,Canceled
1005899,101970,Revolving loans,102987.4,372830.13,Canceled
1005900,103779,Cash loans,120066.45,70486.93,Approved
1005901,100352,Cash loans,96515.83,123707.16,Approved
1005902,102884,Consumer loans,76978.83,103829.43,Canceled
1005903,107568,Consumer loans,87021.46,77576.88,Approved
1005904,201034,Cash loans,417538.66,53268.68,Approved
1005905,108535,Consumer loans,144995.4,31175.34,Approved
1005906,201345,Consumer loans,69424.36,10594.32,Refused
1005907,102226,Cash loans,125184.15,21607.21,Canceled
1005908,100746,Cash loans,33287.51,354235.5,Refused
1005909,104329,Consumer loans,42203.7,17660.63,Refused
1005910,105771,Cash loans,3585.61,444659.12,Approved
1005911,107887,Revolving loans,203362.84,42776.11,Approved
1005912,107266,Cash loans,40888.4,97434.25,Approved
1005913,104702,Revolving loans,183249.5,16261.73,Approved
1005914,103732,Cash loans,17921.27,149373.61,Refused
1005915,108979,Consumer loans,292705.06,119706.23,Approved
1005916,102235,Revolving loans,32331.33,14860.43,Approved
1005917,108334,Consumer loans,93379.79,268508.29,Approved
1005918,102589,Cash loans,74422.72,627699.58,Canceled
1005919,101848,Revolving loans,124242.83,42604.14,Approved
1005920,105646,Revolving loans,51089.97,535417.89,Approved
1005921,102194,Cash loans,12656.73,18946.64,Approved
1005922,100190,Revolving loans,130736.32,152131.85,Refused
1005923,108384,Cash loans,78233.76,516776.31,Approved
1005924,104568,Cash loans,216502.45,41538.57,Refused
1005925,109700,Consumer loans,188286.22,22249.33,Refused
1005926,104419,Consumer loans,317393.45,21935.1,Approved
1005927,106722,Cash loans,3172.69,208801.83,Refused
1005928,109066,Revolving loans,38860.54,21265.63,Approved
1005929,200508,Consumer loans,86947.8,124086.25,Refused
1005930,102234,Cash loans,188844.36,41088.73,Canceled
1005931,105217,Cash loans,104254.8,53553.27,Approved
1005932,106130,Revolving loans,247684.36,15063.28,Approved
1005933,200007,Consumer loans,137478.01,124322.61,Approved
1005934,109405,Cash loans,71744.29,96681.91,Approved
1005935,200559,Consumer loans,56211.25,26006.28,Canceled
1005936,107543,Revolving loans,76330.38,21314.44,Approved
1005937,109592,Revolving loans,181172.07,254994.78,Approved
1005938,100286,Consumer loans,98589.36,7686.44,Approved
1005939,201423,Revolving loans,115234.43,85866.87,Refused
1005940,101921,Consumer loans,67107.89,1088.28,Refused
1005941,102499,Consumer loans,16562.77,156222.72,Refused
1005942,103376,Revolving loans,55256.22,109063.11,Refused
1005943,200978,Consumer loans,6369.9,94222.29,Canceled
1005944,103336,Cash loans,197603.71,68989.33,Refused
1005945,101752,Cash loans,50055.73,37776.81,Approved
1005946,109482,Consumer loans,36721.06,45066.25,Approved
1005947,108406,Consumer loans,72421.44,46307.58,Refused
1005948,201973,Consumer loans,153237.25,27322.83,Approved
1005949,109410,Cash loans,89577.31,418818.08,Approved
1005950,103671,Consumer loans,46038.8,173847.08,Approved
1005951,106045,Revolving loans,8456.01,188601.26,Canceled
1005952,103937,Consumer loans,112877.71,100589.09,Approved
1005953,201544,Consumer loans,47938.41,80527.74,Approved
1005954,106248,Consumer loans,129992.72,248487.99,Canceled
1005955,108277,Cash loans,157194.28,120841.42,Approved
1005956,100332,Cash loans,33160.96,13347.98,Approved
1005957,100768,Cash loans,8716.22,341392.51,Canceled
1005958,103684,Cash loans,127316.1,84393.33,Approved
1005959,102604,Revolving loans,130592.24,310192.35,Approved
1005960,107182,Revolving loans,137260.28,115593.98,Approved
1005961,100331,Revolving loans,5922.99,81921.26,Approved
1005962,201808,Cash loans,123542.73,112021.82,Approved
1005963,103434,Revolving loans,108772.46,398942.97,Approved
1005964,102257,Revolving loans,69271.12,82986.46,Approved
1005965,104952,Consumer loans,156086.65,79808.19,Refused
1005966,109928,Revolving loans,74300.37,162079.06,Canceled
1005967,105374,Consumer loans,45219.78,43575.2,Approved
1005968,201162,Revolving loans,51811.41,214712.02,Refused
1005969,201574,Consumer loans,357520.54,44309.6,Approved
1005970,106546,Revolving loans,49520.8,35666.26,Approved
1005971,200311,Consumer loans,25462.26,501052.32,Approved
1005972,105361,Revolving loans,167179.24,262748.08,Refused
1005973,101276,Cash loans,80386.65,663050.88,Approved
1005974,101736,Consumer loans,50671.18,179504.77,Approved
1005975,201038,Revolving loans,121003.81,71278.74,Canceled
1005976,102677,Consumer loans,179140.8,20546.74,Approved
1005977,108039,Cash loans,37407.51,2549.1,Approved
1005978,101721,Cash loans,39930.15,38141.12,Refused
1005979,200153,Cash loans,156787.89,29208.65,Canceled
1005980,107183,Cash loans,179387.81,45929.08,Approved
1005981,101933,Revolving loans,207001.7,165117.11,Refused
1005982,109537,Consumer loans,267046.38,10027.54,Canceled
1005983,101462,Revolving loans,6397.51,119782.85,Approved
1005984,109947,Consumer loans,128255.82,61709.44,Approved
1005985,108105,Consumer loans,15793.55,13003.77,Refused
1005986,201036,Revolving loans,118507.42,81080.86,Approved
1005987,103484,Consumer loans,79073.0,9703.52,Approved
1005988,105290,Cash loans,230856.05,364144.17,Approved
1005989,109511,Consumer loans,105596.87,41366.23,Canceled
1005990,200646,Revolving loans,51472.76,24605.07,Approved
1005991,200554,Revolving loans,169686.49,153344.11,Approved
1005992,100809,Cash loans,17787.71,206831.06,Approved
1005993,107966,Revolving loans,65058.26,233043.39,Refused
1005994,105562,Cash loans,54114.52,301003.75,Approved
1005995,104501,Cash loans,1716.1,18355.44,Refused
1005996,106036,Consumer loans,76374.98,310631.92,Approved
1005997,104440,Cash loans,542736.87,25052.56,Canceled
1005998,106496,Revolving loans,26744.86,46811.48,Refused
1005999,108509,Consumer loans,56482.31,28796.06,Approved
1006000,108449,Revolving loans,29741.72,16899.01,Refused
1006001,104042,Revolving loans,3084.23,67027.9,Refused
1006002,107819,Consumer loans,7295.96,209272.3,Approved
1006003,106577,Revolving loans,73558.68,371377.21,Approved
1006004,104650,Consumer loans,204015.8,79871.97,Approved
1006005,101372,Consumer loans,21385.9,9415.27,Approved
1006006,104911,Revolving loans,21830.9,23435.67,Approved
1006007,102300,Cash loans,287670.89,109954.56,Canceled
1006008,103614,Revolving loans,22792.27,100628.72,Refused
1006009,104709,Consumer loans,2570.75,42548.23,Canceled
1006010,201037,Cash loans,19804.08,7442.41,Canceled
1006011,101099,Revolving loans,46857.06,438391.59,Approved
1006012,102177,Revolving loans,303054.33,176647.24,Refused
1006013,101041,Revolving loans,85119.88,139567.01,Canceled
1006014,106475,Consumer loans,214106.29,82159.88,Approved
1006015,108505,Cash loans,451018.36,35312.59,Approved
1006016,106776,Cash loans,17469.02,51290.12,Approved
1006017,100978,Consumer loans,21239.33,54074.78,Approved
1006018,100726,Consumer loans,4101.12,289502.23,Refused
1006019,100570,Cash loans,38521.67,19205.79,Approved
1006020,201251,Consumer loans,48487.54,239495.59,Approved
1006021,106586,Consumer loans,98251.0,30750.39,Approved
1006022,107302,Revolving loans,5126.01,36747.72,Canceled
1006023,201363,Cash loans,55953.32,189396.07,Approved
1006024,101785,Revolving loans,23288.0,255116.3,Approved
1006025,101973,Revolving loans,259924.5,97619.18,Canceled
1006026,103701,Cash loans,302190.69,99561.05,Approved
1006027,106918,Revolving loans,10381.81,14747.98,Canceled
1006028,103020,Consumer loans,42535.94,46197.92,Canceled
1006029,100991,Cash loans,20350.21,265624.45,Canceled
1006030,102766,Revolving loans,40527.77,93849.0,Refused
1006031,106377,Consumer loans,58271.25,18567.26,Approved
1006032,101762,Revolving loans,118736.19,306607.67,Approved
1006033,102498,Revolving loans,68885.76,17634.94,Approved
1006034,102899,Consumer loans,17429.55,68227.44,Canceled
1006035,102927,Consumer loans,54229.84,300099.08,Canceled
1006036,107806,Revolving loans,19243.43,41951.81,Approved
1006037,109333,Consumer loans,67145.94,79608.36,Approved
1006038,105046,Revolving loans,54637.49,146599.86,Refused
1006039,106041,Revolving loans,158634.16,94471.94,Refused
1006040,107947,Consumer loans,21174.56,209844.91,Approved
1006041,100356,Cash loans,230915.74,167657.12,Approved
1006042,108504,Consumer loans,7807.57,161402.16,Canceled
1006043,103204,Revolving loans,139627.59,74303.35,Refused
1006044,109266,Revolving loans,126426.07,50500.64,Approved
1006045,200303,Consumer loans,37791.35,171390.6,Approved
1006046,106622,Consumer loans,98198.05,35830.25,Approved
1006047,107102,Cash loans,167282.24,111220.32,Refused
1006048,104396,Consumer loans,800.29,152636.5,Refused
1006049,104776,Consumer loans,92655.12,525381.64,Approved
1006050,104607,Cash loans,28874.11,73969.82,Refused
1006051,104505,Consumer loans,157451.17,98015.6,Approved
1006052,104862,Consumer loans,5006.68,74895.02,Refused
1006053,105986,Consumer loans,22345.1,122229.03,Approved
1006054,105349,Cash loans,145317.03,10941.79,Refused
1006055,102800,Consumer loans,155762.48,103839.7,Approved
1006056,101299,Consumer loans,200859.41,108776.52,Approved
1006057,201611,Consumer loans,68908.65,98382.08,Approved
1006058,101732,Consumer loans,64272.01,74165.25,Approved
1006059,109600,Consumer loans,41621.35,183104.04,Approved
1006060,108406,Consumer loans,31281.42,116140.29,Approved
1006061,100493,Consumer loans,11503.3,12502.94,Refused
1006062,104445,Cash loans,349161.74,30751.82,Refused
1006063,104375,Cash loans,62631.92,276822.44,Approved
1006064,103117,Cash loans,110048.46,146441.3,Canceled
1006065,201004,Consumer loans,4430.4,182157.22,Approved
1006066,106691,Consumer loans,56678.11,129696.13,Approved
1006067,109104,Cash loans,184417.5,15972.83,Canceled
1006068,201365,Consumer loans,371898.28,14152.22,Approved
1006069,108119,Consumer loans,78285.37,163792.25,Canceled
1006070,109829,Revolving loans,2382.22,345468.78,Approved
1006071,108385,Revolving loans,83038.65,90000.05,Refused
1006072,104772,Consumer loans,24275.14,184771.45,Refused
1006073,103685,Consumer loans,2727.37,56441.2,Approved
1006074,201737,Revolving loans,143304.3,119714.02,Canceled
1006075,101693,Consumer loans,107260.69,36606.38,Approved
1006076,103193,Consumer loans,99870.99,99782.42,Approved
1006077,109496,Revolving loans,161234.57,141570.94,Approved
1006078,201803,Consumer loans,52824.32,27101.02,Approved
1006079,105086,Revolving loans,17200.64,150580.64,Approved
1006080,201184,Cash loans,53496.84,152255.5,Approved
1006081,100623,Consumer loans,105930.08,12903.05,Approved
1006082,105222,Consumer loans,160807.0,92554.51,Refused
1006083,109496,Revolving loans,6874.13,87897.08,Approved
1006084,200987,Consumer loans,23033.29,225063.32,Approved
1006085,106775,Cash loans,138119.81,209662.21,Approved
1006086,103205,Cash loans,110975.05,82891.28,Approved
1006087,103061,Revolving loans,52030.88,177798.95,Approved
1006088,106142,Cash loans,46640.56,64018.77,Canceled
1006089,109728,Cash loans,235800.37,117886.17,Approved
1006090,201133,Cash loans,62474.49,22852.19,Refused
1006091,104712,Consumer loans,101197.31,399237.3,Refused
1006092,104950,Revolving loans,18050.0,332054.64,Approved
1006093,201429,Revolving loans,76648.87,21937.46,Approved
1006094,104760,Revolving loans,105794.12,76891.19,Approved
1006095,106423,Revolving loans,162908.51,2570.64,Approved
1006096,200503,Cash loans,183277.44,65352.59,Approved
1006097,109558,Consumer loans,192745.15,126444.98,Canceled
1006098,105266,Cash loans,284259.84,441187.12,Approved
1006099,105563,Revolving loans,19873.02,544276.98,Approved
1006100,106702,Consumer loans,71341.33,108768.09,Approved
1006101,109601,Cash loans,78448.84,71514.51,Canceled
1006102,103095,Revolving loans,27821.52,90946.29,Approved
1006103,108879,Consumer loans,149317.47,143597.08,Canceled
1006104,104245,Consumer loans,254335.86,22870.25,Approved
1006105,100526,Consumer loans,239617.89,47165.1,Canceled
1006106,107032,Cash loans,825.29,79126.98,Approved
1006107,104791,Revolving loans,146229.82,28732.99,Canceled
1006108,104147,Cash loans,43849.09,140182.28,Approved
1006109,201097,Cash loans,18127.75,238313.56,Refused
1006110,105950,Revolving loans,76030.39,100731.49,Canceled
1006111,105896,Cash loans,72775.79,42349.82,Approved
1006112,201433,Consumer loans,77836.52,116881.03,Canceled
1006113,105588,Revolving loans,42545.44,10088.18,Refused
1006114,107463,Revolving loans,76635.99,165991.81,Canceled
1006115,109276,Cash loans,78156.81,35141.59,Refused
1006116,108389,Consumer loans,19021.06,49879.22,Refused
1006117,104401,Consumer loans,31163.83,141262.99,Approved
1006118,201195,Consumer loans,26392.36,59051.86,Approved
1006119,109334,Consumer loans,39646.03,79800.73,Refused
1006120,109964,Revolving loans,16637.98,26332.36,Approved
1006121,201872,Consumer loans,7054.69,6651.98,Approved
1006122,107346,Revolving loans,61954.82,358840.12,Approved
1006123,109667,Revolving loans,39748.7,11876.59,Approved
1006124,101948,Cash loans,32207.98,130904.88,Approved
1006125,201418,Consumer loans,39508.39,71907.37,Approved
1006126,104206,Consumer loans,46806.4,80921.1,Refused
1006127,102645,Cash loans,171157.55,62675.82,Approved
1006128,105182,Consumer loans,165776.8,26581.4,Approved
1006129,104535,Consumer loans,4621.05,177855.99,Approved
1006130,103211,Revolving loans,11427.21,129953.02,Canceled
1006131,108139,Revolving loans,25247.11,75257.13,Approved
1006132,105287,Consumer loans,184867.5,72814.21,Approved
1006133,105598,Revolving loans,33986.35,50545.6,Approved
1006134,108590,Consumer loans,273967.24,7217.78,Approved
1006135,108995,Cash loans,7005.42,47295.06,Refused
1006136,108533,Cash loans,90197.88,58008.69,Approved
1006137,100276,Revolving loans,328429.27,145387.8,Refused
1006138,108712,Revolving loans,75494.31,11442.91,Approved
1006139,201742,Consumer loans,4858.42,65108.49,Approved
1006140,101448,Consumer loans,15847.98,1263.16,Refused
1006141,201901,Consumer loans,20658.96,326986.56,Approved
1006142,200468,Revolving loans,9988.11,193180.02,Refused
1006143,104309,Consumer loans,13599.09,11164.0,Approved
1006144,201804,Consumer loans,313710.98,142198.88,Refused
1006145,102824,Cash loans,396016.69,190343.97,Approved
1006146,101615,Cash loans,112751.71,197082.09,Refused
1006147,100900,Consumer loans,143669.67,215909.95,Approved
1006148,109242,Cash loans,25330.62,160024.26,Approved
1006149,109942,Revolving loans,20351.42,10225.39,Canceled
1006150,102128,Consumer loans,104453.53,228595.42,Canceled
1006151,103802,Consumer loans,296240.59,44600.47,Approved
1006152,102163,Cash loans,10410.65,1844.77,Canceled
1006153,106379,Consumer loans,11343.77,678804.46,Refused
1006154,109677,Cash loans,92038.86,480379.31,Approved
1006155,109060,Cash loans,17784.37,32806.23,Approved
1006156,106771,Cash loans,113026.94,20796.91,Canceled
1006157,103790,Consumer loans,21713.32,117144.51,Approved
1006158,101032,Revolving loans,134754.95,341311.98,Approved
1006159,104699,Revolving loans,2770.2,173042.16,Refused
1006160,107471,Revolving loans,263576.7,90801.97,Refused
1006161,107215,Revolving loans,14424.22,35228.34,Approved
1006162,103528,Consumer loans,31907.52,337670.66,Approved
1006163,109854,Consumer loans,41148.58,28827.25,Refused
1006164,103158,Cash loans,45352.17,37168.76,Approved
1006165,109701,Revolving loans,49783.66,203238.2,Approved
1006166,107550,Cash loans,17300.69,328775.99,Approved
1006167,105534,Cash loans,28076.45,26257.87,Approved
1006168,100883,Revolving loans,266532.85,125365.74,Approved
1006169,201431,Consumer loans,114309.01,380645.73,Approved
1006170,104292,Revolving loans,41173.18,43721.91,Approved
1006171,108128,Cash loans,8379.95,34390.29,Approved
1006172,103027,Consumer loans,58262.2,88641.59,Approved
1006173,103690,Cash loans,161908.02,35664.18,Approved
1006174,109270,Revolving loans,76636.88,144579.14,Canceled
1006175,100297,Cash loans,7937.94,146095.77,Approved
1006176,105467,Revolving loans,22255.49,162047.65,Approved
1006177,103389,Revolving loans,16405.36,49986.49,Canceled
1006178,101828,Cash loans,89195.93,295588.0,Approved
1006179,107343,Revolving loans,98305.63,49538.03,Canceled
1006180,102895,Consumer loans,72652.21,1361.46,Approved
1006181,107478,Consumer loans,123427.4,28848.18,Approved
1006182,200314,Consumer loans,132024.04,7654.72,Approved
1006183,108828,Revolving loans,207586.54,138606.07,Approved
1006184,103361,Consumer loans,199229.15,106154.52,Refused
1006185,102244,Cash loans,140193.61,70395.69,Canceled
1006186,103288,Revolving loans,3767.12,56316.45,Refused
1006187,200098,Revolving loans,715053.76,326382.76,Refused
1006188,104954,Revolving loans,48082.28,228051.77,Canceled
1006189,105334,Cash loans,89217.83,194931.23,Approved
1006190,107285,Revolving loans,129083.16,349551.23,Approved
1006191,106589,Revolving loans,47351.17,132783.25,Approved
1006192,108012,Cash loans,195968.29,21535.23,Approved
1006193,201678,Revolving loans,131868.63,14777.93,Canceled
1006194,200010,Consumer loans,5417.93,62028.48,Approved
1006195,100167,Revolving loans,156734.23,137236.18,Refused
1006196,101767,Revolving loans,482270.47,215077.63,Approved
1006197,104991,Revolving loans,52402.34,418821.38,Canceled
1006198,103585,Cash loans,201591.3,230175.04,Approved
1006199,103991,Consumer loans,29021.58,247126.89,Canceled
1006200,201437,Consumer loans,144905.58,174458.05,Canceled
1006201,201309,Consumer loans,90529.16,44681.01,Approved
1006202,101297,Consumer loans,34185.89,56543.9,Approved
1006203,100461,Cash loans,178705.59,75122.04,Approved
1006204,105409,Cash loans,32588.17,106299.13,Refused
1006205,104461,Cash loans,19012.16,133266.96,Approved
1006206,103696,Consumer loans,20659.78,125833.68,Refused
1006207,101634,Cash loans,182193.72,16896.52,Approved
1006208,201075,Cash loans,347365.69,104426.54,Approved
1006209,103272,Revolving loans,199104.84,143481.6,Canceled
1006210,101880,Revolving loans,111522.13,207706.27,Refused
1006211,108452,Cash loans,338678.31,639714.43,Refused
1006212,101940,Revolving loans,39235.84,20892.43,Refused
1006213,108832,Revolving loans,207200.23,212892.46,Canceled
1006214,107412,Consumer loans,30612.73,280398.2,Approved
1006215,201702,Consumer loans,171892.92,83171.33,Approved
1006216,106861,Revolving loans,161042.68,238683.74,Refused
1006217,100256,Consumer loans,33868.97,16930.07,Approved
1006218,108813,Revolving loans,17175.04,257047.04,Approved
1006219,108792,Consumer loans,110252.13,88388.16,Approved
1006220,102406,Revolving loans,18346.69,29805.16,Canceled
1006221,106846,Revolving loans,215210.33,29358.73,Approved
1006222,100463,Revolving loans,39354.39,46588.67,Approved
1006223,201005,Revolving loans,53597.78,407759.46,Approved
1006224,200637,Cash loans,21089.36,43875.91,Approved
1006225,200125,Revolving loans,341280.79,170180.45,Approved
1006226,106148,Consumer loans,149038.32,240961.39,Approved
1006227,107605,Revolving loans,50516.02,87492.37,Approved
1006228,103108,Consumer loans,178615.06,21540.26,Approved
1006229,201472,Revolving loans,41448.43,34442.17,Approved
1006230,101495,Cash loans,79903.89,539509.02,Refused
1006231,105333,Revolving loans,6671.83,170325.36,Approved
1006232,105635,Revolving loans,16767.39,51520.53,Canceled
1006233,201040,Revolving loans,149708.8,156886.72,Approved
1006234,101251,Cash loans,340082.5,24119.95,Canceled
1006235,100224,Revolving loans,229499.98,273962.04,Approved
1006236,101635,Cash loans,279780.2,53419.27,Canceled
1006237,100661,Cash loans,77522.65,170877.93,Approved
1006238,102158,Revolving loans,89797.85,2872.65,Canceled
1006239,100039,Cash loans,34724.71,132929.54,Approved
1006240,107298,Cash loans,95732.74,57952.12,Approved
1006241,105815,Revolving loans,47413.54,60742.8,Refused
1006242,100868,Consumer loans,8667.65,14476.58,Approved
1006243,104200,Consumer loans,283126.63,290597.68,Refused
1006244,106418,Revolving loans,139999.33,8845.33,Approved
1006245,108722,Cash loans,243439.13,97020.14,Approved
1006246,104010,Revolving loans,3015.13,229886.03,Refused
1006247,109318,Consumer loans,10482.1,84491.04,Approved
1006248,105554,Cash loans,22830.87,120022.62,Canceled
1006249,108174,Revolving loans,12448.35,57204.87,Approved
1006250,108533,Consumer loans,273660.54,21187.29,Approved
1006251,108116,Cash loans,170897.56,50925.0,Approved
1006252,107010,Revolving loans,176113.69,134556.48,Approved
1006253,107383,Consumer loans,89138.3,63907.23,Approved
1006254,108728,Consumer loans,123808.8,80493.48,Canceled
1006255,105572,Cash loans,62693.19,63902.52,Approved
1006256,108104,Revolving loans,143940.33,478.23,Refused
1006257,105402,Consumer loans,19089.98,10213.18,Canceled
1006258,101655,Consumer loans,86548.93,983.36,Approved
1006259,200720,Cash loans,72005.97,99912.66,Approved
1006260,109431,Revolving loans,394260.39,25337.52,Canceled
1006261,103203,Consumer loans,91749.99,3771.36,Approved
1006262,104795,Consumer loans,19088.1,6822.96,Approved
1006263,108896,Revolving loans,43481.19,32748.53,Approved
1006264,200264,Consumer loans,56981.85,96667.47,Approved
1006265,102902,Cash loans,78902.38,61210.41,Canceled
1006266,200627,Consumer loans,8910.26,58589.69,Approved
1006267,103707,Consumer loans,77951.93,4077.56,Approved
1006268,104338,Cash loans,129086.58,71855.36,Approved
1006269,106979,Cash loans,5063.27,62292.39,Approved
1006270,107430,Cash loans,37447.62,103771.21,Approved
1006271,100586,Cash loans,65381.23,204244.68,Refused
1006272,200731,Cash loans,23073.25,119500.7,Canceled
1006273,108527,Consumer loans,87104.36,317358.94,Refused
1006274,107633,Revolving loans,18176.98,230793.65,Refused
1006275,100700,Revolving loans,182394.99,126187.19,Approved
1006276,107751,Cash loans,168098.15,135316.39,Approved
1006277,103415,Consumer loans,56279.86,50929.07,Approved
1006278,201071,Consumer loans,39797.01,43624.7,Approved
1006279,201988,Cash loans,131356.53,69255.0,Approved
1006280,201067,Consumer loans,139529.97,11665.68,Refused
1006281,201114,Cash loans,72325.14,224142.54,Approved
1006282,201297,Consumer loans,30531.27,29607.01,Approved
1006283,101169,Consumer loans,38417.36,47268.78,Approved
1006284,201371,Consumer loans,146204.2,81666.57,Approved
1006285,106466,Revolving loans,17121.57,59731.31,Canceled
1006286,201384,Revolving loans,49250.38,136333.08,Refused
1006287,108126,Revolving loans,11389.77,65183.99,Approved
1006288,104034,Cash loans,45156.76,26306.3,Approved
1006289,201197,Revolving loans,15225.35,56998.2,Approved
1006290,104455,Consumer loans,8150.4,187625.96,Refused
1006291,201957,Revolving loans,15661.34,41800.29,Refused
1006292,106145,Consumer loans,23117.84,54660.25,Canceled
1006293,108166,Cash loans,231242.02,75530.23,Approved
1006294,100897,Revolving loans,150690.11,229705.59,Approved
1006295,107990,Consumer loans,181682.16,125548.96,Canceled
1006296,104942,Cash loans,21242.28,117414.57,Approved
1006297,107963,Cash loans,179381.62,17837.64,Approved
1006298,102930,Revolving loans,15762.88,224347.79,Refused
1006299,101063,Cash loans,136300.25,5573.53,Approved
1006300,201532,Revolving loans,54767.96,82661.19,Refused
1006301,102271,Consumer loans,176097.98,37328.92,Approved
1006302,109556,Cash loans,98731.14,261876.17,Canceled
1006303,106583,Cash loans,32844.3,79796.44,Canceled
1006304,108701,Cash loans,118723.45,190165.83,Refused
1006305,105241,Cash loans,132230.01,54265.11,Approved
1006306,106486,Cash loans,39721.98,76297.78,Approved
1006307,101958,Revolving loans,98381.0,145654.93,Approved
1006308,107150,Revolving loans,155642.45,119043.06,Refused
1006309,201926,Consumer loans,37917.32,71260.63,Approved
1006310,109882,Revolving loans,69781.35,153805.22,Approved
1006311,201375,Cash loans,40911.79,157426.19,Approved
1006312,200860,Consumer loans,397509.25,57613.07,Approved
1006313,105805,Revolving loans,20623.54,3603.01,Canceled
1006314,105620,Cash loans,83466.12,42931.42,Canceled
1006315,104342,Consumer loans,197959.39,38090.58,Canceled
1006316,102857,Consumer loans,191395.96,63353.96,Approved
1006317,201204,Revolving loans,4938.45,7479.02,Approved
1006318,100801,Consumer loans,136541.08,56550.12,Refused
1006319,103597,Revolving loans,81854.84,137541.17,Approved
1006320,104786,Revolving loans,57115.33,24230.0,Canceled
1006321,104621,Cash loans,68202.86,258351.54,Approved
1006322,107893,Revolving loans,34463.8,209750.17,Canceled
1006323,107449,Cash loans,190307.86,282605.55,Refused
1006324,108500,Consumer loans,185155.92,254608.25,Approved
1006325,105510,Consumer loans,22799.54,217104.03,Refused
1006326,108222,Cash loans,65921.65,72207.15,Approved
1006327,109387,Consumer loans,129234.07,314168.69,Approved
1006328,105491,Consumer loans,63232.53,78672.8,Approved
1006329,103702,Cash loans,14781.79,41363.9,Canceled
1006330,109342,Revolving loans,121587.31,221995.14,Approved
1006331,109834,Revolving loans,87268.13,223902.35,Refused
1006332,104647,Revolving loans,10024.73,78055.1,Canceled
1006333,105758,Revolving loans,8451.53,2672.62,Refused
1006334,101541,Revolving loans,190581.25,10649.76,Refused
1006335,103008,Cash loans,454337.0,705006.4,Approved
1006336,109166,Consumer loans,39767.62,21310.42,Canceled
1006337,109259,Cash loans,26993.88,100879.24,Approved
1006338,105497,Cash loans,178851.42,219243.03,Refused
1006339,102749,Cash loans,29347.0,464407.28,Approved
1006340,100610,Cash loans,149690.54,92917.94,Approved
1006341,105795,Consumer loans,6552.73,21710.81,Refused
1006342,200379,Consumer loans,67372.04,99224.41,Approved
1006343,103776,Cash loans,72611.97,317672.02,Approved
1006344,105250,Cash loans,17840.65,62529.43,Approved
1006345,201169,Cash loans,61566.41,132318.53,Canceled
1006346,108548,Consumer loans,24735.49,299853.05,Refused
1006347,103802,Consumer loans,236438.43,152706.15,Approved
1006348,106412,Consumer loans,218705.4,301850.68,Approved
1006349,103042,Consumer loans,139580.39,207129.19,Approved
1006350,200257,Revolving loans,37296.0,144390.88,Approved
1006351,106519,Consumer loans,70266.2,76173.9,Canceled
1006352,102162,Cash loans,48160.77,34571.42,Approved
1006353,107419,Revolving loans,14779.81,305611.59,Approved
1006354,102377,Revolving loans,126530.0,8613.69,Approved
1006355,105490,Revolving loans,51918.2,99051.16,Approved
1006356,107574,Revolving loans,9567.13,54468.34,Canceled
1006357,109726,Revolving loans,155068.03,12268.89,Approved
1006358,103475,Cash loans,81815.35,303869.07,Canceled
1006359,101462,Revolving loans,122063.19,22482.79,Approved
1006360,107283,Consumer loans,104033.85,34012.28,Refused
1006361,104358,Consumer loans,239493.46,413396.78,Approved
1006362,108088,Cash loans,210177.06,191679.25,Refused
1006363,201462,Cash loans,283719.87,188304.77,Canceled
1006364,108190,Consumer loans,33226.53,120573.48,Canceled
1006365,106478,Cash loans,7258.19,141100.98,Canceled
1006366,200230,Cash loans,16680.29,277600.84,Approved
1006367,104894,Consumer loans,293444.39,16219.79,Approved
1006368,201842,Revolving loans,53923.53,42325.56,Approved
1006369,100686,Consumer loans,287052.24,57196.69,Approved
1006370,201254,Revolving loans,2208.98,62153.87,Approved
1006371,103182,Revolving loans,523.31,330392.45,Approved
1006372,109311,Cash loans,3864.87,285910.09,Refused
1006373,108824,Cash loans,55027.91,90833.58,Approved
1006374,106973,Revolving loans,74759.96,39849.93,Approved
1006375,109885,Revolving loans,1328.66,54706.03,Approved
1006376,104271,Consumer loans,87681.87,175959.85,Approved
1006377,106674,Consumer loans,100403.19,167164.87,Approved
1006378,106696,Cash loans,15206.38,191175.9,Approved
1006379,107512,Cash loans,21159.22,665155.7,Approved
1006380,103072,Revolving loans,58246.16,38108.42,Canceled
1006381,106719,Cash loans,66690.33,344771.43,Refused
1006382,105506,Cash loans,1099.48,41680.91,Canceled
1006383,102863,Cash loans,325.43,18193.75,Canceled
1006384,108986,Revolving loans,68863.11,49508.77,Approved
1006385,106112,Consumer loans,7922.3,83131.7,Approved
1006386,104221,Revolving loans,247133.34,96129.08,Canceled
1006387,200683,Cash loans,18765.75,232127.63,Approved
1006388,103986,Cash loans,74609.14,27751.6,Refused
1006389,106457,Revolving loans,53240.4,65124.49,Approved
1006390,100742,Cash loans,71818.57,608812.15,Approved
1006391,107287,Consumer loans,312349.83,72434.43,Approved
1006392,201378,Revolving loans,54628.23,179641.47,Canceled
1006393,109158,Revolving loans,57119.07,220169.53,Approved
1006394,201838,Consumer loans,5309.13,52627.7,Canceled
1006395,105023,Consumer loans,140513.27,85623.08,Refused
1006396,109355,Cash loans,84751.26,174894.11,Canceled
1006397,104198,Revolving loans,4948.79,121683.2,Approved
1006398,108102,Consumer loans,4208.76,37588.0,Approved
1006399,100426,Cash loans,171255.0,2115.31,Canceled
1006400,100374,Consumer loans,99027.19,410715.2,Refused
1006401,107464,Revolving loans,37568.86,18137.02,Approved
1006402,109571,Cash loans,116044.74,33547.85,Canceled
1006403,101583,Consumer loans,54846.73,36105.55,Approved
1006404,106063,Cash loans,227118.0,451320.2,Approved
1006405,108682,Cash loans,155108.92,59379.92,Canceled
1006406,106006,Revolving loans,57416.91,25118.5,Approved
1006407,106580,Consumer loans,119253.79,162316.87,Canceled
1006408,200668,Revolving loans,128534.94,209172.49,Approved
1006409,104348,Cash loans,83478.63,196165.5,Refused
1006410,201888,Consumer loans,134272.69,153881.94,Canceled
1006411,200760,Consumer loans,51495.17,181327.94,Approved
1006412,104600,Consumer loans,68925.31,284358.61,Approved
1006413,101533,Revolving loans,43690.74,156838.14,Approved
1006414,201805,Revolving loans,118271.06,81204.42,Approved
1006415,107196,Cash loans,62907.83,88899.57,Refused
1006416,201461,Cash loans,144411.75,126816.73,Refused
1006417,105202,Revolving loans,163826.51,84691.69,Canceled
1006418,108090,Consumer loans,4920.69,264551.05,Approved
1006419,100807,Revolving loans,125063.02,75291.89,Approved
1006420,107307,Consumer loans,236035.97,52119.93,Approved
1006421,105078,Consumer loans,151664.76,67582.34,Approved
1006422,108517,Consumer loans,151333.99,24048.4,Canceled
1006423,107957,Revolving loans,6130.23,99808.02,Approved
1006424,109325,Revolving loans,263303.06,86713.29,Approved
1006425,100863,Revolving loans,92050.41,85847.74,Refused
1006426,102632,Revolving loans,99116.03,124519.88,Approved
1006427,105660,Revolving loans,144790.22,161827.97,Approved
1006428,200899,Consumer loans,136048.21,444242.39,Refused
1006429,103030,Revolving loans,9157.85,45528.59,Canceled
1006430,106879,Cash loans,6247.56,82108.27,Approved
1006431,105482,Consumer loans,80074.11,36710.85,Approved
1006432,105183,Consumer loans,234891.83,83330.82,Refused
1006433,100525,Consumer loans,61156.11,91403.43,Refused
1006434,106792,Consumer loans,114213.31,12101.87,Approved
1006435,105749,Revolving loans,170867.24,52918.54,Approved
1006436,104950,Revolving loans,5069.97,137139.16,Approved
1006437,102333,Revolving loans,34579.84,22109.26,Approved
1006438,104645,Cash loans,220803.28,67029.68,Approved
1006439,201445,Cash loans,130517.04,43424.44,Approved
1006440,200683,Consumer loans,21844.03,1182.39,Approved
1006441,104252,Revolving loans,9169.9,97726.75,Approved
1006442,200049,Consumer loans,19173.27,105413.46,Approved
1006443,108787,Revolving loans,308995.68,122953.86,Approved
1006444,100816,Revolving loans,41733.18,74929.34,Canceled
1006445,109024,Revolving loans,68954.17,67817.43,Approved
1006446,200209,Revolving loans,71257.72,159075.89,Canceled
1006447,104236,Revolving loans,82029.76,288139.5,Refused
1006448,101039,Revolving loans,1426.56,72306.55,Refused
1006449,101145,Consumer loans,193445.39,118179.26,Approved
1006450,102226,Revolving loans,100874.45,176769.17,Refused
1006451,106890,Revolving loans,69271.89,95532.26,Refused
1006452,201136,Revolving loans,179202.37,1116.76,Approved
1006453,107671,Cash loans,71745.74,101168.09,Canceled
1006454,103611,Cash loans,53552.49,102458.01,Approved
1006455,102015,Cash loans,164271.39,254221.46,Approved
1006456,102802,Revolving loans,13784.97,239206.16,Refused
1006457,104448,Consumer loans,33614.38,3422.15,Approved
1006458,105867,Revolving loans,229672.84,303479.07,Approved
1006459,109667,Revolving loans,21562.27,57948.07,Approved
1006460,106847,Revolving loans,18564.85,77562.72,Approved
1006461,108244,Consumer loans,258151.41,17738.47,Approved
1006462,105171,Consumer loans,49517.72,266827.44,Approved
1006463,107315,Revolving loans,9052.78,40078.99,Canceled
1006464,103685,Consumer loans,48951.5,48680.61,Approved
1006465,102553,Consumer loans,60329.74,165683.98,Approved
1006466,104751,Cash loans,2502.22,25886.57,Approved
1006467,105578,Revolving loans,69245.63,166578.19,Refused
1006468,103474,Cash loans,200392.61,106595.08,Approved
1006469,107667,Revolving loans,289491.53,146168.34,Approved
1006470,107983,Consumer loans,63271.17,29090.73,Refused
1006471,101169,Revolving loans,175801.62,34828.24,Approved
1006472,108493,Revolving loans,1457.3,187540.55,Canceled
1006473,107537,Cash loans,111792.62,276217.36,Canceled
1006474,109928,Consumer loans,121501.02,268051.19,Refused
1006475,102499,Revolving loans,5630.12,156725.08,Approved
1006476,201665,Consumer loans,166561.57,9043.89,Approved
1006477,102390,Cash loans,137334.4,68215.16,Refused
1006478,102964,Consumer loans,45382.22,53327.28,Approved
1006479,108873,Cash loans,48499.78,442171.22,Approved
1006480,104576,Revolving loans,22572.88,346703.78,Approved
1006481,105222,Revolving loans,87464.42,189087.77,Approved
1006482,109511,Cash loans,62294.17,415669.28,Approved
1006483,107389,Cash loans,13386.14,222249.73,Approved
1006484,103092,Cash loans,8151.84,70206.63,Refused
1006485,101893,Revolving loans,76363.5,259526.2,Canceled
1006486,200879,Revolving loans,59730.17,4865.08,Approved
1006487,200037,Consumer loans,137709.0,85346.03,Refused
1006488,200117,Consumer loans,73496.84,83216.04,Approved
1006489,201311,Revolving loans,150744.27,17141.8,Canceled
1006490,201972,Revolving loans,67321.03,536429.47,Refused
1006491,104540,Consumer loans,62399.49,27020.89,Canceled
1006492,104530,Revolving loans,22865.33,137807.39,Approved
1006493,109227,Revolving loans,47255.39,149304.0,Approved
1006494,101746,Revolving loans,37285.96,135793.81,Refused
1006495,103942,Revolving loans,24267.66,92729.0,Refused
1006496,104806,Revolving loans,340172.9,139778.84,Approved
1006497,100114,Revolving loans,331633.97,8017.06,Refused
1006498,200302,Revolving loans,52366.05,25861.67,Approved
1006499,201905,Cash loans,115705.81,3633.01,Approved
1006500,201909,Consumer loans,47161.33,65997.58,Approved
1006501,100052,Consumer loans,67269.82,34201.51,Canceled
1006502,108055,Consumer loans,29578.61,337640.63,Approved
1006503,105220,Revolving loans,23307.84,12543.66,Refused
1006504,109086,Revolving loans,13408.71,29159.66,Approved
1006505,103139,Revolving loans,181678.95,9947.39,Approved
1006506,104024,Revolving loans,36307.47,85592.86,Approved
1006507,100407,Revolving loans,102425.17,108359.22,Approved
1006508,105959,Consumer loans,19041.44,86062.82,Refused
1006509,107078,Consumer loans,56214.79,35567.38,Approved
1006510,104006,Cash loans,106831.11,102874.76,Approved
1006511,200205,Cash loans,139077.11,65247.69,Approved
1006512,200711,Consumer loans,21594.73,126543.44,Approved
1006513,107606,Revolving loans,10421.38,325215.55,Refused
1006514,107057,Cash loans,78444.1,20032.48,Approved
1006515,108750,Cash loans,24285.58,54981.86,Approved
1006516,201223,Cash loans,12663.36,87604.65,Approved
1006517,201304,Consumer loans,45891.01,95135.37,Approved
1006518,104665,Cash loans,271569.67,172593.44,Canceled
1006519,107354,Revolving loans,13044.55,8022.26,Approved
1006520,100706,Consumer loans,3436.21,81504.91,Approved
1006521,200672,Consumer loans,54519.34,106154.16,Canceled
1006522,102362,Consumer loans,42216.81,253442.34,Approved
1006523,109782,Cash loans,128917.69,107691.37,Approved
1006524,109896,Revolving loans,170701.79,29990.76,Approved
1006525,200312,Cash loans,23108.48,36929.78,Refused
1006526,101229,Cash loans,179376.28,4626.5,Canceled
1006527,103804,Consumer loans,205408.83,113337.2,Approved
1006528,102240,Cash loans,61051.48,75711.8,Approved
1006529,105911,Revolving loans,158055.26,67677.6,Approved
1006530,104725,Consumer loans,32727.27,50947.55,Approved
1006531,201282,Consumer loans,36114.82,7346.28,Approved
1006532,102000,Consumer loans,150196.84,117470.77,Approved
1006533,107608,Cash loans,5763.79,33316.41,Refused
1006534,108491,Cash loans,23581.68,25765.38,Approved
1006535,201157,Revolving loans,39466.9,65192.91,Refused
1006536,105040,Revolving loans,8032.66,3625.22,Approved
1006537,101515,Revolving loans,315029.88,415039.34,Approved
1006538,106526,Cash loans,119721.06,168970.2,Approved
1006539,104366,Revolving loans,17154.53,8844.9,Approved
1006540,104749,Revolving loans,34089.94,32704.61,Approved
1006541,100074,Cash loans,50292.87,41782.85,Approved
1006542,106351,Revolving loans,42861.35,425380.55,Refused
1006543,201161,Cash loans,262225.53,196228.23,Approved
1006544,101574,Cash loans,72633.49,274177.19,Approved
1006545,200044,Revolving loans,3085.92,111389.9,Approved
1006546,106800,Cash loans,14484.51,140216.07,Approved
1006547,200401,Revolving loans,277570.0,142366.7,Canceled
1006548,106052,Revolving loans,5763.12,17496.23,Approved
1006549,104768,Revolving loans,184483.67,8732.52,Approved
1006550,102509,Consumer loans,268045.77,49378.47,Approved
1006551,103424,Revolving loans,1344.4,38366.96,Canceled
1006552,107171,Consumer loans,111302.64,83043.86,Canceled
1006553,100092,Revolving loans,89283.04,72063.89,Refused
1006554,108944,Revolving loans,309199.65,36997.81,Approved
1006555,103577,Consumer loans,60666.22,25672.25,Approved
1006556,105591,Consumer loans,36575.86,36685.33,Approved
1006557,100849,Consumer loans,230415.46,107081.34,Approved
1006558,102783,Consumer loans,25769.88,472.17,Refused
1006559,200353,Cash loans,23431.64,114755.01,Refused
1006560,200366,Consumer loans,13247.09,117296.82,Canceled
1006561,106062,Revolving loans,465852.17,69984.29,Approved
1006562,105209,Consumer loans,119513.94,47432.18,Approved
1006563,105693,Revolving loans,6027.54,22223.19,Refused
1006564,103241,Cash loans,109710.35,116474.17,Approved
1006565,100763,Consumer loans,149439.5,101802.62,Canceled
1006566,103310,Consumer loans,73476.79,8661.14,Refused
1006567,101260,Cash loans,107567.12,51570.13,Approved
1006568,107882,Consumer loans,94363.32,48865.9,Approved
1006569,107792,Consumer loans,39282.93,480336.82,Approved
1006570,101858,Revolving loans,110038.36,63199.38,Refused
1006571,103244,Cash loans,35466.08,141896.54,Approved
1006572,201506,Revolving loans,10736.28,81276.23,Refused
1006573,102715,Cash loans,38481.79,70959.89,Canceled
1006574,102182,Revolving loans,43676.57,162007.72,Approved
1006575,100909,Consumer loans,62962.04,96441.37,Refused
1006576,102647,Cash loans,79153.22,262721.09,Refused
1006577,104411,Consumer loans,1056.2,4698.68,Refused
1006578,107048,Cash loans,15131.0,112025.13,Canceled
1006579,105517,Consumer loans,68471.57,69250.23,Approved
1006580,105922,Revolving loans,58352.47,512537.97,Approved
1006581,104329,Consumer loans,115390.48,140464.36,Refused
1006582,100424,Cash loans,132040.47,66390.26,Refused
1006583,107169,Consumer loans,249429.41,28022.74,Approved
1006584,106752,Cash loans,575490.76,5985.83,Refused
1006585,201721,Cash loans,51745.25,120313.87,Approved
1006586,200009,Revolving loans,2137.31,43535.42,Canceled
1006587,108838,Revolving loans,17706.85,6426.99,Approved
1006588,100097,Consumer loans,275740.62,67487.35,Approved
1006589,201228,Revolving loans,75102.22,88119.98,Approved
1006590,201272,Cash loans,240830.01,77202.8,Refused
1006591,103598,Cash loans,113133.71,211005.67,Approved
1006592,201023,Cash loans,125114.32,252980.32,Approved
1006593,201755,Cash loans,20755.99,80263.52,Approved
1006594,105933,Revolving loans,103133.4,490133.64,Approved
1006595,109735,Consumer loans,101957.24,352735.35,Approved
1006596,108240,Cash loans,8645.63,111607.93,Approved
1006597,201204,Revolving loans,37928.84,61624.27,Refused
1006598,200915,Revolving loans,272513.22,23130.48,Approved
1006599,107374,Revolving loans,150241.43,20172.42,Approved
1006600,108238,Consumer loans,23521.18,12651.48,Canceled
1006601,107610,Consumer loans,172510.99,83907.97,Approved
1006602,101403,Revolving loans,300398.82,155612.16,Approved
1006603,107396,Cash loans,75897.2,12132.52,Refused
1006604,200837,Revolving loans,72251.01,46811.99,Canceled
1006605,107529,Revolving loans,20837.37,88499.21,Approved
1006606,201614,Consumer loans,61844.76,92576.36,Refused
1006607,109033,Cash loans,26458.34,110171.06,Refused
1006608,106167,Cash loans,8928.69,305029.88,Approved
1006609,100500,Cash loans,176623.02,51918.07,Approved
1006610,104547,Revolving loans,91336.1,354352.94,Approved
1006611,101176,Consumer loans,88343.6,37419.62,Approved
1006612,102386,Cash loans,409345.95,92376.66,Canceled
1006613,100340,Revolving loans,50257.4,85612.82,Canceled
1006614,105275,Consumer loans,113720.28,10238.67,Approved
1006615,106651,Cash loans,45723.11,123228.99,Approved
1006616,200725,Revolving loans,112895.17,48440.74,Approved
1006617,103147,Consumer loans,107663.26,27843.17,Approved
1006618,201872,Revolving loans,282.01,54490.46,Refused
1006619,101007,Cash loans,154287.67,52888.96,Approved
1006620,108635,Consumer loans,11943.91,39026.87,Approved
1006621,104144,Revolving loans,133693.6,93595.47,Approved
1006622,105590,Consumer loans,168573.03,83569.89,Canceled
1006623,104128,Cash loans,349019.04,22213.85,Approved
1006624,103028,Consumer loans,41923.43,123105.27,Canceled
1006625,100264,Cash loans,162387.45,161579.43,Canceled
1006626,102851,Revolving loans,84689.5,25310.75,Approved
1006627,104733,Cash loans,11340.43,187057.34,Canceled
1006628,102851,Revolving loans,33189.6,114404.89,Approved
1006629,100399,Consumer loans,18909.23,64929.21,Canceled
1006630,104430,Revolving loans,234482.36,29506.69,Canceled
1006631,108008,Consumer loans,80770.68,7137.54,Approved
1006632,200686,Consumer loans,11567.16,121092.34,Canceled
1006633,100634,Revolving loans,99623.0,70291.79,Approved
1006634,200540,Consumer loans,26330.66,70655.36,Refused
1006635,109405,Revolving loans,101221.29,27384.57,Approved
1006636,105125,Consumer loans,19977.8,266594.77,Canceled
1006637,104208,Consumer loans,84824.98,13974.55,Approved
1006638,102004,Consumer loans,63240.39,93309.12,Refused
1006639,100101,Revolving loans,32441.97,4020.25,Approved
1006640,108691,Consumer loans,16689.26,31793.89,Approved
1006641,201109,Cash loans,176458.52,49244.36,Canceled
1006642,200298,Consumer loans,4366.45,197984.95,Canceled
1006643,101634,Revolving loans,59859.71,41815.32,Refused
1006644,103752,Cash loans,69334.22,615045.82,Approved
1006645,103454,Revolving loans,16798.79,328908.73,Approved
1006646,201078,Cash loans,232814.53,298652.39,Canceled
1006647,107868,Consumer loans,5974.67,145062.42,Approved
1006648,104096,Revolving loans,33424.7,81079.46,Approved
1006649,101624,Cash loans,51121.59,28014.97,Refused
1006650,100395,Consumer loans,151868.41,38808.22,Approved
1006651,105954,Revolving loans,86548.77,61362.94,Approved
1006652,109584,Revolving loans,19320.21,14093.06,Approved
1006653,106812,Revolving loans,140791.01,31801.81,Canceled
1006654,105576,Cash loans,64791.27,8758.83,Approved
1006655,201583,Revolving loans,75302.25,86280.92,Approved
1006656,107257,Cash loans,288750.63,234977.37,Refused
1006657,109902,Consumer loans,6134.49,114631.5,Approved
1006658,106017,Cash loans,38431.72,184790.41,Approved
1006659,109733,Consumer loans,14861.82,124856.07,Approved
1006660,101360,Cash loans,43905.2,10636.02,Approved
1006661,104611,Revolving loans,130672.02,59658.36,Approved
1006662,108131,Revolving loans,25921.29,43809.69,Canceled
1006663,109848,Cash loans,2380.25,15609.4,Refused
1006664,102630,Revolving loans,6659.67,20564.23,Approved
1006665,105893,Consumer loans,128478.69,284824.65,Approved
1006666,103532,Cash loans,46116.05,80327.43,Approved
1006667,103666,Cash loans,117014.54,36449.24,Refused
1006668,107455,Consumer loans,20094.28,36895.22,Approved
1006669,200015,Cash loans,279812.3,580424.13,Approved
1006670,108898,Cash loans,19353.36,135230.48,Approved
1006671,201909,Cash loans,78870.64,92560.27,Approved
1006672,101555,Cash loans,5082.53,247460.17,Approved
1006673,106401,Revolving loans,32469.83,244504.49,Refused
1006674,201432,Cash loans,34353.79,18524.46,Approved
1006675,109133,Consumer loans,39274.14,327044.86,Approved
1006676,108065,Cash loans,4187.54,35613.62,Approved
1006677,106607,Consumer loans,173035.96,57030.59,Approved
1006678,200935,Revolving loans,176169.23,507796.83,Approved
1006679,106695,Cash loans,260357.45,163225.52,Refused
1006680,105629,Consumer loans,19898.42,11336.1,Approved
1006681,105761,Cash loans,35821.56,1792.77,Refused
1006682,101869,Cash loans,39802.73,305440.2,Refused
1006683,200976,Consumer loans,99380.63,155758.82,Refused
1006684,102334,Consumer loans,141292.24,91231.34,Approved
1006685,101073,Cash loans,289798.3,115382.66,Approved
1006686,104082,Cash loans,4408.62,119883.47,Approved
1006687,104427,Cash loans,108152.98,131295.2,Approved
1006688,109456,Cash loans,11165.46,354335.07,Approved
1006689,200851,Cash loans,948.96,507420.05,Approved
1006690,104070,Revolving loans,143881.49,72563.19,Approved
1006691,100180,Cash loans,102205.37,364350.22,Approved
1006692,103963,Cash loans,208696.27,72030.25,Canceled
1006693,105687,Revolving loans,41641.76,209834.96,Approved
1006694,101911,Revolving loans,107236.57,309963.25,Refused
1006695,100990,Cash loans,114210.57,221528.53,Approved
1006696,104809,Revolving loans,23925.61,6583.52,Canceled
1006697,200887,Revolving loans,35317.31,2269.87,Approved
1006698,201386,Cash loans,245719.66,456619.51,Refused
1006699,105613,Cash loans,16422.9,18061.69,Approved
1006700,103752,Consumer loans,8654.18,35979.48,Approved
1006701,200250,Consumer loans,5575.47,122484.6,Refused
1006702,101100,Revolving loans,46190.07,168364.09,Approved
1006703,106626,Cash loans,165438.32,30515.23,Refused
1006704,107281,Cash loans,16125.84,15100.3,Canceled
1006705,107100,Revolving loans,138320.29,155717.88,Approved
1006706,107490,Revolving loans,13539.28,172119.64,Approved
1006707,106848,Cash loans,267321.36,3766.17,Canceled
1006708,102415,Revolving loans,5363.62,5849.63,Approved
1006709,102812,Consumer loans,398236.02,256289.14,Canceled
1006710,201948,Cash loans,34500.53,203358.41,Approved
1006711,102826,Revolving loans,154190.95,292483.97,Canceled
1006712,108648,Consumer loans,97592.98,122756.3,Refused
1006713,107931,Cash loans,34249.06,83034.84,Refused
1006714,100215,Revolving loans,71916.52,33131.51,Approved
1006715,101388,Consumer loans,58955.02,23999.64,Approved
1006716,106606,Revolving loans,115485.23,93395.61,Approved
1006717,105815,Revolving loans,8670.78,124116.01,Approved
1006718,106488,Consumer loans,72473.08,4307.4,Approved
1006719,101464,Revolving loans,4812.28,39012.11,Approved
1006720,201010,Cash loans,218867.94,170714.08,Refused
1006721,104434,Revolving loans,32780.67,236508.76,Approved
1006722,108801,Consumer loans,14055.54,208632.92,Refused
1006723,109133,Consumer loans,45405.52,90684.9,Refused
1006724,100784,Cash loans,18287.83,123729.52,Refused
1006725,106866,Consumer loans,46164.16,77107.09,Approved
1006726,102835,Consumer loans,301662.25,121937.89,Approved
1006727,109681,Revolving loans,32651.85,33104.75,Approved
1006728,107735,Consumer loans,189841.43,71265.59,Approved
1006729,100467,Consumer loans,93202.89,106486.38,Approved
1006730,105832,Consumer loans,99349.42,65934.71,Refused
1006731,103005,Consumer loans,67399.0,8701.47,Approved
1006732,105224,Consumer loans,58997.66,68982.88,Refused
1006733,105164,Revolving loans,37621.32,155362.39,Canceled
1006734,107076,Cash loans,95044.08,2391.14,Approved
1006735,100928,Revolving loans,28638.41,84018.76,Canceled
1006736,103722,Revolving loans,123518.75,53400.56,Approved
1006737,103047,Cash loans,28665.79,10955.28,Approved
1006738,109082,Consumer loans,49069.1,140190.65,Approved
1006739,201328,Revolving loans,34926.71,8180.34,Approved
1006740,106266,Consumer loans,157678.13,106756.33,Refused
1006741,103934,Consumer loans,121663.66,178763.97,Approved
1006742,100186,Cash loans,13616.48,10587.13,Canceled
1006743,107552,Revolving loans,52089.3,37662.45,Approved
1006744,201940,Cash loans,22281.58,41790.83,Approved
1006745,107690,Cash loans,230075.83,15533.19,Approved
1006746,200910,Revolving loans,445925.02,50102.36,Approved
1006747,200160,Consumer loans,68002.9,36066.05,Refused
1006748,107024,Consumer loans,101285.03,99456.08,Canceled
1006749,105257,Revolving loans,131182.98,95832.66,Approved
1006750,106211,Revolving loans,116653.62,262662.59,Approved
1006751,107276,Revolving loans,112620.73,162.46,Approved
1006752,107182,Cash loans,110152.19,165947.81,Approved
1006753,108314,Revolving loans,147712.61,136974.86,Approved
1006754,101422,Cash loans,116.44,88518.75,Approved
1006755,109624,Revolving loans,291145.28,78968.73,Approved
1006756,103991,Consumer loans,36514.05,26080.87,Approved
1006757,107611,Consumer loans,208848.16,186267.59,Refused
1006758,101515,Revolving loans,427919.09,35467.21,Approved
1006759,101686,Revolving loans,156380.63,4846.14,Approved
1006760,200476,Cash loans,27945.44,113075.64,Canceled
1006761,103745,Consumer loans,40533.25,282573.38,Approved
1006762,200748,Revolving loans,31656.7,184807.83,Approved
1006763,100243,Revolving loans,68447.26,62890.67,Canceled
1006764,100195,Cash loans,41741.53,120876.23,Canceled
1006765,108915,Consumer loans,40801.31,214216.55,Approved
1006766,106105,Consumer loans,45005.89,117082.0,Approved
1006767,201547,Cash loans,120756.46,12278.8,Refused
1006768,107055,Consumer loans,8966.57,283961.89,Approved
1006769,104409,Consumer loans,10222.01,17323.48,Refused
1006770,109237,Revolving loans,124424.89,435576.19,Approved
1006771,102191,Consumer loans,93502.06,63233.61,Refused
1006772,100759,Consumer loans,22859.4,58968.01,Canceled
1006773,109682,Consumer loans,163656.84,213846.47,Approved
1006774,108621,Revolving loans,43502.09,469997.7,Approved
1006775,109919,Cash loans,37911.02,103656.81,Refused
1006776,101916,Consumer loans,9118.46,48550.31,Approved
1006777,201606,Consumer loans,9008.81,371599.38,Approved
1006778,109937,Cash loans,162589.16,392958.43,Canceled
1006779,109522,Consumer loans,86554.54,30626.38,Approved
1006780,104974,Cash loans,92162.41,205842.02,Canceled
1006781,108961,Cash loans,347731.32,46729.5,Approved
1006782,200241,Revolving loans,11141.31,21126.82,Approved
1006783,103123,Cash loans,106902.17,189146.49,Approved
1006784,104110,Revolving loans,67912.25,12335.75,Refused
1006785,103271,Revolving loans,114028.44,169147.57,Approved
1006786,108004,Cash loans,4720.13,20683.37,Canceled
1006787,201393,Consumer loans,59959.99,53722.37,Refused
1006788,103455,Revolving loans,24692.93,86588.13,Approved
1006789,104481,Cash loans,438.62,3912.91,Approved
1006790,200371,Cash loans,99614.39,66662.43,Approved
1006791,102956,Consumer loans,177566.84,282348.05,Refused
1006792,201101,Revolving loans,71267.47,3665.99,Approved
1006793,104978,Consumer loans,104953.32,161844.32,Canceled
1006794,108958,Consumer loans,35992.77,105120.24,Canceled
1006795,109974,Cash loans,37006.98,140345.86,Approved
1006796,200407,Consumer loans,229720.51,89714.42,Canceled
1006797,104729,Cash loans,108937.7,23934.3,Refused
1006798,104379,Revolving loans,1792.62,56478.03,Approved
1006799,105466,Consumer loans,82512.58,177104.21,Refused
1006800,101011,Consumer loans,48877.37,12258.5,Approved
1006801,106735,Consumer loans,89773.49,285872.68,Approved
1006802,105848,Consumer loans,23569.99,47078.53,Refused
1006803,100438,Revolving loans,41558.01,25823.74,Canceled
1006804,201424,Consumer loans,355994.65,428705.93,Approved
1006805,200720,Cash loans,143730.69,135454.63,Approved
1006806,109272,Revolving loans,111211.1,32326.45,Refused
1006807,108293,Cash loans,12441.49,20885.05,Approved
1006808,109992,Revolving loans,67595.93,54970.69,Refused
1006809,104445,Consumer loans,13842.73,66411.93,Approved
1006810,105816,Revolving loans,39961.95,9645.08,Approved
1006811,102578,Cash loans,38371.54,278011.15,Approved
1006812,103581,Consumer loans,372313.65,316256.78,Approved
1006813,107189,Revolving loans,16101.19,16506.85,Canceled
1006814,101006,Consumer loans,539745.83,215108.33,Canceled
1006815,109420,Revolving loans,128262.12,30105.27,Approved
1006816,100198,Consumer loans,35272.52,5426.23,Canceled
1006817,101629,Cash loans,78512.77,106753.79,Refused
1006818,103961,Consumer loans,11313.06,161340.42,Approved
1006819,106709,Consumer loans,142304.56,25221.52,Approved
1006820,201958,Cash loans,50157.5,323026.17,Approved
1006821,102281,Cash loans,250673.24,19432.08,Approved
1006822,201247,Consumer loans,57424.11,143879.53,Approved
1006823,108964,Revolving loans,15772.24,152946.32,Approved
1006824,100027,Consumer loans,7669.15,108575.49,Approved
1006825,102569,Consumer loans,29251.75,171220.15,Approved
1006826,104216,Revolving loans,303190.3,314902.91,Refused
1006827,106739,Cash loans,195010.52,300575.12,Refused
1006828,101272,Revolving loans,130098.44,21177.45,Canceled
1006829,109389,Consumer loans,234619.8,42324.7,Canceled
1006830,201703,Revolving loans,168169.18,108989.16,Approved
1006831,103313,Revolving loans,49725.45,42716.29,Canceled
1006832,104370,Cash loans,199655.85,85256.31,Approved
1006833,200845,Revolving loans,108753.94,203069.69,Approved
1006834,103230,Consumer loans,138639.78,19910.05,Approved
1006835,105237,Revolving loans,294855.12,16394.0,Refused
1006836,103379,Consumer loans,73061.01,752027.75,Refused
1006837,103922,Cash loans,39097.43,211537.2,Refused
1006838,200177,Revolving loans,269009.68,219938.96,Approved
1006839,106147,Cash loans,233351.3,167376.92,Canceled
1006840,100612,Consumer loans,65943.13,5369.33,Approved
1006841,106617,Revolving loans,103326.68,60986.37,Approved
1006842,103396,Cash loans,2805.92,113906.97,Canceled
1006843,103244,Cash loans,9826.93,4968.92,Approved
1006844,105964,Cash loans,222390.74,370989.88,Approved
1006845,106190,Cash loans,210976.07,575283.72,Refused
1006846,200563,Cash loans,77633.71,184944.7,Refused
1006847,104453,Revolving loans,173554.1,4737.46,Canceled
1006848,200622,Consumer loans,5185.91,108413.0,Approved
1006849,105206,Revolving loans,284745.78,234102.75,Approved
1006850,102886,Consumer loans,111294.36,20457.6,Refused
1006851,201822,Consumer loans,75295.32,356651.82,Refused
1006852,105388,Revolving loans,31605.52,43093.89,Refused
1006853,200763,Revolving loans,69376.69,217083.68,Canceled
1006854,101067,Revolving loans,36950.8,98275.83,Canceled
1006855,109286,Cash loans,19922.84,46032.56,Approved
1006856,109182,Cash loans,76686.1,2828.95,Approved
1006857,100426,Cash loans,7459.03,172018.15,Approved
1006858,200881,Consumer loans,244288.41,122857.34,Approved
1006859,102051,Cash loans,433775.67,52125.61,Approved
1006860,200770,Consumer loans,54248.15,156758.99,Approved
1006861,109101,Revolving loans,83072.47,128598.24,Approved
1006862,102808,Consumer loans,225220.46,36433.24,Canceled
1006863,109124,Cash loans,103630.07,252123.11,Approved
1006864,200634,Consumer loans,66717.64,140024.72,Approved
1006865,109020,Consumer loans,7374.13,250124.28,Refused
1006866,103651,Cash loans,13849.05,115973.91,Canceled
1006867,201185,Revolving loans,69471.31,225398.34,Approved
1006868,105424,Consumer loans,32672.77,99039.02,Approved
1006869,201133,Revolving loans,5962.17,5081.79,Canceled
1006870,105915,Cash loans,10364.63,50602.9,Approved
1006871,106515,Consumer loans,88383.66,118597.12,Canceled
1006872,106637,Consumer loans,423357.13,1570.73,Refused
1006873,100672,Consumer loans,98989.14,185768.2,Approved
1006874,101982,Consumer loans,18248.93,137609.65,Canceled
1006875,107559,Cash loans,98047.65,337403.69,Canceled
1006876,100714,Cash loans,267123.05,41034.63,Approved
1006877,103090,Consumer loans,205055.81,111900.38,Canceled
1006878,105003,Revolving loans,29456.7,120452.72,Approved
1006879,104388,Revolving loans,294488.48,168084.76,Refused
1006880,103791,Cash loans,108915.4,169987.18,Approved
1006881,105025,Revolving loans,118378.83,230051.43,Canceled
1006882,109522,Cash loans,44866.61,30056.74,Approved
1006883,105026,Revolving loans,38482.47,20749.04,Approved
1006884,105520,Revolving loans,268674.66,152703.79,Approved
1006885,109085,Revolving loans,29020.94,16187.29,Refused
1006886,200875,Cash loans,216339.26,12556.9,Canceled
1006887,106460,Consumer loans,17759.34,122944.77,Canceled
1006888,107335,Cash loans,357884.7,206303.08,Approved
1006889,102384,Consumer loans,24026.46,229988.24,Canceled
1006890,100562,Revolving loans,30375.33,429525.57,Approved
1006891,102918,Cash loans,67268.57,9110.39,Approved
1006892,107000,Cash loans,131540.45,65621.61,Canceled
1006893,109290,Revolving loans,146209.96,65974.96,Canceled
1006894,105261,Consumer loans,54899.09,11876.96,Approved
1006895,100361,Revolving loans,11220.41,135404.79,Approved
1006896,109106,Cash loans,89255.23,63372.62,Canceled
1006897,107040,Consumer loans,38057.3,28641.12,Approved
1006898,109339,Consumer loans,101480.71,198878.67,Approved
1006899,106447,Cash loans,39520.7,148432.45,Approved
1006900,106150,Revolving loans,165327.12,60277.68,Approved
1006901,107677,Cash loans,106741.88,184630.44,Refused
1006902,105249,Consumer loans,46173.34,275956.69,Approved
1006903,100299,Cash loans,162226.94,17203.25,Approved
1006904,103946,Cash loans,42840.06,5790.19,Approved
1006905,101999,Consumer loans,38496.62,66463.29,Refused
1006906,100712,Consumer loans,420485.64,79194.07,Approved
1006907,108165,Consumer loans,32369.54,50812.23,Refused
1006908,104434,Revolving loans,89422.23,271391.63,Canceled
1006909,105778,Cash loans,211353.06,147369.76,Canceled
1006910,106543,Revolving loans,97870.72,618.88,Approved
1006911,108298,Cash loans,203339.23,152402.38,Approved
1006912,105458,Cash loans,77563.88,364.37,Approved
1006913,107927,Revolving loans,42516.29,137539.67,Approved
1006914,108734,Cash loans,301823.32,24633.03,Refused
1006915,105484,Cash loans,31298.39,100458.4,Refused
1006916,107103,Revolving loans,44864.04,62399.37,Approved
1006917,105058,Cash loans,126513.84,212113.21,Canceled
1006918,108581,Cash loans,106708.44,117038.71,Approved
1006919,103420,Cash loans,3204.08,384736.45,Refused
1006920,103042,Consumer loans,4097.47,104887.41,Approved
1006921,201900,Revolving loans,81225.39,42888.53,Approved
1006922,104727,Revolving loans,42483.49,80215.43,Approved
1006923,109526,Cash loans,132122.0,104410.16,Canceled
1006924,101800,Revolving loans,55144.67,84521.63,Approved
1006925,101255,Revolving loans,28661.37,48260.58,Refused
1006926,105070,Revolving loans,109780.33,45188.0,Refused
1006927,103530,Cash loans,134524.27,70932.86,Refused
1006928,103413,Cash loans,184808.06,96804.46,Approved
1006929,109555,Cash loans,70202.45,101773.37,Approved
1006930,106457,Revolving loans,99307.16,24576.23,Canceled
1006931,101792,Consumer loans,69291.5,89204.65,Approved
1006932,108995,Consumer loans,10775.94,149907.55,Canceled
1006933,108461,Cash loans,234785.69,7867.12,Approved
1006934,104095,Consumer loans,27963.96,7059.48,Canceled
1006935,104032,Revolving loans,57858.94,72981.92,Canceled
1006936,103685,Cash loans,19873.43,169015.66,Refused
1006937,100864,Revolving loans,113790.21,37261.5,Refused
1006938,107450,Revolving loans,121130.78,72849.13,Approved
1006939,106819,Revolving loans,46260.58,408702.11,Refused
1006940,102760,Consumer loans,91983.68,30963.73,Refused
1006941,108731,Revolving loans,5573.42,775265.13,Approved
1006942,108176,Cash loans,78366.54,215995.59,Approved
1006943,200101,Cash loans,25215.08,59312.5,Approved
1006944,107365,Revolving loans,78857.04,72884.37,Approved
1006945,103288,Revolving loans,41718.59,13058.5,Approved
1006946,102170,Cash loans,43485.61,54674.58,Approved
1006947,100617,Revolving loans,85323.81,854777.54,Approved
1006948,201811,Consumer loans,8966.6,82470.15,Approved
1006949,104041,Revolving loans,82723.39,177082.68,Approved
1006950,107576,Cash loans,129120.93,99984.81,Canceled
1006951,108452,Revolving loans,34319.64,208308.71,Approved
1006952,102263,Revolving loans,137629.97,19995.14,Refused
1006953,109651,Consumer loans,48772.26,238050.84,Refused
1006954,100365,Revolving loans,27940.57,258344.61,Approved
1006955,103936,Revolving loans,14701.27,154380.06,Approved
1006956,106981,Cash loans,29253.68,87684.54,Approved
1006957,103950,Revolving loans,13396.93,299771.3,Canceled
1006958,106275,Cash loans,36594.29,154568.29,Approved
1006959,105733,Consumer loans,21607.86,161273.24,Approved
1006960,104508,Revolving loans,77274.91,40610.01,Refused
1006961,201053,Revolving loans,5997.04,382296.66,Approved
1006962,200052,Consumer loans,27439.44,15763.4,Refused
1006963,109362,Consumer loans,13431.59,36513.45,Canceled
1006964,104397,Consumer loans,60223.26,25000.15,Approved
1006965,103826,Consumer loans,9668.49,112339.25,Refused
1006966,101450,Consumer loans,136667.91,69711.07,Canceled
1006967,108488,Cash loans,19337.25,371507.74,Approved
1006968,109688,Revolving loans,58755.64,94372.52,Approved
1006969,100168,Consumer loans,155127.8,118230.54,Approved
1006970,108285,Cash loans,179877.88,281112.71,Canceled
1006971,109435,Consumer loans,40992.82,52233.14,Approved
1006972,104017,Cash loans,80243.78,62635.03,Approved
1006973,101637,Revolving loans,10191.45,2418.04,Approved
1006974,200214,Revolving loans,519.48,223469.01,Canceled
1006975,106018,Revolving loans,107088.0,198408.72,Refused
1006976,105642,Consumer loans,41991.92,33786.35,Approved
1006977,201089,Revolving loans,11476.05,87331.3,Approved
1006978,106852,Revolving loans,41741.22,22721.53,Approved
1006979,109537,Consumer loans,189809.39,41355.17,Refused
1006980,105770,Revolving loans,21760.02,9080.99,Approved
1006981,108714,Consumer loans,278332.91,339914.82,Canceled
1006982,104021,Revolving loans,161256.98,65643.97,Approved
1006983,109287,Consumer loans,115162.12,104110.67,Refused
1006984,105855,Cash loans,47985.97,13369.8,Canceled
1006985,101309,Cash loans,422858.57,24254.62,Approved
1006986,103508,Cash loans,343501.69,105235.0,Approved
1006987,109170,Revolving loans,2015.89,96307.56,Approved
1006988,201496,Revolving loans,125204.35,56001.94,Approved
1006989,100807,Consumer loans,48760.38,66179.33,Approved
1006990,108287,Consumer loans,168540.88,82778.69,Approved
1006991,101738,Consumer loans,70307.97,120623.69,Approved
1006992,103748,Consumer loans,114210.73,15710.52,Canceled
1006993,103135,Revolving loans,199445.53,44344.68,Approved
1006994,201718,Consumer loans,7183.4,21129.49,Approved
1006995,102230,Revolving loans,33041.11,91617.39,Refused
1006996,100265,Cash loans,61736.36,112928.05,Approved
1006997,103045,Revolving loans,82747.15,104555.23,Approved
1006998,103277,Cash loans,60845.95,4162.43,Approved
1006999,200130,Cash loans,113732.87,99348.61,Canceled
1007000,107256,Cash loans,790.62,128822.43,Approved
1007001,101127,Revolving loans,17428.51,231750.79,Canceled
1007002,103981,Consumer loans,117509.41,111856.66,Approved
1007003,106685,Cash loans,248384.04,10810.21,Canceled
1007004,106933,Revolving loans,151727.44,46070.35,Approved
1007005,107028,Cash loans,5120.66,111211.36,Approved
1007006,107948,Consumer loans,22591.48,61182.86,Approved
1007007,103502,Revolving loans,66021.87,202753.99,Approved
1007008,104738,Consumer loans,26677.63,41498.31,Refused
1007009,105584,Revolving loans,28405.31,291483.19,Approved
1007010,102881,Cash loans,107068.89,111139.11,Approved
1007011,100328,Revolving loans,136611.09,2254.99,Approved
1007012,104640,Revolving loans,103772.45,53946.44,Approved
1007013,200611,Revolving loans,149050.41,140006.32,Approved
1007014,104810,Consumer loans,146412.18,72568.57,Canceled
1007015,100693,Cash loans,2933.89,13644.85,Approved
1007016,108453,Revolving loans,142844.97,75149.35,Refused
1007017,108860,Consumer loans,98557.85,56434.23,Refused
1007018,101811,Revolving loans,19738.1,289584.92,Refused
1007019,201592,Revolving loans,23111.2,56027.72,Refused
1007020,105449,Cash loans,144802.51,40920.65,Refused
1007021,201823,Consumer loans,34478.55,150831.64,Approved
1007022,101227,Consumer loans,97859.28,21054.14,Approved
1007023,101718,Consumer loans,287947.11,172301.38,Approved
1007024,200601,Revolving loans,223644.26,78225.07,Refused
1007025,104082,Consumer loans,284182.71,3649.73,Approved
1007026,106477,Revolving loans,60868.98,136259.67,Approved
1007027,200800,Revolving loans,33550.36,363375.34,Canceled
1007028,102992,Revolving loans,31340.32,111170.48,Approved
1007029,102404,Revolving loans,305836.67,26253.96,Approved
1007030,103781,Consumer loans,263726.05,187516.63,Canceled
1007031,105156,Consumer loans,41281.21,35660.37,Approved
1007032,107633,Revolving loans,178131.75,266711.35,Approved
1007033,201746,Cash loans,41404.68,32614.45,Refused
1007034,108814,Cash loans,5640.62,101866.55,Approved
1007035,106763,Consumer loans,126937.99,3661.82,Approved
1007036,109184,Cash loans,132061.57,17671.29,Approved
1007037,100216,Cash loans,9041.71,352729.33,Approved
1007038,100609,Revolving loans,16945.37,2441.62,Approved
1007039,200773,Consumer loans,113683.59,107391.29,Approved
1007040,102418,Cash loans,74614.86,16173.12,Approved
1007041,100340,Consumer loans,25850.79,46962.37,Approved
1007042,104901,Consumer loans,37174.18,23807.7,Approved
1007043,101177,Consumer loans,133704.04,106716.01,Canceled
1007044,100191,Consumer loans,141644.48,302620.94,Approved
1007045,105917,Consumer loans,176628.46,624467.37,Canceled
1007046,101807,Cash loans,261734.24,131869.67,Refused
1007047,102847,Cash loans,49212.91,121496.38,Approved
1007048,105692,Consumer loans,62853.42,51400.36,Canceled
1007049,108328,Consumer loans,214331.27,100705.96,Approved
1007050,107461,Cash loans,1505.78,31501.61,Refused
1007051,104525,Cash loans,44012.8,292261.73,Refused
1007052,108716,Cash loans,198527.85,11749.64,Refused
1007053,106307,Consumer loans,31424.46,61763.35,Approved
1007054,104730,Consumer loans,108488.69,121267.31,Approved
1007055,100030,Cash loans,29319.68,56069.2,Approved
1007056,105523,Revolving loans,52284.82,88369.92,Approved
1007057,201087,Cash loans,156671.91,5643.67,Refused
1007058,106070,Revolving loans,73115.01,65804.54,Approved
1007059,107990,Cash loans,84961.55,40931.59,Approved
1007060,109205,Revolving loans,221456.39,67252.7,Refused
1007061,106196,Consumer loans,50092.69,4061.69,Approved
1007062,106499,Cash loans,121983.9,27373.59,Approved
1007063,100267,Cash loans,62530.71,95805.17,Approved
1007064,200403,Cash loans,18283.21,170135.27,Canceled
1007065,102518,Cash loans,48000.59,53577.21,Refused
1007066,104518,Cash loans,25202.3,117616.84,Refused
1007067,200133,Revolving loans,19482.41,71884.3,Approved
1007068,105510,Consumer loans,42432.76,41070.22,Approved
1007069,102936,Cash loans,10933.73,154531.65,Refused
1007070,100509,Consumer loans,38167.83,84631.34,Approved
1007071,109289,Cash loans,1927.74,143848.92,Approved
1007072,107118,Consumer loans,43924.76,113794.75,Refused
1007073,108903,Consumer loans,718382.9,338985.68,Approved
1007074,105208,Revolving loans,207473.08,239222.06,Refused
1007075,109413,Cash loans,13828.19,52073.66,Refused
1007076,103667,Cash loans,176107.92,729.68,Refused
1007077,102297,Consumer loans,266613.88,100659.89,Approved
1007078,104632,Cash loans,30084.59,5150.85,Approved
1007079,107546,Revolving loans,153250.25,132123.56,Approved
1007080,108955,Revolving loans,65687.68,41623.22,Approved
1007081,201855,Cash loans,136896.6,142701.41,Refused
1007082,107329,Cash loans,22277.21,150747.63,Approved
1007083,108464,Revolving loans,86492.36,205692.19,Refused
1007084,201643,Revolving loans,78871.17,103343.41,Approved
1007085,103248,Revolving loans,9599.6,302252.32,Refused
1007086,104114,Consumer loans,127726.53,32736.63,Approved
1007087,104685,Consumer loans,2773.62,141208.65,Approved
1007088,104658,Cash loans,38266.82,254568.39,Approved
1007089,102217,Cash loans,67509.37,345195.04,Approved
1007090,106964,Revolving loans,208693.57,15801.35,Refused
1007091,107884,Cash loans,5114.59,353264.65,Approved
1007092,106363,Revolving loans,220139.62,24270.35,Approved
1007093,107252,Cash loans,41119.67,7577.64,Approved
1007094,107753,Revolving loans,49515.14,172895.94,Refused
1007095,200303,Consumer loans,165865.54,442043.44,Approved
1007096,100185,Revolving loans,25066.22,57214.52,Refused
1007097,107241,Consumer loans,24655.24,10313.52,Canceled
1007098,201865,Revolving loans,14008.18,4284.12,Approved
1007099,103403,Revolving loans,591147.37,16729.19,Approved
1007100,104109,Consumer loans,48608.84,127827.08,Refused
1007101,201814,Consumer loans,16887.18,193603.29,Refused
1007102,108839,Consumer loans,92527.1,29508.1,Approved
1007103,101701,Cash loans,26832.12,228861.64,Approved
1007104,104839,Consumer loans,5216.65,4223.25,Canceled
1007105,200431,Revolving loans,36890.28,114814.54,Approved
1007106,106744,Revolving loans,240504.5,159649.5,Approved
1007107,105566,Revolving loans,163239.58,23643.29,Refused
1007108,102298,Cash loans,35264.18,222293.0,Refused
1007109,200232,Consumer loans,195312.46,63229.21,Refused
1007110,109408,Revolving loans,18988.56,69644.24,Refused
1007111,201160,Consumer loans,163017.66,49014.86,Approved
1007112,103099,Cash loans,19999.46,216508.76,Approved
1007113,101258,Cash loans,6026.88,203414.93,Approved
1007114,108211,Cash loans,10424.45,5513.6,Refused
1007115,108913,Revolving loans,98457.18,117641.3,Refused
1007116,107173,Cash loans,202684.62,62032.8,Canceled
1007117,101206,Cash loans,44901.19,22093.34,Canceled
1007118,106983,Cash loans,183014.72,352740.09,Canceled
1007119,104245,Revolving loans,161240.31,9418.06,Approved
1007120,101882,Revolving loans,135808.43,159850.41,Approved
1007121,201802,Consumer loans,259.58,5421.6,Approved
1007122,102485,Revolving loans,359190.34,279742.09,Canceled
1007123,200163,Consumer loans,487721.64,85954.89,Canceled
1007124,109496,Cash loans,2219.69,32871.14,Refused
1007125,200548,Consumer loans,21047.92,23943.11,Approved
1007126,109716,Revolving loans,15331.91,110925.58,Approved
1007127,200840,Cash loans,8133.7,252462.58,Approved
1007128,108237,Consumer loans,65765.3,4558.61,Canceled
1007129,200115,Consumer loans,150600.55,116634.42,Approved
1007130,100639,Cash loans,240602.95,19617.3,Approved
1007131,102883,Revolving loans,208203.15,152472.96,Refused
1007132,100683,Cash loans,99922.64,103633.2,Approved
1007133,108700,Cash loans,48367.18,230626.53,Approved
1007134,103274,Consumer loans,176707.35,497005.58,Refused
1007135,107070,Consumer loans,30757.15,377724.03,Refused
1007136,109572,Revolving loans,17747.09,316275.24,Approved
1007137,105043,Consumer loans,79419.28,146820.71,Approved
1007138,109217,Consumer loans,15667.56,24952.42,Refused
1007139,107003,Consumer loans,40026.73,395402.02,Canceled
1007140,201288,Consumer loans,7132.52,104082.25,Approved
1007141,104077,Cash loans,13472.18,17232.15,Canceled
1007142,109865,Consumer loans,124821.26,114386.91,Approved
1007143,200224,Consumer loans,1111.55,91099.11,Approved
1007144,105452,Revolving loans,115870.78,11975.32,Refused
1007145,106301,Consumer loans,15459.19,367153.55,Approved
1007146,105265,Consumer loans,1962.7,91017.02,Approved
1007147,107856,Cash loans,64384.05,162485.94,Approved
1007148,102102,Consumer loans,106175.84,50522.21,Canceled
1007149,109265,Revolving loans,46371.56,207283.25,Refused
1007150,105665,Cash loans,41315.66,283673.99,Refused
1007151,103040,Revolving loans,592139.86,32692.58,Approved
1007152,109794,Revolving loans,134869.23,136313.63,Approved
1007153,201414,Consumer loans,266150.43,6581.15,Approved
1007154,201107,Consumer loans,26357.07,7913.54,Refused
1007155,104254,Cash loans,95843.54,98493.18,Refused
1007156,105389,Cash loans,58154.15,20985.01,Canceled
1007157,100305,Revolving loans,26967.52,10592.49,Canceled
1007158,107756,Revolving loans,3713.42,40068.91,Canceled
1007159,109812,Cash loans,101752.67,284917.04,Refused
1007160,201362,Cash loans,68260.06,130496.11,Refused
1007161,105919,Revolving loans,39371.96,49288.24,Refused
1007162,109359,Revolving loans,2443.33,96261.74,Approved
1007163,100898,Consumer loans,260751.53,13602.9,Approved
1007164,200904,Cash loans,27167.22,12027.29,Approved
1007165,101149,Cash loans,93833.52,129291.6,Approved
1007166,103115,Revolving loans,35692.37,15545.07,Canceled
1007167,105620,Revolving loans,138877.21,119075.06,Approved
1007168,103585,Consumer loans,22986.69,63815.58,Approved
1007169,104402,Cash loans,291.07,7454.98,Approved
1007170,103498,Cash loans,209548.79,168819.32,Canceled
1007171,102005,Cash loans,8122.9,97892.41,Refused
1007172,200613,Consumer loans,207709.44,86711.01,Approved
1007173,109876,Revolving loans,96490.64,167008.76,Canceled
1007174,106084,Revolving loans,32431.0,206956.34,Approved
1007175,109234,Consumer loans,34936.75,2468.59,Approved
1007176,106039,Consumer loans,612320.12,31492.74,Approved
1007177,107665,Revolving loans,81922.68,30167.23,Canceled
1007178,105540,Revolving loans,123389.95,55125.0,Approved
1007179,107402,Revolving loans,70800.72,135657.2,Approved
1007180,109871,Cash loans,1716.57,18363.22,Approved
1007181,200677,Revolving loans,19085.79,41732.54,Approved
1007182,201918,Revolving loans,71431.76,211507.04,Approved
1007183,200197,Consumer loans,31894.97,298202.6,Approved
1007184,103802,Cash loans,124622.33,16347.43,Approved
1007185,109876,Consumer loans,23005.75,70054.57,Approved
1007186,109268,Revolving loans,78446.97,220511.15,Approved
1007187,104356,Consumer loans,61283.6,491110.3,Canceled
1007188,100476,Cash loans,31268.71,221040.08,Canceled
1007189,102884,Revolving loans,128300.94,13646.12,Approved
1007190,102808,Consumer loans,5114.89,417766.95,Approved
1007191,108009,Revolving loans,92817.48,45481.52,Approved
1007192,100781,Consumer loans,313543.54,118756.46,Approved
1007193,106221,Revolving loans,49918.02,27156.68,Approved
1007194,104611,Revolving loans,28512.71,154399.2,Approved
1007195,200520,Consumer loans,429707.62,107819.86,Approved
1007196,108426,Consumer loans,108890.37,31671.02,Approved
1007197,104029,Consumer loans,34038.07,77468.39,Approved
1007198,100337,Revolving loans,17026.68,111013.59,Approved
1007199,102954,Consumer loans,3449.51,26638.41,Approved
1007200,108286,Cash loans,12478.53,93501.78,Canceled
1007201,101848,Consumer loans,79109.79,37875.75,Approved
1007202,106062,Cash loans,44652.74,25290.83,Approved
1007203,106156,Revolving loans,353801.96,42869.37,Approved
1007204,100482,Cash loans,9225.65,85353.09,Approved
1007205,201685,Consumer loans,3222.85,236918.37,Refused
1007206,200326,Cash loans,220084.6,25096.29,Approved
1007207,101738,Consumer loans,10331.06,37067.2,Approved
1007208,109630,Consumer loans,177520.8,88307.82,Approved
1007209,200876,Revolving loans,19269.21,113965.47,Approved
1007210,106770,Consumer loans,8755.47,30319.69,Approved
1007211,201412,Cash loans,17135.57,93764.04,Approved
1007212,109284,Cash loans,228611.22,202178.49,Approved
1007213,103344,Cash loans,48149.02,182209.39,Approved
1007214,106987,Consumer loans,60385.89,85402.78,Canceled
1007215,103198,Consumer loans,42602.91,33928.01,Canceled
1007216,105963,Consumer loans,270791.05,263678.92,Refused
1007217,103786,Consumer loans,11592.19,133386.38,Approved
1007218,106142,Consumer loans,20881.4,66088.03,Approved
1007219,102295,Revolving loans,33313.74,3011.23,Approved
1007220,201282,Cash loans,2200.39,144273.96,Approved
1007221,101107,Consumer loans,35770.16,83278.59,Canceled
1007222,103250,Revolving loans,212589.14,684482.61,Approved
1007223,201939,Consumer loans,3935.31,12365.34,Approved
1007224,109681,Consumer loans,30311.91,53146.38,Approved
1007225,109266,Cash loans,172291.9,93115.26,Approved
1007226,102870,Cash loans,129755.06,30509.6,Refused
1007227,109324,Consumer loans,171698.04,153175.25,Approved
1007228,101125,Revolving loans,3382.12,139078.5,Refused
1007229,107403,Cash loans,71725.63,57060.16,Refused
1007230,201773,Revolving loans,189005.21,178434.4,Canceled
1007231,201278,Consumer loans,178972.78,33398.8,Approved
1007232,104397,Consumer loans,58724.13,71966.61,Approved
1007233,109635,Revolving loans,177879.41,365886.41,Canceled
1007234,102786,Revolving loans,76556.72,7804.2,Refused
1007235,100162,Cash loans,290385.52,200138.57,Refused
1007236,103415,Revolving loans,154158.86,46702.2,Canceled
1007237,109634,Consumer loans,56551.19,18136.13,Approved
1007238,103152,Cash loans,19789.09,37033.79,Approved
1007239,104682,Consumer loans,163913.97,177931.74,Canceled
1007240,108090,Consumer loans,277079.86,407767.21,Canceled
1007241,108786,Revolving loans,66984.19,4815.76,Approved
1007242,201848,Cash loans,8356.52,61349.63,Approved
1007243,107272,Cash loans,103461.16,72761.94,Approved
1007244,103882,Revolving loans,202915.28,34692.68,Approved
1007245,101125,Cash loans,45215.3,74042.99,Canceled
1007246,200470,Consumer loans,165303.41,82585.98,Canceled
1007247,108135,Cash loans,27943.63,8660.0,Refused
1007248,108286,Revolving loans,283688.17,44658.28,Approved
1007249,103554,Consumer loans,4597.74,486495.03,Approved
1007250,109369,Cash loans,34553.23,18116.54,Canceled
1007251,109068,Cash loans,20026.47,43853.64,Approved
1007252,100317,Revolving loans,66190.63,74991.57,Refused
1007253,201216,Revolving loans,123685.45,6496.02,Refused
1007254,106075,Consumer loans,45901.7,152468.71,Canceled
1007255,108484,Consumer loans,73244.93,90100.03,Approved
1007256,103520,Revolving loans,181196.36,386062.75,Approved
1007257,105183,Cash loans,20908.37,24788.56,Approved
1007258,201999,Revolving loans,50429.86,124035.53,Canceled
1007259,106496,Revolving loans,3783.85,22648.41,Canceled
1007260,107018,Cash loans,2774.58,87063.27,Approved
1007261,104821,Cash loans,207986.95,426542.34,Approved
1007262,107932,Consumer loans,39946.75,18438.73,Approved
1007263,102167,Revolving loans,262717.54,208203.06,Refused
1007264,106771,Cash loans,65845.55,1391.39,Approved
1007265,101900,Cash loans,6028.48,175619.63,Approved
1007266,101519,Consumer loans,45789.79,162554.84,Approved
1007267,200409,Consumer loans,62780.0,171121.34,Approved
1007268,102366,Consumer loans,35932.32,21107.09,Approved
1007269,102069,Consumer loans,64361.78,36550.34,Approved
1007270,105640,Consumer loans,58277.04,76285.47,Canceled
1007271,109826,Revolving loans,103739.5,24575.5,Approved
1007272,201474,Revolving loans,120468.46,51008.88,Canceled
1007273,100355,Cash loans,87712.19,466070.26,Approved
1007274,108458,Cash loans,30827.52,129272.28,Canceled
1007275,200601,Consumer loans,78813.44,123667.57,Canceled
1007276,108387,Cash loans,68957.48,168175.43,Approved
1007277,106332,Revolving loans,25426.76,27264.46,Approved
1007278,106301,Revolving loans,61225.2,553297.33,Refused
1007279,107886,Cash loans,137864.07,195921.67,Canceled
1007280,102269,Revolving loans,176230.43,67502.89,Approved
1007281,105381,Consumer loans,107776.16,313663.33,Approved
1007282,105143,Cash loans,39235.74,342576.79,Approved
1007283,100446,Consumer loans,214601.77,11054.57,Approved
1007284,200701,Revolving loans,146870.78,7362.53,Approved
1007285,107001,Consumer loans,23482.6,58640.62,Refused
1007286,101189,Cash loans,2334.36,418784.54,Approved
1007287,109626,Consumer loans,141299.55,99941.48,Approved
1007288,101866,Consumer loans,98029.66,68105.4,Approved
1007289,100285,Cash loans,166513.83,107726.27,Refused
1007290,109317,Cash loans,201556.34,114316.26,Refused
1007291,100132,Revolving loans,15749.86,600475.15,Approved
1007292,107648,Revolving loans,7871.18,61554.27,Approved
1007293,103921,Consumer loans,43441.54,405137.87,Approved
1007294,107643,Consumer loans,40090.57,89129.22,Approved
1007295,103729,Consumer loans,44455.0,214552.13,Approved
1007296,201412,Consumer loans,192514.34,28580.71,Refused
1007297,200643,Cash loans,294021.39,32060.16,Refused
1007298,104457,Consumer loans,12222.06,38728.32,Approved
1007299,105529,Consumer loans,217659.43,26466.14,Approved
1007300,108243,Revolving loans,64302.69,92552.46,Approved
1007301,109717,Consumer loans,11956.97,27050.91,Approved
1007302,107683,Revolving loans,29734.07,219507.91,Approved
1007303,109544,Consumer loans,19397.52,84285.4,Refused
1007304,107532,Cash loans,27641.44,225516.29,Approved
1007305,105155,Cash loans,123618.7,26967.8,Approved
1007306,109892,Consumer loans,151940.38,323139.23,Approved
1007307,200436,Cash loans,21059.9,186526.26,Approved
1007308,106819,Revolving loans,153464.8,31107.07,Approved
1007309,104003,Revolving loans,36910.88,13741.86,Approved
1007310,105562,Consumer loans,25926.87,70596.28,Approved
1007311,103074,Cash loans,116770.72,105795.44,Approved
1007312,104034,Consumer loans,8563.53,209431.52,Canceled
1007313,108661,Revolving loans,17538.23,121441.25,Refused
1007314,105996,Revolving loans,971.49,107548.92,Approved
1007315,104495,Revolving loans,88615.24,57945.81,Refused
1007316,107353,Cash loans,22700.17,169634.13,Approved
1007317,101402,Revolving loans,173022.52,446598.36,Approved
1007318,107366,Revolving loans,34307.98,192310.1,Refused
1007319,201170,Revolving loans,124.05,214286.24,Approved
1007320,103128,Cash loans,6293.47,17346.71,Canceled
1007321,200508,Revolving loans,34867.11,207494.52,Approved
1007322,100578,Cash loans,60127.09,303760.98,Approved
1007323,104671,Consumer loans,140569.99,1045.87,Canceled
1007324,105684,Consumer loans,22319.31,54331.7,Refused
1007325,100207,Cash loans,282532.31,85547.18,Approved
1007326,100048,Revolving loans,57145.42,68711.55,Refused
1007327,106508,Consumer loans,143182.17,17607.17,Approved
1007328,201220,Revolving loans,101598.71,78884.25,Refused
1007329,100603,Consumer loans,59389.68,110956.01,Approved
1007330,200549,Cash loans,165413.42,62941.22,Approved
1007331,102255,Revolving loans,150107.17,50976.35,Approved
1007332,107459,Cash loans,426.0,58514.49,Approved
1007333,200158,Cash loans,330448.16,62627.93,Approved
1007334,106721,Revolving loans,103569.68,126629.21,Approved
1007335,108347,Revolving loans,14147.54,33330.5,Approved
1007336,200633,Cash loans,210429.73,83971.51,Canceled
1007337,109615,Consumer loans,91064.52,136407.49,Approved
1007338,106627,Revolving loans,3593.87,63615.77,Approved
1007339,201770,Cash loans,580313.63,191913.13,Canceled
1007340,108433,Revolving loans,172557.26,23707.0,Approved
1007341,100837,Consumer loans,15219.58,53788.64,Approved
1007342,105164,Consumer loans,18588.47,96487.01,Approved
1007343,108087,Revolving loans,100917.06,47193.37,Approved
1007344,107654,Consumer loans,64618.16,216151.01,Approved
1007345,106042,Cash loans,37314.27,123072.56,Refused
1007346,201330,Cash loans,251219.55,79966.65,Approved
1007347,108054,Consumer loans,113504.49,47319.83,Canceled
1007348,105564,Cash loans,92488.88,179241.87,Approved
1007349,101615,Consumer loans,352145.87,334877.99,Approved
1007350,200581,Cash loans,1612.15,55845.38,Approved
1007351,103444,Revolving loans,23192.16,48041.9,Approved
1007352,101120,Consumer loans,9391.59,7122.42,Refused
1007353,109502,Consumer loans,74890.76,168999.27,Refused
1007354,102126,Revolving loans,103864.63,83165.86,Canceled
1007355,103136,Revolving loans,207881.32,42828.71,Canceled
1007356,108910,Cash loans,137722.59,219195.78,Canceled
1007357,109147,Consumer loans,5119.17,140067.33,Refused
1007358,201027,Consumer loans,7723.04,143186.52,Approved
1007359,106445,Revolving loans,352299.64,80926.12,Approved
1007360,101548,Consumer loans,51290.74,1530.75,Approved
1007361,102635,Cash loans,64005.65,64044.22,Refused
1007362,106652,Revolving loans,15793.66,116860.25,Approved
1007363,104022,Consumer loans,209749.27,8685.27,Approved
1007364,100634,Revolving loans,25733.06,9011.13,Approved
1007365,200472,Consumer loans,228284.44,153477.57,Canceled
1007366,109823,Consumer loans,26560.28,242135.54,Approved
1007367,108069,Cash loans,145097.19,105053.27,Approved
1007368,108795,Cash loans,189597.82,48223.41,Approved
1007369,107193,Cash loans,36017.36,4597.63,Approved
1007370,107593,Consumer loans,36394.6,12009.05,Approved
1007371,102871,Revolving loans,125166.51,195666.16,Canceled
1007372,200546,Revolving loans,16099.62,165292.67,Approved
1007373,100253,Revolving loans,8412.18,121116.27,Approved
1007374,100435,Revolving loans,89282.32,115434.33,Approved
1007375,105937,Consumer loans,83564.74,110112.29,Approved
1007376,102680,Cash loans,134945.43,194433.76,Approved
1007377,102098,Cash loans,133259.81,172703.35,Approved
1007378,109631,Consumer loans,21421.95,148986.17,Approved
1007379,105388,Consumer loans,13515.87,29919.1,Refused
1007380,101134,Consumer loans,103380.26,13537.32,Approved
1007381,100603,Cash loans,19112.3,40395.81,Refused
1007382,102140,Cash loans,278123.66,142516.83,Approved
1007383,101838,Consumer loans,258362.66,163326.72,Approved
1007384,105743,Cash loans,102196.3,8360.97,Approved
1007385,104968,Revolving loans,327404.01,97529.13,Approved
1007386,105559,Cash loans,8520.27,179533.31,Approved
1007387,108882,Consumer loans,110892.96,122748.72,Canceled
1007388,103848,Revolving loans,4668.65,10314.46,Approved
1007389,201691,Consumer loans,73911.95,206446.23,Approved
1007390,103409,Revolving loans,205510.23,78183.17,Approved
1007391,200975,Cash loans,105614.63,62837.72,Approved
1007392,201359,Revolving loans,47472.76,80095.27,Canceled
1007393,101357,Revolving loans,40639.02,7015.35,Canceled
1007394,108015,Cash loans,101447.39,81180.19,Canceled
1007395,106505,Consumer loans,92867.08,254697.02,Canceled
1007396,105110,Consumer loans,72365.86,61534.26,Approved
1007397,104617,Consumer loans,14269.77,208171.82,Canceled
1007398,101520,Consumer loans,125466.42,41775.7,Refused
1007399,106594,Cash loans,51847.92,76468.65,Approved
1007400,200118,Consumer loans,3259.18,204058.64,Canceled
1007401,101574,Revolving loans,24383.08,49517.84,Approved
1007402,109738,Cash loans,63492.45,107429.61,Approved
1007403,106835,Consumer loans,35009.78,526918.79,Canceled
1007404,105563,Consumer loans,56497.48,51189.91,Refused
1007405,100977,Cash loans,48633.57,31967.59,Refused
1007406,100366,Consumer loans,181323.3,80496.85,Approved
1007407,104239,Cash loans,215682.04,228300.72,Canceled
1007408,101156,Consumer loans,159891.09,172446.05,Canceled
1007409,200056,Consumer loans,276354.29,844.69,Approved
1007410,200764,Cash loans,8280.57,219028.05,Refused
1007411,106748,Cash loans,10607.56,91815.41,Approved
1007412,105218,Revolving loans,97884.59,45813.97,Canceled
1007413,101388,Cash loans,152876.66,22125.88,Approved
1007414,103236,Consumer loans,307483.38,220462.54,Refused
1007415,104316,Revolving loans,32330.09,18666.55,Approved
1007416,100097,Cash loans,118592.92,5546.57,Approved
1007417,107945,Consumer loans,48703.34,73949.79,Refused
1007418,103829,Revolving loans,42114.71,49189.86,Approved
1007419,105182,Cash loans,73922.03,142350.6,Canceled
1007420,109758,Revolving loans,13700.19,255974.03,Approved
1007421,201234,Cash loans,296007.36,1724.03,Approved
1007422,105726,Cash loans,73358.48,27771.51,Approved
1007423,107488,Consumer loans,96319.08,77280.18,Canceled
1007424,200252,Consumer loans,25794.71,51781.38,Approved
1007425,100150,Consumer loans,5074.28,17539.31,Refused
1007426,201302,Cash loans,49204.18,136403.7,Approved
1007427,101480,Consumer loans,52457.36,21700.34,Approved
1007428,109147,Consumer loans,51345.56,156102.57,Canceled
1007429,104220,Consumer loans,321447.91,92474.46,Approved
1007430,200217,Revolving loans,10182.21,54500.29,Canceled
1007431,106281,Consumer loans,52626.21,117684.53,Canceled
1007432,103487,Cash loans,86871.37,8218.56,Canceled
1007433,105815,Cash loans,37490.79,362913.98,Refused
1007434,100633,Consumer loans,232034.5,24017.98,Approved
1007435,108605,Consumer loans,76892.94,40275.67,Approved
1007436,108449,Revolving loans,102455.38,33610.04,Approved
1007437,102655,Revolving loans,78287.07,235818.33,Approved
1007438,101840,Revolving loans,84791.82,156858.84,Approved
1007439,103222,Revolving loans,18689.71,96753.49,Approved
1007440,108499,Cash loans,38012.72,64913.83,Canceled
1007441,109687,Revolving loans,110351.19,158577.44,Approved
1007442,102809,Consumer loans,254331.15,184193.35,Approved
1007443,107809,Revolving loans,258113.26,24416.19,Approved
1007444,100870,Revolving loans,35988.14,64307.9,Approved
1007445,101769,Revolving loans,164.49,91295.05,Approved
1007446,108034,Revolving loans,27463.71,221815.87,Approved
1007447,103424,Revolving loans,275791.74,173731.68,Approved
1007448,101666,Consumer loans,22771.14,192457.95,Approved
1007449,200256,Cash loans,13179.47,19926.72,Canceled
1007450,100032,Revolving loans,37604.39,169324.23,Approved
1007451,105270,Revolving loans,224514.36,67623.1,Canceled
1007452,105066,Consumer loans,30253.8,115562.91,Approved
1007453,108943,Cash loans,33097.92,117169.8,Approved
1007454,201785,Revolving loans,179149.68,193464.21,Approved
1007455,103917,Cash loans,91346.27,434894.52,Approved
1007456,101462,Cash loans,224703.38,222462.31,Approved
1007457,107925,Consumer loans,73130.09,104204.17,Approved
1007458,104501,Consumer loans,101589.98,373057.53,Refused
1007459,104333,Cash loans,13407.2,33635.6,Refused
1007460,103019,Revolving loans,109901.35,76169.56,Approved
1007461,104964,Revolving loans,16688.25,11092.27,Refused
1007462,100187,Cash loans,256562.8,50872.91,Canceled
1007463,103428,Consumer loans,12930.16,69474.4,Canceled
1007464,103333,Consumer loans,126813.02,184328.92,Approved
1007465,107212,Consumer loans,23468.07,56860.68,Approved
1007466,105358,Cash loans,328858.8,13933.88,Approved
1007467,104319,Cash loans,141926.1,186342.04,Canceled
1007468,100964,Cash loans,42101.46,130412.06,Approved
1007469,103667,Cash loans,90385.04,112817.65,Approved
1007470,102042,Consumer loans,54933.97,150597.87,Approved
1007471,101260,Revolving loans,82904.92,218819.04,Approved
1007472,108661,Consumer loans,4205.69,392492.96,Approved
1007473,107837,Revolving loans,149910.25,110723.56,Canceled
1007474,102427,Revolving loans,35308.0,100728.8,Canceled
1007475,109307,Revolving loans,59619.16,134803.87,Approved
1007476,104302,Consumer loans,75554.26,110187.84,Approved
1007477,108630,Consumer loans,8387.14,119705.65,Refused
1007478,104013,Consumer loans,63273.92,175363.91,Approved
1007479,200970,Consumer loans,19736.43,34973.3,Approved
1007480,104951,Consumer loans,24025.8,17664.99,Refused
1007481,109150,Revolving loans,20245.18,26095.41,Approved
1007482,108142,Consumer loans,7074.41,431755.35,Canceled
1007483,105397,Cash loans,54905.6,7365.25,Approved
1007484,200771,Revolving loans,51422.16,98089.33,Approved
1007485,200538,Cash loans,93389.96,70244.99,Approved
1007486,105493,Cash loans,68535.44,125633.85,Approved
1007487,105384,Revolving loans,6756.16,5861.99,Approved
1007488,103003,Consumer loans,51587.85,824867.82,Approved
1007489,107729,Consumer loans,155712.24,466505.51,Refused
1007490,103366,Cash loans,89400.09,193665.57,Refused
1007491,109871,Consumer loans,205457.22,11219.52,Approved
1007492,108649,Revolving loans,8156.58,92652.52,Approved
1007493,101866,Revolving loans,131738.09,7101.48,Approved
1007494,101570,Cash loans,115541.12,221275.49,Approved
1007495,200383,Cash loans,71389.74,22499.76,Approved
1007496,109282,Cash loans,210027.5,404365.74,Canceled
1007497,105882,Cash loans,18310.54,119431.97,Refused
1007498,107913,Consumer loans,31626.89,194172.8,Approved
1007499,200507,Revolving loans,55221.18,346165.78,Approved
1007500,100774,Revolving loans,22585.5,182577.59,Approved
1007501,103069,Consumer loans,244678.22,25120.43,Approved
1007502,103642,Cash loans,165338.68,18186.87,Approved
1007503,108582,Cash loans,13110.9,16823.88,Approved
1007504,109981,Consumer loans,341580.57,84053.76,Refused
1007505,107772,Consumer loans,273793.46,462069.35,Approved
1007506,108843,Cash loans,91539.28,103918.69,Approved
1007507,101271,Consumer loans,161137.61,886701.88,Approved
1007508,106997,Revolving loans,18598.33,111083.49,Refused
1007509,107623,Revolving loans,24442.74,144028.13,Approved
1007510,200898,Consumer loans,271325.13,87822.55,Approved
1007511,201007,Revolving loans,50933.98,123803.01,Approved
1007512,107359,Consumer loans,425573.32,41049.89,Approved
1007513,106025,Revolving loans,172846.42,62668.99,Approved
1007514,200125,Consumer loans,80913.44,57331.72,Approved
1007515,102783,Consumer loans,36079.8,214637.59,Canceled
1007516,103563,Consumer loans,150669.27,53549.01,Approved
1007517,109434,Consumer loans,749.25,72922.98,Canceled
1007518,106940,Consumer loans,40140.7,17177.23,Canceled
1007519,101371,Revolving loans,200755.8,79133.02,Approved
1007520,106042,Consumer loans,169104.25,1758.2,Canceled
1007521,200316,Cash loans,1061.78,19472.94,Approved
1007522,104100,Cash loans,94910.3,439193.32,Approved
1007523,100663,Consumer loans,69982.78,59215.95,Approved
1007524,107289,Consumer loans,6976.99,43962.11,Approved
1007525,102270,Consumer loans,160355.73,96630.75,Approved
1007526,107146,Revolving loans,109559.12,269709.86,Approved
1007527,201100,Revolving loans,3533.31,44276.63,Approved
1007528,106611,Consumer loans,27088.79,248750.51,Approved
1007529,103196,Consumer loans,104993.61,202954.79,Approved
1007530,201320,Revolving loans,71863.51,97990.0,Canceled
1007531,200500,Cash loans,400404.56,4269.74,Approved
1007532,200328,Revolving loans,317898.33,34597.62,Approved
1007533,108523,Consumer loans,75734.69,320344.49,Approved
1007534,106327,Cash loans,26774.91,7466.08,Approved
1007535,101966,Consumer loans,133412.55,111749.36,Approved
1007536,104805,Cash loans,1858.29,305306.51,Canceled
1007537,101165,Cash loans,12358.7,15408.58,Approved
1007538,107823,Revolving loans,207706.95,124378.26,Refused
1007539,103897,Cash loans,89996.51,132888.8,Approved
1007540,200140,Consumer loans,124489.72,3142.22,Approved
1007541,101504,Consumer loans,39773.14,96890.52,Approved
1007542,107450,Consumer loans,94798.46,96601.94,Canceled
1007543,201593,Cash loans,323878.72,8679.45,Approved
1007544,105337,Revolving loans,5085.8,301662.52,Approved
1007545,105954,Consumer loans,59585.8,1453.99,Approved
1007546,103444,Cash loans,39625.61,15827.1,Approved
1007547,201861,Cash loans,48551.28,459262.28,Canceled
1007548,104340,Cash loans,264951.69,10378.11,Approved
1007549,107580,Consumer loans,28262.18,40226.19,Refused
1007550,101662,Revolving loans,56071.1,207328.32,Canceled
1007551,200732,Cash loans,91902.25,55823.51,Refused
1007552,106065,Cash loans,119780.45,140762.08,Approved
1007553,201240,Revolving loans,95719.22,273249.84,Refused
1007554,102725,Consumer loans,1082.37,20346.6,Approved
1007555,104937,Cash loans,62061.01,4973.47,Approved
1007556,200004,Revolving loans,233006.46,182855.94,Approved
1007557,107543,Cash loans,3773.25,27278.5,Refused
1007558,107193,Consumer loans,12550.4,75924.35,Approved
1007559,200324,Consumer loans,322088.69,490597.59,Canceled
1007560,108462,Revolving loans,85405.86,94201.4,Canceled
1007561,105333,Revolving loans,17577.63,101621.15,Refused
1007562,200173,Consumer loans,278870.06,32840.37,Approved
1007563,102426,Revolving loans,4423.41,16648.13,Approved
1007564,200781,Cash loans,149759.93,80216.84,Approved
1007565,105124,Consumer loans,402621.66,266726.6,Approved
1007566,106254,Cash loans,26725.89,52702.4,Approved
1007567,105229,Revolving loans,520539.15,109371.63,Refused
1007568,102617,Cash loans,41832.92,194994.46,Canceled
1007569,103915,Revolving loans,76196.48,29917.4,Approved
1007570,109491,Consumer loans,198555.64,24672.53,Approved
1007571,107079,Revolving loans,288904.07,436224.4,Approved
1007572,104565,Revolving loans,35429.45,21090.07,Refused
1007573,101219,Consumer loans,91333.96,70275.47,Approved
1007574,103689,Revolving loans,83366.9,243465.68,Approved
1007575,105746,Revolving loans,160848.7,204333.74,Approved
1007576,102520,Revolving loans,2781.19,83043.68,Approved
1007577,104457,Cash loans,87126.65,67275.11,Approved
1007578,107665,Cash loans,7606.74,197337.84,Refused
1007579,102873,Consumer loans,33256.22,4970.67,Refused
1007580,200122,Consumer loans,46127.72,108865.85,Refused
1007581,201796,Consumer loans,16708.51,34301.01,Approved
1007582,104316,Revolving loans,112963.67,13514.9,Approved
1007583,100960,Consumer loans,166485.75,38336.5,Canceled
1007584,100320,Cash loans,185680.45,119279.74,Refused
1007585,107562,Consumer loans,363729.59,181832.06,Approved
1007586,103384,Cash loans,49278.85,205038.71,Canceled
1007587,200237,Revolving loans,324584.5,123691.74,Canceled
1007588,103419,Cash loans,35090.68,1127.71,Approved
1007589,201626,Consumer loans,177103.95,390022.48,Approved
1007590,201382,Revolving loans,411400.57,135315.67,Approved
1007591,104611,Consumer loans,193469.1,148330.12,Approved
1007592,108167,Cash loans,153479.51,189323.17,Canceled
1007593,103259,Cash loans,75696.17,123544.95,Refused
1007594,109914,Cash loans,23650.79,4005.89,Approved
1007595,100875,Consumer loans,67022.42,151397.45,Canceled
1007596,105474,Cash loans,238988.61,359210.76,Refused
1007597,201819,Revolving loans,71520.07,100906.74,Refused
1007598,107918,Consumer loans,34208.76,33706.65,Approved
1007599,105641,Revolving loans,185560.89,76075.35,Refused
1007600,107637,Consumer loans,59931.41,60941.98,Approved
1007601,101165,Revolving loans,60735.99,189792.21,Approved
1007602,109556,Cash loans,14544.13,77293.52,Canceled
1007603,106382,Consumer loans,14078.02,31110.13,Canceled
1007604,109754,Consumer loans,55832.87,88055.57,Approved
1007605,101240,Consumer loans,162588.66,175064.16,Approved
1007606,109961,Consumer loans,28353.06,55164.88,Canceled
1007607,100077,Consumer loans,218.73,324899.15,Approved
1007608,201874,Revolving loans,128374.83,86542.01,Approved
1007609,201119,Consumer loans,24171.06,78231.64,Approved
1007610,106671,Revolving loans,47293.39,261588.1,Approved
1007611,201909,Consumer loans,16948.61,106198.87,Approved
1007612,107558,Cash loans,66914.07,78637.71,Approved
1007613,109860,Revolving loans,25849.9,152213.29,Canceled
1007614,108865,Consumer loans,36427.71,247596.54,Approved
1007615,107555,Cash loans,23078.96,138119.01,Approved
1007616,108185,Cash loans,3041.77,4467.11,Approved
1007617,105161,Cash loans,109155.82,11056.63,Canceled
1007618,106907,Revolving loans,152920.84,296537.17,Canceled
1007619,109252,Cash loans,20930.9,3819.65,Approved
1007620,107255,Revolving loans,46384.88,90012.89,Approved
1007621,104614,Consumer loans,3749.74,234437.0,Approved
1007622,103915,Consumer loans,171073.14,23215.32,Refused
1007623,101450,Consumer loans,72574.62,149971.3,Canceled
1007624,200021,Cash loans,208576.45,213244.42,Refused
1007625,106421,Consumer loans,42049.46,133956.45,Approved
1007626,102106,Cash loans,92475.2,166522.57,Refused
1007627,107031,Consumer loans,22339.93,71086.93,Approved
1007628,104293,Revolving loans,84251.9,77300.28,Approved
1007629,102855,Cash loans,34814.47,74353.72,Refused
1007630,107839,Cash loans,40856.98,121085.04,Refused
1007631,103042,Revolving loans,85331.92,70142.49,Canceled
1007632,200637,Revolving loans,61706.19,49801.41,Canceled
1007633,106224,Consumer loans,47103.22,33800.66,Canceled
1007634,100488,Cash loans,36274.49,14567.96,Refused
1007635,201366,Consumer loans,255282.03,308674.49,Approved
1007636,104438,Revolving loans,169770.22,43042.62,Approved
1007637,102824,Cash loans,71152.36,8210.03,Approved
1007638,100336,Consumer loans,3599.38,241955.07,Refused
1007639,201636,Cash loans,90862.91,102657.99,Approved
1007640,103839,Revolving loans,192779.15,25827.74,Refused
1007641,201842,Revolving loans,51553.52,23823.52,Refused
1007642,107667,Revolving loans,8053.46,154319.98,Approved
1007643,101854,Revolving loans,15215.26,413.86,Approved
1007644,101491,Consumer loans,74212.81,167179.8,Canceled
1007645,201214,Cash loans,74213.99,188687.04,Approved
1007646,105162,Cash loans,66251.1,109712.21,Approved
1007647,200904,Revolving loans,73590.38,298975.6,Approved
1007648,102806,Consumer loans,44969.77,79444.27,Canceled
1007649,102454,Revolving loans,6718.32,70704.59,Approved
1007650,107891,Cash loans,120584.22,243537.15,Approved
1007651,106165,Consumer loans,104435.59,236548.03,Refused
1007652,105343,Cash loans,62361.58,206879.63,Approved
1007653,106349,Consumer loans,95246.25,137495.34,Refused
1007654,109726,Cash loans,202130.84,34019.71,Refused
1007655,102836,Revolving loans,254650.94,52056.21,Refused
1007656,201377,Consumer loans,27950.28,131011.95,Refused
1007657,100680,Consumer loans,253383.16,8396.78,Approved
1007658,108726,Cash loans,39142.19,351196.59,Approved
1007659,100782,Consumer loans,268677.76,718290.5,Approved
1007660,201712,Consumer loans,15966.66,68963.52,Canceled
1007661,109320,Cash loans,593.0,52167.36,Refused
1007662,107049,Consumer loans,116183.76,292288.97,Approved
1007663,104920,Cash loans,341309.82,64718.34,Approved
1007664,108383,Revolving loans,9668.64,19461.18,Refused
1007665,100019,Revolving loans,104362.8,1700.11,Approved
1007666,102715,Consumer loans,638447.26,198880.52,Approved
1007667,107712,Cash loans,31194.62,196605.16,Approved
1007668,102582,Cash loans,22527.2,45628.1,Approved
1007669,100603,Revolving loans,38550.13,49705.03,Approved
1007670,101572,Cash loans,137855.71,165587.35,Approved
1007671,109000,Cash loans,186990.72,88467.76,Refused
1007672,108719,Revolving loans,8176.0,145939.11,Approved
1007673,100256,Cash loans,59578.91,65464.34,Canceled
1007674,100035,Cash loans,72559.01,84862.23,Approved
1007675,107114,Consumer loans,25042.85,98820.58,Refused
1007676,103305,Cash loans,147474.46,6649.21,Approved
1007677,109926,Cash loans,34786.25,48979.23,Approved
1007678,107399,Consumer loans,3827.12,117272.9,Approved
1007679,109094,Revolving loans,52425.92,81439.1,Approved
1007680,103941,Cash loans,75525.2,27762.95,Approved
1007681,106891,Consumer loans,110560.08,47247.35,Canceled
1007682,107591,Cash loans,30069.88,213339.09,Approved
1007683,109161,Cash loans,148991.73,137601.51,Approved
1007684,101389,Consumer loans,216466.41,25460.2,Approved
1007685,106743,Revolving loans,186316.03,46002.31,Approved
1007686,200166,Revolving loans,18776.4,161888.84,Approved
1007687,200666,Cash loans,18415.36,22379.27,Approved
1007688,100901,Consumer loans,266794.26,53660.96,Refused
1007689,200404,Consumer loans,430650.28,2694.11,Approved
1007690,102306,Cash loans,105265.7,60759.27,Refused
1007691,101962,Revolving loans,4464.8,37172.73,Canceled
1007692,103795,Revolving loans,58707.53,139976.66,Approved
1007693,200158,Cash loans,137168.7,30727.27,Approved
1007694,108461,Revolving loans,12920.23,130227.74,Approved
1007695,100465,Revolving loans,117694.13,200331.99,Canceled
1007696,105603,Revolving loans,217675.94,13224.38,Approved
1007697,103590,Revolving loans,73413.43,47988.33,Approved
1007698,108268,Revolving loans,2312.97,5612.39,Refused
1007699,102029,Cash loans,130438.07,10171.56,Canceled
1007700,104302,Consumer loans,81991.46,293911.26,Approved
1007701,105362,Cash loans,242221.26,271213.84,Approved
1007702,201967,Consumer loans,15138.46,31796.66,Approved
1007703,109599,Consumer loans,1447.81,113310.24,Approved
1007704,200778,Consumer loans,37446.77,133462.65,Canceled
1007705,109647,Consumer loans,156242.13,53816.96,Approved
1007706,107387,Revolving loans,47801.72,28345.24,Canceled
1007707,200020,Revolving loans,35539.57,40082.37,Refused
1007708,104265,Cash loans,108792.88,2102.2,Refused
1007709,201154,Consumer loans,92615.18,69827.52,Canceled
1007710,100335,Consumer loans,64670.8,34594.29,Refused
1007711,102605,Revolving loans,119057.36,86337.16,Refused
1007712,101468,Cash loans,54289.77,165044.0,Approved
1007713,107567,Cash loans,198657.48,145776.7,Approved
1007714,102969,Cash loans,134477.47,55502.5,Approved
1007715,201185,Consumer loans,235050.07,138127.69,Approved
1007716,200188,Consumer loans,90135.29,8278.37,Canceled
1007717,200122,Revolving loans,76620.75,104501.85,Approved
1007718,104081,Revolving loans,53419.13,32165.88,Canceled
1007719,104387,Cash loans,38813.45,25319.73,Refused
1007720,103084,Revolving loans,383762.53,52429.09,Approved
1007721,103016,Cash loans,96511.99,82549.74,Approved
1007722,101942,Consumer loans,134307.0,11428.99,Refused
1007723,100502,Revolving loans,6103.57,304995.07,Refused
1007724,101365,Revolving loans,38752.57,166632.29,Approved
1007725,106952,Consumer loans,139049.74,14575.97,Refused
1007726,108224,Revolving loans,167519.7,17479.11,Approved
1007727,103495,Consumer loans,128738.43,94836.9,Refused
1007728,101126,Cash loans,63014.3,249072.75,Approved
1007729,108674,Cash loans,12018.97,413644.27,Refused
1007730,201788,Consumer loans,80333.27,12317.86,Refused
1007731,105123,Cash loans,35376.81,170462.31,Approved
1007732,108320,Cash loans,68641.41,160136.44,Canceled
1007733,107666,Consumer loans,36603.01,83554.21,Canceled
1007734,102747,Revolving loans,105749.68,60152.98,Approved
1007735,102607,Cash loans,1650.44,8921.14,Approved
1007736,109345,Cash loans,89776.39,8939.0,Approved
1007737,109314,Consumer loans,53819.68,59122.9,Approved
1007738,105075,Consumer loans,35991.33,213885.95,Refused
1007739,101008,Consumer loans,222663.29,459714.28,Canceled
1007740,101400,Consumer loans,15560.33,15942.09,Approved
1007741,102250,Cash loans,143961.32,57736.63,Refused
1007742,100627,Cash loans,81454.88,146239.51,Approved
1007743,101345,Cash loans,126158.86,233189.01,Approved
1007744,108143,Revolving loans,16716.84,46756.25,Canceled
1007745,104982,Cash loans,21519.52,14456.25,Approved
1007746,103566,Cash loans,76101.3,46433.15,Refused
1007747,108266,Revolving loans,191979.82,4451.76,Approved
1007748,200296,Cash loans,23264.81,240356.55,Approved
1007749,104083,Revolving loans,15008.73,20963.49,Approved
1007750,106764,Consumer loans,23662.06,31193.65,Approved
1007751,109151,Cash loans,23230.45,42640.52,Refused
1007752,108865,Consumer loans,125834.56,12302.56,Approved
1007753,103299,Cash loans,68008.39,199526.62,Refused
1007754,107209,Consumer loans,138226.57,232151.06,Approved
1007755,109642,Consumer loans,28185.79,187928.24,Approved
1007756,109830,Revolving loans,23186.91,88774.52,Approved
1007757,201314,Cash loans,47832.81,230986.29,Approved
1007758,109351,Revolving loans,52752.36,147660.17,Refused
1007759,105972,Revolving loans,193321.25,20648.5,Canceled
1007760,102052,Cash loans,138074.39,60892.64,Approved
1007761,104257,Consumer loans,92840.04,43456.06,Approved
1007762,100136,Consumer loans,40284.11,50666.92,Refused
1007763,200959,Consumer loans,25887.87,67830.7,Canceled
1007764,108528,Cash loans,80661.96,44070.05,Approved
1007765,105949,Consumer loans,214454.11,7010.65,Refused
1007766,101389,Cash loans,205992.05,106451.25,Approved
1007767,102295,Consumer loans,10077.64,64651.88,Approved
1007768,102244,Revolving loans,126858.01,134310.84,Approved
1007769,104063,Consumer loans,127459.8,107625.63,Refused
1007770,108070,Cash loans,2445.42,505751.18,Canceled
1007771,104647,Consumer loans,140506.99,11537.24,Refused
1007772,108842,Consumer loans,90171.0,3081.39,Refused
1007773,107000,Consumer loans,3575.18,113964.7,Canceled
1007774,103491,Revolving loans,91387.44,373.91,Approved
1007775,100647,Cash loans,288384.67,132646.97,Approved
1007776,101433,Revolving loans,35272.14,194924.99,Canceled
1007777,201410,Revolving loans,70980.08,189544.39,Approved
1007778,104935,Consumer loans,215062.37,181607.21,Approved
1007779,103795,Revolving loans,6128.85,195487.75,Refused
1007780,100525,Consumer loans,236529.95,167502.72,Approved
1007781,105045,Revolving loans,53171.98,21000.14,Approved
1007782,100195,Consumer loans,72322.06,91293.86,Approved
1007783,105089,Revolving loans,29553.04,120200.97,Approved
1007784,101007,Revolving loans,135331.52,27871.72,Refused
1007785,101457,Cash loans,40001.86,111034.36,Canceled
1007786,106211,Revolving loans,160935.34,28362.65,Approved
1007787,108959,Revolving loans,100137.4,40115.05,Canceled
1007788,108596,Consumer loans,39967.99,239151.22,Canceled
1007789,200153,Revolving loans,24217.11,103113.48,Approved
1007790,101953,Consumer loans,102475.59,53903.62,Canceled
1007791,201900,Revolving loans,9057.98,145976.39,Approved
1007792,101480,Revolving loans,166186.31,171636.18,Approved
1007793,105092,Consumer loans,227977.73,32035.57,Canceled
1007794,102957,Revolving loans,50027.16,532186.81,Approved
1007795,103783,Revolving loans,3823.41,36289.81,Approved
1007796,103416,Revolving loans,321346.95,80274.79,Approved
1007797,101634,Revolving loans,65532.51,547165.27,Canceled
1007798,108024,Consumer loans,248128.63,76847.97,Approved
1007799,107752,Cash loans,481105.07,7808.78,Canceled
1007800,102047,Revolving loans,114000.63,3392.54,Approved
1007801,200054,Revolving loans,38005.05,87397.34,Approved
1007802,109412,Cash loans,112184.38,101967.09,Approved
1007803,101794,Cash loans,363253.71,4183.23,Approved
1007804,104300,Revolving loans,13566.64,93644.84,Approved
1007805,107531,Cash loans,63078.04,30429.74,Refused
1007806,102785,Cash loans,45101.28,227199.35,Canceled
1007807,200074,Cash loans,27434.83,59174.16,Approved
1007808,104379,Cash loans,70578.5,83300.57,Approved
1007809,104919,Consumer loans,3745.18,78279.58,Approved
1007810,109572,Cash loans,36673.26,5462.78,Canceled
1007811,102500,Revolving loans,25836.61,81425.6,Canceled
1007812,105199,Revolving loans,136501.08,257657.07,Refused
1007813,101839,Consumer loans,8218.34,38618.77,Approved
1007814,201123,Cash loans,92730.95,9851.27,Approved
1007815,106309,Revolving loans,37108.03,200058.8,Approved
1007816,106396,Cash loans,153901.71,4779.78,Approved
1007817,104136,Consumer loans,12145.58,102853.2,Canceled
1007818,102702,Consumer loans,108048.48,191434.88,Canceled
1007819,101645,Revolving loans,37960.7,123023.52,Canceled
1007820,103353,Consumer loans,13418.28,140795.35,Approved
1007821,107067,Cash loans,36694.24,161992.85,Canceled
1007822,108960,Cash loans,46691.71,33855.48,Approved
1007823,107084,Cash loans,22494.34,63597.81,Canceled
1007824,101807,Cash loans,65819.11,109465.07,Canceled
1007825,100365,Consumer loans,1970.36,128722.42,Approved
1007826,106021,Consumer loans,333514.56,117522.95,Canceled
1007827,101307,Consumer loans,74249.06,2644.68,Refused
1007828,108994,Cash loans,6129.47,58034.68,Approved
1007829,109615,Revolving loans,165416.64,34385.3,Canceled
1007830,200659,Cash loans,15774.1,51064.8,Approved
1007831,108743,Cash loans,82466.07,13072.92,Refused
1007832,102844,Revolving loans,140690.58,113294.05,Refused
1007833,108715,Revolving loans,34315.08,200578.96,Approved
1007834,103747,Revolving loans,24545.35,441298.62,Approved
1007835,103302,Cash loans,39165.85,15661.23,Approved
1007836,200497,Revolving loans,23964.16,231964.24,Approved
1007837,109722,Consumer loans,41477.57,77526.9,Approved
1007838,101371,Cash loans,112276.26,261549.69,Approved
1007839,108278,Revolving loans,4280.89,77049.73,Refused
1007840,200032,Consumer loans,6531.48,64921.92,Refused
1007841,104367,Consumer loans,72424.22,313129.84,Approved
1007842,108102,Consumer loans,51019.49,74000.21,Approved
1007843,107045,Revolving loans,15006.21,43528.25,Approved
1007844,100511,Consumer loans,15104.58,53407.69,Approved
1007845,109886,Cash loans,100469.57,28545.72,Canceled
1007846,200151,Consumer loans,11062.39,687736.19,Canceled
1007847,105362,Revolving loans,40032.03,148228.04,Canceled
1007848,109871,Consumer loans,42363.07,26391.5,Approved
1007849,107205,Consumer loans,32079.14,160302.64,Approved
1007850,101337,Cash loans,173735.49,113879.55,Approved
1007851,200569,Consumer loans,16452.53,73872.66,Approved
1007852,106849,Revolving loans,210051.84,135266.53,Refused
1007853,201888,Revolving loans,20846.11,204032.4,Approved
1007854,103312,Cash loans,289147.7,17841.82,Approved
1007855,103683,Revolving loans,145846.84,14442.18,Approved
1007856,109100,Consumer loans,22064.76,137653.24,Approved
1007857,101237,Revolving loans,30443.52,92150.19,Approved
1007858,108196,Consumer loans,235389.3,91721.7,Refused
1007859,200696,Cash loans,203302.24,286626.37,Canceled
1007860,109154,Consumer loans,193497.24,57327.82,Approved
1007861,107507,Cash loans,178471.4,151326.06,Refused
1007862,109114,Cash loans,82503.49,49581.96,Canceled
1007863,108584,Cash loans,79815.63,143255.57,Canceled
1007864,102167,Revolving loans,123811.47,431232.26,Refused
1007865,106779,Consumer loans,297625.26,62292.07,Approved
1007866,109758,Revolving loans,63677.26,32284.73,Approved
1007867,105600,Cash loans,133553.18,426221.25,Canceled
1007868,103417,Consumer loans,64184.26,46225.39,Approved
1007869,106810,Cash loans,108926.06,92985.2,Approved
1007870,105968,Cash loans,34556.87,107422.4,Approved
1007871,109824,Cash loans,161978.99,313706.47,Approved
1007872,201802,Consumer loans,33873.56,225443.6,Canceled
1007873,101170,Consumer loans,17525.26,136204.53,Approved
1007874,105070,Revolving loans,35333.03,87655.85,Approved
1007875,106876,Revolving loans,161212.04,70190.8,Approved
1007876,102441,Cash loans,62311.82,31749.44,Canceled
1007877,105334,Revolving loans,107548.74,176314.67,Approved
1007878,105620,Cash loans,333674.92,28455.34,Approved
1007879,101852,Cash loans,102384.56,158408.44,Refused
1007880,201185,Consumer loans,114378.81,12409.32,Approved
1007881,200900,Cash loans,169430.29,346361.79,Approved
1007882,103989,Cash loans,111964.77,48581.8,Approved
1007883,100176,Revolving loans,1512.58,22323.23,Approved
1007884,102949,Cash loans,35615.08,20404.28,Approved
1007885,201082,Cash loans,132317.14,164811.29,Approved
1007886,100587,Cash loans,968.9,223791.84,Approved
1007887,108863,Revolving loans,78748.65,28109.55,Approved
1007888,101173,Consumer loans,418194.84,28195.27,Approved
1007889,106337,Cash loans,242789.91,112227.32,Approved
1007890,108483,Consumer loans,308207.87,104128.22,Approved
1007891,102691,Revolving loans,183031.43,180534.19,Refused
1007892,200207,Consumer loans,118695.44,77061.46,Approved
1007893,105794,Revolving loans,10278.52,71445.65,Approved
1007894,109617,Consumer loans,24342.62,35636.29,Canceled
1007895,109999,Consumer loans,172742.51,41785.02,Canceled
1007896,107086,Revolving loans,24397.51,268447.77,Approved
1007897,107906,Consumer loans,47230.62,143184.11,Approved
1007898,103824,Revolving loans,39970.72,231318.27,Refused
1007899,107306,Consumer loans,51588.15,234045.31,Canceled
1007900,100550,Consumer loans,266177.92,194697.17,Approved
1007901,105307,Revolving loans,16763.5,76252.9,Canceled
1007902,108605,Revolving loans,86136.12,105629.58,Canceled
1007903,108542,Revolving loans,23760.1,410465.08,Refused
1007904,104009,Cash loans,113272.29,49548.67,Approved
1007905,108823,Consumer loans,332249.74,38757.19,Approved
1007906,201062,Revolving loans,35323.96,300897.72,Refused
1007907,102475,Consumer loans,15268.46,130843.22,Canceled
1007908,109528,Consumer loans,12452.42,254490.5,Approved
1007909,105460,Revolving loans,16441.96,225720.78,Approved
1007910,104539,Cash loans,129997.32,143306.81,Approved
1007911,100442,Revolving loans,153114.17,165587.22,Approved
1007912,100962,Cash loans,8388.55,18766.85,Approved
1007913,201170,Consumer loans,24510.16,32023.12,Approved
1007914,101034,Cash loans,141861.71,66151.93,Approved
1007915,107695,Cash loans,4339.63,70937.64,Approved
1007916,107602,Cash loans,28867.88,47018.59,Approved
1007917,101458,Consumer loans,253614.43,841178.4,Approved
1007918,103412,Cash loans,43273.99,142204.24,Approved
1007919,100461,Revolving loans,2786.89,262668.6,Canceled
1007920,109191,Consumer loans,42623.24,118408.73,Approved
1007921,104301,Consumer loans,116615.32,29643.28,Canceled
1007922,106254,Consumer loans,14768.8,302611.35,Canceled
1007923,201080,Consumer loans,71824.19,9278.56,Approved
1007924,107818,Revolving loans,67827.93,255162.06,Canceled
1007925,100377,Revolving loans,199448.11,70971.11,Approved
1007926,200258,Revolving loans,82203.94,140557.57,Approved
1007927,103845,Consumer loans,121575.32,43206.78,Approved
1007928,200345,Consumer loans,88558.12,242752.43,Approved
1007929,101047,Revolving loans,178841.51,87420.13,Approved
1007930,103746,Revolving loans,14864.33,108977.82,Canceled
1007931,104939,Consumer loans,97261.46,103394.22,Approved
1007932,201169,Consumer loans,29954.28,265950.08,Approved
1007933,109134,Consumer loans,158221.37,26302.6,Approved
1007934,101076,Cash loans,157370.67,112325.94,Refused
1007935,104636,Cash loans,267906.65,58175.1,Refused
1007936,101196,Cash loans,11822.26,137109.83,Approved
1007937,101312,Consumer loans,255580.29,58004.34,Approved
1007938,106378,Cash loans,116500.02,247199.71,Approved
1007939,106570,Consumer loans,96200.3,109412.53,Refused
1007940,108489,Consumer loans,188493.74,434912.78,Refused
1007941,104964,Revolving loans,122739.11,423701.84,Approved
1007942,101205,Cash loans,12766.99,16730.17,Refused
1007943,104944,Revolving loans,13301.97,133463.57,Approved
1007944,100943,Revolving loans,10775.78,180651.82,Canceled
1007945,102697,Revolving loans,19062.72,69336.14,Canceled
1007946,200058,Revolving loans,83864.45,17095.0,Approved
1007947,109445,Cash loans,494823.58,193809.22,Approved
1007948,200461,Revolving loans,111618.67,487729.15,Approved
1007949,106685,Cash loans,258001.91,118891.64,Approved
1007950,103429,Revolving loans,117359.43,8978.69,Approved
1007951,103198,Revolving loans,179384.02,409693.89,Approved
1007952,104113,Cash loans,238450.3,210549.78,Canceled
1007953,109006,Revolving loans,170038.77,62902.87,Approved
1007954,106958,Revolving loans,22844.42,88331.16,Approved
1007955,200475,Consumer loans,114090.62,17037.14,Canceled
1007956,100906,Cash loans,203066.43,130313.96,Approved
1007957,200294,Revolving loans,69766.81,136643.65,Approved
1007958,103018,Revolving loans,290970.81,38079.5,Approved
1007959,101617,Consumer loans,354674.71,24597.52,Approved
1007960,106961,Cash loans,35010.11,91945.47,Canceled
1007961,105697,Revolving loans,166130.39,120348.94,Approved
1007962,201058,Revolving loans,8777.8,61352.15,Refused
1007963,102387,Revolving loans,105564.7,207592.62,Approved
1007964,200849,Cash loans,63786.61,164513.11,Approved
1007965,104865,Revolving loans,22357.14,14543.68,Approved
1007966,102062,Consumer loans,58722.73,9080.37,Canceled
1007967,101142,Cash loans,127553.44,47904.82,Refused
1007968,107097,Consumer loans,272803.35,135774.23,Canceled
1007969,200318,Consumer loans,31674.62,144785.21,Approved
1007970,201625,Cash loans,67367.85,84365.02,Approved
1007971,100378,Cash loans,152775.28,135528.58,Refused
1007972,201624,Revolving loans,248145.76,35473.04,Approved
1007973,102435,Cash loans,22192.9,304157.62,Canceled
1007974,103354,Revolving loans,106760.97,53781.24,Approved
1007975,201986,Cash loans,150727.43,75960.35,Approved
1007976,101716,Revolving loans,260726.27,8617.63,Canceled
1007977,109310,Consumer loans,38830.59,467393.82,Canceled
1007978,201689,Revolving loans,125230.53,175021.87,Approved
1007979,106376,Consumer loans,112337.81,169028.69,Approved
1007980,103620,Cash loans,29697.02,148443.08,Approved
1007981,200215,Revolving loans,3767.35,76330.59,Approved
1007982,103948,Cash loans,216691.55,144404.41,Approved
1007983,200299,Cash loans,30622.76,25823.16,Approved
1007984,100179,Consumer loans,119545.1,129265.59,Canceled
1007985,100215,Cash loans,19835.77,17951.64,Canceled
1007986,102526,Consumer loans,46335.64,67471.43,Refused
1007987,107138,Consumer loans,228915.95,62818.0,Refused
1007988,100011,Consumer loans,100447.61,92535.83,Approved
1007989,200692,Consumer loans,212544.09,268686.69,Approved
1007990,109901,Revolving loans,38736.13,38491.49,Canceled
1007991,200679,Consumer loans,53679.56,47969.82,Approved
1007992,106541,Cash loans,58174.36,10371.34,Canceled
1007993,200770,Cash loans,192079.4,51214.66,Approved
1007994,109232,Consumer loans,47189.07,63273.96,Approved
1007995,100956,Consumer loans,41563.39,18484.44,Approved
1007996,106331,Consumer loans,178350.27,94461.07,Refused
1007997,108343,Revolving loans,38980.29,109787.67,Refused
1007998,108429,Consumer loans,40484.07,62762.62,Approved
1007999,201526,Consumer loans,260968.78,12228.7,Canceled
1008000,105822,Revolving loans,262746.33,14806.68,Approved
1008001,105657,Cash loans,7338.87,53639.55,Approved
1008002,102862,Cash loans,321290.81,34888.41,Approved
1008003,100915,Cash loans,72137.65,195423.7,Refused
1008004,200350,Cash loans,276249.47,2566.65,Refused
1008005,104206,Revolving loans,163256.93,211984.93,Refused
1008006,108161,Cash loans,13044.31,220283.8,Approved
1008007,106273,Cash loans,33292.98,109564.83,Approved
1008008,103988,Revolving loans,108230.94,373844.91,Approved
1008009,102014,Revolving loans,26003.34,2623.44,Refused
1008010,109487,Cash loans,168180.7,311272.57,Refused
1008011,108424,Consumer loans,39506.6,60821.26,Refused
1008012,102273,Cash loans,171775.33,119420.81,Approved
1008013,201533,Cash loans,24530.11,3812.3,Approved
1008014,102786,Cash loans,100200.91,415424.1,Canceled
1008015,106946,Consumer loans,100108.0,89387.18,Approved
1008016,109986,Revolving loans,165825.94,84100.96,Refused
1008017,105235,Cash loans,192.55,88100.7,Approved
1008018,101227,Cash loans,32825.05,118157.43,Approved
1008019,105631,Revolving loans,105594.16,101904.56,Approved
1008020,102059,Consumer loans,150386.82,55442.01,Approved
1008021,106374,Cash loans,12585.49,3356.2,Approved
1008022,107608,Cash loans,36369.94,159975.23,Approved
1008023,103232,Consumer loans,41054.87,24250.63,Approved
1008024,105790,Cash loans,31206.06,117003.29,Approved
1008025,201769,Cash loans,4254.54,85684.07,Approved
1008026,201825,Consumer loans,180911.93,170077.62,Canceled
1008027,201476,Consumer loans,345453.92,4881.28,Approved
1008028,101878,Consumer loans,17733.84,196416.33,Approved
1008029,101905,Cash loans,93056.13,440888.17,Canceled
1008030,107282,Consumer loans,19115.54,106589.84,Approved
1008031,104278,Consumer loans,120416.0,2012.04,Approved
1008032,200813,Consumer loans,128857.18,124798.2,Refused
1008033,100977,Cash loans,48310.71,18804.14,Refused
1008034,108751,Revolving loans,105617.76,47669.57,Refused
1008035,200314,Consumer loans,22070.98,62198.91,Refused
1008036,104847,Consumer loans,125964.59,100971.11,Refused
1008037,107812,Revolving loans,14174.32,110907.96,Refused
1008038,104594,Cash loans,46100.0,229864.27,Canceled
1008039,108625,Consumer loans,250906.64,32738.37,Approved
1008040,101990,Cash loans,32220.12,173110.17,Approved
1008041,108582,Consumer loans,69533.41,41254.93,Canceled
1008042,104442,Cash loans,82832.31,358190.09,Approved
1008043,105128,Revolving loans,24373.72,127762.64,Approved
1008044,108103,Revolving loans,126194.89,100933.02,Approved
1008045,200141,Cash loans,270148.47,33046.65,Approved
1008046,107618,Cash loans,34196.87,194278.27,Canceled
1008047,104364,Revolving loans,42205.48,125684.5,Approved
1008048,101731,Consumer loans,66644.16,207113.99,Refused
1008049,108267,Cash loans,68780.77,51231.27,Approved
1008050,101234,Revolving loans,40156.56,41031.64,Refused
1008051,106607,Cash loans,162156.27,16572.69,Canceled
1008052,100206,Consumer loans,1845.55,77262.15,Approved
1008053,101154,Consumer loans,153459.9,38444.32,Canceled
1008054,201981,Consumer loans,118349.85,341341.58,Approved
1008055,103429,Cash loans,22363.63,175696.01,Approved
1008056,200727,Consumer loans,26844.34,47241.97,Approved
1008057,102124,Revolving loans,3563.31,24849.2,Canceled
1008058,105525,Consumer loans,109437.09,21226.62,Refused
1008059,100377,Consumer loans,199435.8,105441.8,Approved
1008060,107006,Revolving loans,10252.26,114473.01,Canceled
1008061,200852,Consumer loans,216332.61,120437.75,Refused
1008062,201735,Consumer loans,180761.52,108337.4,Approved
1008063,104044,Cash loans,83041.58,163002.0,Approved
1008064,108573,Consumer loans,34003.9,81326.77,Refused
1008065,107070,Consumer loans,68276.61,119154.01,Approved
1008066,106190,Consumer loans,75732.08,137099.58,Canceled
1008067,108511,Revolving loans,15522.47,150495.51,Approved
1008068,105077,Revolving loans,52.26,39285.91,Approved
1008069,103630,Cash loans,59428.45,120824.34,Approved
1008070,105483,Revolving loans,5690.89,156061.31,Refused
1008071,101397,Cash loans,35731.76,77515.41,Approved
1008072,109251,Cash loans,27535.8,52580.57,Canceled
1008073,106211,Cash loans,44849.85,115413.88,Approved
1008074,104023,Cash loans,110664.74,143396.81,Approved
1008075,109739,Consumer loans,41666.97,117755.22,Approved
1008076,106997,Revolving loans,223159.44,86040.21,Approved
1008077,100447,Cash loans,157973.49,149657.01,Approved
1008078,108251,Consumer loans,120714.07,64759.69,Canceled
1008079,200488,Revolving loans,95935.4,136979.34,Approved
1008080,105926,Cash loans,279142.34,177315.19,Approved
1008081,109174,Consumer loans,531.9,17779.25,Approved
1008082,102800,Cash loans,126040.43,97207.8,Approved
1008083,105654,Consumer loans,12229.67,154136.66,Approved
1008084,201209,Consumer loans,4729.24,150842.44,Approved
1008085,108841,Revolving loans,24777.01,23785.29,Approved
1008086,106153,Cash loans,25807.64,342783.07,Approved
1008087,100933,Cash loans,60648.65,17421.57,Approved
1008088,102543,Revolving loans,107563.79,64496.77,Refused
1008089,105433,Revolving loans,4407.38,66541.07,Refused
1008090,201619,Consumer loans,7075.69,498563.24,Approved
1008091,104988,Cash loans,51088.04,16085.44,Approved
1008092,102324,Cash loans,112830.11,33797.19,Canceled
1008093,109384,Consumer loans,44312.57,228392.18,Approved
1008094,200371,Consumer loans,2972.86,357231.25,Approved
1008095,107991,Consumer loans,235551.35,52121.85,Approved
1008096,108562,Revolving loans,19791.61,185645.14,Refused
1008097,100957,Revolving loans,206841.16,9960.59,Refused
1008098,201142,Consumer loans,254509.85,1486.15,Refused
1008099,101085,Revolving loans,197372.12,160491.68,Approved
1008100,100235,Cash loans,117704.37,180729.18,Canceled
1008101,106197,Consumer loans,22993.31,251724.29,Approved
1008102,109170,Consumer loans,22478.34,186545.59,Approved
1008103,101545,Consumer loans,3511.65,17194.14,Refused
1008104,101595,Revolving loans,135271.84,107235.43,Refused
1008105,200216,Revolving loans,3572.44,51845.71,Refused
1008106,107768,Cash loans,58029.12,174452.73,Canceled
1008107,100924,Cash loans,141268.31,14709.56,Canceled
1008108,104966,Revolving loans,211056.22,55058.12,Approved
1008109,100230,Cash loans,28706.97,113213.38,Canceled
1008110,103187,Revolving loans,204600.25,200244.17,Refused
1008111,104406,Revolving loans,1121.83,40826.07,Refused
1008112,200289,Revolving loans,21325.08,340483.2,Canceled
1008113,108008,Cash loans,204494.62,22267.98,Approved
1008114,100550,Revolving loans,66355.08,186524.96,Approved
1008115,105133,Revolving loans,219726.3,86383.65,Canceled
1008116,109247,Revolving loans,195315.37,106184.77,Refused
1008117,108820,Revolving loans,237932.31,139124.2,Refused
1008118,107454,Revolving loans,67982.18,26435.41,Approved
1008119,201672,Cash loans,202793.76,152820.97,Canceled
1008120,103869,Cash loans,84706.75,4393.9,Approved
1008121,103311,Revolving loans,82826.09,76561.05,Refused
1008122,103768,Cash loans,70115.11,107391.94,Approved
1008123,200159,Consumer loans,189909.12,265186.35,Approved
1008124,102083,Consumer loans,71592.92,148592.31,Approved
1008125,106017,Consumer loans,21166.86,58810.74,Refused
1008126,101354,Consumer loans,39934.37,35141.22,Approved
1008127,100719,Consumer loans,43606.41,163518.13,Canceled
1008128,105476,Cash loans,44239.91,153819.34,Canceled
1008129,201942,Revolving loans,33235.89,104766.98,Approved
1008130,107944,Consumer loans,61009.09,93247.29,Approved
1008131,104454,Revolving loans,275494.27,84576.18,Approved
1008132,100711,Consumer loans,250117.69,326371.55,Approved
1008133,102312,Consumer loans,288930.93,17562.7,Approved
1008134,107342,Consumer loans,150475.48,28551.43,Approved
1008135,201891,Consumer loans,77918.57,97808.68,Approved
1008136,102117,Cash loans,2820.47,333286.59,Refused
1008137,200864,Revolving loans,198938.67,35877.31,Approved
1008138,105385,Revolving loans,86731.22,84614.49,Approved
1008139,101416,Revolving loans,85934.21,204500.75,Approved
1008140,108473,Cash loans,14434.33,43779.78,Approved
1008141,200906,Consumer loans,75499.23,129903.76,Approved
1008142,109505,Revolving loans,35468.46,227889.42,Canceled
1008143,105586,Revolving loans,30920.95,135531.25,Canceled
1008144,108440,Revolving loans,70128.17,137531.55,Refused
1008145,102788,Revolving loans,61869.65,107711.54,Refused
1008146,201449,Cash loans,16819.92,37627.44,Canceled
1008147,105753,Cash loans,2126.48,23130.61,Approved
1008148,101278,Revolving loans,81690.62,7085.39,Approved
1008149,109119,Cash loans,378433.34,300418.41,Refused
1008150,201887,Cash loans,54509.06,206079.1,Approved
1008151,201268,Cash loans,142191.78,35347.66,Approved
1008152,103937,Consumer loans,170577.72,111448.56,Approved
1008153,200221,Cash loans,34226.97,10802.42,Refused
1008154,109757,Revolving loans,107017.84,141569.01,Approved
1008155,101121,Cash loans,62383.18,6639.34,Approved
1008156,200181,Cash loans,34351.13,109926.4,Canceled
1008157,101333,Cash loans,61363.39,922.67,Approved
1008158,201066,Cash loans,102445.05,87656.71,Approved
1008159,201975,Consumer loans,7502.15,59057.03,Approved
1008160,100556,Consumer loans,38678.7,176198.89,Approved
1008161,200686,Consumer loans,90323.19,207906.91,Refused
1008162,100259,Consumer loans,10066.18,327692.0,Approved
1008163,103492,Consumer loans,42235.4,343783.04,Refused
1008164,109540,Revolving loans,3642.39,181721.33,Canceled
1008165,106393,Cash loans,616352.1,125516.69,Approved
1008166,108776,Consumer loans,22731.31,153287.03,Refused
1008167,109802,Consumer loans,156382.91,58514.93,Refused
1008168,103210,Cash loans,38125.27,12355.82,Approved
1008169,200966,Revolving loans,124581.38,4358.19,Canceled
1008170,109183,Cash loans,54035.29,239356.26,Approved
1008171,100693,Revolving loans,4228.89,95042.14,Refused
1008172,200636,Consumer loans,24212.69,13191.21,Refused
1008173,105475,Revolving loans,108600.29,48501.8,Approved
1008174,200837,Consumer loans,5700.73,47286.81,Approved
1008175,102011,Cash loans,208073.43,122781.4,Canceled
1008176,109873,Consumer loans,44910.22,10335.39,Approved
1008177,105738,Cash loans,86508.12,167615.16,Refused
1008178,101865,Cash loans,247411.47,22920.65,Approved
1008179,107083,Cash loans,59211.05,244217.54,Approved
1008180,106946,Consumer loans,185446.54,200679.34,Approved
1008181,107146,Revolving loans,106226.77,46152.55,Approved
1008182,107224,Revolving loans,59900.5,175828.03,Refused
1008183,103575,Consumer loans,42031.68,110714.56,Approved
1008184,102609,Cash loans,38132.84,102431.04,Approved
1008185,106197,Cash loans,62604.96,7053.93,Approved
1008186,108476,Revolving loans,122342.66,26343.96,Refused
1008187,105098,Cash loans,61172.46,73720.69,Approved
1008188,200831,Consumer loans,150076.67,9458.45,Refused
1008189,200938,Consumer loans,5746.26,557495.11,Canceled
1008190,108713,Consumer loans,185646.99,251247.62,Approved
1008191,105459,Revolving loans,32347.44,160906.64,Approved
1008192,106299,Consumer loans,408693.95,558164.9,Canceled
1008193,109017,Revolving loans,130567.87,136814.15,Approved
1008194,104871,Cash loans,56718.77,36323.05,Approved
1008195,103668,Revolving loans,263491.64,46700.0,Canceled
1008196,101118,Revolving loans,5456.76,133197.01,Approved
1008197,101809,Revolving loans,43012.66,14939.47,Approved
1008198,100050,Revolving loans,121178.42,28935.81,Refused
1008199,102668,Consumer loans,252302.85,189960.74,Canceled
1008200,102802,Cash loans,386985.58,10140.8,Approved
1008201,102094,Cash loans,176937.32,43176.78,Approved
1008202,106910,Revolving loans,15800.74,165182.78,Approved
1008203,102941,Consumer loans,38427.26,79498.83,Refused
1008204,200682,Cash loans,151303.21,120619.01,Refused
1008205,107240,Cash loans,47563.84,165001.14,Canceled
1008206,105085,Consumer loans,32924.22,180782.83,Refused
1008207,107884,Cash loans,30375.96,253839.72,Approved
1008208,102165,Revolving loans,21606.31,614.9,Refused
1008209,100958,Revolving loans,22395.45,238738.8,Approved
1008210,200368,Revolving loans,10620.51,132284.17,Approved
1008211,201389,Consumer loans,110975.56,17470.56,Canceled
1008212,109542,Revolving loans,182108.33,47582.32,Approved
1008213,108077,Consumer loans,98.8,34667.84,Approved
1008214,100803,Cash loans,141001.31,62055.55,Approved
1008215,200848,Cash loans,109527.33,206741.71,Approved
1008216,105977,Cash loans,3958.53,153234.86,Approved
1008217,201402,Cash loans,15524.41,94402.08,Approved
1008218,107554,Consumer loans,10225.08,18697.03,Refused
1008219,108447,Revolving loans,71244.56,356935.77,Approved
1008220,100736,Revolving loans,7081.72,9248.09,Canceled
1008221,103631,Cash loans,150014.97,64008.46,Refused
1008222,108403,Consumer loans,393073.12,90882.33,Approved
1008223,104640,Consumer loans,103867.48,36145.01,Approved
1008224,109854,Revolving loans,203795.08,52400.94,Refused
1008225,106929,Revolving loans,86106.1,104745.36,Approved
1008226,104664,Revolving loans,6509.94,39006.47,Refused
1008227,201672,Cash loans,34300.24,155378.24,Refused
1008228,109876,Cash loans,33095.67,41271.52,Approved
1008229,102551,Revolving loans,31409.64,60746.4,Approved
1008230,201770,Revolving loans,43102.66,278832.38,Approved
1008231,107288,Consumer loans,9029.74,1969.65,Refused
1008232,200297,Revolving loans,2451.54,163233.24,Approved
1008233,106912,Revolving loans,41266.06,214957.82,Approved
1008234,103247,Revolving loans,53723.18,74457.66,Approved
1008235,101911,Consumer loans,78044.87,54287.79,Refused
1008236,104384,Consumer loans,290235.17,39801.86,Approved
1008237,108128,Cash loans,95554.07,118643.08,Refused
1008238,105043,Consumer loans,6009.19,152001.13,Approved
1008239,104298,Cash loans,246517.93,142952.52,Canceled
1008240,104143,Cash loans,108787.72,19055.23,Canceled
1008241,101965,Revolving loans,69826.32,91788.42,Approved
1008242,100562,Revolving loans,3847.56,571371.57,Refused
1008243,107291,Revolving loans,98665.86,51294.4,Approved
1008244,103929,Revolving loans,353071.57,33860.88,Canceled
1008245,108417,Revolving loans,2124.09,156160.12,Approved
1008246,106461,Cash loans,312055.15,38749.05,Approved
1008247,109792,Cash loans,243110.39,180273.43,Approved
1008248,105622,Revolving loans,78007.78,4736.66,Approved
1008249,109103,Consumer loans,15078.93,38480.66,Refused
1008250,200137,Consumer loans,47262.5,71354.25,Approved
1008251,200819,Revolving loans,49369.31,61343.9,Approved
1008252,105158,Revolving loans,35441.43,51558.66,Canceled
1008253,103972,Consumer loans,2699.58,21002.88,Refused
1008254,107401,Consumer loans,182999.26,61082.21,Approved
1008255,108157,Revolving loans,52748.08,131791.62,Canceled
1008256,108108,Cash loans,140068.16,245164.69,Approved
1008257,109895,Consumer loans,66918.67,34567.37,Canceled
1008258,102745,Cash loans,15637.93,10198.87,Refused
1008259,106162,Cash loans,14057.33,6920.43,Approved
1008260,201131,Revolving loans,25388.86,218833.3,Approved
1008261,200155,Consumer loans,17461.07,218463.59,Canceled
1008262,201055,Cash loans,44015.14,84029.47,Approved
1008263,200696,Cash loans,6150.01,132688.48,Canceled
1008264,106983,Revolving loans,38703.56,189985.47,Refused
1008265,105241,Consumer loans,87786.06,31021.54,Refused
1008266,107595,Cash loans,112456.08,227133.66,Canceled
1008267,103081,Consumer loans,121186.76,8395.76,Approved
1008268,105225,Cash loans,131044.24,147817.5,Approved
1008269,104963,Cash loans,8065.95,52342.97,Approved
1008270,106105,Cash loans,271543.34,137164.77,Refused
1008271,200039,Consumer loans,82786.8,256965.13,Canceled
1008272,104191,Consumer loans,46195.16,8332.81,Canceled
1008273,105542,Cash loans,193970.29,76372.1,Approved
1008274,108235,Cash loans,3627.2,47040.61,Approved
1008275,109049,Revolving loans,167512.16,94684.26,Approved
1008276,108549,Consumer loans,379581.21,64877.34,Refused
1008277,103713,Cash loans,408499.76,171718.57,Canceled
1008278,108056,Cash loans,5777.17,95066.31,Approved
1008279,105967,Cash loans,106839.6,148823.85,Approved
1008280,200224,Consumer loans,319284.75,65112.29,Refused
1008281,104776,Consumer loans,143198.9,31107.38,Refused
1008282,108650,Revolving loans,143613.47,19122.48,Refused
1008283,201800,Revolving loans,197441.6,72084.22,Approved
1008284,201325,Consumer loans,61270.0,68422.17,Canceled
1008285,107832,Revolving loans,131565.8,20636.45,Approved
1008286,101502,Cash loans,46055.76,224.21,Approved
1008287,109480,Consumer loans,616449.63,115043.1,Approved
1008288,108738,Revolving loans,11465.73,281696.14,Approved
1008289,109567,Revolving loans,61956.01,338656.01,Canceled
1008290,101385,Cash loans,156735.42,96094.16,Approved
1008291,101715,Consumer loans,19150.83,81332.03,Approved
1008292,201135,Consumer loans,3852.96,188700.33,Approved
1008293,105902,Consumer loans,174819.3,72721.22,Approved
1008294,106887,Revolving loans,13753.38,41303.15,Refused
1008295,105365,Revolving loans,64517.37,68897.98,Approved
1008296,103173,Consumer loans,113787.93,291675.51,Approved
1008297,104818,Revolving loans,124758.67,62428.36,Refused
1008298,106276,Revolving loans,15613.91,176387.35,Approved
1008299,200923,Revolving loans,11730.64,15269.78,Canceled
1008300,100436,Revolving loans,146250.98,32846.36,Canceled
1008301,103795,Cash loans,42697.65,59470.3,Approved
1008302,100308,Revolving loans,79906.07,168368.47,Approved
1008303,101832,Consumer loans,194986.78,181022.27,Approved
1008304,200498,Revolving loans,44119.76,108029.54,Approved
1008305,201784,Consumer loans,131921.39,193901.76,Refused
1008306,106128,Revolving loans,109969.12,241076.29,Approved
1008307,100218,Cash loans,195921.92,308137.54,Approved
1008308,103085,Revolving loans,7214.27,30055.96,Refused
1008309,102134,Cash loans,135634.81,1405.15,Refused
1008310,201224,Cash loans,153560.52,78313.29,Refused
1008311,107845,Cash loans,173251.01,417001.02,Canceled
1008312,109201,Revolving loans,205505.55,141599.09,Refused
1008313,103727,Consumer loans,79084.28,239700.51,Approved
1008314,106589,Revolving loans,28369.45,84921.92,Approved
1008315,200383,Consumer loans,143735.97,185683.88,Approved
1008316,201658,Cash loans,50614.96,63188.43,Approved
1008317,106578,Revolving loans,118324.66,346532.82,Approved
1008318,108040,Consumer loans,22745.11,196368.24,Refused
1008319,106095,Revolving loans,277017.99,23877.76,Approved
1008320,109759,Cash loans,26863.54,258.47,Refused
1008321,100167,Cash loans,74503.56,77345.72,Canceled
1008322,106016,Revolving loans,73312.91,37083.06,Approved
1008323,100334,Consumer loans,117905.21,32950.34,Canceled
1008324,107945,Revolving loans,3403.18,111081.47,Canceled
1008325,201342,Revolving loans,283247.69,160020.81,Approved
1008326,108125,Consumer loans,162627.38,91734.62,Refused
1008327,108482,Consumer loans,175249.63,9382.08,Canceled
1008328,103401,Cash loans,23854.71,68635.83,Canceled
1008329,104494,Consumer loans,154308.15,108784.16,Refused
1008330,105195,Consumer loans,8993.12,65719.35,Approved
1008331,107579,Consumer loans,114195.89,267880.79,Approved
1008332,106620,Revolving loans,237651.96,19367.77,Approved
1008333,109120,Cash loans,22050.57,192078.97,Approved
1008334,105215,Revolving loans,31993.9,102542.98,Approved
1008335,106008,Cash loans,97264.16,114501.63,Approved
1008336,100238,Cash loans,105453.36,72485.96,Approved
1008337,104292,Cash loans,88338.8,72752.77,Approved
1008338,102505,Consumer loans,3556.07,294529.11,Refused
1008339,103501,Cash loans,214001.84,38096.83,Approved
1008340,104931,Revolving loans,20251.45,79593.38,Approved
1008341,103301,Revolving loans,39509.26,98131.87,Approved
1008342,103062,Revolving loans,132008.38,179288.62,Refused
1008343,109098,Consumer loans,2070.53,28794.44,Canceled
1008344,108179,Consumer loans,9971.11,241401.73,Refused
1008345,105252,Cash loans,174420.11,89147.94,Refused
1008346,109383,Consumer loans,37591.81,393012.62,Refused
1008347,105233,Consumer loans,37385.67,297835.01,Approved
1008348,102389,Cash loans,11459.21,403796.83,Approved
1008349,104068,Consumer loans,57515.79,618881.31,Refused
1008350,104282,Cash loans,93198.73,103354.09,Canceled
1008351,107914,Revolving loans,334733.96,122068.78,Approved
1008352,200888,Consumer loans,325164.33,220441.89,Refused
1008353,101193,Consumer loans,18782.65,396315.88,Canceled
1008354,100392,Consumer loans,12005.1,48354.96,Approved
1008355,109240,Consumer loans,4984.67,324676.65,Refused
1008356,201872,Cash loans,11114.86,146898.59,Approved
1008357,102745,Revolving loans,20118.63,84985.33,Refused
1008358,107305,Revolving loans,229204.39,43473.78,Canceled
1008359,104569,Cash loans,346269.35,39135.75,Refused
1008360,201205,Revolving loans,109687.45,48432.02,Refused
1008361,103697,Consumer loans,91837.18,38163.41,Refused
1008362,201316,Cash loans,23831.95,15779.22,Canceled
1008363,102351,Revolving loans,78167.09,22796.51,Approved
1008364,103067,Revolving loans,2693.46,2832.74,Approved
1008365,100975,Revolving loans,20357.3,41309.38,Approved
1008366,106896,Cash loans,329719.01,171983.54,Approved
1008367,101587,Revolving loans,187970.57,15053.55,Approved
1008368,102852,Consumer loans,51142.57,146073.05,Refused
1008369,100817,Consumer loans,124455.33,43020.94,Approved
1008370,102247,Consumer loans,27108.4,119220.99,Approved
1008371,100912,Cash loans,122239.06,153658.02,Approved
1008372,109368,Revolving loans,355832.48,66605.84,Approved
1008373,106156,Revolving loans,56441.55,56476.68,Refused
1008374,107548,Cash loans,34332.44,149099.69,Canceled
1008375,107627,Revolving loans,84605.9,295368.54,Approved
1008376,109901,Revolving loans,43382.52,56165.32,Approved
1008377,108792,Consumer loans,8018.87,210057.43,Approved
1008378,103304,Cash loans,24252.7,17010.57,Approved
1008379,109786,Consumer loans,14410.78,552.24,Approved
1008380,105863,Cash loans,86758.57,127531.62,Approved
1008381,200975,Revolving loans,516474.88,143226.68,Approved
1008382,107519,Cash loans,6869.39,56915.75,Approved
1008383,103963,Revolving loans,116659.62,70255.76,Approved
1008384,105261,Revolving loans,95850.32,149520.52,Approved
1008385,102313,Cash loans,35878.99,102947.83,Approved
1008386,201523,Consumer loans,5120.43,4138.29,Approved
1008387,105993,Cash loans,169961.04,5485.99,Approved
1008388,104514,Revolving loans,28753.95,137606.42,Refused
1008389,102327,Cash loans,216444.09,35308.3,Approved
1008390,201600,Revolving loans,54706.04,91090.94,Refused
1008391,200190,Cash loans,56305.09,275799.86,Canceled
1008392,104138,Cash loans,198405.69,123362.29,Canceled
1008393,200281,Consumer loans,127152.48,154430.67,Canceled
1008394,107083,Revolving loans,144640.15,7039.16,Approved
1008395,109471,Consumer loans,61380.45,284830.64,Approved
1008396,201621,Cash loans,100537.65,65677.27,Approved
1008397,109291,Cash loans,1182.12,200678.24,Refused
1008398,106065,Revolving loans,322597.91,29117.9,Canceled
1008399,104054,Consumer loans,162950.87,31322.19,Canceled
1008400,102359,Revolving loans,48738.04,102394.77,Approved
1008401,105652,Revolving loans,43608.1,110842.11,Approved
1008402,109254,Revolving loans,11511.68,229083.0,Refused
1008403,101176,Consumer loans,107419.88,66462.59,Refused
1008404,105110,Revolving loans,69207.25,289219.16,Canceled
1008405,100649,Cash loans,74938.13,130090.44,Approved
1008406,106012,Revolving loans,147443.39,105851.92,Refused
1008407,107385,Cash loans,9660.89,139539.76,Approved
1008408,104661,Consumer loans,33636.96,128504.74,Approved
1008409,100943,Cash loans,24177.01,41431.89,Approved
1008410,102719,Revolving loans,339206.4,114293.96,Approved
1008411,101706,Consumer loans,383068.76,51982.92,Refused
1008412,200177,Revolving loans,26575.6,29919.96,Canceled
1008413,101753,Revolving loans,243443.08,1708.82,Refused
1008414,105175,Revolving loans,19136.43,69829.91,Refused
1008415,106371,Cash loans,3224.25,118065.23,Canceled
1008416,103602,Consumer loans,32708.87,35247.77,Approved
1008417,103475,Cash loans,14989.07,68060.56,Approved
1008418,102564,Consumer loans,18777.88,278420.04,Approved
1008419,103003,Consumer loans,56183.05,58515.11,Approved
1008420,102879,Consumer loans,80093.36,53672.29,Canceled
1008421,108458,Cash loans,30508.85,214925.0,Canceled
1008422,107992,Revolving loans,204820.45,128293.75,Canceled
1008423,101365,Revolving loans,18580.52,349659.53,Approved
1008424,101645,Consumer loans,335414.93,5939.45,Approved
1008425,104199,Revolving loans,75914.34,69772.68,Refused
1008426,200153,Consumer loans,304486.88,58849.7,Approved
1008427,105415,Revolving loans,110100.44,266971.96,Canceled
1008428,107927,Consumer loans,75073.6,322057.44,Approved
1008429,200300,Consumer loans,77088.56,160157.69,Approved
1008430,100204,Revolving loans,8489.83,5549.59,Approved
1008431,109073,Revolving loans,124608.12,85590.62,Approved
1008432,103061,Revolving loans,273912.45,87977.91,Canceled
1008433,107675,Consumer loans,48469.94,70217.46,Approved
1008434,105017,Cash loans,29081.02,318889.63,Approved
1008435,109533,Revolving loans,63606.39,77361.73,Approved
1008436,105148,Consumer loans,164652.44,33118.77,Canceled
1008437,105397,Revolving loans,89309.61,48343.42,Refused
1008438,102534,Consumer loans,4221.73,81300.39,Refused
1008439,102572,Consumer loans,186662.95,49692.47,Approved
1008440,106857,Cash loans,6567.69,135919.05,Refused
1008441,101625,Consumer loans,175129.46,71878.13,Refused
1008442,107435,Revolving loans,38806.26,90010.37,Approved
1008443,106448,Revolving loans,4799.86,169347.63,Approved
1008444,103750,Consumer loans,51345.42,92930.23,Approved
1008445,200956,Consumer loans,119106.68,64969.14,Refused
1008446,104329,Consumer loans,208747.44,46320.9,Approved
1008447,102586,Cash loans,8931.82,56341.01,Refused
1008448,109934,Cash loans,90657.92,4801.88,Approved
1008449,200184,Cash loans,62327.28,207550.29,Refused
1008450,201060,Consumer loans,73536.06,1050.36,Approved
1008451,108611,Consumer loans,31311.45,30764.24,Canceled
1008452,100774,Revolving loans,93706.35,85875.19,Approved
1008453,100124,Revolving loans,185254.3,40571.15,Canceled
1008454,103618,Cash loans,109752.82,15007.17,Approved
1008455,102867,Cash loans,41936.96,145311.68,Approved
1008456,109942,Consumer loans,147286.02,158034.4,Approved
1008457,201689,Revolving loans,91123.18,339958.52,Canceled
1008458,109764,Consumer loans,41152.55,73319.55,Approved
1008459,108431,Revolving loans,46205.28,90061.65,Approved
1008460,104300,Consumer loans,67919.45,172193.02,Approved
1008461,106004,Cash loans,66418.31,23257.45,Approved
1008462,103308,Consumer loans,145148.07,139183.63,Refused
1008463,109587,Cash loans,152717.95,12120.68,Canceled
1008464,101550,Consumer loans,39449.55,6515.68,Refused
1008465,100922,Revolving loans,151175.87,72218.09,Canceled
1008466,103687,Consumer loans,4775.18,18935.99,Refused
1008467,105662,Consumer loans,51442.02,459469.67,Refused
1008468,106717,Revolving loans,22679.19,188196.59,Approved
1008469,103007,Revolving loans,1414.78,49694.26,Approved
1008470,107839,Consumer loans,30017.22,16631.24,Approved
1008471,200034,Cash loans,358700.87,560.74,Canceled
1008472,201469,Consumer loans,21934.53,51922.24,Approved
1008473,100875,Consumer loans,57687.08,20424.83,Approved
1008474,107994,Revolving loans,188868.16,190832.55,Refused
1008475,200819,Cash loans,884068.33,224898.53,Refused
1008476,104397,Cash loans,211601.2,185362.52,Canceled
1008477,103390,Revolving loans,92077.2,182806.53,Approved
1008478,200707,Cash loans,1909.17,8114.39,Approved
1008479,100682,Consumer loans,41112.59,64721.31,Canceled
1008480,108383,Cash loans,45998.9,60146.39,Approved
1008481,100585,Revolving loans,131369.47,28920.26,Refused
1008482,201428,Consumer loans,4980.02,325223.97,Approved
1008483,107828,Revolving loans,120331.07,179628.36,Canceled
1008484,102950,Revolving loans,7372.61,40445.77,Approved
1008485,104859,Consumer loans,47426.01,211867.76,Approved
1008486,107146,Cash loans,12813.35,12338.4,Approved
1008487,107029,Consumer loans,116689.17,37440.47,Approved
1008488,107475,Cash loans,21916.24,137977.62,Approved
1008489,109350,Revolving loans,97688.24,495899.55,Refused
1008490,200768,Consumer loans,23816.18,4902.66,Approved
1008491,106742,Consumer loans,98708.19,58030.06,Approved
1008492,109705,Cash loans,34289.94,12123.97,Canceled
1008493,109820,Consumer loans,149132.09,27816.85,Refused
1008494,109696,Consumer loans,70326.74,85657.65,Approved
1008495,101867,Consumer loans,60983.49,199795.61,Canceled
1008496,201843,Cash loans,31637.51,3733.38,Approved
1008497,105335,Consumer loans,160677.13,110831.75,Approved
1008498,101074,Consumer loans,995.4,38316.49,Approved
1008499,103040,Cash loans,172885.41,2665.09,Approved
1008500,200389,Revolving loans,311319.08,76269.59,Approved
1008501,102603,Consumer loans,135265.01,137906.4,Refused
1008502,103492,Cash loans,35812.56,354908.94,Approved
1008503,107047,Revolving loans,7175.57,32522.46,Canceled
1008504,106197,Consumer loans,36548.15,82409.47,Approved
1008505,104731,Cash loans,53287.79,73837.76,Approved
1008506,106594,Revolving loans,71685.27,97343.45,Approved
1008507,107828,Consumer loans,300874.74,190200.52,Approved
1008508,104949,Revolving loans,204047.71,43287.69,Approved
1008509,201749,Revolving loans,41009.97,120794.07,Refused
1008510,201642,Cash loans,100246.4,303431.91,Approved
1008511,104812,Consumer loans,19573.21,48979.71,Refused
1008512,100958,Consumer loans,15432.25,173636.34,Approved
1008513,105251,Cash loans,163125.91,29807.01,Approved
1008514,104923,Cash loans,145342.0,465192.66,Approved
1008515,200129,Consumer loans,105026.09,139429.86,Canceled
1008516,105345,Cash loans,75349.64,2004.55,Approved
1008517,104327,Revolving loans,413796.88,145098.53,Approved
1008518,100128,Revolving loans,9989.71,182358.51,Approved
1008519,103679,Revolving loans,107624.94,262708.02,Canceled
1008520,102790,Cash loans,2019.27,54789.06,Canceled
1008521,100714,Cash loans,55975.56,500352.93,Approved
1008522,201525,Consumer loans,158771.77,33012.57,Approved
1008523,105586,Consumer loans,119973.91,17448.6,Approved
1008524,200319,Consumer loans,129061.27,275700.23,Approved
1008525,201706,Cash loans,187746.18,45842.41,Refused
1008526,107441,Revolving loans,1473.21,71532.16,Approved
1008527,201396,Cash loans,158355.12,301647.04,Approved
1008528,105920,Consumer loans,1222.56,7736.13,Approved
1008529,108616,Consumer loans,622645.94,38853.48,Refused
1008530,104944,Cash loans,133350.51,147777.29,Approved
1008531,109895,Revolving loans,595041.22,139373.93,Canceled
1008532,106906,Cash loans,74139.89,24660.79,Approved
1008533,106411,Consumer loans,331236.13,147991.67,Refused
1008534,105408,Cash loans,55315.31,325587.86,Approved
1008535,100355,Cash loans,124546.64,57780.62,Approved
1008536,104186,Cash loans,31239.34,11990.42,Approved
1008537,109387,Revolving loans,160862.48,183790.59,Approved
1008538,100465,Cash loans,45873.12,290683.45,Approved
1008539,201894,Consumer loans,128737.78,55470.06,Refused
1008540,109982,Consumer loans,292482.75,815839.18,Approved
1008541,200648,Consumer loans,208834.16,20059.4,Approved
1008542,104321,Cash loans,75492.67,241176.54,Approved
1008543,105866,Consumer loans,83496.7,34552.43,Approved
1008544,108808,Consumer loans,167519.07,108926.74,Approved
1008545,104273,Revolving loans,82627.47,61015.76,Canceled
1008546,201271,Cash loans,45047.38,237441.97,Canceled
1008547,101958,Revolving loans,202512.47,98187.5,Approved
1008548,101994,Revolving loans,69595.88,65814.42,Canceled
1008549,106821,Revolving loans,117605.83,34956.52,Canceled
1008550,104556,Cash loans,154474.24,48075.86,Approved
1008551,101340,Consumer loans,40366.34,197546.75,Canceled
1008552,108720,Cash loans,134565.73,341372.34,Approved
1008553,101599,Revolving loans,42769.7,78160.37,Canceled
1008554,109263,Cash loans,48859.88,179827.07,Approved
1008555,102587,Revolving loans,30076.74,63244.34,Canceled
1008556,201089,Consumer loans,9123.3,27454.34,Canceled
1008557,103993,Revolving loans,18093.79,169697.91,Approved
1008558,201268,Consumer loans,85512.33,133189.48,Approved
1008559,105593,Consumer loans,18618.99,8470.75,Refused
1008560,104417,Revolving loans,81250.75,179176.78,Approved
1008561,106184,Consumer loans,34859.89,23373.62,Approved
1008562,106850,Revolving loans,99170.49,145726.56,Approved
1008563,104571,Consumer loans,259085.39,83167.35,Canceled
1008564,101343,Consumer loans,19891.38,178138.27,Canceled
1008565,201861,Revolving loans,7674.98,103218.36,Approved
1008566,103030,Cash loans,5517.54,308368.18,Approved
1008567,100572,Revolving loans,292340.02,107109.13,Approved
1008568,106571,Consumer loans,19222.93,117405.48,Approved
1008569,107396,Revolving loans,63332.32,25326.25,Refused
1008570,100183,Consumer loans,22223.44,24711.26,Approved
1008571,200824,Revolving loans,36312.42,118387.56,Approved
1008572,108824,Cash loans,15756.32,107522.23,Canceled
1008573,100532,Revolving loans,92962.03,23938.66,Approved
1008574,109652,Consumer loans,162761.57,51202.62,Approved
1008575,101868,Consumer loans,52791.43,80372.35,Approved
1008576,106874,Revolving loans,128397.6,75814.14,Canceled
1008577,105990,Consumer loans,181867.05,208348.41,Approved
1008578,102385,Consumer loans,173336.4,91822.92,Approved
1008579,107260,Consumer loans,88488.19,47225.64,Refused
1008580,100297,Revolving loans,31483.19,3633.36,Refused
1008581,105181,Revolving loans,16925.31,170971.11,Refused
1008582,104358,Revolving loans,135985.68,114746.55,Approved
1008583,102788,Revolving loans,79161.17,236375.39,Refused
1008584,104223,Consumer loans,6814.34,10654.38,Canceled
1008585,101927,Consumer loans,14262.92,29402.45,Approved
1008586,103384,Revolving loans,218676.51,32237.47,Approved
1008587,105892,Cash loans,23517.56,264446.08,Refused
1008588,200895,Consumer loans,15544.21,139898.59,Approved
1008589,200234,Consumer loans,54478.84,79263.7,Approved
1008590,101625,Consumer loans,3788.69,33936.76,Approved
1008591,100636,Consumer loans,5493.03,491545.11,Approved
1008592,109314,Consumer loans,141734.28,120094.15,Approved
1008593,201342,Revolving loans,20002.71,72792.06,Approved
1008594,109583,Cash loans,220746.49,35578.48,Approved
1008595,201730,Cash loans,89486.02,390543.3,Refused
1008596,108344,Revolving loans,215614.22,29404.8,Approved
1008597,106724,Consumer loans,101397.98,171057.81,Refused
1008598,101769,Consumer loans,450281.79,110191.43,Canceled
1008599,106167,Cash loans,81251.22,37024.45,Approved
1008600,109772,Revolving loans,152235.79,5312.88,Approved
1008601,100322,Revolving loans,155507.08,24847.77,Canceled
1008602,102345,Consumer loans,162877.56,118610.65,Refused
1008603,101736,Revolving loans,63420.83,47761.15,Approved
1008604,100493,Revolving loans,7855.31,96584.67,Approved
1008605,101141,Cash loans,22798.62,411141.64,Canceled
1008606,101796,Consumer loans,163895.13,60877.81,Approved
1008607,103876,Consumer loans,40283.24,15847.03,Approved
1008608,106523,Revolving loans,81539.58,24663.49,Approved
1008609,100939,Cash loans,152437.4,93855.74,Canceled
1008610,201572,Consumer loans,68968.72,26026.26,Refused
1008611,201082,Revolving loans,102607.71,55760.63,Approved
1008612,105024,Cash loans,242495.79,355728.99,Approved
1008613,101621,Revolving loans,70963.0,176539.78,Canceled
1008614,201958,Cash loans,29948.18,34424.39,Approved
1008615,100641,Cash loans,89561.01,215106.04,Approved
1008616,200776,Cash loans,13736.7,99511.34,Approved
1008617,102798,Consumer loans,87430.58,27347.59,Approved
1008618,201799,Revolving loans,34645.1,53012.7,Approved
1008619,107711,Cash loans,9068.65,11069.69,Canceled
1008620,101757,Consumer loans,229409.28,231573.63,Canceled
1008621,106343,Revolving loans,160852.28,1861.75,Approved
1008622,104541,Consumer loans,104793.63,5642.44,Approved
1008623,102095,Consumer loans,121644.74,22725.9,Approved
1008624,200331,Cash loans,66021.69,128662.31,Approved
1008625,108835,Cash loans,263247.88,32351.85,Refused
1008626,201248,Cash loans,18363.9,101064.1,Approved
1008627,104908,Consumer loans,15479.27,36951.57,Refused
1008628,109648,Cash loans,279004.53,68419.71,Approved
1008629,107387,Revolving loans,336452.4,134289.76,Approved
1008630,103207,Revolving loans,196887.83,1239.4,Approved
1008631,102059,Cash loans,14023.67,106694.72,Approved
1008632,109579,Revolving loans,15913.73,609304.61,Approved
1008633,105304,Cash loans,66517.68,419993.96,Canceled
1008634,105974,Revolving loans,5896.35,61758.69,Approved
1008635,109829,Consumer loans,2034.43,15867.58,Canceled
1008636,109267,Cash loans,77097.58,81265.73,Canceled
1008637,103274,Revolving loans,149733.49,16932.54,Approved
1008638,101743,Consumer loans,56673.91,12231.36,Approved
1008639,102484,Cash loans,75932.3,46781.92,Refused
1008640,100346,Consumer loans,192156.58,80086.34,Approved
1008641,109481,Cash loans,218843.42,153632.39,Approved
1008642,106864,Revolving loans,186001.06,323398.33,Canceled
1008643,105602,Revolving loans,4688.87,211373.59,Approved
1008644,104757,Revolving loans,1979.35,149545.81,Approved
1008645,200492,Revolving loans,16.84,80281.88,Approved
1008646,200461,Consumer loans,5285.21,34368.97,Approved
1008647,107614,Consumer loans,68393.63,665.78,Refused
1008648,109459,Cash loans,53957.07,30052.52,Canceled
1008649,107459,Consumer loans,177918.0,48260.85,Refused
1008650,106380,Cash loans,18787.74,43800.04,Approved
1008651,101518,Consumer loans,362490.48,278791.82,Approved
1008652,100427,Cash loans,1870.59,104995.24,Canceled
1008653,106881,Consumer loans,66951.24,232217.61,Approved
1008654,109291,Cash loans,62055.5,404569.35,Approved
1008655,105886,Revolving loans,10134.78,282823.14,Approved
1008656,108350,Consumer loans,66471.5,64358.47,Refused
1008657,106170,Cash loans,77228.73,108224.25,Canceled
1008658,102655,Revolving loans,43515.25,28401.09,Approved
1008659,100249,Revolving loans,29983.28,54412.75,Refused
1008660,101364,Consumer loans,11015.13,1845.12,Canceled
1008661,102705,Revolving loans,260760.0,388396.81,Approved
1008662,107647,Cash loans,263078.33,98926.97,Approved
1008663,101025,Revolving loans,26665.24,314953.39,Refused
1008664,107678,Consumer loans,212272.76,76653.95,Approved
1008665,201285,Consumer loans,220623.33,165902.49,Approved
1008666,201943,Cash loans,37314.74,10762.29,Approved
1008667,109440,Cash loans,62864.72,206933.32,Approved
1008668,200522,Cash loans,64894.65,43330.74,Canceled
1008669,107548,Consumer loans,58369.33,239761.13,Canceled
1008670,200083,Consumer loans,19840.7,113246.97,Approved
1008671,109305,Consumer loans,59244.77,153819.42,Approved
1008672,107326,Consumer loans,212354.53,43357.59,Canceled
1008673,107026,Revolving loans,55187.99,54105.73,Approved
1008674,200947,Cash loans,139381.59,298524.53,Approved
1008675,101470,Revolving loans,214894.7,20138.36,Refused
1008676,102902,Consumer loans,180044.53,35347.31,Refused
1008677,103379,Consumer loans,278755.25,167391.02,Approved
1008678,106276,Consumer loans,172000.02,43144.45,Approved
1008679,201153,Revolving loans,159014.98,162017.24,Approved
1008680,106216,Cash loans,171320.78,317258.76,Approved
1008681,107941,Cash loans,42155.39,4682.81,Canceled
1008682,200919,Revolving loans,34267.7,40789.59,Approved
1008683,102229,Revolving loans,37502.97,12526.57,Refused
1008684,100954,Consumer loans,99770.34,169984.41,Approved
1008685,200268,Consumer loans,90701.98,107856.31,Approved
1008686,107467,Cash loans,43079.11,119732.46,Approved
1008687,100073,Consumer loans,38855.76,48392.87,Approved
1008688,201952,Cash loans,33119.23,372162.57,Canceled
1008689,109209,Revolving loans,3828.6,155693.17,Approved
1008690,200076,Consumer loans,44116.61,27900.15,Approved
1008691,200585,Revolving loans,56712.95,377426.91,Refused
1008692,108954,Consumer loans,53708.78,106229.21,Approved
1008693,101869,Cash loans,26901.75,30723.07,Approved
1008694,101642,Cash loans,25910.15,155156.38,Approved
1008695,108516,Consumer loans,105433.13,88634.55,Refused
1008696,103672,Cash loans,124875.18,78900.64,Approved
1008697,108459,Cash loans,250091.41,117116.89,Canceled
1008698,109486,Revolving loans,146710.48,209730.41,Approved
1008699,107807,Revolving loans,6853.73,260079.29,Approved
1008700,200867,Revolving loans,32278.74,64255.22,Canceled
1008701,106705,Consumer loans,194664.6,12570.91,Approved
1008702,200515,Consumer loans,68698.22,30413.23,Approved
1008703,100012,Consumer loans,49174.83,59527.74,Canceled
1008704,100053,Cash loans,58207.42,29216.98,Approved
1008705,109732,Consumer loans,65352.0,26705.19,Approved
1008706,106934,Consumer loans,23653.65,58531.91,Approved
1008707,106236,Revolving loans,46010.18,16538.35,Approved
1008708,100644,Consumer loans,28793.22,20802.18,Refused
1008709,107566,Consumer loans,32355.79,20419.52,Canceled
1008710,200524,Consumer loans,14354.58,58877.77,Approved
1008711,201082,Revolving loans,341036.17,25050.94,Approved
1008712,108649,Consumer loans,71589.3,197694.63,Approved
1008713,200625,Revolving loans,104887.67,215570.19,Refused
1008714,107970,Cash loans,116742.6,76077.94,Canceled
1008715,108920,Consumer loans,16976.29,115938.07,Refused
1008716,105785,Consumer loans,14768.61,345315.41,Canceled
1008717,105203,Cash loans,154137.88,17029.14,Approved
1008718,201294,Cash loans,113674.03,353344.68,Approved
1008719,100600,Consumer loans,37954.96,42583.0,Approved
1008720,101723,Consumer loans,461634.04,46660.15,Approved
1008721,105786,Consumer loans,146262.47,298976.88,Approved
1008722,100410,Revolving loans,4530.94,216064.81,Canceled
1008723,101238,Cash loans,8481.8,49200.51,Refused
1008724,201818,Consumer loans,279997.92,8678.03,Approved
1008725,109340,Cash loans,145405.4,806.84,Approved
1008726,108912,Consumer loans,147168.0,159419.69,Approved
1008727,103138,Cash loans,87277.77,2536.84,Canceled
1008728,100611,Cash loans,165101.23,3673.9,Canceled
1008729,106240,Consumer loans,205465.31,114922.92,Refused
1008730,104936,Cash loans,88353.13,126774.04,Approved
1008731,104285,Revolving loans,268323.94,350589.24,Refused
1008732,200097,Cash loans,38335.73,16108.6,Refused
1008733,104200,Revolving loans,125297.72,39885.85,Refused
1008734,103403,Revolving loans,260796.91,153904.21,Approved
1008735,104772,Revolving loans,51355.47,62908.08,Canceled
1008736,100526,Revolving loans,218595.55,101917.86,Canceled
1008737,103545,Cash loans,159008.16,11369.98,Refused
1008738,100930,Cash loans,185834.06,82071.97,Approved
1008739,101590,Consumer loans,190201.3,169510.91,Refused
1008740,105894,Cash loans,63763.44,288301.59,Canceled
1008741,200644,Cash loans,232985.92,44458.39,Approved
1008742,102427,Cash loans,33723.15,72477.51,Canceled
1008743,108510,Cash loans,250918.43,89775.64,Refused
1008744,109346,Consumer loans,8696.74,250600.49,Refused
1008745,201965,Revolving loans,12826.43,143142.92,Refused
1008746,108359,Revolving loans,67554.0,204161.1,Refused
1008747,109012,Revolving loans,96918.73,122257.03,Approved
1008748,108127,Cash loans,16858.44,27927.55,Refused
1008749,106384,Consumer loans,54050.63,213401.56,Approved
1008750,105783,Cash loans,4087.64,299546.96,Refused
1008751,107312,Cash loans,172331.25,105470.47,Refused
1008752,102121,Consumer loans,77325.32,52663.01,Approved
1008753,107416,Consumer loans,279082.54,79973.46,Approved
1008754,104523,Revolving loans,242237.72,68978.11,Approved
1008755,102572,Consumer loans,206634.85,46206.32,Canceled
1008756,106298,Consumer loans,63265.35,89428.85,Approved
1008757,103381,Revolving loans,67302.46,77935.57,Refused
1008758,106052,Cash loans,98401.01,55926.82,Canceled
1008759,106800,Consumer loans,154673.67,63113.43,Approved
1008760,102995,Cash loans,18265.73,127181.52,Canceled
1008761,101049,Revolving loans,73601.05,15923.23,Approved
1008762,109110,Cash loans,22577.44,131459.4,Canceled
1008763,103679,Revolving loans,9709.45,57729.84,Refused
1008764,105604,Cash loans,450448.46,38194.18,Refused
1008765,102758,Revolving loans,18861.69,58451.6,Approved
1008766,200739,Consumer loans,12503.37,103493.89,Canceled
1008767,107273,Cash loans,183903.16,348350.21,Approved
1008768,106121,Consumer loans,425871.17,117041.89,Refused
1008769,103678,Consumer loans,67670.26,243534.33,Canceled
1008770,108483,Cash loans,105860.9,24377.07,Approved
1008771,101063,Consumer loans,96131.33,144990.65,Approved
1008772,200118,Consumer loans,260291.67,107614.7,Approved
1008773,108730,Consumer loans,35440.47,32335.32,Refused
1008774,104724,Revolving loans,56632.01,159597.64,Approved
1008775,201319,Cash loans,14571.81,10216.94,Approved
1008776,103504,Cash loans,18151.8,43272.2,Refused
1008777,200088,Cash loans,67373.83,41780.1,Approved
1008778,105915,Consumer loans,51146.08,329936.21,Approved
1008779,107456,Cash loans,39206.58,485818.42,Refused
1008780,201472,Consumer loans,59016.73,17814.44,Approved
1008781,101259,Revolving loans,15010.72,429196.86,Canceled
1008782,104316,Revolving loans,85602.28,222869.0,Refused
1008783,105835,Revolving loans,83403.66,347460.98,Approved
1008784,104192,Consumer loans,23958.31,38602.11,Canceled
1008785,200714,Consumer loans,155980.82,279261.96,Approved
1008786,107117,Consumer loans,30036.8,20443.56,Approved
1008787,102349,Consumer loans,18582.5,38492.23,Approved
1008788,106583,Revolving loans,18040.7,76649.18,Approved
1008789,101870,Revolving loans,26094.16,191173.42,Approved
1008790,103151,Revolving loans,10229.23,121810.19,Refused
1008791,101484,Cash loans,226634.16,60357.44,Approved
1008792,104218,Cash loans,110135.18,352008.65,Approved
1008793,102093,Cash loans,17536.29,30077.85,Approved
1008794,201224,Revolving loans,30989.88,214543.57,Approved
1008795,108089,Revolving loans,143099.44,307511.79,Approved
1008796,101893,Cash loans,40468.56,35608.72,Approved
1008797,201473,Revolving loans,5344.24,156098.25,Approved
1008798,104007,Cash loans,82466.57,4059.52,Canceled
1008799,107563,Consumer loans,70750.14,112200.21,Approved
1008800,100636,Revolving loans,104960.47,100254.74,Canceled
1008801,103129,Consumer loans,25960.71,1203.84,Canceled
1008802,107299,Revolving loans,91023.17,45229.92,Refused
1008803,100024,Consumer loans,77630.21,27060.77,Approved
1008804,104395,Revolving loans,338274.24,131240.61,Approved
1008805,201247,Revolving loans,55830.88,53828.77,Approved
1008806,107553,Revolving loans,20069.24,227258.84,Refused
1008807,107766,Cash loans,299250.51,38271.46,Canceled
1008808,102823,Cash loans,24011.85,61495.16,Approved
1008809,104884,Cash loans,20104.3,14105.42,Approved
1008810,100982,Cash loans,79233.49,60996.42,Approved
1008811,108529,Cash loans,30397.39,153151.23,Canceled
1008812,109704,Revolving loans,97797.89,25098.28,Canceled
1008813,100137,Consumer loans,24133.27,199862.39,Canceled
1008814,102448,Revolving loans,11960.34,83541.36,Approved
1008815,200044,Revolving loans,1973.99,125331.38,Approved
1008816,107165,Revolving loans,115630.23,88494.36,Approved
1008817,106672,Cash loans,403839.88,194573.01,Approved
1008818,108427,Cash loans,147714.51,120080.62,Approved
1008819,106208,Cash loans,12268.26,57776.17,Approved
1008820,109888,Revolving loans,10448.94,4695.89,Approved
1008821,103024,Consumer loans,210870.46,167242.9,Approved
1008822,103394,Revolving loans,48633.99,184660.22,Approved
1008823,109747,Revolving loans,34584.01,29111.07,Approved
1008824,106054,Revolving loans,70121.7,6874.95,Refused
1008825,107572,Consumer loans,7451.34,89730.93,Approved
1008826,109980,Consumer loans,49440.65,383870.78,Refused
1008827,108353,Revolving loans,18941.05,232949.25,Refused
1008828,105939,Revolving loans,138971.43,182599.43,Approved
1008829,200079,Cash loans,50386.01,49184.81,Refused
1008830,105344,Cash loans,105802.94,285398.63,Refused
1008831,105439,Cash loans,202186.65,238549.77,Approved
1008832,101967,Cash loans,53419.28,7047.58,Approved
1008833,104112,Revolving loans,13243.11,120291.14,Approved
1008834,201040,Cash loans,143137.47,59440.82,Refused
1008835,105932,Consumer loans,26302.77,275486.36,Refused
1008836,100740,Cash loans,21667.79,37339.75,Canceled
1008837,102291,Cash loans,53045.42,22452.96,Approved
1008838,107298,Cash loans,181124.16,37442.39,Approved
1008839,100692,Revolving loans,33634.27,225044.79,Canceled
1008840,201735,Revolving loans,100638.41,191636.68,Approved
1008841,100023,Cash loans,95860.81,73062.38,Refused
1008842,105065,Consumer loans,218514.81,103730.63,Approved
1008843,109813,Consumer loans,30194.73,124965.1,Approved
1008844,109500,Consumer loans,40055.95,46918.79,Approved
1008845,105652,Consumer loans,202282.46,446331.97,Approved
1008846,109965,Revolving loans,61736.88,206082.71,Approved
1008847,109026,Revolving loans,71921.0,129278.74,Approved
1008848,100031,Cash loans,157974.83,89627.98,Refused
1008849,104219,Cash loans,348422.72,32815.71,Refused
1008850,107166,Cash loans,111691.67,543428.32,Canceled
1008851,103029,Consumer loans,60839.61,732738.05,Approved
1008852,102655,Revolving loans,52612.37,104062.7,Approved
1008853,102256,Cash loans,175580.87,24809.97,Approved
1008854,109718,Cash loans,59366.08,4006.23,Refused
1008855,102678,Revolving loans,44988.91,161146.66,Refused
1008856,101558,Cash loans,132327.19,368127.82,Approved
1008857,201734,Consumer loans,85996.02,89247.53,Refused
1008858,107198,Consumer loans,181862.36,194739.86,Approved
1008859,100190,Cash loans,47452.14,64562.5,Canceled
1008860,107587,Revolving loans,28178.18,65839.13,Approved
1008861,201158,Revolving loans,133944.89,63524.71,Refused
1008862,103395,Cash loans,67104.4,126098.82,Approved
1008863,107851,Cash loans,29670.12,112815.15,Approved
1008864,201969,Consumer loans,55514.47,52922.8,Approved
1008865,109424,Cash loans,187350.44,132249.19,Approved
1008866,102705,Revolving loans,206122.5,165653.52,Canceled
1008867,107276,Cash loans,17374.28,109199.86,Canceled
1008868,107722,Consumer loans,5091.2,148871.49,Refused
1008869,106984,Revolving loans,79559.55,199938.31,Approved
1008870,101132,Consumer loans,220808.91,400662.25,Approved
1008871,201177,Revolving loans,349577.14,12654.82,Refused
1008872,108232,Cash loans,12144.64,15264.97,Approved
1008873,200465,Revolving loans,340798.08,136198.15,Approved
1008874,200444,Cash loans,62413.43,46739.59,Approved
1008875,201774,Revolving loans,37055.47,48511.34,Refused
1008876,101247,Cash loans,33416.3,70038.74,Approved
1008877,201464,Revolving loans,82938.68,130139.34,Refused
1008878,109194,Consumer loans,82806.29,365962.86,Approved
1008879,100168,Cash loans,206844.95,117913.19,Approved
1008880,106306,Consumer loans,99124.68,326503.29,Canceled
1008881,200378,Revolving loans,7510.04,48681.45,Canceled
1008882,102197,Cash loans,39712.05,28432.18,Approved
1008883,104181,Consumer loans,239325.64,8092.9,Approved
1008884,106917,Revolving loans,57307.59,105680.89,Approved
1008885,101263,Revolving loans,55199.02,341245.74,Canceled
1008886,105193,Cash loans,139720.23,206175.25,Approved
1008887,101109,Revolving loans,805.99,88449.43,Approved
1008888,100242,Consumer loans,218151.57,100738.83,Approved
1008889,100534,Consumer loans,11417.73,65720.49,Approved
1008890,200443,Consumer loans,211930.91,366064.37,Approved
1008891,200655,Consumer loans,758.57,118925.87,Refused
1008892,101717,Cash loans,148476.63,150674.52,Canceled
1008893,104573,Revolving loans,221589.86,72549.52,Approved
1008894,103963,Cash loans,11330.84,905539.72,Refused
1008895,102769,Consumer loans,123811.81,4277.25,Approved
1008896,109612,Revolving loans,219866.89,249760.42,Approved
1008897,105471,Consumer loans,44215.35,301943.22,Approved
1008898,104786,Consumer loans,104925.14,26375.49,Approved
1008899,103973,Cash loans,101468.17,72983.72,Approved
1008900,105972,Revolving loans,171647.05,112556.49,Canceled
1008901,102591,Consumer loans,242765.72,115003.53,Approved
1008902,107454,Consumer loans,74507.56,80748.9,Approved
1008903,104501,Cash loans,48189.39,77853.75,Approved
1008904,102534,Consumer loans,149753.67,1207.66,Approved
1008905,103100,Revolving loans,69269.59,254828.35,Canceled
1008906,102325,Cash loans,23361.52,37608.67,Approved
1008907,104067,Consumer loans,122114.13,28911.8,Approved
1008908,108510,Revolving loans,23325.89,144404.34,Approved
1008909,109483,Cash loans,331.52,497107.52,Refused
1008910,100677,Consumer loans,22193.3,102806.0,Canceled
1008911,104275,Consumer loans,605268.65,198764.98,Canceled
1008912,200773,Consumer loans,192285.2,96214.07,Approved
1008913,100441,Revolving loans,3367.53,16690.81,Approved
1008914,105602,Consumer loans,129739.31,93543.78,Approved
1008915,108617,Revolving loans,115588.37,12541.65,Refused
1008916,104289,Consumer loans,41860.96,188072.53,Canceled
1008917,107545,Consumer loans,44859.24,261613.43,Approved
1008918,200640,Cash loans,315081.14,336766.78,Approved
1008919,106990,Consumer loans,31687.21,120875.71,Refused
1008920,106697,Cash loans,5397.4,255581.36,Approved
1008921,102931,Cash loans,129828.77,110674.28,Approved
1008922,107342,Cash loans,185860.22,59519.39,Approved
1008923,100548,Consumer loans,137725.57,108584.55,Approved
1008924,100659,Revolving loans,256487.59,72656.09,Approved
1008925,109508,Cash loans,19537.21,4630.43,Approved
1008926,200284,Cash loans,34950.15,203247.78,Canceled
1008927,105380,Cash loans,236590.63,247794.43,Approved
1008928,104540,Cash loans,93800.24,3173.09,Approved
1008929,200742,Cash loans,35098.64,124056.04,Canceled
1008930,104068,Consumer loans,133912.71,147217.19,Approved
1008931,101406,Revolving loans,3958.47,113065.1,Approved
1008932,106544,Consumer loans,6599.23,17002.98,Canceled
1008933,103891,Revolving loans,12836.4,23126.19,Refused
1008934,109746,Revolving loans,234538.6,58105.34,Approved
1008935,102321,Revolving loans,235183.18,52745.56,Refused
1008936,102812,Cash loans,27970.3,122937.03,Canceled
1008937,105119,Consumer loans,77189.41,87371.47,Approved
1008938,101137,Cash loans,333630.86,232636.92,Approved
1008939,106016,Revolving loans,116424.85,229035.61,Approved
1008940,102346,Cash loans,45206.54,43021.58,Canceled
1008941,109222,Cash loans,78510.62,162554.68,Approved
1008942,104739,Consumer loans,271772.68,223965.67,Approved
1008943,103673,Consumer loans,68853.7,41613.39,Approved
1008944,107693,Cash loans,161279.97,372527.4,Approved
1008945,100874,Cash loans,94829.96,200120.1,Refused
1008946,104780,Cash loans,99562.44,35203.09,Approved
1008947,106713,Consumer loans,154228.09,117427.58,Approved
1008948,101435,Revolving loans,134765.86,32118.63,Canceled
1008949,200162,Revolving loans,34518.36,71753.04,Approved
1008950,108196,Cash loans,22066.96,31299.17,Approved
1008951,109607,Revolving loans,156792.73,29433.79,Approved
1008952,105637,Revolving loans,21596.01,53480.3,Approved
1008953,108049,Consumer loans,433887.11,31674.52,Approved
1008954,104743,Consumer loans,55496.61,8257.73,Approved
1008955,105429,Revolving loans,74574.82,83686.93,Approved
1008956,200160,Consumer loans,47617.89,225538.03,Approved
1008957,107956,Consumer loans,255798.85,29650.17,Approved
1008958,100777,Revolving loans,48801.71,156513.66,Refused
1008959,109032,Revolving loans,4547.45,119228.56,Approved
1008960,104380,Revolving loans,186.21,254507.39,Approved
1008961,108114,Cash loans,2315.1,100011.37,Approved
1008962,102697,Revolving loans,86476.0,173969.7,Approved
1008963,102131,Consumer loans,170165.06,66694.45,Approved
1008964,101741,Consumer loans,229083.95,288836.78,Approved
1008965,100344,Cash loans,135615.3,80369.23,Canceled
1008966,109280,Cash loans,99878.68,10649.68,Refused
1008967,109201,Consumer loans,48904.41,305147.91,Approved
1008968,103710,Consumer loans,53561.97,72841.16,Approved
1008969,108817,Cash loans,178866.67,90637.35,Approved
1008970,102821,Consumer loans,15996.61,15534.8,Approved
1008971,104757,Cash loans,170280.21,204316.42,Approved
1008972,103434,Consumer loans,39187.78,342726.81,Refused
1008973,100474,Consumer loans,37392.38,307274.31,Refused
1008974,105803,Cash loans,4481.53,199214.2,Canceled
1008975,101416,Cash loans,185418.91,104858.86,Refused
1008976,102616,Consumer loans,14332.92,18633.14,Approved
1008977,105330,Revolving loans,86875.97,51838.73,Refused
1008978,106829,Cash loans,123677.84,90087.26,Approved
1008979,105905,Revolving loans,131250.58,428239.33,Approved
1008980,108943,Consumer loans,74420.39,25486.49,Approved
1008981,200977,Revolving loans,227449.29,7441.48,Approved
1008982,104696,Consumer loans,22816.48,221953.43,Refused
1008983,104589,Consumer loans,14419.3,35348.07,Refused
1008984,109716,Consumer loans,251354.18,8780.94,Approved
1008985,104773,Consumer loans,3428.1,76539.63,Refused
1008986,106778,Revolving loans,23213.17,146072.86,Refused
1008987,101888,Revolving loans,198195.84,85244.62,Refused
1008988,109531,Revolving loans,9987.16,25531.56,Approved
1008989,103493,Revolving loans,147037.89,234307.88,Refused
1008990,107010,Revolving loans,32336.03,59562.77,Refused
1008991,107805,Revolving loans,68515.21,119375.02,Approved
1008992,109979,Cash loans,16832.5,115088.94,Approved
1008993,107020,Revolving loans,54835.21,65282.33,Refused
1008994,102792,Revolving loans,145207.11,11691.96,Approved
1008995,201734,Cash loans,124282.28,147229.89,Approved
1008996,109536,Consumer loans,58763.1,60090.86,Refused
1008997,201223,Consumer loans,6384.28,9900.94,Canceled
1008998,107427,Cash loans,110218.06,219.78,Approved
1008999,107278,Cash loans,464733.44,287913.64,Refused
1009000,101421,Consumer loans,36772.81,104183.74,Refused
1009001,105078,Cash loans,309802.26,38123.27,Refused
1009002,106246,Cash loans,179692.65,77116.87,Approved
1009003,102775,Consumer loans,414842.61,19706.29,Canceled
1009004,102587,Cash loans,144025.85,38665.74,Refused
1009005,107687,Cash loans,28711.18,49964.51,Refused
1009006,101207,Revolving loans,31261.06,32342.23,Approved
1009007,100795,Consumer loans,36201.61,77220.03,Canceled
1009008,201608,Consumer loans,140888.05,213544.01,Approved
1009009,107443,Cash loans,128328.04,310582.6,Refused
1009010,106685,Revolving loans,137158.89,362030.46,Refused
1009011,105176,Revolving loans,141551.1,204040.38,Refused
1009012,109245,Cash loans,82161.83,154662.86,Approved
1009013,104327,Revolving loans,70185.35,55734.27,Canceled
1009014,103351,Revolving loans,116.62,64908.13,Refused
1009015,102495,Cash loans,93033.35,68546.86,Canceled
1009016,100920,Cash loans,83680.39,237684.36,Approved
1009017,106532,Consumer loans,8381.36,131249.85,Approved
1009018,201590,Cash loans,181116.85,4697.44,Approved
1009019,103644,Revolving loans,54615.57,133249.82,Approved
1009020,104511,Cash loans,71880.71,9668.94,Approved
1009021,107014,Cash loans,1300.77,10120.03,Refused
1009022,100628,Cash loans,74940.08,1001.1,Approved
1009023,105024,Consumer loans,12443.35,68632.06,Approved
1009024,104952,Consumer loans,268659.27,134261.87,Approved
1009025,104100,Revolving loans,3855.85,163608.81,Refused
1009026,102720,Cash loans,38196.64,113121.75,Approved
1009027,104560,Revolving loans,53322.73,3352.44,Refused
1009028,106586,Revolving loans,178310.33,6391.89,Approved
1009029,105391,Revolving loans,74973.49,71502.74,Approved
1009030,106855,Cash loans,224221.1,72158.14,Canceled
1009031,106351,Consumer loans,55188.19,246480.63,Refused
1009032,108526,Consumer loans,95344.67,401156.95,Canceled
1009033,108778,Cash loans,189756.14,92877.98,Canceled
1009034,201528,Cash loans,47519.09,8842.97,Approved
1009035,107416,Revolving loans,107970.05,43354.74,Canceled
1009036,107835,Revolving loans,2555.28,41780.6,Approved
1009037,100227,Consumer loans,22614.56,97354.42,Canceled
1009038,103961,Revolving loans,56103.87,163725.08,Refused
1009039,101916,Cash loans,9278.94,119510.74,Refused
1009040,102293,Consumer loans,11710.41,78698.9,Canceled
1009041,105111,Consumer loans,8270.38,7625.98,Approved
1009042,108385,Cash loans,22010.89,271423.83,Approved
1009043,104646,Consumer loans,251575.5,18829.51,Canceled
1009044,200003,Cash loans,120180.07,138330.49,Approved
1009045,102686,Revolving loans,66103.86,58384.1,Approved
1009046,107784,Consumer loans,76351.59,61518.67,Approved
1009047,100319,Revolving loans,173908.44,226391.2,Approved
1009048,109697,Consumer loans,232815.53,661.61,Approved
1009049,104950,Consumer loans,165499.92,44021.92,Canceled
1009050,105817,Consumer loans,4551.72,209943.16,Approved
1009051,103561,Revolving loans,3086.36,47729.28,Approved
1009052,108190,Consumer loans,5102.71,439336.71,Approved
1009053,101296,Revolving loans,34975.83,208734.36,Approved
1009054,200321,Consumer loans,31493.79,9683.57,Approved
1009055,101327,Revolving loans,91354.67,265635.15,Approved
1009056,104997,Cash loans,163035.27,313523.47,Approved
1009057,100870,Consumer loans,376720.35,65142.21,Approved
1009058,103424,Revolving loans,69699.53,107821.82,Refused
1009059,109680,Revolving loans,53699.04,70583.07,Refused
1009060,100717,Cash loans,221185.51,242659.28,Approved
1009061,109329,Cash loans,82970.46,577.13,Approved
1009062,103019,Consumer loans,13379.69,210816.28,Approved
1009063,108334,Cash loans,156593.78,20334.58,Canceled
1009064,105197,Consumer loans,20367.8,11687.27,Approved
1009065,200573,Cash loans,94589.67,57340.69,Canceled
1009066,104955,Revolving loans,63954.87,14172.71,Canceled
1009067,105664,Cash loans,56957.09,247734.76,Canceled
1009068,100360,Cash loans,166725.88,44867.71,Approved
1009069,103687,Cash loans,35214.18,169996.97,Approved
1009070,102321,Revolving loans,169908.89,18876.32,Approved
1009071,109757,Consumer loans,31393.03,39183.8,Approved
1009072,104506,Cash loans,27464.82,10061.19,Approved
1009073,200891,Consumer loans,43207.6,104407.91,Approved
1009074,106163,Revolving loans,45105.66,355022.48,Canceled
1009075,108602,Cash loans,10895.69,2955.02,Approved
1009076,108034,Revolving loans,89801.29,49555.69,Refused
1009077,104808,Revolving loans,48087.12,299999.1,Approved
1009078,109796,Consumer loans,5045.67,37137.35,Approved
1009079,100864,Cash loans,61450.45,136766.13,Approved
1009080,105355,Cash loans,130523.65,391619.76,Approved
1009081,200116,Consumer loans,31459.89,117499.41,Canceled
1009082,200482,Consumer loans,20148.09,88394.69,Refused
1009083,105349,Cash loans,159687.67,341443.68,Approved
1009084,100183,Revolving loans,35390.85,332914.79,Approved
1009085,101519,Cash loans,284305.12,46765.6,Approved
1009086,100998,Cash loans,179816.27,177798.67,Approved
1009087,108116,Revolving loans,72596.97,6599.99,Refused
1009088,108061,Consumer loans,243777.43,85738.21,Canceled
1009089,200127,Consumer loans,113154.87,72441.15,Approved
1009090,200627,Consumer loans,165778.41,89685.26,Approved
1009091,107817,Cash loans,118540.03,266062.34,Canceled
1009092,101319,Consumer loans,117564.51,94722.32,Approved
1009093,103097,Consumer loans,32381.59,58671.64,Refused
1009094,109284,Consumer loans,128296.52,110078.27,Approved
1009095,107565,Consumer loans,718.21,99834.17,Approved
1009096,201734,Consumer loans,254409.45,20421.72,Approved
1009097,101158,Revolving loans,137146.2,130317.78,Approved
1009098,104308,Cash loans,60332.16,12257.68,Refused
1009099,101148,Cash loans,136434.71,102897.37,Refused
1009100,201818,Consumer loans,88069.32,29811.15,Canceled
1009101,109791,Consumer loans,88360.46,146306.31,Approved
1009102,102134,Cash loans,150111.42,279018.85,Approved
1009103,103171,Consumer loans,248593.0,44955.9,Approved
1009104,108155,Revolving loans,10561.15,56565.28,Refused
1009105,103684,Consumer loans,25294.3,17593.84,Approved
1009106,103491,Cash loans,12179.14,31421.27,Approved
1009107,104563,Revolving loans,96585.72,254314.13,Approved
1009108,109005,Consumer loans,103668.22,216020.19,Canceled
1009109,100124,Cash loans,25752.45,250059.41,Refused
1009110,200538,Revolving loans,73696.86,15642.62,Approved
1009111,201816,Cash loans,57664.98,415963.31,Canceled
1009112,106505,Consumer loans,3504.66,19996.7,Approved
1009113,102499,Consumer loans,56144.08,36881.3,Refused
1009114,106467,Revolving loans,43470.39,291401.85,Refused
1009115,105952,Revolving loans,30985.97,2568.22,Approved
1009116,101788,Consumer loans,63603.37,71537.72,Approved
1009117,102161,Consumer loans,94601.57,55557.72,Canceled
1009118,102723,Consumer loans,23926.4,275506.51,Refused
1009119,108611,Consumer loans,29382.48,79952.24,Approved
1009120,108723,Consumer loans,39620.17,69051.49,Approved
1009121,103941,Revolving loans,16104.68,177761.39,Refused
1009122,105441,Consumer loans,62454.87,48714.05,Canceled
1009123,101403,Consumer loans,1783.94,29511.64,Approved
1009124,109194,Revolving loans,83179.58,125233.66,Refused
1009125,200345,Revolving loans,8397.15,79767.82,Refused
1009126,106864,Consumer loans,382544.01,136333.86,Approved
1009127,107066,Consumer loans,195494.46,77005.77,Approved
1009128,106202,Consumer loans,3920.82,12013.69,Approved
1009129,107326,Revolving loans,30247.87,101588.84,Approved
1009130,103128,Cash loans,177991.67,328844.66,Refused
1009131,103450,Cash loans,450568.87,134822.53,Approved
1009132,107254,Consumer loans,184388.6,39030.43,Approved
1009133,104510,Consumer loans,48750.66,254785.2,Approved
1009134,103910,Cash loans,97079.36,25569.86,Approved
1009135,105892,Consumer loans,226598.87,46964.01,Approved
1009136,201083,Cash loans,93640.88,427116.84,Approved
1009137,107642,Cash loans,73378.52,57159.56,Refused
1009138,101465,Cash loans,99941.86,52516.96,Approved
1009139,102074,Consumer loans,29367.9,28401.47,Approved
1009140,105374,Revolving loans,141553.15,120092.98,Canceled
1009141,106887,Revolving loans,289446.92,634576.94,Refused
1009142,102194,Consumer loans,210404.9,59668.94,Approved
1009143,102803,Consumer loans,117418.42,8879.2,Approved
1009144,104876,Consumer loans,6129.74,3711.2,Approved
1009145,108259,Consumer loans,2975.81,36297.34,Approved
1009146,107375,Revolving loans,187884.74,194026.46,Refused
1009147,105097,Consumer loans,1076.75,60218.67,Approved
1009148,105062,Revolving loans,203310.36,273402.24,Refused
1009149,104061,Revolving loans,47978.49,101272.9,Refused
1009150,103113,Revolving loans,98722.75,76110.0,Approved
1009151,103186,Cash loans,59960.42,250182.92,Approved
1009152,108072,Revolving loans,19323.23,192665.02,Canceled
1009153,100048,Consumer loans,88292.98,29331.81,Approved
1009154,106166,Consumer loans,10804.54,63428.69,Approved
1009155,201659,Revolving loans,11429.6,54297.62,Refused
1009156,201391,Revolving loans,25809.32,16011.14,Approved
1009157,107452,Consumer loans,10740.58,492749.24,Refused
1009158,105681,Revolving loans,156077.15,570962.01,Approved
1009159,106975,Revolving loans,319997.32,95404.4,Canceled
1009160,106129,Consumer loans,114909.26,61389.95,Approved
1009161,103024,Consumer loans,224253.95,3419.23,Approved
1009162,108003,Revolving loans,101335.77,308273.78,Approved
1009163,100260,Revolving loans,323813.17,42842.39,Approved
1009164,106978,Consumer loans,61390.99,88906.86,Approved
1009165,106318,Consumer loans,124501.67,72199.26,Approved
1009166,100531,Consumer loans,135567.14,71331.17,Approved
1009167,108870,Cash loans,52535.9,121633.71,Approved
1009168,201932,Consumer loans,68514.16,59242.63,Approved
1009169,107567,Cash loans,82538.17,164973.76,Canceled
1009170,101481,Cash loans,115612.45,52660.95,Canceled
1009171,103260,Consumer loans,164504.96,88672.13,Approved
1009172,105805,Cash loans,67503.79,132935.5,Approved
1009173,105908,Cash loans,25355.67,68842.2,Approved
1009174,101632,Cash loans,511062.59,59982.46,Approved
1009175,102791,Cash loans,30514.2,35931.85,Refused
1009176,200761,Cash loans,12882.94,47409.23,Refused
1009177,109563,Consumer loans,69743.95,571.7,Approved
1009178,100102,Consumer loans,132089.6,78406.76,Approved
1009179,109015,Cash loans,130628.48,84151.67,Approved
1009180,201961,Revolving loans,200726.86,105368.96,Approved
1009181,101059,Revolving loans,67189.81,129371.08,Approved
1009182,105343,Revolving loans,25264.51,325407.07,Refused
1009183,109696,Consumer loans,47039.72,179883.11,Canceled
1009184,100545,Consumer loans,15712.79,249599.67,Approved
1009185,104656,Consumer loans,33294.89,319165.35,Approved
1009186,201249,Cash loans,207976.54,23533.94,Refused
1009187,201893,Consumer loans,43444.18,3269.1,Approved
1009188,107979,Consumer loans,40477.56,7341.54,Canceled
1009189,109812,Revolving loans,19487.97,202409.68,Approved
1009190,200527,Cash loans,132625.31,68008.43,Refused
1009191,103512,Cash loans,34585.01,20042.4,Canceled
1009192,201550,Consumer loans,72236.32,25984.79,Refused
1009193,100913,Revolving loans,26930.72,420748.95,Refused
1009194,109907,Revolving loans,146587.31,39205.01,Approved
1009195,100868,Revolving loans,22981.18,12596.17,Canceled
1009196,103554,Revolving loans,29086.91,166243.16,Approved
1009197,102300,Cash loans,407446.2,1240.78,Approved
1009198,104866,Revolving loans,7506.71,264681.96,Refused
1009199,106778,Revolving loans,57985.07,29950.6,Canceled
1009200,107844,Revolving loans,99447.89,123514.86,Canceled
1009201,103446,Cash loans,47157.47,341685.85,Approved
1009202,102132,Cash loans,310339.84,187187.75,Approved
1009203,108397,Cash loans,8613.05,8166.42,Approved
1009204,108577,Revolving loans,53750.69,285974.62,Approved
1009205,105021,Revolving loans,170785.93,177988.58,Approved
1009206,106723,Revolving loans,67.56,114037.65,Approved
1009207,101991,Consumer loans,63234.03,17688.49,Canceled
1009208,101801,Cash loans,26479.54,4228.06,Refused
1009209,103496,Consumer loans,21074.65,72118.7,Approved
1009210,102194,Consumer loans,92054.96,42406.67,Approved
1009211,200887,Consumer loans,29751.24,9896.58,Canceled
1009212,108770,Consumer loans,60833.18,42866.08,Approved
1009213,104014,Revolving loans,83277.73,175659.69,Refused
1009214,106223,Cash loans,10919.24,83634.45,Approved
1009215,104871,Cash loans,196083.64,27058.87,Approved
1009216,104727,Cash loans,42957.56,87599.1,Approved
1009217,104281,Cash loans,224642.96,9086.53,Refused
1009218,109171,Revolving loans,6583.92,63141.9,Refused
1009219,102218,Revolving loans,2355.0,25150.49,Approved
1009220,108294,Revolving loans,126679.45,80095.95,Approved
1009221,107893,Cash loans,23512.08,154054.03,Refused
1009222,106538,Revolving loans,19840.23,3783.06,Canceled
1009223,201667,Cash loans,79237.43,529265.71,Approved
1009224,100336,Revolving loans,79020.22,26720.48,Refused
1009225,100352,Revolving loans,73433.78,114294.46,Approved
1009226,106933,Consumer loans,82834.94,53928.58,Refused
1009227,103502,Cash loans,92806.36,139573.3,Approved
1009228,109153,Consumer loans,13939.34,74459.97,Approved
1009229,107171,Cash loans,64340.9,284208.02,Approved
1009230,107274,Revolving loans,495189.62,25358.96,Refused
1009231,105313,Consumer loans,8014.6,36151.99,Refused
1009232,105002,Consumer loans,43351.25,75802.82,Approved
1009233,102786,Cash loans,123438.2,48936.23,Refused
1009234,104984,Consumer loans,41482.15,42343.62,Canceled
1009235,107010,Cash loans,15601.68,621724.62,Canceled
1009236,103710,Consumer loans,83285.43,119105.59,Refused
1009237,108486,Consumer loans,93403.78,21272.42,Approved
1009238,102386,Consumer loans,207642.28,207474.93,Approved
1009239,107166,Consumer loans,75685.27,85079.75,Approved
1009240,103389,Consumer loans,239571.23,40317.15,Approved
1009241,108787,Revolving loans,225996.48,103583.34,Approved
1009242,104685,Revolving loans,7328.26,240508.83,Approved
1009243,108674,Revolving loans,12476.35,50933.91,Refused
1009244,104807,Revolving loans,7536.5,158951.22,Approved
1009245,200440,Cash loans,187.79,25351.4,Canceled
1009246,102592,Revolving loans,49611.98,2381.27,Approved
1009247,102483,Cash loans,33143.43,226139.51,Approved
1009248,101864,Cash loans,88970.74,5304.12,Canceled
1009249,100402,Revolving loans,17885.8,84867.23,Approved
1009250,108289,Revolving loans,85912.17,277082.86,Approved
1009251,103546,Cash loans,24495.16,229290.26,Canceled
1009252,104993,Revolving loans,46579.84,106700.36,Refused
1009253,104812,Cash loans,28687.12,40949.47,Approved
1009254,106792,Consumer loans,393479.61,16364.23,Approved
1009255,200787,Cash loans,149003.4,17384.68,Canceled
1009256,100440,Cash loans,4663.09,23770.27,Refused
1009257,104960,Consumer loans,197481.43,32572.0,Canceled
1009258,108414,Revolving loans,87874.28,286110.97,Refused
1009259,103269,Cash loans,103889.42,72961.53,Approved
1009260,109708,Revolving loans,29315.84,144690.23,Approved
1009261,108904,Revolving loans,55812.71,101831.42,Approved
1009262,108475,Revolving loans,199756.26,108270.83,Approved
1009263,200623,Cash loans,28000.81,22466.3,Approved
1009264,108037,Consumer loans,73911.12,95084.53,Approved
1009265,102023,Cash loans,22860.33,475900.63,Canceled
1009266,200031,Consumer loans,313764.1,217241.17,Refused
1009267,100644,Revolving loans,134425.38,34505.69,Refused
1009268,103984,Revolving loans,31444.13,296433.81,Approved
1009269,104293,Cash loans,132757.15,3414.36,Approved
1009270,108122,Cash loans,74688.48,6408.98,Canceled
1009271,107608,Revolving loans,3650.48,89721.46,Approved
1009272,102543,Consumer loans,234786.01,42201.41,Refused
1009273,100406,Revolving loans,24111.75,21147.23,Refused
1009274,105558,Revolving loans,21122.25,37838.16,Approved
1009275,100396,Consumer loans,120331.31,264174.11,Canceled
1009276,109810,Revolving loans,16098.5,93135.06,Approved
1009277,100709,Cash loans,207095.81,15942.37,Approved
1009278,107465,Consumer loans,60203.95,27759.5,Canceled
1009279,201546,Cash loans,236935.23,4766.7,Canceled
1009280,200534,Cash loans,10612.89,33953.33,Canceled
1009281,106258,Revolving loans,83499.32,254807.57,Approved
1009282,106287,Revolving loans,10913.09,94954.18,Canceled
1009283,109722,Revolving loans,236396.41,47831.99,Canceled
1009284,101681,Consumer loans,51037.45,112969.79,Canceled
1009285,107144,Consumer loans,198209.7,20991.77,Canceled
1009286,200091,Consumer loans,23567.2,169291.06,Refused
1009287,109132,Cash loans,134729.86,283155.86,Approved
1009288,108231,Revolving loans,31286.28,22618.08,Approved
1009289,102400,Consumer loans,13217.57,198771.45,Approved
1009290,100767,Revolving loans,2824.39,71055.3,Approved
1009291,201512,Consumer loans,10691.04,138957.56,Approved
1009292,108290,Cash loans,134284.23,66787.32,Approved
1009293,105051,Revolving loans,12584.07,103270.99,Canceled
1009294,201901,Cash loans,54925.5,17440.59,Approved
1009295,200611,Cash loans,65651.97,146349.31,Approved
1009296,104863,Consumer loans,54060.3,82000.62,Approved
1009297,104662,Revolving loans,61496.27,77580.59,Approved
1009298,104761,Cash loans,139219.66,53228.28,Refused
1009299,107828,Consumer loans,1496.98,9427.88,Approved
1009300,105628,Revolving loans,163355.59,266837.83,Approved
1009301,109891,Consumer loans,73520.48,146626.96,Approved
1009302,100335,Revolving loans,62852.26,47726.25,Approved
1009303,108894,Consumer loans,288512.64,134905.52,Approved
1009304,106425,Consumer loans,22388.4,7226.34,Approved
1009305,102669,Consumer loans,2090.27,158156.79,Approved
1009306,103941,Revolving loans,57830.92,95323.94,Refused
1009307,109942,Revolving loans,537.85,29528.45,Canceled
1009308,108846,Consumer loans,36275.81,291736.24,Approved
1009309,108525,Revolving loans,123348.05,209341.44,Approved
1009310,100640,Revolving loans,54563.73,131292.23,Approved
1009311,200909,Cash loans,2268.23,95796.33,Approved
1009312,104648,Revolving loans,190805.42,65344.19,Refused
1009313,103977,Consumer loans,95786.66,357781.04,Approved
1009314,101803,Cash loans,95409.28,142768.49,Approved
1009315,106576,Cash loans,8722.68,55604.81,Canceled
1009316,105809,Consumer loans,76671.29,7587.12,Approved
1009317,104189,Cash loans,96794.6,30183.58,Approved
1009318,105309,Consumer loans,13035.25,31385.48,Refused
1009319,107658,Cash loans,36760.92,361915.12,Refused
1009320,106303,Consumer loans,64723.61,17707.87,Canceled
1009321,108634,Consumer loans,77884.77,16898.17,Refused
1009322,103886,Revolving loans,250252.88,89209.29,Canceled
1009323,108177,Consumer loans,105589.01,355.01,Refused
1009324,106694,Revolving loans,430713.7,322598.43,Approved
1009325,107612,Consumer loans,39140.06,202973.17,Canceled
1009326,106213,Revolving loans,154286.01,139481.14,Approved
1009327,201733,Cash loans,43727.57,162232.67,Refused
1009328,109160,Cash loans,6982.5,86890.41,Approved
1009329,103507,Revolving loans,58447.07,157956.51,Approved
1009330,109138,Revolving loans,52865.45,12664.04,Approved
1009331,108526,Cash loans,24715.77,10351.37,Approved
1009332,102712,Consumer loans,30568.94,52799.71,Approved
1009333,109706,Consumer loans,4808.53,48299.14,Refused
1009334,102958,Revolving loans,72534.51,57820.83,Approved
1009335,107615,Revolving loans,49837.11,63646.94,Approved
1009336,106503,Revolving loans,87651.22,42755.44,Approved
1009337,103492,Cash loans,269695.75,135284.02,Approved
1009338,103361,Consumer loans,241623.41,413294.43,Approved
1009339,200489,Revolving loans,8653.06,584520.39,Approved
1009340,108338,Revolving loans,116151.51,250007.2,Refused
1009341,101333,Revolving loans,119835.95,60598.98,Approved
1009342,201484,Cash loans,208321.9,234527.18,Approved
1009343,109951,Cash loans,143342.82,51842.33,Approved
1009344,107296,Revolving loans,45188.12,140249.24,Refused
1009345,106846,Cash loans,222157.74,83637.2,Refused
1009346,104026,Cash loans,63311.16,21803.09,Approved
1009347,106994,Consumer loans,44679.06,31359.44,Canceled
1009348,105734,Consumer loans,71981.79,56009.62,Refused
1009349,100399,Cash loans,150293.62,138499.77,Approved
1009350,102270,Revolving loans,101569.14,116795.47,Approved
1009351,106440,Revolving loans,133345.2,14170.39,Approved
1009352,100396,Revolving loans,35461.53,111509.79,Refused
1009353,106400,Consumer loans,80711.65,88383.63,Approved
1009354,201856,Consumer loans,42385.8,11782.98,Approved
1009355,106675,Cash loans,141422.66,92927.53,Approved
1009356,108053,Revolving loans,60099.57,50549.9,Approved
1009357,200103,Revolving loans,19907.52,179947.17,Approved
1009358,106607,Cash loans,119008.47,567869.47,Approved
1009359,100364,Consumer loans,25065.82,16140.52,Canceled
1009360,103819,Consumer loans,69748.2,1644.32,Canceled
1009361,105052,Consumer loans,5339.25,128853.04,Approved
1009362,104497,Consumer loans,84198.96,28745.79,Refused
1009363,106773,Consumer loans,83050.57,188231.04,Approved
1009364,107536,Consumer loans,24340.36,80122.74,Approved
1009365,105411,Consumer loans,87951.65,184866.41,Approved
1009366,108765,Consumer loans,6910.24,1804.36,Refused
1009367,109083,Revolving loans,63360.02,24589.98,Approved
1009368,105448,Cash loans,97957.4,160919.04,Approved
1009369,201481,Consumer loans,9297.97,20204.46,Approved
1009370,102383,Cash loans,3143.03,36640.31,Approved
1009371,106446,Consumer loans,110874.95,57681.72,Approved
1009372,104985,Revolving loans,21228.84,181788.18,Approved
1009373,101401,Revolving loans,12656.81,21059.74,Approved
1009374,102777,Cash loans,108517.27,15933.37,Refused
1009375,100696,Consumer loans,6984.86,371687.11,Refused
1009376,100278,Cash loans,1603.89,88396.2,Refused
1009377,200993,Cash loans,101963.31,149728.28,Approved
1009378,108272,Consumer loans,98465.01,41399.47,Canceled
1009379,100236,Revolving loans,84801.51,133999.46,Refused
1009380,103019,Consumer loans,68165.5,155657.83,Approved
1009381,107142,Revolving loans,241006.93,35164.51,Approved
1009382,200410,Cash loans,43414.9,25715.33,Canceled
1009383,102322,Consumer loans,135045.32,193350.26,Canceled
1009384,104673,Cash loans,188132.21,5459.74,Refused
1009385,102748,Consumer loans,57296.34,16506.91,Approved
1009386,109534,Consumer loans,47827.69,40022.58,Approved
1009387,102162,Consumer loans,24946.99,159659.7,Approved
1009388,109051,Cash loans,25235.77,169078.7,Refused
1009389,108051,Consumer loans,179746.33,1805.21,Approved
1009390,109626,Revolving loans,141338.56,259215.25,Refused
1009391,109222,Consumer loans,7251.93,128191.82,Refused
1009392,106278,Consumer loans,34194.46,227344.47,Canceled
1009393,104976,Revolving loans,66037.95,87159.95,Approved
1009394,105692,Consumer loans,21749.79,46960.74,Approved
1009395,106870,Consumer loans,58747.38,130427.93,Canceled
1009396,102081,Revolving loans,43012.59,39855.05,Approved
1009397,106357,Revolving loans,34027.41,64342.25,Canceled
1009398,106763,Revolving loans,118468.1,54924.42,Refused
1009399,107735,Consumer loans,365293.52,101427.59,Approved
1009400,105490,Cash loans,171009.92,26422.51,Refused
1009401,104515,Revolving loans,310180.51,307947.51,Approved
1009402,201432,Cash loans,23230.02,52790.7,Approved
1009403,200463,Revolving loans,107990.39,88414.04,Refused
1009404,100379,Consumer loans,51300.55,9392.62,Refused
1009405,200291,Consumer loans,35782.08,138290.07,Refused
1009406,107999,Revolving loans,2214.61,342212.69,Approved
1009407,102123,Revolving loans,107105.89,100350.18,Approved
1009408,104167,Revolving loans,243772.05,71492.37,Approved
1009409,104825,Revolving loans,75903.29,72960.15,Canceled
1009410,108052,Consumer loans,98537.92,85610.34,Approved
1009411,104962,Consumer loans,53582.17,185944.89,Refused
1009412,103600,Cash loans,48158.74,92145.51,Canceled
1009413,107388,Consumer loans,98255.82,70907.54,Canceled
1009414,109073,Cash loans,13505.18,81819.37,Approved
1009415,200945,Revolving loans,6389.92,6876.37,Canceled
1009416,103988,Consumer loans,61765.25,61419.2,Approved
1009417,101586,Consumer loans,32612.04,92839.3,Canceled
1009418,200904,Cash loans,69819.51,245976.56,Approved
1009419,109148,Cash loans,23571.11,24154.32,Approved
1009420,102508,Consumer loans,56975.46,307648.65,Approved
1009421,100796,Cash loans,54458.96,51569.05,Approved
1009422,102521,Consumer loans,142461.49,99571.24,Approved
1009423,100690,Cash loans,33684.93,71069.63,Approved
1009424,103671,Cash loans,30288.41,17808.9,Approved
1009425,101061,Cash loans,49394.28,527533.83,Refused
1009426,109791,Revolving loans,11467.86,2446.94,Approved
1009427,104164,Revolving loans,58134.31,413941.97,Canceled
1009428,103931,Cash loans,59988.47,18125.61,Refused
1009429,100426,Consumer loans,40706.44,107710.0,Canceled
1009430,109828,Cash loans,335804.21,47685.97,Approved
1009431,200599,Revolving loans,89923.78,91036.12,Refused
1009432,109409,Cash loans,53933.61,101679.07,Approved
1009433,103423,Cash loans,145090.92,674.99,Refused
1009434,105157,Revolving loans,49129.51,104610.41,Approved
1009435,100932,Revolving loans,2005.51,63296.0,Refused
1009436,106041,Consumer loans,132055.96,8074.76,Approved
1009437,108924,Revolving loans,10943.27,51940.52,Approved
1009438,104439,Cash loans,172477.28,163221.61,Approved
1009439,101060,Cash loans,94411.65,156972.83,Refused
1009440,102776,Consumer loans,66351.83,299778.58,Approved
1009441,107865,Consumer loans,99797.93,116729.52,Approved
1009442,107117,Cash loans,9741.71,184023.59,Refused
1009443,100116,Cash loans,67980.84,98130.43,Canceled
1009444,200356,Consumer loans,25645.04,70512.95,Approved
1009445,101463,Revolving loans,249616.69,361649.1,Refused
1009446,106178,Consumer loans,10290.92,350692.93,Canceled
1009447,200794,Consumer loans,297080.89,106943.55,Approved
1009448,200693,Cash loans,56665.6,58220.04,Refused
1009449,101482,Consumer loans,165858.79,127864.72,Approved
1009450,102158,Consumer loans,382745.52,47088.08,Approved
1009451,106428,Consumer loans,34510.35,73244.46,Approved
1009452,106234,Consumer loans,146897.6,67544.92,Approved
1009453,200856,Consumer loans,250847.82,638227.82,Approved
1009454,102777,Revolving loans,77688.26,80.57,Approved
1009455,106230,Revolving loans,181205.04,94887.85,Approved
1009456,104108,Revolving loans,6677.64,50893.29,Canceled
1009457,201241,Cash loans,3147.85,113863.88,Approved
1009458,105489,Consumer loans,41454.47,63316.66,Approved
1009459,109785,Consumer loans,1097.25,26838.46,Refused
1009460,201337,Revolving loans,1124.85,14600.47,Approved
1009461,105293,Revolving loans,97243.5,105559.41,Canceled
1009462,201252,Revolving loans,179562.8,224818.72,Canceled
1009463,106348,Cash loans,32083.77,71946.2,Approved
1009464,108584,Consumer loans,13682.36,415885.99,Refused
1009465,109877,Consumer loans,10649.89,137360.85,Canceled
1009466,101048,Consumer loans,261867.3,1272.96,Canceled
1009467,200779,Consumer loans,10678.0,84340.27,Approved
1009468,201707,Revolving loans,49714.15,327638.69,Canceled
1009469,109420,Cash loans,26377.79,3673.76,Approved
1009470,100278,Revolving loans,16910.78,72472.96,Approved
1009471,108271,Cash loans,84991.68,140670.8,Canceled
1009472,106642,Revolving loans,290680.97,140474.61,Approved
1009473,100582,Revolving loans,74779.86,161131.65,Approved
1009474,109211,Cash loans,65786.01,56840.34,Refused
1009475,101850,Cash loans,94340.12,227272.65,Refused
1009476,201815,Revolving loans,23119.47,17959.78,Canceled
1009477,104411,Consumer loans,1575.14,49973.95,Approved
1009478,103799,Consumer loans,87653.32,64165.58,Canceled
1009479,201027,Consumer loans,153859.53,147314.93,Canceled
1009480,106391,Consumer loans,6612.36,31515.28,Refused
1009481,104752,Consumer loans,29756.82,57199.22,Approved
1009482,104470,Revolving loans,8925.94,21882.47,Approved
1009483,109301,Cash loans,5615.54,31954.97,Approved
1009484,102591,Consumer loans,57785.06,71039.24,Approved
1009485,105462,Cash loans,16446.24,51771.49,Approved
1009486,103475,Consumer loans,105681.89,34104.55,Approved
1009487,106544,Consumer loans,43500.81,310558.38,Refused
1009488,108181,Revolving loans,42631.76,30699.6,Canceled
1009489,109382,Revolving loans,57373.52,209362.83,Approved
1009490,200498,Consumer loans,15498.73,28464.5,Approved
1009491,101491,Revolving loans,15579.17,94262.34,Approved
1009492,102097,Consumer loans,51471.59,123399.86,Refused
1009493,103771,Revolving loans,272069.16,120554.31,Refused
1009494,102964,Revolving loans,225156.75,250582.26,Approved
1009495,105015,Revolving loans,39095.24,28881.0,Approved
1009496,102432,Cash loans,153235.88,74336.14,Refused
1009497,100751,Revolving loans,53186.8,5240.31,Approved
1009498,105494,Consumer loans,184976.29,17257.49,Approved
1009499,201849,Consumer loans,233228.44,209004.81,Approved
1009500,101182,Revolving loans,9358.6,46383.28,Canceled
1009501,201052,Consumer loans,370042.25,168354.35,Canceled
1009502,100901,Cash loans,73547.82,22494.77,Approved
1009503,105628,Cash loans,110076.76,117419.75,Canceled
1009504,107661,Cash loans,177072.07,96136.59,Canceled
1009505,107091,Revolving loans,3973.91,242116.28,Approved
1009506,103862,Cash loans,76909.48,193842.46,Canceled
1009507,104196,Consumer loans,147071.61,12887.03,Canceled
1009508,102813,Consumer loans,122101.59,84653.49,Approved
1009509,101142,Revolving loans,173069.71,267785.49,Canceled
1009510,106089,Revolving loans,513410.06,49409.2,Canceled
1009511,103682,Consumer loans,137036.36,158028.04,Refused
1009512,105288,Revolving loans,61542.4,289372.35,Canceled
1009513,104751,Consumer loans,74736.49,149127.41,Approved
1009514,106459,Revolving loans,388170.52,25653.26,Refused
1009515,100047,Consumer loans,64065.23,142935.02,Canceled
1009516,200624,Cash loans,241193.13,178293.41,Approved
1009517,107935,Cash loans,23716.38,81789.99,Approved
1009518,100619,Cash loans,33323.36,68929.93,Approved
1009519,106457,Revolving loans,67847.45,204084.07,Canceled
1009520,103573,Cash loans,195176.91,30122.35,Refused
1009521,106190,Consumer loans,17885.09,57412.76,Approved
1009522,106838,Cash loans,51699.62,2360.89,Approved
1009523,102893,Cash loans,146026.68,715116.92,Approved
1009524,102083,Consumer loans,103992.1,372081.22,Approved
1009525,103946,Consumer loans,245164.0,83488.95,Canceled
1009526,100986,Cash loans,348255.22,44171.11,Approved
1009527,103905,Cash loans,194544.63,56596.14,Approved
1009528,107354,Cash loans,318.63,80621.65,Approved
1009529,200275,Consumer loans,2781.74,112908.47,Approved
1009530,103340,Revolving loans,8155.95,89010.64,Approved
1009531,200055,Cash loans,224056.11,4500.02,Refused
1009532,103418,Cash loans,144559.86,227923.48,Approved
1009533,103949,Revolving loans,50889.76,42159.25,Approved
1009534,100477,Cash loans,950.91,7798.62,Approved
1009535,108858,Cash loans,46633.73,343682.79,Refused
1009536,107419,Cash loans,8422.11,202752.67,Approved
1009537,100680,Consumer loans,94455.52,46663.53,Canceled
1009538,100980,Revolving loans,27208.58,145654.04,Approved
1009539,108678,Revolving loans,81345.71,23317.97,Approved
1009540,102322,Revolving loans,348712.4,147671.06,Approved
1009541,103341,Revolving loans,74327.7,42901.58,Canceled
1009542,104695,Revolving loans,185458.07,121367.51,Approved
1009543,100413,Consumer loans,255489.18,123359.5,Approved
1009544,104275,Revolving loans,69549.92,3119.7,Approved
1009545,101472,Consumer loans,67401.56,28879.07,Refused
1009546,103316,Consumer loans,413790.72,162215.52,Approved
1009547,201893,Cash loans,210923.87,322450.25,Approved
1009548,200711,Consumer loans,197063.77,125801.89,Approved
1009549,104289,Cash loans,75349.43,72259.38,Canceled
1009550,101839,Consumer loans,85986.38,140937.51,Approved
1009551,109409,Revolving loans,30457.83,826.09,Refused
1009552,108210,Revolving loans,115373.09,22404.15,Canceled
1009553,108994,Revolving loans,11071.16,210770.95,Approved
1009554,105700,Revolving loans,23440.29,470662.41,Refused
1009555,107691,Consumer loans,44446.97,47019.32,Approved
1009556,105562,Consumer loans,11722.63,50056.68,Canceled
1009557,109947,Revolving loans,2559.4,71932.86,Approved
1009558,100874,Cash loans,16661.22,154461.61,Approved
1009559,104695,Consumer loans,7740.94,121049.48,Canceled
1009560,107415,Consumer loans,55596.91,15024.08,Refused
1009561,106407,Cash loans,65594.47,304845.08,Canceled
1009562,106471,Cash loans,173389.26,44744.67,Canceled
1009563,103624,Consumer loans,5331.17,157086.56,Approved
1009564,106312,Consumer loans,4539.09,54917.2,Refused
1009565,201378,Cash loans,81090.53,108724.88,Canceled
1009566,104288,Cash loans,24278.33,181216.82,Canceled
1009567,105871,Revolving loans,186218.32,208951.99,Approved
1009568,104864,Consumer loans,390922.98,148955.1,Approved
1009569,201378,Cash loans,9748.72,86776.08,Canceled
1009570,109027,Revolving loans,10771.8,220125.86,Approved
1009571,107519,Revolving loans,21702.67,33404.58,Refused
1009572,105423,Consumer loans,80353.94,117508.06,Approved
1009573,101292,Revolving loans,69492.61,63100.48,Approved
1009574,107996,Revolving loans,135736.99,79176.97,Approved
1009575,106187,Revolving loans,12665.11,44448.2,Refused
1009576,103083,Consumer loans,88362.61,57844.56,Canceled
1009577,106926,Revolving loans,74407.6,60590.0,Refused
1009578,200236,Cash loans,131342.02,130396.4,Canceled
1009579,105374,Cash loans,18654.57,119875.52,Refused
1009580,200392,Consumer loans,79235.15,91324.34,Refused
1009581,103505,Revolving loans,40340.12,31967.51,Canceled
1009582,109975,Consumer loans,78481.68,246030.44,Approved
1009583,108527,Cash loans,155297.66,45920.41,Refused
1009584,100504,Revolving loans,44664.44,121286.5,Approved
1009585,106125,Revolving loans,152775.35,13228.83,Approved
1009586,107488,Revolving loans,2410.47,60618.6,Approved
1009587,104783,Consumer loans,182125.16,128399.99,Approved
1009588,101092,Consumer loans,12994.38,298538.74,Approved
1009589,101656,Cash loans,44818.09,19034.3,Canceled
1009590,103736,Revolving loans,70193.34,166467.11,Approved
1009591,106325,Cash loans,326623.29,26945.12,Approved
1009592,103832,Cash loans,4442.24,128329.72,Canceled
1009593,107014,Revolving loans,80644.44,32068.77,Canceled
1009594,100924,Cash loans,119974.65,7711.08,Canceled
1009595,107631,Revolving loans,227659.23,77079.76,Approved
1009596,103560,Revolving loans,21360.78,129168.86,Approved
1009597,100779,Cash loans,25491.99,31513.41,Approved
1009598,103427,Cash loans,151519.42,55488.65,Approved
1009599,108230,Cash loans,18957.24,85788.5,Approved
1009600,201740,Revolving loans,37192.82,123660.18,Approved
1009601,101578,Consumer loans,4634.7,209035.91,Approved
1009602,107529,Consumer loans,331656.92,46478.52,Refused
1009603,109183,Consumer loans,26208.72,38356.44,Canceled
1009604,105946,Revolving loans,46615.91,7584.18,Approved
1009605,200354,Cash loans,22915.43,41152.74,Refused
1009606,105618,Consumer loans,166512.54,106098.42,Canceled
1009607,104723,Cash loans,80456.92,29445.19,Canceled
1009608,201918,Revolving loans,46544.37,103974.84,Approved
1009609,109364,Cash loans,26107.52,31519.23,Canceled
1009610,201097,Revolving loans,213809.98,129561.52,Approved
1009611,108299,Consumer loans,27444.52,33558.91,Approved
1009612,100277,Revolving loans,17752.62,80493.62,Refused
1009613,106222,Cash loans,3542.32,17840.24,Approved
1009614,103307,Revolving loans,296330.61,190736.42,Approved
1009615,200429,Consumer loans,66249.46,15664.62,Approved
1009616,101435,Revolving loans,157897.44,9400.06,Approved
1009617,104689,Revolving loans,65333.22,320428.67,Approved
1009618,201030,Revolving loans,12326.06,22559.01,Approved
1009619,108540,Revolving loans,17799.8,184406.24,Approved
1009620,107447,Cash loans,7042.74,29898.73,Refused
1009621,200416,Cash loans,116441.62,603274.88,Approved
1009622,109363,Cash loans,33155.54,6743.7,Canceled
1009623,101818,Consumer loans,140833.54,127193.08,Approved
1009624,200290,Cash loans,420606.04,169474.44,Canceled
1009625,201562,Revolving loans,20817.93,46079.07,Approved
1009626,201349,Revolving loans,110862.87,23433.54,Canceled
1009627,103381,Cash loans,126897.8,158246.37,Approved
1009628,102062,Consumer loans,247096.62,111133.07,Refused
1009629,104491,Revolving loans,32246.52,221462.98,Approved
1009630,200952,Consumer loans,146054.61,9523.0,Approved
1009631,108124,Consumer loans,97065.1,93559.69,Approved
1009632,109339,Consumer loans,243073.96,75573.85,Canceled
1009633,105628,Revolving loans,73101.09,35575.7,Refused
1009634,105179,Revolving loans,404287.12,128199.76,Approved
1009635,107846,Consumer loans,43937.62,140427.11,Approved
1009636,109474,Revolving loans,25205.32,10319.01,Canceled
1009637,102607,Cash loans,48189.0,114719.63,Approved
1009638,107135,Cash loans,103040.6,3512.63,Approved
1009639,100679,Consumer loans,65586.61,5331.22,Canceled
1009640,101126,Consumer loans,171410.79,60506.95,Approved
1009641,108581,Revolving loans,37076.36,416410.85,Refused
1009642,107351,Revolving loans,132044.3,113683.59,Approved
1009643,106945,Revolving loans,117700.66,127464.99,Approved
1009644,201999,Revolving loans,223958.39,38242.11,Refused
1009645,106360,Consumer loans,128000.44,50945.71,Refused
1009646,200498,Consumer loans,9476.57,250527.95,Refused
1009647,103964,Revolving loans,2548.6,136541.88,Refused
1009648,103176,Revolving loans,165245.48,232364.76,Canceled
1009649,109805,Revolving loans,15045.12,58858.86,Refused
1009650,106262,Revolving loans,36218.72,70867.45,Approved
1009651,102974,Consumer loans,14097.18,97807.57,Approved
1009652,105229,Revolving loans,97044.53,212178.91,Approved
1009653,100387,Revolving loans,58392.17,98428.26,Approved
1009654,100988,Revolving loans,106688.09,92820.75,Approved
1009655,106669,Consumer loans,12366.68,107061.72,Approved
1009656,108616,Revolving loans,49980.12,436203.72,Approved
1009657,109138,Consumer loans,116812.22,40636.18,Refused
1009658,101283,Cash loans,21321.19,153851.83,Refused
1009659,107247,Cash loans,9927.61,49961.22,Refused
1009660,108684,Revolving loans,100416.97,39853.7,Refused
1009661,105150,Revolving loans,695.75,188156.43,Approved
1009662,100250,Revolving loans,64005.43,78192.57,Approved
1009663,106853,Revolving loans,45257.58,64249.57,Approved
1009664,200973,Cash loans,65982.64,16091.99,Approved
1009665,107558,Cash loans,129371.08,679474.18,Approved
1009666,108411,Revolving loans,70628.85,53711.87,Canceled
1009667,107104,Revolving loans,57340.93,1573.68,Canceled
1009668,101336,Cash loans,82777.26,103412.17,Refused
1009669,107999,Revolving loans,151769.8,28068.7,Approved
1009670,200831,Revolving loans,11988.11,199508.91,Refused
1009671,106831,Cash loans,89745.53,190590.44,Canceled
1009672,200390,Revolving loans,28652.92,465476.99,Approved
1009673,103067,Cash loans,222122.81,53620.87,Approved
1009674,109767,Consumer loans,36830.79,175261.96,Approved
1009675,108775,Cash loans,93967.51,62426.28,Canceled
1009676,201209,Revolving loans,63627.1,57275.23,Approved
1009677,104215,Revolving loans,56780.69,90543.06,Approved
1009678,102174,Consumer loans,32038.03,249032.17,Approved
1009679,109877,Consumer loans,117691.63,28928.6,Approved
1009680,106185,Cash loans,355959.08,178130.4,Approved
1009681,200322,Cash loans,300661.71,47744.86,Approved
1009682,104496,Revolving loans,13770.27,19501.1,Canceled
1009683,103455,Revolving loans,55325.02,28290.89,Canceled
1009684,109561,Cash loans,47740.94,231458.39,Approved
1009685,105269,Consumer loans,23605.21,160314.68,Approved
1009686,106843,Consumer loans,188976.92,107594.46,Approved
1009687,108257,Revolving loans,116833.11,13763.03,Approved
1009688,105373,Consumer loans,71129.52,8599.88,Approved
1009689,101498,Cash loans,90648.94,293434.61,Canceled
1009690,104960,Cash loans,112974.91,160270.2,Approved
1009691,105688,Cash loans,155883.86,14256.72,Approved
1009692,103020,Revolving loans,24983.24,56766.64,Approved
1009693,101073,Cash loans,594167.81,119947.83,Approved
1009694,109668,Consumer loans,78625.34,265332.28,Approved
1009695,100862,Consumer loans,220652.57,39965.67,Refused
1009696,100017,Cash loans,436068.95,212873.6,Approved
1009697,107429,Consumer loans,205692.8,175008.56,Approved
1009698,100667,Cash loans,130996.95,147505.51,Refused
1009699,104616,Cash loans,255964.63,17763.2,Approved
1009700,100036,Cash loans,39185.92,314470.01,Approved
1009701,101554,Revolving loans,107236.83,28626.16,Approved
1009702,101670,Revolving loans,88750.49,362027.63,Approved
1009703,200705,Revolving loans,113358.0,75976.92,Refused
1009704,106606,Cash loans,1246.33,562545.79,Canceled
1009705,200105,Consumer loans,39654.5,61742.04,Approved
1009706,106091,Consumer loans,91536.62,9338.62,Refused
1009707,105919,Revolving loans,143933.0,50470.62,Canceled
1009708,200734,Consumer loans,23190.72,17799.04,Refused
1009709,103743,Consumer loans,86839.9,56943.36,Refused
1009710,104052,Revolving loans,73347.57,73112.69,Approved
1009711,106287,Consumer loans,18739.13,196669.23,Refused
1009712,201233,Revolving loans,303278.06,351688.52,Approved
1009713,201629,Cash loans,16492.88,20047.4,Canceled
1009714,107466,Consumer loans,57012.22,287660.39,Approved
1009715,107090,Revolving loans,10355.35,42518.76,Approved
1009716,100993,Consumer loans,61046.94,2414.38,Approved
1009717,102979,Cash loans,104359.95,220180.96,Refused
1009718,104852,Cash loans,65461.68,56581.48,Refused
1009719,104902,Consumer loans,66997.64,49489.94,Canceled
1009720,105197,Consumer loans,34658.17,139270.49,Approved
1009721,107798,Consumer loans,43779.74,220707.64,Approved
1009722,103406,Consumer loans,11628.86,156372.85,Canceled
1009723,108737,Cash loans,261110.65,97056.47,Canceled
1009724,105437,Revolving loans,52006.04,237524.16,Canceled
1009725,200654,Revolving loans,143968.61,45709.7,Refused
1009726,106529,Revolving loans,83869.52,23948.49,Approved
1009727,103108,Cash loans,15183.94,107376.47,Canceled
1009728,105576,Revolving loans,154384.32,95259.48,Approved
1009729,106362,Cash loans,55181.12,229651.44,Approved
1009730,103265,Cash loans,40795.16,95220.22,Canceled
1009731,103496,Revolving loans,228469.12,156860.4,Canceled
1009732,108205,Consumer loans,114937.88,40154.15,Approved
1009733,103630,Cash loans,51252.63,53058.84,Refused
1009734,201464,Consumer loans,243203.12,17500.99,Refused
1009735,109990,Revolving loans,180938.37,185307.57,Canceled
1009736,101658,Revolving loans,46335.41,54703.71,Canceled
1009737,200739,Consumer loans,105418.52,131682.97,Approved
1009738,105727,Cash loans,136112.6,102422.14,Refused
1009739,109061,Revolving loans,2821.27,178437.64,Canceled
1009740,107434,Cash loans,19965.94,42624.92,Refused
1009741,102387,Consumer loans,97355.3,193920.98,Approved
1009742,109243,Cash loans,381521.88,125665.66,Approved
1009743,101319,Cash loans,174585.7,10439.42,Refused
1009744,100146,Consumer loans,4565.01,209866.35,Canceled
1009745,101219,Revolving loans,13295.49,183951.04,Approved
1009746,201115,Revolving loans,55528.49,485046.96,Approved
1009747,201083,Cash loans,120585.75,29152.94,Approved
1009748,107222,Consumer loans,124223.28,49328.3,Approved
1009749,200104,Revolving loans,256198.79,202832.55,Refused
1009750,103997,Cash loans,65035.11,112859.39,Approved
1009751,105349,Consumer loans,15732.38,139741.9,Approved
1009752,105064,Consumer loans,43685.33,372312.87,Refused
1009753,200068,Revolving loans,130639.49,95930.93,Canceled
1009754,102136,Consumer loans,69181.14,59225.89,Approved
1009755,109607,Cash loans,92676.55,147788.69,Approved
1009756,201323,Revolving loans,162584.78,24431.82,Approved
1009757,107696,Revolving loans,9589.65,315165.82,Refused
1009758,105443,Cash loans,61784.48,3320.95,Canceled
1009759,107202,Cash loans,72902.49,285872.96,Approved
1009760,108442,Consumer loans,241024.22,46724.9,Approved
1009761,108349,Revolving loans,191550.62,134455.85,Refused
1009762,102054,Consumer loans,60685.88,20978.2,Approved
1009763,107862,Revolving loans,206229.75,140973.8,Canceled
1009764,108148,Cash loans,52416.42,320863.09,Canceled
1009765,106656,Cash loans,139774.46,40769.17,Approved
1009766,108544,Consumer loans,99685.11,128820.55,Approved
1009767,104903,Revolving loans,99228.71,94477.7,Approved
1009768,104018,Revolving loans,125213.82,5987.56,Approved
1009769,107455,Revolving loans,16775.54,25145.61,Approved
1009770,108926,Cash loans,7364.2,32760.02,Approved
1009771,107463,Cash loans,90652.95,107252.56,Approved
1009772,100367,Cash loans,26505.64,35400.73,Approved
1009773,100514,Revolving loans,41929.28,27853.48,Canceled
1009774,201727,Revolving loans,104406.96,211538.35,Canceled
1009775,101867,Revolving loans,85268.19,260568.02,Approved
1009776,101232,Revolving loans,12379.66,8105.17,Approved
1009777,201544,Consumer loans,54868.48,7630.98,Refused
1009778,102081,Revolving loans,384894.42,323273.38,Refused
1009779,109925,Cash loans,785653.52,62501.3,Approved
1009780,200512,Cash loans,51155.02,261315.49,Canceled
1009781,105486,Consumer loans,192832.36,124793.09,Approved
1009782,100449,Cash loans,12483.43,74903.61,Canceled
1009783,108559,Consumer loans,57032.69,8273.39,Approved
1009784,103585,Cash loans,327173.12,40746.83,Approved
1009785,104147,Consumer loans,177725.4,243642.9,Approved
1009786,103279,Revolving loans,158600.09,83795.2,Approved
1009787,101464,Revolving loans,63305.12,59333.43,Canceled
1009788,109179,Cash loans,4781.75,47284.91,Approved
1009789,200909,Revolving loans,146264.27,164849.95,Canceled
1009790,107459,Revolving loans,158571.25,260590.72,Approved
1009791,103941,Cash loans,160710.95,192643.31,Refused
1009792,100204,Consumer loans,63175.97,420.9,Approved
1009793,101983,Revolving loans,2649.65,3663.2,Approved
1009794,201405,Cash loans,110388.78,144684.75,Approved
1009795,102787,Cash loans,65521.69,337040.51,Approved
1009796,109810,Cash loans,353182.38,1747.92,Canceled
1009797,106070,Revolving loans,110642.65,14397.49,Canceled
1009798,104093,Cash loans,56108.07,19223.17,Approved
1009799,109588,Revolving loans,515529.44,211812.51,Refused
1009800,104358,Revolving loans,96668.59,413016.27,Approved
1009801,104532,Cash loans,303752.75,161892.42,Refused
1009802,201216,Consumer loans,74393.59,112147.34,Canceled
1009803,100614,Consumer loans,224339.71,100862.29,Approved
1009804,100893,Cash loans,28234.84,145159.76,Approved
1009805,101731,Cash loans,66762.14,81869.0,Canceled
1009806,107738,Cash loans,119153.14,105777.02,Refused
1009807,108344,Consumer loans,39169.56,69803.07,Approved
1009808,105128,Consumer loans,63751.94,126756.23,Approved
1009809,106411,Revolving loans,162622.35,9201.38,Approved
1009810,105385,Consumer loans,69448.93,165176.95,Approved
1009811,106526,Cash loans,23023.97,6208.68,Approved
1009812,106827,Consumer loans,129196.31,220581.11,Approved
1009813,201370,Revolving loans,37252.16,627482.52,Approved
1009814,103259,Cash loans,258432.11,267492.84,Approved
1009815,103272,Cash loans,295477.71,36475.17,Approved
1009816,107421,Cash loans,54217.75,140803.8,Canceled
1009817,106949,Cash loans,139597.97,25509.74,Approved
1009818,104032,Revolving loans,7501.85,9613.3,Approved
1009819,109702,Revolving loans,34527.99,208430.43,Refused
1009820,109811,Consumer loans,89001.1,78392.58,Canceled
1009821,106508,Consumer loans,387319.35,134420.05,Approved
1009822,105769,Consumer loans,368520.94,192492.17,Approved
1009823,109644,Revolving loans,16096.11,209652.79,Canceled
1009824,104451,Revolving loans,221578.55,128445.5,Canceled
1009825,201995,Consumer loans,41091.79,15964.33,Approved
1009826,107745,Cash loans,18493.91,6667.91,Canceled
1009827,100521,Revolving loans,107163.18,45528.29,Canceled
1009828,109511,Cash loans,396.77,79095.9,Approved
1009829,200644,Consumer loans,54813.52,173526.9,Approved
1009830,106636,Consumer loans,174163.5,13990.87,Refused
1009831,105708,Consumer loans,35484.74,301771.16,Approved
1009832,107985,Consumer loans,15303.26,116626.7,Approved
1009833,105274,Consumer loans,44651.98,59355.68,Refused
1009834,103287,Cash loans,182945.94,4925.08,Approved
1009835,200880,Consumer loans,143115.82,200655.42,Canceled
1009836,100119,Revolving loans,14837.07,146706.57,Approved
1009837,106401,Revolving loans,135390.79,94619.89,Canceled
1009838,103626,Cash loans,29453.37,5535.99,Approved
1009839,107495,Revolving loans,176941.3,58960.45,Approved
1009840,100689,Consumer loans,23393.45,110881.61,Approved
1009841,200477,Consumer loans,90518.33,120561.07,Approved
1009842,102984,Cash loans,16175.13,29657.09,Refused
1009843,101143,Consumer loans,30339.69,41117.0,Approved
1009844,102488,Revolving loans,40514.3,265223.25,Canceled
1009845,106095,Consumer loans,138678.23,3902.61,Approved
1009846,101994,Cash loans,179108.75,221493.87,Canceled
1009847,103354,Revolving loans,47638.45,285529.39,Approved
1009848,106579,Consumer loans,24678.78,130678.86,Canceled
1009849,106016,Revolving loans,15405.07,345994.0,Refused
1009850,109247,Revolving loans,92856.61,114675.74,Approved
1009851,107970,Revolving loans,285671.26,186804.14,Approved
1009852,103661,Consumer loans,28546.27,20389.96,Approved
1009853,103684,Cash loans,157607.37,17852.44,Refused
1009854,108433,Consumer loans,34392.67,114167.11,Approved
1009855,107991,Revolving loans,6681.31,16125.97,Refused
1009856,102181,Consumer loans,337712.78,237538.53,Approved
1009857,108086,Consumer loans,131356.37,111852.24,Approved
1009858,109559,Revolving loans,406578.95,137226.15,Approved
1009859,107868,Cash loans,90793.27,44300.37,Canceled
1009860,200776,Cash loans,286342.34,147239.32,Approved
1009861,201178,Cash loans,83960.69,26727.39,Approved
1009862,100476,Consumer loans,13669.86,291975.13,Approved
1009863,201874,Cash loans,351184.28,41198.44,Approved
1009864,104764,Cash loans,95770.36,140011.42,Refused
1009865,103963,Revolving loans,9480.81,312805.44,Approved
1009866,107785,Consumer loans,57780.37,377739.76,Canceled
1009867,108641,Revolving loans,129612.02,197635.85,Canceled
1009868,109817,Revolving loans,19537.08,51142.71,Refused
1009869,100502,Cash loans,62261.42,97180.3,Canceled
1009870,103303,Revolving loans,207661.79,8715.84,Approved
1009871,103964,Revolving loans,9445.86,219706.23,Approved
1009872,201059,Consumer loans,75456.21,439092.54,Approved
1009873,102204,Revolving loans,8300.82,65874.97,Canceled
1009874,108322,Revolving loans,57168.84,45400.65,Approved
1009875,104448,Consumer loans,53699.99,131735.45,Refused
1009876,201304,Consumer loans,23602.66,27830.36,Approved
1009877,100824,Consumer loans,15109.34,78960.13,Canceled
1009878,106394,Consumer loans,162711.07,54932.9,Refused
1009879,101165,Cash loans,45037.11,64733.95,Canceled
1009880,109173,Consumer loans,60328.66,3162.34,Refused
1009881,100887,Cash loans,212795.36,23323.38,Approved
1009882,107193,Revolving loans,42415.49,47646.6,Approved
1009883,106967,Consumer loans,204889.53,27361.37,Refused
1009884,100655,Revolving loans,290447.83,65383.02,Canceled
1009885,109903,Cash loans,1537.23,31324.04,Approved
1009886,100321,Consumer loans,45639.23,6448.05,Refused
1009887,105265,Consumer loans,10999.01,213840.18,Canceled
1009888,101335,Consumer loans,59691.16,197085.15,Refused
1009889,108630,Cash loans,16887.08,517283.49,Approved
1009890,107447,Revolving loans,69307.45,306664.53,Canceled
1009891,106769,Consumer loans,120879.6,218894.43,Approved
1009892,106735,Revolving loans,110790.55,77115.15,Approved
1009893,200791,Revolving loans,23576.45,232067.68,Canceled
1009894,200842,Consumer loans,16013.78,31771.23,Approved
1009895,105201,Consumer loans,117313.0,27539.26,Approved
1009896,103288,Cash loans,535911.49,297407.36,Approved
1009897,105661,Cash loans,101971.05,168059.06,Canceled
1009898,201459,Revolving loans,4764.23,4369.0,Approved
1009899,108747,Consumer loans,161314.67,68712.47,Approved
1009900,106040,Consumer loans,33434.27,128662.87,Canceled
1009901,100265,Cash loans,43028.81,33735.89,Refused
1009902,103341,Consumer loans,192546.84,84548.37,Refused
1009903,104913,Revolving loans,199389.59,75319.79,Approved
1009904,200127,Cash loans,162354.7,369920.81,Refused
1009905,108895,Consumer loans,2593.95,14277.24,Approved
1009906,106999,Consumer loans,110965.19,52016.88,Approved
1009907,106221,Consumer loans,266178.33,123605.79,Approved
1009908,103227,Cash loans,184377.55,3995.38,Approved
1009909,103251,Consumer loans,200854.44,18218.28,Approved
1009910,104066,Consumer loans,176680.46,9349.23,Approved
1009911,104403,Consumer loans,112631.79,205730.21,Approved
1009912,101840,Consumer loans,187252.35,2729.4,Refused
1009913,200160,Consumer loans,268281.97,2506.81,Approved
1009914,103870,Cash loans,135525.41,305336.28,Approved
1009915,102305,Cash loans,9732.88,222491.31,Canceled
1009916,102981,Revolving loans,206293.36,11970.16,Refused
1009917,109454,Revolving loans,18716.22,18544.23,Approved
1009918,108515,Revolving loans,268290.84,69505.13,Approved
1009919,100326,Revolving loans,138460.66,28133.34,Canceled
1009920,109830,Cash loans,391704.21,272494.56,Canceled
1009921,102866,Consumer loans,75429.72,59493.67,Canceled
1009922,201623,Consumer loans,135005.01,24629.45,Refused
1009923,103193,Revolving loans,95843.45,5821.12,Approved
1009924,103375,Revolving loans,262074.27,3332.9,Refused
1009925,108052,Cash loans,183217.88,205603.88,Approved
1009926,105342,Cash loans,1714.76,531341.93,Approved
1009927,100252,Consumer loans,137790.06,315081.22,Approved
1009928,102536,Consumer loans,158700.76,283069.4,Canceled
1009929,103633,Revolving loans,51639.82,172051.75,Refused
1009930,108318,Consumer loans,3473.04,22665.53,Refused
1009931,108866,Revolving loans,38711.04,68071.72,Refused
1009932,106659,Cash loans,228086.76,3950.64,Canceled
1009933,109087,Cash loans,228913.83,29316.12,Approved
1009934,108134,Revolving loans,70811.89,51127.82,Approved
1009935,200974,Revolving loans,93157.32,21258.5,Approved
1009936,106258,Revolving loans,137936.3,45247.75,Approved
1009937,201163,Cash loans,187709.11,27663.61,Approved
1009938,100079,Revolving loans,30302.98,13199.65,Approved
1009939,200639,Consumer loans,165331.5,1986.7,Refused
1009940,101588,Revolving loans,82506.7,23209.45,Approved
1009941,104268,Revolving loans,5257.84,47544.16,Approved
1009942,104703,Revolving loans,82264.86,53862.39,Canceled
1009943,105431,Consumer loans,15044.69,87990.07,Canceled
1009944,102387,Cash loans,38656.27,134640.38,Approved
1009945,105124,Consumer loans,35312.8,202970.03,Approved
1009946,104981,Revolving loans,61066.02,361480.9,Refused
1009947,201329,Cash loans,77578.83,329889.8,Canceled
1009948,104430,Revolving loans,27288.35,46792.66,Canceled
1009949,103528,Consumer loans,25047.48,67826.63,Approved
1009950,201337,Cash loans,270989.66,87666.73,Approved
1009951,103803,Consumer loans,46447.56,190697.28,Refused
1009952,102521,Cash loans,8030.64,41994.61,Canceled
1009953,104216,Cash loans,83825.31,237352.15,Canceled
1009954,104692,Revolving loans,41679.66,63709.2,Refused
1009955,106972,Revolving loans,6929.11,189942.95,Approved
1009956,101040,Revolving loans,48105.3,28383.84,Approved
1009957,100749,Cash loans,127822.55,115396.31,Refused
1009958,104387,Cash loans,31885.98,280748.91,Approved
1009959,103052,Revolving loans,31933.56,103370.63,Approved
1009960,102637,Consumer loans,571196.82,384146.65,Approved
1009961,105900,Revolving loans,106888.24,33556.57,Refused
1009962,103549,Revolving loans,37120.53,204249.3,Approved
1009963,201868,Cash loans,447740.48,100637.47,Approved
1009964,108400,Consumer loans,46091.04,57531.35,Canceled
1009965,104681,Consumer loans,67861.93,420136.7,Approved
1009966,100587,Revolving loans,34065.18,32795.37,Approved
1009967,101610,Consumer loans,379558.67,240292.38,Approved
1009968,107601,Revolving loans,84611.05,277924.25,Approved
1009969,201535,Revolving loans,69244.76,359725.12,Refused
1009970,107367,Consumer loans,65487.85,494345.33,Approved
1009971,108090,Revolving loans,14073.25,115415.68,Approved
1009972,201397,Consumer loans,53768.05,18382.48,Refused
1009973,102710,Consumer loans,92068.12,568390.73,Refused
1009974,104190,Revolving loans,162799.52,127784.57,Approved
1009975,106544,Consumer loans,109231.57,46119.18,Approved
1009976,104046,Revolving loans,311743.25,362334.52,Canceled
1009977,108361,Revolving loans,36006.06,114965.42,Approved
1009978,109148,Cash loans,16649.01,24579.88,Refused
1009979,105667,Cash loans,36653.19,90378.34,Refused
1009980,109107,Consumer loans,109335.02,1389.76,Approved
1009981,104256,Consumer loans,47207.24,12648.66,Canceled
1009982,102427,Revolving loans,9635.77,105657.77,Refused
1009983,107586,Revolving loans,33252.95,24415.37,Approved
1009984,106870,Consumer loans,37152.35,51902.63,Approved
1009985,200244,Consumer loans,123699.85,11555.02,Approved
1009986,106240,Cash loans,50122.38,393863.04,Refused
1009987,109636,Consumer loans,129821.79,342781.69,Approved
1009988,103264,Consumer loans,146244.63,236818.54,Approved
1009989,100974,Revolving loans,37425.6,83499.42,Approved
1009990,101937,Consumer loans,20250.31,216068.67,Approved
1009991,200056,Consumer loans,23916.97,50149.82,Canceled
1009992,107653,Consumer loans,129134.81,94240.35,Approved
1009993,103908,Revolving loans,117969.01,141295.19,Refused
1009994,108839,Revolving loans,27851.2,8938.98,Refused
1009995,106302,Revolving loans,4963.87,76559.56,Approved
1009996,108552,Revolving loans,84618.92,147511.73,Approved
1009997,104541,Revolving loans,56587.7,197021.75,Approved
1009998,106723,Consumer loans,92010.61,25681.14,Approved
1009999,109671,Cash loans,99425.32,76956.42,Canceled
